# Blender v3.0.1 OBJ File: 'Lego minifig.blend'
# www.blender.org
mtllib LegoMinifig.mtl
o Плоскость
v -600.000000 0.000000 600.000000
v 600.000000 0.000000 600.000000
v -600.000000 0.000000 -600.000000
v 600.000000 0.000000 -600.000000
vt 0.000000 0.000000
vt 1.000000 0.000000
vt 1.000000 1.000000
vt 0.000000 1.000000
vn 0.0000 1.0000 0.0000
usemtl None
s off
f 1/1/1 2/2/1 4/3/1 3/4/1
o part.002_3816uv3.003
v -5.665756 10.452000 -1.700000
v -5.665756 13.300000 -1.699999
v -2.865756 13.300000 -1.699999
v -3.865756 9.600000 -1.700000
v -4.783756 9.783000 -1.700000
v -5.568756 10.301001 -1.700000
v -3.865756 14.486000 -1.699999
v -6.077756 11.074000 -1.700000
v -3.384756 14.357000 -1.699999
v -6.265756 12.131001 -1.699999
v -4.346756 14.357000 -1.699999
v -3.865756 6.400000 -2.000000
v -4.783756 6.217000 -2.000000
v -5.562756 5.697001 -2.000000
v -6.082756 4.918000 -2.000000
v -6.265756 4.000000 -2.000001
v -6.082756 3.082000 -2.000001
v -5.562756 2.302999 -2.000001
v -4.783756 1.783000 -2.000001
v -3.865756 1.599999 -2.000001
v -2.947756 1.783000 -2.000001
v -2.168756 2.302999 -2.000001
v -1.648756 3.082000 -2.000001
v -1.465756 4.000000 -2.000001
v -1.648756 4.918000 -2.000000
v -2.168756 5.697001 -2.000000
v -2.947756 6.217000 -2.000000
v -3.865756 6.400000 -3.600000
v -4.783756 6.217000 -3.600000
v -5.562756 5.697001 -3.600000
v -6.082756 4.918000 -3.600000
v -6.265756 4.000000 -3.600001
v -6.082756 3.082001 -3.600001
v -5.562756 2.303000 -3.600001
v -4.783756 1.783001 -3.600001
v -3.865756 1.600000 -3.600001
v -2.947756 1.783001 -3.600001
v -2.168756 2.303000 -3.600001
v -1.648756 3.082001 -3.600001
v -1.465756 4.000000 -3.600001
v -1.648756 4.918000 -3.600000
v -2.168756 5.697001 -3.600000
v -2.947756 6.217000 -3.600000
v -5.562756 10.302999 1.881000
v -4.783756 9.782999 1.541000
v -3.865756 9.599999 1.311000
v -2.947756 9.782999 1.541000
v -3.865756 14.486000 -1.392999
v -4.499756 14.316000 -1.796999
v -5.567756 13.743000 -2.544999
v -6.065756 12.998000 -3.116999
v -6.265756 12.131001 -3.475999
v -6.077756 11.074000 -3.599999
v -5.568756 10.301001 -3.600000
v -4.783756 9.783000 -3.600000
v -3.865756 9.600000 -3.600000
v -2.947756 9.783000 -3.600000
v -2.165756 10.301001 -3.600000
v -1.646756 11.080000 -3.599999
v -1.465756 12.131001 -3.475999
v -1.657756 12.998000 -3.116999
v -2.163756 13.743000 -2.544999
v -3.231756 14.316000 -1.796999
v -0.705756 11.200001 -3.599999
v -0.705756 8.237000 2.000000
v -0.705756 8.655999 2.543000
v -0.705756 9.400999 3.115000
v -0.705756 10.268000 3.474000
v -0.705756 11.199999 3.597000
v -0.705756 12.131000 3.474001
v -0.705756 12.997999 3.115001
v -0.705756 13.742999 2.543001
v -0.705756 14.315000 1.798001
v -0.705756 14.674999 0.930001
v -0.705756 14.799999 0.000001
v -0.705756 14.675000 -0.931999
v -0.705756 14.315001 -1.797999
v -0.705756 13.743000 -2.544999
v -0.705756 12.998000 -3.116999
v -0.705756 12.131001 -3.475999
v -7.184756 11.200001 -3.599000
v -7.271756 8.655999 2.543000
v -7.246756 9.400999 3.115000
v -7.184756 11.199999 3.597000
v -7.152756 12.131000 3.474001
v -7.098756 13.742999 2.543001
v -7.065756 14.674999 0.930001
v -7.065756 14.675000 -0.931999
v -7.073756 14.315001 -1.797999
v -7.098756 13.743000 -2.544999
v -7.123756 12.998000 -3.116999
v -7.152756 12.131001 -3.475999
v -0.705756 7.934999 2.000000
v -0.705756 7.420000 0.806000
v -0.705756 7.301000 -0.000000
v -0.705756 7.427000 -0.932000
v -0.705756 7.740000 -1.850000
v -0.705756 8.224000 -2.545000
v -0.705756 8.808001 -3.117000
v -0.705756 9.264000 -3.481000
v -0.705756 9.482000 -3.600000
v -0.365756 9.482000 -3.600000
v -0.365756 9.264000 -3.481000
v -0.365756 8.808001 -3.117000
v -0.365756 8.224000 -2.545000
v -0.365756 7.740000 -1.850000
v -0.365756 7.427000 -0.932000
v -0.365756 7.301000 -0.000000
v -0.365756 7.420000 0.806000
v -0.365756 7.934999 2.000000
v -0.365756 0.020000 -3.600001
v -7.565756 0.020000 -3.600001
v -7.565756 0.019999 4.359999
v -1.465756 0.020000 2.799999
v -0.365756 3.200000 1.999999
v -7.457756 3.200000 1.999999
v -0.365756 3.199999 4.359999
v -0.365756 0.019999 4.359999
v -1.465756 0.020000 -2.000001
v -2.865756 10.741000 -1.109000
v -2.865756 10.351000 -0.849000
v -2.865756 10.091000 -0.459000
v -2.865756 10.000000 0.000000
v -2.865756 10.091000 0.459000
v -2.865756 10.351000 0.849000
v -2.865756 10.740999 1.109000
v -2.865756 11.200000 1.200001
v -2.865756 11.658999 1.109001
v -2.865756 12.049000 0.849001
v -2.865756 12.309000 0.459001
v -2.865756 12.400000 0.000001
v -2.865756 12.309000 -0.458999
v -2.865756 12.049000 -0.848999
v -2.865756 11.659000 -1.108999
v -2.865756 11.200000 -1.200000
v -7.285756 8.237000 2.000000
v -7.216756 10.268000 3.474000
v -7.123756 12.997999 3.115001
v -7.078756 14.315000 1.798001
v -7.062756 14.799999 0.000001
v -7.457756 3.199999 4.359999
v -6.265756 0.020000 -2.000001
v -6.265756 0.020000 2.799999
v -6.265756 2.000000 1.199999
v -6.265756 2.000000 2.799999
v -1.465756 2.000000 1.199999
v -1.465756 2.000000 2.799999
v -1.465756 9.000000 -2.000000
v -1.465756 9.000000 1.200000
v -6.265756 9.000000 -2.000000
v -6.265756 9.000000 1.200000
v -5.665756 12.757999 1.393001
v -5.665756 10.452000 1.921000
v -5.665756 12.000000 1.936001
v -2.163756 13.743000 -1.699999
v -1.646756 11.080000 -1.700000
v -1.465756 12.096000 -1.699999
v -1.656756 12.955000 -1.699999
v -2.947756 9.783000 -1.700000
v -6.065756 12.998000 -1.699999
v -0.705756 11.200000 -1.200000
v -0.705756 11.659000 -1.108999
v -0.705756 12.049000 -0.848999
v -0.705756 12.309000 -0.458999
v -0.705756 12.400000 0.000001
v -0.705756 12.309000 0.459001
v -0.705756 12.049000 0.849001
v -0.705756 11.658999 1.109001
v -0.705756 11.200000 1.200001
v -0.705756 10.740999 1.109000
v -0.705756 10.351000 0.849000
v -0.705756 10.091000 0.459000
v -0.705756 10.000000 0.000000
v -0.705756 10.091000 -0.459000
v -0.705756 10.351000 -0.849000
v -0.705756 10.741000 -1.109000
v -1.885756 13.300000 -1.699999
v -2.165756 10.301001 -1.700000
v -2.865756 9.838000 -1.700000
v -5.567756 13.743000 -1.699999
v -4.499756 14.316000 -1.699999
v -3.231756 14.316000 -1.699999
v -5.665756 13.299999 0.699001
v -2.865756 13.299999 0.699001
v -5.665756 11.082000 2.074000
v -2.865756 9.834999 1.574000
v -2.865756 10.302999 1.881000
v -2.865756 11.082000 2.074000
v -2.865756 12.000000 1.936001
v -2.865756 12.757999 1.393001
v -5.665756 10.452000 -1.700000
v -5.665756 10.452000 -1.700000
v -5.665756 13.300000 -1.699999
v -5.665756 13.300000 -1.699999
v -3.865756 14.486000 -1.699999
v -3.384756 14.357000 -1.699999
v -3.384756 14.357000 -1.699999
v -3.384756 14.357000 -1.699999
v -4.346756 14.357000 -1.699999
v -4.346756 14.357000 -1.699999
v -4.346756 14.357000 -1.699999
v -3.865756 14.486000 -1.392999
v -6.065756 12.998000 -1.699999
v -5.567756 13.743000 -1.699999
v -2.865756 13.300000 -1.699999
v -2.865756 13.300000 -1.699999
v -2.865756 9.838000 -1.700000
v -2.865756 9.838000 -1.700000
v -3.865756 6.400000 -2.000000
v -4.783756 6.217000 -2.000000
v -5.562756 5.697001 -2.000000
v -6.082756 4.918000 -2.000000
v -6.265756 4.000000 -2.000001
v -6.265756 4.000000 -2.000001
v -6.265756 4.000000 -2.000001
v -6.082756 3.082000 -2.000001
v -5.562756 2.302999 -2.000001
v -4.783756 1.783000 -2.000001
v -3.865756 1.599999 -2.000001
v -2.947756 1.783000 -2.000001
v -2.168756 2.302999 -2.000001
v -1.648756 3.082000 -2.000001
v -1.465756 4.000000 -2.000001
v -1.465756 4.000000 -2.000001
v -1.465756 4.000000 -2.000001
v -1.648756 4.918000 -2.000000
v -2.168756 5.697001 -2.000000
v -2.947756 6.217000 -2.000000
v -3.865756 6.400000 -3.600000
v -4.783756 6.217000 -3.600000
v -5.562756 5.697001 -3.600000
v -6.082756 4.918000 -3.600000
v -6.265756 4.000000 -3.600001
v -6.082756 3.082001 -3.600001
v -5.562756 2.303000 -3.600001
v -4.783756 1.783001 -3.600001
v -3.865756 1.600000 -3.600001
v -2.947756 1.783001 -3.600001
v -2.168756 2.303000 -3.600001
v -1.648756 3.082001 -3.600001
v -1.465756 4.000000 -3.600001
v -1.648756 4.918000 -3.600000
v -2.168756 5.697001 -3.600000
v -2.947756 6.217000 -3.600000
v -5.562756 10.302999 1.881000
v -4.783756 9.782999 1.541000
v -3.865756 9.599999 1.311000
v -2.947756 9.782999 1.541000
v -4.499756 14.316000 -1.796999
v -5.567756 13.743000 -2.544999
v -6.065756 12.998000 -3.116999
v -6.265756 12.131001 -3.475999
v -6.077756 11.074000 -3.599999
v -5.568756 10.301001 -3.600000
v -4.783756 9.783000 -3.600000
v -3.865756 9.600000 -3.600000
v -2.947756 9.783000 -3.600000
v -2.165756 10.301001 -3.600000
v -1.646756 11.080000 -3.599999
v -1.465756 12.131001 -3.475999
v -1.657756 12.998000 -3.116999
v -2.163756 13.743000 -2.544999
v -3.231756 14.316000 -1.796999
v -7.062756 14.799999 0.000001
v -7.065756 14.675000 -0.931999
v -7.078756 14.315000 1.798001
v -7.065756 14.674999 0.930001
v -7.123756 12.997999 3.115001
v -7.098756 13.742999 2.543001
v -7.216756 10.268000 3.474000
v -7.184756 11.199999 3.597000
v -7.285756 8.237000 2.000000
v -7.285756 8.237000 2.000000
v -7.271756 8.655999 2.543000
v -0.705756 8.237000 2.000000
v -0.705756 8.237000 2.000000
v -0.705756 8.655999 2.543000
v -0.705756 9.400999 3.115000
v -7.246756 9.400999 3.115000
v -0.705756 10.268000 3.474000
v -0.705756 11.199999 3.597000
v -0.705756 12.131000 3.474001
v -7.152756 12.131000 3.474001
v -0.705756 12.997999 3.115001
v -0.705756 13.742999 2.543001
v -0.705756 14.315000 1.798001
v -0.705756 14.674999 0.930001
v -0.705756 14.799999 0.000001
v -0.705756 14.675000 -0.931999
v -0.705756 14.315001 -1.797999
v -7.073756 14.315001 -1.797999
v -0.705756 13.743000 -2.544999
v -7.098756 13.743000 -2.544999
v -0.705756 12.998000 -3.116999
v -7.123756 12.998000 -3.116999
v -0.705756 12.131001 -3.475999
v -7.152756 12.131001 -3.475999
v -0.705756 11.200001 -3.599999
v -7.184756 11.200001 -3.599000
v -0.705756 7.934999 2.000000
v -0.705756 7.934999 2.000000
v -0.705756 7.420000 0.806000
v -0.705756 7.301000 -0.000000
v -0.705756 7.427000 -0.932000
v -0.705756 7.740000 -1.850000
v -0.705756 8.224000 -2.545000
v -7.565756 0.020000 -3.600001
v -7.565756 0.020000 -3.600001
v -0.705756 8.808001 -3.117000
v -0.705756 9.264000 -3.481000
v -0.705756 9.482000 -3.600000
v -0.705756 9.482000 -3.600000
v -0.365756 9.482000 -3.600000
v -0.365756 9.482000 -3.600000
v -0.365756 9.264000 -3.481000
v -0.365756 8.808001 -3.117000
v -0.365756 8.224000 -2.545000
v -0.365756 7.740000 -1.850000
v -0.365756 7.427000 -0.932000
v -0.365756 7.301000 -0.000000
v -0.365756 7.420000 0.806000
v -0.365756 7.934999 2.000000
v -0.365756 7.934999 2.000000
v -1.465756 0.020000 2.799999
v -1.465756 0.020000 2.799999
v -1.465756 0.020000 -2.000001
v -1.465756 0.020000 -2.000001
v -0.365756 3.200000 1.999999
v -0.365756 3.200000 1.999999
v -0.365756 3.199999 4.359999
v -0.365756 3.199999 4.359999
v -0.365756 0.019999 4.359999
v -0.365756 0.019999 4.359999
v -0.365756 0.020000 -3.600001
v -0.365756 0.020000 -3.600001
v -2.865756 11.200000 -1.200000
v -2.865756 10.741000 -1.109000
v -2.865756 10.351000 -0.849000
v -2.865756 10.091000 -0.459000
v -2.865756 10.000000 0.000000
v -2.865756 10.091000 0.459000
v -2.865756 10.351000 0.849000
v -2.865756 10.740999 1.109000
v -2.865756 11.200000 1.200001
v -2.865756 11.658999 1.109001
v -2.865756 12.049000 0.849001
v -2.865756 12.309000 0.459001
v -2.865756 12.400000 0.000001
v -2.865756 12.309000 -0.458999
v -2.865756 12.049000 -0.848999
v -2.865756 11.659000 -1.108999
v -6.265756 0.020000 -2.000001
v -6.265756 0.020000 -2.000001
v -7.457756 3.199999 4.359999
v -7.457756 3.199999 4.359999
v -7.457756 3.200000 1.999999
v -7.457756 3.200000 1.999999
v -6.265756 2.000000 1.199999
v -6.265756 2.000000 1.199999
v -6.265756 2.000000 2.799999
v -6.265756 2.000000 2.799999
v -1.465756 2.000000 2.799999
v -1.465756 2.000000 2.799999
v -1.465756 2.000000 1.199999
v -1.465756 2.000000 1.199999
v -1.465756 9.000000 1.200000
v -1.465756 9.000000 1.200000
v -6.265756 9.000000 1.200000
v -6.265756 9.000000 1.200000
v -1.465756 9.000000 -2.000000
v -1.465756 9.000000 -2.000000
v -6.265756 9.000000 -2.000000
v -6.265756 9.000000 -2.000000
v -6.265756 0.020000 2.799999
v -6.265756 0.020000 2.799999
v -7.565756 0.019999 4.359999
v -7.565756 0.019999 4.359999
v -5.665756 10.452000 1.921000
v -5.665756 10.452000 1.921000
v -5.665756 11.082000 2.074000
v -5.665756 12.000000 1.936001
v -5.665756 12.757999 1.393001
v -2.865756 9.834999 1.574000
v -2.865756 9.834999 1.574000
v -2.163756 13.743000 -1.699999
v -1.885756 13.300000 -1.699999
v -1.656756 12.955000 -1.699999
v -1.646756 11.080000 -1.700000
v -2.165756 10.301001 -1.700000
v -1.465756 12.096000 -1.699999
v -3.231756 14.316000 -1.699999
v -6.265756 12.131001 -1.699999
v -6.077756 11.074000 -1.700000
v -4.499756 14.316000 -1.699999
v -0.705756 11.659000 -1.108999
v -0.705756 11.200000 -1.200000
v -0.705756 12.049000 -0.848999
v -0.705756 12.309000 -0.458999
v -0.705756 12.400000 0.000001
v -0.705756 12.309000 0.459001
v -0.705756 12.049000 0.849001
v -0.705756 11.658999 1.109001
v -0.705756 11.200000 1.200001
v -0.705756 10.740999 1.109000
v -0.705756 10.351000 0.849000
v -0.705756 10.091000 0.459000
v -0.705756 10.000000 0.000000
v -0.705756 10.091000 -0.459000
v -0.705756 10.351000 -0.849000
v -0.705756 10.741000 -1.109000
v -5.665756 13.299999 0.699001
v -5.665756 13.299999 0.699001
v -2.865756 13.299999 0.699001
v -2.865756 13.299999 0.699001
v -2.865756 12.757999 1.393001
v -2.865756 12.000000 1.936001
v -2.865756 11.082000 2.074000
v -2.865756 10.302999 1.881000
vt 0.564315 0.527491
vt 0.566679 0.532612
vt 0.565103 0.523158
vt 0.565103 0.523158
vt 0.565103 0.523158
vt 0.566679 0.520401
vt 0.564315 0.527491
vt 0.564315 0.527491
vt 0.565103 0.531233
vt 0.565103 0.531233
vt 0.567270 0.519810
vt 0.567270 0.519810
vt 0.566679 0.520401
vt 0.570421 0.517643
vt 0.570421 0.517643
vt 0.609221 0.537536
vt 0.611191 0.536945
vt 0.609221 0.537536
vt 0.578299 0.502478
vt 0.581647 0.500311
vt 0.581647 0.500311
vt 0.578299 0.502478
vt 0.574360 0.503265
vt 0.574360 0.503265
vt 0.570421 0.502478
vt 0.570421 0.502478
vt 0.567270 0.500311
vt 0.567270 0.500311
vt 0.564906 0.496963
vt 0.564906 0.496963
vt 0.564315 0.493024
vt 0.564315 0.493024
vt 0.564906 0.489085
vt 0.564906 0.489085
vt 0.567270 0.485933
vt 0.567270 0.485933
vt 0.570421 0.483570
vt 0.570421 0.483570
vt 0.574360 0.482782
vt 0.574360 0.482782
vt 0.578299 0.483570
vt 0.578299 0.483570
vt 0.581647 0.485933
vt 0.581647 0.485933
vt 0.583814 0.489085
vt 0.583814 0.489085
vt 0.584602 0.493024
vt 0.584602 0.493024
vt 0.583814 0.496963
vt 0.583814 0.496963
vt 0.663975 0.476085
vt 0.663975 0.489675
vt 0.653931 0.489675
vt 0.630099 0.476085
vt 0.842993 0.352715
vt 0.789432 0.354779
vt 0.787913 0.317635
vt 0.846032 0.317635
vt 0.789432 0.357874
vt 0.789432 0.354779
vt 0.842993 0.354779
vt 0.842993 0.357874
vt 0.789812 0.369911
vt 0.789432 0.363377
vt 0.842993 0.363377
vt 0.842993 0.369911
vt 0.790192 0.383668
vt 0.790192 0.376790
vt 0.842993 0.376790
vt 0.842993 0.383668
vt 0.855551 0.871639
vt 0.855073 0.870445
vt 0.855073 0.870445
vt 0.855551 0.871639
vt 0.857462 0.873790
vt 0.857462 0.873790
vt 0.860329 0.876895
vt 0.860329 0.876895
vt 0.863913 0.879284
vt 0.863913 0.879284
vt 0.868691 0.880957
vt 0.868691 0.880957
vt 0.873469 0.881674
vt 0.873469 0.881674
vt 0.877531 0.880957
vt 0.877531 0.880957
vt 0.883742 0.878329
vt 0.883742 0.878329
vt 0.564315 0.514295
vt 0.564315 0.514295
vt 0.584602 0.514295
vt 0.584602 0.514295
vt 0.895927 0.902697
vt 0.895927 0.919182
vt 0.855073 0.919182
vt 0.883742 0.902697
vt 0.790572 0.390203
vt 0.842993 0.390203
vt 0.846032 0.352715
vt 0.842993 0.354779
vt 0.584602 0.484555
vt 0.564315 0.484555
vt 0.564315 0.484555
vt 0.584602 0.484555
vt 0.564315 0.484555
vt 0.584602 0.484555
vt 0.584602 0.476085
vt 0.564315 0.476085
vt 0.589329 0.476085
vt 0.558604 0.476085
vt 0.564315 0.476085
vt 0.584602 0.476085
vt 0.846032 0.317635
vt 0.787913 0.317635
vt 0.787153 0.293904
vt 0.846032 0.293904
vt 0.564315 0.484555
vt 0.564315 0.514295
vt 0.584602 0.514295
vt 0.584602 0.484555
vt 0.564315 0.484555
vt 0.564315 0.484555
vt 0.564315 0.476085
vt 0.564315 0.476085
vt 0.622811 0.538324
vt 0.622614 0.538915
vt 0.595828 0.538915
vt 0.595828 0.538324
vt 0.790952 0.399832
vt 0.790952 0.395705
vt 0.842993 0.395705
vt 0.842993 0.399832
vt 0.787913 0.317635
vt 0.846032 0.317635
vt 0.846032 0.317635
vt 0.787913 0.317635
vt 0.595828 0.527491
vt 0.595828 0.523552
vt 0.599767 0.523158
vt 0.598980 0.527491
vt 0.609221 0.537536
vt 0.790952 0.403616
vt 0.790952 0.402584
vt 0.842993 0.402584
vt 0.842993 0.403616
vt 0.584602 0.484555
vt 0.584602 0.484555
vt 0.584602 0.476085
vt 0.584602 0.476085
vt 0.566679 0.520401
vt 0.567270 0.519810
vt 0.570421 0.517643
vt 0.574360 0.516855
vt 0.574360 0.516855
vt 0.578299 0.517643
vt 0.578693 0.517840
vt 0.578693 0.517840
vt 0.578299 0.517643
vt 0.578299 0.517643
vt 0.578693 0.519810
vt 0.578693 0.517840
vt 0.583814 0.531233
vt 0.583814 0.531036
vt 0.582829 0.532612
vt 0.581647 0.534385
vt 0.581647 0.519810
vt 0.581647 0.519810
vt 0.583814 0.523158
vt 0.583814 0.523158
vt 0.584602 0.527491
vt 0.584602 0.527491
vt 0.581647 0.534385
vt 0.578299 0.517643
vt 0.574360 0.516855
vt 0.581647 0.534385
vt 0.582829 0.532612
vt 0.578693 0.532612
vt 0.584602 0.476085
vt 0.564315 0.476085
vt 0.558604 0.476085
vt 0.589329 0.476085
vt 0.584602 0.493024
vt 0.584602 0.514295
vt 0.584602 0.514295
vt 0.564315 0.493024
vt 0.564315 0.514295
vt 0.564315 0.514295
vt 0.583814 0.496963
vt 0.584602 0.493024
vt 0.584602 0.514295
vt 0.564315 0.514295
vt 0.564315 0.493024
vt 0.564906 0.496963
vt 0.581647 0.500311
vt 0.567270 0.500311
vt 0.578299 0.502478
vt 0.570421 0.502478
vt 0.574360 0.503265
vt 0.584602 0.493024
vt 0.583814 0.489085
vt 0.584602 0.476085
vt 0.581647 0.485933
vt 0.578299 0.483570
vt 0.564315 0.476085
vt 0.574360 0.482782
vt 0.570421 0.483570
vt 0.567270 0.485933
vt 0.564906 0.489085
vt 0.564315 0.493024
vt 0.645461 0.538915
vt 0.641522 0.538324
vt 0.649401 0.538324
vt 0.653143 0.536748
vt 0.637780 0.536748
vt 0.634629 0.534385
vt 0.656294 0.534385
vt 0.658658 0.531233
vt 0.632265 0.531233
vt 0.630690 0.527491
vt 0.660233 0.527491
vt 0.630099 0.523552
vt 0.660627 0.523552
vt 0.660233 0.519613
vt 0.653931 0.510947
vt 0.656294 0.512719
vt 0.658658 0.515871
vt 0.619266 0.527491
vt 0.618478 0.522961
vt 0.623205 0.523552
vt 0.623008 0.527491
vt 0.595828 0.516265
vt 0.594253 0.476085
vt 0.598980 0.493024
vt 0.599767 0.489085
vt 0.601934 0.485736
vt 0.605282 0.483570
vt 0.609221 0.482782
vt 0.624781 0.476085
vt 0.612964 0.483570
vt 0.616312 0.485736
vt 0.618478 0.489085
vt 0.619266 0.493024
vt 0.599767 0.496963
vt 0.618478 0.496963
vt 0.601934 0.500311
vt 0.616312 0.500311
vt 0.601934 0.519810
vt 0.612964 0.517643
vt 0.609221 0.516855
vt 0.609221 0.503265
vt 0.612964 0.502478
vt 0.605282 0.517643
vt 0.605282 0.502478
vt 0.616312 0.519810
vt 0.594253 0.516265
vt 0.857462 0.873790
vt 0.860329 0.876895
vt 0.855551 0.871639
vt 0.855073 0.870445
vt 0.883742 0.878329
vt 0.877531 0.880957
vt 0.873469 0.881674
vt 0.868691 0.880957
vt 0.863913 0.879284
vt 0.587753 0.521582
vt 0.578693 0.521582
vt 0.578693 0.523552
vt 0.587753 0.523552
vt 0.587753 0.525522
vt 0.578693 0.525522
vt 0.578693 0.527294
vt 0.587753 0.527294
vt 0.587753 0.528279
vt 0.578693 0.528279
vt 0.578693 0.528673
vt 0.587753 0.528673
vt 0.587753 0.523552
vt 0.578693 0.523552
vt 0.578693 0.521582
vt 0.587753 0.521582
vt 0.587753 0.528279
vt 0.578693 0.528279
vt 0.578693 0.527294
vt 0.587753 0.527294
vt 0.587753 0.520007
vt 0.578693 0.520007
vt 0.578693 0.518825
vt 0.587753 0.518825
vt 0.587753 0.525522
vt 0.578693 0.525522
vt 0.587753 0.518628
vt 0.578693 0.518628
vt 0.578693 0.518825
vt 0.587753 0.518825
vt 0.587753 0.520007
vt 0.578693 0.520007
vt 0.567270 0.534385
vt 0.567270 0.534385
vt 0.623008 0.531233
vt 0.618478 0.531233
vt 0.599767 0.531233
vt 0.595828 0.531233
vt 0.565103 0.531233
vt 0.567270 0.534385
vt 0.581647 0.519810
vt 0.578693 0.517840
vt 0.583814 0.523158
vt 0.584602 0.527491
vt 0.583814 0.531036
vt 0.571800 0.536945
vt 0.572390 0.536945
vt 0.571800 0.536945
vt 0.576527 0.536945
vt 0.572390 0.536945
vt 0.607055 0.536945
vt 0.574360 0.537536
vt 0.577117 0.536945
vt 0.577117 0.536945
vt 0.576527 0.536945
vt 0.622811 0.534385
vt 0.616312 0.534385
vt 0.601934 0.534385
vt 0.595828 0.534385
vt 0.577117 0.536945
vt 0.571800 0.536945
vt 0.622811 0.536748
vt 0.611782 0.536748
vt 0.606464 0.536748
vt 0.595828 0.536748
vt 0.607055 0.536945
vt 0.611191 0.536945
vt 0.578693 0.532612
vt 0.578693 0.530249
vt 0.566679 0.530249
vt 0.566679 0.532612
vt 0.566679 0.532612
vt 0.578693 0.532612
vt 0.578693 0.532612
vt 0.566679 0.532612
vt 0.578693 0.527097
vt 0.566679 0.527097
vt 0.578693 0.523158
vt 0.566679 0.523158
vt 0.574360 0.516855
vt 0.570421 0.517643
vt 0.567270 0.519810
vt 0.566679 0.520401
vt 0.578693 0.521582
vt 0.578693 0.519810
vt 0.578693 0.523158
vt 0.578693 0.523552
vt 0.578693 0.518628
vt 0.578693 0.517840
vt 0.578693 0.517840
vt 0.578693 0.518825
vt 0.578693 0.520007
vt 0.578693 0.521582
vt 0.578693 0.523552
vt 0.578693 0.530249
vt 0.578693 0.532612
vt 0.578693 0.528673
vt 0.578693 0.528279
vt 0.578693 0.518825
vt 0.578693 0.520007
vt 0.578693 0.532612
vt 0.578693 0.527097
vt 0.578693 0.525522
vt 0.578693 0.527294
vt 0.578693 0.525522
vt 0.566679 0.520401
vt 0.566679 0.530249
vt 0.566679 0.523158
vt 0.566679 0.520401
vt 0.578693 0.527294
vt 0.578693 0.528279
vt 0.566679 0.532612
vt 0.566679 0.532612
vt 0.566679 0.527097
vt 0.860329 0.876895
vt 0.869169 0.865906
vt 0.871080 0.867339
vt 0.863913 0.879284
vt 0.873469 0.867817
vt 0.877531 0.880957
vt 0.873469 0.881674
vt 0.883742 0.876895
vt 0.883742 0.878329
vt 0.868691 0.880957
vt 0.871080 0.855871
vt 0.869169 0.857305
vt 0.864152 0.845598
vt 0.868691 0.843687
vt 0.877770 0.865906
vt 0.879203 0.863994
vt 0.889476 0.870923
vt 0.886609 0.874745
vt 0.867736 0.863994
vt 0.857462 0.873790
vt 0.855551 0.871639
vt 0.873469 0.855394
vt 0.873469 0.842970
vt 0.886609 0.848465
vt 0.877770 0.857305
vt 0.875858 0.855871
vt 0.882787 0.845598
vt 0.891387 0.866383
vt 0.855073 0.861605
vt 0.855551 0.856827
vt 0.867736 0.859216
vt 0.867258 0.861605
vt 0.878247 0.843687
vt 0.860329 0.848465
vt 0.857462 0.852288
vt 0.892104 0.861605
vt 0.879681 0.861605
vt 0.889476 0.852288
vt 0.891387 0.856827
vt 0.879203 0.859216
vt 0.875858 0.867339
vt 0.855073 0.870445
vn 0.0000 0.0000 -1.0000
vn 0.9262 0.3770 -0.0003
vn 0.9285 0.3714 0.0000
vn 0.8342 0.5515 -0.0006
vn 0.9999 0.0100 0.0000
vn 0.9997 -0.0253 0.0000
vn 0.9397 -0.3420 0.0000
vn 0.9179 -0.3967 0.0000
vn 0.7072 0.7070 -0.0006
vn 0.7081 0.7061 -0.0004
vn 0.3802 0.9249 0.0000
vn 0.3808 0.9246 -0.0002
vn 0.0000 1.0000 0.0000
vn -0.2590 0.9658 0.0000
vn -0.3826 -0.9239 0.0000
vn -0.7071 -0.7071 0.0000
vn 0.0000 -1.0000 0.0000
vn 0.3826 -0.9239 0.0000
vn 0.7071 -0.7071 0.0000
vn 0.9239 -0.3826 0.0000
vn 1.0000 0.0000 0.0000
vn 0.9239 0.3826 0.0000
vn 0.7071 0.7071 0.0000
vn 0.3826 0.9239 0.0000
vn -0.3826 0.9239 0.0000
vn -0.7071 0.7071 0.0000
vn -0.9239 0.3826 0.0000
vn -1.0000 0.0000 0.0000
vn -0.9239 -0.3826 0.0000
vn -0.9994 0.0339 0.0000
vn -0.9994 0.0340 0.0000
vn 0.0000 0.0000 1.0000
vn 0.0000 -0.7076 0.7066
vn 0.0000 -0.7917 0.6109
vn 0.0000 -0.7062 0.7079
vn 0.0000 -0.2616 0.9652
vn 0.0000 -0.5022 0.8647
vn 0.0000 -0.5000 0.8660
vn 0.0000 -0.2589 0.9659
vn 0.0000 0.2564 0.9666
vn 0.0000 -0.0028 1.0000
vn 0.0000 0.0001 1.0000
vn 0.0000 0.2590 0.9659
vn 0.0000 0.5536 0.8328
vn 0.0000 0.4791 0.8777
vn 0.0000 0.6626 0.7489
vn 0.0000 0.7635 0.6458
vn 0.0000 0.8922 0.4515
vn 0.0000 0.9733 0.2294
vn 0.0000 1.0000 -0.0061
vn 0.0000 0.9619 -0.2734
vn 0.0000 0.9182 -0.3960
vn 0.0000 0.4980 0.8672
vn 0.0000 0.5000 0.8660
vn -0.0002 0.9653 -0.2611
vn 0.0000 1.0000 0.0001
vn 0.0002 0.9654 -0.2607
vn 0.0000 0.8651 0.5016
vn 0.0000 0.7057 0.7085
vn 0.0000 0.7071 0.7071
vn 0.0000 0.8658 0.5003
vn -0.0044 0.2560 -0.9666
vn -0.0048 0.0676 -0.9977
vn -0.0031 0.0448 -0.9990
vn -0.0044 0.2572 -0.9663
vn 0.0000 0.9243 -0.3816
vn 0.0000 0.9653 0.2610
vn 0.0000 0.9655 0.2603
vn 0.8320 0.5548 -0.0008
vn 0.7324 0.6808 -0.0008
vn 0.4141 0.9102 -0.0004
vn -0.4091 0.9125 0.0002
vn -0.5465 0.8375 0.0004
vn -0.5504 0.8349 0.0000
vn -0.3796 0.9251 0.0000
vn -0.0032 0.5764 -0.8171
vn -0.0005 0.3995 -0.9167
vn -0.0113 0.5484 -0.8361
vn -0.9409 -0.3385 -0.0090
vn -0.9216 -0.3880 -0.0106
vn -0.8375 -0.5462 -0.0109
vn -0.7392 -0.6734 -0.0083
vn -0.7062 0.7079 -0.0001
vn -0.7059 0.7083 0.0000
vn -0.9285 0.3713 0.0008
vn -0.9254 0.3788 0.0008
vn -0.9999 0.0097 -0.0011
vn -0.9998 -0.0196 -0.0016
vn -0.6826 -0.7307 0.0000
vn -0.3813 0.9244 -0.0001
vn -0.9997 0.0240 0.0000
vn -0.9996 0.0289 -0.0009
vn -0.9993 0.0379 -0.0006
vn -0.9994 0.0348 -0.0001
vn -0.9994 0.0334 0.0000
vn -0.9994 0.0342 0.0000
vn -0.9994 0.0342 -0.0001
vn -0.9994 0.0345 -0.0008
vn -0.9994 0.0341 -0.0001
vn -0.9993 0.0358 -0.0029
vn 0.0036 0.2568 -0.9664
vn 0.0020 0.0444 -0.9990
vn 0.0036 0.0651 -0.9979
vn 0.0038 0.2528 -0.9675
vn -0.0002 0.0001 -1.0000
vn -0.0004 0.0001 -1.0000
vn -0.0002 0.0000 -1.0000
vn -0.0004 -0.0001 -1.0000
vn 0.0000 0.3819 -0.9242
vn 0.0000 -0.3819 -0.9242
vn 0.0000 -0.7071 -0.7071
vn 0.0000 -0.9242 -0.3819
vn 0.0000 0.3819 0.9242
vn 0.0000 -0.9242 0.3819
vn 0.0000 -0.7071 0.7071
vn 0.0000 0.9242 0.3819
vn 0.0000 -0.3819 0.9242
vn 0.0000 0.9242 -0.3819
vn 0.0000 0.7071 -0.7071
vn 0.7348 -0.6782 0.0000
vn 0.6720 -0.7405 0.0000
vn 0.0000 0.4980 -0.8672
vn 0.0000 0.5231 -0.8522
vn 0.0000 0.5230 -0.8523
vn 0.0000 0.5000 -0.8660
vn 0.4057 -0.9140 0.0000
vn 0.2588 -0.9659 0.0000
vn 0.3682 -0.9297 0.0000
vn 0.2590 0.9658 0.0000
vn -0.4057 -0.9140 0.0000
vn -0.3682 -0.9297 0.0000
vn -0.2588 -0.9659 0.0000
vn 0.0000 0.7060 -0.7082
vn -0.0000 0.7421 -0.6702
vn 0.0000 0.7424 -0.6699
vn 0.0000 0.7075 -0.7067
vn -0.0002 0.8650 -0.5017
vn -0.0003 0.8997 -0.4364
vn 0.0003 0.8997 -0.4364
vn 0.0002 0.8658 -0.5004
vn 0.0009 0.9227 -0.3854
vn -0.0009 0.9227 -0.3854
vn 0.0000 -0.7881 -0.6155
vn 0.0000 -0.6923 -0.7216
vn 0.0000 -0.3759 -0.9266
vn 0.0000 0.0468 -0.9989
vn -0.0015 0.0466 -0.9989
vn 0.0000 0.7825 -0.6226
vn 0.0000 0.5764 -0.8172
vn -0.0059 0.3159 -0.9488
vn -0.0360 0.2358 -0.9711
usemtl mb:o:4021:154.002
s 1
f 14/5/2 6/6/2 12/7/2
f 57/8/3 397/9/4 195/10/5
f 57/8/3 56/11/6 396/12/7 397/9/4
f 55/13/8 207/14/9 396/12/7 56/11/6
f 195/10/5 10/15/10 58/16/11 57/8/3
f 12/7/2 6/6/2 5/17/2
f 59/18/12 58/16/11 10/15/10 9/19/13
f 11/20/14 15/21/15 52/22/14
f 47/23/16 46/24/17 30/25/17 31/26/16
f 47/23/16 31/26/16 16/27/18 32/28/18
f 33/29/19 32/28/18 16/27/18 17/30/19
f 34/31/20 33/29/19 17/30/19 18/32/20
f 35/33/21 34/31/20 18/32/20 19/34/21
f 36/35/22 35/33/21 19/34/21 20/36/22
f 37/37/23 36/35/22 20/36/22 21/38/23
f 38/39/24 37/37/23 21/38/23 22/40/24
f 39/41/25 38/39/24 22/40/24 23/42/25
f 40/43/14 39/41/25 23/42/25 24/44/14
f 41/45/26 40/43/14 24/44/14 25/46/26
f 42/47/27 41/45/26 25/46/26 26/48/27
f 43/49/28 42/47/27 26/48/27 27/50/28
f 44/51/29 43/49/28 27/50/28 28/52/29
f 45/53/30 44/51/29 28/52/29 29/54/30
f 46/24/17 45/53/30 29/54/30 30/25/17
f 117/55/31 358/56/31 120/57/32 116/58/32
f 97/59/33 276/60/33 360/61/33 332/62/33
f 86/63/34 140/64/35 69/65/35 70/66/36
f 141/67/37 87/68/38 71/69/39 72/70/40
f 89/71/41 88/72/42 73/73/43 74/74/44
f 107/75/45 106/76/46 105/77/46 104/78/45
f 108/79/47 107/75/45 104/78/45 103/80/47
f 109/81/48 108/79/47 103/80/47 102/82/48
f 110/83/49 109/81/48 102/82/48 101/84/49
f 111/85/50 110/83/49 101/84/49 100/86/50
f 112/87/51 111/85/50 100/86/50 99/88/51
f 113/89/52 112/87/51 99/88/51 98/90/52
f 114/91/53 113/89/52 98/90/52 304/92/53
f 155/93/18 154/94/18 152/95/18 153/96/18
f 121/97/22 122/98/22 338/99/22 119/100/22
f 87/68/38 86/63/34 70/66/36 71/69/39
f 88/72/42 141/67/37 72/70/40 73/73/43
f 142/101/54 89/71/41 74/74/44 75/102/55
f 326/103/33 97/59/33 332/62/33
f 97/59/33 279/104/33 276/60/33
f 151/105/18 149/106/18 148/107/18 150/108/18
f 364/109/2 366/110/2 329/111/2 147/112/2
f 336/113/18 380/114/18 378/115/18 328/116/18
f 334/117/33 145/118/33 381/119/33 337/120/33
f 362/121/2 372/122/2 370/123/2 368/124/2
f 363/125/22 365/126/22 379/127/22 356/128/22
f 92/129/56 144/130/57 79/131/57 80/132/58
f 143/133/59 90/134/60 76/135/61 77/136/62
f 359/137/14 335/138/14 333/139/14 361/140/14
f 84/141/63 68/142/64 263/143/65 64/144/66
f 206/145/67 92/129/56 80/132/58
f 144/146/57 91/147/68 78/148/69 79/149/57
f 91/147/68 143/133/59 77/136/62 78/148/69
f 367/150/29 369/151/29 123/152/29 118/153/29
f 90/134/60 142/101/54 75/102/55 76/135/61
f 157/154/70 48/155/71 10/15/10 195/10/5
f 49/156/72 9/19/13 10/15/10 48/155/71
f 8/157/14 9/19/13 49/156/72 50/158/14
f 51/159/73 190/160/74 183/161/75 163/162/76
f 163/162/76 8/157/14 50/158/14 51/159/73
f 252/163/77 191/164/78 388/165/79
f 65/166/80 162/167/81 390/168/82 66/169/83
f 62/170/84 182/171/85 160/172/86 63/173/87
f 264/174/88 63/173/87 160/172/86 161/175/89
f 65/166/80 264/174/88 161/175/89 162/167/81
f 390/168/82 389/176/90 66/169/83
f 183/161/75 182/171/85 62/170/84
f 62/170/84 61/177/91 163/162/76 183/161/75
f 60/178/14 59/18/12 9/19/13 8/157/14
f 61/177/91 60/178/14 8/157/14 163/162/76
f 159/179/2 181/180/2 7/181/2
f 330/182/18 146/183/18 311/184/18 339/185/18
f 123/152/29 369/151/29 227/186/29
f 374/187/29 227/186/29 369/151/29 371/188/29
f 356/128/22 217/189/22 363/125/22
f 376/190/22 373/191/22 363/125/22 217/189/22
f 230/192/33 229/193/33 375/194/33
f 377/195/33 218/196/33 216/197/33
f 231/198/33 230/192/33 375/194/33
f 377/195/33 216/197/33 215/199/33
f 232/200/33 231/198/33 375/194/33
f 377/195/33 215/199/33 214/201/33
f 213/202/33 232/200/33 375/194/33
f 377/195/33 214/201/33 213/202/33
f 377/195/33 213/202/33 375/194/33
f 228/203/33 226/204/33 331/205/33
f 226/204/33 225/206/33 331/205/33
f 225/206/33 224/207/33 331/205/33
f 357/208/33 331/205/33 223/209/33
f 223/209/33 222/210/33 357/208/33
f 222/210/33 221/211/33 357/208/33
f 221/211/33 220/212/33 357/208/33
f 220/212/33 219/213/33 357/208/33
f 223/209/33 331/205/33 224/207/33
f 268/214/92 269/215/93 271/216/93
f 270/217/94 271/216/93 269/215/93 93/218/94
f 93/218/94 94/219/95 273/220/95 270/217/94
f 272/221/96 273/220/95 94/219/95 95/222/96
f 95/222/96 96/223/32 287/224/32 272/221/96
f 287/224/32 96/223/32 85/225/97 275/226/98
f 274/227/99 275/226/98 277/228/100 278/229/99
f 278/229/99 283/230/101 274/227/99
f 85/225/97 277/228/100 275/226/98
f 85/225/97 116/58/32 120/57/32 277/228/100
f 256/231/102 257/232/103 303/233/104 301/234/105
f 146/183/18 378/115/18 380/114/18 311/184/18
f 328/116/18 330/182/18 339/185/18 336/113/18
f 315/235/2 115/236/2 245/237/2
f 245/237/2 115/236/2 244/238/2
f 244/238/2 115/236/2 243/239/2
f 243/239/2 115/236/2 242/240/2
f 242/240/2 115/236/2 241/241/2
f 241/241/2 312/242/2 240/243/2
f 240/243/2 312/242/2 239/244/2
f 239/244/2 312/242/2 238/245/2
f 238/245/2 312/242/2 237/246/106
f 237/246/106 312/242/2 303/233/104
f 315/235/2 245/237/2 246/247/2
f 236/248/107 237/246/106 303/233/104
f 315/235/2 246/247/2 247/249/2
f 235/250/106 236/248/107 303/233/104
f 262/251/2 263/143/65 68/142/64 315/235/2
f 259/252/2 260/253/2 233/254/2 234/255/108
f 233/254/2 260/253/2 261/256/2 248/257/2
f 241/241/2 115/236/2 312/242/2
f 234/255/108 258/258/109 259/252/2
f 315/235/2 247/249/2 248/257/2 261/256/2
f 234/255/108 235/250/106 303/233/104 258/258/109
f 257/232/103 258/258/109 303/233/104
f 262/251/2 315/235/2 261/256/2
f 317/259/2 115/236/2 315/235/2
f 320/260/22 321/261/22 338/99/22
f 320/260/22 338/99/22 319/262/22
f 319/262/22 338/99/22 318/263/22
f 327/264/22 119/100/22 325/265/22
f 325/265/22 119/100/22 324/266/22
f 324/266/22 119/100/22 323/267/22
f 119/100/22 338/99/22 323/267/22
f 338/99/22 321/261/22 322/268/22
f 338/99/22 322/268/22 323/267/22
f 174/269/110 130/270/110 131/271/2 173/272/2
f 172/273/111 132/274/111 133/275/112 171/276/112
f 170/277/113 134/278/113 135/279/18 169/280/18
f 165/281/33 139/282/33 124/283/114 180/284/114
f 168/285/115 136/286/115 137/287/116 167/288/116
f 179/289/61 125/290/61 126/291/117 178/292/117
f 166/293/118 138/294/118 139/282/33 165/281/33
f 177/295/14 127/296/14 128/297/119 176/298/119
f 175/299/120 129/300/120 130/270/110 174/269/110
f 173/272/2 131/271/2 132/274/111 172/273/111
f 171/276/112 133/275/112 134/278/113 170/277/113
f 169/280/18 135/279/18 136/286/115 168/285/115
f 180/284/114 124/283/114 125/290/61 179/289/61
f 167/288/116 137/287/116 138/294/118 166/293/118
f 178/292/117 126/291/117 127/296/14 177/295/14
f 176/298/119 128/297/119 129/300/120 175/299/120
f 207/14/9 55/13/8 54/301/121 184/302/122
f 256/231/102 301/234/105 299/303/123 255/304/124
f 64/144/66 265/305/125 83/306/126 84/141/63
f 164/307/2 6/6/2 14/5/2
f 6/6/2 164/307/2 208/308/2
f 7/181/2 393/309/2 211/310/2
f 7/181/2 392/311/2 393/309/2
f 7/181/2 394/312/2 392/311/2
f 7/181/2 391/313/2 394/312/2
f 7/181/2 181/180/2 391/313/2
f 53/314/127 203/315/128 185/316/129
f 200/317/2 7/181/2 204/318/2
f 11/20/14 52/22/14 13/319/130
f 200/317/2 204/318/2 199/320/2
f 67/321/131 186/322/132 201/323/133
f 255/304/124 299/303/123 297/324/134 254/325/135
f 265/305/125 266/326/136 82/327/137 83/306/126
f 53/314/127 185/316/129 184/302/122 54/301/121
f 67/321/131 66/169/83 389/176/90 186/322/132
f 200/317/2 395/328/2 159/179/2 7/181/2
f 398/329/2 204/318/2 7/181/2
f 398/329/2 7/181/2 6/6/2 208/308/2
f 254/325/135 297/324/134 295/330/138 253/331/139
f 266/326/136 267/332/140 81/333/141 82/327/137
f 202/334/142 80/132/58 81/333/141 267/332/140
f 206/145/67 205/335/143 92/129/56
f 206/145/67 80/132/58 202/334/142
f 205/335/143 253/331/139 295/330/138 92/129/56
f 188/336/144 194/337/145 156/338/145 187/339/144
f 197/340/18 209/341/18 417/342/18 415/343/18
f 193/344/146 158/345/146 156/338/145 194/337/145
f 192/346/147 189/347/148 158/345/146 193/344/146
f 251/348/149 250/349/150 252/163/77
f 249/350/151 191/164/78 252/163/77 250/349/150
f 382/351/152 189/347/148 249/350/151
f 192/346/147 191/164/78 249/350/151 189/347/148
f 347/352/29 422/353/29 421/354/29 348/355/29
f 344/356/29 212/357/29 387/358/29
f 344/356/29 343/359/29 212/357/29
f 343/359/29 342/360/29 212/357/29
f 342/360/29 341/361/29 212/357/29
f 341/361/29 340/362/29 212/357/29
f 419/363/29 418/364/29 352/365/29 351/366/29
f 345/367/29 387/358/29 346/368/29
f 340/362/29 210/369/29 212/357/29
f 420/370/29 349/371/29 348/355/29 421/354/29
f 345/367/29 344/356/29 387/358/29
f 419/363/29 350/372/29 349/371/29 420/370/29
f 355/373/29 210/369/29 340/362/29
f 196/374/22 386/375/22 384/376/22 383/377/22
f 346/368/29 387/358/29 422/353/29 347/352/29
f 354/378/29 210/369/29 355/373/29
f 419/363/29 351/366/29 350/372/29
f 353/379/29 210/369/29 354/378/29
f 386/375/22 196/374/22 198/380/22 416/381/22
f 352/365/29 418/364/29 353/379/29
f 418/364/29 210/369/29 353/379/29
f 386/375/22 385/382/22 384/376/22
f 310/383/22 413/384/22 412/385/22 309/386/22
f 411/387/22 306/388/22 307/389/22
f 280/390/22 305/391/22 306/388/22
f 412/385/22 411/387/22 307/389/22 308/392/22
f 402/393/22 401/394/22 294/395/22 293/396/22
f 409/397/22 408/398/22 282/399/22 281/400/22
f 414/401/22 413/384/22 310/383/22 313/402/22
f 314/403/22 414/401/22 313/402/22
f 403/404/22 402/393/22 293/396/22 292/405/22
f 289/406/22 405/407/22 404/408/22 290/409/22
f 408/398/22 284/410/22 282/399/22
f 302/411/22 300/412/22 399/413/22 400/414/22
f 400/414/22 414/401/22 302/411/22
f 290/409/22 404/408/22 403/404/22 291/415/22
f 401/394/22 296/416/22 294/395/22
f 300/412/22 298/417/22 399/413/22
f 285/418/22 284/410/22 408/398/22 407/419/22
f 288/420/22 286/421/22 406/422/22
f 410/423/22 409/397/22 281/400/22 280/390/22
f 288/420/22 406/422/22 405/407/22 289/406/22
f 314/403/22 316/424/22 302/411/22 414/401/22
f 401/394/22 399/413/22 298/417/22 296/416/22
f 407/419/22 406/422/22 286/421/22 285/418/22
f 280/390/22 306/388/22 411/387/22 410/423/22
f 291/415/22 403/404/22 292/405/22
f 309/386/22 412/385/22 308/392/22
o part_3815uv2.001
v 6.412372 15.980000 0.996001
v 5.004372 15.980000 2.404001
v 3.012372 15.980000 2.404001
v 1.604372 15.980000 0.996001
v 1.604372 20.799999 0.996001
v 3.012372 20.799999 2.404001
v 5.004372 20.799999 2.404001
v 5.608372 20.799999 1.794002
v 4.809372 20.799999 1.200002
v 4.583372 20.799999 1.387002
v 3.433372 20.799999 1.387002
v 2.621372 20.799999 0.575001
v 1.604372 17.799999 0.996001
v 3.012372 17.799999 2.404001
v 5.004372 17.799999 2.404001
v 6.412372 17.799999 0.996001
v 2.621372 15.980000 0.575001
v 3.433372 15.980000 1.387001
v 4.583372 15.980000 1.387001
v 4.809372 15.980000 1.200001
v 7.008372 15.980000 3.960001
v 7.008372 13.999999 3.960001
v 0.768372 10.091000 0.459000
v 0.768372 10.351000 0.849000
v 0.768372 10.741000 1.109000
v 0.768372 11.200000 1.200000
v 0.768372 11.659000 1.109000
v 0.768372 12.049000 0.849000
v 0.768372 12.309000 0.459000
v 0.768372 11.199999 3.599000
v 4.308372 12.309000 0.459000
v 4.308372 12.049000 0.849000
v 4.308372 11.659000 1.109000
v 4.308372 11.200000 1.200000
v 4.308372 10.741000 1.109000
v 4.308372 10.351000 0.849000
v 4.308372 10.091000 0.459000
v 0.768372 7.724000 0.930999
v 0.768372 8.084000 1.798999
v 0.768372 8.655000 2.545000
v 0.768372 9.400999 3.115999
v 0.768372 10.268999 3.476000
v 0.768372 12.131000 3.476000
v 0.768372 12.999000 3.116000
v 0.768372 13.744999 2.545000
v 0.768372 14.316000 1.799001
v 0.768372 14.676000 0.931000
v 7.008372 14.000000 2.213001
v 7.008372 14.316000 1.799001
v 0.768372 14.000000 2.213001
v 7.008372 14.676000 0.931000
v -6.395627 15.980000 0.996001
v -4.987628 15.980000 2.404001
v -2.995628 15.980000 2.404001
v -1.587628 15.980000 0.996001
v -1.587628 20.799999 0.996001
v -2.995628 20.799999 2.404001
v -4.987628 20.799999 2.404001
v -5.591628 20.799999 1.794002
v -4.792628 20.799999 1.200002
v -4.566628 20.799999 1.387002
v -3.416628 20.799999 1.387002
v -2.604628 20.799999 0.575001
v -1.587628 17.799999 0.996001
v -2.995628 17.799999 2.404001
v -4.987628 17.799999 2.404001
v -6.395627 17.799999 0.996001
v -2.604628 15.980000 0.575001
v -3.416628 15.980000 1.387001
v -4.566628 15.980000 1.387001
v -4.792628 15.980000 1.200001
v -6.991628 15.980000 3.960001
v -6.991628 13.999999 3.960001
v -0.751628 10.091000 0.459000
v -0.751628 10.351000 0.849000
v -0.751628 10.741000 1.109000
v -0.751628 11.200000 1.200000
v -0.751628 11.659000 1.109000
v -0.751628 12.049000 0.849000
v -0.751628 12.309000 0.459000
v -0.751628 11.199999 3.599000
v 0.008372 13.999999 3.960001
v 0.008372 15.980000 3.960001
v -4.291628 12.309000 0.459000
v -4.291628 12.049000 0.849000
v -4.291628 11.659000 1.109000
v -4.291628 11.200000 1.200000
v -4.291628 10.741000 1.109000
v -4.291628 10.351000 0.849000
v -4.291628 10.091000 0.459000
v -0.751628 7.724000 0.930999
v -0.751628 8.084000 1.798999
v -0.751628 8.655000 2.545000
v -0.751628 9.400999 3.115999
v -0.751628 10.268999 3.476000
v -0.751628 12.131000 3.476000
v -0.751628 12.999000 3.116000
v -0.751628 13.744999 2.545000
v -0.751628 14.316000 1.799001
v -0.751628 14.676000 0.931000
v -6.991628 14.000000 2.213001
v -6.991628 14.316000 1.799001
v -0.751628 14.000000 2.213001
v 0.008372 11.199999 3.599000
v 0.008372 7.724000 0.930999
v 0.008372 8.084000 1.798999
v 0.008372 8.655000 2.545000
v 0.008372 9.400999 3.115999
v 0.008372 10.268999 3.476000
v 0.008372 12.131000 3.476000
v 0.008372 12.999000 3.116000
v 0.008372 13.744999 2.545000
v 0.008372 14.000000 2.213001
v -6.991628 14.676000 0.931000
v 6.412372 15.980000 -0.995999
v 5.004372 15.980000 -2.403999
v 3.012372 15.980000 -2.403999
v 1.604372 15.980000 -0.995999
v 1.604372 20.799999 -0.995999
v 3.012372 20.800001 -2.403999
v 5.004372 20.800001 -2.403999
v 5.608372 20.800001 -1.793998
v 4.809372 20.799999 -1.199998
v 4.583372 20.799999 -1.386998
v 3.433372 20.799999 -1.386998
v 2.621372 20.799999 -0.574998
v 1.604372 17.799999 -0.995999
v 3.012372 17.800001 -2.403999
v 5.004372 17.800001 -2.403999
v 6.412372 17.799999 -0.995999
v 2.621372 15.980000 -0.574999
v 3.433372 15.980000 -1.386999
v 4.583372 15.980000 -1.386999
v 4.809372 15.980000 -1.199999
v 7.008372 15.980000 -3.959999
v 7.008372 14.000001 -3.960000
v 4.308372 11.200000 -0.000000
v 0.768372 10.000000 -0.000000
v 0.768372 10.091000 -0.459000
v 0.768372 10.351000 -0.849000
v 0.768372 10.741000 -1.109000
v 0.768372 11.200000 -1.200000
v 0.768372 11.659000 -1.109000
v 0.768372 12.049000 -0.849000
v 0.768372 12.309000 -0.459000
v 0.768372 12.400000 0.000000
v 2.621372 15.980000 0.000001
v 1.604372 17.799999 0.000001
v 2.621372 20.799999 0.000001
v 1.604372 20.799999 0.000001
v 1.604372 15.980000 0.000001
v 4.809372 15.980000 0.000001
v 6.412372 17.799999 0.000001
v 4.809372 20.799999 0.000001
v 5.608372 20.799999 0.000001
v 6.412372 15.980000 0.000001
v 0.768372 11.200001 -3.599000
v 4.308372 12.400000 0.000000
v 4.308372 12.309000 -0.459000
v 4.308372 12.049000 -0.849000
v 4.308372 11.659000 -1.109000
v 4.308372 11.200000 -1.200000
v 4.308372 10.741000 -1.109000
v 4.308372 10.351000 -0.849000
v 4.308372 10.091000 -0.459000
v 4.308372 10.000000 -0.000000
v 7.008372 15.980000 0.000001
v 0.768372 7.601000 -0.000001
v 0.768372 7.724000 -0.931001
v 0.768372 8.084001 -1.799001
v 0.768372 8.655001 -2.545001
v 0.768372 9.401001 -3.116000
v 0.768372 10.269001 -3.476000
v 0.768372 12.131001 -3.476000
v 0.768372 12.999001 -3.116000
v 0.768372 13.745001 -2.545000
v 0.768372 14.316000 -1.799000
v 0.768372 14.676001 -0.931000
v 0.768372 14.799000 0.000001
v 7.008372 14.000000 -2.213000
v 7.008372 14.316000 -1.799000
v 0.768372 14.000000 -2.213000
v 7.008372 14.676001 -0.931000
v 7.008372 14.799000 0.000001
v -6.395627 15.980000 -0.995999
v -4.987628 15.980000 -2.403999
v -2.995628 15.980000 -2.403999
v -1.587628 15.980000 -0.995999
v -1.587628 20.799999 -0.995999
v -2.995628 20.800001 -2.403999
v -4.987628 20.800001 -2.403999
v -5.591628 20.800001 -1.793998
v -4.792628 20.799999 -1.199998
v -4.566628 20.799999 -1.386998
v -3.416628 20.799999 -1.386998
v -2.604628 20.799999 -0.574998
v -1.587628 17.799999 -0.995999
v -2.995628 17.800001 -2.403999
v -4.987628 17.800001 -2.403999
v -6.395627 17.799999 -0.995999
v -2.604628 15.980000 -0.574999
v -3.416628 15.980000 -1.386999
v -4.566628 15.980000 -1.386999
v -4.792628 15.980000 -1.199999
v -6.991628 15.980000 -3.959999
v -6.991628 14.000001 -3.960000
v 0.008372 15.980000 0.000001
v -4.291628 11.200000 -0.000000
v -0.751628 10.000000 -0.000000
v -0.751628 10.091000 -0.459000
v -0.751628 10.351000 -0.849000
v -0.751628 10.741000 -1.109000
v -0.751628 11.200000 -1.200000
v -0.751628 11.659000 -1.109000
v -0.751628 12.049000 -0.849000
v -0.751628 12.309000 -0.459000
v -0.751628 12.400000 0.000000
v -2.604628 15.980000 0.000001
v -1.587628 17.799999 0.000001
v -2.604628 20.799999 0.000001
v -1.587628 20.799999 0.000001
v -1.587628 15.980000 0.000001
v -4.792628 15.980000 0.000001
v -6.395627 17.799999 0.000001
v -4.792628 20.799999 0.000001
v -5.591628 20.799999 0.000001
v -6.395627 15.980000 0.000001
v -0.751628 11.200001 -3.599000
v 0.008372 14.000001 -3.960000
v 0.008372 15.980000 -3.959999
v -4.291628 12.400000 0.000000
v -4.291628 12.309000 -0.459000
v -4.291628 12.049000 -0.849000
v -4.291628 11.659000 -1.109000
v -4.291628 11.200000 -1.200000
v -4.291628 10.741000 -1.109000
v -4.291628 10.351000 -0.849000
v -4.291628 10.091000 -0.459000
v -4.291628 10.000000 -0.000000
v -6.991628 15.980000 0.000001
v -0.751628 7.601000 -0.000001
v -0.751628 7.724000 -0.931001
v -0.751628 8.084001 -1.799001
v -0.751628 8.655001 -2.545001
v -0.751628 9.401001 -3.116000
v -0.751628 10.269001 -3.476000
v -0.751628 12.131001 -3.476000
v -0.751628 12.999001 -3.116000
v -0.751628 13.745001 -2.545000
v -0.751628 14.316000 -1.799000
v -0.751628 14.676001 -0.931000
v -0.751628 14.799000 0.000001
v -6.991628 14.000000 -2.213000
v -6.991628 14.316000 -1.799000
v -0.751628 14.000000 -2.213000
v 0.008372 11.200001 -3.599000
v 0.008372 7.601000 -0.000001
v 0.008372 7.724000 -0.931001
v 0.008372 8.084001 -1.799001
v 0.008372 8.655001 -2.545001
v 0.008372 9.401001 -3.116000
v 0.008372 10.269001 -3.476000
v 0.008372 12.131001 -3.476000
v 0.008372 12.999001 -3.116000
v 0.008372 13.745001 -2.545000
v 0.008372 14.000000 -2.213000
v -6.991628 14.676001 -0.931000
v -6.991628 14.799000 0.000001
v 6.412372 15.980000 0.000001
v 6.412372 15.980000 0.996001
v 6.412372 15.980000 0.996001
v 5.004372 15.980000 2.404001
v 5.004372 15.980000 2.404001
v 3.012372 15.980000 2.404001
v 3.012372 15.980000 2.404001
v 1.604372 15.980000 0.996001
v 1.604372 15.980000 0.996001
v 1.604372 20.799999 0.000001
v 1.604372 20.799999 0.996001
v 1.604372 20.799999 0.996001
v 3.012372 20.799999 2.404001
v 3.012372 20.799999 2.404001
v 5.004372 20.799999 2.404001
v 5.004372 20.799999 2.404001
v 5.608372 20.799999 1.794002
v 5.608372 20.799999 1.794002
v 4.809372 20.799999 0.000001
v 4.809372 20.799999 1.200002
v 4.809372 20.799999 1.200002
v 4.583372 20.799999 1.387002
v 4.583372 20.799999 1.387002
v 3.433372 20.799999 1.387002
v 3.433372 20.799999 1.387002
v 2.621372 20.799999 0.575001
v 2.621372 20.799999 0.575001
v 1.604372 17.799999 0.996001
v 3.012372 17.799999 2.404001
v 5.004372 17.799999 2.404001
v 6.412372 17.799999 0.996001
v 6.412372 17.799999 0.996001
v 2.621372 15.980000 0.575001
v 2.621372 15.980000 0.575001
v 2.621372 15.980000 0.000001
v 3.433372 15.980000 1.387001
v 3.433372 15.980000 1.387001
v 4.583372 15.980000 1.387001
v 4.583372 15.980000 1.387001
v 4.809372 15.980000 1.200001
v 4.809372 15.980000 1.200001
v 7.008372 15.980000 3.960001
v 7.008372 15.980000 3.960001
v 7.008372 13.999999 3.960001
v 7.008372 13.999999 3.960001
v 0.768372 10.091000 0.459000
v 0.768372 10.351000 0.849000
v 0.768372 10.741000 1.109000
v 0.768372 11.200000 1.200000
v 0.768372 11.659000 1.109000
v 0.768372 12.049000 0.849000
v 0.768372 12.309000 0.459000
v 0.768372 12.400000 0.000000
v 0.768372 8.655000 2.545000
v 0.768372 8.084000 1.798999
v 7.008372 15.980000 0.000001
v 4.809372 15.980000 0.000001
v 2.621372 20.799999 0.000001
v 1.604372 15.980000 0.000001
v 6.412372 17.799999 0.000001
v 5.608372 20.799999 0.000001
v 0.768372 10.000000 -0.000000
v 0.768372 9.400999 3.115999
v 0.008372 13.999999 3.960001
v 0.768372 7.724000 0.930999
v 0.768372 7.601000 -0.000001
v 4.308372 12.309000 0.459000
v 4.308372 12.400000 0.000000
v 4.308372 12.049000 0.849000
v 4.308372 11.659000 1.109000
v 4.308372 11.200000 1.200000
v 4.308372 10.741000 1.109000
v 4.308372 10.351000 0.849000
v 4.308372 10.091000 0.459000
v 4.308372 10.000000 -0.000000
v 0.008372 15.980000 3.960001
v 0.768372 10.268999 3.476000
v 0.768372 11.199999 3.599000
v 0.768372 12.131000 3.476000
v 0.768372 12.999000 3.116000
v 0.768372 13.744999 2.545000
v 0.768372 14.000000 2.213001
v 0.768372 14.000000 2.213001
v 0.768372 14.000000 2.213001
v 0.768372 14.316000 1.799001
v 0.768372 14.676000 0.931000
v 0.768372 14.799000 0.000001
v 7.008372 14.676000 0.931000
v 7.008372 14.799000 0.000001
v 7.008372 14.000000 2.213001
v 7.008372 14.000000 2.213001
v 7.008372 14.316000 1.799001
v 0.008372 14.000000 2.213001
v -6.395627 15.980000 0.000001
v -6.395627 15.980000 0.996001
v -6.395627 15.980000 0.996001
v -4.987628 15.980000 2.404001
v -4.987628 15.980000 2.404001
v -2.995628 15.980000 2.404001
v -2.995628 15.980000 2.404001
v -1.587628 15.980000 0.996001
v -1.587628 15.980000 0.996001
v -1.587628 20.799999 0.000001
v -1.587628 20.799999 0.996001
v -1.587628 20.799999 0.996001
v -2.995628 20.799999 2.404001
v -2.995628 20.799999 2.404001
v -4.987628 20.799999 2.404001
v -4.987628 20.799999 2.404001
v -5.591628 20.799999 1.794002
v -5.591628 20.799999 1.794002
v -4.792628 20.799999 0.000001
v -4.792628 20.799999 1.200002
v -4.792628 20.799999 1.200002
v -4.566628 20.799999 1.387002
v -4.566628 20.799999 1.387002
v -3.416628 20.799999 1.387002
v -3.416628 20.799999 1.387002
v -2.604628 20.799999 0.575001
v -2.604628 20.799999 0.575001
v -1.587628 17.799999 0.996001
v -2.995628 17.799999 2.404001
v -4.987628 17.799999 2.404001
v -6.395627 17.799999 0.996001
v -6.395627 17.799999 0.996001
v -2.604628 15.980000 0.575001
v -2.604628 15.980000 0.575001
v -2.604628 15.980000 0.000001
v -3.416628 15.980000 1.387001
v -3.416628 15.980000 1.387001
v -4.566628 15.980000 1.387001
v -4.566628 15.980000 1.387001
v -4.792628 15.980000 1.200001
v -4.792628 15.980000 1.200001
v -6.991628 15.980000 3.960001
v -6.991628 15.980000 3.960001
v -6.991628 13.999999 3.960001
v -6.991628 13.999999 3.960001
v -0.751628 10.091000 0.459000
v -0.751628 10.351000 0.849000
v -0.751628 10.741000 1.109000
v -0.751628 11.200000 1.200000
v -0.751628 11.659000 1.109000
v -0.751628 12.049000 0.849000
v -0.751628 12.309000 0.459000
v -0.751628 12.400000 0.000000
v -0.751628 8.655000 2.545000
v -0.751628 8.084000 1.798999
v -6.991628 15.980000 0.000001
v -4.792628 15.980000 0.000001
v -2.604628 20.799999 0.000001
v -1.587628 15.980000 0.000001
v -6.395627 17.799999 0.000001
v -5.591628 20.799999 0.000001
v -0.751628 10.000000 -0.000000
v -0.751628 9.400999 3.115999
v -0.751628 7.724000 0.930999
v -0.751628 7.601000 -0.000001
v -4.291628 12.309000 0.459000
v -4.291628 12.400000 0.000000
v -4.291628 12.049000 0.849000
v -4.291628 11.659000 1.109000
v -4.291628 11.200000 1.200000
v -4.291628 10.741000 1.109000
v -4.291628 10.351000 0.849000
v -4.291628 10.091000 0.459000
v -4.291628 10.000000 -0.000000
v -0.751628 10.268999 3.476000
v -0.751628 11.199999 3.599000
v -0.751628 12.131000 3.476000
v -0.751628 12.999000 3.116000
v -0.751628 13.744999 2.545000
v -0.751628 14.000000 2.213001
v -0.751628 14.000000 2.213001
v -0.751628 14.000000 2.213001
v -0.751628 14.316000 1.799001
v -0.751628 14.676000 0.931000
v -0.751628 14.799000 0.000001
v -6.991628 14.676000 0.931000
v -6.991628 14.799000 0.000001
v -6.991628 14.000000 2.213001
v -6.991628 14.000000 2.213001
v -6.991628 14.316000 1.799001
v 6.412372 15.980000 -0.995999
v 6.412372 15.980000 -0.995999
v 5.004372 15.980000 -2.403999
v 5.004372 15.980000 -2.403999
v 3.012372 15.980000 -2.403999
v 3.012372 15.980000 -2.403999
v 1.604372 15.980000 -0.995999
v 1.604372 15.980000 -0.995999
v 1.604372 20.799999 -0.995999
v 1.604372 20.799999 -0.995999
v 3.012372 20.800001 -2.403999
v 3.012372 20.800001 -2.403999
v 5.004372 20.800001 -2.403999
v 5.004372 20.800001 -2.403999
v 5.608372 20.800001 -1.793998
v 5.608372 20.800001 -1.793998
v 4.809372 20.799999 -1.199998
v 4.809372 20.799999 -1.199998
v 4.583372 20.799999 -1.386998
v 4.583372 20.799999 -1.386998
v 3.433372 20.799999 -1.386998
v 3.433372 20.799999 -1.386998
v 2.621372 20.799999 -0.574998
v 2.621372 20.799999 -0.574998
v 1.604372 17.799999 -0.995999
v 3.012372 17.800001 -2.403999
v 5.004372 17.800001 -2.403999
v 6.412372 17.799999 -0.995999
v 6.412372 17.799999 -0.995999
v 2.621372 15.980000 -0.574999
v 2.621372 15.980000 -0.574999
v 3.433372 15.980000 -1.386999
v 3.433372 15.980000 -1.386999
v 4.583372 15.980000 -1.386999
v 4.583372 15.980000 -1.386999
v 4.809372 15.980000 -1.199999
v 4.809372 15.980000 -1.199999
v 7.008372 15.980000 -3.959999
v 7.008372 15.980000 -3.959999
v 7.008372 14.000001 -3.960000
v 7.008372 14.000001 -3.960000
v 0.768372 10.091000 -0.459000
v 0.768372 10.351000 -0.849000
v 0.768372 10.741000 -1.109000
v 0.768372 11.200000 -1.200000
v 0.768372 11.659000 -1.109000
v 0.768372 12.049000 -0.849000
v 0.768372 12.309000 -0.459000
v 0.768372 8.655001 -2.545001
v 0.768372 8.084001 -1.799001
v 0.768372 9.401001 -3.116000
v 0.008372 14.000001 -3.960000
v 0.768372 7.724000 -0.931001
v 4.308372 12.309000 -0.459000
v 4.308372 12.049000 -0.849000
v 4.308372 11.659000 -1.109000
v 4.308372 11.200000 -1.200000
v 4.308372 10.741000 -1.109000
v 4.308372 10.351000 -0.849000
v 4.308372 10.091000 -0.459000
v 0.008372 15.980000 -3.959999
v 0.768372 10.269001 -3.476000
v 0.768372 11.200001 -3.599000
v 0.768372 12.131001 -3.476000
v 0.768372 12.999001 -3.116000
v 0.768372 13.745001 -2.545000
v 0.768372 14.000000 -2.213000
v 0.768372 14.000000 -2.213000
v 0.768372 14.000000 -2.213000
v 0.768372 14.316000 -1.799000
v 0.768372 14.676001 -0.931000
v 7.008372 14.676001 -0.931000
v 7.008372 14.000000 -2.213000
v 7.008372 14.000000 -2.213000
v 7.008372 14.316000 -1.799000
v 0.008372 14.000000 -2.213000
v -6.395627 15.980000 -0.995999
v -6.395627 15.980000 -0.995999
v -4.987628 15.980000 -2.403999
v -4.987628 15.980000 -2.403999
v -2.995628 15.980000 -2.403999
v -2.995628 15.980000 -2.403999
v -1.587628 15.980000 -0.995999
v -1.587628 15.980000 -0.995999
v -1.587628 20.799999 -0.995999
v -1.587628 20.799999 -0.995999
v -2.995628 20.800001 -2.403999
v -2.995628 20.800001 -2.403999
v -4.987628 20.800001 -2.403999
v -4.987628 20.800001 -2.403999
v -5.591628 20.800001 -1.793998
v -5.591628 20.800001 -1.793998
v -4.792628 20.799999 -1.199998
v -4.792628 20.799999 -1.199998
v -4.566628 20.799999 -1.386998
v -4.566628 20.799999 -1.386998
v -3.416628 20.799999 -1.386998
v -3.416628 20.799999 -1.386998
v -2.604628 20.799999 -0.574998
v -2.604628 20.799999 -0.574998
v -1.587628 17.799999 -0.995999
v -2.995628 17.800001 -2.403999
v -4.987628 17.800001 -2.403999
v -6.395627 17.799999 -0.995999
v -6.395627 17.799999 -0.995999
v -2.604628 15.980000 -0.574999
v -2.604628 15.980000 -0.574999
v -3.416628 15.980000 -1.386999
v -3.416628 15.980000 -1.386999
v -4.566628 15.980000 -1.386999
v -4.566628 15.980000 -1.386999
v -4.792628 15.980000 -1.199999
v -4.792628 15.980000 -1.199999
v -6.991628 15.980000 -3.959999
v -6.991628 15.980000 -3.959999
v -6.991628 14.000001 -3.960000
v -6.991628 14.000001 -3.960000
v -0.751628 10.091000 -0.459000
v -0.751628 10.351000 -0.849000
v -0.751628 10.741000 -1.109000
v -0.751628 11.200000 -1.200000
v -0.751628 11.659000 -1.109000
v -0.751628 12.049000 -0.849000
v -0.751628 12.309000 -0.459000
v -0.751628 8.655001 -2.545001
v -0.751628 8.084001 -1.799001
v -0.751628 9.401001 -3.116000
v -0.751628 7.724000 -0.931001
v -4.291628 12.309000 -0.459000
v -4.291628 12.049000 -0.849000
v -4.291628 11.659000 -1.109000
v -4.291628 11.200000 -1.200000
v -4.291628 10.741000 -1.109000
v -4.291628 10.351000 -0.849000
v -4.291628 10.091000 -0.459000
v -0.751628 10.269001 -3.476000
v -0.751628 11.200001 -3.599000
v -0.751628 12.131001 -3.476000
v -0.751628 12.999001 -3.116000
v -0.751628 13.745001 -2.545000
v -0.751628 14.000000 -2.213000
v -0.751628 14.000000 -2.213000
v -0.751628 14.000000 -2.213000
v -0.751628 14.316000 -1.799000
v -0.751628 14.676001 -0.931000
v -6.991628 14.676001 -0.931000
v -6.991628 14.000000 -2.213000
v -6.991628 14.000000 -2.213000
v -6.991628 14.316000 -1.799000
vt 0.954000 0.286158
vt 0.958000 0.286158
vt 0.953000 0.286158
vt 0.951000 0.286158
vt 0.943000 0.286158
vt 0.940000 0.286158
vt 0.930000 0.286158
vt 0.937000 0.286158
vt 0.930000 0.286158
vt 0.937000 0.286158
vt 0.940000 0.253158
vt 0.940000 0.265158
vt 0.930000 0.265158
vt 0.930000 0.253158
vt 0.940000 0.286158
vt 0.930000 0.286158
vt 0.940000 0.253158
vt 0.954000 0.253158
vt 0.954000 0.265158
vt 0.940000 0.265158
vt 0.954000 0.286158
vt 0.940000 0.286158
vt 0.964000 0.253158
vt 0.964000 0.265158
vt 0.954000 0.265158
vt 0.954000 0.253158
vt 0.958000 0.286158
vt 0.954000 0.286158
vt 0.964000 0.265158
vt 0.964000 0.253158
vt 0.964000 0.253158
vt 0.964000 0.265158
vt 0.964000 0.265158
vt 0.958000 0.286158
vt 0.958000 0.286158
vt 0.964000 0.265158
vt 0.937000 0.286158
vt 0.937000 0.286158
vt 0.937000 0.253158
vt 0.937000 0.253158
vt 0.937000 0.286158
vt 0.943000 0.286158
vt 0.943000 0.253158
vt 0.937000 0.253158
vt 0.951000 0.286158
vt 0.951000 0.253158
vt 0.943000 0.253158
vt 0.943000 0.286158
vt 0.951000 0.286158
vt 0.953000 0.286158
vt 0.953000 0.253158
vt 0.951000 0.253158
vt 0.949000 0.214158
vt 0.949000 0.216158
vt 0.925000 0.216158
vt 0.925000 0.214158
vt 0.949000 0.211158
vt 0.949000 0.212158
vt 0.925000 0.212158
vt 0.925000 0.211158
vt 0.949000 0.227158
vt 0.949000 0.228158
vt 0.925000 0.228158
vt 0.925000 0.227158
vt 0.949000 0.223158
vt 0.949000 0.225158
vt 0.925000 0.225158
vt 0.925000 0.223158
vt 0.949000 0.220158
vt 0.925000 0.220158
vt 0.949000 0.212158
vt 0.949000 0.211158
vt 0.949000 0.220158
vt 0.949000 0.228158
vt 0.949000 0.227158
vt 0.949000 0.223158
vt 0.949000 0.220158
vt 0.937000 0.253158
vt 0.943000 0.253158
vt 0.953000 0.253158
vt 0.949000 0.214158
vt 0.953000 0.286158
vt 0.953000 0.286158
vt 0.953000 0.253158
vt 0.953000 0.253158
vt 0.958000 0.286158
vt 0.953000 0.286158
vt 0.930000 0.265158
vt 0.930000 0.286158
vt 0.930000 0.286158
vt 0.930000 0.265158
vt 0.930000 0.253158
vt 0.930000 0.253158
vt 0.949000 0.216158
vt 0.949000 0.225158
vt 0.953000 0.253158
vt 0.951000 0.253158
vt 0.988750 0.036598
vt 0.988750 0.081259
vt 0.828940 0.081259
vt 0.828940 0.036598
vt 0.937000 0.253158
vt 0.954000 0.253158
vt 0.940000 0.253158
vt 0.968000 0.253158
vt 0.964000 0.253158
vt 0.968000 0.253158
vt 0.930000 0.253158
vt 0.919000 0.253158
vt 0.964000 0.253158
vt 0.919000 0.253158
vt 0.930000 0.253158
vt 0.925000 0.214158
vt 0.925000 0.216158
vt 0.925000 0.213158
vt 0.925000 0.207158
vt 0.925000 0.225158
vt 0.925000 0.227158
vt 0.925000 0.244158
vt 0.925000 0.241158
vt 0.925000 0.212158
vt 0.925000 0.198158
vt 0.925000 0.195158
vt 0.925000 0.211158
vt 0.925000 0.195158
vt 0.925000 0.228158
vt 0.925000 0.245158
vt 0.925000 0.202158
vt 0.925000 0.232158
vt 0.925000 0.226158
vt 0.925000 0.223158
vt 0.925000 0.220158
vt 0.925000 0.220158
vt 0.925000 0.239158
vt 0.925000 0.237158
vt 0.529000 0.800000
vt 0.846374 0.036598
vt 0.828940 0.036598
vt 0.505000 0.800000
vt 0.968000 0.239158
vt 0.919000 0.239158
vt 0.925000 0.239158
vt 0.968000 0.239158
vt 0.529000 0.777000
vt 0.505000 0.777000
vt 0.529000 0.750000
vt 0.505000 0.750000
vt 0.529000 0.720000
vt 0.505000 0.720000
vt 0.529000 0.691000
vt 0.505000 0.691000
vt 0.529000 0.664000
vt 0.505000 0.664000
vt 0.797371 0.196372
vt 0.529000 0.622000
vt 0.505000 0.622000
vt 0.780188 0.196372
vt 0.797371 0.193508
vt 0.780188 0.193508
vt 0.529000 0.640000
vt 0.505000 0.640000
vt 0.919000 0.239158
vt 0.925000 0.244158
vt 0.925000 0.245158
vt 0.968000 0.245158
vt 0.968000 0.244158
vt 0.925000 0.241158
vt 0.968000 0.241158
vt 0.925000 0.239158
vt 0.968000 0.239158
vt 0.812000 0.818000
vt 0.744000 0.871000
vt 0.799000 0.808000
vt 0.839000 0.830000
vt 0.868000 0.833000
vt 0.868000 0.871000
vt 0.744000 0.808000
vt 0.885000 0.286158
vt 0.888000 0.286158
vt 0.886000 0.286158
vt 0.880000 0.286158
vt 0.898000 0.286158
vt 0.895000 0.286158
vt 0.908000 0.286158
vt 0.901000 0.286158
vt 0.908000 0.286158
vt 0.901000 0.286158
vt 0.898000 0.253158
vt 0.908000 0.253158
vt 0.908000 0.265158
vt 0.898000 0.265158
vt 0.908000 0.286158
vt 0.898000 0.286158
vt 0.898000 0.253158
vt 0.898000 0.265158
vt 0.885000 0.265158
vt 0.885000 0.253158
vt 0.898000 0.286158
vt 0.885000 0.286158
vt 0.875000 0.253158
vt 0.885000 0.253158
vt 0.885000 0.265158
vt 0.875000 0.265158
vt 0.885000 0.286158
vt 0.880000 0.286158
vt 0.875000 0.253158
vt 0.875000 0.253158
vt 0.875000 0.265158
vt 0.875000 0.265158
vt 0.875000 0.265158
vt 0.875000 0.265158
vt 0.880000 0.286158
vt 0.880000 0.286158
vt 0.901000 0.286158
vt 0.901000 0.253158
vt 0.901000 0.253158
vt 0.901000 0.286158
vt 0.901000 0.286158
vt 0.901000 0.253158
vt 0.895000 0.253158
vt 0.895000 0.286158
vt 0.888000 0.286158
vt 0.895000 0.286158
vt 0.895000 0.253158
vt 0.888000 0.253158
vt 0.888000 0.286158
vt 0.888000 0.253158
vt 0.886000 0.253158
vt 0.886000 0.286158
vt 0.889000 0.214158
vt 0.914000 0.214158
vt 0.914000 0.216158
vt 0.889000 0.216158
vt 0.889000 0.211158
vt 0.914000 0.211158
vt 0.914000 0.212158
vt 0.889000 0.212158
vt 0.889000 0.227158
vt 0.914000 0.227158
vt 0.914000 0.228158
vt 0.889000 0.228158
vt 0.889000 0.223158
vt 0.914000 0.223158
vt 0.914000 0.225158
vt 0.889000 0.225158
vt 0.914000 0.220158
vt 0.889000 0.220158
vt 0.889000 0.212158
vt 0.889000 0.220158
vt 0.889000 0.211158
vt 0.889000 0.228158
vt 0.889000 0.227158
vt 0.889000 0.223158
vt 0.889000 0.220158
vt 0.901000 0.253158
vt 0.886000 0.253158
vt 0.895000 0.253158
vt 0.889000 0.214158
vt 0.886000 0.286158
vt 0.886000 0.253158
vt 0.886000 0.253158
vt 0.886000 0.286158
vt 0.886000 0.286158
vt 0.880000 0.286158
vt 0.908000 0.265158
vt 0.908000 0.265158
vt 0.908000 0.286158
vt 0.908000 0.286158
vt 0.908000 0.253158
vt 0.908000 0.253158
vt 0.889000 0.216158
vt 0.889000 0.225158
vt 0.886000 0.253158
vt 0.888000 0.253158
vt 0.669131 0.036598
vt 0.669131 0.081259
vt 0.901000 0.253158
vt 0.885000 0.253158
vt 0.871000 0.253158
vt 0.898000 0.253158
vt 0.875000 0.253158
vt 0.871000 0.253158
vt 0.908000 0.253158
vt 0.875000 0.253158
vt 0.908000 0.253158
vt 0.914000 0.214158
vt 0.914000 0.207158
vt 0.914000 0.213158
vt 0.914000 0.216158
vt 0.914000 0.225158
vt 0.914000 0.241158
vt 0.914000 0.244158
vt 0.914000 0.227158
vt 0.914000 0.212158
vt 0.914000 0.195158
vt 0.914000 0.198158
vt 0.914000 0.211158
vt 0.914000 0.195158
vt 0.914000 0.245158
vt 0.914000 0.228158
vt 0.914000 0.202158
vt 0.914000 0.232158
vt 0.914000 0.223158
vt 0.914000 0.226158
vt 0.914000 0.220158
vt 0.914000 0.220158
vt 0.914000 0.239158
vt 0.914000 0.237158
vt 0.481000 0.800000
vt 0.811507 0.036598
vt 0.871000 0.239158
vt 0.871000 0.239158
vt 0.914000 0.239158
vt 0.481000 0.777000
vt 0.481000 0.750000
vt 0.481000 0.720000
vt 0.481000 0.691000
vt 0.481000 0.664000
vt 0.763005 0.196372
vt 0.481000 0.622000
vt 0.763005 0.193508
vt 0.481000 0.640000
vt 0.914000 0.244158
vt 0.871000 0.244158
vt 0.871000 0.245158
vt 0.914000 0.245158
vt 0.914000 0.241158
vt 0.871000 0.241158
vt 0.914000 0.239158
vt 0.871000 0.239158
vt 0.672607 0.818000
vt 0.685607 0.808000
vt 0.740607 0.871000
vt 0.645607 0.830000
vt 0.615607 0.833000
vt 0.615607 0.871000
vt 0.740607 0.808000
vt 0.954000 0.286158
vt 0.951000 0.286158
vt 0.953000 0.286158
vt 0.958000 0.286158
vt 0.940000 0.286158
vt 0.943000 0.286158
vt 0.930000 0.286158
vt 0.937000 0.286158
vt 0.940000 0.253158
vt 0.930000 0.253158
vt 0.930000 0.265158
vt 0.940000 0.265158
vt 0.930000 0.286158
vt 0.940000 0.286158
vt 0.940000 0.253158
vt 0.940000 0.265158
vt 0.954000 0.265158
vt 0.954000 0.253158
vt 0.940000 0.286158
vt 0.954000 0.286158
vt 0.964000 0.253158
vt 0.954000 0.253158
vt 0.954000 0.265158
vt 0.964000 0.265158
vt 0.954000 0.286158
vt 0.958000 0.286158
vt 0.964000 0.253158
vt 0.964000 0.265158
vt 0.964000 0.265158
vt 0.958000 0.286158
vt 0.937000 0.253158
vt 0.937000 0.286158
vt 0.937000 0.286158
vt 0.937000 0.253158
vt 0.943000 0.253158
vt 0.943000 0.286158
vt 0.951000 0.286158
vt 0.943000 0.286158
vt 0.943000 0.253158
vt 0.951000 0.253158
vt 0.951000 0.286158
vt 0.951000 0.253158
vt 0.953000 0.253158
vt 0.953000 0.286158
vt 0.949000 0.214158
vt 0.925000 0.214158
vt 0.925000 0.216158
vt 0.949000 0.216158
vt 0.925000 0.212158
vt 0.949000 0.212158
vt 0.949000 0.227158
vt 0.925000 0.227158
vt 0.949000 0.223158
vt 0.925000 0.223158
vt 0.925000 0.225158
vt 0.949000 0.225158
vt 0.925000 0.220158
vt 0.949000 0.220158
vt 0.949000 0.212158
vt 0.949000 0.227158
vt 0.949000 0.223158
vt 0.949000 0.220158
vt 0.937000 0.253158
vt 0.943000 0.253158
vt 0.949000 0.214158
vt 0.953000 0.286158
vt 0.953000 0.253158
vt 0.930000 0.265158
vt 0.930000 0.286158
vt 0.930000 0.253158
vt 0.949000 0.216158
vt 0.949000 0.225158
vt 0.953000 0.253158
vt 0.951000 0.253158
vt 0.622675 0.122628
vt 0.780188 0.122628
vt 0.780188 0.167018
vt 0.622675 0.167018
vt 0.954000 0.253158
vt 0.968000 0.253158
vt 0.940000 0.253158
vt 0.964000 0.253158
vt 0.919000 0.253158
vt 0.930000 0.253158
vt 0.925000 0.214158
vt 0.925000 0.207158
vt 0.925000 0.213158
vt 0.925000 0.216158
vt 0.925000 0.225158
vt 0.925000 0.241158
vt 0.925000 0.244158
vt 0.925000 0.227158
vt 0.925000 0.212158
vt 0.925000 0.195158
vt 0.925000 0.198158
vt 0.925000 0.202158
vt 0.925000 0.232158
vt 0.925000 0.223158
vt 0.925000 0.226158
vt 0.925000 0.220158
vt 0.925000 0.220158
vt 0.925000 0.239158
vt 0.925000 0.237158
vt 0.481000 0.500000
vt 0.505000 0.500000
vt 0.780188 0.122628
vt 0.763005 0.122628
vt 0.968000 0.239158
vt 0.968000 0.239158
vt 0.925000 0.239158
vt 0.919000 0.239158
vt 0.481000 0.477000
vt 0.505000 0.477000
vt 0.481000 0.449000
vt 0.505000 0.449000
vt 0.481000 0.420000
vt 0.505000 0.420000
vt 0.481000 0.391000
vt 0.505000 0.391000
vt 0.481000 0.363000
vt 0.505000 0.363000
vt 0.481000 0.310000
vt 0.505000 0.310000
vt 0.505000 0.322000
vt 0.481000 0.322000
vt 0.481000 0.307000
vt 0.505000 0.307000
vt 0.481000 0.340000
vt 0.505000 0.340000
vt 0.919000 0.239158
vt 0.925000 0.244158
vt 0.968000 0.244158
vt 0.925000 0.241158
vt 0.968000 0.241158
vt 0.925000 0.239158
vt 0.968000 0.239158
vt 0.925000 0.818000
vt 0.938000 0.808000
vt 0.993000 0.871000
vt 0.898000 0.830000
vt 0.993000 0.808000
vt 0.885000 0.286158
vt 0.880000 0.286158
vt 0.886000 0.286158
vt 0.888000 0.286158
vt 0.895000 0.286158
vt 0.898000 0.286158
vt 0.908000 0.286158
vt 0.901000 0.286158
vt 0.898000 0.253158
vt 0.898000 0.265158
vt 0.908000 0.265158
vt 0.908000 0.253158
vt 0.898000 0.286158
vt 0.908000 0.286158
vt 0.898000 0.253158
vt 0.885000 0.253158
vt 0.885000 0.265158
vt 0.898000 0.265158
vt 0.885000 0.286158
vt 0.898000 0.286158
vt 0.875000 0.253158
vt 0.875000 0.265158
vt 0.885000 0.265158
vt 0.885000 0.253158
vt 0.880000 0.286158
vt 0.885000 0.286158
vt 0.875000 0.265158
vt 0.875000 0.253158
vt 0.880000 0.286158
vt 0.875000 0.265158
vt 0.901000 0.286158
vt 0.901000 0.253158
vt 0.901000 0.286158
vt 0.895000 0.286158
vt 0.895000 0.253158
vt 0.901000 0.253158
vt 0.888000 0.286158
vt 0.888000 0.253158
vt 0.895000 0.253158
vt 0.895000 0.286158
vt 0.888000 0.286158
vt 0.886000 0.286158
vt 0.886000 0.253158
vt 0.888000 0.253158
vt 0.889000 0.214158
vt 0.889000 0.216158
vt 0.914000 0.216158
vt 0.914000 0.214158
vt 0.889000 0.212158
vt 0.914000 0.212158
vt 0.889000 0.227158
vt 0.914000 0.227158
vt 0.889000 0.223158
vt 0.889000 0.225158
vt 0.914000 0.225158
vt 0.914000 0.223158
vt 0.889000 0.220158
vt 0.914000 0.220158
vt 0.889000 0.212158
vt 0.889000 0.227158
vt 0.889000 0.223158
vt 0.889000 0.220158
vt 0.901000 0.253158
vt 0.895000 0.253158
vt 0.889000 0.214158
vt 0.886000 0.286158
vt 0.886000 0.253158
vt 0.908000 0.265158
vt 0.908000 0.286158
vt 0.908000 0.253158
vt 0.889000 0.216158
vt 0.889000 0.225158
vt 0.886000 0.253158
vt 0.888000 0.253158
vt 0.937700 0.122628
vt 0.937700 0.167018
vt 0.885000 0.253158
vt 0.898000 0.253158
vt 0.871000 0.253158
vt 0.875000 0.253158
vt 0.908000 0.253158
vt 0.914000 0.214158
vt 0.914000 0.216158
vt 0.914000 0.213158
vt 0.914000 0.207158
vt 0.914000 0.225158
vt 0.914000 0.227158
vt 0.914000 0.244158
vt 0.914000 0.241158
vt 0.914000 0.212158
vt 0.914000 0.198158
vt 0.914000 0.195158
vt 0.914000 0.202158
vt 0.914000 0.232158
vt 0.914000 0.226158
vt 0.914000 0.223158
vt 0.914000 0.220158
vt 0.914000 0.220158
vt 0.914000 0.239158
vt 0.914000 0.237158
vt 0.529000 0.500000
vt 0.797371 0.122628
vt 0.871000 0.239158
vt 0.914000 0.239158
vt 0.871000 0.239158
vt 0.529000 0.477000
vt 0.529000 0.449000
vt 0.529000 0.420000
vt 0.529000 0.391000
vt 0.529000 0.363000
vt 0.529000 0.310000
vt 0.529000 0.322000
vt 0.529000 0.307000
vt 0.529000 0.340000
vt 0.914000 0.244158
vt 0.871000 0.244158
vt 0.914000 0.241158
vt 0.871000 0.241158
vt 0.914000 0.239158
vt 0.871000 0.239158
vt 0.559607 0.818000
vt 0.491607 0.871000
vt 0.546607 0.808000
vt 0.586607 0.830000
vt 0.491607 0.808000
vn 0.0000 1.0000 0.0000
vn -0.7071 0.0000 0.7071
vn 0.0000 0.0000 1.0000
vn 0.7071 0.0000 0.7071
vn 0.7075 0.0004 0.7066
vn 0.7076 0.0005 0.7066
vn 0.7082 0.0010 0.7060
vn 1.0000 0.0000 0.0000
vn 0.9659 0.2589 0.0000
vn 0.7071 0.0000 -0.7071
vn 0.0000 0.0000 -1.0000
vn -0.6375 0.0000 -0.7704
vn 0.0000 -0.7071 0.7071
vn 0.0000 -0.3819 0.9242
vn 0.0000 -1.0000 0.0000
vn 0.0000 -0.9242 0.3819
vn 0.0000 0.9242 0.3819
vn 0.0000 0.3819 0.9242
vn 0.0000 0.7071 0.7071
vn -1.0000 0.0000 0.0000
vn 0.0000 0.7065 0.7077
vn 0.0000 0.7931 0.6091
vn 0.0000 0.4996 0.8662
vn 0.0000 0.2593 0.9658
vn 0.0000 -0.2593 0.9658
vn 0.0000 -0.4996 0.8662
vn 0.0000 -0.9658 0.2593
vn 0.0000 -0.8662 0.4996
vn 0.0000 -0.9658 -0.2593
vn 0.0000 -0.8665 -0.4991
vn 0.0000 -0.7949 -0.6067
vn -0.7076 0.0005 0.7066
vn -0.7075 0.0004 0.7066
vn -0.7082 0.0010 0.7060
vn -0.9659 0.2589 0.0000
vn -0.7071 0.0000 -0.7071
vn 0.6375 0.0000 -0.7704
vn 0.7076 0.0005 -0.7066
vn 0.7075 0.0004 -0.7066
vn 0.7082 0.0010 -0.7060
vn -0.6375 0.0000 0.7704
vn 0.0000 -0.7071 -0.7071
vn 0.0000 -0.3819 -0.9242
vn 0.0000 -0.9242 -0.3819
vn 0.0000 0.9242 -0.3819
vn 0.0000 0.3819 -0.9242
vn 0.0000 0.7071 -0.7071
vn 0.0000 0.7065 -0.7077
vn 0.0000 0.7931 -0.6091
vn 0.0000 0.4996 -0.8662
vn 0.0000 0.2593 -0.9658
vn 0.0000 -0.2593 -0.9658
vn 0.0000 -0.4996 -0.8662
vn 0.0000 -0.8662 -0.4996
vn 0.0000 -0.8665 0.4991
vn 0.0000 -0.7949 0.6067
vn -0.7075 0.0004 -0.7066
vn -0.7076 0.0005 -0.7066
vn -0.7082 0.0010 -0.7060
vn 0.6375 0.0000 0.7704
usemtl mb:o:4020:154
s 1
f 429/425/153 430/426/153 710/427/153 432/428/153
f 429/425/153 432/428/153 433/429/153 428/430/153
f 427/431/153 428/430/153 433/429/153 434/432/153
f 572/433/153 427/431/153 434/432/153 748/434/153
f 696/435/154 436/436/154 435/437/154 426/438/154
f 436/436/154 703/439/154 701/440/154 435/437/154
f 425/441/155 694/442/155 437/443/155 719/444/155
f 719/444/155 437/443/155 705/445/155 704/446/155
f 692/447/156 438/448/157 720/449/158 424/450/156
f 438/448/157 707/451/159 706/452/159 720/449/158
f 721/453/160 423/454/160 578/455/160 750/456/160
f 575/457/161 751/458/161 708/459/161 722/460/161
f 571/461/160 716/462/160 439/463/160 569/464/160
f 717/465/162 714/466/162 440/467/162 723/468/162
f 712/469/163 441/470/163 726/471/163 715/472/163
f 713/473/164 711/474/164 442/475/164 728/476/164
f 763/477/165 457/478/166 447/479/166 446/480/165
f 765/481/167 459/482/168 445/483/168 560/484/167
f 757/485/169 580/486/153 568/487/153 451/488/169
f 455/489/170 454/490/171 450/491/171 449/492/170
f 457/478/166 456/493/155 448/494/155 447/479/166
f 459/482/168 763/477/165 446/480/165 445/483/168
f 454/490/171 757/485/169 451/488/169 450/491/171
f 456/493/155 455/489/170 449/492/170 448/494/155
f 764/495/160 588/496/160 559/497/160
f 758/498/160 453/499/160 559/497/160
f 760/500/160 761/501/160 559/497/160
f 724/502/153 727/503/153 574/504/153
f 458/505/160 764/495/160 559/497/160
f 431/506/172 576/507/172 747/508/172 730/509/172
f 430/426/153 577/510/153 709/511/153 710/427/153
f 718/512/172 702/513/172 700/514/172 570/515/172
f 698/516/172 718/512/172 570/515/172 573/517/172
f 761/501/160 762/518/160 559/497/160
f 453/499/160 759/519/160 559/497/160
f 762/518/160 458/505/160 559/497/160
f 759/519/160 760/500/160 559/497/160
f 731/520/153 574/504/153 729/521/153
f 444/522/155 443/523/155 766/524/155 504/525/155
f 574/504/153 727/503/153 729/521/153
f 724/502/153 574/504/153 725/526/153
f 695/527/153 697/528/153 732/529/153
f 695/527/153 732/529/153 693/530/153
f 693/530/153 732/529/153 589/531/153
f 697/528/153 699/532/153 505/533/153
f 691/534/153 693/530/153 589/531/153
f 697/528/153 505/533/153 732/529/153
f 629/535/153 699/532/153 749/536/153
f 699/532/153 629/535/153 505/533/153
f 737/537/160 738/538/160 464/539/160 463/540/160
f 741/541/160 742/542/160 469/543/160 468/544/160
f 736/545/160 461/546/160 460/547/160
f 752/548/160 736/545/160 460/547/160 590/549/160
f 742/542/160 743/550/160 601/551/160 469/543/160
f 737/537/160 463/540/160 462/552/160
f 466/553/160 465/554/160 740/555/160
f 740/555/160 465/554/160 452/556/160 739/557/160
f 452/556/160 464/539/160 738/538/160 739/557/160
f 736/545/160 737/537/160 462/552/160 461/546/160
f 472/558/160 467/559/160 741/541/160
f 466/553/160 740/555/160 741/541/160 467/559/160
f 771/560/173 773/561/174 535/562/174 534/563/173
f 741/541/160 468/544/160 472/558/160
f 734/564/167 754/565/167 772/566/167 470/567/167
f 770/568/175 771/560/173 534/563/173 533/569/175
f 769/570/176 770/568/175 533/569/175 532/571/176
f 768/572/155 769/570/176 532/571/176 526/573/155
f 767/574/177 768/572/155 526/573/155 531/575/177
f 753/576/178 767/574/177 531/575/177 530/577/178
f 755/578/179 745/579/180 528/580/180 527/581/179
f 756/582/167 755/578/179 527/581/179 679/583/167
f 744/584/165 753/576/178 530/577/178 529/585/165
f 745/579/180 744/584/165 529/585/165 528/580/180
f 754/565/167 783/586/167 772/566/167
f 776/587/181 777/588/167 606/589/167 473/590/181
f 775/591/182 776/587/181 473/590/181 471/592/182
f 774/593/183 775/591/182 471/592/182 780/594/183
f 782/595/160 733/596/160 781/597/160
f 778/598/160 733/596/160 782/595/160
f 779/599/160 746/600/160 778/598/160
f 733/596/160 735/601/160 781/597/160
f 746/600/160 733/596/160 778/598/160
f 480/602/153 483/603/153 803/604/153 481/605/153
f 480/602/153 479/606/153 484/607/153 483/603/153
f 478/608/153 485/609/153 484/607/153 479/606/153
f 643/610/153 841/611/153 485/609/153 478/608/153
f 789/612/156 477/613/156 486/614/156 487/615/156
f 487/615/156 486/614/156 794/616/156 796/617/156
f 476/618/155 812/619/155 488/620/155 787/621/155
f 812/619/155 797/622/155 798/623/155 488/620/155
f 785/624/154 475/625/154 813/626/184 489/627/185
f 489/627/185 813/626/184 799/628/186 800/629/186
f 649/630/172 474/631/172 814/632/172 843/633/172
f 646/634/187 815/635/187 801/636/187 844/637/187
f 642/638/172 640/639/172 490/640/172 809/641/172
f 810/642/188 816/643/188 491/644/188 807/645/188
f 805/646/163 808/647/163 819/648/163 492/649/163
f 806/650/189 821/651/189 493/652/189 804/653/189
f 855/654/165 497/655/165 498/656/166 510/657/166
f 857/658/167 631/659/167 496/660/168 512/661/168
f 849/662/169 502/663/169 639/664/153 653/665/153
f 508/666/170 500/667/170 501/668/171 507/669/171
f 510/657/166 498/656/166 499/670/155 509/671/155
f 512/661/168 496/660/168 497/655/165 855/654/165
f 507/669/171 501/668/171 502/663/169 849/662/169
f 509/671/155 499/670/155 500/667/170 508/666/170
f 856/672/172 630/673/172 661/674/172
f 850/675/172 630/673/172 506/676/172
f 852/677/172 630/673/172 853/678/172
f 817/679/153 645/680/153 820/681/153
f 511/682/172 630/673/172 856/672/172
f 482/683/160 823/684/160 840/685/160 647/686/160
f 481/605/153 803/604/153 802/687/153 648/688/153
f 811/689/160 641/690/160 793/691/160 795/692/160
f 791/693/160 644/694/160 641/690/160 811/689/160
f 853/678/172 630/673/172 854/695/172
f 506/676/172 630/673/172 851/696/172
f 854/695/172 630/673/172 511/682/172
f 851/696/172 630/673/172 852/677/172
f 824/697/153 822/698/153 645/680/153
f 495/699/155 504/525/155 766/524/155 494/700/155
f 645/680/153 822/698/153 820/681/153
f 817/679/153 818/701/153 645/680/153
f 788/702/153 825/703/153 790/704/153
f 788/702/153 786/705/153 825/703/153
f 786/705/153 662/706/153 825/703/153
f 790/704/153 505/533/153 792/707/153
f 784/708/153 662/706/153 786/705/153
f 790/704/153 825/703/153 505/533/153
f 629/535/153 842/709/153 792/707/153
f 792/707/153 505/533/153 629/535/153
f 830/710/172 516/711/172 517/712/172 831/713/172
f 834/714/172 521/715/172 522/716/172 835/717/172
f 829/718/172 513/719/172 514/720/172
f 845/721/172 663/722/172 513/719/172 829/718/172
f 835/717/172 522/716/172 674/723/172 836/724/172
f 830/710/172 515/725/172 516/711/172
f 519/726/172 833/727/172 518/728/172
f 833/727/172 832/729/172 503/730/172 518/728/172
f 503/730/172 832/729/172 831/713/172 517/712/172
f 829/718/172 514/720/172 515/725/172 830/710/172
f 525/731/172 834/714/172 520/732/172
f 519/726/172 520/732/172 834/714/172 833/727/172
f 862/733/173 534/563/173 535/562/174 864/734/174
f 834/714/172 525/731/172 521/715/172
f 827/735/167 523/736/167 863/737/167 754/565/167
f 861/738/175 533/569/175 534/563/173 862/733/173
f 860/739/176 532/571/176 533/569/175 861/738/175
f 859/740/155 526/573/155 532/571/176 860/739/176
f 858/741/177 531/575/177 526/573/155 859/740/155
f 846/742/178 530/577/178 531/575/177 858/741/177
f 847/743/179 527/581/179 528/580/180 838/744/180
f 848/745/167 679/583/167 527/581/179 847/743/179
f 837/746/165 529/585/165 530/577/178 846/742/178
f 838/744/180 528/580/180 529/585/165 837/746/165
f 754/565/167 863/737/167 783/586/167
f 867/747/181 536/748/181 690/749/167 868/750/167
f 866/751/182 524/752/182 536/748/181 867/747/181
f 865/753/183 871/754/183 524/752/182 866/751/182
f 873/755/172 872/756/172 826/757/172
f 869/758/172 873/755/172 826/757/172
f 870/759/172 869/758/172 839/760/172
f 826/757/172 872/756/172 828/761/172
f 839/760/172 869/758/172 826/757/172
f 543/762/153 546/763/153 890/764/153 544/765/153
f 543/762/153 542/766/153 547/767/153 546/763/153
f 541/768/153 548/769/153 547/767/153 542/766/153
f 572/433/153 748/434/153 548/769/153 541/768/153
f 878/770/188 540/771/188 549/772/188 550/773/188
f 550/773/188 549/772/188 882/774/188 884/775/188
f 539/776/163 899/777/163 551/778/163 876/779/163
f 899/777/163 885/780/163 886/781/163 551/778/163
f 874/782/162 538/783/162 900/784/190 552/785/191
f 552/785/191 900/784/190 887/786/192 888/787/192
f 578/455/160 537/788/160 901/789/160 750/456/160
f 575/457/161 902/790/161 889/791/161 751/458/161
f 571/461/160 569/464/160 553/792/160 896/793/160
f 897/794/156 903/795/156 554/796/156 894/797/156
f 892/798/155 895/799/155 905/800/155 555/801/155
f 893/802/193 907/803/193 556/804/193 891/805/193
f 932/806/194 562/807/194 563/808/195 585/809/195
f 765/481/167 560/484/167 561/810/196 587/811/196
f 927/812/197 567/813/197 568/487/153 580/486/153
f 583/814/198 565/815/198 566/816/199 582/817/199
f 585/809/195 563/808/195 564/818/163 584/819/163
f 587/811/196 561/810/196 562/807/194 932/806/194
f 582/817/199 566/816/199 567/813/197 927/812/197
f 584/819/163 564/818/163 565/815/198 583/814/198
f 933/820/160 559/497/160 588/496/160
f 758/498/160 559/497/160 581/821/160
f 929/822/160 559/497/160 930/823/160
f 904/824/153 574/504/153 906/825/153
f 586/826/160 559/497/160 933/820/160
f 545/827/172 909/828/172 747/508/172 576/507/172
f 544/765/153 890/764/153 709/511/153 577/510/153
f 898/829/172 570/515/172 700/514/172 883/830/172
f 880/831/172 573/517/172 570/515/172 898/829/172
f 930/823/160 559/497/160 931/832/160
f 581/821/160 559/497/160 928/833/160
f 931/832/160 559/497/160 586/826/160
f 928/833/160 559/497/160 929/822/160
f 910/834/153 908/835/153 574/504/153
f 558/836/163 651/837/163 934/838/163 557/839/163
f 574/504/153 908/835/153 906/825/153
f 904/824/153 725/526/153 574/504/153
f 877/840/153 911/841/153 879/842/153
f 877/840/153 875/843/153 911/841/153
f 875/843/153 589/531/153 911/841/153
f 879/842/153 652/844/153 881/845/153
f 691/534/153 589/531/153 875/843/153
f 879/842/153 911/841/153 652/844/153
f 629/535/153 749/536/153 881/845/153
f 881/845/153 652/844/153 629/535/153
f 916/846/160 594/847/160 595/848/160 917/849/160
f 920/850/160 599/851/160 600/852/160 921/853/160
f 915/854/160 591/855/160 592/856/160
f 752/548/160 590/549/160 591/855/160 915/854/160
f 921/853/160 600/852/160 601/551/160 743/550/160
f 916/846/160 593/857/160 594/847/160
f 597/858/160 919/859/160 596/860/160
f 919/859/160 918/861/160 579/862/160 596/860/160
f 579/862/160 918/861/160 917/849/160 595/848/160
f 915/854/160 592/856/160 593/857/160 916/846/160
f 604/863/160 920/850/160 598/864/160
f 597/858/160 598/864/160 920/850/160 919/859/160
f 939/865/200 687/866/200 688/867/201 941/868/201
f 920/850/160 604/863/160 599/851/160
f 913/869/167 602/870/167 940/871/167 925/872/167
f 938/873/202 686/874/202 687/866/200 939/865/200
f 937/875/203 685/876/203 686/874/202 938/873/202
f 936/877/163 678/878/163 685/876/203 937/875/203
f 935/879/204 684/880/204 678/878/163 936/877/163
f 924/881/205 683/882/205 684/880/204 935/879/204
f 926/883/181 680/884/181 681/885/206 923/886/206
f 756/887/167 679/888/167 680/884/181 926/883/181
f 922/889/194 682/890/194 683/882/205 924/881/205
f 923/886/206 681/885/206 682/890/194 922/889/194
f 925/872/167 940/871/167 949/891/167
f 944/892/179 605/893/179 606/589/167 777/588/167
f 943/894/207 603/895/207 605/893/179 944/892/179
f 942/896/208 946/897/208 603/895/207 943/894/207
f 948/898/160 947/899/160 912/900/160
f 945/901/160 948/898/160 912/900/160
f 779/599/160 945/901/160 746/600/160
f 912/900/160 947/899/160 914/902/160
f 746/600/160 945/901/160 912/900/160
f 613/903/153 614/904/153 966/905/153 616/906/153
f 613/903/153 616/906/153 617/907/153 612/908/153
f 611/909/153 612/908/153 617/907/153 618/910/153
f 643/610/153 611/909/153 618/910/153 841/611/153
f 954/911/162 620/912/162 619/913/162 610/914/162
f 620/912/162 960/915/162 958/916/162 619/913/162
f 609/917/163 952/918/163 621/919/163 975/920/163
f 975/920/163 621/919/163 962/921/163 961/922/163
f 950/923/188 622/924/209 976/925/210 608/926/188
f 622/924/209 964/927/211 963/928/211 976/925/210
f 649/630/172 843/633/172 977/929/172 607/930/172
f 646/634/187 844/637/187 965/931/187 978/932/187
f 642/638/172 972/933/172 623/934/172 640/639/172
f 973/935/154 970/936/154 624/937/154 979/938/154
f 968/939/155 625/940/155 981/941/155 971/942/155
f 969/943/212 967/944/212 626/945/212 983/946/212
f 1007/947/194 658/948/195 634/949/195 633/950/194
f 857/658/167 660/951/196 632/952/196 631/659/167
f 1002/953/197 653/665/153 639/664/153 638/954/197
f 656/955/198 655/956/199 637/957/199 636/958/198
f 658/948/195 657/959/163 635/960/163 634/949/195
f 660/951/196 1007/947/194 633/950/194 632/952/196
f 655/956/199 1002/953/197 638/954/197 637/957/199
f 657/959/163 656/955/198 636/958/198 635/960/163
f 1008/961/172 661/674/172 630/673/172
f 850/675/172 654/962/172 630/673/172
f 1004/963/172 1005/964/172 630/673/172
f 980/965/153 982/966/153 645/680/153
f 659/967/172 1008/961/172 630/673/172
f 615/968/160 647/686/160 840/685/160 985/969/160
f 614/904/153 648/688/153 802/687/153 966/905/153
f 974/970/160 959/971/160 793/691/160 641/690/160
f 956/972/160 974/970/160 641/690/160 644/694/160
f 1005/964/172 1006/973/172 630/673/172
f 654/962/172 1003/974/172 630/673/172
f 1006/973/172 659/967/172 630/673/172
f 1003/974/172 1004/963/172 630/673/172
f 986/975/153 645/680/153 984/976/153
f 628/977/163 627/978/163 934/838/163 651/837/163
f 645/680/153 982/966/153 984/976/153
f 980/965/153 645/680/153 818/701/153
f 953/979/153 955/980/153 987/981/153
f 953/979/153 987/981/153 951/982/153
f 951/982/153 987/981/153 662/706/153
f 955/980/153 957/983/153 652/844/153
f 784/708/153 951/982/153 662/706/153
f 955/980/153 652/844/153 987/981/153
f 629/535/153 957/983/153 842/709/153
f 957/983/153 629/535/153 652/844/153
f 992/984/172 993/985/172 668/986/172 667/987/172
f 996/988/172 997/989/172 673/990/172 672/991/172
f 991/992/172 665/993/172 664/994/172
f 845/721/172 991/992/172 664/994/172 663/722/172
f 997/989/172 836/724/172 674/723/172 673/990/172
f 992/984/172 667/987/172 666/995/172
f 670/996/172 669/997/172 995/998/172
f 995/998/172 669/997/172 650/999/172 994/1000/172
f 650/999/172 668/986/172 993/985/172 994/1000/172
f 991/992/172 992/984/172 666/995/172 665/993/172
f 677/1001/172 671/1002/172 996/988/172
f 670/996/172 995/998/172 996/988/172 671/1002/172
f 1013/1003/200 1015/1004/201 688/867/201 687/866/200
f 996/988/172 672/991/172 677/1001/172
f 989/1005/167 925/872/167 1014/1006/167 675/1007/167
f 1012/1008/202 1013/1003/200 687/866/200 686/874/202
f 1011/1009/203 1012/1008/202 686/874/202 685/876/203
f 1010/1010/163 1011/1009/203 685/876/203 678/878/163
f 1009/1011/204 1010/1010/163 678/878/163 684/880/204
f 1000/1012/205 1009/1011/204 684/880/204 683/882/205
f 1001/1013/181 999/1014/206 681/885/206 680/884/181
f 848/1015/167 1001/1013/181 680/884/181 679/888/167
f 998/1016/194 1000/1012/205 683/882/205 682/890/194
f 999/1014/206 998/1016/194 682/890/194 681/885/206
f 925/872/167 949/891/167 1014/1006/167
f 1018/1017/179 868/750/167 690/749/167 689/1018/179
f 1017/1019/207 1018/1017/179 689/1018/179 676/1020/207
f 1016/1021/208 1017/1019/207 676/1020/207 1020/1022/208
f 1022/1023/172 988/1024/172 1021/1025/172
f 1019/1026/172 988/1024/172 1022/1023/172
f 870/759/172 839/760/172 1019/1026/172
f 988/1024/172 990/1027/172 1021/1025/172
f 839/760/172 988/1024/172 1019/1026/172
o part.001_3816uv3.001
v 5.712479 10.452000 -1.700000
v 5.712479 13.300000 -1.699999
v 2.912479 13.300000 -1.699999
v 3.912479 9.600000 -1.700000
v 4.830479 9.783000 -1.700000
v 5.615479 10.301001 -1.700000
v 3.912479 14.486000 -1.699999
v 6.124479 11.074000 -1.700000
v 3.431479 14.357000 -1.699999
v 6.312479 12.131001 -1.699999
v 4.393479 14.357000 -1.699999
v 3.912479 6.400000 -2.000000
v 4.830479 6.217000 -2.000000
v 5.609479 5.697001 -2.000000
v 6.129479 4.918000 -2.000000
v 6.312479 4.000000 -2.000001
v 6.129479 3.082000 -2.000001
v 5.609479 2.302999 -2.000001
v 4.830479 1.783000 -2.000001
v 3.912479 1.599999 -2.000001
v 2.994479 1.783000 -2.000001
v 2.215479 2.302999 -2.000001
v 1.695479 3.082000 -2.000001
v 1.512479 4.000000 -2.000001
v 1.695479 4.918000 -2.000000
v 2.215479 5.697001 -2.000000
v 2.994479 6.217000 -2.000000
v 3.912479 6.400000 -3.600000
v 4.830479 6.217000 -3.600000
v 5.609479 5.697001 -3.600000
v 6.129479 4.918000 -3.600000
v 6.312479 4.000000 -3.600001
v 6.129479 3.082001 -3.600001
v 5.609479 2.303000 -3.600001
v 4.830479 1.783001 -3.600001
v 3.912479 1.600000 -3.600001
v 2.994479 1.783001 -3.600001
v 2.215479 2.303000 -3.600001
v 1.695479 3.082001 -3.600001
v 1.512479 4.000000 -3.600001
v 1.695479 4.918000 -3.600000
v 2.215479 5.697001 -3.600000
v 2.994479 6.217000 -3.600000
v 5.609479 10.302999 1.881000
v 4.830479 9.782999 1.541000
v 3.912479 9.599999 1.311000
v 2.994479 9.782999 1.541000
v 3.912479 14.486000 -1.392999
v 4.546479 14.316000 -1.796999
v 5.614479 13.743000 -2.544999
v 6.112479 12.998000 -3.116999
v 6.312479 12.131001 -3.475999
v 6.124479 11.074000 -3.599999
v 5.615479 10.301001 -3.600000
v 4.830479 9.783000 -3.600000
v 3.912479 9.600000 -3.600000
v 2.994479 9.783000 -3.600000
v 2.212479 10.301001 -3.600000
v 1.693479 11.080000 -3.599999
v 1.512479 12.131001 -3.475999
v 1.704479 12.998000 -3.116999
v 2.210479 13.743000 -2.544999
v 3.278479 14.316000 -1.796999
v 0.752479 11.200001 -3.599999
v 0.752479 8.237000 2.000000
v 0.752479 8.655999 2.543000
v 0.752479 9.400999 3.115000
v 0.752479 10.268000 3.474000
v 0.752479 11.199999 3.597000
v 0.752479 12.131000 3.474001
v 0.752479 12.997999 3.115001
v 0.752479 13.742999 2.543001
v 0.752479 14.315000 1.798001
v 0.752479 14.674999 0.930001
v 0.752479 14.799999 0.000001
v 0.752479 14.675000 -0.931999
v 0.752479 14.315001 -1.797999
v 0.752479 13.743000 -2.544999
v 0.752479 12.998000 -3.116999
v 0.752479 12.131001 -3.475999
v 7.231479 11.200001 -3.599000
v 7.318479 8.655999 2.543000
v 7.293479 9.400999 3.115000
v 7.231479 11.199999 3.597000
v 7.199479 12.131000 3.474001
v 7.145479 13.742999 2.543001
v 7.112479 14.674999 0.930001
v 7.112479 14.675000 -0.931999
v 7.120479 14.315001 -1.797999
v 7.145479 13.743000 -2.544999
v 7.170479 12.998000 -3.116999
v 7.199479 12.131001 -3.475999
v 0.752479 7.934999 2.000000
v 0.752479 7.420000 0.806000
v 0.752479 7.301000 -0.000000
v 0.752479 7.427000 -0.932000
v 0.752479 7.740000 -1.850000
v 0.752479 8.224000 -2.545000
v 0.752479 8.808001 -3.117000
v 0.752479 9.264000 -3.481000
v 0.752479 9.482000 -3.600000
v 0.412479 9.482000 -3.600000
v 0.412479 9.264000 -3.481000
v 0.412479 8.808001 -3.117000
v 0.412479 8.224000 -2.545000
v 0.412479 7.740000 -1.850000
v 0.412479 7.427000 -0.932000
v 0.412479 7.301000 -0.000000
v 0.412479 7.420000 0.806000
v 0.412479 7.934999 2.000000
v 0.412479 0.020000 -3.600001
v 7.612479 0.020000 -3.600001
v 7.612479 0.019999 4.359999
v 1.512479 0.020000 2.799999
v 0.412479 3.200000 1.999999
v 7.504479 3.200000 1.999999
v 0.412479 3.199999 4.359999
v 0.412479 0.019999 4.359999
v 1.512479 0.020000 -2.000001
v 2.912479 10.741000 -1.109000
v 2.912479 10.351000 -0.849000
v 2.912479 10.091000 -0.459000
v 2.912479 10.000000 0.000000
v 2.912479 10.091000 0.459000
v 2.912479 10.351000 0.849000
v 2.912479 10.740999 1.109000
v 2.912479 11.200000 1.200001
v 2.912479 11.658999 1.109001
v 2.912479 12.049000 0.849001
v 2.912479 12.309000 0.459001
v 2.912479 12.400000 0.000001
v 2.912479 12.309000 -0.458999
v 2.912479 12.049000 -0.848999
v 2.912479 11.659000 -1.108999
v 2.912479 11.200000 -1.200000
v 7.332479 8.237000 2.000000
v 7.263479 10.268000 3.474000
v 7.170479 12.997999 3.115001
v 7.125479 14.315000 1.798001
v 7.109479 14.799999 0.000001
v 7.504479 3.199999 4.359999
v 6.312479 0.020000 -2.000001
v 6.312479 0.020000 2.799999
v 6.312479 2.000000 1.199999
v 6.312479 2.000000 2.799999
v 1.512479 2.000000 1.199999
v 1.512479 2.000000 2.799999
v 1.512479 9.000000 -2.000000
v 1.512479 9.000000 1.200000
v 6.312479 9.000000 -2.000000
v 6.312479 9.000000 1.200000
v 5.712479 12.757999 1.393001
v 5.712479 10.452000 1.921000
v 5.712479 12.000000 1.936001
v 2.210479 13.743000 -1.699999
v 1.693479 11.080000 -1.700000
v 1.512479 12.096000 -1.699999
v 1.703479 12.955000 -1.699999
v 2.994479 9.783000 -1.700000
v 6.112479 12.998000 -1.699999
v 0.752479 11.200000 -1.200000
v 0.752479 11.659000 -1.108999
v 0.752479 12.049000 -0.848999
v 0.752479 12.309000 -0.458999
v 0.752479 12.400000 0.000001
v 0.752479 12.309000 0.459001
v 0.752479 12.049000 0.849001
v 0.752479 11.658999 1.109001
v 0.752479 11.200000 1.200001
v 0.752479 10.740999 1.109000
v 0.752479 10.351000 0.849000
v 0.752479 10.091000 0.459000
v 0.752479 10.000000 0.000000
v 0.752479 10.091000 -0.459000
v 0.752479 10.351000 -0.849000
v 0.752479 10.741000 -1.109000
v 1.932479 13.300000 -1.699999
v 2.212479 10.301001 -1.700000
v 2.912479 9.838000 -1.700000
v 5.614479 13.743000 -1.699999
v 4.546479 14.316000 -1.699999
v 3.278479 14.316000 -1.699999
v 5.712479 13.299999 0.699001
v 2.912479 13.299999 0.699001
v 5.712479 11.082000 2.074000
v 2.912479 9.834999 1.574000
v 2.912479 10.302999 1.881000
v 2.912479 11.082000 2.074000
v 2.912479 12.000000 1.936001
v 2.912479 12.757999 1.393001
v 5.712479 10.452000 -1.700000
v 5.712479 10.452000 -1.700000
v 5.712479 13.300000 -1.699999
v 5.712479 13.300000 -1.699999
v 3.912479 14.486000 -1.699999
v 3.431479 14.357000 -1.699999
v 3.431479 14.357000 -1.699999
v 3.431479 14.357000 -1.699999
v 4.393479 14.357000 -1.699999
v 4.393479 14.357000 -1.699999
v 4.393479 14.357000 -1.699999
v 3.912479 14.486000 -1.392999
v 6.112479 12.998000 -1.699999
v 5.614479 13.743000 -1.699999
v 2.912479 13.300000 -1.699999
v 2.912479 13.300000 -1.699999
v 2.912479 9.838000 -1.700000
v 2.912479 9.838000 -1.700000
v 3.912479 6.400000 -2.000000
v 4.830479 6.217000 -2.000000
v 5.609479 5.697001 -2.000000
v 6.129479 4.918000 -2.000000
v 6.312479 4.000000 -2.000001
v 6.312479 4.000000 -2.000001
v 6.312479 4.000000 -2.000001
v 6.129479 3.082000 -2.000001
v 5.609479 2.302999 -2.000001
v 4.830479 1.783000 -2.000001
v 3.912479 1.599999 -2.000001
v 2.994479 1.783000 -2.000001
v 2.215479 2.302999 -2.000001
v 1.695479 3.082000 -2.000001
v 1.512479 4.000000 -2.000001
v 1.512479 4.000000 -2.000001
v 1.512479 4.000000 -2.000001
v 1.695479 4.918000 -2.000000
v 2.215479 5.697001 -2.000000
v 2.994479 6.217000 -2.000000
v 3.912479 6.400000 -3.600000
v 4.830479 6.217000 -3.600000
v 5.609479 5.697001 -3.600000
v 6.129479 4.918000 -3.600000
v 6.312479 4.000000 -3.600001
v 6.129479 3.082001 -3.600001
v 5.609479 2.303000 -3.600001
v 4.830479 1.783001 -3.600001
v 3.912479 1.600000 -3.600001
v 2.994479 1.783001 -3.600001
v 2.215479 2.303000 -3.600001
v 1.695479 3.082001 -3.600001
v 1.512479 4.000000 -3.600001
v 1.695479 4.918000 -3.600000
v 2.215479 5.697001 -3.600000
v 2.994479 6.217000 -3.600000
v 5.609479 10.302999 1.881000
v 4.830479 9.782999 1.541000
v 3.912479 9.599999 1.311000
v 2.994479 9.782999 1.541000
v 4.546479 14.316000 -1.796999
v 5.614479 13.743000 -2.544999
v 6.112479 12.998000 -3.116999
v 6.312479 12.131001 -3.475999
v 6.124479 11.074000 -3.599999
v 5.615479 10.301001 -3.600000
v 4.830479 9.783000 -3.600000
v 3.912479 9.600000 -3.600000
v 2.994479 9.783000 -3.600000
v 2.212479 10.301001 -3.600000
v 1.693479 11.080000 -3.599999
v 1.512479 12.131001 -3.475999
v 1.704479 12.998000 -3.116999
v 2.210479 13.743000 -2.544999
v 3.278479 14.316000 -1.796999
v 7.109479 14.799999 0.000001
v 7.112479 14.675000 -0.931999
v 7.125479 14.315000 1.798001
v 7.112479 14.674999 0.930001
v 7.170479 12.997999 3.115001
v 7.145479 13.742999 2.543001
v 7.263479 10.268000 3.474000
v 7.231479 11.199999 3.597000
v 7.332479 8.237000 2.000000
v 7.332479 8.237000 2.000000
v 7.318479 8.655999 2.543000
v 0.752479 8.237000 2.000000
v 0.752479 8.237000 2.000000
v 0.752479 8.655999 2.543000
v 0.752479 9.400999 3.115000
v 7.293479 9.400999 3.115000
v 0.752479 10.268000 3.474000
v 0.752479 11.199999 3.597000
v 0.752479 12.131000 3.474001
v 7.199479 12.131000 3.474001
v 0.752479 12.997999 3.115001
v 0.752479 13.742999 2.543001
v 0.752479 14.315000 1.798001
v 0.752479 14.674999 0.930001
v 0.752479 14.799999 0.000001
v 0.752479 14.675000 -0.931999
v 0.752479 14.315001 -1.797999
v 7.120479 14.315001 -1.797999
v 0.752479 13.743000 -2.544999
v 7.145479 13.743000 -2.544999
v 0.752479 12.998000 -3.116999
v 7.170479 12.998000 -3.116999
v 0.752479 12.131001 -3.475999
v 7.199479 12.131001 -3.475999
v 0.752479 11.200001 -3.599999
v 7.231479 11.200001 -3.599000
v 0.752479 7.934999 2.000000
v 0.752479 7.934999 2.000000
v 0.752479 7.420000 0.806000
v 0.752479 7.301000 -0.000000
v 0.752479 7.427000 -0.932000
v 0.752479 7.740000 -1.850000
v 0.752479 8.224000 -2.545000
v 7.612479 0.020000 -3.600001
v 7.612479 0.020000 -3.600001
v 0.752479 8.808001 -3.117000
v 0.752479 9.264000 -3.481000
v 0.752479 9.482000 -3.600000
v 0.752479 9.482000 -3.600000
v 0.412479 9.482000 -3.600000
v 0.412479 9.482000 -3.600000
v 0.412479 9.264000 -3.481000
v 0.412479 8.808001 -3.117000
v 0.412479 8.224000 -2.545000
v 0.412479 7.740000 -1.850000
v 0.412479 7.427000 -0.932000
v 0.412479 7.301000 -0.000000
v 0.412479 7.420000 0.806000
v 0.412479 7.934999 2.000000
v 0.412479 7.934999 2.000000
v 1.512479 0.020000 2.799999
v 1.512479 0.020000 2.799999
v 1.512479 0.020000 -2.000001
v 1.512479 0.020000 -2.000001
v 0.412479 3.200000 1.999999
v 0.412479 3.200000 1.999999
v 0.412479 3.199999 4.359999
v 0.412479 3.199999 4.359999
v 0.412479 0.019999 4.359999
v 0.412479 0.019999 4.359999
v 0.412479 0.020000 -3.600001
v 0.412479 0.020000 -3.600001
v 2.912479 11.200000 -1.200000
v 2.912479 10.741000 -1.109000
v 2.912479 10.351000 -0.849000
v 2.912479 10.091000 -0.459000
v 2.912479 10.000000 0.000000
v 2.912479 10.091000 0.459000
v 2.912479 10.351000 0.849000
v 2.912479 10.740999 1.109000
v 2.912479 11.200000 1.200001
v 2.912479 11.658999 1.109001
v 2.912479 12.049000 0.849001
v 2.912479 12.309000 0.459001
v 2.912479 12.400000 0.000001
v 2.912479 12.309000 -0.458999
v 2.912479 12.049000 -0.848999
v 2.912479 11.659000 -1.108999
v 6.312479 0.020000 -2.000001
v 6.312479 0.020000 -2.000001
v 7.504479 3.199999 4.359999
v 7.504479 3.199999 4.359999
v 7.504479 3.200000 1.999999
v 7.504479 3.200000 1.999999
v 6.312479 2.000000 1.199999
v 6.312479 2.000000 1.199999
v 6.312479 2.000000 2.799999
v 6.312479 2.000000 2.799999
v 1.512479 2.000000 2.799999
v 1.512479 2.000000 2.799999
v 1.512479 2.000000 1.199999
v 1.512479 2.000000 1.199999
v 1.512479 9.000000 1.200000
v 1.512479 9.000000 1.200000
v 6.312479 9.000000 1.200000
v 6.312479 9.000000 1.200000
v 1.512479 9.000000 -2.000000
v 1.512479 9.000000 -2.000000
v 6.312479 9.000000 -2.000000
v 6.312479 9.000000 -2.000000
v 6.312479 0.020000 2.799999
v 6.312479 0.020000 2.799999
v 7.612479 0.019999 4.359999
v 7.612479 0.019999 4.359999
v 5.712479 10.452000 1.921000
v 5.712479 10.452000 1.921000
v 5.712479 11.082000 2.074000
v 5.712479 12.000000 1.936001
v 5.712479 12.757999 1.393001
v 2.912479 9.834999 1.574000
v 2.912479 9.834999 1.574000
v 2.210479 13.743000 -1.699999
v 1.932479 13.300000 -1.699999
v 1.703479 12.955000 -1.699999
v 1.693479 11.080000 -1.700000
v 2.212479 10.301001 -1.700000
v 1.512479 12.096000 -1.699999
v 3.278479 14.316000 -1.699999
v 6.312479 12.131001 -1.699999
v 6.124479 11.074000 -1.700000
v 4.546479 14.316000 -1.699999
v 0.752479 11.659000 -1.108999
v 0.752479 11.200000 -1.200000
v 0.752479 12.049000 -0.848999
v 0.752479 12.309000 -0.458999
v 0.752479 12.400000 0.000001
v 0.752479 12.309000 0.459001
v 0.752479 12.049000 0.849001
v 0.752479 11.658999 1.109001
v 0.752479 11.200000 1.200001
v 0.752479 10.740999 1.109000
v 0.752479 10.351000 0.849000
v 0.752479 10.091000 0.459000
v 0.752479 10.000000 0.000000
v 0.752479 10.091000 -0.459000
v 0.752479 10.351000 -0.849000
v 0.752479 10.741000 -1.109000
v 5.712479 13.299999 0.699001
v 5.712479 13.299999 0.699001
v 2.912479 13.299999 0.699001
v 2.912479 13.299999 0.699001
v 2.912479 12.757999 1.393001
v 2.912479 12.000000 1.936001
v 2.912479 11.082000 2.074000
v 2.912479 10.302999 1.881000
vt 0.564315 0.527491
vt 0.565103 0.523158
vt 0.566679 0.532612
vt 0.565103 0.523158
vt 0.566679 0.520401
vt 0.565103 0.523158
vt 0.564315 0.527491
vt 0.564315 0.527491
vt 0.565103 0.531233
vt 0.565103 0.531233
vt 0.567270 0.519810
vt 0.567270 0.519810
vt 0.566679 0.520401
vt 0.570421 0.517643
vt 0.570421 0.517643
vt 0.609221 0.537536
vt 0.609221 0.537536
vt 0.611191 0.536945
vt 0.578299 0.502478
vt 0.578299 0.502478
vt 0.581647 0.500311
vt 0.581647 0.500311
vt 0.574360 0.503265
vt 0.574360 0.503265
vt 0.570421 0.502478
vt 0.570421 0.502478
vt 0.567270 0.500311
vt 0.567270 0.500311
vt 0.564906 0.496963
vt 0.564906 0.496963
vt 0.564315 0.493024
vt 0.564315 0.493024
vt 0.564906 0.489085
vt 0.564906 0.489085
vt 0.567270 0.485933
vt 0.567270 0.485933
vt 0.570421 0.483570
vt 0.570421 0.483570
vt 0.574360 0.482782
vt 0.574360 0.482782
vt 0.578299 0.483570
vt 0.578299 0.483570
vt 0.581647 0.485933
vt 0.581647 0.485933
vt 0.583814 0.489085
vt 0.583814 0.489085
vt 0.584602 0.493024
vt 0.584602 0.493024
vt 0.583814 0.496963
vt 0.583814 0.496963
vt 0.663975 0.476085
vt 0.630099 0.476085
vt 0.653931 0.489675
vt 0.663975 0.489675
vt 0.842993 0.352715
vt 0.846032 0.317635
vt 0.787913 0.317635
vt 0.789432 0.354779
vt 0.789432 0.357874
vt 0.842993 0.357874
vt 0.842993 0.354779
vt 0.789432 0.354779
vt 0.789812 0.369911
vt 0.842993 0.369911
vt 0.842993 0.363377
vt 0.789432 0.363377
vt 0.790192 0.383668
vt 0.842993 0.383668
vt 0.842993 0.376790
vt 0.790192 0.376790
vt 0.855551 0.871639
vt 0.855551 0.871639
vt 0.855073 0.870445
vt 0.855073 0.870445
vt 0.857462 0.873790
vt 0.857462 0.873790
vt 0.860329 0.876895
vt 0.860329 0.876895
vt 0.863913 0.879284
vt 0.863913 0.879284
vt 0.868691 0.880957
vt 0.868691 0.880957
vt 0.873469 0.881674
vt 0.873469 0.881674
vt 0.877531 0.880957
vt 0.877531 0.880957
vt 0.883742 0.878329
vt 0.883742 0.878329
vt 0.564315 0.514295
vt 0.584602 0.514295
vt 0.584602 0.514295
vt 0.564315 0.514295
vt 0.895927 0.902697
vt 0.883742 0.902697
vt 0.855073 0.919182
vt 0.895927 0.919182
vt 0.790572 0.390203
vt 0.842993 0.390203
vt 0.846032 0.352715
vt 0.842993 0.354779
vt 0.584602 0.484555
vt 0.584602 0.484555
vt 0.564315 0.484555
vt 0.564315 0.484555
vt 0.564315 0.484555
vt 0.564315 0.476085
vt 0.584602 0.476085
vt 0.584602 0.484555
vt 0.589329 0.476085
vt 0.584602 0.476085
vt 0.564315 0.476085
vt 0.558604 0.476085
vt 0.846032 0.317635
vt 0.846032 0.293904
vt 0.787153 0.293904
vt 0.787913 0.317635
vt 0.564315 0.484555
vt 0.584602 0.484555
vt 0.584602 0.514295
vt 0.564315 0.514295
vt 0.564315 0.484555
vt 0.564315 0.476085
vt 0.564315 0.476085
vt 0.564315 0.484555
vt 0.622811 0.538324
vt 0.595828 0.538324
vt 0.595828 0.538915
vt 0.622614 0.538915
vt 0.790952 0.399832
vt 0.842993 0.399832
vt 0.842993 0.395705
vt 0.790952 0.395705
vt 0.787913 0.317635
vt 0.787913 0.317635
vt 0.846032 0.317635
vt 0.846032 0.317635
vt 0.595828 0.527491
vt 0.598980 0.527491
vt 0.599767 0.523158
vt 0.595828 0.523552
vt 0.609221 0.537536
vt 0.790952 0.403616
vt 0.842993 0.403616
vt 0.842993 0.402584
vt 0.790952 0.402584
vt 0.584602 0.484555
vt 0.584602 0.476085
vt 0.584602 0.476085
vt 0.584602 0.484555
vt 0.566679 0.520401
vt 0.567270 0.519810
vt 0.570421 0.517643
vt 0.574360 0.516855
vt 0.574360 0.516855
vt 0.578299 0.517643
vt 0.578299 0.517643
vt 0.578693 0.517840
vt 0.578693 0.517840
vt 0.578299 0.517643
vt 0.578693 0.517840
vt 0.578693 0.519810
vt 0.583814 0.531233
vt 0.581647 0.534385
vt 0.582829 0.532612
vt 0.583814 0.531036
vt 0.581647 0.519810
vt 0.583814 0.523158
vt 0.583814 0.523158
vt 0.581647 0.519810
vt 0.584602 0.527491
vt 0.584602 0.527491
vt 0.581647 0.534385
vt 0.578299 0.517643
vt 0.574360 0.516855
vt 0.581647 0.534385
vt 0.578693 0.532612
vt 0.582829 0.532612
vt 0.584602 0.476085
vt 0.589329 0.476085
vt 0.558604 0.476085
vt 0.564315 0.476085
vt 0.584602 0.493024
vt 0.584602 0.514295
vt 0.584602 0.514295
vt 0.564315 0.493024
vt 0.564315 0.514295
vt 0.564315 0.514295
vt 0.583814 0.496963
vt 0.584602 0.514295
vt 0.584602 0.493024
vt 0.564315 0.514295
vt 0.564906 0.496963
vt 0.564315 0.493024
vt 0.581647 0.500311
vt 0.567270 0.500311
vt 0.578299 0.502478
vt 0.570421 0.502478
vt 0.574360 0.503265
vt 0.584602 0.493024
vt 0.584602 0.476085
vt 0.583814 0.489085
vt 0.581647 0.485933
vt 0.578299 0.483570
vt 0.564315 0.476085
vt 0.574360 0.482782
vt 0.570421 0.483570
vt 0.567270 0.485933
vt 0.564906 0.489085
vt 0.564315 0.493024
vt 0.645461 0.538915
vt 0.649401 0.538324
vt 0.641522 0.538324
vt 0.653143 0.536748
vt 0.637780 0.536748
vt 0.656294 0.534385
vt 0.634629 0.534385
vt 0.658658 0.531233
vt 0.632265 0.531233
vt 0.660233 0.527491
vt 0.630690 0.527491
vt 0.660627 0.523552
vt 0.630099 0.523552
vt 0.660233 0.519613
vt 0.656294 0.512719
vt 0.653931 0.510947
vt 0.658658 0.515871
vt 0.619266 0.527491
vt 0.623008 0.527491
vt 0.623205 0.523552
vt 0.618478 0.522961
vt 0.595828 0.516265
vt 0.598980 0.493024
vt 0.594253 0.476085
vt 0.599767 0.489085
vt 0.601934 0.485736
vt 0.605282 0.483570
vt 0.609221 0.482782
vt 0.612964 0.483570
vt 0.624781 0.476085
vt 0.616312 0.485736
vt 0.618478 0.489085
vt 0.619266 0.493024
vt 0.599767 0.496963
vt 0.618478 0.496963
vt 0.601934 0.500311
vt 0.616312 0.500311
vt 0.601934 0.519810
vt 0.612964 0.517643
vt 0.612964 0.502478
vt 0.609221 0.503265
vt 0.609221 0.516855
vt 0.605282 0.502478
vt 0.605282 0.517643
vt 0.616312 0.519810
vt 0.594253 0.516265
vt 0.857462 0.873790
vt 0.860329 0.876895
vt 0.855551 0.871639
vt 0.855073 0.870445
vt 0.883742 0.878329
vt 0.877531 0.880957
vt 0.873469 0.881674
vt 0.868691 0.880957
vt 0.863913 0.879284
vt 0.587753 0.521582
vt 0.587753 0.523552
vt 0.578693 0.523552
vt 0.578693 0.521582
vt 0.587753 0.525522
vt 0.587753 0.527294
vt 0.578693 0.527294
vt 0.578693 0.525522
vt 0.587753 0.528279
vt 0.587753 0.528673
vt 0.578693 0.528673
vt 0.578693 0.528279
vt 0.587753 0.523552
vt 0.587753 0.521582
vt 0.578693 0.521582
vt 0.578693 0.523552
vt 0.587753 0.528279
vt 0.587753 0.527294
vt 0.578693 0.527294
vt 0.578693 0.528279
vt 0.587753 0.520007
vt 0.587753 0.518825
vt 0.578693 0.518825
vt 0.578693 0.520007
vt 0.587753 0.525522
vt 0.578693 0.525522
vt 0.587753 0.518628
vt 0.587753 0.518825
vt 0.578693 0.518825
vt 0.578693 0.518628
vt 0.587753 0.520007
vt 0.578693 0.520007
vt 0.567270 0.534385
vt 0.567270 0.534385
vt 0.618478 0.531233
vt 0.623008 0.531233
vt 0.595828 0.531233
vt 0.599767 0.531233
vt 0.565103 0.531233
vt 0.567270 0.534385
vt 0.578693 0.517840
vt 0.581647 0.519810
vt 0.583814 0.523158
vt 0.584602 0.527491
vt 0.583814 0.531036
vt 0.571800 0.536945
vt 0.571800 0.536945
vt 0.572390 0.536945
vt 0.576527 0.536945
vt 0.572390 0.536945
vt 0.607055 0.536945
vt 0.574360 0.537536
vt 0.577117 0.536945
vt 0.576527 0.536945
vt 0.577117 0.536945
vt 0.616312 0.534385
vt 0.622811 0.534385
vt 0.595828 0.534385
vt 0.601934 0.534385
vt 0.577117 0.536945
vt 0.571800 0.536945
vt 0.611782 0.536748
vt 0.622811 0.536748
vt 0.595828 0.536748
vt 0.606464 0.536748
vt 0.607055 0.536945
vt 0.611191 0.536945
vt 0.578693 0.532612
vt 0.566679 0.532612
vt 0.566679 0.530249
vt 0.578693 0.530249
vt 0.566679 0.532612
vt 0.566679 0.532612
vt 0.578693 0.532612
vt 0.578693 0.532612
vt 0.578693 0.527097
vt 0.566679 0.527097
vt 0.578693 0.523158
vt 0.566679 0.523158
vt 0.574360 0.516855
vt 0.570421 0.517643
vt 0.567270 0.519810
vt 0.566679 0.520401
vt 0.578693 0.521582
vt 0.578693 0.523552
vt 0.578693 0.523158
vt 0.578693 0.519810
vt 0.578693 0.518628
vt 0.578693 0.517840
vt 0.578693 0.517840
vt 0.578693 0.518825
vt 0.578693 0.520007
vt 0.578693 0.521582
vt 0.578693 0.523552
vt 0.578693 0.530249
vt 0.578693 0.528279
vt 0.578693 0.528673
vt 0.578693 0.532612
vt 0.578693 0.518825
vt 0.578693 0.520007
vt 0.578693 0.532612
vt 0.578693 0.527097
vt 0.578693 0.525522
vt 0.578693 0.527294
vt 0.578693 0.525522
vt 0.566679 0.520401
vt 0.566679 0.520401
vt 0.566679 0.523158
vt 0.566679 0.530249
vt 0.578693 0.527294
vt 0.578693 0.528279
vt 0.566679 0.532612
vt 0.566679 0.532612
vt 0.566679 0.527097
vt 0.860329 0.876895
vt 0.863913 0.879284
vt 0.871080 0.867339
vt 0.869169 0.865906
vt 0.873469 0.867817
vt 0.873469 0.881674
vt 0.877531 0.880957
vt 0.883742 0.876895
vt 0.883742 0.878329
vt 0.868691 0.880957
vt 0.871080 0.855871
vt 0.868691 0.843687
vt 0.864152 0.845598
vt 0.869169 0.857305
vt 0.877770 0.865906
vt 0.886609 0.874745
vt 0.889476 0.870923
vt 0.879203 0.863994
vt 0.867736 0.863994
vt 0.857462 0.873790
vt 0.855551 0.871639
vt 0.873469 0.855394
vt 0.873469 0.842970
vt 0.886609 0.848465
vt 0.882787 0.845598
vt 0.875858 0.855871
vt 0.877770 0.857305
vt 0.891387 0.866383
vt 0.855073 0.861605
vt 0.867258 0.861605
vt 0.867736 0.859216
vt 0.855551 0.856827
vt 0.878247 0.843687
vt 0.860329 0.848465
vt 0.857462 0.852288
vt 0.892104 0.861605
vt 0.879681 0.861605
vt 0.889476 0.852288
vt 0.879203 0.859216
vt 0.891387 0.856827
vt 0.875858 0.867339
vt 0.855073 0.870445
vn 0.0000 0.0000 -1.0000
vn -0.9262 0.3770 -0.0003
vn -0.8342 0.5515 -0.0006
vn -0.9285 0.3714 0.0000
vn -0.9997 -0.0253 0.0000
vn -0.9999 0.0100 0.0000
vn -0.9397 -0.3420 0.0000
vn -0.9179 -0.3967 0.0000
vn -0.7081 0.7061 -0.0004
vn -0.7072 0.7070 -0.0006
vn -0.3802 0.9249 0.0000
vn -0.3808 0.9246 -0.0002
vn 0.0000 1.0000 0.0000
vn 0.2590 0.9658 0.0000
vn 0.3826 -0.9239 0.0000
vn 0.7071 -0.7071 0.0000
vn 0.0000 -1.0000 0.0000
vn -0.3826 -0.9239 0.0000
vn -0.7071 -0.7071 0.0000
vn -0.9239 -0.3826 0.0000
vn -1.0000 0.0000 0.0000
vn -0.9239 0.3826 0.0000
vn -0.7071 0.7071 0.0000
vn -0.3826 0.9239 0.0000
vn 0.3826 0.9239 0.0000
vn 0.7071 0.7071 0.0000
vn 0.9239 0.3826 0.0000
vn 1.0000 0.0000 0.0000
vn 0.9239 -0.3826 0.0000
vn 0.9994 0.0339 0.0000
vn 0.9994 0.0340 0.0000
vn 0.0000 0.0000 1.0000
vn 0.0000 -0.7076 0.7066
vn 0.0000 -0.7062 0.7079
vn 0.0000 -0.7917 0.6109
vn 0.0000 -0.2616 0.9652
vn 0.0000 -0.2589 0.9659
vn 0.0000 -0.5000 0.8660
vn 0.0000 -0.5022 0.8647
vn 0.0000 0.2564 0.9666
vn 0.0000 0.2590 0.9659
vn 0.0000 0.0001 1.0000
vn 0.0000 -0.0028 1.0000
vn 0.0000 0.5536 0.8328
vn 0.0000 0.4791 0.8777
vn 0.0000 0.6626 0.7489
vn 0.0000 0.7635 0.6458
vn 0.0000 0.8922 0.4515
vn 0.0000 0.9733 0.2294
vn 0.0000 1.0000 -0.0061
vn 0.0000 0.9619 -0.2734
vn 0.0000 0.9182 -0.3960
vn 0.0000 0.4980 0.8672
vn 0.0000 0.5000 0.8660
vn 0.0002 0.9653 -0.2611
vn -0.0002 0.9654 -0.2607
vn 0.0000 1.0000 0.0001
vn 0.0000 0.8651 0.5016
vn 0.0000 0.8658 0.5003
vn 0.0000 0.7071 0.7071
vn 0.0000 0.7057 0.7085
vn 0.0044 0.2560 -0.9666
vn 0.0044 0.2572 -0.9663
vn 0.0031 0.0448 -0.9990
vn 0.0048 0.0676 -0.9977
vn 0.0000 0.9243 -0.3816
vn 0.0000 0.9655 0.2603
vn 0.0000 0.9653 0.2610
vn -0.8320 0.5548 -0.0008
vn -0.7324 0.6808 -0.0008
vn -0.4141 0.9102 -0.0004
vn 0.4091 0.9125 0.0002
vn 0.3796 0.9251 0.0000
vn 0.5504 0.8349 0.0000
vn 0.5465 0.8375 0.0004
vn 0.0032 0.5764 -0.8171
vn 0.0113 0.5484 -0.8361
vn 0.0005 0.3995 -0.9167
vn 0.9409 -0.3385 -0.0090
vn 0.7392 -0.6734 -0.0083
vn 0.8375 -0.5462 -0.0109
vn 0.9216 -0.3880 -0.0106
vn 0.7062 0.7079 -0.0001
vn 0.9254 0.3788 0.0008
vn 0.9285 0.3713 0.0008
vn 0.7059 0.7083 0.0000
vn 0.9999 0.0097 -0.0011
vn 0.9998 -0.0196 -0.0016
vn 0.6826 -0.7307 0.0000
vn 0.3813 0.9244 -0.0001
vn 0.9997 0.0240 0.0000
vn 0.9996 0.0289 -0.0009
vn 0.9993 0.0379 -0.0006
vn 0.9994 0.0348 -0.0001
vn 0.9994 0.0334 0.0000
vn 0.9994 0.0342 -0.0001
vn 0.9994 0.0342 0.0000
vn 0.9994 0.0345 -0.0008
vn 0.9994 0.0341 -0.0001
vn 0.9993 0.0358 -0.0029
vn -0.0036 0.2568 -0.9664
vn -0.0038 0.2528 -0.9675
vn -0.0036 0.0651 -0.9979
vn -0.0020 0.0444 -0.9990
vn 0.0002 0.0001 -1.0000
vn 0.0004 0.0001 -1.0000
vn 0.0002 0.0000 -1.0000
vn 0.0004 -0.0001 -1.0000
vn 0.0000 0.3819 -0.9242
vn 0.0000 -0.3819 -0.9242
vn 0.0000 -0.7071 -0.7071
vn 0.0000 -0.9242 -0.3819
vn 0.0000 0.3819 0.9242
vn 0.0000 -0.9242 0.3819
vn 0.0000 -0.7071 0.7071
vn 0.0000 0.9242 0.3819
vn 0.0000 -0.3819 0.9242
vn 0.0000 0.9242 -0.3819
vn 0.0000 0.7071 -0.7071
vn -0.6720 -0.7405 0.0000
vn -0.7348 -0.6782 0.0000
vn 0.0000 0.5231 -0.8522
vn 0.0000 0.4980 -0.8672
vn 0.0000 0.5000 -0.8660
vn 0.0000 0.5230 -0.8523
vn -0.4057 -0.9140 0.0000
vn -0.3682 -0.9297 0.0000
vn -0.2588 -0.9659 0.0000
vn -0.2590 0.9658 0.0000
vn 0.4057 -0.9140 0.0000
vn 0.2588 -0.9659 0.0000
vn 0.3682 -0.9297 0.0000
vn 0.0000 0.7421 -0.6702
vn 0.0000 0.7060 -0.7082
vn 0.0000 0.7075 -0.7067
vn -0.0000 0.7424 -0.6699
vn 0.0003 0.8997 -0.4364
vn 0.0002 0.8650 -0.5017
vn -0.0002 0.8658 -0.5004
vn -0.0003 0.8997 -0.4364
vn -0.0009 0.9227 -0.3854
vn 0.0009 0.9227 -0.3854
vn 0.0000 -0.7881 -0.6155
vn 0.0000 -0.6923 -0.7216
vn 0.0000 -0.3759 -0.9266
vn 0.0000 0.0468 -0.9989
vn 0.0015 0.0466 -0.9989
vn 0.0000 0.7825 -0.6226
vn 0.0000 0.5764 -0.8172
vn 0.0059 0.3159 -0.9488
vn 0.0360 0.2358 -0.9711
usemtl mb:o:4021:154
s 1
f 1032/1028/213 1030/1029/213 1024/1030/213
f 1075/1031/214 1213/1032/215 1415/1033/216
f 1075/1031/214 1415/1033/216 1414/1034/217 1074/1035/218
f 1073/1036/219 1074/1035/218 1414/1034/217 1225/1037/220
f 1213/1032/215 1075/1031/214 1076/1038/221 1028/1039/222
f 1030/1029/213 1023/1040/213 1024/1030/213
f 1077/1041/223 1027/1042/224 1028/1039/222 1076/1038/221
f 1029/1043/225 1070/1044/225 1033/1045/226
f 1065/1046/227 1049/1047/227 1048/1048/228 1064/1049/228
f 1065/1046/227 1050/1050/229 1034/1051/229 1049/1047/227
f 1051/1052/230 1035/1053/230 1034/1051/229 1050/1050/229
f 1052/1054/231 1036/1055/231 1035/1053/230 1051/1052/230
f 1053/1056/232 1037/1057/232 1036/1055/231 1052/1054/231
f 1054/1058/233 1038/1059/233 1037/1057/232 1053/1056/232
f 1055/1060/234 1039/1061/234 1038/1059/233 1054/1058/233
f 1056/1062/235 1040/1063/235 1039/1061/234 1055/1060/234
f 1057/1064/236 1041/1065/236 1040/1063/235 1056/1062/235
f 1058/1066/225 1042/1067/225 1041/1065/236 1057/1064/236
f 1059/1068/237 1043/1069/237 1042/1067/225 1058/1066/225
f 1060/1070/238 1044/1071/238 1043/1069/237 1059/1068/237
f 1061/1072/239 1045/1073/239 1044/1071/238 1060/1070/238
f 1062/1074/240 1046/1075/240 1045/1073/239 1061/1072/239
f 1063/1076/241 1047/1077/241 1046/1075/240 1062/1074/240
f 1064/1049/228 1048/1048/228 1047/1077/241 1063/1076/241
f 1135/1078/242 1134/1079/243 1138/1080/243 1376/1081/242
f 1115/1082/244 1350/1083/244 1378/1084/244 1294/1085/244
f 1104/1086/245 1088/1087/246 1087/1088/247 1158/1089/247
f 1159/1090/248 1090/1091/249 1089/1092/250 1105/1093/251
f 1107/1094/252 1092/1095/253 1091/1096/254 1106/1097/255
f 1125/1098/256 1122/1099/256 1123/1100/257 1124/1101/257
f 1126/1102/258 1121/1103/258 1122/1099/256 1125/1098/256
f 1127/1104/259 1120/1105/259 1121/1103/258 1126/1102/258
f 1128/1106/260 1119/1107/260 1120/1105/259 1127/1104/259
f 1129/1108/261 1118/1109/261 1119/1107/260 1128/1106/260
f 1130/1110/262 1117/1111/262 1118/1109/261 1129/1108/261
f 1131/1112/263 1116/1113/263 1117/1111/262 1130/1110/262
f 1132/1114/264 1322/1115/264 1116/1113/263 1131/1112/263
f 1173/1116/229 1171/1117/229 1170/1118/229 1172/1119/229
f 1139/1120/233 1137/1121/233 1356/1122/233 1140/1123/233
f 1105/1093/251 1089/1092/250 1088/1087/246 1104/1086/245
f 1106/1097/255 1091/1096/254 1090/1091/249 1159/1090/248
f 1160/1124/265 1093/1125/266 1092/1095/253 1107/1094/252
f 1344/1126/244 1350/1083/244 1115/1082/244
f 1115/1082/244 1294/1085/244 1297/1127/244
f 1169/1128/229 1168/1129/229 1166/1130/229 1167/1131/229
f 1382/1132/213 1165/1133/213 1347/1134/213 1384/1135/213
f 1354/1136/229 1346/1137/229 1396/1138/229 1398/1139/229
f 1352/1140/244 1355/1141/244 1399/1142/244 1163/1143/244
f 1380/1144/213 1386/1145/213 1388/1146/213 1390/1147/213
f 1381/1148/233 1374/1149/233 1397/1150/233 1383/1151/233
f 1110/1152/267 1098/1153/268 1097/1154/269 1162/1155/269
f 1161/1156/270 1095/1157/271 1094/1158/272 1108/1159/273
f 1377/1160/225 1379/1161/225 1351/1162/225 1353/1163/225
f 1102/1164/274 1082/1165/275 1281/1166/276 1086/1167/277
f 1224/1168/278 1098/1153/268 1110/1152/267
f 1162/1169/269 1097/1170/269 1096/1171/279 1109/1172/280
f 1109/1172/280 1096/1171/279 1095/1157/271 1161/1156/270
f 1385/1173/240 1136/1174/240 1141/1175/240 1387/1176/240
f 1108/1159/273 1094/1158/272 1093/1125/266 1160/1124/265
f 1175/1177/281 1213/1032/215 1028/1039/222 1066/1178/282
f 1067/1179/283 1066/1178/282 1028/1039/222 1027/1042/224
f 1026/1180/225 1068/1181/225 1067/1179/283 1027/1042/224
f 1069/1182/284 1181/1183/285 1201/1184/286 1208/1185/287
f 1181/1183/285 1069/1182/284 1068/1181/225 1026/1180/225
f 1270/1186/288 1406/1187/289 1209/1188/290
f 1083/1189/291 1084/1190/292 1408/1191/293 1180/1192/294
f 1080/1193/295 1081/1194/296 1178/1195/297 1200/1196/298
f 1282/1197/299 1179/1198/300 1178/1195/297 1081/1194/296
f 1083/1189/291 1180/1192/294 1179/1198/300 1282/1197/299
f 1408/1191/293 1084/1190/292 1407/1199/301
f 1201/1184/286 1080/1193/295 1200/1196/298
f 1080/1193/295 1201/1184/286 1181/1183/285 1079/1200/302
f 1078/1201/225 1026/1180/225 1027/1042/224 1077/1041/223
f 1079/1200/302 1181/1183/285 1026/1180/225 1078/1201/225
f 1177/1202/213 1025/1203/213 1199/1204/213
f 1348/1205/229 1357/1206/229 1329/1207/229 1164/1208/229
f 1141/1175/240 1245/1209/240 1387/1176/240
f 1392/1210/240 1389/1211/240 1387/1176/240 1245/1209/240
f 1374/1149/233 1381/1148/233 1235/1212/233
f 1394/1213/233 1235/1212/233 1381/1148/233 1391/1214/233
f 1248/1215/244 1393/1216/244 1247/1217/244
f 1395/1218/244 1234/1219/244 1236/1220/244
f 1249/1221/244 1393/1216/244 1248/1215/244
f 1395/1218/244 1233/1222/244 1234/1219/244
f 1250/1223/244 1393/1216/244 1249/1221/244
f 1395/1218/244 1232/1224/244 1233/1222/244
f 1231/1225/244 1393/1216/244 1250/1223/244
f 1395/1218/244 1231/1225/244 1232/1224/244
f 1395/1218/244 1393/1216/244 1231/1225/244
f 1246/1226/244 1349/1227/244 1244/1228/244
f 1244/1228/244 1349/1227/244 1243/1229/244
f 1243/1229/244 1349/1227/244 1242/1230/244
f 1375/1231/244 1241/1232/244 1349/1227/244
f 1241/1232/244 1375/1231/244 1240/1233/244
f 1240/1233/244 1375/1231/244 1239/1234/244
f 1239/1234/244 1375/1231/244 1238/1235/244
f 1238/1235/244 1375/1231/244 1237/1236/244
f 1241/1232/244 1242/1230/244 1349/1227/244
f 1286/1237/303 1289/1238/304 1287/1239/304
f 1288/1240/305 1111/1241/305 1287/1239/304 1289/1238/304
f 1111/1241/305 1288/1240/305 1291/1242/306 1112/1243/306
f 1290/1244/307 1113/1245/307 1112/1243/306 1291/1242/306
f 1113/1245/307 1290/1244/307 1305/1246/243 1114/1247/243
f 1305/1246/243 1293/1248/308 1103/1249/309 1114/1247/243
f 1292/1250/310 1296/1251/310 1295/1252/311 1293/1248/308
f 1296/1251/310 1292/1250/310 1301/1253/312
f 1103/1249/309 1293/1248/308 1295/1252/311
f 1103/1249/309 1295/1252/311 1138/1080/243 1134/1079/243
f 1274/1254/313 1319/1255/314 1321/1256/315 1275/1257/316
f 1164/1208/229 1329/1207/229 1398/1139/229 1396/1138/229
f 1346/1137/229 1354/1136/229 1357/1206/229 1348/1205/229
f 1333/1258/213 1263/1259/213 1133/1260/213
f 1263/1259/213 1262/1261/213 1133/1260/213
f 1262/1261/213 1261/1262/213 1133/1260/213
f 1261/1262/213 1260/1263/213 1133/1260/213
f 1260/1263/213 1259/1264/213 1133/1260/213
f 1259/1264/213 1258/1265/213 1330/1266/213
f 1258/1265/213 1257/1267/213 1330/1266/213
f 1257/1267/213 1256/1268/213 1330/1266/213
f 1256/1268/213 1255/1269/317 1330/1266/213
f 1255/1269/317 1321/1256/315 1330/1266/213
f 1333/1258/213 1264/1270/213 1263/1259/213
f 1254/1271/318 1321/1256/315 1255/1269/317
f 1333/1258/213 1265/1272/213 1264/1270/213
f 1253/1273/317 1321/1256/315 1254/1271/318
f 1280/1274/213 1333/1258/213 1086/1167/277 1281/1166/276
f 1277/1275/213 1252/1276/319 1251/1277/213 1278/1278/213
f 1251/1277/213 1266/1279/213 1279/1280/213 1278/1278/213
f 1259/1264/213 1330/1266/213 1133/1260/213
f 1252/1276/319 1277/1275/213 1276/1281/320
f 1333/1258/213 1279/1280/213 1266/1279/213 1265/1272/213
f 1252/1276/319 1276/1281/320 1321/1256/315 1253/1273/317
f 1275/1257/316 1321/1256/315 1276/1281/320
f 1280/1274/213 1279/1280/213 1333/1258/213
f 1335/1282/213 1333/1258/213 1133/1260/213
f 1338/1283/233 1356/1122/233 1339/1284/233
f 1338/1283/233 1337/1285/233 1356/1122/233
f 1337/1285/233 1336/1286/233 1356/1122/233
f 1345/1287/233 1343/1288/233 1137/1121/233
f 1343/1288/233 1342/1289/233 1137/1121/233
f 1342/1289/233 1341/1290/233 1137/1121/233
f 1137/1121/233 1341/1290/233 1356/1122/233
f 1356/1122/233 1340/1291/233 1339/1284/233
f 1356/1122/233 1341/1290/233 1340/1291/233
f 1192/1292/321 1191/1293/213 1149/1294/213 1148/1295/321
f 1190/1296/322 1189/1297/323 1151/1298/323 1150/1299/322
f 1188/1300/324 1187/1301/229 1153/1302/229 1152/1303/324
f 1183/1304/244 1198/1305/325 1142/1306/325 1157/1307/244
f 1186/1308/326 1185/1309/327 1155/1310/327 1154/1311/326
f 1197/1312/272 1196/1313/328 1144/1314/328 1143/1315/272
f 1184/1316/329 1183/1304/244 1157/1307/244 1156/1317/329
f 1195/1318/225 1194/1319/330 1146/1320/330 1145/1321/225
f 1193/1322/331 1192/1292/321 1148/1295/321 1147/1323/331
f 1191/1293/213 1190/1296/322 1150/1299/322 1149/1294/213
f 1189/1297/323 1188/1300/324 1152/1303/324 1151/1298/323
f 1187/1301/229 1186/1308/326 1154/1311/326 1153/1302/229
f 1198/1305/325 1197/1312/272 1143/1315/272 1142/1306/325
f 1185/1309/327 1184/1316/329 1156/1317/329 1155/1310/327
f 1196/1313/328 1195/1318/225 1145/1321/225 1144/1314/328
f 1194/1319/330 1193/1322/331 1147/1323/331 1146/1320/330
f 1225/1037/220 1202/1324/332 1072/1325/333 1073/1036/219
f 1274/1254/313 1273/1326/334 1317/1327/335 1319/1255/314
f 1082/1165/275 1102/1164/274 1101/1328/336 1283/1329/337
f 1182/1330/213 1032/1028/213 1024/1030/213
f 1024/1030/213 1226/1331/213 1182/1330/213
f 1025/1203/213 1229/1332/213 1411/1333/213
f 1025/1203/213 1411/1333/213 1410/1334/213
f 1025/1203/213 1410/1334/213 1412/1335/213
f 1025/1203/213 1412/1335/213 1409/1336/213
f 1025/1203/213 1409/1336/213 1199/1204/213
f 1071/1337/338 1203/1338/339 1221/1339/340
f 1218/1340/213 1222/1341/213 1025/1203/213
f 1029/1043/225 1031/1342/341 1070/1044/225
f 1218/1340/213 1217/1343/213 1222/1341/213
f 1085/1344/342 1219/1345/343 1204/1346/344
f 1273/1326/334 1272/1347/345 1315/1348/346 1317/1327/335
f 1283/1329/337 1101/1328/336 1100/1349/347 1284/1350/348
f 1071/1337/338 1072/1325/333 1202/1324/332 1203/1338/339
f 1085/1344/342 1204/1346/344 1407/1199/301 1084/1190/292
f 1218/1340/213 1025/1203/213 1177/1202/213 1413/1351/213
f 1416/1352/213 1025/1203/213 1222/1341/213
f 1416/1352/213 1226/1331/213 1024/1030/213 1025/1203/213
f 1272/1347/345 1271/1353/349 1313/1354/350 1315/1348/346
f 1284/1350/348 1100/1349/347 1099/1355/351 1285/1356/352
f 1220/1357/353 1285/1356/352 1099/1355/351 1098/1153/268
f 1224/1168/278 1110/1152/267 1223/1358/354
f 1224/1168/278 1220/1357/353 1098/1153/268
f 1223/1358/354 1110/1152/267 1313/1354/350 1271/1353/349
f 1206/1359/355 1205/1360/355 1174/1361/356 1212/1362/356
f 1215/1363/229 1433/1364/229 1435/1365/229 1227/1366/229
f 1211/1367/357 1212/1362/356 1174/1361/356 1176/1368/357
f 1210/1369/358 1211/1367/357 1176/1368/357 1207/1370/359
f 1269/1371/360 1270/1186/288 1268/1372/361
f 1267/1373/362 1268/1372/361 1270/1186/288 1209/1188/290
f 1400/1374/363 1267/1373/362 1207/1370/359
f 1210/1369/358 1207/1370/359 1267/1373/362 1209/1188/290
f 1365/1375/240 1366/1376/240 1439/1377/240 1440/1378/240
f 1362/1379/240 1405/1380/240 1230/1381/240
f 1362/1379/240 1230/1381/240 1361/1382/240
f 1361/1382/240 1230/1381/240 1360/1383/240
f 1360/1383/240 1230/1381/240 1359/1384/240
f 1359/1384/240 1230/1381/240 1358/1385/240
f 1437/1386/240 1369/1387/240 1370/1388/240 1436/1389/240
f 1363/1390/240 1364/1391/240 1405/1380/240
f 1358/1385/240 1230/1381/240 1228/1392/240
f 1438/1393/240 1439/1377/240 1366/1376/240 1367/1394/240
f 1363/1390/240 1405/1380/240 1362/1379/240
f 1437/1386/240 1438/1393/240 1367/1394/240 1368/1395/240
f 1373/1396/240 1358/1385/240 1228/1392/240
f 1214/1397/233 1401/1398/233 1402/1399/233 1404/1400/233
f 1364/1391/240 1365/1375/240 1440/1378/240 1405/1380/240
f 1372/1401/240 1373/1396/240 1228/1392/240
f 1437/1386/240 1368/1395/240 1369/1387/240
f 1371/1402/240 1372/1401/240 1228/1392/240
f 1404/1400/233 1434/1403/233 1216/1404/233 1214/1397/233
f 1370/1388/240 1371/1402/240 1436/1389/240
f 1436/1389/240 1371/1402/240 1228/1392/240
f 1404/1400/233 1402/1399/233 1403/1405/233
f 1328/1406/233 1327/1407/233 1430/1408/233 1431/1409/233
f 1429/1410/233 1325/1411/233 1324/1412/233
f 1298/1413/233 1324/1412/233 1323/1414/233
f 1430/1408/233 1326/1415/233 1325/1411/233 1429/1410/233
f 1420/1416/233 1311/1417/233 1312/1418/233 1419/1419/233
f 1427/1420/233 1299/1421/233 1300/1422/233 1426/1423/233
f 1432/1424/233 1331/1425/233 1328/1406/233 1431/1409/233
f 1332/1426/233 1331/1425/233 1432/1424/233
f 1421/1427/233 1310/1428/233 1311/1417/233 1420/1416/233
f 1307/1429/233 1308/1430/233 1422/1431/233 1423/1432/233
f 1426/1423/233 1300/1422/233 1302/1433/233
f 1320/1434/233 1418/1435/233 1417/1436/233 1318/1437/233
f 1418/1435/233 1320/1434/233 1432/1424/233
f 1308/1430/233 1309/1438/233 1421/1427/233 1422/1431/233
f 1419/1419/233 1312/1418/233 1314/1439/233
f 1318/1437/233 1417/1436/233 1316/1440/233
f 1303/1441/233 1425/1442/233 1426/1423/233 1302/1433/233
f 1306/1443/233 1424/1444/233 1304/1445/233
f 1428/1446/233 1298/1413/233 1299/1421/233 1427/1420/233
f 1306/1443/233 1307/1429/233 1423/1432/233 1424/1444/233
f 1332/1426/233 1432/1424/233 1320/1434/233 1334/1447/233
f 1419/1419/233 1314/1439/233 1316/1440/233 1417/1436/233
f 1425/1442/233 1303/1441/233 1304/1445/233 1424/1444/233
f 1298/1413/233 1428/1446/233 1429/1410/233 1324/1412/233
f 1309/1438/233 1310/1428/233 1421/1427/233
f 1327/1407/233 1326/1415/233 1430/1408/233
o part.003_3814uv.002
v 0.852019 34.720001 0.325161
v 0.802034 34.599998 0.325145
v 0.801892 34.599998 0.795004
v 0.851858 34.720001 0.858000
v 0.075162 34.599998 0.627834
v 0.025166 34.720001 0.666807
v 0.075253 34.599998 0.327925
v -0.074702 34.599998 0.327880
v -0.025717 34.720001 0.327894
v -0.074782 34.599998 0.592800
v -0.025816 34.720001 0.655795
v -0.802511 34.599998 0.425630
v -0.851508 34.720001 0.464604
v -0.851344 34.720001 -0.079232
v -0.952314 34.599998 -0.079263
v -0.902329 34.720001 -0.079248
v -0.952484 34.599998 0.484567
v -0.902499 34.720001 0.484582
v -0.025831 34.720001 0.707780
v -0.025847 34.599998 0.758764
v 0.952818 34.599998 0.889021
v 0.902834 34.720001 0.889006
v 0.952989 34.599998 0.325191
v 0.903004 34.720001 0.325176
v 0.898010 34.720001 0.310179
v 0.938007 34.599998 0.281200
v 0.901026 34.599998 0.253197
v 0.885017 34.720001 0.301178
v 0.870021 34.720001 0.301173
v 0.854040 34.599998 0.253183
v 0.817043 34.599998 0.281163
v 0.857022 34.720001 0.310167
v -0.938305 34.599998 -0.123245
v -0.897326 34.720001 -0.094242
v -0.900308 34.599998 -0.151225
v -0.885327 34.720001 -0.103235
v -0.854321 34.599998 -0.151211
v -0.869331 34.720001 -0.103230
v -0.816341 34.599998 -0.123208
v -0.856338 34.720001 -0.094229
v -0.802359 34.599998 -0.079217
v -0.948493 34.599998 0.509561
v -0.901502 34.720001 0.493580
v -0.936503 34.599998 0.531558
v -0.897505 34.720001 0.500579
v -0.917514 34.599998 0.548558
v -0.890509 34.720001 0.506579
v -0.894524 34.599998 0.558562
v -0.883512 34.720001 0.509580
v 0.025135 34.599998 0.769776
v 0.025150 34.720001 0.718792
v -0.060693 34.599998 0.283897
v -0.020713 34.720001 0.312900
v -0.022696 34.599998 0.256917
v -0.007715 34.720001 0.303907
v 0.023290 34.599998 0.256931
v 0.008280 34.720001 0.303912
v 0.061271 34.599998 0.283934
v 0.020274 34.720001 0.312913
v 0.025268 34.720001 0.327910
v 0.944811 34.599998 0.922008
v 0.899831 34.720001 0.901001
v 0.923809 34.599998 0.947994
v 0.892830 34.720001 0.908997
v 0.893814 34.599998 0.962981
v 0.882832 34.720001 0.913992
v 0.859824 34.599998 0.962970
v 0.871835 34.720001 0.913989
v -0.669067 34.720001 -1.177845
v -0.680078 34.599998 -1.129863
v 0.523474 34.599998 -0.852583
v 0.681633 34.599998 -1.534330
v 0.669622 34.720001 -1.485348
v -0.657056 34.720001 -1.226827
v 0.658610 34.720001 -1.436366
v -0.646044 34.599998 -1.275809
v 0.556509 34.599998 -0.998529
v 0.647599 34.599998 -1.388384
v -0.555954 34.599998 -1.665664
v -0.806004 34.720001 -1.250865
v -0.840004 34.599998 -1.214886
v -0.771003 34.720001 -1.287843
v -0.738002 34.599998 -1.324822
v -0.887939 34.720001 -1.382850
v -0.935929 34.599998 -1.368868
v -0.839949 34.720001 -1.397830
v -0.791959 34.599998 -1.411812
v -0.893890 34.720001 -1.538804
v -0.941872 34.599998 -1.549816
v -0.843909 34.720001 -1.526793
v -0.795927 34.599998 -1.515782
v -0.820871 34.720001 -1.675741
v -0.856850 34.599998 -1.709742
v -0.783893 34.720001 -1.640740
v -0.746914 34.599998 -1.606739
v -0.688886 34.720001 -1.757676
v -0.702867 34.599998 -1.805666
v -0.673905 34.720001 -1.709686
v -0.658924 34.599998 -1.661696
v -0.532932 34.720001 -1.762627
v -0.521920 34.599998 -1.811610
v -0.544943 34.720001 -1.713646
v 0.840559 34.599998 -1.449307
v 0.807558 34.720001 -1.412328
v 0.772557 34.720001 -1.375350
v 0.738557 34.599998 -1.339371
v 0.936484 34.599998 -1.295325
v 0.889493 34.720001 -1.280343
v 0.840504 34.720001 -1.266362
v 0.793513 34.599998 -1.251381
v 0.943427 34.599998 -1.114377
v 0.894445 34.720001 -1.125389
v 0.845463 34.720001 -1.136400
v 0.796481 34.599998 -1.148411
v 0.857404 34.599998 -0.954451
v 0.821426 34.720001 -0.988452
v 0.784447 34.720001 -1.022453
v 0.748468 34.599998 -1.056454
v 0.704422 34.599998 -0.858527
v 0.689440 34.720001 -0.905517
v 0.674460 34.720001 -0.954507
v 0.660478 34.599998 -1.001497
v 0.534486 34.720001 -0.900565
v 0.545497 34.720001 -0.949547
v 0.545234 34.720001 -0.077810
v 0.556245 34.599998 -0.126792
v -0.583208 34.599998 -0.797934
v -0.578195 34.720001 -0.846918
v -0.569167 34.599998 -0.946885
v -0.574181 34.720001 -0.896901
v 0.523211 34.599998 0.020153
v 0.534222 34.720001 -0.028829
v 0.671358 34.719002 -0.613611
v 0.016616 34.598999 -0.814748
v -0.074378 34.599998 -0.741797
v -0.025393 34.720001 -0.741782
v -0.074440 34.599998 -0.536859
v -0.025455 34.720001 -0.536844
v 0.075514 34.599998 -0.536814
v 0.025529 34.720001 -0.536829
v 0.075548 34.599998 -0.647780
v 0.025582 34.720001 -0.709777
v 0.660346 34.719002 -0.564629
v -0.527185 34.599998 -0.928878
v -0.559187 34.720001 -0.890899
v -0.503205 34.599998 -0.888882
v -0.551193 34.720001 -0.877900
v -0.507217 34.599998 -0.842898
v -0.553198 34.720001 -0.861906
v -0.538218 34.599998 -0.807918
v -0.563198 34.720001 -0.850912
v -0.669330 34.720001 -0.306109
v -0.680342 34.599998 -0.257127
v -0.657319 34.720001 -0.355090
v -0.646308 34.599998 -0.404072
v -0.806267 34.721001 -0.379128
v -0.840268 34.600998 -0.343149
v -0.771267 34.721001 -0.416106
v -0.738266 34.600998 -0.452085
v -0.888202 34.722000 -0.512113
v -0.936193 34.602001 -0.496132
v -0.839213 34.721001 -0.526094
v -0.792223 34.600998 -0.540075
v -0.893154 34.722000 -0.667067
v -0.942136 34.602001 -0.677079
v -0.843172 34.721001 -0.656056
v -0.796190 34.600998 -0.644045
v -0.819135 34.721001 -0.804004
v -0.857113 34.600998 -0.837005
v -0.782156 34.721001 -0.770003
v -0.747177 34.600998 -0.735003
v -0.687150 34.720001 -0.885939
v -0.703131 34.599998 -0.932930
v -0.672169 34.720001 -0.837949
v -0.659187 34.599998 -0.789959
v 0.675196 34.719002 -0.081770
v 0.660215 34.598999 -0.129760
v 0.704158 34.598999 0.013210
v 0.689177 34.719002 -0.033780
v 0.785183 34.718002 -0.149716
v 0.748205 34.598999 -0.184717
v 0.857141 34.598000 -0.082715
v 0.822162 34.718002 -0.115715
v 0.846199 34.718002 -0.263663
v 0.796218 34.598000 -0.275675
v 0.943163 34.597000 -0.241641
v 0.895181 34.717003 -0.252652
v 0.842239 34.718002 -0.393625
v 0.793250 34.598000 -0.379644
v 0.936220 34.597000 -0.423588
v 0.890229 34.718002 -0.407607
v 0.774293 34.718002 -0.503613
v 0.738293 34.598999 -0.467634
v 0.840295 34.598000 -0.576571
v 0.808294 34.718002 -0.540591
v 0.647335 34.598999 -0.515647
v 0.681369 34.598999 -0.661593
v 0.060505 34.599998 -0.491832
v 0.020526 34.720001 -0.521835
v 0.022509 34.599998 -0.464852
v 0.008527 34.720001 -0.512841
v -0.024477 34.600998 -0.464866
v -0.007468 34.720001 -0.512846
v -0.062458 34.600998 -0.491869
v -0.020461 34.720001 -0.521847
v -0.067371 34.599998 -0.773785
v -0.022391 34.720001 -0.752778
v -0.046369 34.599998 -0.799771
v -0.015390 34.720001 -0.761773
v -0.016374 34.599998 -0.814758
v -0.005392 34.720001 -0.766769
v 0.005605 34.720001 -0.766766
v 0.851758 34.720001 1.189900
v 0.801773 34.599998 1.189884
v 0.801631 34.599998 1.659742
v 0.851597 34.720001 1.722739
v -0.860751 34.599998 1.277355
v -0.871763 34.720001 1.325338
v -0.899758 34.720001 1.337326
v -0.941737 34.599998 1.311321
v -0.952747 34.599998 1.356304
v -0.902761 34.720001 1.352320
v -0.896767 34.720001 1.366318
v -0.933766 34.599998 1.399296
v -0.894785 34.599998 1.423301
v -0.883774 34.720001 1.374319
v 0.952557 34.599998 1.754759
v 0.902572 34.720001 1.754744
v 0.856761 34.720001 1.174905
v 0.816782 34.599998 1.145902
v 0.869760 34.720001 1.165912
v 0.853779 34.599998 1.118921
v 0.884755 34.720001 1.165917
v 0.900765 34.599998 1.118936
v 0.897749 34.720001 1.174918
v 0.937745 34.599998 1.145939
v 0.902743 34.720001 1.189915
v 0.952727 34.599998 1.189930
v -0.887758 34.720001 1.326333
v -0.906739 34.599998 1.281340
v 0.944550 34.599998 1.786747
v 0.899570 34.720001 1.765740
v 0.923548 34.599998 1.813733
v 0.892569 34.720001 1.774735
v 0.893553 34.599998 1.827719
v 0.882571 34.720001 1.778731
v 0.859563 34.599998 1.827709
v 0.871574 34.720001 1.778728
v 0.801892 34.599998 0.795004
v 0.075162 34.599998 0.627834
v -0.074782 34.599998 0.592800
v -0.802511 34.599998 0.425630
v 0.075548 34.599998 -0.647780
v 0.801631 34.599998 1.659742
v -1.688628 28.780003 1.697003
v -0.909628 28.780003 2.217003
v -2.208627 28.780003 0.918003
v -2.208627 34.600002 0.918004
v -1.688628 34.600002 1.697004
v -0.909628 34.600002 2.217004
v -4.808627 27.200001 3.000002
v -6.391627 18.400002 3.000001
v -4.914627 26.620003 0.765002
v -4.995628 26.168003 1.414002
v -5.108627 25.535002 1.848002
v -5.234627 24.800003 2.000002
v -5.373627 24.053001 1.848002
v -5.490627 23.404001 1.414002
v -5.565627 22.977001 0.765002
v -6.487627 23.149002 0.765002
v -6.408627 23.576002 1.414002
v -6.299627 24.216002 1.848002
v -6.163627 24.969002 2.000002
v -6.030627 25.722002 1.848002
v -5.917627 26.362003 1.414002
v -5.838627 26.789001 0.765002
v -6.756626 22.232002 3.000001
v -5.773627 27.748001 3.000002
v -6.391627 16.020002 3.000000
v -6.669627 22.717003 0.956002
v -7.691626 16.020002 3.000000
v -7.691626 17.000002 3.000000
v -6.570627 23.250002 1.767002
v -6.434626 24.049002 2.309002
v -6.263627 24.990002 2.499002
v -6.097627 25.931002 2.309002
v -5.956627 26.730001 1.767002
v -5.858627 27.264002 0.956002
v -6.568627 22.696003 0.956002
v -6.469627 23.229002 1.767002
v -6.333626 24.028002 2.309002
v -6.162627 24.969002 2.499002
v -5.996627 25.910002 2.309002
v -5.855627 26.709002 1.767002
v -5.757627 27.243002 0.956002
v -6.689627 17.000002 3.960001
v -4.773627 27.749001 3.960002
v -5.753627 22.231001 3.960001
v -4.589627 28.780001 3.000003
v -6.689627 16.020002 3.960000
v -7.389627 16.020002 3.960000
v -7.691627 16.020002 3.660000
v -7.457627 16.020002 3.769001
v -7.504627 16.020002 3.937000
v -7.602627 16.020002 3.872000
v -7.668627 16.020002 3.775000
v -7.691627 17.000002 3.660001
v -7.389627 17.000002 3.960000
v -7.668627 17.000002 3.775001
v -7.602627 17.000002 3.872000
v -7.504627 17.000002 3.937000
v -5.473627 27.749001 3.960002
v -5.774627 27.748001 3.660002
v -5.588627 27.749001 3.937002
v -5.686627 27.749001 3.872002
v -5.752627 27.749001 3.775002
v -6.756626 22.231001 3.660002
v -6.453627 22.231001 3.960001
v -6.732627 22.231001 3.775001
v -6.667627 22.231001 3.872001
v -6.569627 22.231001 3.937001
v -5.643627 28.485001 3.000002
v -5.291627 28.780001 3.000002
v -5.600627 28.598000 3.000003
v -5.518627 28.693001 3.000003
v -5.410627 28.758001 3.000003
v -4.589627 28.780001 3.660002
v -4.642627 28.480000 3.960002
v -4.593627 28.757000 3.775002
v -4.604627 28.692001 3.872002
v -4.622627 28.595001 3.937003
v -4.391627 16.150002 3.000000
v -3.591627 16.150002 3.000000
v -4.391627 16.150002 2.400001
v -3.591627 16.150002 2.400001
v -4.391627 27.200001 3.000002
v -3.591627 27.200001 3.000002
v -4.391627 27.200001 2.400002
v -3.591627 27.200001 2.400002
v -2.991627 16.150002 3.000000
v -0.891628 17.200003 0.400001
v -1.658628 17.200003 0.400001
v -0.891628 16.150002 1.200001
v -2.807627 16.150002 2.449000
v -2.534627 16.150002 1.947001
v -2.137628 16.150002 1.537001
v -2.192627 16.150002 3.000000
v -1.343627 16.150002 1.852000
v -2.072628 16.150002 2.636000
v -1.893627 16.150002 2.308000
v -1.634628 16.150002 2.040001
v -1.142628 16.150002 1.724000
v -0.993628 16.150002 1.579000
v -0.908628 16.150002 1.383001
v -1.854627 16.150002 1.354000
v -1.749627 16.150002 1.268001
v -1.676627 16.165003 1.131001
v -1.658628 16.199001 1.003001
v -2.991627 27.200001 3.000002
v -0.891628 21.000002 0.400001
v -1.659627 21.000002 0.400001
v -0.891628 27.200001 1.200002
v -2.807627 27.200001 2.449002
v -2.534627 27.200001 1.947002
v -2.137628 27.200001 1.537002
v -2.192627 27.200001 3.000002
v -1.343627 27.200001 1.852002
v -2.072628 27.200001 2.636002
v -1.893627 27.200001 2.308002
v -1.634628 27.200001 2.040003
v -1.142628 27.200001 1.724002
v -0.993628 27.200001 1.579002
v -0.908628 27.200001 1.383002
v -1.854627 27.200001 1.354002
v -1.749627 27.200001 1.268002
v -1.676627 27.200001 1.131002
v -1.658628 27.200001 1.003003
v -0.891628 21.153002 0.370001
v -1.659627 21.153002 0.370001
v -0.891628 21.283001 0.283001
v -1.659627 21.283001 0.283002
v -0.891628 21.370003 0.153002
v -1.659627 21.370003 0.153002
v -0.891628 16.286001 0.896001
v -0.891628 16.491001 0.649001
v -0.891628 16.829002 0.466001
v -1.658628 16.316002 0.800001
v -1.658628 16.521002 0.573001
v -1.658628 16.858002 0.439001
v -5.382627 27.989002 3.960002
v -5.200627 28.226002 3.960002
v -4.947627 28.388000 3.960002
v -5.210627 28.780001 3.254003
v -5.068628 28.780001 3.451002
v -4.851627 28.780001 3.591002
v -5.659627 28.388000 3.254002
v -5.688627 28.226002 3.462002
v -5.731627 27.989002 3.598002
v -5.535627 27.989002 3.912002
v -5.635628 27.989002 3.836002
v -5.702627 27.989002 3.729002
v -5.184627 28.757000 3.531002
v -5.321627 28.692001 3.623003
v -5.424627 28.595001 3.694002
v -5.498627 28.485001 3.744002
v -5.612627 28.388000 3.637002
v -5.535627 28.388000 3.772002
v -5.423627 28.388000 3.859002
v -5.646628 28.226002 3.673002
v -5.582627 28.226002 3.802002
v -5.470627 28.226002 3.881002
v -5.310627 28.757000 3.349002
v -5.424627 28.692001 3.463002
v -5.522627 28.595001 3.551003
v -5.585627 28.485001 3.612003
v -5.032628 28.757000 3.675002
v -5.184627 28.692001 3.747002
v -5.302628 28.595001 3.801003
v -5.385627 28.485001 3.840002
v -5.593627 28.598000 3.251003
v -5.495627 28.693001 3.251002
v -5.369627 28.758001 3.254003
v -5.643627 28.485001 3.250002
v -5.660627 28.388000 3.451002
v -5.343627 28.757000 3.305003
v -5.479627 28.693001 3.364002
v -5.580627 28.596001 3.408002
v -5.635628 28.485001 3.438003
v -4.943627 28.481001 3.944003
v -4.929628 28.595001 3.910002
v -4.913627 28.692001 3.844003
v -4.887627 28.757000 3.731002
v -5.149627 28.483002 3.906003
v -5.110627 28.595001 3.867002
v -5.051627 28.692001 3.802002
v -4.954627 28.757000 3.702003
v -5.172627 28.388000 3.935002
v 1.705372 28.780003 1.697003
v 0.926372 28.780003 2.217003
v 0.008372 28.780003 2.400002
v 2.225372 28.780003 0.918003
v 2.225372 34.600002 0.918004
v 1.705372 34.600002 1.697004
v 0.008372 34.600002 2.400003
v 0.926372 34.600002 2.217004
v 4.825372 27.200001 3.000002
v 6.408371 18.400002 3.000001
v 4.931371 26.620003 0.765002
v 5.012372 26.168003 1.414002
v 5.125371 25.535002 1.848002
v 5.251372 24.800003 2.000002
v 5.390371 24.053001 1.848002
v 5.507371 23.404001 1.414002
v 5.582371 22.977001 0.765002
v 0.008372 16.020002 3.000000
v 0.008372 16.020002 3.960000
v 0.008372 17.000002 3.960001
v 0.008372 22.231001 3.960001
v 0.008372 27.749001 3.960002
v 0.008372 28.780001 3.000002
v 0.008372 27.200001 3.000002
v 6.504371 23.149002 0.765002
v 6.425371 23.576002 1.414002
v 6.316371 24.216002 1.848002
v 6.180372 24.969002 2.000002
v 6.047371 25.722002 1.848002
v 5.934371 26.362003 1.414002
v 5.855371 26.789001 0.765002
v 6.773371 22.232002 3.000001
v 5.790372 27.748001 3.000002
v 6.408371 16.020002 3.000000
v 6.686372 22.717003 0.956002
v 7.708371 16.020002 3.000000
v 7.708371 17.000002 3.000000
v 6.587372 23.250002 1.767002
v 6.451371 24.049002 2.309002
v 6.280372 24.990002 2.499002
v 6.114372 25.931002 2.309002
v 5.973372 26.730001 1.767002
v 5.875371 27.264002 0.956002
v 6.585371 22.696003 0.956002
v 6.486372 23.229002 1.767002
v 6.350371 24.028002 2.309001
v 6.179372 24.969002 2.499002
v 6.013372 25.910002 2.309002
v 5.872371 26.709002 1.767002
v 5.774371 27.243002 0.956002
v 6.706371 17.000002 3.960001
v 4.790372 27.749001 3.960002
v 5.770371 22.231001 3.960001
v 4.606372 28.780001 3.000002
v 6.706371 16.020002 3.960000
v 0.008372 28.780001 3.660002
v 0.008372 28.480000 3.960002
v 0.008372 28.757000 3.775002
v 0.008372 28.692001 3.872002
v 0.008372 28.595001 3.937002
v 7.406371 16.020002 3.960000
v 7.708371 16.020002 3.660001
v 7.474371 16.020002 3.769000
v 7.521371 16.020002 3.937000
v 7.619371 16.020002 3.872000
v 7.685371 16.020002 3.775000
v 7.708371 17.000002 3.660001
v 7.406371 17.000002 3.960001
v 7.685371 17.000002 3.775001
v 7.619371 17.000002 3.872001
v 7.521371 17.000002 3.937001
v 5.490372 27.749001 3.960002
v 5.791372 27.748001 3.660002
v 5.605371 27.749001 3.937002
v 5.703372 27.749001 3.872002
v 5.769372 27.749001 3.775002
v 6.773371 22.231001 3.660002
v 6.470371 22.231001 3.960001
v 6.749372 22.231001 3.775001
v 6.684371 22.231001 3.872001
v 6.586371 22.231001 3.937001
v 5.660372 28.485001 3.000003
v 5.308372 28.780001 3.000002
v 5.617372 28.598000 3.000003
v 5.535372 28.693001 3.000002
v 5.427372 28.758001 3.000002
v 4.606372 28.780001 3.660003
v 4.659372 28.480000 3.960002
v 4.610372 28.757000 3.775002
v 4.621371 28.692001 3.872002
v 4.639371 28.595001 3.937002
v 4.408372 16.150002 3.000000
v 3.608372 16.150002 3.000000
v 4.408371 16.150002 2.400000
v 3.608372 16.150002 2.400000
v 4.408372 27.200001 3.000002
v 3.608372 27.200001 3.000002
v 4.408371 27.200001 2.400002
v 3.608372 27.200001 2.400002
v 0.008372 18.400002 3.000001
v 3.008372 16.150002 3.000000
v 0.908372 17.200003 0.400001
v 1.675372 17.200003 0.400001
v 0.908372 16.150002 1.200001
v 2.824372 16.150002 2.449000
v 2.551372 16.150002 1.947001
v 2.154372 16.150002 1.537000
v 2.209372 16.150002 3.000000
v 1.360372 16.150002 1.852000
v 2.089372 16.150002 2.636000
v 1.910372 16.150002 2.308001
v 1.651372 16.150002 2.040000
v 1.159372 16.150002 1.724001
v 1.010372 16.150002 1.579001
v 0.925372 16.150002 1.383001
v 1.871372 16.150002 1.354001
v 1.766372 16.150002 1.268001
v 1.693372 16.165003 1.131001
v 1.675372 16.199001 1.003001
v 3.008372 27.200001 3.000002
v 0.908372 21.000002 0.400001
v 1.676372 21.000002 0.400001
v 0.908372 27.200001 1.200002
v 2.824372 27.200001 2.449002
v 2.551372 27.200001 1.947002
v 2.154372 27.200001 1.537002
v 2.209372 27.200001 3.000002
v 1.360372 27.200001 1.852002
v 2.089372 27.200001 2.636002
v 1.910372 27.200001 2.308002
v 1.651372 27.200001 2.040002
v 1.159372 27.200001 1.724002
v 1.010372 27.200001 1.579002
v 0.925372 27.200001 1.383002
v 1.871372 27.200001 1.354002
v 1.766372 27.200001 1.268003
v 1.693372 27.200001 1.131003
v 1.675372 27.200001 1.003002
v 0.908372 21.153002 0.370001
v 1.676372 21.153002 0.370001
v 0.908372 21.283001 0.283002
v 1.676372 21.283001 0.283002
v 0.908372 21.370003 0.153002
v 1.676372 21.370003 0.153002
v 0.908372 16.286001 0.896001
v 0.908372 16.491001 0.649001
v 0.908372 16.829002 0.466001
v 1.675372 16.316002 0.800001
v 1.675372 16.521002 0.573001
v 1.675372 16.858002 0.439001
v 5.399372 27.989002 3.960002
v 5.217372 28.226002 3.960002
v 4.964372 28.388000 3.960002
v 5.227372 28.780001 3.254003
v 5.085371 28.780001 3.451002
v 4.868371 28.780001 3.591002
v 5.676372 28.388000 3.254002
v 5.705371 28.226002 3.462002
v 5.748371 27.989002 3.598002
v 5.552372 27.989002 3.912002
v 5.652371 27.989002 3.836002
v 5.719372 27.989002 3.729002
v 5.201372 28.757000 3.531003
v 5.338371 28.692001 3.623002
v 5.441371 28.595001 3.694003
v 5.515372 28.485001 3.744003
v 5.629371 28.388000 3.637002
v 5.552372 28.388000 3.772002
v 5.440372 28.388000 3.859002
v 5.663372 28.226002 3.673002
v 5.599372 28.226002 3.802002
v 5.487372 28.226002 3.881002
v 5.327372 28.757000 3.349002
v 5.441372 28.692001 3.463003
v 5.539372 28.595001 3.551003
v 5.602371 28.485001 3.612002
v 5.049371 28.757000 3.675003
v 5.201372 28.692001 3.747003
v 5.319371 28.595001 3.801003
v 5.402371 28.485001 3.840002
v 5.610372 28.598000 3.251003
v 5.512372 28.693001 3.251003
v 5.386372 28.758001 3.254003
v 5.660372 28.485001 3.250002
v 5.677371 28.388000 3.451002
v 5.360372 28.757000 3.305002
v 5.496371 28.693001 3.364002
v 5.597372 28.596001 3.408003
v 5.652372 28.485001 3.438003
v 4.960372 28.481001 3.944002
v 4.946372 28.595001 3.910002
v 4.930372 28.692001 3.844002
v 4.904372 28.757000 3.731002
v 5.166372 28.483002 3.906002
v 5.127372 28.595001 3.867003
v 5.068372 28.692001 3.802002
v 4.971372 28.757000 3.702002
v 5.189372 28.388000 3.935002
v -1.688628 28.780003 -1.696997
v -0.909628 28.780003 -2.216997
v -2.208627 28.780003 -0.917997
v -2.391627 28.780003 0.000003
v -2.391627 34.600002 0.000004
v -2.208627 34.600002 -0.917996
v -1.688628 34.600002 -1.696996
v -0.909628 34.600002 -2.216996
v -6.706627 22.529001 0.000002
v -4.808627 27.200003 -2.999997
v -6.391627 18.400002 -2.999999
v -4.887627 26.770002 0.000002
v -4.914627 26.620003 -0.764997
v -4.995627 26.168003 -1.413997
v -5.108627 25.535002 -1.847998
v -5.234627 24.800003 -1.999998
v -5.373627 24.053001 -1.847998
v -5.490627 23.404001 -1.413998
v -5.565627 22.977001 -0.764998
v -5.585627 22.833002 0.000002
v -6.517627 22.999002 0.000002
v -6.487627 23.149002 -0.764998
v -6.408627 23.576002 -1.413998
v -6.299627 24.216002 -1.847998
v -6.163627 24.969002 -1.999998
v -6.030627 25.722002 -1.847998
v -5.917627 26.362003 -1.413997
v -5.838627 26.789001 -0.764997
v -5.812627 26.939003 0.000002
v -6.756627 22.232002 -2.999998
v -5.773627 27.748003 -2.999997
v -6.391627 16.020002 -2.999999
v -6.669627 22.717003 -0.955998
v -7.691627 16.020002 -2.999999
v -7.691627 17.000002 -2.999999
v -7.691627 16.020002 0.000001
v -7.691627 17.000002 0.000001
v -6.391627 18.400002 0.000001
v -6.391627 16.020002 0.000001
v -6.756627 22.232002 0.000002
v -5.773627 27.748001 0.000003
v -4.808627 27.200001 0.000003
v -6.570627 23.250002 -1.766998
v -6.434627 24.049002 -2.308997
v -6.263627 24.990002 -2.498998
v -6.097627 25.931002 -2.308997
v -5.956627 26.730001 -1.766997
v -5.858627 27.264002 -0.955997
v -5.825627 27.451002 0.000003
v -6.605627 22.508001 0.000002
v -6.568627 22.696003 -0.955998
v -6.469627 23.229002 -1.766998
v -6.333627 24.028002 -2.308998
v -6.162627 24.969002 -2.498998
v -5.996627 25.910002 -2.308997
v -5.855627 26.709002 -1.766997
v -5.757627 27.243002 -0.955997
v -5.724627 27.430002 0.000003
v -6.689627 17.000002 -3.959999
v -4.773627 27.749002 -3.959997
v -5.753627 22.231003 -3.959998
v -4.589628 28.780003 -2.999997
v -6.689627 16.020002 -3.959999
v -4.589627 28.780003 0.000003
v -7.389627 16.020002 -3.959999
v -7.691627 16.020002 -3.659999
v -7.457627 16.020002 -3.768999
v -7.504627 16.020002 -3.936999
v -7.602627 16.020002 -3.871999
v -7.668627 16.020002 -3.774999
v -7.691627 17.000002 -3.659999
v -7.389627 17.000002 -3.959999
v -7.668627 17.000002 -3.774999
v -7.602627 17.000002 -3.871999
v -7.504627 17.000002 -3.936999
v -5.473627 27.749002 -3.959997
v -5.774627 27.748003 -3.659997
v -5.588627 27.749002 -3.936997
v -5.686627 27.749002 -3.871997
v -5.752627 27.749002 -3.774997
v -6.756627 22.231003 -3.659998
v -6.453627 22.231003 -3.959998
v -6.732627 22.231003 -3.774998
v -6.667627 22.231003 -3.871998
v -6.569627 22.231003 -3.936998
v -5.643627 28.485003 -2.999997
v -5.291627 28.780003 -2.999997
v -5.600627 28.598003 -2.999997
v -5.518627 28.693003 -2.999997
v -5.410627 28.758003 -2.999997
v -5.643627 28.485001 0.000003
v -5.291627 28.780003 0.000003
v -5.600627 28.598001 0.000003
v -5.518627 28.693001 0.000003
v -5.410627 28.758003 0.000003
v -4.589628 28.780003 -3.659997
v -4.642627 28.480003 -3.959997
v -4.593627 28.757004 -3.774997
v -4.604627 28.692003 -3.871997
v -4.622627 28.595003 -3.936996
v -4.391627 16.150002 -2.999999
v -3.591627 16.150002 -2.999999
v -4.391627 16.150002 -2.399999
v -3.591627 16.150002 -2.399999
v -4.391627 27.200003 -2.999997
v -3.591627 27.200003 -2.999997
v -4.391627 27.200001 -2.399997
v -3.591627 27.200001 -2.399997
v -2.991627 16.150002 -2.999999
v -0.891628 17.200003 -0.399999
v -1.658628 17.200003 -0.399999
v -0.891628 16.150002 -1.199999
v -2.807627 16.150002 -2.448999
v -2.534627 16.150002 -1.946999
v -2.137627 16.150002 -1.536999
v -2.192627 16.150002 -2.999999
v -1.343628 16.150002 -1.851999
v -2.072628 16.150002 -2.635999
v -1.893628 16.150002 -2.307999
v -1.634627 16.150002 -2.039999
v -1.142627 16.150002 -1.723999
v -0.993628 16.150002 -1.578999
v -0.908628 16.150002 -1.382999
v -1.854628 16.150002 -1.353999
v -1.749627 16.150002 -1.267999
v -1.676628 16.165003 -1.130999
v -1.658628 16.199001 -1.002999
v -2.991627 27.200003 -2.999997
v -0.891628 21.000002 -0.399998
v -1.659627 21.000002 -0.399998
v -0.891628 27.200001 -1.199997
v -2.807627 27.200001 -2.448997
v -2.534627 27.200001 -1.946997
v -2.137627 27.200001 -1.536997
v -2.192627 27.200003 -2.999997
v -1.343628 27.200001 -1.851997
v -2.072628 27.200001 -2.635997
v -1.893628 27.200001 -2.307997
v -1.634627 27.200001 -2.039997
v -1.142627 27.200001 -1.723997
v -0.993628 27.200001 -1.578997
v -0.908628 27.200001 -1.382997
v -1.854628 27.200001 -1.353997
v -1.749627 27.200001 -1.267998
v -1.676628 27.200001 -1.130998
v -1.658628 27.200001 -1.002997
v -0.891628 21.153002 -0.369998
v -1.659627 21.153002 -0.369998
v -0.891628 21.283001 -0.282998
v -1.659627 21.283001 -0.282998
v -0.891628 21.370003 -0.152998
v -1.659627 21.370003 -0.152998
v -0.891628 21.400002 0.000002
v -1.659627 21.400002 0.000002
v -0.891628 27.200001 0.000003
v -1.659627 27.200001 0.000003
v -0.891628 16.286001 -0.895999
v -0.891628 16.491001 -0.648999
v -0.891628 16.829002 -0.465999
v -1.658628 16.316002 -0.799999
v -1.658628 16.521002 -0.572999
v -1.658628 16.858002 -0.438999
v -5.382627 27.989002 -3.959997
v -5.200627 28.226002 -3.959997
v -4.947627 28.388002 -3.959997
v -5.210627 28.780003 -3.253997
v -5.068627 28.780003 -3.450997
v -4.851627 28.780003 -3.590997
v -5.659627 28.388002 -3.253997
v -5.688627 28.226002 -3.461997
v -5.731627 27.989002 -3.597997
v -5.535627 27.989002 -3.911997
v -5.635627 27.989002 -3.835997
v -5.702627 27.989002 -3.728997
v -5.184627 28.757004 -3.530997
v -5.321627 28.692003 -3.622997
v -5.424627 28.595003 -3.693997
v -5.498627 28.485003 -3.743997
v -5.612627 28.388002 -3.636997
v -5.535627 28.388002 -3.771997
v -5.423627 28.388002 -3.858997
v -5.646627 28.226002 -3.672997
v -5.582627 28.226002 -3.801997
v -5.470627 28.226002 -3.880997
v -5.310627 28.757004 -3.348997
v -5.424627 28.692003 -3.462997
v -5.522627 28.595003 -3.550997
v -5.585627 28.485003 -3.611997
v -5.032627 28.757004 -3.674997
v -5.184627 28.692003 -3.746997
v -5.302627 28.595003 -3.800997
v -5.385627 28.485003 -3.839996
v -5.593627 28.598003 -3.250997
v -5.495627 28.693003 -3.250997
v -5.369627 28.758003 -3.253997
v -5.643627 28.485003 -3.249997
v -5.660626 28.388002 -3.450997
v -5.343627 28.757004 -3.304997
v -5.479627 28.693003 -3.363997
v -5.580627 28.596003 -3.407997
v -5.635627 28.485003 -3.437997
v -4.943627 28.481003 -3.943996
v -4.929627 28.595003 -3.909997
v -4.913627 28.692003 -3.843997
v -4.887627 28.757004 -3.730996
v -5.149627 28.483002 -3.905997
v -5.110627 28.595003 -3.866997
v -5.051627 28.692003 -3.801996
v -4.954628 28.757004 -3.701997
v -5.172627 28.388002 -3.934997
v 1.705372 28.780003 -1.696997
v 0.926372 28.780003 -2.216997
v 0.008372 28.780003 -2.399997
v 2.225372 28.780003 -0.917997
v 2.408372 28.780003 0.000003
v 2.408372 34.600002 0.000004
v 2.225372 34.600002 -0.917996
v 1.705372 34.600002 -1.696996
v 0.008372 34.600002 -2.399996
v 0.926372 34.600002 -2.216996
v 6.723372 22.529001 0.000002
v 0.008372 34.600002 0.000004
v 4.825371 27.200003 -2.999997
v 6.408371 18.400002 -2.999998
v 4.904372 26.770002 0.000002
v 4.931372 26.620003 -0.764997
v 5.012372 26.168003 -1.413997
v 5.125372 25.535002 -1.847998
v 5.251371 24.800003 -1.999998
v 5.390372 24.053001 -1.847998
v 5.507372 23.404001 -1.413998
v 5.582371 22.977001 -0.764998
v 5.602372 22.833002 0.000002
v 0.008372 16.020002 -2.999999
v 0.008372 16.020002 -3.959999
v 0.008372 17.000002 -3.959999
v 0.008372 22.231003 -3.959998
v 0.008372 27.749002 -3.959997
v 0.008372 28.780003 -2.999997
v 0.008372 27.200003 -2.999997
v 6.534371 22.999002 0.000002
v 6.504371 23.149002 -0.764998
v 6.425371 23.576002 -1.413998
v 6.316372 24.216002 -1.847998
v 6.180371 24.969002 -1.999998
v 6.047372 25.722002 -1.847998
v 5.934371 26.362003 -1.413998
v 5.855371 26.789001 -0.764997
v 5.829372 26.939003 0.000002
v 6.773371 22.232002 -2.999998
v 5.790371 27.748003 -2.999997
v 6.408371 16.020002 -2.999999
v 6.686371 22.717003 -0.955998
v 7.708371 16.020002 -2.999999
v 7.708371 17.000002 -2.999999
v 7.708371 16.020002 0.000001
v 7.708371 17.000002 0.000001
v 6.408371 18.400002 0.000001
v 6.408371 16.020002 0.000001
v 6.773371 22.232002 0.000002
v 5.790371 27.748001 0.000003
v 4.825372 27.200001 0.000003
v 0.008372 27.200001 0.000003
v 6.587372 23.250002 -1.766998
v 6.451371 24.049002 -2.308998
v 6.280372 24.990002 -2.498998
v 6.114371 25.931002 -2.308997
v 5.973372 26.730001 -1.766997
v 5.875372 27.264002 -0.955997
v 5.842372 27.451002 0.000003
v 6.622371 22.508001 0.000002
v 6.585371 22.696003 -0.955998
v 6.486372 23.229002 -1.766998
v 6.350371 24.028002 -2.308998
v 6.179372 24.969002 -2.498998
v 6.013371 25.910002 -2.308997
v 5.872372 26.709002 -1.766997
v 5.774372 27.243002 -0.955997
v 5.741371 27.430002 0.000003
v 6.706372 17.000002 -3.959999
v 4.790372 27.749002 -3.959997
v 5.770371 22.231003 -3.959998
v 4.606372 28.780003 -2.999997
v 6.706372 16.020002 -3.959999
v 4.606372 28.780003 0.000003
v 0.008372 28.780003 -3.659997
v 0.008372 28.480003 -3.959997
v 0.008372 28.757004 -3.774997
v 0.008372 28.692003 -3.871997
v 0.008372 28.595003 -3.936997
v 7.406372 16.020002 -3.959999
v 7.708371 16.020002 -3.659999
v 7.474371 16.020002 -3.768999
v 7.521372 16.020002 -3.936999
v 7.619372 16.020002 -3.871999
v 7.685372 16.020002 -3.774999
v 7.708371 17.000002 -3.659999
v 7.406372 17.000002 -3.959998
v 7.685372 17.000002 -3.774999
v 7.619372 17.000002 -3.871999
v 7.521372 17.000002 -3.936998
v 5.490371 27.749002 -3.959997
v 5.791372 27.748003 -3.659997
v 5.605372 27.749002 -3.936997
v 5.703372 27.749002 -3.871997
v 5.769372 27.749002 -3.774997
v 6.773371 22.231003 -3.659998
v 6.470371 22.231003 -3.959998
v 6.749372 22.231003 -3.774998
v 6.684372 22.231003 -3.871998
v 6.586372 22.231003 -3.936998
v 5.660371 28.485003 -2.999997
v 5.308372 28.780003 -2.999997
v 5.617372 28.598003 -2.999997
v 5.535372 28.693003 -2.999997
v 5.427372 28.758003 -2.999997
v 5.660372 28.485001 0.000003
v 5.308372 28.780003 0.000003
v 5.617372 28.598001 0.000003
v 5.535372 28.693001 0.000003
v 5.427372 28.758003 0.000003
v 4.606372 28.780003 -3.659997
v 4.659372 28.480003 -3.959996
v 4.610372 28.757004 -3.774997
v 4.621372 28.692003 -3.871997
v 4.639372 28.595003 -3.936997
v 4.408371 16.150002 -2.999999
v 3.608372 16.150002 -2.999999
v 4.408372 16.150002 -2.399999
v 3.608372 16.150002 -2.399999
v 4.408371 27.200003 -2.999997
v 3.608372 27.200003 -2.999997
v 4.408372 27.200001 -2.399997
v 3.608372 27.200001 -2.399997
v 0.008372 18.400002 -2.999998
v 3.008372 16.150002 -2.999999
v 0.908372 17.200003 -0.399999
v 1.675372 17.200003 -0.399999
v 0.908372 16.150002 -1.199999
v 2.824372 16.150002 -2.448999
v 2.551372 16.150002 -1.946999
v 2.154372 16.150002 -1.536999
v 2.209372 16.150002 -2.999999
v 1.360372 16.150002 -1.851999
v 2.089372 16.150002 -2.635999
v 1.910372 16.150002 -2.307999
v 1.651372 16.150002 -2.039999
v 1.159372 16.150002 -1.723999
v 1.010372 16.150002 -1.578999
v 0.925372 16.150002 -1.382999
v 1.871372 16.150002 -1.353999
v 1.766372 16.150002 -1.267999
v 1.693372 16.165003 -1.130999
v 1.675372 16.199001 -1.002999
v 3.008372 27.200003 -2.999997
v 0.908372 21.000002 -0.399998
v 1.676372 21.000002 -0.399998
v 0.908372 27.200001 -1.199997
v 2.824372 27.200001 -2.448997
v 2.551372 27.200001 -1.946997
v 2.154372 27.200001 -1.536997
v 2.209372 27.200003 -2.999997
v 1.360372 27.200001 -1.851997
v 2.089372 27.200001 -2.635997
v 1.910372 27.200001 -2.307997
v 1.651372 27.200001 -2.039997
v 1.159372 27.200001 -1.723997
v 1.010372 27.200001 -1.578997
v 0.925372 27.200001 -1.382997
v 1.871372 27.200001 -1.353997
v 1.766372 27.200001 -1.267997
v 1.693372 27.200001 -1.130997
v 1.675372 27.200001 -1.002998
v 0.908372 21.153002 -0.369998
v 1.676372 21.153002 -0.369998
v 0.908372 21.283001 -0.282998
v 1.676372 21.283001 -0.282998
v 0.908372 21.370003 -0.152998
v 1.676372 21.370003 -0.152998
v 0.908372 21.400002 0.000002
v 1.676372 21.400002 0.000002
v 0.908372 27.200001 0.000003
v 1.676372 27.200001 0.000003
v 0.908372 16.286001 -0.895999
v 0.908372 16.491001 -0.648999
v 0.908372 16.829002 -0.465999
v 1.675372 16.316002 -0.799999
v 1.675372 16.521002 -0.572999
v 1.675372 16.858002 -0.438999
v 5.399372 27.989002 -3.959997
v 5.217371 28.226002 -3.959997
v 4.964371 28.388002 -3.959997
v 5.227372 28.780003 -3.253997
v 5.085372 28.780003 -3.450997
v 4.868371 28.780003 -3.590997
v 5.676372 28.388002 -3.253997
v 5.705372 28.226002 -3.461997
v 5.748371 27.989002 -3.597997
v 5.552372 27.989002 -3.911997
v 5.652372 27.989002 -3.835997
v 5.719371 27.989002 -3.728997
v 5.201371 28.757004 -3.530997
v 5.338372 28.692003 -3.622997
v 5.441372 28.595003 -3.693997
v 5.515371 28.485003 -3.743997
v 5.629372 28.388002 -3.636997
v 5.552372 28.388002 -3.771997
v 5.440372 28.388002 -3.858997
v 5.663373 28.226002 -3.672997
v 5.599371 28.226002 -3.801997
v 5.487371 28.226002 -3.880997
v 5.327371 28.757004 -3.348997
v 5.441371 28.692003 -3.462997
v 5.539371 28.595003 -3.550997
v 5.602372 28.485003 -3.611997
v 5.049372 28.757004 -3.674997
v 5.201371 28.692003 -3.746997
v 5.319372 28.595003 -3.800997
v 5.402371 28.485003 -3.839997
v 5.610372 28.598003 -3.250997
v 5.512372 28.693003 -3.250997
v 5.386371 28.758003 -3.253997
v 5.660371 28.485003 -3.249996
v 5.677372 28.388002 -3.450997
v 5.360372 28.757004 -3.304997
v 5.496372 28.693003 -3.363997
v 5.597372 28.596003 -3.407997
v 5.652372 28.485003 -3.437997
v 4.960372 28.481003 -3.943997
v 4.946373 28.595003 -3.909997
v 4.930372 28.692003 -3.843997
v 4.904371 28.757004 -3.730997
v 5.166371 28.483002 -3.905997
v 5.127371 28.595003 -3.866997
v 5.068372 28.692003 -3.801997
v 4.971372 28.757004 -3.701997
v 5.189372 28.388002 -3.934997
v -2.391627 34.600002 0.000004
v -2.208627 34.600002 0.918004
v -1.688628 34.600002 1.697004
v -1.688628 28.780003 1.697003
v -0.909628 28.780003 2.217003
v 0.008372 28.780003 2.400002
v 0.008372 34.600002 2.400003
v -0.909628 34.600002 2.217004
v -2.208627 28.780003 0.918003
v -2.391627 28.780003 0.000003
v -4.887627 26.770002 0.000002
v -4.914627 26.620003 0.765002
v -4.995628 26.168003 1.414002
v -5.108627 25.535002 1.848002
v -5.234627 24.800003 2.000002
v -5.373627 24.053001 1.848002
v -5.490627 23.404001 1.414002
v -5.565627 22.977001 0.765002
v -5.585627 22.833002 0.000002
v -6.517627 22.999002 0.000002
v -6.487627 23.149002 0.765002
v -6.408627 23.576002 1.414002
v -6.299627 24.216002 1.848002
v -6.163627 24.969002 2.000002
v -6.030627 25.722002 1.848002
v -5.917627 26.362003 1.414002
v -5.838627 26.789001 0.765002
v -5.812627 26.939003 0.000002
v -6.391627 16.020002 0.000001
v -6.391627 16.020002 3.000000
v -6.391627 16.020002 3.000000
v -5.858627 27.264002 0.956002
v -5.825627 27.451002 0.000003
v -5.956627 26.730001 1.767002
v -6.097627 25.931002 2.309002
v -6.263627 24.990002 2.499002
v -6.434626 24.049002 2.309002
v -6.570627 23.250002 1.767002
v -7.691626 16.020002 3.000000
v -7.691627 16.020002 0.000001
v -7.691626 17.000002 3.000000
v -7.691627 17.000002 0.000001
v -6.669627 22.717003 0.956002
v -4.808627 27.200001 3.000002
v -4.808627 27.200001 3.000002
v -4.808627 27.200001 0.000003
v -6.706627 22.529001 0.000002
v -6.391627 18.400002 3.000001
v -6.391627 18.400002 3.000001
v -6.391627 18.400002 0.000001
v 0.008372 27.200001 3.000002
v -5.757627 27.243002 0.956002
v -5.724627 27.430002 0.000003
v -5.855627 26.709002 1.767002
v -5.996627 25.910002 2.309002
v -6.162627 24.969002 2.499002
v -6.333626 24.028002 2.309002
v -6.469627 23.229002 1.767002
v -6.568627 22.696003 0.956002
v -6.605627 22.508001 0.000002
v 0.008372 16.020002 3.000000
v 0.008372 16.020002 3.960000
v -6.689627 16.020002 3.960000
v -7.389627 16.020002 3.960000
v -7.389627 16.020002 3.960000
v -7.504627 16.020002 3.937000
v -7.602627 16.020002 3.872000
v -7.668627 16.020002 3.775000
v -7.691627 16.020002 3.660000
v -7.691627 16.020002 3.660000
v -7.389627 17.000002 3.960000
v -7.668627 17.000002 3.775001
v -7.691627 17.000002 3.660001
v -7.691627 17.000002 3.660001
v -7.691627 17.000002 3.660001
v -6.453627 22.231001 3.960001
v -6.756626 22.231001 3.660002
v -5.774627 27.748001 3.660002
v -5.473627 27.749001 3.960002
v -5.291627 28.780001 3.000002
v -5.291627 28.780003 0.000003
v -5.643627 28.485001 0.000003
v -5.643627 28.485001 3.000002
v -4.642627 28.480000 3.960002
v 0.008372 28.480000 3.960002
v 0.008372 28.780001 3.660002
v -4.589627 28.780001 3.660002
v -4.391627 16.150002 2.400001
v -4.391627 16.150002 2.400001
v -4.391627 16.150002 3.000000
v -3.591627 16.150002 3.000000
v -3.591627 16.150002 2.400001
v -3.591627 16.150002 2.400001
v -4.391627 27.200001 2.400002
v -3.591627 27.200001 2.400002
v -1.658628 16.858002 0.439001
v -1.658628 17.200003 0.400001
v -2.991627 16.150002 3.000000
v -2.807627 16.150002 2.449000
v -2.534627 16.150002 1.947001
v -2.137628 16.150002 1.537001
v -2.192627 16.150002 3.000000
v -2.072628 16.150002 2.636000
v -1.893627 16.150002 2.308000
v -1.634628 16.150002 2.040001
v -1.343627 16.150002 1.852000
v -1.142628 16.150002 1.724000
v -0.993628 16.150002 1.579000
v -0.908628 16.150002 1.383001
v -0.891628 16.150002 1.200001
v -1.854627 16.150002 1.354000
v -1.749627 16.150002 1.268001
v -1.676627 16.165003 1.131001
v -1.658628 16.199001 1.003001
v -1.658628 16.521002 0.573001
v -0.891628 21.000002 0.400001
v -0.891628 17.200003 0.400001
v -1.658628 16.316002 0.800001
v -0.891628 21.153002 0.370001
v -1.659627 21.000002 0.400001
v -1.659627 21.153002 0.370001
v -0.891628 21.283001 0.283001
v -1.659627 21.283001 0.283002
v -0.891628 21.370003 0.153002
v -1.659627 21.370003 0.153002
v -0.891628 21.400002 0.000002
v -1.659627 21.400002 0.000002
v -0.891628 16.286001 0.896001
v -0.891628 16.491001 0.649001
v -0.891628 16.829002 0.466001
v -5.382627 27.989002 3.960002
v -5.200627 28.226002 3.960002
v -4.947627 28.388000 3.960002
v -5.068628 28.780001 3.451002
v -4.851627 28.780001 3.591002
v -5.210627 28.780001 3.254003
v -5.688627 28.226002 3.462002
v -5.731627 27.989002 3.598002
v -5.659627 28.388000 3.254002
v 2.408372 34.600002 0.000004
v 2.225372 34.600002 0.918004
v 1.705372 34.600002 1.697004
v 1.705372 28.780003 1.697003
v 0.926372 28.780003 2.217003
v 0.926372 34.600002 2.217004
v 2.225372 28.780003 0.918003
v 2.408372 28.780003 0.000003
v 4.904372 26.770002 0.000002
v 4.931371 26.620003 0.765002
v 5.012372 26.168003 1.414002
v 5.125371 25.535002 1.848002
v 5.251372 24.800003 2.000002
v 5.390371 24.053001 1.848002
v 5.507371 23.404001 1.414002
v 5.582371 22.977001 0.765002
v 5.602372 22.833002 0.000002
v 6.534371 22.999002 0.000002
v 6.504371 23.149002 0.765002
v 6.425371 23.576002 1.414002
v 6.316371 24.216002 1.848002
v 6.180372 24.969002 2.000002
v 6.047371 25.722002 1.848002
v 5.934371 26.362003 1.414002
v 5.855371 26.789001 0.765002
v 5.829372 26.939003 0.000002
v 6.408371 16.020002 0.000001
v 6.408371 16.020002 3.000000
v 6.408371 16.020002 3.000000
v 5.875371 27.264002 0.956002
v 5.842372 27.451002 0.000003
v 5.973372 26.730001 1.767002
v 6.114372 25.931002 2.309002
v 6.280372 24.990002 2.499002
v 6.451371 24.049002 2.309002
v 6.587372 23.250002 1.767002
v 7.708371 16.020002 3.000000
v 7.708371 16.020002 0.000001
v 7.708371 17.000002 3.000000
v 7.708371 17.000002 0.000001
v 6.686372 22.717003 0.956002
v 4.825372 27.200001 3.000002
v 4.825372 27.200001 3.000002
v 4.825372 27.200001 0.000003
v 6.723372 22.529001 0.000002
v 6.408371 18.400002 3.000001
v 6.408371 18.400002 3.000001
v 6.408371 18.400002 0.000001
v 5.774371 27.243002 0.956002
v 5.741371 27.430002 0.000003
v 5.872371 26.709002 1.767002
v 6.013372 25.910002 2.309002
v 6.179372 24.969002 2.499002
v 6.350371 24.028002 2.309001
v 6.486372 23.229002 1.767002
v 6.585371 22.696003 0.956002
v 6.622371 22.508001 0.000002
v 6.706371 16.020002 3.960000
v 7.406371 16.020002 3.960000
v 7.406371 16.020002 3.960000
v 7.521371 16.020002 3.937000
v 7.619371 16.020002 3.872000
v 7.685371 16.020002 3.775000
v 7.708371 16.020002 3.660001
v 7.708371 16.020002 3.660001
v 7.406371 17.000002 3.960001
v 7.685371 17.000002 3.775001
v 7.708371 17.000002 3.660001
v 7.708371 17.000002 3.660001
v 7.708371 17.000002 3.660001
v 6.470371 22.231001 3.960001
v 6.773371 22.231001 3.660002
v 5.791372 27.748001 3.660002
v 5.490372 27.749001 3.960002
v 5.308372 28.780001 3.000002
v 5.308372 28.780003 0.000003
v 5.660372 28.485001 0.000003
v 5.660372 28.485001 3.000003
v 4.659372 28.480000 3.960002
v 4.606372 28.780001 3.660003
v 4.408371 16.150002 2.400000
v 4.408371 16.150002 2.400000
v 4.408372 16.150002 3.000000
v 3.608372 16.150002 3.000000
v 3.608372 16.150002 2.400000
v 3.608372 16.150002 2.400000
v 4.408371 27.200001 2.400002
v 3.608372 27.200001 2.400002
v 1.675372 16.858002 0.439001
v 1.675372 17.200003 0.400001
v 3.008372 16.150002 3.000000
v 2.824372 16.150002 2.449000
v 2.551372 16.150002 1.947001
v 2.154372 16.150002 1.537000
v 2.209372 16.150002 3.000000
v 2.089372 16.150002 2.636000
v 1.910372 16.150002 2.308001
v 1.651372 16.150002 2.040000
v 1.360372 16.150002 1.852000
v 1.159372 16.150002 1.724001
v 1.010372 16.150002 1.579001
v 0.925372 16.150002 1.383001
v 0.908372 16.150002 1.200001
v 1.871372 16.150002 1.354001
v 1.766372 16.150002 1.268001
v 1.693372 16.165003 1.131001
v 1.675372 16.199001 1.003001
v 1.675372 16.521002 0.573001
v 0.908372 21.000002 0.400001
v 0.908372 17.200003 0.400001
v 1.675372 16.316002 0.800001
v 0.908372 21.153002 0.370001
v 1.676372 21.000002 0.400001
v 1.676372 21.153002 0.370001
v 0.908372 21.283001 0.283002
v 1.676372 21.283001 0.283002
v 0.908372 21.370003 0.153002
v 1.676372 21.370003 0.153002
v 0.908372 21.400002 0.000002
v 1.676372 21.400002 0.000002
v 0.908372 16.286001 0.896001
v 0.908372 16.491001 0.649001
v 0.908372 16.829002 0.466001
v 5.399372 27.989002 3.960002
v 5.217372 28.226002 3.960002
v 4.964372 28.388000 3.960002
v 5.085371 28.780001 3.451002
v 4.868371 28.780001 3.591002
v 5.227372 28.780001 3.254003
v 5.705371 28.226002 3.462002
v 5.748371 27.989002 3.598002
v 5.676372 28.388000 3.254002
v -2.208627 34.600002 -0.917996
v -1.688628 34.600002 -1.696996
v -1.688628 28.780003 -1.696997
v -0.909628 28.780003 -2.216997
v 0.008372 28.780003 -2.399997
v 0.008372 34.600002 -2.399996
v -0.909628 34.600002 -2.216996
v -2.208627 28.780003 -0.917997
v -4.914627 26.620003 -0.764997
v -4.995627 26.168003 -1.413997
v -5.108627 25.535002 -1.847998
v -5.234627 24.800003 -1.999998
v -5.373627 24.053001 -1.847998
v -5.490627 23.404001 -1.413998
v -5.565627 22.977001 -0.764998
v -6.487627 23.149002 -0.764998
v -6.408627 23.576002 -1.413998
v -6.299627 24.216002 -1.847998
v -6.163627 24.969002 -1.999998
v -6.030627 25.722002 -1.847998
v -5.917627 26.362003 -1.413997
v -5.838627 26.789001 -0.764997
v -6.391627 16.020002 -2.999999
v -6.391627 16.020002 -2.999999
v -5.858627 27.264002 -0.955997
v -5.956627 26.730001 -1.766997
v -6.097627 25.931002 -2.308997
v -6.263627 24.990002 -2.498998
v -6.434627 24.049002 -2.308997
v -6.570627 23.250002 -1.766998
v -7.691627 16.020002 -2.999999
v -7.691627 17.000002 -2.999999
v -6.669627 22.717003 -0.955998
v -4.808627 27.200003 -2.999997
v -4.808627 27.200003 -2.999997
v -6.391627 18.400002 -2.999999
v -6.391627 18.400002 -2.999999
v 0.008372 27.200003 -2.999997
v -5.757627 27.243002 -0.955997
v -5.855627 26.709002 -1.766997
v -5.996627 25.910002 -2.308997
v -6.162627 24.969002 -2.498998
v -6.333627 24.028002 -2.308998
v -6.469627 23.229002 -1.766998
v -6.568627 22.696003 -0.955998
v 0.008372 16.020002 -2.999999
v 0.008372 16.020002 -3.959999
v -6.689627 16.020002 -3.959999
v -7.389627 16.020002 -3.959999
v -7.389627 16.020002 -3.959999
v -7.504627 16.020002 -3.936999
v -7.602627 16.020002 -3.871999
v -7.668627 16.020002 -3.774999
v -7.691627 16.020002 -3.659999
v -7.691627 16.020002 -3.659999
v -7.389627 17.000002 -3.959999
v -7.668627 17.000002 -3.774999
v -7.691627 17.000002 -3.659999
v -7.691627 17.000002 -3.659999
v -7.691627 17.000002 -3.659999
v -6.453627 22.231003 -3.959998
v -6.756627 22.231003 -3.659998
v -5.774627 27.748003 -3.659997
v -5.473627 27.749002 -3.959997
v -5.291627 28.780003 -2.999997
v -5.643627 28.485003 -2.999997
v -4.642627 28.480003 -3.959997
v 0.008372 28.480003 -3.959997
v 0.008372 28.780003 -3.659997
v -4.589628 28.780003 -3.659997
v -4.391627 16.150002 -2.399999
v -4.391627 16.150002 -2.399999
v -4.391627 16.150002 -2.999999
v -3.591627 16.150002 -2.999999
v -3.591627 16.150002 -2.399999
v -3.591627 16.150002 -2.399999
v -4.391627 27.200001 -2.399997
v -3.591627 27.200001 -2.399997
v -1.658628 16.858002 -0.438999
v -1.658628 17.200003 -0.399999
v -2.991627 16.150002 -2.999999
v -2.807627 16.150002 -2.448999
v -2.534627 16.150002 -1.946999
v -2.137627 16.150002 -1.536999
v -2.192627 16.150002 -2.999999
v -2.072628 16.150002 -2.635999
v -1.893628 16.150002 -2.307999
v -1.634627 16.150002 -2.039999
v -1.343628 16.150002 -1.851999
v -1.142627 16.150002 -1.723999
v -0.993628 16.150002 -1.578999
v -0.908628 16.150002 -1.382999
v -0.891628 16.150002 -1.199999
v -1.854628 16.150002 -1.353999
v -1.749627 16.150002 -1.267999
v -1.676628 16.165003 -1.130999
v -1.658628 16.199001 -1.002999
v -1.658628 16.521002 -0.572999
v -0.891628 21.000002 -0.399998
v -0.891628 17.200003 -0.399999
v -1.658628 16.316002 -0.799999
v -0.891628 21.153002 -0.369998
v -1.659627 21.000002 -0.399998
v -1.659627 21.153002 -0.369998
v -0.891628 21.283001 -0.282998
v -1.659627 21.283001 -0.282998
v -0.891628 21.370003 -0.152998
v -1.659627 21.370003 -0.152998
v -0.891628 16.286001 -0.895999
v -0.891628 16.491001 -0.648999
v -0.891628 16.829002 -0.465999
v -5.382627 27.989002 -3.959997
v -5.200627 28.226002 -3.959997
v -4.947627 28.388002 -3.959997
v -5.068627 28.780003 -3.450997
v -4.851627 28.780003 -3.590997
v -5.210627 28.780003 -3.253997
v -5.688627 28.226002 -3.461997
v -5.731627 27.989002 -3.597997
v -5.659627 28.388002 -3.253997
v 2.225372 34.600002 -0.917996
v 1.705372 34.600002 -1.696996
v 1.705372 28.780003 -1.696997
v 0.926372 28.780003 -2.216997
v 0.926372 34.600002 -2.216996
v 2.225372 28.780003 -0.917997
v 4.931372 26.620003 -0.764997
v 5.012372 26.168003 -1.413997
v 5.125372 25.535002 -1.847998
v 5.251371 24.800003 -1.999998
v 5.390372 24.053001 -1.847998
v 5.507372 23.404001 -1.413998
v 5.582371 22.977001 -0.764998
v 6.504371 23.149002 -0.764998
v 6.425371 23.576002 -1.413998
v 6.316372 24.216002 -1.847998
v 6.180371 24.969002 -1.999998
v 6.047372 25.722002 -1.847998
v 5.934371 26.362003 -1.413998
v 5.855371 26.789001 -0.764997
v 6.408371 16.020002 -2.999999
v 6.408371 16.020002 -2.999999
v 5.875372 27.264002 -0.955997
v 5.973372 26.730001 -1.766997
v 6.114371 25.931002 -2.308997
v 6.280372 24.990002 -2.498998
v 6.451371 24.049002 -2.308998
v 6.587372 23.250002 -1.766998
v 7.708371 16.020002 -2.999999
v 7.708371 17.000002 -2.999999
v 6.686371 22.717003 -0.955998
v 4.825371 27.200003 -2.999997
v 4.825371 27.200003 -2.999997
v 6.408371 18.400002 -2.999998
v 6.408371 18.400002 -2.999998
v 5.774372 27.243002 -0.955997
v 5.872372 26.709002 -1.766997
v 6.013371 25.910002 -2.308997
v 6.179372 24.969002 -2.498998
v 6.350371 24.028002 -2.308998
v 6.486372 23.229002 -1.766998
v 6.585371 22.696003 -0.955998
v 6.706372 16.020002 -3.959999
v 7.406372 16.020002 -3.959999
v 7.406372 16.020002 -3.959999
v 7.521372 16.020002 -3.936999
v 7.619372 16.020002 -3.871999
v 7.685372 16.020002 -3.774999
v 7.708371 16.020002 -3.659999
v 7.708371 16.020002 -3.659999
v 7.406372 17.000002 -3.959998
v 7.685372 17.000002 -3.774999
v 7.708371 17.000002 -3.659999
v 7.708371 17.000002 -3.659999
v 7.708371 17.000002 -3.659999
v 6.470371 22.231003 -3.959998
v 6.773371 22.231003 -3.659998
v 5.791372 27.748003 -3.659997
v 5.490371 27.749002 -3.959997
v 5.308372 28.780003 -2.999997
v 5.660371 28.485003 -2.999997
v 4.659372 28.480003 -3.959996
v 4.606372 28.780003 -3.659997
v 4.408372 16.150002 -2.399999
v 4.408372 16.150002 -2.399999
v 4.408371 16.150002 -2.999999
v 3.608372 16.150002 -2.999999
v 3.608372 16.150002 -2.399999
v 3.608372 16.150002 -2.399999
v 4.408372 27.200001 -2.399997
v 3.608372 27.200001 -2.399997
v 1.675372 16.858002 -0.438999
v 1.675372 17.200003 -0.399999
v 3.008372 16.150002 -2.999999
v 2.824372 16.150002 -2.448999
v 2.551372 16.150002 -1.946999
v 2.154372 16.150002 -1.536999
v 2.209372 16.150002 -2.999999
v 2.089372 16.150002 -2.635999
v 1.910372 16.150002 -2.307999
v 1.651372 16.150002 -2.039999
v 1.360372 16.150002 -1.851999
v 1.159372 16.150002 -1.723999
v 1.010372 16.150002 -1.578999
v 0.925372 16.150002 -1.382999
v 0.908372 16.150002 -1.199999
v 1.871372 16.150002 -1.353999
v 1.766372 16.150002 -1.267999
v 1.693372 16.165003 -1.130999
v 1.675372 16.199001 -1.002999
v 1.675372 16.521002 -0.572999
v 0.908372 21.000002 -0.399998
v 0.908372 17.200003 -0.399999
v 1.675372 16.316002 -0.799999
v 0.908372 21.153002 -0.369998
v 1.676372 21.000002 -0.399998
v 1.676372 21.153002 -0.369998
v 0.908372 21.283001 -0.282998
v 1.676372 21.283001 -0.282998
v 0.908372 21.370003 -0.152998
v 1.676372 21.370003 -0.152998
v 0.908372 16.286001 -0.895999
v 0.908372 16.491001 -0.648999
v 0.908372 16.829002 -0.465999
v 5.399372 27.989002 -3.959997
v 5.217371 28.226002 -3.959997
v 4.964371 28.388002 -3.959997
v 5.085372 28.780003 -3.450997
v 4.868371 28.780003 -3.590997
v 5.227372 28.780003 -3.253997
v 5.705372 28.226002 -3.461997
v 5.748371 27.989002 -3.597997
v 5.676372 28.388002 -3.253997
vt 0.000670 0.000099
vt 0.000698 0.000111
vt 0.000598 0.000186
vt 0.000560 0.000170
vt 0.000598 0.000186
vt 0.000642 0.000386
vt 0.000609 0.000417
vt 0.000642 0.000386
vt 0.000717 0.000415
vt 0.000696 0.000434
vt 0.000694 0.000445
vt 0.000707 0.000469
vt 0.000638 0.000472
vt 0.000609 0.000433
vt 0.000638 0.000472
vt 0.000605 0.000683
vt 0.000563 0.000693
vt 0.000605 0.000683
vt 0.000690 0.000811
vt 0.000652 0.000811
vt 0.000642 0.000819
vt 0.000629 0.000854
vt 0.000518 0.000720
vt 0.000549 0.000701
vt 0.000547 0.000693
vt 0.000511 0.000692
vt 0.000556 0.000426
vt 0.000595 0.000429
vt 0.000548 0.000159
vt 0.000527 0.000134
vt 0.000665 0.000057
vt 0.000663 0.000090
vt 0.000680 0.000061
vt 0.000667 0.000089
vt 0.000692 0.000071
vt 0.000670 0.000090
vt 0.000671 0.000096
vt 0.000701 0.000098
vt 0.000671 0.000093
vt 0.000699 0.000084
vt 0.000646 0.000820
vt 0.000645 0.000856
vt 0.000649 0.000820
vt 0.000662 0.000853
vt 0.000652 0.000818
vt 0.000676 0.000843
vt 0.000653 0.000815
vt 0.000686 0.000829
vt 0.000515 0.000713
vt 0.000548 0.000700
vt 0.000513 0.000706
vt 0.000547 0.000698
vt 0.000511 0.000699
vt 0.000547 0.000695
vt 0.000594 0.000414
vt 0.000556 0.000411
vt 0.000511 0.000167
vt 0.000544 0.000168
vt 0.000697 0.000443
vt 0.000717 0.000462
vt 0.000699 0.000441
vt 0.000724 0.000451
vt 0.000700 0.000438
vt 0.000726 0.000438
vt 0.000699 0.000436
vt 0.000723 0.000425
vt 0.000546 0.000161
vt 0.000520 0.000141
vt 0.000544 0.000163
vt 0.000516 0.000149
vt 0.000544 0.000165
vt 0.000512 0.000158
vt 0.000281 0.000530
vt 0.000241 0.000540
vt 0.000241 0.000177
vt 0.000280 0.000184
vt 0.000471 0.000184
vt 0.000511 0.000176
vt 0.000511 0.000535
vt 0.000472 0.000529
vt 0.000297 0.000529
vt 0.000295 0.000186
vt 0.000456 0.000185
vt 0.000458 0.000528
vt 0.000331 0.000521
vt 0.000330 0.000194
vt 0.000423 0.000192
vt 0.000424 0.000522
vt 0.000340 0.000543
vt 0.000312 0.000564
vt 0.000299 0.000573
vt 0.000266 0.000600
vt 0.000356 0.000559
vt 0.000342 0.000590
vt 0.000335 0.000603
vt 0.000317 0.000643
vt 0.000378 0.000565
vt 0.000379 0.000599
vt 0.000380 0.000613
vt 0.000383 0.000657
vt 0.000400 0.000560
vt 0.000416 0.000589
vt 0.000424 0.000601
vt 0.000446 0.000637
vt 0.000416 0.000545
vt 0.000444 0.000563
vt 0.000456 0.000571
vt 0.000491 0.000592
vt 0.000414 0.000169
vt 0.000442 0.000150
vt 0.000454 0.000142
vt 0.000488 0.000116
vt 0.000397 0.000153
vt 0.000414 0.000125
vt 0.000420 0.000111
vt 0.000439 0.000072
vt 0.000375 0.000148
vt 0.000376 0.000115
vt 0.000376 0.000100
vt 0.000374 0.000057
vt 0.000354 0.000154
vt 0.000339 0.000124
vt 0.000332 0.000111
vt 0.000310 0.000074
vt 0.000338 0.000171
vt 0.000310 0.000150
vt 0.000298 0.000142
vt 0.000263 0.000119
vt 0.000776 0.000268
vt 0.000811 0.000265
vt 0.000857 0.000594
vt 0.000823 0.000600
vt 0.000809 0.000601
vt 0.000775 0.000607
vt 0.000726 0.000275
vt 0.000763 0.000271
vt 0.000917 0.000098
vt 0.000916 0.000057
vt 0.001137 0.000058
vt 0.001127 0.000091
vt 0.001135 0.000098
vt 0.001166 0.000083
vt 0.001182 0.000147
vt 0.001151 0.000143
vt 0.001141 0.000148
vt 0.001127 0.000174
vt 0.001100 0.000152
vt 0.001122 0.000108
vt 0.001100 0.000152
vt 0.000918 0.000153
vt 0.000916 0.000113
vt 0.000971 0.000728
vt 0.000954 0.000713
vt 0.000956 0.000711
vt 0.000976 0.000719
vt 0.000957 0.000709
vt 0.000978 0.000708
vt 0.000956 0.000707
vt 0.000975 0.000697
vt 0.000955 0.000705
vt 0.000969 0.000689
vt 0.000952 0.000705
vt 0.000960 0.000684
vt 0.000864 0.000620
vt 0.000833 0.000634
vt 0.000821 0.000640
vt 0.000790 0.000654
vt 0.000878 0.000643
vt 0.000852 0.000664
vt 0.000842 0.000673
vt 0.000816 0.000694
vt 0.000896 0.000660
vt 0.000877 0.000687
vt 0.000871 0.000698
vt 0.000853 0.000725
vt 0.000918 0.000672
vt 0.000907 0.000701
vt 0.000903 0.000712
vt 0.000895 0.000742
vt 0.000943 0.000679
vt 0.000935 0.000706
vt 0.000936 0.000716
vt 0.000941 0.000744
vt 0.000762 0.000230
vt 0.000776 0.000232
vt 0.000726 0.000224
vt 0.000812 0.000238
vt 0.000774 0.000190
vt 0.000787 0.000195
vt 0.000741 0.000174
vt 0.000820 0.000211
vt 0.000797 0.000153
vt 0.000808 0.000163
vt 0.000769 0.000128
vt 0.000837 0.000188
vt 0.000830 0.000124
vt 0.000838 0.000136
vt 0.000809 0.000091
vt 0.000859 0.000169
vt 0.000871 0.000104
vt 0.000875 0.000119
vt 0.000860 0.000067
vt 0.000887 0.000158
vt 0.001144 0.000150
vt 0.001140 0.000179
vt 0.001147 0.000151
vt 0.001154 0.000178
vt 0.001150 0.000149
vt 0.001167 0.000172
vt 0.001151 0.000147
vt 0.001177 0.000160
vt 0.001134 0.000095
vt 0.001161 0.000075
vt 0.001132 0.000093
vt 0.001154 0.000067
vt 0.001130 0.000092
vt 0.001146 0.000062
vt 0.000180 0.000704
vt 0.000194 0.000669
vt 0.000198 0.000671
vt 0.000197 0.000707
vt 0.000165 0.000696
vt 0.000191 0.000666
vt 0.000231 0.000693
vt 0.000203 0.000667
vt 0.000205 0.000662
vt 0.000241 0.000679
vt 0.000206 0.000103
vt 0.000238 0.000114
vt 0.000133 0.000199
vt 0.000090 0.000183
vt 0.000133 0.000199
vt 0.000201 0.000670
vt 0.000215 0.000703
vt 0.000037 0.000182
vt 0.000073 0.000182
vt 0.000077 0.000172
vt 0.000053 0.000146
vt 0.000200 0.000057
vt 0.000199 0.000093
vt 0.000208 0.000099
vt 0.000241 0.000099
vt 0.000208 0.000096
vt 0.000238 0.000084
vt 0.000206 0.000093
vt 0.000229 0.000071
vt 0.000203 0.000092
vt 0.000216 0.000061
vt 0.000074 0.000174
vt 0.000047 0.000154
vt 0.000073 0.000176
vt 0.000042 0.000163
vt 0.000072 0.000179
vt 0.000039 0.000172
vt 0.950000 0.065000
vt 0.951000 0.065000
vt 0.954000 0.065000
vt 0.952000 0.065000
vt 0.954000 0.065000
vt 0.950000 0.065000
vt 0.831473 0.520155
vt 0.816473 0.520155
vt 0.816473 0.431155
vt 0.831473 0.431155
vt 0.845473 0.431155
vt 0.845473 0.520155
vt 0.860473 0.431155
vt 0.860473 0.520155
vt 0.874473 0.431155
vt 0.874473 0.520155
vt 0.941404 0.400642
vt 0.937554 0.400642
vt 0.937554 0.367146
vt 0.941404 0.367146
vt 0.937554 0.335575
vt 0.941404 0.335575
vt 0.167417 0.358216
vt 0.167417 0.339810
vt 0.290592 0.339810
vt 0.290592 0.358216
vt 0.184427 0.455589
vt 0.202610 0.558306
vt 0.189706 0.558306
vt 0.171523 0.455589
vt 0.944000 0.044000
vt 0.942000 0.044000
vt 0.942000 0.044000
vt 0.944000 0.044000
vt 0.943000 0.045000
vt 0.944000 0.045000
vt 0.944000 0.046000
vt 0.943000 0.046000
vt 0.945000 0.047000
vt 0.943000 0.048000
vt 0.945000 0.049000
vt 0.943000 0.049000
vt 0.943000 0.050000
vt 0.945000 0.050000
vt 0.945000 0.050000
vt 0.944000 0.051000
vt 0.945000 0.051000
vt 0.944000 0.051000
vt 0.940000 0.032000
vt 0.940000 0.032000
vt 0.943000 0.032000
vt 0.943000 0.032000
vt 0.942000 0.043000
vt 0.942000 0.043000
vt 0.942000 0.043000
vt 0.942000 0.044000
vt 0.941000 0.032000
vt 0.941000 0.032000
vt 0.942000 0.032000
vt 0.919266 0.367146
vt 0.919266 0.335575
vt 0.154513 0.358216
vt 0.154513 0.339810
vt 0.942000 0.044000
vt 0.942000 0.044000
vt 0.943000 0.046000
vt 0.943000 0.046000
vt 0.946000 0.054000
vt 0.945000 0.054000
vt 0.945000 0.054000
vt 0.946000 0.054000
vt 0.943000 0.048000
vt 0.943000 0.048000
vt 0.943000 0.049000
vt 0.943000 0.049000
vt 0.944000 0.051000
vt 0.943000 0.051000
vt 0.944000 0.052000
vt 0.944000 0.052000
vt 0.937554 0.335575
vt 0.919266 0.335575
vt 0.919266 0.329608
vt 0.937554 0.329608
vt 0.945000 0.051000
vt 0.945000 0.052000
vt 0.945000 0.052000
vt 0.944000 0.052000
vt 0.944000 0.052000
vt 0.944000 0.044000
vt 0.944000 0.044000
vt 0.943000 0.036000
vt 0.943000 0.036000
vt 0.954000 0.036000
vt 0.954000 0.032000
vt 0.943000 0.032000
vt 0.944000 0.045000
vt 0.944000 0.046000
vt 0.954000 0.052000
vt 0.954000 0.052000
vt 0.945000 0.052000
vt 0.945000 0.052000
vt 0.945000 0.047000
vt 0.943000 0.032000
vt 0.943000 0.032000
vt 0.943000 0.036000
vt 0.943000 0.036000
vt 0.945000 0.050000
vt 0.945000 0.050000
vt 0.945000 0.049000
vt 0.945000 0.052000
vt 0.954000 0.052000
vt 0.944000 0.051000
vt 0.944000 0.051000
vt 0.944000 0.052000
vt 0.944000 0.052000
vt 0.943000 0.050000
vt 0.944000 0.051000
vt 0.943000 0.049000
vt 0.943000 0.049000
vt 0.943000 0.048000
vt 0.943000 0.048000
vt 0.943000 0.046000
vt 0.943000 0.046000
vt 0.943000 0.045000
vt 0.942000 0.044000
vt 0.942000 0.044000
vt 0.942000 0.043000
vt 0.942000 0.044000
vt 0.942000 0.043000
vt 0.925042 0.370226
vt 0.930047 0.373306
vt 0.933319 0.378119
vt 0.934474 0.383894
vt 0.919266 0.369071
vt 0.933319 0.389669
vt 0.930047 0.394482
vt 0.925042 0.397755
vt 0.919266 0.400642
vt 0.919266 0.398717
vt 0.954000 0.032000
vt 0.954000 0.032000
vt 0.943000 0.036000
vt 0.941404 0.329608
vt 0.941404 0.335575
vt 0.946000 0.054000
vt 0.954000 0.054000
vt 0.954000 0.054000
vt 0.290592 0.455589
vt 0.290592 0.558306
vt 0.940000 0.032000
vt 0.937554 0.405070
vt 0.919266 0.405070
vt 0.950000 0.054000
vt 0.950000 0.054000
vt 0.951000 0.054000
vt 0.952000 0.054000
vt 0.954000 0.054000
vt 0.941000 0.032000
vt 0.940000 0.032000
vt 0.940000 0.032000
vt 0.194399 0.567212
vt 0.191466 0.562462
vt 0.941019 0.401990
vt 0.940249 0.403530
vt 0.939094 0.404492
vt 0.199091 0.570180
vt 0.945000 0.054000
vt 0.945000 0.054000
vt 0.945000 0.054000
vt 0.204956 0.571961
vt 0.941000 0.032000
vt 0.941000 0.033000
vt 0.941000 0.033000
vt 0.941000 0.032000
vt 0.940000 0.033000
vt 0.940000 0.032000
vt 0.940000 0.033000
vt 0.940000 0.032000
vt 0.940000 0.033000
vt 0.940000 0.032000
vt 0.942000 0.043000
vt 0.942000 0.043000
vt 0.942000 0.043000
vt 0.942000 0.043000
vt 0.940000 0.033000
vt 0.942000 0.043000
vt 0.940000 0.033000
vt 0.944000 0.053000
vt 0.944000 0.053000
vt 0.944000 0.053000
vt 0.944000 0.053000
vt 0.944000 0.053000
vt 0.945000 0.054000
vt 0.945000 0.054000
vt 0.944000 0.054000
vt 0.944000 0.054000
vt 0.944000 0.054000
vt 0.944000 0.054000
vt 0.944000 0.054000
vt 0.944000 0.054000
vt 0.944000 0.054000
vt 0.944000 0.054000
vt 0.946000 0.054000
vt 0.954000 0.054000
vt 0.954000 0.054000
vt 0.946000 0.054000
vt 0.954000 0.054000
vt 0.946000 0.054000
vt 0.954000 0.054000
vt 0.946000 0.054000
vt 0.954000 0.054000
vt 0.946000 0.054000
vt 0.290592 0.571961
vt 0.946000 0.032000
vt 0.946000 0.032000
vt 0.948000 0.032000
vt 0.948000 0.032000
vt 0.946000 0.032000
vt 0.946000 0.052000
vt 0.948000 0.052000
vt 0.948000 0.032000
vt 0.948000 0.032000
vt 0.948000 0.052000
vt 0.948000 0.052000
vt 0.948000 0.032000
vt 0.946000 0.032000
vt 0.946000 0.052000
vt 0.946000 0.052000
vt 0.946000 0.032000
vt 0.949000 0.032000
vt 0.950000 0.032000
vt 0.950000 0.032000
vt 0.949000 0.032000
vt 0.949000 0.032000
vt 0.951000 0.032000
vt 0.950000 0.032000
vt 0.951000 0.032000
vt 0.952000 0.032000
vt 0.951000 0.032000
vt 0.951000 0.032000
vt 0.952000 0.032000
vt 0.952000 0.032000
vt 0.952000 0.032000
vt 0.952000 0.032000
vt 0.951000 0.032000
vt 0.951000 0.032000
vt 0.952000 0.033000
vt 0.952000 0.032000
vt 0.951000 0.032000
vt 0.951000 0.033000
vt 0.952000 0.032000
vt 0.951000 0.032000
vt 0.951000 0.032000
vt 0.951000 0.032000
vt 0.951000 0.052000
vt 0.951000 0.052000
vt 0.951000 0.032000
vt 0.951000 0.032000
vt 0.951000 0.052000
vt 0.951000 0.052000
vt 0.950000 0.032000
vt 0.950000 0.032000
vt 0.950000 0.052000
vt 0.950000 0.052000
vt 0.952000 0.032000
vt 0.952000 0.032000
vt 0.952000 0.052000
vt 0.952000 0.052000
vt 0.952000 0.034000
vt 0.951000 0.034000
vt 0.950000 0.032000
vt 0.949000 0.032000
vt 0.949000 0.052000
vt 0.950000 0.052000
vt 0.952000 0.032000
vt 0.952000 0.032000
vt 0.952000 0.052000
vt 0.952000 0.052000
vt 0.949000 0.032000
vt 0.949000 0.032000
vt 0.949000 0.052000
vt 0.949000 0.052000
vt 0.951000 0.032000
vt 0.951000 0.052000
vt 0.952000 0.032000
vt 0.952000 0.034000
vt 0.952000 0.040000
vt 0.952000 0.052000
vt 0.951000 0.032000
vt 0.951000 0.052000
vt 0.952000 0.040000
vt 0.951000 0.040000
vt 0.951000 0.041000
vt 0.952000 0.041000
vt 0.951000 0.041000
vt 0.952000 0.041000
vt 0.951000 0.041000
vt 0.952000 0.041000
vt 0.951000 0.041000
vt 0.952000 0.041000
vt 0.951000 0.041000
vt 0.951000 0.041000
vt 0.951000 0.041000
vt 0.951000 0.041000
vt 0.951000 0.040000
vt 0.952000 0.041000
vt 0.952000 0.041000
vt 0.952000 0.041000
vt 0.952000 0.041000
vt 0.952000 0.052000
vt 0.951000 0.052000
vt 0.952000 0.032000
vt 0.952000 0.033000
vt 0.952000 0.032000
vt 0.951000 0.034000
vt 0.951000 0.033000
vt 0.951000 0.032000
vt 0.951000 0.032000
vt 0.944000 0.053000
vt 0.944000 0.053000
vt 0.944000 0.053000
vt 0.944000 0.053000
vt 0.944000 0.053000
vt 0.945000 0.053000
vt 0.944000 0.053000
vt 0.944000 0.053000
vt 0.944000 0.053000
vt 0.944000 0.053000
vt 0.945000 0.054000
vt 0.945000 0.054000
vt 0.944000 0.054000
vt 0.944000 0.054000
vt 0.944000 0.054000
vt 0.944000 0.054000
vt 0.944000 0.054000
vt 0.944000 0.054000
vt 0.944000 0.054000
vt 0.944000 0.054000
vt 0.944000 0.054000
vt 0.945000 0.054000
vt 0.944000 0.054000
vt 0.945000 0.054000
vt 0.945000 0.054000
vt 0.945000 0.054000
vt 0.945000 0.054000
vt 0.944000 0.054000
vt 0.945000 0.054000
vt 0.945000 0.054000
vt 0.945000 0.054000
vt 0.945000 0.054000
vt 0.944000 0.054000
vt 0.944000 0.054000
vt 0.944000 0.054000
vt 0.944000 0.054000
vt 0.944000 0.054000
vt 0.944000 0.054000
vt 0.944000 0.054000
vt 0.944000 0.054000
vt 0.945000 0.054000
vt 0.945000 0.054000
vt 0.945000 0.054000
vt 0.945000 0.054000
vt 0.945000 0.054000
vt 0.945000 0.054000
vt 0.945000 0.054000
vt 0.945000 0.054000
vt 0.958000 0.065000
vt 0.957000 0.065000
vt 0.956000 0.065000
vt 0.958000 0.065000
vt 0.917473 0.520155
vt 0.917473 0.431155
vt 0.932473 0.431155
vt 0.932473 0.520155
vt 0.903473 0.520155
vt 0.903473 0.431155
vt 0.888473 0.520155
vt 0.888473 0.431155
vt 0.506497 0.798770
vt 0.506497 0.732620
vt 0.514481 0.732620
vt 0.514481 0.798770
vt 0.506497 0.670272
vt 0.514481 0.670272
vt 0.413767 0.358216
vt 0.413767 0.339810
vt 0.396170 0.455589
vt 0.409074 0.455589
vt 0.390891 0.558306
vt 0.378574 0.558306
vt 0.964000 0.044000
vt 0.964000 0.044000
vt 0.966000 0.044000
vt 0.966000 0.044000
vt 0.964000 0.045000
vt 0.965000 0.045000
vt 0.964000 0.046000
vt 0.965000 0.046000
vt 0.963000 0.047000
vt 0.965000 0.048000
vt 0.963000 0.049000
vt 0.965000 0.049000
vt 0.963000 0.050000
vt 0.965000 0.050000
vt 0.963000 0.050000
vt 0.964000 0.051000
vt 0.963000 0.051000
vt 0.964000 0.051000
vt 0.968000 0.032000
vt 0.965000 0.032000
vt 0.965000 0.032000
vt 0.968000 0.032000
vt 0.966000 0.043000
vt 0.966000 0.044000
vt 0.966000 0.043000
vt 0.966000 0.043000
vt 0.967000 0.032000
vt 0.966000 0.032000
vt 0.967000 0.032000
vt 0.550217 0.670272
vt 0.550217 0.732620
vt 0.426671 0.339810
vt 0.426671 0.358216
vt 0.966000 0.044000
vt 0.966000 0.044000
vt 0.965000 0.046000
vt 0.966000 0.046000
vt 0.962000 0.054000
vt 0.962000 0.054000
vt 0.963000 0.054000
vt 0.963000 0.054000
vt 0.965000 0.048000
vt 0.965000 0.048000
vt 0.965000 0.049000
vt 0.965000 0.049000
vt 0.964000 0.051000
vt 0.965000 0.051000
vt 0.964000 0.052000
vt 0.964000 0.052000
vt 0.514481 0.670272
vt 0.514481 0.658486
vt 0.550217 0.658486
vt 0.550217 0.670272
vt 0.963000 0.051000
vt 0.963000 0.052000
vt 0.963000 0.052000
vt 0.964000 0.052000
vt 0.964000 0.052000
vt 0.964000 0.044000
vt 0.965000 0.036000
vt 0.964000 0.044000
vt 0.965000 0.036000
vt 0.965000 0.032000
vt 0.964000 0.045000
vt 0.964000 0.046000
vt 0.963000 0.052000
vt 0.963000 0.052000
vt 0.963000 0.047000
vt 0.965000 0.032000
vt 0.965000 0.036000
vt 0.965000 0.036000
vt 0.965000 0.032000
vt 0.963000 0.050000
vt 0.963000 0.050000
vt 0.963000 0.049000
vt 0.963000 0.052000
vt 0.964000 0.051000
vt 0.964000 0.052000
vt 0.964000 0.052000
vt 0.964000 0.051000
vt 0.964000 0.051000
vt 0.965000 0.050000
vt 0.965000 0.049000
vt 0.965000 0.049000
vt 0.965000 0.048000
vt 0.965000 0.048000
vt 0.965000 0.046000
vt 0.965000 0.046000
vt 0.966000 0.044000
vt 0.965000 0.045000
vt 0.966000 0.043000
vt 0.966000 0.044000
vt 0.966000 0.043000
vt 0.966000 0.044000
vt 0.538812 0.738703
vt 0.529307 0.744785
vt 0.522844 0.754290
vt 0.520563 0.765695
vt 0.550217 0.736422
vt 0.522844 0.777100
vt 0.529307 0.786604
vt 0.538812 0.793067
vt 0.550217 0.798770
vt 0.550217 0.794968
vt 0.965000 0.036000
vt 0.506497 0.670272
vt 0.506497 0.658486
vt 0.962000 0.054000
vt 0.968000 0.032000
vt 0.514481 0.807514
vt 0.550217 0.807514
vt 0.958000 0.054000
vt 0.958000 0.054000
vt 0.957000 0.054000
vt 0.956000 0.054000
vt 0.967000 0.032000
vt 0.968000 0.032000
vt 0.968000 0.032000
vt 0.386199 0.567212
vt 0.389718 0.562462
vt 0.507257 0.801431
vt 0.511439 0.806373
vt 0.509158 0.804473
vt 0.381507 0.570180
vt 0.963000 0.054000
vt 0.963000 0.054000
vt 0.963000 0.054000
vt 0.375641 0.571961
vt 0.967000 0.032000
vt 0.967000 0.032000
vt 0.967000 0.033000
vt 0.967000 0.033000
vt 0.968000 0.032000
vt 0.968000 0.033000
vt 0.968000 0.032000
vt 0.968000 0.033000
vt 0.968000 0.032000
vt 0.968000 0.033000
vt 0.966000 0.043000
vt 0.966000 0.043000
vt 0.966000 0.043000
vt 0.968000 0.033000
vt 0.966000 0.043000
vt 0.968000 0.033000
vt 0.966000 0.043000
vt 0.964000 0.053000
vt 0.964000 0.053000
vt 0.964000 0.053000
vt 0.964000 0.053000
vt 0.964000 0.053000
vt 0.963000 0.054000
vt 0.964000 0.054000
vt 0.964000 0.054000
vt 0.963000 0.054000
vt 0.964000 0.054000
vt 0.964000 0.054000
vt 0.964000 0.054000
vt 0.964000 0.054000
vt 0.964000 0.054000
vt 0.964000 0.054000
vt 0.962000 0.054000
vt 0.962000 0.054000
vt 0.962000 0.054000
vt 0.962000 0.054000
vt 0.962000 0.054000
vt 0.962000 0.032000
vt 0.960000 0.032000
vt 0.960000 0.032000
vt 0.962000 0.032000
vt 0.962000 0.032000
vt 0.960000 0.032000
vt 0.960000 0.052000
vt 0.962000 0.052000
vt 0.960000 0.032000
vt 0.960000 0.032000
vt 0.960000 0.052000
vt 0.960000 0.052000
vt 0.962000 0.032000
vt 0.962000 0.032000
vt 0.962000 0.052000
vt 0.962000 0.052000
vt 0.959000 0.032000
vt 0.959000 0.032000
vt 0.958000 0.032000
vt 0.958000 0.032000
vt 0.959000 0.032000
vt 0.957000 0.032000
vt 0.958000 0.032000
vt 0.957000 0.032000
vt 0.956000 0.032000
vt 0.957000 0.032000
vt 0.957000 0.032000
vt 0.956000 0.032000
vt 0.956000 0.032000
vt 0.956000 0.032000
vt 0.957000 0.032000
vt 0.957000 0.032000
vt 0.956000 0.032000
vt 0.956000 0.033000
vt 0.957000 0.033000
vt 0.957000 0.032000
vt 0.956000 0.032000
vt 0.957000 0.032000
vt 0.956000 0.032000
vt 0.957000 0.032000
vt 0.957000 0.052000
vt 0.957000 0.052000
vt 0.957000 0.032000
vt 0.957000 0.032000
vt 0.957000 0.052000
vt 0.957000 0.052000
vt 0.957000 0.032000
vt 0.958000 0.032000
vt 0.958000 0.052000
vt 0.958000 0.052000
vt 0.958000 0.032000
vt 0.956000 0.032000
vt 0.956000 0.052000
vt 0.956000 0.052000
vt 0.956000 0.032000
vt 0.956000 0.034000
vt 0.957000 0.034000
vt 0.958000 0.032000
vt 0.958000 0.052000
vt 0.959000 0.052000
vt 0.959000 0.032000
vt 0.956000 0.032000
vt 0.956000 0.052000
vt 0.956000 0.052000
vt 0.956000 0.032000
vt 0.959000 0.032000
vt 0.959000 0.052000
vt 0.959000 0.052000
vt 0.959000 0.032000
vt 0.957000 0.032000
vt 0.957000 0.052000
vt 0.956000 0.032000
vt 0.956000 0.052000
vt 0.956000 0.040000
vt 0.956000 0.034000
vt 0.957000 0.032000
vt 0.957000 0.052000
vt 0.956000 0.040000
vt 0.956000 0.041000
vt 0.957000 0.041000
vt 0.957000 0.040000
vt 0.956000 0.041000
vt 0.957000 0.041000
vt 0.956000 0.041000
vt 0.957000 0.041000
vt 0.956000 0.041000
vt 0.957000 0.041000
vt 0.957000 0.041000
vt 0.957000 0.041000
vt 0.957000 0.041000
vt 0.957000 0.041000
vt 0.957000 0.040000
vt 0.956000 0.041000
vt 0.956000 0.041000
vt 0.956000 0.041000
vt 0.956000 0.041000
vt 0.956000 0.052000
vt 0.957000 0.052000
vt 0.956000 0.032000
vt 0.956000 0.032000
vt 0.956000 0.033000
vt 0.957000 0.034000
vt 0.957000 0.033000
vt 0.957000 0.032000
vt 0.957000 0.032000
vt 0.964000 0.053000
vt 0.964000 0.053000
vt 0.964000 0.053000
vt 0.964000 0.053000
vt 0.964000 0.053000
vt 0.963000 0.053000
vt 0.964000 0.053000
vt 0.964000 0.053000
vt 0.964000 0.053000
vt 0.964000 0.053000
vt 0.963000 0.054000
vt 0.963000 0.054000
vt 0.964000 0.054000
vt 0.964000 0.054000
vt 0.964000 0.054000
vt 0.964000 0.054000
vt 0.964000 0.054000
vt 0.964000 0.054000
vt 0.964000 0.054000
vt 0.964000 0.054000
vt 0.964000 0.054000
vt 0.964000 0.054000
vt 0.964000 0.054000
vt 0.963000 0.054000
vt 0.964000 0.054000
vt 0.963000 0.054000
vt 0.963000 0.054000
vt 0.964000 0.054000
vt 0.964000 0.054000
vt 0.963000 0.054000
vt 0.963000 0.054000
vt 0.963000 0.054000
vt 0.964000 0.054000
vt 0.964000 0.054000
vt 0.964000 0.054000
vt 0.964000 0.054000
vt 0.964000 0.054000
vt 0.964000 0.054000
vt 0.964000 0.054000
vt 0.964000 0.054000
vt 0.963000 0.054000
vt 0.963000 0.054000
vt 0.963000 0.054000
vt 0.963000 0.054000
vt 0.963000 0.054000
vt 0.963000 0.054000
vt 0.963000 0.054000
vt 0.963000 0.054000
vt 0.950000 0.065000
vt 0.951000 0.065000
vt 0.954000 0.065000
vt 0.952000 0.065000
vt 0.802473 0.520155
vt 0.802473 0.431155
vt 0.788473 0.520155
vt 0.788473 0.431155
vt 0.773473 0.520155
vt 0.773473 0.431155
vt 0.759473 0.431155
vt 0.759473 0.520155
vt 0.897128 0.400642
vt 0.897128 0.367146
vt 0.901171 0.367146
vt 0.901171 0.400642
vt 0.897128 0.335575
vt 0.901171 0.335575
vt 0.409578 0.097615
vt 0.290592 0.097615
vt 0.290592 0.080050
vt 0.409578 0.080050
vt 0.392580 0.190537
vt 0.405045 0.190537
vt 0.387481 0.288559
vt 0.375582 0.288559
vt 0.944000 0.044000
vt 0.942000 0.044000
vt 0.944000 0.045000
vt 0.943000 0.045000
vt 0.944000 0.046000
vt 0.943000 0.046000
vt 0.945000 0.047000
vt 0.943000 0.048000
vt 0.945000 0.049000
vt 0.943000 0.049000
vt 0.945000 0.050000
vt 0.943000 0.050000
vt 0.945000 0.050000
vt 0.944000 0.051000
vt 0.940000 0.032000
vt 0.943000 0.032000
vt 0.942000 0.043000
vt 0.942000 0.044000
vt 0.941000 0.032000
vt 0.942000 0.032000
vt 0.941000 0.032000
vt 0.422043 0.080050
vt 0.422043 0.097615
vt 0.942000 0.044000
vt 0.942000 0.044000
vt 0.943000 0.046000
vt 0.943000 0.046000
vt 0.946000 0.054000
vt 0.945000 0.054000
vt 0.943000 0.048000
vt 0.943000 0.048000
vt 0.943000 0.049000
vt 0.943000 0.049000
vt 0.944000 0.051000
vt 0.943000 0.051000
vt 0.944000 0.052000
vt 0.944000 0.052000
vt 0.901171 0.335575
vt 0.901171 0.329608
vt 0.945000 0.052000
vt 0.943000 0.036000
vt 0.944000 0.044000
vt 0.943000 0.036000
vt 0.943000 0.032000
vt 0.954000 0.032000
vt 0.954000 0.036000
vt 0.944000 0.045000
vt 0.944000 0.046000
vt 0.945000 0.052000
vt 0.954000 0.052000
vt 0.945000 0.047000
vt 0.943000 0.032000
vt 0.943000 0.036000
vt 0.945000 0.050000
vt 0.945000 0.050000
vt 0.945000 0.049000
vt 0.954000 0.052000
vt 0.945000 0.052000
vt 0.944000 0.052000
vt 0.944000 0.051000
vt 0.944000 0.051000
vt 0.943000 0.050000
vt 0.943000 0.049000
vt 0.943000 0.049000
vt 0.943000 0.048000
vt 0.943000 0.048000
vt 0.943000 0.046000
vt 0.943000 0.046000
vt 0.942000 0.044000
vt 0.943000 0.045000
vt 0.942000 0.043000
vt 0.942000 0.044000
vt 0.913491 0.370226
vt 0.908679 0.373306
vt 0.905406 0.378119
vt 0.904251 0.383894
vt 0.905406 0.389669
vt 0.908679 0.394482
vt 0.913491 0.397755
vt 0.954000 0.032000
vt 0.954000 0.032000
vt 0.897128 0.335575
vt 0.897128 0.329608
vt 0.946000 0.054000
vt 0.954000 0.054000
vt 0.954000 0.054000
vt 0.290592 0.190537
vt 0.290592 0.288559
vt 0.940000 0.032000
vt 0.901171 0.405070
vt 0.950000 0.054000
vt 0.951000 0.054000
vt 0.952000 0.054000
vt 0.954000 0.054000
vt 0.941000 0.032000
vt 0.940000 0.032000
vt 0.940000 0.032000
vt 0.382948 0.297058
vt 0.386348 0.292525
vt 0.897513 0.401990
vt 0.899631 0.404492
vt 0.898476 0.403530
vt 0.378415 0.299891
vt 0.945000 0.054000
vt 0.945000 0.054000
vt 0.945000 0.054000
vt 0.372749 0.301591
vt 0.941000 0.032000
vt 0.941000 0.032000
vt 0.941000 0.033000
vt 0.941000 0.033000
vt 0.940000 0.032000
vt 0.940000 0.033000
vt 0.940000 0.032000
vt 0.940000 0.033000
vt 0.940000 0.032000
vt 0.940000 0.033000
vt 0.942000 0.043000
vt 0.942000 0.043000
vt 0.942000 0.043000
vt 0.940000 0.033000
vt 0.942000 0.043000
vt 0.940000 0.033000
vt 0.942000 0.043000
vt 0.944000 0.053000
vt 0.944000 0.053000
vt 0.944000 0.053000
vt 0.944000 0.053000
vt 0.944000 0.053000
vt 0.945000 0.054000
vt 0.944000 0.054000
vt 0.944000 0.054000
vt 0.944000 0.054000
vt 0.944000 0.054000
vt 0.946000 0.054000
vt 0.946000 0.054000
vt 0.954000 0.054000
vt 0.954000 0.054000
vt 0.946000 0.054000
vt 0.954000 0.054000
vt 0.946000 0.054000
vt 0.954000 0.054000
vt 0.946000 0.054000
vt 0.954000 0.054000
vt 0.290592 0.301591
vt 0.946000 0.032000
vt 0.948000 0.032000
vt 0.948000 0.032000
vt 0.946000 0.032000
vt 0.946000 0.032000
vt 0.948000 0.032000
vt 0.948000 0.052000
vt 0.946000 0.052000
vt 0.948000 0.032000
vt 0.948000 0.032000
vt 0.948000 0.052000
vt 0.948000 0.052000
vt 0.946000 0.032000
vt 0.946000 0.032000
vt 0.946000 0.052000
vt 0.946000 0.052000
vt 0.949000 0.032000
vt 0.949000 0.032000
vt 0.950000 0.032000
vt 0.950000 0.032000
vt 0.949000 0.032000
vt 0.951000 0.032000
vt 0.950000 0.032000
vt 0.951000 0.032000
vt 0.952000 0.032000
vt 0.951000 0.032000
vt 0.951000 0.032000
vt 0.952000 0.032000
vt 0.952000 0.032000
vt 0.952000 0.032000
vt 0.951000 0.032000
vt 0.951000 0.032000
vt 0.952000 0.032000
vt 0.952000 0.033000
vt 0.951000 0.033000
vt 0.951000 0.032000
vt 0.952000 0.032000
vt 0.951000 0.032000
vt 0.952000 0.032000
vt 0.951000 0.032000
vt 0.951000 0.052000
vt 0.951000 0.052000
vt 0.951000 0.032000
vt 0.951000 0.032000
vt 0.951000 0.052000
vt 0.951000 0.052000
vt 0.951000 0.032000
vt 0.950000 0.032000
vt 0.950000 0.052000
vt 0.950000 0.052000
vt 0.950000 0.032000
vt 0.952000 0.032000
vt 0.952000 0.052000
vt 0.952000 0.052000
vt 0.952000 0.032000
vt 0.952000 0.034000
vt 0.951000 0.034000
vt 0.950000 0.032000
vt 0.950000 0.052000
vt 0.949000 0.052000
vt 0.949000 0.032000
vt 0.952000 0.032000
vt 0.952000 0.052000
vt 0.952000 0.052000
vt 0.952000 0.032000
vt 0.949000 0.032000
vt 0.949000 0.052000
vt 0.949000 0.052000
vt 0.949000 0.032000
vt 0.951000 0.032000
vt 0.951000 0.052000
vt 0.952000 0.032000
vt 0.952000 0.052000
vt 0.952000 0.040000
vt 0.952000 0.034000
vt 0.951000 0.032000
vt 0.951000 0.052000
vt 0.952000 0.040000
vt 0.952000 0.041000
vt 0.951000 0.041000
vt 0.951000 0.040000
vt 0.952000 0.041000
vt 0.951000 0.041000
vt 0.952000 0.041000
vt 0.951000 0.041000
vt 0.951000 0.041000
vt 0.951000 0.041000
vt 0.951000 0.041000
vt 0.951000 0.040000
vt 0.952000 0.041000
vt 0.952000 0.041000
vt 0.952000 0.041000
vt 0.952000 0.032000
vt 0.952000 0.032000
vt 0.952000 0.033000
vt 0.951000 0.034000
vt 0.951000 0.033000
vt 0.951000 0.032000
vt 0.951000 0.032000
vt 0.944000 0.053000
vt 0.944000 0.053000
vt 0.944000 0.053000
vt 0.944000 0.053000
vt 0.944000 0.053000
vt 0.945000 0.053000
vt 0.944000 0.053000
vt 0.944000 0.053000
vt 0.944000 0.053000
vt 0.944000 0.053000
vt 0.945000 0.054000
vt 0.945000 0.054000
vt 0.944000 0.054000
vt 0.944000 0.054000
vt 0.944000 0.054000
vt 0.944000 0.054000
vt 0.944000 0.054000
vt 0.944000 0.054000
vt 0.944000 0.054000
vt 0.944000 0.054000
vt 0.944000 0.054000
vt 0.945000 0.054000
vt 0.944000 0.054000
vt 0.945000 0.054000
vt 0.945000 0.054000
vt 0.945000 0.054000
vt 0.945000 0.054000
vt 0.945000 0.054000
vt 0.944000 0.054000
vt 0.945000 0.054000
vt 0.945000 0.054000
vt 0.945000 0.054000
vt 0.944000 0.054000
vt 0.944000 0.054000
vt 0.944000 0.054000
vt 0.944000 0.054000
vt 0.944000 0.054000
vt 0.944000 0.054000
vt 0.944000 0.054000
vt 0.944000 0.054000
vt 0.945000 0.054000
vt 0.945000 0.054000
vt 0.945000 0.054000
vt 0.945000 0.054000
vt 0.945000 0.054000
vt 0.945000 0.054000
vt 0.945000 0.054000
vt 0.945000 0.054000
vt 0.958000 0.065000
vt 0.957000 0.065000
vt 0.956000 0.065000
vt 0.946473 0.520155
vt 0.946473 0.431155
vt 0.960473 0.520155
vt 0.960473 0.431155
vt 0.975473 0.520155
vt 0.975473 0.431155
vt 0.989473 0.431155
vt 0.989473 0.520155
vt 0.594317 0.798770
vt 0.586333 0.798770
vt 0.586333 0.732620
vt 0.594317 0.732620
vt 0.586333 0.670272
vt 0.594317 0.670272
vt 0.171606 0.097615
vt 0.171606 0.080050
vt 0.188037 0.190537
vt 0.205602 0.288559
vt 0.193137 0.288559
vt 0.175572 0.190537
vt 0.966000 0.044000
vt 0.964000 0.044000
vt 0.965000 0.045000
vt 0.964000 0.045000
vt 0.964000 0.046000
vt 0.965000 0.046000
vt 0.963000 0.047000
vt 0.965000 0.048000
vt 0.963000 0.049000
vt 0.965000 0.049000
vt 0.965000 0.050000
vt 0.963000 0.050000
vt 0.963000 0.050000
vt 0.964000 0.051000
vt 0.968000 0.032000
vt 0.965000 0.032000
vt 0.966000 0.043000
vt 0.966000 0.044000
vt 0.967000 0.032000
vt 0.967000 0.032000
vt 0.966000 0.032000
vt 0.159141 0.097615
vt 0.159141 0.080050
vt 0.966000 0.044000
vt 0.966000 0.044000
vt 0.965000 0.046000
vt 0.966000 0.046000
vt 0.963000 0.054000
vt 0.962000 0.054000
vt 0.965000 0.048000
vt 0.965000 0.048000
vt 0.965000 0.049000
vt 0.965000 0.049000
vt 0.964000 0.051000
vt 0.965000 0.051000
vt 0.964000 0.052000
vt 0.964000 0.052000
vt 0.586333 0.670272
vt 0.586333 0.658486
vt 0.963000 0.052000
vt 0.964000 0.044000
vt 0.965000 0.036000
vt 0.965000 0.036000
vt 0.965000 0.032000
vt 0.964000 0.045000
vt 0.964000 0.046000
vt 0.963000 0.052000
vt 0.963000 0.047000
vt 0.965000 0.032000
vt 0.965000 0.036000
vt 0.963000 0.050000
vt 0.963000 0.050000
vt 0.963000 0.049000
vt 0.963000 0.052000
vt 0.964000 0.051000
vt 0.964000 0.052000
vt 0.965000 0.050000
vt 0.964000 0.051000
vt 0.965000 0.049000
vt 0.965000 0.049000
vt 0.965000 0.048000
vt 0.965000 0.048000
vt 0.965000 0.046000
vt 0.965000 0.046000
vt 0.965000 0.045000
vt 0.966000 0.044000
vt 0.966000 0.044000
vt 0.966000 0.043000
vt 0.562002 0.738703
vt 0.571507 0.744785
vt 0.577969 0.754290
vt 0.580251 0.765695
vt 0.577969 0.777100
vt 0.571507 0.786604
vt 0.562002 0.793067
vt 0.594317 0.658486
vt 0.594317 0.670272
vt 0.962000 0.054000
vt 0.968000 0.032000
vt 0.586333 0.807514
vt 0.958000 0.054000
vt 0.957000 0.054000
vt 0.956000 0.054000
vt 0.967000 0.032000
vt 0.968000 0.032000
vt 0.968000 0.032000
vt 0.197670 0.297058
vt 0.194837 0.292525
vt 0.593557 0.801431
vt 0.591656 0.804473
vt 0.589375 0.806373
vt 0.202202 0.299891
vt 0.963000 0.054000
vt 0.963000 0.054000
vt 0.963000 0.054000
vt 0.207868 0.301591
vt 0.967000 0.032000
vt 0.967000 0.033000
vt 0.967000 0.033000
vt 0.967000 0.032000
vt 0.968000 0.033000
vt 0.968000 0.032000
vt 0.968000 0.033000
vt 0.968000 0.032000
vt 0.968000 0.033000
vt 0.968000 0.032000
vt 0.966000 0.043000
vt 0.966000 0.043000
vt 0.966000 0.043000
vt 0.966000 0.043000
vt 0.968000 0.033000
vt 0.966000 0.043000
vt 0.968000 0.033000
vt 0.964000 0.053000
vt 0.964000 0.053000
vt 0.964000 0.053000
vt 0.964000 0.053000
vt 0.964000 0.053000
vt 0.963000 0.054000
vt 0.964000 0.054000
vt 0.964000 0.054000
vt 0.964000 0.054000
vt 0.964000 0.054000
vt 0.962000 0.054000
vt 0.962000 0.054000
vt 0.962000 0.054000
vt 0.962000 0.054000
vt 0.962000 0.054000
vt 0.962000 0.032000
vt 0.962000 0.032000
vt 0.960000 0.032000
vt 0.960000 0.032000
vt 0.962000 0.032000
vt 0.962000 0.052000
vt 0.960000 0.052000
vt 0.960000 0.032000
vt 0.960000 0.032000
vt 0.960000 0.052000
vt 0.960000 0.052000
vt 0.960000 0.032000
vt 0.962000 0.032000
vt 0.962000 0.052000
vt 0.962000 0.052000
vt 0.962000 0.032000
vt 0.959000 0.032000
vt 0.958000 0.032000
vt 0.958000 0.032000
vt 0.959000 0.032000
vt 0.959000 0.032000
vt 0.957000 0.032000
vt 0.958000 0.032000
vt 0.957000 0.032000
vt 0.956000 0.032000
vt 0.957000 0.032000
vt 0.957000 0.032000
vt 0.956000 0.032000
vt 0.956000 0.032000
vt 0.956000 0.032000
vt 0.956000 0.032000
vt 0.957000 0.032000
vt 0.957000 0.032000
vt 0.956000 0.033000
vt 0.956000 0.032000
vt 0.957000 0.032000
vt 0.957000 0.033000
vt 0.956000 0.032000
vt 0.957000 0.032000
vt 0.957000 0.032000
vt 0.957000 0.032000
vt 0.957000 0.052000
vt 0.957000 0.052000
vt 0.957000 0.032000
vt 0.957000 0.032000
vt 0.957000 0.052000
vt 0.957000 0.052000
vt 0.958000 0.032000
vt 0.958000 0.032000
vt 0.958000 0.052000
vt 0.958000 0.052000
vt 0.956000 0.032000
vt 0.956000 0.032000
vt 0.956000 0.052000
vt 0.956000 0.052000
vt 0.956000 0.034000
vt 0.957000 0.034000
vt 0.958000 0.032000
vt 0.959000 0.032000
vt 0.959000 0.052000
vt 0.958000 0.052000
vt 0.956000 0.032000
vt 0.956000 0.032000
vt 0.956000 0.052000
vt 0.956000 0.052000
vt 0.959000 0.032000
vt 0.959000 0.032000
vt 0.959000 0.052000
vt 0.959000 0.052000
vt 0.957000 0.032000
vt 0.957000 0.052000
vt 0.956000 0.032000
vt 0.956000 0.034000
vt 0.956000 0.040000
vt 0.956000 0.052000
vt 0.957000 0.032000
vt 0.957000 0.052000
vt 0.956000 0.040000
vt 0.957000 0.040000
vt 0.957000 0.041000
vt 0.956000 0.041000
vt 0.957000 0.041000
vt 0.956000 0.041000
vt 0.957000 0.041000
vt 0.956000 0.041000
vt 0.957000 0.041000
vt 0.957000 0.041000
vt 0.957000 0.041000
vt 0.957000 0.040000
vt 0.956000 0.041000
vt 0.956000 0.041000
vt 0.956000 0.041000
vt 0.956000 0.032000
vt 0.956000 0.033000
vt 0.956000 0.032000
vt 0.957000 0.034000
vt 0.957000 0.033000
vt 0.957000 0.032000
vt 0.957000 0.032000
vt 0.964000 0.053000
vt 0.964000 0.053000
vt 0.964000 0.053000
vt 0.964000 0.053000
vt 0.964000 0.053000
vt 0.963000 0.053000
vt 0.964000 0.053000
vt 0.964000 0.053000
vt 0.964000 0.053000
vt 0.964000 0.053000
vt 0.963000 0.054000
vt 0.963000 0.054000
vt 0.964000 0.054000
vt 0.964000 0.054000
vt 0.964000 0.054000
vt 0.964000 0.054000
vt 0.964000 0.054000
vt 0.964000 0.054000
vt 0.964000 0.054000
vt 0.964000 0.054000
vt 0.964000 0.054000
vt 0.964000 0.054000
vt 0.964000 0.054000
vt 0.963000 0.054000
vt 0.964000 0.054000
vt 0.963000 0.054000
vt 0.963000 0.054000
vt 0.964000 0.054000
vt 0.964000 0.054000
vt 0.963000 0.054000
vt 0.963000 0.054000
vt 0.963000 0.054000
vt 0.964000 0.054000
vt 0.964000 0.054000
vt 0.964000 0.054000
vt 0.964000 0.054000
vt 0.964000 0.054000
vt 0.964000 0.054000
vt 0.964000 0.054000
vt 0.964000 0.054000
vt 0.963000 0.054000
vt 0.963000 0.054000
vt 0.963000 0.054000
vt 0.963000 0.054000
vt 0.963000 0.054000
vt 0.963000 0.054000
vt 0.963000 0.054000
vt 0.963000 0.054000
vn -0.5852 0.8046 -0.1008
vn -0.9134 0.3802 -0.1451
vn -0.9231 0.3845 -0.0003
vn -0.1348 0.9762 -0.1698
vn 0.2077 0.3825 -0.9003
vn 0.2506 0.9475 -0.1985
vn 0.9231 0.3845 0.0003
vn 0.9141 0.3813 -0.1380
vn 0.5857 0.8048 -0.0956
vn -0.5886 0.8026 -0.0964
vn -0.9166 0.3748 -0.1391
vn -0.9258 0.3779 -0.0003
vn -0.1350 0.9760 -0.1709
vn 0.2515 0.9470 -0.1997
vn 0.9258 0.3779 0.0003
vn 0.9167 0.3748 -0.1386
vn 0.5886 0.8026 -0.0960
vn -0.5857 0.8048 -0.0960
vn -0.9140 0.3813 -0.1386
vn -0.9215 0.3826 0.0659
vn -0.5671 0.8226 0.0419
vn -0.1813 0.8173 0.5469
vn -0.2869 0.3835 0.8778
vn -0.2009 0.3839 0.9012
vn -0.1216 0.8307 0.5433
vn 0.5799 0.8115 0.0722
vn 0.9176 0.3825 0.1077
vn 0.9135 0.3802 -0.1446
vn 0.5853 0.8046 -0.1004
vn 0.7466 0.3826 -0.5443
vn 0.5054 0.7799 -0.3692
vn 0.2891 0.3867 -0.8757
vn 0.1931 0.7860 -0.5873
vn -0.5051 0.7799 -0.3695
vn -0.7462 0.3826 -0.5447
vn -0.1927 0.7860 -0.5874
vn -0.2886 0.3867 -0.8759
vn -0.5029 0.7850 -0.3617
vn -0.7498 0.3851 -0.5381
vn -0.1959 0.7822 -0.5914
vn -0.2876 0.3867 -0.8762
vn 0.1915 0.7852 -0.5888
vn 0.2843 0.3852 -0.8779
vn 0.5063 0.7801 -0.3675
vn 0.7485 0.3812 -0.5426
vn -0.8751 0.3836 0.2947
vn -0.5708 0.7983 0.1919
vn -0.7210 0.3834 0.5772
vn -0.4638 0.8041 0.3718
vn -0.4960 0.3836 0.7790
vn -0.3165 0.8075 0.4977
vn -0.1204 0.8330 0.5399
vn -0.2017 0.3843 0.9009
vn -0.1079 0.3836 0.9171
vn -0.0639 0.8134 0.5782
vn -0.5035 0.7802 -0.3712
vn -0.7451 0.3805 -0.5477
vn -0.1878 0.7829 -0.5931
vn -0.2796 0.3796 -0.8818
vn 0.1928 0.7798 -0.5955
vn 0.2840 0.3811 -0.8798
vn 0.5005 0.7851 -0.3647
vn 0.7471 0.3844 -0.5423
vn 0.5435 0.7934 0.2741
vn 0.8263 0.3830 0.4129
vn 0.3729 0.8007 0.4688
vn 0.5754 0.3822 0.7230
vn 0.1394 0.7956 0.5895
vn 0.2112 0.3859 0.8980
vn -0.2086 0.8083 0.5506
vn -0.3209 0.3772 0.8687
vn -0.0932 0.3768 0.9216
vn -0.0545 0.8086 0.5859
vn 0.2073 0.8107 -0.5475
vn 0.3203 0.3837 -0.8661
vn 0.0929 0.3836 -0.9188
vn 0.0543 0.8108 -0.5828
vn 0.1810 0.8532 -0.4891
vn 0.0521 0.8530 -0.5193
vn -0.1823 0.8518 0.4911
vn -0.0524 0.8514 0.5218
vn 0.3284 0.3822 -0.8637
vn 0.0850 0.3812 -0.9205
vn -0.3298 0.3769 0.8655
vn -0.0849 0.3782 0.9218
vn 0.6320 0.3829 -0.6737
vn 0.3311 0.8742 -0.3551
vn -0.4191 0.7893 0.4486
vn -0.6315 0.3814 0.6751
vn 0.8837 0.3821 -0.2702
vn 0.4636 0.8748 -0.1410
vn -0.5859 0.7904 0.1791
vn -0.8840 0.3825 0.2687
vn 0.9000 0.3828 0.2084
vn 0.4736 0.8739 0.1096
vn -0.5984 0.7891 -0.1383
vn -0.9007 0.3814 -0.2080
vn 0.6749 0.3846 0.6297
vn 0.3541 0.8751 0.3298
vn -0.4486 0.7894 -0.4191
vn -0.6751 0.3814 -0.6315
vn 0.2694 0.3845 0.8829
vn 0.1415 0.8754 0.4623
vn -0.1782 0.7905 -0.5860
vn -0.2673 0.3844 -0.8836
vn -0.6320 0.3807 0.6750
vn -0.3325 0.8738 0.3547
vn 0.4197 0.7898 -0.4474
vn 0.6299 0.3833 -0.6755
vn -0.8842 0.3821 0.2687
vn -0.4646 0.8740 0.1420
vn 0.5872 0.7895 -0.1785
vn 0.8839 0.3815 -0.2703
vn -0.9001 0.3835 -0.2065
vn -0.4714 0.8751 -0.1090
vn 0.5968 0.7902 0.1389
vn 0.8998 0.3831 0.2086
vn -0.6756 0.3824 -0.6303
vn -0.3542 0.8746 -0.3310
vn 0.4483 0.7900 0.4182
vn 0.6752 0.3821 0.6309
vn -0.2690 0.3811 -0.8845
vn -0.1413 0.8734 -0.4660
vn 0.1791 0.7888 0.5880
vn 0.2708 0.3806 0.8842
vn 0.0566 0.8529 -0.5189
vn 0.0885 0.3828 -0.9196
vn 0.3281 0.3807 -0.8645
vn 0.1837 0.8526 -0.4892
vn -0.2068 0.8093 0.5497
vn -0.3199 0.3820 0.8670
vn -0.0903 0.3818 0.9198
vn -0.0510 0.8107 0.5832
vn 0.2124 0.8075 -0.5503
vn 0.3226 0.3739 -0.8695
vn 0.1126 0.3757 -0.9198
vn 0.0674 0.8109 -0.5813
vn -0.5853 0.8078 -0.0695
vn -0.9203 0.3773 -0.1032
vn -0.9181 0.3778 0.1195
vn -0.5897 0.8033 0.0829
vn 0.5854 0.8047 0.0992
vn 0.9136 0.3806 0.1430
vn 0.1366 0.9760 0.1696
vn -0.2062 0.3844 0.8999
vn -0.3247 0.3846 0.8640
vn -0.1769 0.8542 0.4888
vn 0.1346 0.3833 -0.9138
vn 0.0920 0.7940 -0.6008
vn 0.4088 0.7811 -0.4719
vn 0.6037 0.3829 -0.6991
vn 0.6139 0.7771 -0.1387
vn 0.9014 0.3815 -0.2044
vn 0.5687 0.7833 0.2509
vn 0.8471 0.3819 0.3695
vn 0.3159 0.7865 0.5306
vn 0.4716 0.3806 0.7954
vn 0.0974 0.8141 0.5725
vn 0.1480 0.3713 0.9166
vn 0.6338 0.3793 -0.6740
vn 0.3376 0.8727 -0.3527
vn -0.4146 0.7915 0.4489
vn -0.6292 0.3846 0.6754
vn 0.8871 0.3760 -0.2677
vn 0.4753 0.8684 -0.1411
vn -0.5792 0.7958 0.1766
vn -0.8817 0.3864 0.2706
vn 0.9024 0.3766 0.2094
vn 0.4829 0.8686 0.1113
vn -0.5897 0.7952 -0.1412
vn -0.8982 0.3862 -0.2099
vn 0.6764 0.3794 0.6312
vn 0.3591 0.8726 0.3309
vn -0.4410 0.7924 -0.4214
vn -0.6727 0.3849 -0.6319
vn 0.3016 0.3818 0.8737
vn 0.1610 0.8688 0.4682
vn -0.1938 0.7944 -0.5756
vn -0.2966 0.3831 -0.8748
vn 0.1830 0.7891 0.5863
vn -0.1332 0.8758 -0.4639
vn 0.2735 0.3797 0.8838
vn -0.2634 0.3885 -0.8830
vn 0.4539 0.7858 0.4201
vn -0.3455 0.8781 -0.3310
vn 0.6775 0.3760 0.6320
vn -0.6713 0.3921 -0.6289
vn 0.6048 0.7838 0.1407
vn -0.4626 0.8798 -0.1088
vn 0.9030 0.3751 0.2092
vn -0.8954 0.3930 -0.2091
vn 0.5919 0.7864 -0.1767
vn -0.4575 0.8781 0.1399
vn 0.8870 0.3739 -0.2711
vn -0.8802 0.3928 0.2662
vn 0.4253 0.7859 -0.4489
vn -0.3268 0.8767 0.3528
vn 0.6346 0.3742 -0.6762
vn -0.6262 0.3918 0.6740
vn 0.4998 0.7845 0.3670
vn 0.7435 0.3835 0.5479
vn 0.1951 0.7813 0.5928
vn 0.2862 0.3857 0.8771
vn -0.1829 0.7875 0.5885
vn -0.2757 0.3922 0.8776
vn -0.5047 0.7866 0.3557
vn -0.7524 0.3954 0.5267
vn -0.5395 0.8000 -0.2627
vn -0.8323 0.3802 -0.4034
vn -0.3818 0.7943 -0.4725
vn -0.5818 0.3787 -0.7197
vn -0.1372 0.7935 -0.5929
vn -0.2058 0.3792 -0.9021
vn -0.6967 0.3822 0.6070
vn -0.4701 0.7827 0.4079
vn -0.6164 0.7853 0.0577
vn -0.9197 0.3834 0.0840
vn -0.3453 0.3820 0.8572
vn -0.2291 0.8048 0.5475
vn -0.3592 0.3793 -0.8527
vn -0.2449 0.7758 -0.5814
vn 0.0398 0.8062 -0.5902
vn 0.0725 0.3767 -0.9235
vn -0.1349 0.9762 -0.1699
vn 0.2073 0.3826 -0.9003
vn -0.5360 0.7809 -0.3206
vn -0.7920 0.3808 -0.4771
vn -0.1076 0.3845 0.9168
vn -0.0637 0.8137 0.5778
vn 0.5819 0.8097 0.0759
vn 0.9170 0.3826 0.1124
vn -0.5025 0.7800 -0.3728
vn -0.7432 0.3819 -0.5494
vn -0.1894 0.7836 -0.5916
vn -0.2844 0.3811 -0.8797
vn 0.1897 0.7836 -0.5915
vn 0.2849 0.3811 -0.8795
vn 0.5028 0.7800 -0.3725
vn 0.7435 0.3819 -0.5489
vn 0.5386 0.7997 0.2651
vn 0.8302 0.3816 0.4064
vn 0.3786 0.7894 0.4832
vn 0.5703 0.3848 0.7257
vn 0.1242 0.8022 0.5839
vn 0.1936 0.3844 0.9026
vn 0.0000 1.0000 0.0000
vn -0.9239 0.0000 0.3826
vn -1.0000 0.0000 0.0000
vn -0.7071 0.0000 0.7071
vn -0.3826 0.0000 0.9239
vn 0.0000 0.0000 1.0000
vn -0.9845 0.1753 -0.0010
vn -0.9846 0.1751 -0.0001
vn -0.9844 0.1759 -0.0004
vn -0.9844 0.1756 -0.0002
vn -0.9844 0.1759 0.0001
vn 0.1793 0.9838 0.0000
vn 0.1677 0.9093 -0.3809
vn 0.1677 0.9096 -0.3801
vn 0.1281 0.6934 -0.7090
vn 0.1284 0.6946 -0.7078
vn 0.0678 0.3745 -0.9247
vn 0.0679 0.3752 -0.9244
vn -0.0013 -0.0003 -1.0000
vn -0.0015 -0.0011 -1.0000
vn -0.0759 -0.3743 -0.9242
vn -0.0771 -0.3798 -0.9218
vn -0.1386 -0.6911 -0.7094
vn -0.1380 -0.6875 -0.7129
vn -0.1711 -0.9051 -0.3893
vn -0.1711 -0.9051 -0.3891
vn -0.1798 -0.9837 0.0000
vn 0.0000 -1.0000 0.0000
vn 0.1881 0.9046 -0.3825
vn 0.2036 0.9790 0.0000
vn 0.1879 0.9039 -0.3842
vn -0.9850 0.1726 0.0000
vn -0.9844 0.1759 0.0000
vn 0.1444 0.6944 -0.7050
vn 0.1436 0.6907 -0.7087
vn 0.0786 0.3780 -0.9224
vn 0.0773 0.3717 -0.9251
vn 0.0007 0.0033 -1.0000
vn -0.0007 -0.0034 -1.0000
vn -0.0772 -0.3716 -0.9252
vn -0.0786 -0.3779 -0.9225
vn -0.1435 -0.6904 -0.7090
vn -0.1442 -0.6937 -0.7056
vn -0.1879 -0.9040 -0.3840
vn -0.1881 -0.9049 -0.3817
vn 0.9836 -0.1803 0.0000
vn 0.9835 -0.1807 0.0000
vn 0.9843 -0.1766 -0.0003
vn -0.2036 -0.9790 0.0000
vn 0.9844 -0.1758 0.0000
vn 0.9845 -0.1753 0.0048
vn 0.9840 -0.1780 0.0009
vn 0.0000 0.0000 -1.0000
vn 0.9842 -0.1770 0.0007
vn 0.9837 -0.1794 -0.0113
vn 0.9843 -0.1763 0.0011
vn 1.0000 0.0000 0.0000
vn 0.9842 -0.1769 -0.0009
vn 0.9839 -0.1783 -0.0004
vn 0.9849 -0.1728 -0.0067
vn -0.9843 0.1766 -0.0009
vn -0.9844 0.1760 -0.0006
vn -0.9846 0.1744 0.0015
vn -0.9843 0.1761 0.0014
vn -0.9847 0.1740 -0.0011
vn -0.9848 0.1735 0.0001
vn -0.9842 0.1770 0.0035
vn -0.9842 0.1769 0.0000
vn -0.9842 0.1768 0.0007
vn -0.9842 0.1768 -0.0025
vn -0.9844 0.1759 0.0038
vn -0.9845 0.1755 -0.0012
vn -0.9861 0.1660 0.0000
vn -0.9846 0.1745 0.0028
vn -0.9842 0.1768 0.0001
vn -0.9847 0.1742 -0.0003
vn -0.9849 0.1732 0.0000
vn -0.9850 0.1725 0.0000
vn 0.9839 -0.1789 0.0000
vn -0.9848 0.1737 0.0019
vn -0.9848 0.1737 0.0000
vn -0.9843 0.1762 -0.0019
vn -0.9843 0.1763 -0.0013
vn -0.9846 0.1745 0.0021
vn -0.1961 0.0000 0.9806
vn -0.1956 0.0183 0.9805
vn -0.3902 0.0355 0.9200
vn -0.3816 0.0000 0.9243
vn -0.7074 0.0630 0.7039
vn -0.7029 0.0000 0.7113
vn -0.9221 0.0000 0.3870
vn -0.9806 0.0000 0.1961
vn -0.1952 0.0348 0.9801
vn -0.3799 0.0677 0.9225
vn -0.6982 0.1245 0.7049
vn -0.9100 0.1622 0.3815
vn -0.9127 0.1632 0.3746
vn -0.9656 0.1722 0.1949
vn -0.9650 0.1726 0.1972
vn -0.9599 0.2016 0.1948
vn -0.9005 0.2045 0.3836
vn -0.6963 0.1834 0.6938
vn -0.3978 0.1231 0.9091
vn -0.2296 0.0878 0.9693
vn -0.1679 0.9856 0.0204
vn -0.1818 0.9833 0.0000
vn -0.3544 0.9351 0.0000
vn -0.3481 0.9371 0.0256
vn -0.6444 0.7647 0.0000
vn -0.6314 0.7750 0.0262
vn -0.8588 0.5123 0.0000
vn -0.8497 0.5270 0.0142
vn -0.9346 0.3556 0.0000
vn -0.9377 0.3472 0.0058
vn -0.0387 0.2215 0.9744
vn 0.0000 0.1961 0.9806
vn 0.0000 0.3838 0.9234
vn -0.0357 0.3968 0.9172
vn 0.0000 0.7071 0.7071
vn -0.0336 0.7143 0.6990
vn 0.0000 0.9234 0.3838
vn -0.0244 0.9265 0.3755
vn 0.0000 0.9806 0.1961
vn -0.0184 0.9828 0.1835
vn 0.0231 -0.9563 -0.2914
vn -0.0189 -0.9793 -0.2015
vn -0.0186 -0.9980 -0.0603
vn 0.0149 -0.9974 -0.0707
vn 0.0097 -0.9997 -0.0236
vn 0.0081 -0.9998 -0.0196
vn 0.0147 -0.9971 -0.0746
vn 0.0303 -0.2925 -0.9558
vn 0.0450 -0.6130 -0.7888
vn 0.0450 -0.5939 -0.8033
vn 0.0294 -0.2842 -0.9583
vn 0.0416 -0.8368 -0.5459
vn 0.0419 -0.8258 -0.5623
vn -0.7691 0.0000 -0.6391
vn -0.5892 0.0000 -0.8079
vn -0.7731 0.0000 -0.6343
vn 0.8057 0.0000 0.5923
vn 0.6350 0.0000 0.7725
vn 0.9497 0.0000 0.3131
vn 0.9175 0.0000 0.3977
vn 0.8230 0.0000 0.5680
vn 0.9687 0.0000 0.2483
vn 0.0073 -0.0730 -0.9973
vn -0.6348 0.0000 -0.7727
vn -0.8058 0.0000 -0.5921
vn 0.5399 0.0000 0.8417
vn 0.6205 0.0000 0.7842
vn -0.9170 0.0000 -0.3988
vn -0.9485 0.0000 -0.3167
vn -0.9442 0.0000 -0.3293
vn -0.9509 0.0000 -0.3095
vn 0.9986 0.0000 0.0534
vn 0.9989 0.0000 0.0463
vn -0.9961 0.0000 -0.0885
vn -0.9976 0.0000 -0.0693
vn 0.0000 -0.0967 -0.9953
vn 0.0000 -0.3818 -0.9243
vn 0.0000 -0.7071 -0.7071
vn 0.0000 -0.9243 -0.3817
vn 0.0000 -0.9243 -0.3818
vn -1.0000 0.0001 0.0000
vn -1.0000 0.0002 0.0001
vn -1.0000 0.0001 0.0002
vn -1.0000 0.0001 0.0005
vn -1.0000 -0.0000 0.0011
vn -1.0000 -0.0000 0.0009
vn -0.8980 0.2642 0.3518
vn -0.9463 0.2568 0.1960
vn -0.7104 0.2583 0.6546
vn -0.4257 0.2033 0.8817
vn -0.2717 0.1787 0.9456
vn -0.2394 0.1959 0.9510
vn -0.4324 0.2416 0.8687
vn -0.7218 0.2859 0.6302
vn -0.9022 0.2728 0.3339
vn -0.9617 0.2238 0.1582
vn -0.1023 0.2079 0.9728
vn -0.1985 0.2345 0.9516
vn -0.4349 0.3041 0.8475
vn -0.7063 0.3484 0.6162
vn -0.8851 0.3030 0.3532
vn -0.8036 0.4668 0.3692
vn -0.9149 0.3730 0.1545
vn -0.9668 0.2243 0.1226
vn -0.5312 0.7060 0.4683
vn -0.6467 0.6863 0.3329
vn -0.6465 0.5091 0.5681
vn -0.3833 0.8617 0.3324
vn -0.4367 0.8617 0.2583
vn -0.2045 0.9620 0.1806
vn -0.2274 0.9617 0.1530
vn -0.1088 0.9883 0.1064
vn -0.1421 0.9871 0.0736
vn -0.4220 0.4551 0.7841
vn -0.3736 0.6334 0.6777
vn -0.2847 0.8207 0.4953
vn -0.1484 0.9509 0.2714
vn -0.0570 0.9870 0.1501
vn -0.8238 0.5647 0.0488
vn -0.5880 0.8054 0.0743
vn -0.3153 0.9458 0.0772
vn -0.9826 0.1855 0.0074
vn -0.9547 0.2966 0.0219
vn -0.2618 0.9560 0.1325
vn -0.5219 0.8356 0.1713
vn -0.7632 0.6222 0.1741
vn -0.2147 0.3405 0.9154
vn -0.2329 0.5181 0.8229
vn -0.2006 0.7701 0.6055
vn -0.1087 0.9487 0.2967
vn -0.0829 0.9373 0.3385
vn -0.1278 0.7372 0.6635
vn -0.1361 0.4436 0.8858
vn -0.1138 0.2547 0.9603
vn 0.9239 0.0000 0.3826
vn 0.7071 0.0000 0.7071
vn 0.3826 0.0000 0.9239
vn 0.9845 0.1753 -0.0010
vn 0.9844 0.1756 -0.0002
vn 0.9844 0.1759 -0.0004
vn 0.9846 0.1751 -0.0001
vn 0.9844 0.1759 0.0001
vn -0.1793 0.9838 0.0000
vn -0.1677 0.9096 -0.3801
vn -0.1677 0.9093 -0.3809
vn -0.1284 0.6946 -0.7078
vn -0.1281 0.6934 -0.7090
vn -0.0678 0.3745 -0.9247
vn -0.0679 0.3752 -0.9244
vn 0.0013 -0.0003 -1.0000
vn 0.0015 -0.0011 -1.0000
vn 0.0759 -0.3743 -0.9242
vn 0.0771 -0.3798 -0.9218
vn 0.1380 -0.6875 -0.7129
vn 0.1386 -0.6911 -0.7094
vn 0.1711 -0.9051 -0.3893
vn 0.1711 -0.9051 -0.3891
vn 0.1798 -0.9837 0.0000
vn -0.1881 0.9046 -0.3825
vn -0.1879 0.9039 -0.3842
vn -0.2036 0.9790 0.0000
vn 0.9844 0.1759 0.0000
vn 0.9850 0.1726 0.0000
vn -0.1444 0.6944 -0.7050
vn -0.1436 0.6907 -0.7087
vn -0.0786 0.3780 -0.9224
vn -0.0773 0.3717 -0.9251
vn -0.0007 0.0033 -1.0000
vn 0.0007 -0.0034 -1.0000
vn 0.0772 -0.3716 -0.9252
vn 0.0786 -0.3779 -0.9225
vn 0.1435 -0.6904 -0.7090
vn 0.1442 -0.6937 -0.7056
vn 0.1879 -0.9040 -0.3840
vn 0.1881 -0.9049 -0.3817
vn -0.9836 -0.1803 0.0000
vn -0.9843 -0.1766 -0.0003
vn -0.9835 -0.1807 0.0000
vn 0.2036 -0.9790 0.0000
vn -0.9844 -0.1758 0.0000
vn -0.9840 -0.1780 0.0009
vn -0.9845 -0.1753 0.0048
vn -0.9842 -0.1770 0.0007
vn -0.9837 -0.1794 -0.0113
vn -0.9843 -0.1763 0.0011
vn -0.9839 -0.1783 -0.0004
vn -0.9842 -0.1769 -0.0009
vn -0.9849 -0.1728 -0.0067
vn 0.9843 0.1766 -0.0009
vn 0.9844 0.1760 -0.0006
vn 0.9846 0.1744 0.0015
vn 0.9843 0.1761 0.0014
vn 0.9847 0.1740 -0.0011
vn 0.9848 0.1735 0.0001
vn 0.9842 0.1770 0.0035
vn 0.9842 0.1769 0.0000
vn 0.9842 0.1768 0.0007
vn 0.9842 0.1768 -0.0025
vn 0.9844 0.1759 0.0038
vn 0.9845 0.1755 -0.0012
vn 0.9861 0.1660 0.0000
vn 0.9846 0.1745 0.0028
vn 0.9842 0.1768 0.0001
vn 0.9847 0.1742 -0.0003
vn 0.9849 0.1732 0.0000
vn 0.9850 0.1725 0.0000
vn -0.9839 -0.1789 0.0000
vn 0.9848 0.1737 0.0019
vn 0.9848 0.1737 0.0000
vn 0.9843 0.1762 -0.0019
vn 0.9846 0.1745 0.0021
vn 0.9843 0.1763 -0.0013
vn 0.1961 0.0000 0.9806
vn 0.3816 0.0000 0.9243
vn 0.3902 0.0355 0.9200
vn 0.1957 0.0183 0.9805
vn 0.7029 0.0000 0.7113
vn 0.7074 0.0630 0.7039
vn 0.9221 0.0000 0.3870
vn 0.9806 0.0000 0.1961
vn 0.3799 0.0677 0.9225
vn 0.1952 0.0348 0.9801
vn 0.6982 0.1245 0.7049
vn 0.9127 0.1632 0.3746
vn 0.9100 0.1622 0.3815
vn 0.9650 0.1726 0.1972
vn 0.9656 0.1722 0.1949
vn 0.9599 0.2016 0.1948
vn 0.9005 0.2045 0.3836
vn 0.6963 0.1834 0.6939
vn 0.3978 0.1231 0.9091
vn 0.2296 0.0878 0.9693
vn 0.1679 0.9856 0.0204
vn 0.3481 0.9371 0.0256
vn 0.3544 0.9351 0.0000
vn 0.1818 0.9833 0.0000
vn 0.6314 0.7750 0.0262
vn 0.6444 0.7647 0.0000
vn 0.8497 0.5270 0.0142
vn 0.8588 0.5123 0.0000
vn 0.9377 0.3472 0.0058
vn 0.9346 0.3556 0.0000
vn 0.0387 0.2215 0.9744
vn 0.0357 0.3968 0.9172
vn 0.0336 0.7143 0.6990
vn 0.0244 0.9265 0.3755
vn 0.0184 0.9828 0.1835
vn -0.0231 -0.9563 -0.2914
vn 0.0186 -0.9980 -0.0603
vn 0.0189 -0.9793 -0.2015
vn -0.0149 -0.9974 -0.0707
vn -0.0147 -0.9971 -0.0746
vn -0.0081 -0.9998 -0.0196
vn -0.0097 -0.9997 -0.0236
vn -0.0303 -0.2925 -0.9558
vn -0.0294 -0.2842 -0.9583
vn -0.0450 -0.5939 -0.8033
vn -0.0450 -0.6130 -0.7888
vn -0.0419 -0.8258 -0.5623
vn -0.0416 -0.8368 -0.5459
vn 0.7691 0.0000 -0.6391
vn 0.7731 0.0000 -0.6343
vn 0.5892 0.0000 -0.8079
vn -0.8057 0.0000 0.5923
vn -0.6350 0.0000 0.7725
vn -0.9497 0.0000 0.3131
vn -0.9175 0.0000 0.3977
vn -0.8230 0.0000 0.5680
vn -0.9687 0.0000 0.2483
vn -0.0073 -0.0730 -0.9973
vn 0.6348 0.0000 -0.7727
vn 0.8058 0.0000 -0.5921
vn -0.5399 0.0000 0.8417
vn -0.6205 0.0000 0.7842
vn 0.9170 0.0000 -0.3988
vn 0.9485 0.0000 -0.3167
vn 0.9442 0.0000 -0.3293
vn 0.9509 0.0000 -0.3095
vn -0.9986 0.0000 0.0534
vn -0.9989 0.0000 0.0463
vn 0.9961 0.0000 -0.0885
vn 0.9976 0.0000 -0.0693
vn 1.0000 0.0002 0.0001
vn 1.0000 0.0001 0.0000
vn 1.0000 0.0001 0.0002
vn 1.0000 0.0001 0.0005
vn 1.0000 -0.0000 0.0011
vn 1.0000 -0.0000 0.0009
vn 0.9463 0.2568 0.1960
vn 0.8980 0.2642 0.3518
vn 0.7104 0.2583 0.6546
vn 0.4257 0.2033 0.8817
vn 0.2717 0.1787 0.9456
vn 0.2394 0.1959 0.9510
vn 0.4324 0.2416 0.8687
vn 0.7218 0.2859 0.6302
vn 0.9022 0.2728 0.3339
vn 0.9617 0.2238 0.1582
vn 0.1023 0.2079 0.9727
vn 0.1985 0.2345 0.9516
vn 0.4349 0.3041 0.8475
vn 0.7063 0.3484 0.6162
vn 0.8851 0.3030 0.3532
vn 0.9668 0.2243 0.1227
vn 0.9149 0.3730 0.1545
vn 0.8036 0.4668 0.3692
vn 0.5312 0.7060 0.4683
vn 0.6465 0.5091 0.5681
vn 0.6467 0.6863 0.3329
vn 0.3833 0.8617 0.3324
vn 0.4367 0.8617 0.2583
vn 0.2045 0.9620 0.1806
vn 0.2274 0.9617 0.1530
vn 0.1088 0.9883 0.1064
vn 0.1421 0.9871 0.0736
vn 0.3736 0.6334 0.6777
vn 0.4220 0.4551 0.7841
vn 0.2847 0.8207 0.4953
vn 0.1484 0.9509 0.2714
vn 0.0570 0.9870 0.1501
vn 0.5880 0.8054 0.0743
vn 0.8238 0.5647 0.0488
vn 0.3153 0.9458 0.0772
vn 0.9826 0.1855 0.0074
vn 0.9547 0.2966 0.0219
vn 0.2618 0.9560 0.1325
vn 0.5219 0.8356 0.1713
vn 0.7632 0.6222 0.1741
vn 0.2147 0.3405 0.9154
vn 0.2329 0.5181 0.8229
vn 0.2006 0.7701 0.6055
vn 0.1087 0.9487 0.2967
vn 0.1278 0.7372 0.6635
vn 0.0829 0.9373 0.3385
vn 0.1361 0.4436 0.8858
vn 0.1138 0.2547 0.9603
vn -0.9239 0.0000 -0.3826
vn -0.7071 0.0000 -0.7071
vn -0.3826 0.0000 -0.9239
vn -0.9845 0.1753 0.0010
vn -0.9844 0.1756 0.0002
vn -0.9844 0.1759 0.0004
vn -0.9846 0.1751 0.0001
vn -0.9844 0.1759 -0.0001
vn 0.1677 0.9096 0.3801
vn 0.1677 0.9093 0.3809
vn 0.1284 0.6946 0.7078
vn 0.1281 0.6934 0.7090
vn 0.0678 0.3745 0.9247
vn 0.0679 0.3752 0.9244
vn -0.0013 -0.0003 1.0000
vn -0.0015 -0.0011 1.0000
vn -0.0759 -0.3743 0.9242
vn -0.0771 -0.3798 0.9218
vn -0.1380 -0.6875 0.7129
vn -0.1386 -0.6911 0.7094
vn -0.1711 -0.9051 0.3893
vn -0.1711 -0.9051 0.3891
vn 0.1881 0.9046 0.3825
vn 0.1879 0.9039 0.3842
vn 0.1444 0.6944 0.7050
vn 0.1436 0.6907 0.7088
vn 0.0786 0.3780 0.9224
vn 0.0773 0.3717 0.9251
vn 0.0007 0.0033 1.0000
vn -0.0007 -0.0034 1.0000
vn -0.0772 -0.3716 0.9252
vn -0.0786 -0.3779 0.9225
vn -0.1435 -0.6904 0.7090
vn -0.1442 -0.6937 0.7056
vn -0.1879 -0.9040 0.3840
vn -0.1881 -0.9049 0.3817
vn 0.9843 -0.1766 0.0003
vn 0.9840 -0.1780 -0.0009
vn 0.9845 -0.1753 -0.0048
vn 0.9842 -0.1770 -0.0007
vn 0.9837 -0.1794 0.0113
vn 0.9843 -0.1763 -0.0011
vn 0.9839 -0.1783 0.0004
vn 0.9842 -0.1769 0.0009
vn 0.9849 -0.1728 0.0067
vn -0.9843 0.1766 0.0009
vn -0.9844 0.1760 0.0006
vn -0.9846 0.1744 -0.0015
vn -0.9843 0.1761 -0.0014
vn -0.9847 0.1740 0.0011
vn -0.9848 0.1735 -0.0001
vn -0.9842 0.1770 -0.0035
vn -0.9842 0.1768 -0.0007
vn -0.9842 0.1768 0.0025
vn -0.9844 0.1759 -0.0038
vn -0.9845 0.1755 0.0012
vn -0.9846 0.1745 -0.0028
vn -0.9842 0.1768 -0.0001
vn -0.9847 0.1742 0.0003
vn -0.9848 0.1737 -0.0019
vn -0.9843 0.1762 0.0019
vn -0.9846 0.1745 -0.0021
vn -0.9843 0.1763 0.0013
vn -0.1961 0.0000 -0.9806
vn -0.3816 0.0000 -0.9243
vn -0.3902 0.0355 -0.9200
vn -0.1956 0.0183 -0.9805
vn -0.7029 0.0000 -0.7113
vn -0.7074 0.0630 -0.7039
vn -0.9221 0.0000 -0.3870
vn -0.9806 0.0000 -0.1961
vn -0.3799 0.0677 -0.9225
vn -0.1952 0.0348 -0.9801
vn -0.6982 0.1245 -0.7049
vn -0.9127 0.1632 -0.3746
vn -0.9100 0.1622 -0.3815
vn -0.9650 0.1726 -0.1972
vn -0.9656 0.1722 -0.1949
vn -0.9599 0.2016 -0.1948
vn -0.9005 0.2045 -0.3836
vn -0.6963 0.1834 -0.6939
vn -0.3978 0.1231 -0.9091
vn -0.2296 0.0878 -0.9693
vn -0.1679 0.9856 -0.0204
vn -0.3481 0.9371 -0.0256
vn -0.6314 0.7750 -0.0262
vn -0.8497 0.5270 -0.0142
vn -0.9377 0.3472 -0.0058
vn -0.0387 0.2215 -0.9744
vn -0.0357 0.3968 -0.9172
vn 0.0000 0.3838 -0.9234
vn 0.0000 0.1961 -0.9806
vn -0.0336 0.7143 -0.6990
vn 0.0000 0.7071 -0.7071
vn -0.0244 0.9265 -0.3755
vn 0.0000 0.9234 -0.3838
vn -0.0184 0.9828 -0.1835
vn 0.0000 0.9806 -0.1961
vn 0.0231 -0.9563 0.2914
vn -0.0186 -0.9980 0.0603
vn -0.0189 -0.9793 0.2015
vn 0.0149 -0.9974 0.0707
vn 0.0147 -0.9971 0.0746
vn 0.0081 -0.9998 0.0196
vn 0.0097 -0.9997 0.0236
vn 0.0303 -0.2925 0.9558
vn 0.0294 -0.2842 0.9583
vn 0.0450 -0.5939 0.8033
vn 0.0450 -0.6130 0.7888
vn 0.0419 -0.8258 0.5623
vn 0.0416 -0.8368 0.5459
vn -0.7691 0.0000 0.6391
vn -0.7731 0.0000 0.6343
vn -0.5892 0.0000 0.8079
vn 0.8057 0.0000 -0.5923
vn 0.6350 0.0000 -0.7725
vn 0.9497 0.0000 -0.3131
vn 0.9175 0.0000 -0.3977
vn 0.8230 0.0000 -0.5680
vn 0.9687 0.0000 -0.2483
vn 0.0073 -0.0730 0.9973
vn -0.6348 0.0000 0.7727
vn -0.8058 0.0000 0.5921
vn 0.5399 0.0000 -0.8417
vn 0.6205 0.0000 -0.7842
vn -0.9170 0.0000 0.3988
vn -0.9485 0.0000 0.3167
vn -0.9442 0.0000 0.3293
vn -0.9509 0.0000 0.3095
vn 0.9986 0.0000 -0.0534
vn 0.9989 0.0000 -0.0463
vn -0.9961 0.0000 0.0885
vn -0.9976 0.0000 0.0693
vn 0.0000 -0.0967 0.9953
vn 0.0000 -0.3818 0.9243
vn 0.0000 -0.7071 0.7071
vn 0.0000 -0.9243 0.3817
vn -1.0000 0.0002 -0.0001
vn -1.0000 0.0001 -0.0002
vn -1.0000 0.0001 -0.0005
vn -1.0000 -0.0000 -0.0011
vn -1.0000 -0.0000 -0.0009
vn -0.9464 0.2568 -0.1960
vn -0.8980 0.2642 -0.3518
vn -0.7104 0.2583 -0.6547
vn -0.4257 0.2033 -0.8817
vn -0.2717 0.1787 -0.9456
vn -0.2394 0.1959 -0.9510
vn -0.4324 0.2416 -0.8687
vn -0.7218 0.2859 -0.6302
vn -0.9022 0.2728 -0.3339
vn -0.9617 0.2238 -0.1582
vn -0.1023 0.2079 -0.9727
vn -0.1985 0.2345 -0.9516
vn -0.4349 0.3041 -0.8475
vn -0.7063 0.3484 -0.6162
vn -0.8851 0.3030 -0.3532
vn -0.9668 0.2243 -0.1226
vn -0.9149 0.3730 -0.1545
vn -0.8036 0.4668 -0.3692
vn -0.5312 0.7060 -0.4683
vn -0.6465 0.5091 -0.5681
vn -0.6467 0.6863 -0.3329
vn -0.3833 0.8617 -0.3324
vn -0.4367 0.8617 -0.2583
vn -0.2045 0.9620 -0.1806
vn -0.2274 0.9617 -0.1530
vn -0.1088 0.9883 -0.1064
vn -0.1421 0.9871 -0.0736
vn -0.3736 0.6334 -0.6777
vn -0.4220 0.4551 -0.7841
vn -0.2847 0.8207 -0.4953
vn -0.1484 0.9509 -0.2714
vn -0.0569 0.9870 -0.1501
vn -0.5880 0.8054 -0.0743
vn -0.8238 0.5647 -0.0488
vn -0.3153 0.9458 -0.0772
vn -0.9826 0.1855 -0.0074
vn -0.9547 0.2966 -0.0219
vn -0.2618 0.9560 -0.1325
vn -0.5219 0.8356 -0.1713
vn -0.7632 0.6222 -0.1741
vn -0.2147 0.3405 -0.9154
vn -0.2329 0.5181 -0.8229
vn -0.2006 0.7701 -0.6055
vn -0.1087 0.9487 -0.2967
vn -0.1278 0.7372 -0.6635
vn -0.0829 0.9373 -0.3385
vn -0.1361 0.4436 -0.8858
vn -0.1138 0.2547 -0.9603
vn 0.9239 0.0000 -0.3826
vn 0.7071 0.0000 -0.7071
vn 0.3826 0.0000 -0.9239
vn 0.9845 0.1753 0.0010
vn 0.9846 0.1751 0.0001
vn 0.9844 0.1759 0.0004
vn 0.9844 0.1756 0.0002
vn 0.9844 0.1759 -0.0001
vn -0.1677 0.9093 0.3809
vn -0.1677 0.9096 0.3801
vn -0.1281 0.6934 0.7090
vn -0.1284 0.6946 0.7078
vn -0.0678 0.3745 0.9247
vn -0.0679 0.3752 0.9244
vn 0.0013 -0.0003 1.0000
vn 0.0015 -0.0011 1.0000
vn 0.0759 -0.3743 0.9242
vn 0.0771 -0.3798 0.9218
vn 0.1386 -0.6911 0.7094
vn 0.1380 -0.6875 0.7129
vn 0.1711 -0.9051 0.3893
vn 0.1711 -0.9051 0.3891
vn -0.1881 0.9046 0.3825
vn -0.1879 0.9039 0.3842
vn -0.1444 0.6944 0.7050
vn -0.1436 0.6907 0.7088
vn -0.0786 0.3780 0.9224
vn -0.0773 0.3717 0.9251
vn -0.0007 0.0033 1.0000
vn 0.0007 -0.0034 1.0000
vn 0.0772 -0.3716 0.9252
vn 0.0786 -0.3779 0.9225
vn 0.1435 -0.6904 0.7090
vn 0.1442 -0.6937 0.7056
vn 0.1879 -0.9040 0.3840
vn 0.1881 -0.9049 0.3817
vn -0.9843 -0.1766 0.0003
vn -0.9845 -0.1753 -0.0048
vn -0.9840 -0.1780 -0.0009
vn -0.9842 -0.1770 -0.0007
vn -0.9837 -0.1794 0.0113
vn -0.9843 -0.1763 -0.0011
vn -0.9842 -0.1769 0.0009
vn -0.9839 -0.1783 0.0004
vn -0.9849 -0.1728 0.0067
vn 0.9843 0.1766 0.0009
vn 0.9844 0.1760 0.0006
vn 0.9846 0.1744 -0.0015
vn 0.9843 0.1761 -0.0014
vn 0.9847 0.1740 0.0011
vn 0.9848 0.1735 -0.0001
vn 0.9842 0.1770 -0.0035
vn 0.9842 0.1768 -0.0007
vn 0.9842 0.1768 0.0025
vn 0.9844 0.1759 -0.0038
vn 0.9845 0.1755 0.0012
vn 0.9846 0.1745 -0.0028
vn 0.9842 0.1768 -0.0001
vn 0.9847 0.1742 0.0003
vn 0.9848 0.1737 -0.0019
vn 0.9843 0.1762 0.0019
vn 0.9843 0.1763 0.0013
vn 0.9846 0.1745 -0.0021
vn 0.1961 0.0000 -0.9806
vn 0.1957 0.0183 -0.9805
vn 0.3902 0.0355 -0.9200
vn 0.3816 0.0000 -0.9243
vn 0.7074 0.0630 -0.7039
vn 0.7029 0.0000 -0.7113
vn 0.9221 0.0000 -0.3870
vn 0.9806 0.0000 -0.1961
vn 0.1952 0.0348 -0.9801
vn 0.3799 0.0677 -0.9225
vn 0.6982 0.1245 -0.7049
vn 0.9100 0.1622 -0.3815
vn 0.9127 0.1632 -0.3746
vn 0.9656 0.1722 -0.1949
vn 0.9650 0.1726 -0.1972
vn 0.9599 0.2016 -0.1948
vn 0.9005 0.2045 -0.3836
vn 0.6963 0.1834 -0.6938
vn 0.3978 0.1231 -0.9091
vn 0.2296 0.0878 -0.9693
vn 0.1679 0.9856 -0.0204
vn 0.3481 0.9371 -0.0256
vn 0.6314 0.7750 -0.0262
vn 0.8497 0.5270 -0.0142
vn 0.9377 0.3472 -0.0058
vn 0.0387 0.2215 -0.9744
vn 0.0357 0.3968 -0.9172
vn 0.0336 0.7143 -0.6990
vn 0.0244 0.9265 -0.3755
vn 0.0184 0.9828 -0.1835
vn -0.0231 -0.9563 0.2914
vn 0.0189 -0.9793 0.2015
vn 0.0186 -0.9980 0.0603
vn -0.0149 -0.9974 0.0707
vn -0.0097 -0.9997 0.0236
vn -0.0081 -0.9998 0.0196
vn -0.0147 -0.9971 0.0746
vn -0.0303 -0.2925 0.9558
vn -0.0450 -0.6130 0.7888
vn -0.0450 -0.5939 0.8033
vn -0.0294 -0.2842 0.9583
vn -0.0416 -0.8368 0.5459
vn -0.0419 -0.8258 0.5623
vn 0.7691 0.0000 0.6391
vn 0.5892 0.0000 0.8079
vn 0.7731 0.0000 0.6343
vn -0.8057 0.0000 -0.5923
vn -0.6350 0.0000 -0.7725
vn -0.9497 0.0000 -0.3131
vn -0.9175 0.0000 -0.3977
vn -0.8230 0.0000 -0.5680
vn -0.9687 0.0000 -0.2483
vn -0.0073 -0.0730 0.9973
vn 0.6348 0.0000 0.7727
vn 0.8058 0.0000 0.5921
vn -0.5399 0.0000 -0.8417
vn -0.6205 0.0000 -0.7842
vn 0.9170 0.0000 0.3988
vn 0.9485 0.0000 0.3167
vn 0.9442 0.0000 0.3293
vn 0.9509 0.0000 0.3095
vn -0.9986 0.0000 -0.0534
vn -0.9989 0.0000 -0.0463
vn 0.9961 0.0000 0.0885
vn 0.9976 0.0000 0.0693
vn 1.0000 0.0002 -0.0001
vn 1.0000 0.0001 -0.0002
vn 1.0000 0.0001 -0.0005
vn 1.0000 -0.0000 -0.0011
vn 1.0000 -0.0000 -0.0009
vn 0.8980 0.2642 -0.3518
vn 0.9463 0.2568 -0.1960
vn 0.7104 0.2583 -0.6546
vn 0.4257 0.2033 -0.8817
vn 0.2717 0.1787 -0.9456
vn 0.2394 0.1959 -0.9510
vn 0.4324 0.2416 -0.8687
vn 0.7218 0.2859 -0.6302
vn 0.9022 0.2728 -0.3339
vn 0.9617 0.2238 -0.1582
vn 0.1023 0.2079 -0.9728
vn 0.1985 0.2345 -0.9516
vn 0.4349 0.3041 -0.8475
vn 0.7063 0.3484 -0.6162
vn 0.8851 0.3030 -0.3532
vn 0.8036 0.4668 -0.3692
vn 0.9149 0.3730 -0.1545
vn 0.9668 0.2243 -0.1226
vn 0.5312 0.7060 -0.4683
vn 0.6467 0.6863 -0.3329
vn 0.6465 0.5091 -0.5681
vn 0.3833 0.8617 -0.3324
vn 0.4367 0.8617 -0.2583
vn 0.2045 0.9620 -0.1806
vn 0.2274 0.9617 -0.1530
vn 0.1088 0.9883 -0.1064
vn 0.1421 0.9871 -0.0736
vn 0.4220 0.4551 -0.7841
vn 0.3736 0.6334 -0.6777
vn 0.2847 0.8207 -0.4953
vn 0.1484 0.9509 -0.2714
vn 0.0569 0.9870 -0.1501
vn 0.8238 0.5647 -0.0488
vn 0.5880 0.8054 -0.0743
vn 0.3153 0.9458 -0.0772
vn 0.9826 0.1855 -0.0074
vn 0.9547 0.2966 -0.0219
vn 0.2618 0.9560 -0.1325
vn 0.5219 0.8356 -0.1713
vn 0.7632 0.6222 -0.1741
vn 0.2147 0.3405 -0.9154
vn 0.2329 0.5181 -0.8229
vn 0.2006 0.7701 -0.6055
vn 0.1087 0.9487 -0.2967
vn 0.0829 0.9373 -0.3385
vn 0.1278 0.7372 -0.6635
vn 0.1361 0.4436 -0.8858
vn 0.1138 0.2547 -0.9603
usemtl mb:o:3850:154
s 1
f 1441/1448/364 1442/1449/365 1689/1450/366 1444/1451/367
f 1444/1451/367 1443/1452/368 1690/1453/368 1446/1454/369
f 1446/1454/369 1445/1455/370 1447/1456/371 1500/1457/372
f 1449/1458/373 1448/1459/374 1691/1460/375 1451/1461/376
f 1451/1461/376 1450/1462/368 1692/1463/368 1453/1464/377
f 1453/1464/377 1452/1465/378 1481/1466/379 1454/1467/380
f 1456/1468/381 1455/1469/382 1457/1470/383 1458/1471/384
f 1489/1472/385 1488/1473/386 1460/1474/387 1459/1475/388
f 1462/1476/389 1461/1477/390 1463/1478/391 1464/1479/392
f 1466/1480/393 1465/1481/394 1464/1479/392 1463/1478/391
f 1467/1482/395 1468/1483/396 1465/1481/394 1466/1480/393
f 1442/1449/365 1441/1448/364 1472/1484/397 1471/1485/398
f 1469/1486/399 1472/1484/397 1465/1481/394 1468/1483/396
f 1470/1487/400 1469/1486/399 1468/1483/396 1467/1482/395
f 1444/1451/367 1462/1476/389 1464/1479/392 1441/1448/364
f 1471/1485/398 1472/1484/397 1469/1486/399 1470/1487/400
f 1465/1481/394 1472/1484/397 1441/1448/364 1464/1479/392
f 1455/1469/382 1456/1468/381 1474/1488/401 1473/1489/402
f 1473/1489/402 1474/1488/401 1476/1490/403 1475/1491/404
f 1475/1491/404 1476/1490/403 1478/1492/405 1477/1493/406
f 1477/1493/406 1478/1492/405 1480/1494/407 1479/1495/408
f 1479/1495/408 1480/1494/407 1454/1467/380 1481/1466/379
f 1456/1468/381 1454/1467/380 1480/1494/407 1474/1488/401
f 1474/1488/401 1480/1494/407 1478/1492/405 1476/1490/403
f 1458/1471/384 1457/1470/383 1482/1496/409 1483/1497/410
f 1483/1497/410 1482/1496/409 1484/1498/411 1485/1499/412
f 1485/1499/412 1484/1498/411 1486/1500/413 1487/1501/414
f 1487/1501/414 1486/1500/413 1488/1473/386 1489/1472/385
f 1453/1464/377 1458/1471/384 1483/1497/410 1485/1499/412
f 1453/1464/377 1485/1499/412 1487/1501/414 1489/1472/385
f 1500/1457/372 1449/1458/373 1451/1461/376 1446/1454/369
f 1451/1461/376 1459/1475/388 1491/1502/415 1446/1454/369
f 1459/1475/388 1460/1474/387 1490/1503/416 1491/1502/415
f 1491/1502/415 1490/1503/416 1507/1504/417 1508/1505/418
f 1453/1464/377 1489/1472/385 1459/1475/388 1451/1461/376
f 1454/1467/380 1456/1468/381 1458/1471/384 1453/1464/377
f 1448/1459/374 1449/1458/373 1493/1506/419 1492/1507/420
f 1492/1507/420 1493/1506/419 1495/1508/421 1494/1509/422
f 1494/1509/422 1495/1508/421 1497/1510/423 1496/1511/424
f 1496/1511/424 1497/1510/423 1499/1512/425 1498/1513/426
f 1498/1513/426 1499/1512/425 1500/1457/372 1447/1456/371
f 1449/1458/373 1500/1457/372 1499/1512/425 1493/1506/419
f 1493/1506/419 1499/1512/425 1497/1510/423 1495/1508/421
f 1446/1454/369 1491/1502/415 1508/1505/418 1444/1451/367
f 1461/1477/390 1462/1476/389 1502/1514/427 1501/1515/428
f 1501/1515/428 1502/1514/427 1504/1516/429 1503/1517/430
f 1503/1517/430 1504/1516/429 1506/1518/431 1505/1519/432
f 1505/1519/432 1506/1518/431 1508/1505/418 1507/1504/417
f 1444/1451/367 1504/1516/429 1502/1514/427 1462/1476/389
f 1444/1451/367 1508/1505/418 1506/1518/431 1504/1516/429
f 1509/1520/433 1510/1521/434 1511/1522/435 1563/1523/436
f 1513/1524/437 1512/1525/438 1541/1526/439 1540/1527/440
f 1514/1528/441 1509/1520/433 1563/1523/436 1564/1529/442
f 1515/1530/443 1513/1524/437 1540/1527/440 1542/1531/444
f 1516/1532/445 1514/1528/441 1564/1529/442 1517/1533/446
f 1518/1534/447 1515/1530/443 1542/1531/444 1519/1535/448
f 1514/1528/441 1516/1532/445 1523/1536/449 1522/1537/450
f 1509/1520/433 1514/1528/441 1522/1537/450 1520/1538/451
f 1510/1521/434 1509/1520/433 1520/1538/451 1521/1539/452
f 1522/1537/450 1523/1536/449 1527/1540/453 1526/1541/454
f 1520/1538/451 1522/1537/450 1526/1541/454 1524/1542/455
f 1521/1539/452 1520/1538/451 1524/1542/455 1525/1543/456
f 1526/1541/454 1527/1540/453 1531/1544/457 1530/1545/458
f 1524/1542/455 1526/1541/454 1530/1545/458 1528/1546/459
f 1525/1543/456 1524/1542/455 1528/1546/459 1529/1547/460
f 1530/1545/458 1531/1544/457 1535/1548/461 1534/1549/462
f 1528/1546/459 1530/1545/458 1534/1549/462 1532/1550/463
f 1529/1547/460 1528/1546/459 1532/1550/463 1533/1551/464
f 1534/1549/462 1535/1548/461 1539/1552/465 1538/1553/466
f 1532/1550/463 1534/1549/462 1538/1553/466 1536/1554/467
f 1533/1551/464 1532/1550/463 1536/1554/467 1537/1555/468
f 1538/1553/466 1539/1552/465 1519/1535/448 1542/1531/444
f 1536/1554/467 1538/1553/466 1542/1531/444 1540/1527/440
f 1537/1555/468 1536/1554/467 1540/1527/440 1541/1526/439
f 1515/1530/443 1518/1534/447 1546/1556/469 1545/1557/470
f 1513/1524/437 1515/1530/443 1545/1557/470 1544/1558/471
f 1512/1525/438 1513/1524/437 1544/1558/471 1543/1559/472
f 1545/1557/470 1546/1556/469 1550/1560/473 1549/1561/474
f 1544/1558/471 1545/1557/470 1549/1561/474 1548/1562/475
f 1543/1559/472 1544/1558/471 1548/1562/475 1547/1563/476
f 1549/1561/474 1550/1560/473 1554/1564/477 1553/1565/478
f 1548/1562/475 1549/1561/474 1553/1565/478 1552/1566/479
f 1547/1563/476 1548/1562/475 1552/1566/479 1551/1567/480
f 1553/1565/478 1554/1564/477 1558/1568/481 1557/1569/482
f 1552/1566/479 1553/1565/478 1557/1569/482 1556/1570/483
f 1551/1567/480 1552/1566/479 1556/1570/483 1555/1571/484
f 1557/1569/482 1558/1568/481 1562/1572/485 1561/1573/486
f 1556/1570/483 1557/1569/482 1561/1573/486 1560/1574/487
f 1555/1571/484 1556/1570/483 1560/1574/487 1559/1575/488
f 1561/1573/486 1562/1572/485 1517/1533/446 1564/1529/442
f 1560/1574/487 1561/1573/486 1564/1529/442 1563/1523/436
f 1559/1575/488 1560/1574/487 1563/1523/436 1511/1522/435
f 1565/1576/489 1566/1577/490 1595/1578/491 1594/1579/492
f 1592/1580/493 1593/1581/494 1571/1582/495 1572/1583/496
f 1573/1584/497 1637/1585/498 1574/1586/499 1652/1587/500
f 1576/1588/501 1575/1589/502 1577/1590/503 1578/1591/504
f 1580/1592/505 1579/1593/506 1693/1594/370 1582/1595/507
f 1582/1595/507 1581/1596/508 1636/1597/509 1583/1598/510
f 1572/1583/496 1565/1576/489 1594/1579/492 1592/1580/493
f 1569/1599/511 1570/1600/512 1585/1601/513 1584/1602/514
f 1584/1602/514 1585/1601/513 1587/1603/515 1586/1604/516
f 1586/1604/516 1587/1603/515 1589/1605/517 1588/1606/518
f 1588/1606/518 1589/1605/517 1591/1607/519 1590/1608/520
f 1590/1608/520 1591/1607/519 1568/1609/521 1567/1610/522
f 1570/1600/512 1568/1609/521 1591/1607/519 1585/1601/513
f 1585/1601/513 1591/1607/519 1589/1605/517 1587/1603/515
f 1595/1578/491 1599/1611/523 1598/1612/524 1594/1579/492
f 1594/1579/492 1598/1612/524 1596/1613/525 1592/1580/493
f 1592/1580/493 1596/1613/525 1597/1614/526 1593/1581/494
f 1599/1611/523 1603/1615/527 1602/1616/528 1598/1612/524
f 1598/1612/524 1602/1616/528 1600/1617/529 1596/1613/525
f 1596/1613/525 1600/1617/529 1601/1618/530 1597/1614/526
f 1603/1615/527 1607/1619/531 1606/1620/532 1602/1616/528
f 1602/1616/528 1606/1620/532 1604/1621/533 1600/1617/529
f 1600/1617/529 1604/1621/533 1605/1622/534 1601/1618/530
f 1607/1619/531 1611/1623/535 1610/1624/536 1606/1620/532
f 1606/1620/532 1610/1624/536 1608/1625/537 1604/1621/533
f 1604/1621/533 1608/1625/537 1609/1626/538 1605/1622/534
f 1611/1623/535 1615/1627/539 1614/1628/540 1610/1624/536
f 1610/1624/536 1614/1628/540 1612/1629/541 1608/1625/537
f 1608/1625/537 1612/1629/541 1613/1630/542 1609/1626/538
f 1613/1630/542 1612/1629/541 1570/1600/512 1569/1599/511
f 1612/1629/541 1614/1628/540 1568/1609/521 1570/1600/512
f 1614/1628/540 1615/1627/539 1567/1610/522 1568/1609/521
f 1565/1576/489 1572/1583/496 1619/1631/543 1616/1632/544
f 1572/1583/496 1571/1582/495 1618/1633/545 1619/1631/543
f 1566/1577/490 1565/1576/489 1616/1632/544 1617/1634/546
f 1616/1632/544 1619/1631/543 1623/1635/547 1620/1636/548
f 1619/1631/543 1618/1633/545 1622/1637/549 1623/1635/547
f 1617/1634/546 1616/1632/544 1620/1636/548 1621/1638/550
f 1620/1636/548 1623/1635/547 1627/1639/551 1624/1640/552
f 1623/1635/547 1622/1637/549 1626/1641/553 1627/1639/551
f 1621/1638/550 1620/1636/548 1624/1640/552 1625/1642/554
f 1624/1640/552 1627/1639/551 1631/1643/555 1628/1644/556
f 1627/1639/551 1626/1641/553 1630/1645/557 1631/1643/555
f 1625/1642/554 1624/1640/552 1628/1644/556 1629/1646/558
f 1628/1644/556 1631/1643/555 1635/1647/559 1632/1648/560
f 1631/1643/555 1630/1645/557 1634/1649/561 1635/1647/559
f 1629/1646/558 1628/1644/556 1632/1648/560 1633/1650/562
f 1632/1648/560 1635/1647/559 1573/1584/497 1583/1598/510
f 1635/1647/559 1634/1649/561 1637/1585/498 1573/1584/497
f 1633/1650/562 1632/1648/560 1583/1598/510 1636/1597/509
f 1579/1593/506 1580/1592/505 1639/1651/563 1638/1652/564
f 1638/1652/564 1639/1651/563 1641/1653/565 1640/1654/566
f 1640/1654/566 1641/1653/565 1643/1655/567 1642/1656/568
f 1642/1656/568 1643/1655/567 1645/1657/569 1644/1658/570
f 1644/1658/570 1645/1657/569 1578/1591/504 1577/1590/503
f 1580/1592/505 1578/1591/504 1645/1657/569 1639/1651/563
f 1639/1651/563 1645/1657/569 1643/1655/567 1641/1653/565
f 1575/1589/502 1576/1588/501 1647/1659/571 1646/1660/572
f 1646/1660/572 1647/1659/571 1649/1661/573 1648/1662/574
f 1648/1662/574 1649/1661/573 1651/1663/575 1650/1664/576
f 1650/1664/576 1651/1663/575 1652/1587/500 1574/1586/499
f 1651/1663/575 1649/1661/573 1582/1595/507 1652/1587/500
f 1582/1595/507 1649/1661/573 1647/1659/571 1576/1588/501
f 1576/1588/501 1578/1591/504 1580/1592/505 1582/1595/507
f 1583/1598/510 1573/1584/497 1652/1587/500 1582/1595/507
f 1664/1665/577 1663/1666/578 1662/1667/579 1661/1668/580
f 1665/1669/581 1666/1670/582 1663/1666/578 1664/1665/577
f 1680/1671/583 1679/1672/584 1658/1673/585 1657/1674/586
f 1653/1675/364 1654/1676/365 1694/1677/366 1656/1678/587
f 1656/1678/587 1655/1679/588 1657/1674/586 1658/1673/585
f 1661/1668/580 1662/1667/579 1659/1680/589 1660/1681/590
f 1666/1670/582 1665/1669/581 1687/1682/591 1688/1683/592
f 1668/1684/593 1667/1685/594 1678/1686/391 1677/1687/392
f 1666/1670/582 1658/1673/585 1679/1672/584 1663/1666/578
f 1660/1681/590 1659/1680/589 1679/1672/584 1680/1671/583
f 1658/1673/585 1666/1670/582 1688/1683/592 1656/1678/587
f 1654/1676/365 1653/1675/364 1669/1688/595 1670/1689/596
f 1670/1689/596 1669/1688/595 1671/1690/597 1672/1691/598
f 1672/1691/598 1671/1690/597 1673/1692/599 1674/1693/600
f 1674/1693/600 1673/1692/599 1675/1694/601 1676/1695/602
f 1676/1695/602 1675/1694/601 1677/1687/392 1678/1686/391
f 1653/1675/364 1677/1687/392 1675/1694/601 1669/1688/595
f 1669/1688/595 1675/1694/601 1673/1692/599 1671/1690/597
f 1659/1680/589 1662/1667/579 1663/1666/578 1679/1672/584
f 1667/1685/594 1668/1684/593 1682/1696/603 1681/1697/604
f 1681/1697/604 1682/1696/603 1684/1698/605 1683/1699/606
f 1683/1699/606 1684/1698/605 1686/1700/607 1685/1701/608
f 1685/1701/608 1686/1700/607 1688/1683/592 1687/1682/591
f 1656/1678/587 1688/1683/592 1686/1700/607 1684/1698/605
f 1656/1678/587 1684/1698/605 1682/1696/603 1668/1684/593
f 1656/1678/587 1668/1684/593 1677/1687/392 1653/1675/364
f 1698/1702/609 1699/1703/609 2297/1704/609
f 2297/1704/609 1700/1705/609 1884/1706/609
f 2297/1704/609 1699/1703/609 1700/1705/609
f 2297/1704/609 2080/1707/609 1698/1702/609
f 2514/1708/610 2513/1709/611 2079/1710/611 1697/1711/610
f 1697/1711/610 1695/1712/612 2515/1713/612 2514/1708/610
f 1695/1712/612 1696/1714/613 2520/1715/613 2515/1713/612
f 1880/1716/614 2519/1717/614 2520/1715/613 1696/1714/613
f 2590/1718/615 1718/1719/616 1717/1720/617 2589/1721/618
f 2589/1721/618 1717/1720/617 2553/1722/619 2586/1723/619
f 1736/1724/614 1740/1725/614 1896/1726/614 1897/1727/614
f 1738/1728/614 1737/1729/614 2591/1730/614 1758/1731/614
f 2095/1732/620 2096/1733/620 1710/1734/621 1709/1735/622
f 1709/1735/622 1710/1734/621 1711/1736/623 1708/1737/624
f 1707/1738/625 1708/1737/624 1711/1736/623 1712/1739/626
f 1706/1740/627 1707/1738/625 1712/1739/626 1713/1741/628
f 1705/1742/629 1706/1740/627 1713/1741/628 1714/1743/630
f 1705/1742/629 1714/1743/630 1715/1744/631 1704/1745/632
f 1703/1746/633 1704/1745/632 1715/1744/631 1716/1747/634
f 2087/1748/635 1703/1746/633 1716/1747/634 2104/1749/635
f 2551/1750/636 2111/1751/636 2114/1752/636 1719/1753/636
f 1729/1754/637 2125/1755/638 2084/1756/638 1720/1757/639
f 1741/1758/636 1743/1759/636 1719/1753/636 2575/1760/636
f 1717/1720/617 2115/1761/640 2112/1762/641 2553/1722/619
f 1736/1724/614 1748/1763/614 2576/1764/614 1740/1725/614
f 1730/1765/642 1729/1754/637 1720/1757/639 1723/1766/643
f 1738/1728/614 1758/1731/614 1748/1763/614 1736/1724/614
f 1731/1767/644 1730/1765/642 1723/1766/643 1724/1768/645
f 2139/1769/609 2167/1770/609 2592/1771/609 1739/1772/609
f 1732/1773/646 1731/1767/644 1724/1768/645 1725/1774/647
f 1733/1775/648 1732/1773/646 1725/1774/647 1726/1776/649
f 1734/1777/650 1733/1775/648 1726/1776/649 1727/1778/651
f 1735/1779/652 1734/1777/650 1727/1778/651 1728/1780/653
f 1722/1781/611 2554/1782/611 2552/1783/611 1721/1784/611
f 2523/1785/654 2117/1786/655 1701/1787/656
f 2565/1788/657 1735/1779/652 1728/1780/653 2124/1789/657
f 2531/1790/658 2530/1791/659 1702/1792/660
f 2560/1793/661 1977/1794/661 2573/1795/661 2542/1796/661
f 2529/1797/662 1702/1792/660 2530/1791/659
f 2528/1798/663 1702/1792/660 2529/1797/662
f 2338/1799/636 1901/1800/636 2556/1801/636 2558/1802/636
f 2528/1798/663 2527/1803/664 1702/1792/660
f 2543/1804/665 2541/1805/665 2113/1806/665 2561/1807/665
f 1701/1787/656 2525/1808/666 2524/1809/667
f 1701/1787/656 2526/1810/668 2525/1808/666
f 1701/1787/656 2524/1809/667 2523/1785/654
f 1701/1787/656 2527/1803/664 2526/1810/668
f 2560/1793/661 2557/1811/661 2563/1812/661 1977/1794/661
f 2527/1803/664 1701/1787/656 1702/1792/660
f 2540/1813/641 2539/1814/669 2564/1815/669 2133/1816/641
f 2539/1814/669 2538/1817/670 2566/1818/670 2564/1815/669
f 2538/1817/670 2537/1819/671 2567/1820/671 2566/1818/670
f 2537/1819/671 2536/1821/672 2568/1822/672 2567/1820/671
f 2536/1821/672 2535/1823/673 2569/1824/673 2568/1822/672
f 2535/1823/673 2534/1825/674 2570/1826/674 2569/1824/673
f 2534/1825/674 2533/1827/675 2571/1828/675 2570/1826/674
f 2533/1827/675 2532/1829/676 2572/1830/676 2571/1828/675
f 2115/1761/640 1717/1720/617 2555/1831/677
f 2555/1831/677 1717/1720/617 2550/1832/678
f 2550/1832/678 1717/1720/617 2549/1833/679
f 2549/1833/679 1717/1720/617 2548/1834/680
f 2548/1834/680 1717/1720/617 1718/1719/616
f 2559/1835/681 2115/1761/640 2555/1831/677
f 2547/1836/682 2548/1834/680 1718/1719/616
f 2546/1837/683 2547/1836/682 1718/1719/616
f 2544/1838/684 2546/1837/683 1718/1719/616
f 1718/1719/616 2116/1839/685 2544/1838/684
f 2116/1839/685 2545/1840/686 2544/1838/684
f 2574/1841/636 2575/1760/636 1719/1753/636 1895/1842/636
f 2531/1790/658 1702/1792/660 2562/1843/687
f 1721/1784/611 2581/1844/611 2585/1845/611 1722/1781/611
f 2599/1846/609 2598/1847/609 1900/1848/609 1739/1772/609
f 1898/1849/614 1899/1850/614 1737/1729/614 1738/1728/614
f 1736/1724/614 1897/1727/614 1898/1849/614 1738/1728/614
f 1743/1759/636 1742/1851/636 2551/1750/636 1719/1753/636
f 2595/1852/688 2594/1853/689 2116/1839/685 1718/1719/616
f 2521/1854/609 2522/1855/609 2139/1769/609
f 2521/1854/609 2139/1769/609 1739/1772/609
f 2516/1856/609 2521/1854/609 1739/1772/609
f 2517/1857/609 2516/1856/609 1739/1772/609
f 1739/1772/609 1900/1848/609 2517/1857/609
f 1900/1848/609 2518/1858/609 2517/1857/609
f 1741/1758/636 1744/1859/636 1743/1759/636
f 1744/1859/636 1745/1860/636 1743/1759/636
f 1745/1860/636 1746/1861/636 1743/1759/636
f 1746/1861/636 1742/1851/636 1743/1759/636
f 1831/1862/614 1830/1863/614 1737/1729/614
f 2590/1718/615 1838/1864/690 1718/1719/616
f 1718/1719/616 1837/1865/691 1836/1866/692
f 1831/1862/614 1737/1729/614 1832/1867/614
f 1739/1772/609 1833/1868/609 1834/1869/609
f 2599/1846/609 1739/1772/609 1835/1870/609
f 1737/1729/614 2596/1871/614 1832/1867/614
f 2577/1872/693 2583/1873/694 1751/1874/695 2578/1875/696
f 2578/1875/696 1751/1874/695 1750/1876/697 2579/1877/698
f 2579/1877/698 1750/1876/697 1749/1878/699 2580/1879/699
f 2580/1879/699 1749/1878/699 1747/1880/700 2582/1881/700
f 2595/1852/688 1718/1719/616 1836/1866/692
f 2583/1873/694 2588/1882/701 1761/1883/702 1751/1874/695
f 1751/1874/695 1761/1883/702 1760/1884/703 1750/1876/697
f 1750/1876/697 1760/1884/703 1759/1885/704 2584/1886/705
f 2584/1886/705 1759/1885/704 1757/1887/706 2587/1888/707
f 1753/1889/708 1757/1887/706 1759/1885/704 1756/1890/709
f 1756/1890/709 1759/1885/704 1760/1884/703 1755/1891/710
f 1755/1891/710 1760/1884/703 1761/1883/702 1754/1892/711
f 1754/1892/711 1761/1883/702 2588/1882/701 1752/1893/712
f 2592/1771/609 1833/1868/609 1739/1772/609
f 1718/1719/616 1838/1864/690 1837/1865/691
f 1763/1894/713 2593/1895/714 2170/1896/715 1766/1897/716
f 1766/1897/716 2170/1896/715 2169/1898/717 1765/1899/718
f 1765/1899/718 2169/1898/717 2168/1900/719 1764/1901/720
f 1764/1901/720 2168/1900/719 2166/1902/721 1762/1903/722
f 1739/1772/609 1834/1869/609 1835/1870/609
f 1830/1863/614 2591/1730/614 1737/1729/614
f 1768/1904/723 1934/1905/724 1937/1906/725 1771/1907/726
f 1771/1907/726 1937/1906/725 1936/1908/727 1770/1909/728
f 1770/1909/728 1936/1908/727 1935/1910/729 1769/1911/730
f 1769/1911/730 1935/1910/729 1933/1912/731 1767/1913/732
f 1899/1850/614 2597/1914/614 2596/1871/614 1737/1729/614
f 1772/1915/636 1774/1916/636 1775/1917/636 1773/1918/636
f 2600/1919/661 2606/1920/661 2607/1921/661 2604/1922/661
f 2605/1923/665 1779/1924/665 1777/1925/665 2603/1926/665
f 2602/1927/611 1776/1928/611 1778/1929/611 2601/1930/611
f 1784/1931/636 1789/1932/636 1787/1933/636 1780/1934/636
f 1785/1935/636 1790/1936/636 1789/1932/636 1784/1931/636
f 1786/1937/636 1791/1938/636 1790/1936/636 1785/1935/636
f 1788/1939/636 1791/1938/636 1786/1937/636 1795/1940/636
f 1798/1941/733 2622/1942/734 1794/1943/735
f 1793/1944/736 1792/1945/737 1796/1946/738 1797/1947/739
f 1792/1945/737 1788/1939/636 1795/1940/636 1796/1946/738
f 1798/1941/733 1794/1943/735 1793/1944/736 1797/1947/739
f 1826/1948/740 1825/1949/741 1828/1950/742 1829/1951/743
f 1825/1949/741 1824/1952/744 1827/1953/745 1828/1950/742
f 2624/1954/746 2623/1955/747 1814/1956/747 1815/1957/748
f 2616/1958/749 2617/1959/750 1810/1960/750 1809/1961/749
f 2614/1962/751 2615/1963/752 1808/1964/752 1806/1965/751
f 2620/1966/753 2621/1967/754 1813/1968/754 1812/1969/753
f 2629/1970/755 1826/1948/740 1829/1951/743 1782/1971/755
f 2613/1972/756 2612/1973/757 1804/1974/757 1805/1975/756
f 2618/1976/758 2619/1977/759 1811/1978/759 1807/1979/758
f 2611/1980/760 2610/1981/761 1799/1982/761 1803/1983/760
f 2625/1984/762 2624/1954/746 1815/1957/748 1816/1985/763
f 1783/1986/764 1781/1987/665 1800/1988/665 1802/1989/765
f 2623/1955/747 2613/1972/756 1805/1975/756 1814/1956/747
f 2617/1959/750 2618/1976/758 1807/1979/758 1810/1960/750
f 2615/1963/752 2616/1958/749 1809/1961/749 1808/1964/752
f 2621/1967/754 1783/1986/764 1802/1989/765 1813/1968/754
f 2619/1977/759 2620/1966/753 1812/1969/753 1811/1978/759
f 2626/1990/766 2625/1984/762 1816/1985/763 1817/1991/767
f 2612/1973/757 2611/1980/760 1803/1983/760 1804/1974/757
f 2628/1992/768 1801/1993/768 1819/1994/769 1818/1995/769
f 1818/1995/769 1819/1994/769 1821/1996/770 1820/1997/770
f 1820/1997/770 1821/1996/770 1823/1998/771 1822/1999/772
f 1822/1999/772 1823/1998/771 2229/2000/636 2228/2001/636
f 1817/1991/767 2639/2002/773 2637/2003/774
f 1817/1991/767 2637/2003/774 2635/2004/775
f 1817/1991/767 2635/2004/775 2633/2005/776
f 1817/1991/767 2633/2005/776 2632/2006/777
f 1802/1989/765 1800/1988/665 2631/2007/665
f 1802/1989/765 2631/2007/665 2634/2008/665
f 1802/1989/765 2634/2008/665 2636/2009/665
f 1802/1989/765 2636/2009/665 2638/2010/665
f 2638/2010/665 2230/2011/665 1802/1989/765
f 1817/1991/767 2231/2012/611 2639/2002/773
f 1798/1941/733 1827/1953/745 1824/1952/744 2622/1942/734
f 2641/2013/665 2642/2014/665 2640/2015/665
f 1781/1987/665 1783/1986/764 2640/2015/665 2642/2014/665
f 2628/1992/768 2629/1970/755 1782/1971/755 1801/1993/768
f 2632/2006/777 2609/2016/778 2626/1990/766 1817/1991/767
f 2608/2017/611 2630/2018/611 2626/1990/766 2609/2016/778
f 2627/2019/611 2630/2018/611 2608/2017/611
f 1753/1889/708 1756/1890/709 1841/2020/779 2650/2021/780
f 1756/1890/709 1755/1891/710 1840/2022/781 1841/2020/779
f 1755/1891/710 1754/1892/711 1839/2023/782 1840/2022/781
f 1754/1892/711 1752/1893/712 2643/2024/783 1839/2023/782
f 2644/2025/784 1851/2026/785 1839/2023/782 2643/2024/783
f 1839/2023/782 1851/2026/785 1850/2027/786 1840/2022/781
f 1840/2022/781 1850/2027/786 1849/2028/787 1841/2020/779
f 2649/2029/788 2650/2021/780 1841/2020/779 1849/2028/787
f 2645/2030/789 1877/2031/790 2644/2025/784
f 1848/2032/791 1847/2033/792 1850/2027/786 1851/2026/785
f 1847/2033/792 1846/2034/793 1849/2028/787 1850/2027/786
f 1846/2034/793 1855/2035/794 1868/2036/795 1864/2037/796
f 1844/2038/797 1854/2039/798 1855/2035/794 1845/2040/799
f 1843/2041/800 1853/2042/801 1854/2039/798 1844/2038/797
f 1842/2043/802 1852/2044/803 1853/2042/801 1843/2041/800
f 2646/2045/804 2648/2046/805 1852/2044/803 1842/2043/802
f 1846/2034/793 1847/2033/792 1845/2040/799 1855/2035/794
f 1844/2038/797 1845/2040/799 1859/2047/806 1858/2048/807
f 1843/2041/800 1844/2038/797 1858/2048/807 1857/2049/808
f 1842/2043/802 1843/2041/800 1857/2049/808 1856/2050/809
f 1848/2032/791 1859/2047/806 1845/2040/799 1847/2033/792
f 2646/2045/804 1842/2043/802 1856/2050/809 2647/2051/810
f 1765/1899/718 1764/1901/720 1860/2052/811 1861/2053/812
f 1766/1897/716 1765/1899/718 1861/2053/812 1862/2054/813
f 2651/2055/814 1863/2056/815 1762/1903/722
f 1766/1897/716 1862/2054/813 2648/2046/805 1763/1894/713
f 2648/2046/805 1862/2054/813 1865/2057/816
f 1866/2058/817 1865/2057/816 1862/2054/813 1861/2053/812
f 1867/2059/818 1866/2058/817 1861/2053/812 1860/2052/811
f 1867/2059/818 1860/2052/811 1863/2056/815 1868/2036/795
f 1764/1901/720 1762/1903/722 1863/2056/815 1860/2052/811
f 1864/2037/796 1868/2036/795 1863/2056/815 2651/2055/814
f 1854/2039/798 1867/2059/818 1868/2036/795 1855/2035/794
f 1854/2039/798 1853/2042/801 1866/2058/817 1867/2059/818
f 1853/2042/801 1852/2044/803 1865/2057/816 1866/2058/817
f 1846/2034/793 1864/2037/796 2649/2029/788 1849/2028/787
f 2649/2029/788 1864/2037/796 2651/2055/814
f 1873/2060/819 1874/2061/820 1858/2048/807 1859/2047/806
f 1874/2061/820 1875/2062/821 1857/2049/808 1858/2048/807
f 1875/2062/821 1876/2063/822 1856/2050/809 1857/2049/808
f 1770/1909/728 1769/1911/730 1872/2064/823 1871/2065/824
f 1771/1907/726 1770/1909/728 1871/2065/824 1870/2066/825
f 1768/1904/723 1771/1907/726 1870/2066/825 1869/2067/826
f 1769/1911/730 1767/1913/732 2647/2051/810 1872/2064/823
f 2645/2030/789 1768/1904/723 1869/2067/826
f 1852/2044/803 2648/2046/805 1865/2057/816
f 1871/2065/824 1872/2064/823 1876/2063/822 1875/2062/821
f 1870/2066/825 1871/2065/824 1875/2062/821 1874/2061/820
f 1869/2067/826 1870/2066/825 1874/2061/820 1873/2060/819
f 1848/2032/791 1851/2026/785 2644/2025/784 1877/2031/790
f 2645/2030/789 1869/2067/826 1873/2060/819 1877/2031/790
f 1848/2032/791 1877/2031/790 1873/2060/819 1859/2047/806
f 1872/2064/823 2647/2051/810 1876/2063/822
f 1856/2050/809 1876/2063/822 2647/2051/810
f 1882/2068/609 2297/1704/609 1883/2069/609
f 2297/1704/609 1884/1706/609 1885/2070/609
f 2297/1704/609 1885/2070/609 1883/2069/609
f 2297/1704/609 1882/2068/609 2291/2071/609
f 2653/2072/827 1881/2073/827 2290/2074/665 2652/2075/665
f 2654/2076/828 1878/2077/828 1881/2073/827 2653/2072/827
f 2657/2078/829 1879/2079/829 1878/2077/828 2654/2076/828
f 1880/1716/614 1879/2079/829 2657/2078/829 2519/1717/614
f 2724/2080/830 2723/2081/831 1909/2082/832 1910/2083/833
f 2723/2081/831 2720/2084/834 2690/2085/834 1909/2082/832
f 1928/2086/614 1897/1727/614 1896/1726/614 1932/2087/614
f 1930/2088/614 1955/2089/614 2725/2090/614 1929/2091/614
f 2308/2092/835 1894/2093/836 1902/2094/837 2316/2095/835
f 1894/2093/836 1893/2096/838 1903/2097/839 1902/2094/837
f 1892/2098/840 1904/2099/841 1903/2097/839 1893/2096/838
f 1891/2100/842 1905/2101/843 1904/2099/841 1892/2098/840
f 1890/2102/844 1906/2103/845 1905/2101/843 1891/2100/842
f 1890/2102/844 1889/2104/846 1907/2105/847 1906/2103/845
f 1888/2106/848 1908/2107/849 1907/2105/847 1889/2104/846
f 2300/2108/850 2324/2109/850 1908/2107/849 1888/2106/848
f 2688/2110/636 1911/2111/636 2334/2112/636 2331/2113/636
f 1921/2114/851 1912/2115/852 2296/2116/853 2346/2117/853
f 1938/2118/636 2709/2119/636 1911/2111/636 1940/2120/636
f 1909/2082/832 2690/2085/834 2332/2121/854 2335/2122/855
f 1928/2086/614 1932/2087/614 2710/2123/614 1945/2124/614
f 1922/2125/856 1915/2126/857 1912/2115/852 1921/2114/851
f 1930/2088/614 1928/2086/614 1945/2124/614 1955/2089/614
f 1923/2127/858 1916/2128/859 1915/2126/857 1922/2125/856
f 2360/2129/609 1931/2130/609 2726/2131/609 2393/2132/609
f 1924/2133/860 1917/2134/861 1916/2128/859 1923/2127/858
f 1925/2135/862 1918/2136/863 1917/2134/861 1924/2133/860
f 1926/2137/864 1919/2138/865 1918/2136/863 1925/2135/862
f 1927/2139/866 1920/2140/867 1919/2138/865 1926/2137/864
f 1914/2141/665 1913/2142/665 2689/2143/665 2691/2144/665
f 2660/2145/868 1886/2146/869 2337/2147/870
f 2701/2148/871 2345/2149/871 1920/2140/867 1927/2139/866
f 2668/2150/872 1887/2151/873 2667/2152/874
f 2697/2153/661 2679/2154/661 2573/1795/661 1977/1794/661
f 2666/2155/875 2667/2152/874 1887/2151/873
f 2665/2156/876 2666/2155/875 1887/2151/873
f 2338/1799/636 2695/2157/636 2693/2158/636 1901/1800/636
f 2665/2156/876 1887/2151/873 2664/2159/877
f 2680/2160/611 2698/2161/611 2333/2162/611 2678/2163/611
f 1886/2146/869 2661/2164/878 2662/2165/879
f 1886/2146/869 2662/2165/879 2663/2166/880
f 1886/2146/869 2660/2145/868 2661/2164/878
f 1886/2146/869 2663/2166/880 2664/2159/877
f 2697/2153/661 1977/1794/661 2563/1812/661 2694/2167/661
f 2664/2159/877 1887/2151/873 1886/2146/869
f 2677/2168/854 2354/2169/854 2700/2170/881 2676/2171/881
f 2676/2171/881 2700/2170/881 2702/2172/882 2675/2173/882
f 2675/2173/882 2702/2172/882 2703/2174/883 2674/2175/883
f 2674/2175/883 2703/2174/883 2704/2176/884 2673/2177/884
f 2673/2177/884 2704/2176/884 2705/2178/885 2672/2179/885
f 2672/2179/885 2705/2178/885 2706/2180/886 2671/2181/886
f 2671/2181/886 2706/2180/886 2707/2182/887 2670/2183/887
f 2670/2183/887 2707/2182/887 2708/2184/888 2669/2185/888
f 2335/2122/855 2692/2186/889 1909/2082/832
f 2692/2186/889 2687/2187/890 1909/2082/832
f 2687/2187/890 2686/2188/891 1909/2082/832
f 2686/2188/891 2685/2189/892 1909/2082/832
f 2685/2189/892 1910/2083/833 1909/2082/832
f 2696/2190/893 2692/2186/889 2335/2122/855
f 2684/2191/894 1910/2083/833 2685/2189/892
f 2683/2192/895 1910/2083/833 2684/2191/894
f 2681/2193/896 1910/2083/833 2683/2192/895
f 1910/2083/833 2681/2193/896 2336/2194/897
f 2336/2194/897 2681/2193/896 2682/2195/898
f 2574/1841/636 1895/1842/636 1911/2111/636 2709/2119/636
f 2668/2150/872 2699/2196/899 1887/2151/873
f 1913/2142/665 1914/2141/665 2719/2197/665 2715/2198/665
f 2731/2199/609 1931/2130/609 1900/1848/609 2598/1847/609
f 1898/1849/614 1930/2088/614 1929/2091/614 1899/1850/614
f 1928/2086/614 1930/2088/614 1898/1849/614 1897/1727/614
f 1940/2120/636 1911/2111/636 2688/2110/636 1939/2200/636
f 2729/2201/900 1910/2083/833 2336/2194/897 2728/2202/901
f 2658/2203/609 2360/2129/609 2659/2204/609
f 2658/2203/609 1931/2130/609 2360/2129/609
f 2655/2205/609 1931/2130/609 2658/2203/609
f 2656/2206/609 1931/2130/609 2655/2205/609
f 1931/2130/609 2656/2206/609 1900/1848/609
f 1900/1848/609 2656/2206/609 2518/1858/609
f 1938/2118/636 1940/2120/636 1941/2207/636
f 1941/2207/636 1940/2120/636 1942/2208/636
f 1942/2208/636 1940/2120/636 1943/2209/636
f 1943/2209/636 1940/2120/636 1939/2200/636
f 2029/2210/614 1929/2091/614 2028/2211/614
f 2724/2080/830 1910/2083/833 2036/2212/902
f 1910/2083/833 2034/2213/903 2035/2214/904
f 2029/2210/614 2030/2215/614 1929/2091/614
f 1931/2130/609 2032/2216/609 2031/2217/609
f 2731/2199/609 2033/2218/609 1931/2130/609
f 1929/2091/614 2030/2215/614 2730/2219/614
f 2711/2220/905 2712/2221/906 1948/2222/907 2717/2223/908
f 2712/2221/906 2713/2224/909 1947/2225/910 1948/2222/907
f 2713/2224/909 2714/2226/911 1946/2227/911 1947/2225/910
f 2714/2226/911 2716/2228/912 1944/2229/912 1946/2227/911
f 2729/2201/900 2034/2213/903 1910/2083/833
f 2717/2223/908 1948/2222/907 1958/2230/913 2722/2231/914
f 1948/2222/907 1947/2225/910 1957/2232/915 1958/2230/913
f 1947/2225/910 2718/2233/916 1956/2234/917 1957/2232/915
f 2718/2233/916 2721/2235/918 1954/2236/919 1956/2234/917
f 1950/2237/920 1953/2238/921 1956/2234/917 1954/2236/919
f 1953/2238/921 1952/2239/922 1957/2232/915 1956/2234/917
f 1952/2239/922 1951/2240/923 1958/2230/913 1957/2232/915
f 1951/2240/923 1949/2241/924 2722/2231/914 1958/2230/913
f 2726/2131/609 1931/2130/609 2031/2217/609
f 1910/2083/833 2035/2214/904 2036/2212/902
f 1960/2242/925 1963/2243/926 2396/2244/927 2727/2245/928
f 1963/2243/926 1962/2246/929 2395/2247/930 2396/2244/927
f 1962/2246/929 1961/2248/931 2394/2249/932 2395/2247/930
f 1961/2248/931 1959/2250/933 2392/2251/934 2394/2249/932
f 1931/2130/609 2033/2218/609 2032/2216/609
f 2028/2211/614 1929/2091/614 2725/2090/614
f 1965/2252/935 1968/2253/936 1937/1906/725 1934/1905/724
f 1968/2253/936 1967/2254/937 1936/1908/727 1937/1906/725
f 1967/2254/937 1966/2255/938 1935/1910/729 1936/1908/727
f 1966/2255/938 1964/2256/939 1933/1912/731 1935/1910/729
f 1899/1850/614 1929/2091/614 2730/2219/614 2597/1914/614
f 1969/2257/636 1970/2258/636 1972/2259/636 1971/2260/636
f 2732/2261/661 2736/2262/661 2739/2263/661 2738/2264/661
f 2737/2265/611 2735/2266/611 1974/2267/611 1976/2268/611
f 2734/2269/665 2733/2270/665 1975/2271/665 1973/2272/665
f 1982/2273/636 1978/2274/636 1985/2275/636 1987/2276/636
f 1983/2277/636 1982/2273/636 1987/2276/636 1988/2278/636
f 1984/2279/636 1983/2277/636 1988/2278/636 1989/2280/636
f 1986/2281/636 1993/2282/636 1984/2279/636 1989/2280/636
f 1996/2283/940 1992/2284/941 2754/2285/942
f 1991/2286/943 1995/2287/944 1994/2288/945 1990/2289/946
f 1990/2289/946 1994/2288/945 1993/2282/636 1986/2281/636
f 1996/2283/940 1995/2287/944 1991/2286/943 1992/2284/941
f 2024/2290/947 2027/2291/948 2026/2292/949 2023/2293/950
f 2023/2293/950 2026/2292/949 2025/2294/951 2022/2295/952
f 2756/2296/953 2013/2297/954 2012/2298/955 2755/2299/955
f 2748/2300/956 2007/2301/956 2008/2302/957 2749/2303/957
f 2746/2304/958 2004/2305/958 2006/2306/959 2747/2307/959
f 2752/2308/960 2010/2309/960 2011/2310/961 2753/2311/961
f 2761/2312/962 1980/2313/962 2027/2291/948 2024/2290/947
f 2745/2314/963 2003/2315/963 2002/2316/964 2744/2317/964
f 2750/2318/965 2005/2319/965 2009/2320/966 2751/2321/966
f 2743/2322/967 2001/2323/967 1997/2324/968 2742/2325/968
f 2757/2326/969 2014/2327/970 2013/2297/954 2756/2296/953
f 1981/2328/971 2000/2329/972 1998/2330/611 1979/2331/611
f 2755/2299/955 2012/2298/955 2003/2315/963 2745/2314/963
f 2749/2303/957 2008/2302/957 2005/2319/965 2750/2318/965
f 2747/2307/959 2006/2306/959 2007/2301/956 2748/2300/956
f 2753/2311/961 2011/2310/961 2000/2329/972 1981/2328/971
f 2751/2321/966 2009/2320/966 2010/2309/960 2752/2308/960
f 2758/2332/973 2015/2333/974 2014/2327/970 2757/2326/969
f 2744/2317/964 2002/2316/964 2001/2323/967 2743/2322/967
f 2760/2334/768 2016/2335/769 2017/2336/769 1999/2337/768
f 2016/2335/769 2018/2338/770 2019/2339/770 2017/2336/769
f 2018/2338/770 2020/2340/771 2021/2341/771 2019/2339/770
f 2020/2340/771 2455/2342/636 2456/2343/636 2021/2341/771
f 2015/2333/974 2769/2344/975 2771/2345/976
f 2015/2333/974 2767/2346/977 2769/2344/975
f 2015/2333/974 2765/2347/978 2767/2346/977
f 2015/2333/974 2764/2348/979 2765/2347/978
f 2000/2329/972 2763/2349/611 1998/2330/611
f 2000/2329/972 2766/2350/611 2763/2349/611
f 2000/2329/972 2768/2351/611 2766/2350/611
f 2000/2329/972 2770/2352/611 2768/2351/611
f 2770/2352/611 2000/2329/972 2457/2353/611
f 2015/2333/974 2771/2345/976 2458/2354/665
f 1996/2283/940 2754/2285/942 2022/2295/952 2025/2294/951
f 2773/2355/611 2772/2356/611 2774/2357/611
f 1979/2331/611 2774/2357/611 2772/2356/611 1981/2328/971
f 2760/2334/768 1999/2337/768 1980/2313/962 2761/2312/962
f 2764/2348/979 2015/2333/974 2758/2332/973 2741/2358/980
f 2740/2359/665 2741/2358/980 2758/2332/973 2762/2360/665
f 2759/2361/665 2740/2359/665 2762/2360/665
f 1950/2237/920 2782/2362/981 2039/2363/982 1953/2238/921
f 1953/2238/921 2039/2363/982 2038/2364/983 1952/2239/922
f 1952/2239/922 2038/2364/983 2037/2365/984 1951/2240/923
f 1951/2240/923 2037/2365/984 2775/2366/985 1949/2241/924
f 2776/2367/986 2775/2366/985 2037/2365/984 2049/2368/987
f 2037/2365/984 2038/2364/983 2048/2369/988 2049/2368/987
f 2038/2364/983 2039/2363/982 2047/2370/989 2048/2369/988
f 2781/2371/990 2047/2370/989 2039/2363/982 2782/2362/981
f 2777/2372/991 2776/2367/986 2075/2373/992
f 2046/2374/993 2049/2368/987 2048/2369/988 2045/2375/994
f 2045/2375/994 2048/2369/988 2047/2370/989 2044/2376/995
f 2044/2376/995 2062/2377/996 2066/2378/997 2053/2379/998
f 2042/2380/999 2043/2381/1000 2053/2379/998 2052/2382/1001
f 2041/2383/1002 2042/2380/999 2052/2382/1001 2051/2384/1003
f 2040/2385/1004 2041/2383/1002 2051/2384/1003 2050/2386/1005
f 2778/2387/1006 2040/2385/1004 2050/2386/1005 2780/2388/1007
f 2044/2376/995 2053/2379/998 2043/2381/1000 2045/2375/994
f 2042/2380/999 2056/2389/1008 2057/2390/1009 2043/2381/1000
f 2041/2383/1002 2055/2391/1010 2056/2389/1008 2042/2380/999
f 2040/2385/1004 2054/2392/1011 2055/2391/1010 2041/2383/1002
f 2046/2374/993 2045/2375/994 2043/2381/1000 2057/2390/1009
f 2778/2387/1006 2779/2393/1012 2054/2392/1011 2040/2385/1004
f 1962/2246/929 2059/2394/1013 2058/2395/1014 1961/2248/931
f 1963/2243/926 2060/2396/1015 2059/2394/1013 1962/2246/929
f 2783/2397/1016 1959/2250/933 2061/2398/1017
f 1963/2243/926 1960/2242/925 2780/2388/1007 2060/2396/1015
f 2780/2388/1007 2063/2399/1018 2060/2396/1015
f 2064/2400/1019 2059/2394/1013 2060/2396/1015 2063/2399/1018
f 2065/2401/1020 2058/2395/1014 2059/2394/1013 2064/2400/1019
f 2065/2401/1020 2066/2378/997 2061/2398/1017 2058/2395/1014
f 1961/2248/931 2058/2395/1014 2061/2398/1017 1959/2250/933
f 2062/2377/996 2783/2397/1016 2061/2398/1017 2066/2378/997
f 2052/2382/1001 2053/2379/998 2066/2378/997 2065/2401/1020
f 2052/2382/1001 2065/2401/1020 2064/2400/1019 2051/2384/1003
f 2051/2384/1003 2064/2400/1019 2063/2399/1018 2050/2386/1005
f 2044/2376/995 2047/2370/989 2781/2371/990 2062/2377/996
f 2781/2371/990 2783/2397/1016 2062/2377/996
f 2071/2402/1021 2057/2390/1009 2056/2389/1008 2072/2403/1022
f 2072/2403/1022 2056/2389/1008 2055/2391/1010 2073/2404/1023
f 2073/2404/1023 2055/2391/1010 2054/2392/1011 2074/2405/1024
f 1967/2254/937 2069/2406/1025 2070/2407/1026 1966/2255/938
f 1968/2253/936 2068/2408/1027 2069/2406/1025 1967/2254/937
f 1965/2252/935 2067/2409/1028 2068/2408/1027 1968/2253/936
f 1966/2255/938 2070/2407/1026 2779/2393/1012 1964/2256/939
f 2777/2372/991 2067/2409/1028 1965/2252/935
f 2050/2386/1005 2063/2399/1018 2780/2388/1007
f 2069/2406/1025 2073/2404/1023 2074/2405/1024 2070/2407/1026
f 2068/2408/1027 2072/2403/1022 2073/2404/1023 2069/2406/1025
f 2067/2409/1028 2071/2402/1021 2072/2403/1022 2068/2408/1027
f 2046/2374/993 2075/2373/992 2776/2367/986 2049/2368/987
f 2777/2372/991 2075/2373/992 2071/2402/1021 2067/2409/1028
f 2046/2374/993 2057/2390/1009 2071/2402/1021 2075/2373/992
f 2070/2407/1026 2074/2405/1024 2779/2393/1012
f 2054/2392/1011 2779/2393/1012 2074/2405/1024
f 2081/2410/609 2297/1704/609 2082/2411/609
f 2297/1704/609 2294/2412/609 2083/2413/609
f 2297/1704/609 2083/2413/609 2082/2411/609
f 2297/1704/609 2081/2410/609 2080/1707/609
f 2784/2414/1029 2078/2415/1029 2079/1710/611 2513/1709/611
f 2785/2416/1030 2076/2417/1030 2078/2415/1029 2784/2414/1029
f 2790/2418/1031 2077/2419/1031 2076/2417/1030 2785/2416/1030
f 2288/2420/661 2077/2419/1031 2790/2418/1031 2789/2421/661
f 2846/2422/1032 2845/2423/1033 2105/2424/1034 2106/2425/1035
f 2845/2423/1033 2842/2426/1036 2815/2427/1036 2105/2424/1034
f 2134/2428/661 2311/2429/661 2310/2430/661 2138/2431/661
f 2136/2432/661 2157/2433/661 2847/2434/661 2135/2435/661
f 2095/1732/620 2094/2436/1037 2097/2437/1038 2096/1733/620
f 2094/2436/1037 2093/2438/1039 2098/2439/1040 2097/2437/1038
f 2092/2440/1041 2099/2441/1042 2098/2439/1040 2093/2438/1039
f 2091/2442/1043 2100/2443/1044 2099/2441/1042 2092/2440/1041
f 2090/2444/1045 2101/2445/1046 2100/2443/1044 2091/2442/1043
f 2090/2444/1045 2089/2446/1047 2102/2447/1048 2101/2445/1046
f 2088/2448/1049 2103/2449/1050 2102/2447/1048 2089/2446/1047
f 2087/1748/635 2104/1749/635 2103/2449/1050 2088/2448/1049
f 2814/2450/636 2107/2451/636 2114/1752/636 2111/1751/636
f 2126/2452/1051 2108/2453/1052 2084/1756/638 2125/1755/638
f 2140/2454/636 2831/2455/636 2107/2451/636 2142/2456/636
f 2105/2424/1034 2815/2427/1036 2112/1762/641 2115/1761/640
f 2134/2428/661 2138/2431/661 2832/2457/661 2147/2458/661
f 2127/2459/1053 2118/2460/1054 2108/2453/1052 2126/2452/1051
f 2136/2432/661 2134/2428/661 2147/2458/661 2157/2433/661
f 2128/2461/1055 2119/2462/1056 2118/2460/1054 2127/2459/1053
f 2139/1769/609 2137/2463/609 2848/2464/609 2167/1770/609
f 2129/2465/1057 2120/2466/1058 2119/2462/1056 2128/2461/1055
f 2130/2467/1059 2121/2468/1060 2120/2466/1058 2129/2465/1057
f 2131/2469/1061 2122/2470/1062 2121/2468/1060 2130/2467/1059
f 2132/2471/1063 2123/2472/1064 2122/2470/1062 2131/2469/1061
f 2110/2473/611 2109/2474/611 2552/1783/611 2554/1782/611
f 2523/1785/654 2085/2475/1065 2117/1786/655
f 2565/1788/657 2124/1789/657 2123/2472/1064 2132/2471/1063
f 2531/1790/658 2086/2476/1066 2798/2477/1067
f 2819/2478/614 2806/2479/614 2829/2480/614 2410/2481/614
f 2797/2482/1068 2798/2477/1067 2086/2476/1066
f 2796/2483/1069 2797/2482/1068 2086/2476/1066
f 2338/1799/636 2558/1802/636 2817/2484/636 2315/2485/636
f 2796/2483/1069 2086/2476/1066 2795/2486/1070
f 2807/2487/665 2820/2488/665 2113/1806/665 2541/1805/665
f 2085/2475/1065 2792/2489/1071 2793/2490/1072
f 2085/2475/1065 2793/2490/1072 2794/2491/1073
f 2085/2475/1065 2523/1785/654 2792/2489/1071
f 2085/2475/1065 2794/2491/1073 2795/2486/1070
f 2819/2478/614 2410/2481/614 2821/2492/614 2818/2493/614
f 2795/2486/1070 2086/2476/1066 2085/2475/1065
f 2540/1813/641 2133/1816/641 2822/2494/1074 2805/2495/1074
f 2805/2495/1074 2822/2494/1074 2823/2496/1075 2804/2497/1075
f 2804/2497/1075 2823/2496/1075 2824/2498/1076 2803/2499/1076
f 2803/2499/1076 2824/2498/1076 2825/2500/1077 2802/2501/1077
f 2802/2501/1077 2825/2500/1077 2826/2502/1078 2801/2503/1078
f 2801/2503/1078 2826/2502/1078 2827/2504/1079 2800/2505/1079
f 2800/2505/1079 2827/2504/1079 2828/2506/1080 2799/2507/1080
f 2799/2507/1080 2828/2506/1080 2572/1830/676 2532/1829/676
f 2115/1761/640 2816/2508/1081 2105/2424/1034
f 2816/2508/1081 2813/2509/1082 2105/2424/1034
f 2813/2509/1082 2812/2510/1083 2105/2424/1034
f 2812/2510/1083 2811/2511/1084 2105/2424/1034
f 2811/2511/1084 2106/2425/1035 2105/2424/1034
f 2559/1835/681 2816/2508/1081 2115/1761/640
f 2810/2512/1085 2106/2425/1035 2811/2511/1084
f 2809/2513/1086 2106/2425/1035 2810/2512/1085
f 2808/2514/1087 2106/2425/1035 2809/2513/1086
f 2106/2425/1035 2808/2514/1087 2116/1839/685
f 2116/1839/685 2808/2514/1087 2545/1840/686
f 2830/2515/636 2309/2516/636 2107/2451/636 2831/2455/636
f 2531/1790/658 2562/1843/687 2086/2476/1066
f 2109/2474/611 2110/2473/611 2841/2517/611 2837/2518/611
f 2853/2519/609 2137/2463/609 2314/2520/609 2852/2521/609
f 2312/2522/661 2136/2432/661 2135/2435/661 2313/2523/661
f 2134/2428/661 2136/2432/661 2312/2522/661 2311/2429/661
f 2142/2456/636 2107/2451/636 2814/2450/636 2141/2524/636
f 2849/2525/1088 2106/2425/1035 2116/1839/685 2594/1853/689
f 2791/2526/609 2139/1769/609 2522/1855/609
f 2791/2526/609 2137/2463/609 2139/1769/609
f 2786/2527/609 2137/2463/609 2791/2526/609
f 2787/2528/609 2137/2463/609 2786/2527/609
f 2137/2463/609 2787/2528/609 2314/2520/609
f 2314/2520/609 2787/2528/609 2788/2529/609
f 2140/2454/636 2142/2456/636 2143/2530/636
f 2143/2530/636 2142/2456/636 2144/2531/636
f 2144/2531/636 2142/2456/636 2145/2532/636
f 2145/2532/636 2142/2456/636 2141/2524/636
f 2239/2533/661 2135/2435/661 2238/2534/661
f 2846/2422/1032 2106/2425/1035 2246/2535/1089
f 2106/2425/1035 2244/2536/1090 2245/2537/1091
f 2239/2533/661 2240/2538/661 2135/2435/661
f 2137/2463/609 2242/2539/609 2241/2540/609
f 2853/2519/609 2243/2541/609 2137/2463/609
f 2135/2435/661 2240/2538/661 2850/2542/661
f 2833/2543/1092 2834/2544/1093 2150/2545/1094 2839/2546/1095
f 2834/2544/1093 2835/2547/1096 2149/2548/1097 2150/2545/1094
f 2835/2547/1096 2836/2549/1098 2148/2550/1098 2149/2548/1097
f 2836/2549/1098 2838/2551/1099 2146/2552/1099 2148/2550/1098
f 2849/2525/1088 2244/2536/1090 2106/2425/1035
f 2839/2546/1095 2150/2545/1094 2160/2553/1100 2844/2554/1101
f 2150/2545/1094 2149/2548/1097 2159/2555/1102 2160/2553/1100
f 2149/2548/1097 2840/2556/1103 2158/2557/1104 2159/2555/1102
f 2840/2556/1103 2843/2558/1105 2156/2559/1106 2158/2557/1104
f 2152/2560/1107 2155/2561/1108 2158/2557/1104 2156/2559/1106
f 2155/2561/1108 2154/2562/1109 2159/2555/1102 2158/2557/1104
f 2154/2562/1109 2153/2563/1110 2160/2553/1100 2159/2555/1102
f 2153/2563/1110 2151/2564/1111 2844/2554/1101 2160/2553/1100
f 2848/2464/609 2137/2463/609 2241/2540/609
f 2106/2425/1035 2245/2537/1091 2246/2535/1089
f 2162/2565/1112 2165/2566/1113 2170/1896/715 2593/1895/714
f 2165/2566/1113 2164/2567/1114 2169/1898/717 2170/1896/715
f 2164/2567/1114 2163/2568/1115 2168/1900/719 2169/1898/717
f 2163/2568/1115 2161/2569/1116 2166/1902/721 2168/1900/719
f 2137/2463/609 2243/2541/609 2242/2539/609
f 2238/2534/661 2135/2435/661 2847/2434/661
f 2172/2570/1117 2175/2571/1118 2365/2572/1119 2362/2573/1120
f 2175/2571/1118 2174/2574/1121 2364/2575/1122 2365/2572/1119
f 2174/2574/1121 2173/2576/1123 2363/2577/1124 2364/2575/1122
f 2173/2576/1123 2171/2578/1125 2361/2579/1126 2363/2577/1124
f 2313/2523/661 2135/2435/661 2850/2542/661 2851/2580/661
f 2176/2581/636 2177/2582/636 2179/2583/636 2178/2584/636
f 2854/2585/614 2858/2586/614 2861/2587/614 2860/2588/614
f 2859/2589/665 2857/2590/665 2181/2591/665 2183/2592/665
f 2856/2593/611 2855/2594/611 2182/2595/611 2180/2596/611
f 2188/2597/636 2184/2598/636 2191/2599/636 2193/2600/636
f 2189/2601/636 2188/2597/636 2193/2600/636 2194/2602/636
f 2190/2603/636 2189/2601/636 2194/2602/636 2195/2604/636
f 2192/2605/636 2199/2606/636 2190/2603/636 2195/2604/636
f 2202/2607/1127 2198/2608/1128 2876/2609/1129
f 2197/2610/1130 2201/2611/1131 2200/2612/1132 2196/2613/1133
f 2196/2613/1133 2200/2612/1132 2199/2606/636 2192/2605/636
f 2202/2607/1127 2201/2611/1131 2197/2610/1130 2198/2608/1128
f 2234/2614/1134 2237/2615/1135 2236/2616/1136 2233/2617/1137
f 2233/2617/1137 2236/2616/1136 2235/2618/1138 2232/2619/1139
f 2878/2620/1140 2219/2621/1141 2218/2622/1142 2877/2623/1142
f 2870/2624/1143 2213/2625/1143 2214/2626/1144 2871/2627/1144
f 2868/2628/1145 2210/2629/1145 2212/2630/1146 2869/2631/1146
f 2874/2632/1147 2216/2633/1147 2217/2634/1148 2875/2635/1148
f 2883/2636/1149 2186/2637/1149 2237/2615/1135 2234/2614/1134
f 2867/2638/1150 2209/2639/1150 2208/2640/1151 2866/2641/1151
f 2872/2642/1152 2211/2643/1152 2215/2644/1153 2873/2645/1153
f 2865/2646/1154 2207/2647/1154 2203/2648/1155 2864/2649/1155
f 2879/2650/1156 2220/2651/1157 2219/2621/1141 2878/2620/1140
f 2187/2652/1158 2206/2653/1159 2204/2654/665 2185/2655/665
f 2877/2623/1142 2218/2622/1142 2209/2639/1150 2867/2638/1150
f 2871/2627/1144 2214/2626/1144 2211/2643/1152 2872/2642/1152
f 2869/2631/1146 2212/2630/1146 2213/2625/1143 2870/2624/1143
f 2875/2635/1148 2217/2634/1148 2206/2653/1159 2187/2652/1158
f 2873/2645/1153 2215/2644/1153 2216/2633/1147 2874/2632/1147
f 2880/2656/1160 2221/2657/1161 2220/2651/1157 2879/2650/1156
f 2866/2641/1151 2208/2640/1151 2207/2647/1154 2865/2646/1154
f 2882/2658/1162 2222/2659/1163 2223/2660/1163 2205/2661/1162
f 2222/2659/1163 2224/2662/1164 2225/2663/1164 2223/2660/1163
f 2224/2662/1164 2226/2664/1165 2227/2665/1165 2225/2663/1164
f 2226/2664/1165 2228/2001/636 2229/2000/636 2227/2665/1165
f 2221/2657/1161 2891/2666/1166 2639/2002/773
f 2221/2657/1161 2889/2667/1167 2891/2666/1166
f 2221/2657/1161 2887/2668/1168 2889/2667/1167
f 2221/2657/1161 2886/2669/1169 2887/2668/1168
f 2206/2653/1159 2885/2670/665 2204/2654/665
f 2206/2653/1159 2888/2671/665 2885/2670/665
f 2206/2653/1159 2890/2672/665 2888/2671/665
f 2206/2653/1159 2638/2010/665 2890/2672/665
f 2638/2010/665 2206/2653/1159 2230/2011/665
f 2221/2657/1161 2639/2002/773 2231/2012/611
f 2202/2607/1127 2876/2609/1129 2232/2619/1139 2235/2618/1138
f 2893/2673/665 2892/2674/665 2894/2675/665
f 2185/2655/665 2894/2675/665 2892/2674/665 2187/2652/1158
f 2882/2658/1162 2205/2661/1162 2186/2637/1149 2883/2636/1149
f 2886/2669/1169 2221/2657/1161 2880/2656/1160 2863/2676/1170
f 2862/2677/611 2863/2676/1170 2880/2656/1160 2884/2678/611
f 2881/2679/611 2862/2677/611 2884/2678/611
f 2152/2560/1107 2902/2680/1171 2249/2681/1172 2155/2561/1108
f 2155/2561/1108 2249/2681/1172 2248/2682/1173 2154/2562/1109
f 2154/2562/1109 2248/2682/1173 2247/2683/1174 2153/2563/1110
f 2153/2563/1110 2247/2683/1174 2895/2684/1175 2151/2564/1111
f 2896/2685/1176 2895/2684/1175 2247/2683/1174 2259/2686/1177
f 2247/2683/1174 2248/2682/1173 2258/2687/1178 2259/2686/1177
f 2248/2682/1173 2249/2681/1172 2257/2688/1179 2258/2687/1178
f 2901/2689/1180 2257/2688/1179 2249/2681/1172 2902/2680/1171
f 2897/2690/1181 2896/2685/1176 2285/2691/1182
f 2256/2692/1183 2259/2686/1177 2258/2687/1178 2255/2693/1184
f 2255/2693/1184 2258/2687/1178 2257/2688/1179 2254/2694/1185
f 2254/2694/1185 2272/2695/1186 2276/2696/1187 2263/2697/1188
f 2252/2698/1189 2253/2699/1190 2263/2697/1188 2262/2700/1191
f 2251/2701/1192 2252/2698/1189 2262/2700/1191 2261/2702/1193
f 2250/2703/1194 2251/2701/1192 2261/2702/1193 2260/2704/1195
f 2898/2705/1196 2250/2703/1194 2260/2704/1195 2900/2706/1197
f 2254/2694/1185 2263/2697/1188 2253/2699/1190 2255/2693/1184
f 2252/2698/1189 2266/2707/1198 2267/2708/1199 2253/2699/1190
f 2251/2701/1192 2265/2709/1200 2266/2707/1198 2252/2698/1189
f 2250/2703/1194 2264/2710/1201 2265/2709/1200 2251/2701/1192
f 2256/2692/1183 2255/2693/1184 2253/2699/1190 2267/2708/1199
f 2898/2705/1196 2899/2711/1202 2264/2710/1201 2250/2703/1194
f 2164/2567/1114 2269/2712/1203 2268/2713/1204 2163/2568/1115
f 2165/2566/1113 2270/2714/1205 2269/2712/1203 2164/2567/1114
f 2903/2715/1206 2161/2569/1116 2271/2716/1207
f 2165/2566/1113 2162/2565/1112 2900/2706/1197 2270/2714/1205
f 2900/2706/1197 2273/2717/1208 2270/2714/1205
f 2274/2718/1209 2269/2712/1203 2270/2714/1205 2273/2717/1208
f 2275/2719/1210 2268/2713/1204 2269/2712/1203 2274/2718/1209
f 2275/2719/1210 2276/2696/1187 2271/2716/1207 2268/2713/1204
f 2163/2568/1115 2268/2713/1204 2271/2716/1207 2161/2569/1116
f 2272/2695/1186 2903/2715/1206 2271/2716/1207 2276/2696/1187
f 2262/2700/1191 2263/2697/1188 2276/2696/1187 2275/2719/1210
f 2262/2700/1191 2275/2719/1210 2274/2718/1209 2261/2702/1193
f 2261/2702/1193 2274/2718/1209 2273/2717/1208 2260/2704/1195
f 2254/2694/1185 2257/2688/1179 2901/2689/1180 2272/2695/1186
f 2901/2689/1180 2903/2715/1206 2272/2695/1186
f 2281/2720/1211 2267/2708/1199 2266/2707/1198 2282/2721/1212
f 2282/2721/1212 2266/2707/1198 2265/2709/1200 2283/2722/1213
f 2283/2722/1213 2265/2709/1200 2264/2710/1201 2284/2723/1214
f 2174/2574/1121 2279/2724/1215 2280/2725/1216 2173/2576/1123
f 2175/2571/1118 2278/2726/1217 2279/2724/1215 2174/2574/1121
f 2172/2570/1117 2277/2727/1218 2278/2726/1217 2175/2571/1118
f 2173/2576/1123 2280/2725/1216 2899/2711/1202 2171/2578/1125
f 2897/2690/1181 2277/2727/1218 2172/2570/1117
f 2260/2704/1195 2273/2717/1208 2900/2706/1197
f 2279/2724/1215 2283/2722/1213 2284/2723/1214 2280/2725/1216
f 2278/2726/1217 2282/2721/1212 2283/2722/1213 2279/2724/1215
f 2277/2727/1218 2281/2720/1211 2282/2721/1212 2278/2726/1217
f 2256/2692/1183 2285/2691/1182 2896/2685/1176 2259/2686/1177
f 2897/2690/1181 2285/2691/1182 2281/2720/1211 2277/2727/1218
f 2256/2692/1183 2267/2708/1199 2281/2720/1211 2285/2691/1182
f 2280/2725/1216 2284/2723/1214 2899/2711/1202
f 2264/2710/1201 2899/2711/1202 2284/2723/1214
f 2292/2728/609 2293/2729/609 2297/1704/609
f 2297/1704/609 2295/2730/609 2294/2412/609
f 2297/1704/609 2293/2729/609 2295/2730/609
f 2297/1704/609 2291/2071/609 2292/2728/609
f 2904/2731/1219 2652/2075/665 2290/2074/665 2289/2732/1219
f 2905/2733/1220 2904/2731/1219 2289/2732/1219 2286/2734/1220
f 2908/2735/1221 2905/2733/1220 2286/2734/1220 2287/2736/1221
f 2288/2737/661 2789/2738/661 2908/2735/1221 2287/2736/1221
f 2961/2739/1222 2326/2740/1223 2325/2741/1224 2960/2742/1225
f 2960/2742/1225 2325/2741/1224 2933/2743/1226 2957/2744/1226
f 2355/2745/661 2359/2746/661 2310/2430/661 2311/2429/661
f 2357/2747/661 2356/2748/661 2962/2749/661 2383/2750/661
f 2308/2092/835 2316/2095/835 2317/2751/1227 2307/2752/1228
f 2307/2752/1228 2317/2751/1227 2318/2753/1229 2306/2754/1230
f 2305/2755/1231 2306/2754/1230 2318/2753/1229 2319/2756/1232
f 2304/2757/1233 2305/2755/1231 2319/2756/1232 2320/2758/1234
f 2303/2759/1235 2304/2757/1233 2320/2758/1234 2321/2760/1236
f 2303/2759/1235 2321/2760/1236 2322/2761/1237 2302/2762/1238
f 2301/2763/1239 2302/2762/1238 2322/2761/1237 2323/2764/1240
f 2300/2108/850 2301/2763/1239 2323/2764/1240 2324/2109/850
f 2932/2765/636 2331/2113/636 2334/2112/636 2327/2766/636
f 2347/2767/1241 2346/2117/853 2296/2116/853 2328/2768/1242
f 2366/2769/636 2368/2770/636 2327/2766/636 2946/2771/636
f 2325/2741/1224 2335/2122/855 2332/2121/854 2933/2743/1226
f 2355/2745/661 2373/2772/661 2947/2773/661 2359/2746/661
f 2348/2774/1243 2347/2767/1241 2328/2768/1242 2339/2775/1244
f 2357/2747/661 2383/2750/661 2373/2772/661 2355/2745/661
f 2349/2776/1245 2348/2774/1243 2339/2775/1244 2340/2777/1246
f 2360/2129/609 2393/2132/609 2963/2778/609 2358/2779/609
f 2350/2780/1247 2349/2776/1245 2340/2777/1246 2341/2781/1248
f 2351/2782/1249 2350/2780/1247 2341/2781/1248 2342/2783/1250
f 2352/2784/1251 2351/2782/1249 2342/2783/1250 2343/2785/1252
f 2353/2786/1253 2352/2784/1251 2343/2785/1252 2344/2787/1254
f 2330/2788/665 2691/2144/665 2689/2143/665 2329/2789/665
f 2660/2145/868 2337/2147/870 2298/2790/1255
f 2701/2148/871 2353/2786/1253 2344/2787/1254 2345/2149/871
f 2668/2150/872 2916/2791/1256 2299/2792/1257
f 2937/2793/614 2410/2481/614 2829/2480/614 2924/2794/614
f 2915/2795/1258 2299/2792/1257 2916/2791/1256
f 2914/2796/1259 2299/2792/1257 2915/2795/1258
f 2338/1799/636 2315/2485/636 2935/2797/636 2695/2157/636
f 2914/2796/1259 2913/2798/1260 2299/2792/1257
f 2925/2799/611 2678/2163/611 2333/2162/611 2938/2800/611
f 2298/2790/1255 2911/2801/1261 2910/2802/1262
f 2298/2790/1255 2912/2803/1263 2911/2801/1261
f 2298/2790/1255 2910/2802/1262 2660/2145/868
f 2298/2790/1255 2913/2798/1260 2912/2803/1263
f 2937/2793/614 2936/2804/614 2821/2492/614 2410/2481/614
f 2913/2798/1260 2298/2790/1255 2299/2792/1257
f 2677/2168/854 2923/2805/1264 2939/2806/1264 2354/2169/854
f 2923/2805/1264 2922/2807/1265 2940/2808/1265 2939/2806/1264
f 2922/2807/1265 2921/2809/1266 2941/2810/1266 2940/2808/1265
f 2921/2809/1266 2920/2811/1267 2942/2812/1267 2941/2810/1266
f 2920/2811/1267 2919/2813/1268 2943/2814/1268 2942/2812/1267
f 2919/2813/1268 2918/2815/1269 2944/2816/1269 2943/2814/1268
f 2918/2815/1269 2917/2817/1270 2945/2818/1270 2944/2816/1269
f 2917/2817/1270 2669/2185/888 2708/2184/888 2945/2818/1270
f 2335/2122/855 2325/2741/1224 2934/2819/1271
f 2934/2819/1271 2325/2741/1224 2931/2820/1272
f 2931/2820/1272 2325/2741/1224 2930/2821/1273
f 2930/2821/1273 2325/2741/1224 2929/2822/1274
f 2929/2822/1274 2325/2741/1224 2326/2740/1223
f 2696/2190/893 2335/2122/855 2934/2819/1271
f 2928/2823/1275 2929/2822/1274 2326/2740/1223
f 2927/2824/1276 2928/2823/1275 2326/2740/1223
f 2926/2825/1277 2927/2824/1276 2326/2740/1223
f 2326/2740/1223 2336/2194/897 2926/2825/1277
f 2336/2194/897 2682/2195/898 2926/2825/1277
f 2830/2515/636 2946/2771/636 2327/2766/636 2309/2516/636
f 2668/2150/872 2299/2792/1257 2699/2196/899
f 2329/2789/665 2952/2826/665 2956/2827/665 2330/2788/665
f 2966/2828/609 2852/2521/609 2314/2520/609 2358/2779/609
f 2312/2522/661 2313/2523/661 2356/2748/661 2357/2747/661
f 2355/2745/661 2311/2429/661 2312/2522/661 2357/2747/661
f 2368/2770/636 2367/2829/636 2932/2765/636 2327/2766/636
f 2964/2830/1278 2728/2202/901 2336/2194/897 2326/2740/1223
f 2909/2831/609 2659/2204/609 2360/2129/609
f 2909/2831/609 2360/2129/609 2358/2779/609
f 2906/2832/609 2909/2831/609 2358/2779/609
f 2907/2833/609 2906/2832/609 2358/2779/609
f 2358/2779/609 2314/2520/609 2907/2833/609
f 2314/2520/609 2788/2529/609 2907/2833/609
f 2366/2769/636 2369/2834/636 2368/2770/636
f 2369/2834/636 2370/2835/636 2368/2770/636
f 2370/2835/636 2371/2836/636 2368/2770/636
f 2371/2836/636 2367/2829/636 2368/2770/636
f 2466/2837/661 2465/2838/661 2356/2748/661
f 2961/2739/1222 2473/2839/1279 2326/2740/1223
f 2326/2740/1223 2472/2840/1280 2471/2841/1281
f 2466/2837/661 2356/2748/661 2467/2842/661
f 2358/2779/609 2468/2843/609 2469/2844/609
f 2966/2828/609 2358/2779/609 2470/2845/609
f 2356/2748/661 2965/2846/661 2467/2842/661
f 2948/2847/1282 2954/2848/1283 2376/2849/1284 2949/2850/1285
f 2949/2850/1285 2376/2849/1284 2375/2851/1286 2950/2852/1287
f 2950/2852/1287 2375/2851/1286 2374/2853/1288 2951/2854/1288
f 2951/2854/1288 2374/2853/1288 2372/2855/1289 2953/2856/1289
f 2964/2830/1278 2326/2740/1223 2471/2841/1281
f 2954/2848/1283 2959/2857/1290 2386/2858/1291 2376/2849/1284
f 2376/2849/1284 2386/2858/1291 2385/2859/1292 2375/2851/1286
f 2375/2851/1286 2385/2859/1292 2384/2860/1293 2955/2861/1294
f 2955/2861/1294 2384/2860/1293 2382/2862/1295 2958/2863/1296
f 2378/2864/1297 2382/2862/1295 2384/2860/1293 2381/2865/1298
f 2381/2865/1298 2384/2860/1293 2385/2859/1292 2380/2866/1299
f 2380/2866/1299 2385/2859/1292 2386/2858/1291 2379/2867/1300
f 2379/2867/1300 2386/2858/1291 2959/2857/1290 2377/2868/1301
f 2963/2778/609 2468/2843/609 2358/2779/609
f 2326/2740/1223 2473/2839/1279 2472/2840/1280
f 2388/2869/1302 2727/2245/928 2396/2244/927 2391/2870/1303
f 2391/2870/1303 2396/2244/927 2395/2247/930 2390/2871/1304
f 2390/2871/1304 2395/2247/930 2394/2249/932 2389/2872/1305
f 2389/2872/1305 2394/2249/932 2392/2251/934 2387/2873/1306
f 2358/2779/609 2469/2844/609 2470/2845/609
f 2465/2838/661 2962/2749/661 2356/2748/661
f 2398/2874/1307 2362/2573/1120 2365/2572/1119 2401/2875/1308
f 2401/2875/1308 2365/2572/1119 2364/2575/1122 2400/2876/1309
f 2400/2876/1309 2364/2575/1122 2363/2577/1124 2399/2877/1310
f 2399/2877/1310 2363/2577/1124 2361/2579/1126 2397/2878/1311
f 2313/2523/661 2851/2580/661 2965/2846/661 2356/2748/661
f 2402/2879/636 2404/2880/636 2405/2881/636 2403/2882/636
f 2967/2883/614 2973/2884/614 2974/2885/614 2971/2886/614
f 2972/2887/611 2409/2888/611 2407/2889/611 2970/2890/611
f 2969/2891/665 2406/2892/665 2408/2893/665 2968/2894/665
f 2415/2895/636 2420/2896/636 2418/2897/636 2411/2898/636
f 2416/2899/636 2421/2900/636 2420/2896/636 2415/2895/636
f 2417/2901/636 2422/2902/636 2421/2900/636 2416/2899/636
f 2419/2903/636 2422/2902/636 2417/2901/636 2426/2904/636
f 2429/2905/1312 2989/2906/1313 2425/2907/1314
f 2424/2908/1315 2423/2909/1316 2427/2910/1317 2428/2911/1318
f 2423/2909/1316 2419/2903/636 2426/2904/636 2427/2910/1317
f 2429/2905/1312 2425/2907/1314 2424/2908/1315 2428/2911/1318
f 2461/2912/1319 2460/2913/1320 2463/2914/1321 2464/2915/1322
f 2460/2913/1320 2459/2916/1323 2462/2917/1324 2463/2914/1321
f 2991/2918/1325 2990/2919/1326 2445/2920/1326 2446/2921/1327
f 2983/2922/1328 2984/2923/1329 2441/2924/1329 2440/2925/1328
f 2981/2926/1330 2982/2927/1331 2439/2928/1331 2437/2929/1330
f 2987/2930/1332 2988/2931/1333 2444/2932/1333 2443/2933/1332
f 2996/2934/1334 2461/2912/1319 2464/2915/1322 2413/2935/1334
f 2980/2936/1335 2979/2937/1336 2435/2938/1336 2436/2939/1335
f 2985/2940/1337 2986/2941/1338 2442/2942/1338 2438/2943/1337
f 2978/2944/1339 2977/2945/1340 2430/2946/1340 2434/2947/1339
f 2992/2948/1341 2991/2918/1325 2446/2921/1327 2447/2949/1342
f 2414/2950/1343 2412/2951/611 2431/2952/611 2433/2953/1344
f 2990/2919/1326 2980/2936/1335 2436/2939/1335 2445/2920/1326
f 2984/2923/1329 2985/2940/1337 2438/2943/1337 2441/2924/1329
f 2982/2927/1331 2983/2922/1328 2440/2925/1328 2439/2928/1331
f 2988/2931/1333 2414/2950/1343 2433/2953/1344 2444/2932/1333
f 2986/2941/1338 2987/2930/1332 2443/2933/1332 2442/2942/1338
f 2993/2954/1345 2992/2948/1341 2447/2949/1342 2448/2955/1346
f 2979/2937/1336 2978/2944/1339 2434/2947/1339 2435/2938/1336
f 2995/2956/1162 2432/2957/1162 2450/2958/1163 2449/2959/1163
f 2449/2959/1163 2450/2958/1163 2452/2960/1164 2451/2961/1164
f 2451/2961/1164 2452/2960/1164 2454/2962/1165 2453/2963/1165
f 2453/2963/1165 2454/2962/1165 2456/2343/636 2455/2342/636
f 2448/2955/1346 2771/2345/976 3004/2964/1347
f 2448/2955/1346 3004/2964/1347 3002/2965/1348
f 2448/2955/1346 3002/2965/1348 3000/2966/1349
f 2448/2955/1346 3000/2966/1349 2999/2967/1350
f 2433/2953/1344 2431/2952/611 2998/2968/611
f 2433/2953/1344 2998/2968/611 3001/2969/611
f 2433/2953/1344 3001/2969/611 3003/2970/611
f 2433/2953/1344 3003/2970/611 2770/2352/611
f 2770/2352/611 2457/2353/611 2433/2953/1344
f 2448/2955/1346 2458/2354/665 2771/2345/976
f 2429/2905/1312 2462/2917/1324 2459/2916/1323 2989/2906/1313
f 3006/2971/611 3007/2972/611 3005/2973/611
f 2412/2951/611 2414/2950/1343 3005/2973/611 3007/2972/611
f 2995/2956/1162 2996/2934/1334 2413/2935/1334 2432/2957/1162
f 2999/2967/1350 2976/2974/1351 2993/2954/1345 2448/2955/1346
f 2975/2975/665 2997/2976/665 2993/2954/1345 2976/2974/1351
f 2994/2977/665 2997/2976/665 2975/2975/665
f 2378/2864/1297 2381/2865/1298 2476/2978/1352 3015/2979/1353
f 2381/2865/1298 2380/2866/1299 2475/2980/1354 2476/2978/1352
f 2380/2866/1299 2379/2867/1300 2474/2981/1355 2475/2980/1354
f 2379/2867/1300 2377/2868/1301 3008/2982/1356 2474/2981/1355
f 3009/2983/1357 2486/2984/1358 2474/2981/1355 3008/2982/1356
f 2474/2981/1355 2486/2984/1358 2485/2985/1359 2475/2980/1354
f 2475/2980/1354 2485/2985/1359 2484/2986/1360 2476/2978/1352
f 3014/2987/1361 3015/2979/1353 2476/2978/1352 2484/2986/1360
f 3010/2988/1362 2512/2989/1363 3009/2983/1357
f 2483/2990/1364 2482/2991/1365 2485/2985/1359 2486/2984/1358
f 2482/2991/1365 2481/2992/1366 2484/2986/1360 2485/2985/1359
f 2481/2992/1366 2490/2993/1367 2503/2994/1368 2499/2995/1369
f 2479/2996/1370 2489/2997/1371 2490/2993/1367 2480/2998/1372
f 2478/2999/1373 2488/3000/1374 2489/2997/1371 2479/2996/1370
f 2477/3001/1375 2487/3002/1376 2488/3000/1374 2478/2999/1373
f 3011/3003/1377 3013/3004/1378 2487/3002/1376 2477/3001/1375
f 2481/2992/1366 2482/2991/1365 2480/2998/1372 2490/2993/1367
f 2479/2996/1370 2480/2998/1372 2494/3005/1379 2493/3006/1380
f 2478/2999/1373 2479/2996/1370 2493/3006/1380 2492/3007/1381
f 2477/3001/1375 2478/2999/1373 2492/3007/1381 2491/3008/1382
f 2483/2990/1364 2494/3005/1379 2480/2998/1372 2482/2991/1365
f 3011/3003/1377 2477/3001/1375 2491/3008/1382 3012/3009/1383
f 2390/2871/1304 2389/2872/1305 2495/3010/1384 2496/3011/1385
f 2391/2870/1303 2390/2871/1304 2496/3011/1385 2497/3012/1386
f 3016/3013/1387 2498/3014/1388 2387/2873/1306
f 2391/2870/1303 2497/3012/1386 3013/3004/1378 2388/2869/1302
f 3013/3004/1378 2497/3012/1386 2500/3015/1389
f 2501/3016/1390 2500/3015/1389 2497/3012/1386 2496/3011/1385
f 2502/3017/1391 2501/3016/1390 2496/3011/1385 2495/3010/1384
f 2502/3017/1391 2495/3010/1384 2498/3014/1388 2503/2994/1368
f 2389/2872/1305 2387/2873/1306 2498/3014/1388 2495/3010/1384
f 2499/2995/1369 2503/2994/1368 2498/3014/1388 3016/3013/1387
f 2489/2997/1371 2502/3017/1391 2503/2994/1368 2490/2993/1367
f 2489/2997/1371 2488/3000/1374 2501/3016/1390 2502/3017/1391
f 2488/3000/1374 2487/3002/1376 2500/3015/1389 2501/3016/1390
f 2481/2992/1366 2499/2995/1369 3014/2987/1361 2484/2986/1360
f 3014/2987/1361 2499/2995/1369 3016/3013/1387
f 2508/3018/1392 2509/3019/1393 2493/3006/1380 2494/3005/1379
f 2509/3019/1393 2510/3020/1394 2492/3007/1381 2493/3006/1380
f 2510/3020/1394 2511/3021/1395 2491/3008/1382 2492/3007/1381
f 2400/2876/1309 2399/2877/1310 2507/3022/1396 2506/3023/1397
f 2401/2875/1308 2400/2876/1309 2506/3023/1397 2505/3024/1398
f 2398/2874/1307 2401/2875/1308 2505/3024/1398 2504/3025/1399
f 2399/2877/1310 2397/2878/1311 3012/3009/1383 2507/3022/1396
f 3010/2988/1362 2398/2874/1307 2504/3025/1399
f 2487/3002/1376 3013/3004/1378 2500/3015/1389
f 2506/3023/1397 2507/3022/1396 2511/3021/1395 2510/3020/1394
f 2505/3024/1398 2506/3023/1397 2510/3020/1394 2509/3019/1393
f 2504/3025/1399 2505/3024/1398 2509/3019/1393 2508/3018/1392
f 2483/2990/1364 2486/2984/1358 3009/2983/1357 2512/2989/1363
f 3010/2988/1362 2504/3025/1399 2508/3018/1392 2512/2989/1363
f 2483/2990/1364 2512/2989/1363 2508/3018/1392 2494/3005/1379
f 2507/3022/1396 3012/3009/1383 2511/3021/1395
f 2491/3008/1382 2511/3021/1395 3012/3009/1383
o part.004_3818v2.001
v -3.094375 24.121790 0.564334
v -3.034131 24.191788 0.219538
v -2.984886 24.389759 -0.073348
v -2.954283 24.686716 -0.269001
v -2.946770 25.036701 -0.338765
v -2.963733 25.386686 -0.270678
v -3.002354 25.683643 -0.076449
v -3.056945 25.881615 0.215488
v -3.119079 25.951611 0.559948
v -3.179322 25.881615 0.904744
v -3.228568 25.683643 1.197630
v -3.259171 25.386686 1.393283
v -3.266684 25.036701 1.463048
v -7.541408 25.083111 2.417611
v -7.795104 22.838661 2.420684
v -8.404362 22.979155 2.214121
v -8.179075 25.277905 2.012099
v -8.827401 23.150707 1.820144
v -9.215208 23.284813 1.242109
v -8.625820 25.432928 1.346755
v -8.771805 25.509747 0.583997
v -9.361212 23.363047 0.479347
v -8.493592 26.308046 0.155814
v -8.729263 25.706158 0.563542
v -8.550004 26.193066 0.299486
v -8.441328 26.393927 -0.007984
v -8.298980 26.564724 0.818763
v -8.000500 26.993895 -0.306752
v -8.067878 26.971090 0.000151
v -8.395489 26.445747 -0.184414
v -8.357590 26.457127 -0.370154
v -8.137627 26.887413 0.296578
v -8.216253 26.751236 0.572757
v -8.385744 26.332808 1.028144
v -8.671089 25.886433 0.507800
v -8.609726 26.051109 0.418152
v -7.350152 26.505352 1.978297
v -7.428377 26.067839 2.218639
v -7.494526 25.588554 2.371354
v -8.112462 25.717812 1.951391
v -8.472810 26.061882 1.190790
v -8.557199 25.759750 1.300768
v -6.889015 27.594913 -0.109407
v -7.487973 27.395636 -0.215752
v -6.982016 27.563707 0.376797
v -7.075503 27.423550 0.845678
v -7.171453 27.194166 1.278214
v -7.263587 26.885513 1.661156
v -7.570088 27.364403 0.197695
v -7.656746 27.251041 0.597409
v -7.748545 27.063999 0.968919
v -7.843714 26.809637 1.301769
v -7.938023 26.494347 1.583063
v -8.028756 26.127331 1.802512
v -7.369897 25.277905 -2.545345
v -7.958108 26.971090 -0.618091
v -8.385121 25.706158 -1.374729
v -7.969785 25.759750 -2.007661
v -8.018380 25.432928 -2.074461
v -8.418021 25.509747 -1.408579
v -7.902660 26.332808 -1.692677
v -8.349692 25.886433 -1.302367
v -7.928413 26.061882 -1.875355
v -8.322941 26.051109 -1.197075
v -7.893278 26.564724 -1.466225
v -7.900296 26.751236 -1.206777
v -7.921435 26.888121 -0.921109
v -8.307720 26.193066 -1.065102
v -8.304215 26.308046 -0.910792
v -8.329231 26.445747 -0.557587
v -8.311400 26.393219 -0.739708
v -6.631176 26.885511 -1.900696
v -6.676502 27.194166 -1.509443
v -6.735317 27.423550 -1.070314
v -6.808957 27.563707 -0.597909
v -6.631608 25.083111 -2.706555
v -6.603382 25.587849 -2.647681
v -6.593982 26.067839 -2.480834
v -6.603275 26.505352 -2.228253
v -7.328254 25.717812 -2.465417
v -7.300916 26.127331 -2.296821
v -7.291273 26.494347 -2.059550
v -7.422740 27.364403 -0.632197
v -7.366500 27.251041 -1.037312
v -7.324795 27.063999 -1.417717
v -7.299564 26.809637 -1.762984
v -7.438573 24.976376 -0.206982
v -7.542946 24.329433 0.431609
v -7.581567 24.626390 0.625838
v -7.598529 24.976376 0.693925
v -7.591017 25.326361 0.624160
v -7.560413 25.623318 0.428507
v -7.511168 25.821289 0.135621
v -7.450924 25.891287 -0.209175
v -7.388790 25.821289 -0.553635
v -7.334200 25.623318 -0.845572
v -7.295579 25.326361 -1.039801
v -7.278616 24.976376 -1.107888
v -7.286129 24.626390 -1.038123
v -7.316731 24.329433 -0.842471
v -7.365977 24.131462 -0.549584
v -7.426221 24.061466 -0.204789
v -7.488355 24.131462 0.139672
v -8.993348 23.414158 -1.510729
v -8.649555 23.346745 -2.068747
v -8.037281 23.201847 -2.536725
v -7.428235 23.043451 -2.716573
v -6.854545 22.890480 -2.794973
v -9.853761 21.600267 0.388304
v -9.584608 21.321915 -1.603499
v -9.270123 22.480383 -1.554844
v -10.051779 20.802742 0.393363
v -8.936584 21.439240 2.094488
v -9.375860 21.509451 1.702656
v -9.512877 20.842913 1.725727
v -9.736848 21.583691 1.075520
v -9.907959 20.853041 1.095411
v -8.551617 21.399637 2.286364
v -9.492952 22.453423 1.138214
v -9.118731 22.337658 1.774163
v -8.705654 22.224474 2.088091
v -9.616270 22.498848 0.427598
v -8.235365 22.107679 2.343233
v -6.718173 25.509674 2.558750
v -6.725410 24.848495 2.611327
v -6.989796 24.228159 2.564385
v -7.391845 23.456690 2.492283
v -5.821754 24.898394 -2.608009
v -5.806865 25.407154 -2.565866
v -5.838328 25.933899 -2.429974
v -5.885744 26.406202 -2.199962
v -6.017822 27.152130 -1.514582
v -5.947953 26.820528 -1.882087
v -6.201896 27.583424 -0.511670
v -6.113228 27.434238 -0.999361
v -6.292688 27.633625 -0.004247
v -6.382106 27.582010 0.503420
v -6.466612 27.432117 0.991132
v -6.609766 26.865070 1.841877
v -6.538487 27.207279 1.413579
v -6.666017 26.425999 2.193127
v -6.698420 26.006018 2.408570
v -6.055537 24.236046 -2.652390
v -6.469743 23.480675 -2.725933
v -9.226196 21.419529 -2.136658
v -8.378982 22.325920 -2.568667
v -7.359547 22.077271 -2.884636
v -7.757485 22.178852 -2.813812
v -7.708303 20.996096 -2.946559
v -8.773624 21.294451 -2.582001
v -8.112933 21.109627 -2.867586
v -8.904388 22.430185 -2.134820
v -8.635945 20.788919 2.288627
v -9.946373 20.348173 1.334203
v -10.330280 19.284454 1.377355
v -10.178549 20.045792 0.697620
v -8.643957 20.512466 2.355430
v -9.107008 20.510643 2.137482
v -9.434258 20.496586 1.950827
v -9.031575 20.841873 2.121431
v -9.989423 19.749275 1.903965
v -7.383231 22.822990 2.413378
v -7.799576 21.411087 2.237476
v -7.630104 22.103043 2.309937
v -6.576272 23.468449 1.919640
v -6.493152 22.832819 1.501344
v -6.644731 22.832430 1.897431
v -6.412518 22.106689 1.104152
v -7.127369 21.420933 1.969016
v -7.059569 22.110186 2.076571
v -6.615494 22.114346 1.606020
v -6.593259 21.426786 1.403136
v -6.585300 20.712524 1.351404
v -6.375444 20.853107 0.993673
v -6.378901 21.493685 0.962896
v -6.960073 22.828976 2.232124
v -6.670573 23.464241 2.170773
v -6.698454 24.228964 2.439444
v -6.775810 24.228113 2.520508
v -6.865691 23.462103 2.377434
v -6.661948 24.229225 2.342510
v -6.878001 24.226839 2.564126
v -7.127333 23.459547 2.489693
v -6.415097 20.968178 -2.110099
v -6.331734 21.973993 -2.195122
v -6.150079 22.860085 -2.332357
v -6.483991 22.854113 -2.648028
v -7.031959 20.927975 -2.723057
v -6.087865 20.906542 -1.345323
v -5.958331 24.237444 -2.616459
v -5.947871 22.856468 -2.029297
v -5.891007 23.487574 -2.221723
v -6.218314 23.480759 -2.631738
v -6.011310 23.483315 -2.436270
v -5.832927 24.239569 -2.436197
v -5.900087 22.855375 -1.869280
v -5.863401 23.515114 -2.099042
v -5.828409 24.246901 -2.353524
v -5.877650 24.238720 -2.538935
v -6.025375 21.980604 -1.752919
v -6.009595 20.691902 -1.054214
v -5.942035 21.959625 -1.534162
v -6.801501 22.001806 -2.697939
v -7.708000 20.643990 -2.920651
v -8.241762 20.757874 -2.852397
v -7.752246 19.847141 -2.614668
v -7.725050 20.195005 -2.795127
v -7.792034 19.534630 -2.366066
v -9.441295 20.743958 -1.901947
v -9.404007 20.896259 -2.003769
v -9.302615 21.215593 -2.113600
v -8.866206 21.038670 -2.561095
v -8.479031 19.824440 -2.386781
v -9.130280 20.300495 -2.205809
v -8.334921 20.422348 -2.759058
v -9.056364 20.515358 -2.375817
v -8.411331 20.110523 -2.607447
v -9.351630 21.050957 -2.076340
v -8.973936 20.753109 -2.486861
v -9.860495 20.604073 -0.960171
v -10.378058 18.741486 0.819476
v -8.675357 20.182987 2.558124
v -9.408267 20.065027 2.318834
v -7.901966 20.086004 2.586279
v -7.205228 19.788048 2.398301
v -6.691530 19.335129 2.023419
v -6.440017 18.796326 1.518678
v -6.417849 20.020212 1.297828
v -7.139286 20.745380 1.951819
v -7.844975 20.779694 2.245214
v -7.855038 20.453747 2.327453
v -6.619664 20.048422 1.516945
v -7.152861 20.304186 2.062879
v -6.139545 20.613071 -1.345881
v -6.418292 20.525640 -2.028795
v -6.136578 20.430332 -1.188076
v -6.438848 20.226549 -1.895275
v -6.477435 19.965513 -1.714685
v -7.027768 19.877346 -2.355330
v -7.052332 19.616529 -2.162196
v -7.029085 20.148464 -2.529361
v -7.047607 20.608200 -2.689928
v -8.606163 19.277864 -1.936801
v -7.868555 19.058792 -1.897763
v -8.797009 18.251537 -0.953045
v -10.160191 19.522638 0.068894
v -9.918426 19.039597 -0.425369
v -9.452515 18.578297 -0.782164
v -9.655540 20.182865 -1.412134
v -9.290880 19.724506 -1.742380
v -8.025761 18.085903 -0.936043
v -8.142719 17.354824 -0.219970
v -8.916109 17.451805 -0.248125
v -10.126546 18.202682 0.314735
v -9.612848 17.749763 -0.060148
v -8.002953 21.285969 -1.315493
v -8.577553 22.030813 -0.654822
v -8.911618 21.849648 -0.892958
v -9.107093 21.582506 -1.195541
v -9.135139 21.270203 -1.516514
v -8.989913 20.960312 -1.806722
v -8.695101 20.699999 -2.022254
v -8.294722 20.529060 -2.129989
v -7.849819 20.472874 -2.114195
v -7.428353 20.541124 -1.976165
v -7.094287 20.722292 -1.738028
v -6.898813 20.989431 -1.435445
v -6.870766 21.301735 -1.114472
v -7.015993 21.611628 -0.824265
v -7.310804 21.871939 -0.608733
v -7.711184 22.042879 -0.500997
v -8.156086 22.099066 -0.516791
v -8.817685 17.998232 3.531103
v -8.372783 17.942045 3.546898
v -7.972404 17.771105 3.439162
v -7.677592 17.510794 3.223630
v -7.532365 17.200901 2.933422
v -7.560411 16.888597 2.612449
v -7.755886 16.621458 2.309867
v -8.089952 16.440290 2.071730
v -8.511418 16.372040 1.933699
v -8.956321 16.428226 1.917905
v -9.356700 16.599165 2.025641
v -9.651512 16.859478 2.241173
v -9.796739 17.169369 2.531381
v -9.768692 17.481672 2.852354
v -9.573217 17.748814 3.154936
v -9.239152 17.929979 3.393073
v -8.930871 18.599216 4.121449
v -8.157480 18.502235 4.149603
v -7.460742 18.204277 3.961626
v -6.947043 17.751358 3.586744
v -6.695531 17.212555 3.082003
v -6.743310 16.669586 2.524123
v -7.084167 16.204765 1.997513
v -7.665323 15.889013 1.582645
v -8.398233 15.771054 1.343354
v -9.171623 15.868036 1.315200
v -9.868362 16.165993 1.503177
v -10.382060 16.618912 1.878059
v -10.633573 17.157715 2.382800
v -10.585794 17.700684 2.940680
v -10.244937 18.165504 3.467289
v -9.663781 18.481258 3.882158
v -6.487796 18.253357 0.960798
v -6.828652 17.788536 0.434189
v -7.409809 17.472782 0.019320
v -6.098741 20.143944 -0.509155
v -6.213232 19.955202 -0.719078
v -6.554089 19.490383 -1.245688
v -6.256517 19.167522 0.456056
v -7.135245 19.174629 -1.660556
v -6.711732 18.513252 -0.281172
v -6.370875 18.978073 0.245437
v -7.292888 18.197498 -0.696041
v -6.041913 26.327013 -1.314182
v -6.154366 26.736389 -0.712935
v -6.282646 26.880627 -0.001746
v -6.407032 26.736389 0.710135
v -6.508432 26.327013 1.313345
v -6.571748 25.715424 1.717921
v -6.587210 24.992828 1.861682
v -6.552238 24.270233 1.721385
v -6.472408 23.658642 1.319741
v -6.359955 23.249266 0.718493
v -6.231674 23.105030 0.007304
v -6.107288 23.249266 -0.704577
v -6.005755 23.657936 -1.308481
v -5.942573 24.270233 -1.712363
v -5.927111 24.992828 -1.856123
v -5.962083 25.715424 -1.715827
v -5.057402 26.340723 -1.139382
v -5.169855 26.750099 -0.538134
v -5.298136 26.894337 0.173055
v -5.422522 26.750099 0.884936
v -5.523922 26.340723 1.488146
v -5.587238 25.729134 1.892722
v -5.602700 25.006538 2.036483
v -5.567727 24.283943 1.896186
v -5.375444 23.262978 0.893294
v -5.247164 23.118740 0.182105
v -5.122777 23.262976 -0.529776
v -5.021245 23.671646 -1.133680
v -4.958062 24.283943 -1.537562
v -4.942600 25.006538 -1.681323
v -4.977572 25.729134 -1.541026
v -8.594923 25.510452 -0.412292
v -5.544428 26.449608 1.595102
v -4.973384 26.446926 1.685719
v -3.838270 26.300398 1.722800
v -3.305933 26.094433 1.601148
v -5.434701 26.892216 0.942381
v -4.864474 26.886000 1.037880
v -3.741548 26.689976 1.147486
v -3.225392 26.418964 1.122069
v -5.300084 27.047764 0.171991
v -4.730960 27.040840 0.273758
v -3.623246 26.827143 0.470433
v -3.126925 26.532799 0.558555
v -5.161513 26.892216 -0.596261
v -4.593265 26.885998 -0.489623
v -3.501242 26.689976 -0.205962
v -3.025251 26.418259 -0.005107
v -5.039721 26.450315 -1.247558
v -4.472499 26.446926 -1.135357
v -3.394001 26.300398 -0.779409
v -2.936080 26.094433 -0.481936
v -4.953518 25.787817 -1.681107
v -4.386868 25.790087 -1.566134
v -3.318014 25.717089 -1.161627
v -2.872783 25.608696 -0.800336
v -4.915652 25.006538 -1.833098
v -4.349325 25.014463 -1.716747
v -3.284755 25.029846 -1.295046
v -2.845159 25.036701 -0.911056
v -4.932424 24.225258 -1.677361
v -4.365925 24.238840 -1.562416
v -3.299458 24.342602 -1.158332
v -2.857339 24.464705 -0.797594
v -5.000738 23.562761 -1.240637
v -4.433822 23.581999 -1.128490
v -3.359694 23.759295 -0.773318
v -2.907520 23.978968 -0.476866
v -5.110599 23.120861 -0.587221
v -4.542732 23.142927 -0.480651
v -3.456417 23.369715 -0.198004
v -2.988062 23.654436 0.002214
v -5.245083 22.964605 0.182474
v -4.676246 22.988085 0.283472
v -3.574718 23.232550 0.479049
v -3.086529 23.540604 0.565727
v -5.383786 23.120861 0.951421
v -4.813941 23.142927 1.046852
v -3.696723 23.369715 1.155444
v -3.188070 23.654436 1.128695
v -5.591781 24.225258 2.036267
v -5.020339 24.238840 2.123363
v -3.879950 24.342602 2.111109
v -3.340537 24.463999 1.923924
v -5.629514 25.005831 2.187563
v -5.057881 25.014463 2.273976
v -3.913209 25.029846 2.244528
v -3.368294 25.036701 2.035339
v -5.612876 25.787819 2.032521
v -5.041281 25.790087 2.119645
v -3.898506 25.717089 2.107814
v -3.356115 25.608696 1.921877
v -4.403319 26.418003 1.749590
v -4.297091 26.845055 1.117793
v -4.166980 26.995655 0.373175
v -4.033051 26.845055 -0.369329
v -3.915291 26.418003 -0.999079
v -3.831980 25.777424 -1.418060
v -3.795332 25.022305 -1.565241
v -3.811591 24.267185 -1.414440
v -3.877606 23.626608 -0.992389
v -3.983835 23.199554 -0.360592
v -4.113812 23.048248 0.383332
v -4.247875 23.199554 1.126531
v -4.448946 24.267185 2.175261
v -4.485460 25.021599 2.321747
v -4.469335 25.777424 2.171641
v -3.156509 24.191788 0.908794
v -5.131437 24.164284 0.558144
v -5.267508 24.176588 0.556966
v -5.390589 24.218168 0.600466
v -5.483101 24.282175 0.681711
v -5.530606 24.357458 0.788901
v -5.518788 24.471661 0.867843
v -5.456636 24.568861 0.944950
v -5.353662 24.634043 1.006323
v -5.224648 24.659212 1.044311
v -3.249721 24.686716 1.394961
v -3.222783 23.780996 1.314282
v -3.749373 23.561323 1.436953
v -4.311044 23.428637 1.464344
v -4.880116 23.384027 1.400649
v -5.259422 23.370985 1.341203
v -5.395836 23.381168 1.342118
v -5.461392 23.402971 1.366387
v -5.443826 23.511854 1.258908
v -5.501464 23.530926 1.278838
v -5.594090 23.594225 1.360780
v -5.641481 23.670214 1.467272
v -5.629777 23.783710 1.546913
v -5.567511 23.881617 1.623321
v -5.519194 23.912041 1.652008
v -5.536760 23.803156 1.759487
v -5.481990 23.838623 1.791475
v -5.352634 23.865913 1.827369
v -4.973328 23.878956 1.886815
v -4.404256 23.923565 1.950510
v -3.842585 24.056252 1.923120
v -3.315995 24.275925 1.800448
v -6.516184 19.200752 1.915946
v -6.762111 17.566076 3.429265
v -6.628952 16.859035 2.734741
v -6.373437 18.442806 1.171416
v -6.322868 19.522457 0.801921
v -6.226366 20.120613 0.211487
v -9.026562 23.971985 1.275603
v -8.128749 23.651312 2.279574
v -8.626595 23.811230 1.878779
v -9.175385 24.040277 0.512341
v -8.824288 24.029631 -1.481430
v -8.463847 23.961660 -2.070246
v -7.838089 23.821182 -2.540139
v -7.186576 23.662670 -2.713165
v -8.758371 24.908470 -0.451367
v -7.603917 24.548483 -2.543088
v -8.923831 24.954620 0.557005
v -8.233201 24.722151 -2.073103
v -8.595255 24.861628 -1.440765
v -6.900753 24.393513 -2.709816
v -8.800386 24.796869 1.315761
v -7.820978 24.403122 2.352173
v -8.922885 24.957462 0.557173
v -8.390875 24.583986 1.949358
v -6.201896 27.583424 -0.511670
v -6.113228 27.434238 -0.999361
v -5.863401 23.515114 -2.099042
v -5.828409 24.246901 -2.353524
v -7.426221 24.061466 -0.204789
v -7.365977 24.131462 -0.549584
v -7.316731 24.329433 -0.842471
v -7.286129 24.626390 -1.038123
v -7.278616 24.976376 -1.107888
v -7.295579 25.326361 -1.039801
v -5.530606 24.357458 0.788901
v -5.518788 24.471661 0.867843
v -7.560413 25.623318 0.428507
v -7.591017 25.326361 0.624160
v -7.511168 25.821289 0.135621
v -7.598529 24.976376 0.693925
v -7.581567 24.626390 0.625838
v -7.450924 25.891287 -0.209175
v -7.388790 25.821289 -0.553635
v -7.334200 25.623318 -0.845572
v -7.488355 24.131462 0.139672
v -6.292688 27.633625 -0.004247
v -6.382106 27.582010 0.503420
v -5.942035 21.959625 -1.534162
v -5.900087 22.855375 -1.869280
v -6.017822 27.152130 -1.514582
v -5.947953 26.820528 -1.882087
v -5.885744 26.406202 -2.199962
v -5.838328 25.933899 -2.429974
v -6.493152 22.832819 1.501344
v -6.412518 22.106689 1.104152
v -6.576272 23.468449 1.919640
v -2.963733 25.386686 -0.270678
v -3.002354 25.683643 -0.076449
v -6.661948 24.229225 2.342510
v -6.725410 24.848495 2.611327
v -7.542946 24.329433 0.431609
v -3.056945 25.881615 0.215488
v -3.119079 25.951611 0.559948
v -3.179322 25.881615 0.904744
v -6.538487 27.207279 1.413579
v -6.466612 27.432117 0.991132
v -3.259171 25.386686 1.393283
v -3.266684 25.036701 1.463048
v -3.228568 25.683643 1.197630
v -5.806865 25.407154 -2.565866
v -6.718173 25.509674 2.558750
v -6.870766 21.301735 -1.114472
v -7.015993 21.611628 -0.824265
v -8.577553 22.030813 -0.654822
v -8.911618 21.849648 -0.892958
v -2.954283 24.686716 -0.269001
v -2.946770 25.036701 -0.338765
v -8.989913 20.960312 -1.806722
v -8.695101 20.699999 -2.022254
v -8.294722 20.529060 -2.129989
v -6.609766 26.865070 1.841877
v -3.034131 24.191788 0.219538
v -2.984886 24.389759 -0.073348
v -7.428353 20.541124 -1.976165
v -7.094287 20.722292 -1.738028
v -9.107093 21.582506 -1.195541
v -3.094375 24.121790 0.564334
v -6.375444 20.853107 0.993673
v -6.378901 21.493685 0.962896
v -5.821754 24.898394 -2.608009
v -6.698420 26.006018 2.408570
v -6.666017 26.425999 2.193127
v -7.310804 21.871939 -0.608733
v -7.711184 22.042879 -0.500997
v -7.849819 20.472874 -2.114195
v -6.898813 20.989431 -1.435445
v -9.135139 21.270203 -1.516514
v -8.156086 22.099066 -0.516791
v -8.372783 17.942045 3.546898
v -8.817685 17.998232 3.531103
v -7.972404 17.771105 3.439162
v -7.677592 17.510794 3.223630
v -7.532365 17.200901 2.933422
v -7.560411 16.888597 2.612449
v -7.755886 16.621458 2.309867
v -8.089952 16.440290 2.071730
v -8.511418 16.372040 1.933699
v -8.956321 16.428226 1.917905
v -9.356700 16.599165 2.025641
v -9.651512 16.859478 2.241173
v -9.796739 17.169369 2.531381
v -9.768692 17.481672 2.852354
v -9.573217 17.748814 3.154936
v -9.239152 17.929979 3.393073
v -8.157480 18.502235 4.149603
v -8.930871 18.599216 4.121449
v -7.460742 18.204277 3.961626
v -6.947043 17.751358 3.586744
v -6.762111 17.566076 3.429265
v -6.762111 17.566076 3.429265
v -6.628952 16.859035 2.734741
v -6.628952 16.859035 2.734741
v -6.695531 17.212555 3.082003
v -7.084167 16.204765 1.997513
v -6.743310 16.669586 2.524123
v -7.665323 15.889013 1.582645
v -8.398233 15.771054 1.343354
v -9.171623 15.868036 1.315200
v -9.868362 16.165993 1.503177
v -10.382060 16.618912 1.878059
v -10.633573 17.157715 2.382800
v -10.585794 17.700684 2.940680
v -10.244937 18.165504 3.467289
v -9.663781 18.481258 3.882158
v -6.417849 20.020212 1.297828
v -6.009595 20.691902 -1.054214
v -6.098741 20.143944 -0.509155
v -6.256517 19.167522 0.456056
v -6.154366 26.736389 -0.712935
v -6.041913 26.327013 -1.314182
v -6.282646 26.880627 -0.001746
v -6.407032 26.736389 0.710135
v -6.508432 26.327013 1.313345
v -6.571748 25.715424 1.717921
v -6.587210 24.992828 1.861682
v -6.552238 24.270233 1.721385
v -6.472408 23.658642 1.319741
v -6.359955 23.249266 0.718493
v -6.231674 23.105030 0.007304
v -6.107288 23.249266 -0.704577
v -6.005755 23.657936 -1.308481
v -5.942573 24.270233 -1.712363
v -5.927111 24.992828 -1.856123
v -5.962083 25.715424 -1.715827
v -5.057402 26.340723 -1.139382
v -4.977572 25.729134 -1.541026
v -4.942600 25.006538 -1.681323
v -4.958062 24.283943 -1.537562
v -5.021245 23.671646 -1.133680
v -5.122777 23.262976 -0.529776
v -5.247164 23.118740 0.182105
v -5.375444 23.262978 0.893294
v -5.567727 24.283943 1.896186
v -5.602700 25.006538 2.036483
v -5.587238 25.729134 1.892722
v -5.523922 26.340723 1.488146
v -5.422522 26.750099 0.884936
v -5.298136 26.894337 0.173055
v -5.169855 26.750099 -0.538134
v -3.305933 26.094433 1.601148
v -3.225392 26.418964 1.122069
v -5.544428 26.449608 1.595102
v -5.434701 26.892216 0.942381
v -3.126925 26.532799 0.558555
v -5.300084 27.047764 0.171991
v -3.025251 26.418259 -0.005107
v -5.161513 26.892216 -0.596261
v -2.936080 26.094433 -0.481936
v -5.039721 26.450315 -1.247558
v -2.872783 25.608696 -0.800336
v -4.953518 25.787817 -1.681107
v -2.845159 25.036701 -0.911056
v -4.915652 25.006538 -1.833098
v -2.857339 24.464705 -0.797594
v -4.932424 24.225258 -1.677361
v -2.907520 23.978968 -0.476866
v -5.000738 23.562761 -1.240637
v -2.988062 23.654436 0.002214
v -5.110599 23.120861 -0.587221
v -3.086529 23.540604 0.565727
v -5.245083 22.964605 0.182474
v -3.188070 23.654436 1.128695
v -5.383786 23.120861 0.951421
v -3.249721 24.686716 1.394961
v -3.249721 24.686716 1.394961
v -3.156509 24.191788 0.908794
v -3.156509 24.191788 0.908794
v -3.340537 24.463999 1.923924
v -3.368294 25.036701 2.035339
v -5.591781 24.225258 2.036267
v -5.629514 25.005831 2.187563
v -3.356115 25.608696 1.921877
v -5.612876 25.787819 2.032521
v -5.461392 23.402971 1.366387
v -5.461392 23.402971 1.366387
v -5.443826 23.511854 1.258908
v -5.443826 23.511854 1.258908
v -5.536760 23.803156 1.759487
v -5.536760 23.803156 1.759487
v -5.519194 23.912041 1.652008
v -5.519194 23.912041 1.652008
v -5.641481 23.670214 1.467272
v -5.629777 23.783710 1.546913
v -5.353662 24.634043 1.006323
v -5.224648 24.659212 1.044311
v -3.222783 23.780996 1.314282
v -3.222783 23.780996 1.314282
v -5.131437 24.164284 0.558144
v -5.267508 24.176588 0.556966
v -5.390589 24.218168 0.600466
v -5.483101 24.282175 0.681711
v -5.456636 24.568861 0.944950
v -3.749373 23.561323 1.436953
v -4.311044 23.428637 1.464344
v -4.880116 23.384027 1.400649
v -5.259422 23.370985 1.341203
v -5.395836 23.381168 1.342118
v -5.501464 23.530926 1.278838
v -5.594090 23.594225 1.360780
v -5.567511 23.881617 1.623321
v -5.481990 23.838623 1.791475
v -5.352634 23.865913 1.827369
v -4.973328 23.878956 1.886815
v -4.404256 23.923565 1.950510
v -3.842585 24.056252 1.923120
v -3.315995 24.275925 1.800448
v -3.315995 24.275925 1.800448
v -6.516184 19.200752 1.915946
v -6.373437 18.442806 1.171416
vt 0.274000 0.368000
vt 0.279000 0.327000
vt 0.242000 0.326000
vt 0.241000 0.369000
vt 0.272000 0.588000
vt 0.287000 0.560000
vt 0.268000 0.548000
vt 0.247000 0.573000
vt 0.211000 0.369000
vt 0.215000 0.327000
vt 0.224000 0.498000
vt 0.213000 0.478000
vt 0.173000 0.488000
vt 0.191000 0.516000
vt 0.317000 0.288000
vt 0.285000 0.284000
vt 0.312000 0.329000
vt 0.236000 0.517000
vt 0.207000 0.537000
vt 0.451000 0.531000
vt 0.480000 0.550000
vt 0.498000 0.529000
vt 0.465000 0.513000
vt 0.485000 0.473000
vt 0.476000 0.494000
vt 0.514000 0.505000
vt 0.524000 0.481000
vt 0.416000 0.477000
vt 0.388000 0.470000
vt 0.386000 0.477000
vt 0.411000 0.488000
vt 0.374000 0.574000
vt 0.381000 0.604000
vt 0.408000 0.597000
vt 0.396000 0.568000
vt 0.459000 0.569000
vt 0.435000 0.546000
vt 0.404000 0.498000
vt 0.382000 0.483000
vt 0.785000 0.429000
vt 0.773000 0.440000
vt 0.808000 0.464000
vt 0.832000 0.429000
vt 0.817000 0.422000
vt 0.800000 0.422000
vt 0.767000 0.456000
vt 0.767000 0.472000
vt 0.844000 0.440000
vt 0.773000 0.487000
vt 0.608000 0.758000
vt 0.608000 0.774000
vt 0.812000 0.774000
vt 0.812000 0.758000
vt 0.608000 0.724000
vt 0.608000 0.741000
vt 0.812000 0.741000
vt 0.812000 0.724000
vt 0.608000 0.791000
vt 0.608000 0.807000
vt 0.812000 0.807000
vt 0.812000 0.791000
vt 0.761000 0.407000
vt 0.775000 0.373000
vt 0.768000 0.371000
vt 0.755000 0.403000
vt 0.610000 0.306000
vt 0.604000 0.302000
vt 0.589000 0.336000
vt 0.596000 0.337000
vt 0.785000 0.499000
vt 0.800000 0.506000
vt 0.817000 0.506000
vt 0.850000 0.472000
vt 0.850000 0.456000
vt 0.832000 0.499000
vt 0.844000 0.487000
vt 0.731000 0.427000
vt 0.700000 0.440000
vt 0.701000 0.447000
vt 0.735000 0.433000
vt 0.672000 0.133000
vt 0.619000 0.132000
vt 0.623000 0.164000
vt 0.608000 0.883000
vt 0.608000 0.900000
vt 0.812000 0.900000
vt 0.812000 0.883000
vt 0.665000 0.440000
vt 0.664000 0.447000
vt 0.634000 0.427000
vt 0.630000 0.433000
vt 0.608000 0.916000
vt 0.812000 0.916000
vt 0.677000 0.161000
vt 0.628000 0.171000
vt 0.633000 0.179000
vt 0.735000 0.275000
vt 0.701000 0.261000
vt 0.700000 0.268000
vt 0.731000 0.281000
vt 0.696000 0.425000
vt 0.721000 0.414000
vt 0.706000 0.392000
vt 0.691000 0.398000
vt 0.664000 0.261000
vt 0.630000 0.275000
vt 0.634000 0.281000
vt 0.665000 0.268000
vt 0.775000 0.336000
vt 0.768000 0.337000
vt 0.608000 0.833000
vt 0.608000 0.850000
vt 0.812000 0.850000
vt 0.812000 0.833000
vt 0.608000 0.866000
vt 0.812000 0.866000
vt 0.761000 0.302000
vt 0.755000 0.306000
vt 0.724000 0.348000
vt 0.724000 0.365000
vt 0.750000 0.370000
vt 0.750000 0.343000
vt 0.608000 0.824000
vt 0.812000 0.824000
vt 0.608000 0.933000
vt 0.812000 0.933000
vt 0.589000 0.373000
vt 0.596000 0.371000
vt 0.320000 0.211000
vt 0.283000 0.219000
vt 0.289000 0.247000
vt 0.324000 0.251000
vt 0.352000 0.607000
vt 0.352000 0.576000
vt 0.329000 0.574000
vt 0.323000 0.605000
vt 0.402000 0.292000
vt 0.383000 0.258000
vt 0.358000 0.498000
vt 0.363000 0.522000
vt 0.374000 0.519000
vt 0.365000 0.496000
vt 0.423000 0.340000
vt 0.449000 0.342000
vt 0.446000 0.302000
vt 0.423000 0.301000
vt 0.215000 0.282000
vt 0.247000 0.282000
vt 0.249000 0.244000
vt 0.213000 0.247000
vt 0.237000 0.224000
vt 0.214000 0.227000
vt 0.166000 0.457000
vt 0.161000 0.459000
vt 0.396000 0.337000
vt 0.309000 0.369000
vt 0.394000 0.376000
vt 0.385000 0.514000
vt 0.371000 0.493000
vt 0.316000 0.477000
vt 0.313000 0.470000
vt 0.284000 0.478000
vt 0.290000 0.489000
vt 0.538000 0.451000
vt 0.552000 0.416000
vt 0.540000 0.414000
vt 0.533000 0.450000
vt 0.445000 0.293000
vt 0.471000 0.301000
vt 0.469000 0.289000
vt 0.421000 0.378000
vt 0.393000 0.402000
vt 0.421000 0.404000
vt 0.437000 0.584000
vt 0.416000 0.558000
vt 0.307000 0.569000
vt 0.296000 0.598000
vt 0.302000 0.537000
vt 0.288000 0.527000
vt 0.275000 0.516000
vt 0.251000 0.533000
vt 0.452000 0.468000
vt 0.446000 0.485000
vt 0.487000 0.288000
vt 0.485000 0.300000
vt 0.231000 0.060000
vt 0.191000 0.070000
vt 0.222000 0.193000
vt 0.264000 0.178000
vt 0.303000 0.163000
vt 0.154000 0.341000
vt 0.148000 0.301000
vt 0.109000 0.317000
vt 0.123000 0.354000
vt 0.136000 0.391000
vt 0.147000 0.423000
vt 0.160000 0.417000
vt 0.158000 0.382000
vt 0.038000 0.510000
vt 0.015000 0.510000
vt 0.015000 0.614000
vt 0.038000 0.614000
vt 0.134000 0.427000
vt 0.113000 0.398000
vt 0.151000 0.462000
vt 0.156000 0.461000
vt 0.068000 0.333000
vt 0.090000 0.365000
vt 0.063000 0.373000
vt 0.092000 0.403000
vt 0.050000 0.299000
vt 0.033000 0.316000
vt 0.045000 0.346000
vt 0.039000 0.263000
vt 0.025000 0.270000
vt 0.528000 0.449000
vt 0.523000 0.447000
vt 0.527000 0.411000
vt 0.515000 0.408000
vt 0.523000 0.381000
vt 0.543000 0.384000
vt 0.545000 0.342000
vt 0.516000 0.342000
vt 0.510000 0.299000
vt 0.544000 0.298000
vt 0.561000 0.385000
vt 0.570000 0.341000
vt 0.505000 0.378000
vt 0.578000 0.288000
vt 0.558000 0.417000
vt 0.569000 0.385000
vt 0.466000 0.266000
vt 0.488000 0.261000
vt 0.489000 0.247000
vt 0.464000 0.254000
vt 0.423000 0.293000
vt 0.488000 0.223000
vt 0.460000 0.229000
vt 0.186000 0.330000
vt 0.190000 0.286000
vt 0.085000 0.253000
vt 0.132000 0.242000
vt 0.128000 0.214000
vt 0.080000 0.217000
vt 0.109000 0.087000
vt 0.068000 0.092000
vt 0.480000 0.379000
vt 0.483000 0.407000
vt 0.138000 0.263000
vt 0.093000 0.279000
vt 0.453000 0.379000
vt 0.476000 0.342000
vt 0.307000 0.508000
vt 0.325000 0.489000
vt 0.320000 0.484000
vt 0.298000 0.499000
vt 0.438000 0.265000
vt 0.441000 0.274000
vt 0.330000 0.839000
vt 0.330000 0.860000
vt 0.599000 0.860000
vt 0.599000 0.839000
vt 0.329000 0.640000
vt 0.329000 0.661000
vt 0.598000 0.661000
vt 0.598000 0.640000
vt 0.330000 0.818000
vt 0.599000 0.818000
vt 0.330000 0.964000
vt 0.330000 0.985000
vt 0.599000 0.985000
vt 0.599000 0.964000
vt 0.329000 0.681000
vt 0.598000 0.681000
vt 0.329000 0.723000
vt 0.329000 0.744000
vt 0.598000 0.744000
vt 0.598000 0.723000
vt 0.329000 0.765000
vt 0.329000 0.786000
vt 0.598000 0.786000
vt 0.598000 0.765000
vt 0.329000 0.702000
vt 0.598000 0.702000
vt 0.330000 0.881000
vt 0.330000 0.902000
vt 0.599000 0.902000
vt 0.599000 0.881000
vt 0.330000 0.922000
vt 0.330000 0.943000
vt 0.599000 0.943000
vt 0.599000 0.922000
vt 0.329000 0.807000
vt 0.598000 0.807000
vt 0.224000 0.555000
vt 0.181000 0.816000
vt 0.162000 0.824000
vt 0.191000 0.869000
vt 0.236000 0.839000
vt 0.221000 0.824000
vt 0.236000 0.899000
vt 0.244000 0.879000
vt 0.147000 0.899000
vt 0.162000 0.913000
vt 0.244000 0.858000
vt 0.202000 0.816000
vt 0.139000 0.858000
vt 0.139000 0.879000
vt 0.181000 0.921000
vt 0.202000 0.921000
vt 0.221000 0.913000
vt 0.147000 0.839000
vt 0.241000 0.402000
vt 0.275000 0.401000
vt 0.171000 0.454000
vt 0.172000 0.411000
vt 0.665000 0.499000
vt 0.685000 0.503000
vt 0.700000 0.467000
vt 0.665000 0.460000
vt 0.627000 0.515000
vt 0.645000 0.503000
vt 0.629000 0.467000
vt 0.599000 0.487000
vt 0.665000 0.606000
vt 0.645000 0.602000
vt 0.629000 0.638000
vt 0.665000 0.645000
vt 0.714000 0.532000
vt 0.718000 0.552000
vt 0.758000 0.552000
vt 0.751000 0.517000
vt 0.731000 0.487000
vt 0.703000 0.515000
vt 0.700000 0.638000
vt 0.685000 0.602000
vt 0.612000 0.552000
vt 0.572000 0.529000
vt 0.572000 0.552000
vt 0.616000 0.573000
vt 0.572000 0.576000
vt 0.579000 0.588000
vt 0.587000 0.003000
vt 0.547000 0.006000
vt 0.555000 0.116000
vt 0.593000 0.115000
vt 0.751000 0.588000
vt 0.714000 0.573000
vt 0.599000 0.618000
vt 0.627000 0.590000
vt 0.731000 0.618000
vt 0.703000 0.590000
vt 0.579000 0.517000
vt 0.616000 0.532000
vt 0.508000 0.009000
vt 0.517000 0.118000
vt 0.121000 0.430000
vt 0.027000 0.096000
vt 0.011000 0.097000
vt 0.022000 0.216000
vt 0.036000 0.216000
vt 0.186000 0.248000
vt 0.182000 0.231000
vt 0.176000 0.206000
vt 0.357000 0.198000
vt 0.339000 0.149000
vt 0.311000 0.039000
vt 0.272000 0.049000
vt 0.178000 0.374000
vt 0.351000 0.499000
vt 0.344000 0.498000
vt 0.339000 0.522000
vt 0.351000 0.523000
vt 0.311000 0.463000
vt 0.280000 0.465000
vt 0.328000 0.519000
vt 0.318000 0.543000
vt 0.334000 0.547000
vt 0.427000 0.514000
vt 0.437000 0.501000
vt 0.309000 0.399000
vt 0.150000 0.079000
vt 0.510000 0.288000
vt 0.469000 0.013000
vt 0.430000 0.017000
vt 0.445000 0.125000
vt 0.481000 0.121000
vt 0.451000 0.172000
vt 0.485000 0.167000
vt 0.468000 0.278000
vt 0.488000 0.273000
vt 0.395000 0.507000
vt 0.377000 0.489000
vt 0.410000 0.131000
vt 0.420000 0.179000
vt 0.317000 0.514000
vt 0.337000 0.497000
vt 0.331000 0.493000
vt 0.388000 0.188000
vt 0.407000 0.249000
vt 0.430000 0.239000
vt 0.421000 0.281000
vt 0.419000 0.275000
vt 0.422000 0.287000
vt 0.443000 0.283000
vt 0.375000 0.139000
vt 0.351000 0.031000
vt 0.391000 0.023000
vt 0.542000 0.452000
vt 0.420000 0.465000
vt 0.390000 0.463000
vt 0.453000 0.437000
vt 0.421000 0.436000
vt 0.264000 0.503000
vt 0.414000 0.526000
vt 0.400000 0.536000
vt 0.351000 0.548000
vt 0.368000 0.547000
vt 0.385000 0.543000
vt 0.254000 0.487000
vt 0.247000 0.470000
vt 0.210000 0.405000
vt 0.211000 0.444000
vt 0.492000 0.341000
vt 0.485000 0.441000
vt 0.582000 0.339000
vt 0.590000 0.274000
vt 0.519000 0.223000
vt 0.516000 0.249000
vt 0.546000 0.254000
vt 0.551000 0.227000
vt 0.543000 0.280000
vt 0.574000 0.275000
vt 0.544000 0.267000
vt 0.514000 0.260000
vt 0.635000 0.188000
vt 0.593000 0.166000
vt 0.586000 0.233000
vt 0.601000 0.236000
vt 0.608000 0.167000
vt 0.578000 0.264000
vt 0.512000 0.271000
vt 0.609000 0.115000
vt 0.555000 0.165000
vt 0.519000 0.165000
vt 0.015000 0.762000
vt 0.088000 0.699000
vt 0.038000 0.701000
vt 0.015000 0.726000
vt 0.130000 0.806000
vt 0.133000 0.736000
vt 0.108000 0.721000
vt 0.040000 0.819000
vt 0.279000 0.868000
vt 0.312000 0.842000
vt 0.305000 0.821000
vt 0.272000 0.834000
vt 0.305000 0.915000
vt 0.311000 0.893000
vt 0.272000 0.901000
vt 0.059000 0.860000
vt 0.111000 0.834000
vt 0.776000 0.067000
vt 0.793000 0.017000
vt 0.745000 0.009000
vt 0.747000 0.062000
vt 0.678000 0.105000
vt 0.630000 0.086000
vt 0.293000 0.936000
vt 0.253000 0.930000
vt 0.158000 0.949000
vt 0.119000 0.967000
vt 0.141000 0.980000
vt 0.815000 0.160000
vt 0.864000 0.178000
vt 0.874000 0.130000
vt 0.821000 0.132000
vt 0.719000 0.067000
vt 0.697000 0.019000
vt 0.657000 0.046000
vt 0.695000 0.082000
vt 0.158000 0.787000
vt 0.170000 0.747000
vt 0.798000 0.183000
vt 0.837000 0.220000
vt 0.164000 0.987000
vt 0.191000 0.955000
vt 0.274000 0.776000
vt 0.253000 0.806000
vt 0.294000 0.799000
vt 0.815000 0.105000
vt 0.863000 0.082000
vt 0.834000 0.043000
vt 0.800000 0.082000
vt 0.192000 0.780000
vt 0.205000 0.754000
vt 0.189000 0.990000
vt 0.212000 0.989000
vt 0.225000 0.949000
vt 0.745000 0.203000
vt 0.748000 0.258000
vt 0.796000 0.247000
vt 0.774000 0.198000
vt 0.692000 0.184000
vt 0.655000 0.224000
vt 0.699000 0.250000
vt 0.716000 0.199000
vt 0.225000 0.787000
vt 0.244000 0.765000
vt 0.716000 0.697000
vt 0.712000 0.702000
vt 0.812000 0.708000
vt 0.238000 0.981000
vt 0.110000 0.901000
vt 0.088000 0.922000
vt 0.101000 0.951000
vt 0.129000 0.930000
vt 0.260000 0.970000
vt 0.278000 0.954000
vt 0.038000 0.662000
vt 0.015000 0.662000
vt 0.104000 0.868000
vt 0.073000 0.889000
vt 0.314000 0.868000
vt 0.351000 0.462000
vt 0.860000 0.355000
vt 0.871000 0.383000
vt 0.898000 0.375000
vt 0.887000 0.344000
vt 0.912000 0.335000
vt 0.923000 0.368000
vt 0.948000 0.360000
vt 0.936000 0.325000
vt 0.975000 0.353000
vt 0.963000 0.315000
vt 0.878000 0.411000
vt 0.905000 0.406000
vt 0.931000 0.401000
vt 0.956000 0.396000
vt 0.984000 0.392000
vt 0.883000 0.439000
vt 0.910000 0.437000
vt 0.935000 0.434000
vt 0.961000 0.432000
vt 0.988000 0.430000
vt 0.885000 0.467000
vt 0.911000 0.467000
vt 0.937000 0.468000
vt 0.962000 0.468000
vt 0.989000 0.469000
vt 0.883000 0.495000
vt 0.910000 0.498000
vt 0.935000 0.501000
vt 0.960000 0.504000
vt 0.987000 0.507000
vt 0.878000 0.523000
vt 0.905000 0.528000
vt 0.929000 0.534000
vt 0.954000 0.539000
vt 0.981000 0.545000
vt 0.871000 0.550000
vt 0.897000 0.558000
vt 0.921000 0.566000
vt 0.945000 0.574000
vt 0.971000 0.582000
vt 0.861000 0.577000
vt 0.886000 0.587000
vt 0.909000 0.597000
vt 0.933000 0.607000
vt 0.958000 0.618000
vt 0.848000 0.602000
vt 0.872000 0.615000
vt 0.895000 0.628000
vt 0.917000 0.640000
vt 0.941000 0.653000
vt 0.833000 0.626000
vt 0.856000 0.642000
vt 0.877000 0.657000
vt 0.899000 0.671000
vt 0.921000 0.686000
vt 0.815000 0.648000
vt 0.836000 0.667000
vt 0.857000 0.684000
vt 0.878000 0.701000
vt 0.900000 0.717000
vt 0.701000 0.708000
vt 0.608000 0.708000
vt 0.608000 0.949000
vt 0.701000 0.949000
vt 0.636000 0.196000
vt 0.816000 0.279000
vt 0.833000 0.302000
vt 0.857000 0.287000
vt 0.837000 0.260000
vt 0.859000 0.243000
vt 0.880000 0.272000
vt 0.903000 0.258000
vt 0.881000 0.226000
vt 0.927000 0.243000
vt 0.905000 0.209000
vt 0.848000 0.328000
vt 0.873000 0.315000
vt 0.897000 0.303000
vt 0.921000 0.291000
vt 0.947000 0.278000
vt 0.696000 0.288000
vt 0.691000 0.315000
vt 0.706000 0.321000
vt 0.721000 0.299000
vt 0.659000 0.392000
vt 0.647000 0.380000
vt 0.624000 0.395000
vt 0.644000 0.414000
vt 0.674000 0.315000
vt 0.669000 0.288000
vt 0.644000 0.299000
vt 0.659000 0.321000
vt 0.718000 0.333000
vt 0.740000 0.318000
vt 0.669000 0.425000
vt 0.674000 0.398000
vt 0.634000 0.200000
vt 0.624000 0.318000
vt 0.614000 0.343000
vt 0.641000 0.348000
vt 0.647000 0.333000
vt 0.619000 0.162000
vt 0.614000 0.370000
vt 0.641000 0.365000
vt 0.598000 0.394000
vt 0.604000 0.391000
vt 0.619000 0.412000
vt 0.613000 0.416000
vt 0.746000 0.380000
vt 0.728000 0.407000
vt 0.710000 0.951000
vt 0.812000 0.949000
vt 0.707000 0.706000
vt 0.715000 0.955000
vt 0.718000 0.960000
vt 0.720000 0.966000
vt 0.812000 0.966000
vt 0.812000 0.691000
vt 0.717000 0.691000
vt 0.807000 0.656000
vt 0.824000 0.679000
vt 0.844000 0.699000
vt 0.865000 0.717000
vt 0.879000 0.728000
vt 0.884000 0.733000
vt 0.885000 0.737000
vt 0.890000 0.188000
vt 0.889000 0.192000
vt 0.884000 0.197000
vt 0.868000 0.209000
vt 0.846000 0.227000
vt 0.825000 0.248000
vt 0.807000 0.271000
vt 0.193000 0.600000
vt 0.148000 0.600000
vt 0.149000 0.606000
vt 0.194000 0.606000
vt 0.090000 0.502000
vt 0.135000 0.502000
vt 0.136000 0.496000
vt 0.091000 0.496000
vt 0.150000 0.612000
vt 0.195000 0.612000
vt 0.089000 0.508000
vt 0.134000 0.508000
vt 0.088000 0.521000
vt 0.140000 0.521000
vt 0.140000 0.515000
vt 0.088000 0.515000
vt 0.196000 0.619000
vt 0.144000 0.619000
vt 0.144000 0.625000
vt 0.196000 0.625000
vt 0.143000 0.615000
vt 0.150000 0.615000
vt 0.133000 0.511000
vt 0.141000 0.511000
vt 0.139000 0.539000
vt 0.088000 0.614000
vt 0.129000 0.591000
vt 0.137000 0.565000
vt 0.169000 0.718000
vt 0.196000 0.718000
vt 0.155000 0.695000
vt 0.115000 0.614000
vt 0.147000 0.669000
vt 0.144000 0.643000
vt 0.061000 0.510000
vt 0.065000 0.614000
vt 0.602000 0.003000
vt 0.071000 0.661000
vt 0.243000 0.439000
vt 0.277000 0.438000
vt 0.453000 0.406000
vt 0.310000 0.439000
vt 0.351000 0.437000
vt 0.310000 0.440000
vt 0.391000 0.436000
vn -0.8866 0.2403 0.3951
vn -0.8995 0.2447 0.3618
vn -0.7237 0.1857 0.6646
vn -0.7128 0.1792 0.6780
vn -0.1308 0.8389 0.5283
vn -0.2703 0.8325 0.4836
vn -0.2989 0.7190 0.6274
vn -0.1601 0.7125 0.6831
vn -0.4815 0.1028 0.8704
vn -0.5204 0.1266 0.8444
vn -0.3614 0.2265 0.9044
vn -0.3625 0.0908 0.9275
vn -0.0902 0.0201 0.9957
vn -0.2110 0.1927 0.9583
vn -0.9688 0.2479 0.0016
vn -0.9109 0.2264 0.3448
vn -0.9618 0.2734 0.0082
vn -0.3451 0.4154 0.8416
vn -0.2017 0.3884 0.8991
vn -0.0435 0.5747 -0.8172
vn 0.1126 0.5448 -0.8309
vn 0.1323 0.3688 -0.9200
vn -0.0287 0.4118 -0.9108
vn -0.0275 0.0776 -0.9966
vn -0.0255 0.2255 -0.9739
vn 0.1357 0.1776 -0.9747
vn 0.2328 0.0232 -0.9722
vn -0.6845 0.2968 -0.6659
vn -0.8994 0.2593 -0.3519
vn -0.8881 0.3194 -0.3303
vn -0.6717 0.4085 -0.6180
vn -0.1481 0.9682 -0.2015
vn -0.0103 0.9817 -0.1898
vn 0.0300 0.9239 -0.3814
vn -0.1142 0.9150 -0.3869
vn 0.0860 0.6962 -0.7126
vn -0.0651 0.7140 -0.6970
vn -0.6687 0.4913 -0.5581
vn -0.8849 0.3487 -0.3087
vn 0.9845 0.0137 0.1748
vn -0.1332 0.7070 0.6945
vn -0.1667 0.3826 0.9087
vn -0.0135 0.9999 -0.0024
vn -0.0793 0.9238 0.3746
vn -0.1748 0.0000 0.9846
vn -0.1563 -0.3826 0.9106
vn -0.9845 -0.0137 -0.1748
vn -0.0547 -0.9236 0.3795
vn -0.0545 -0.9236 0.3796
vn -0.0850 -0.8316 0.5488
vn 0.0793 -0.9238 -0.3746
vn 0.1332 -0.7070 -0.6945
vn 0.1667 -0.3826 -0.9087
vn -0.1146 -0.7070 0.6978
vn -0.0856 -0.8308 0.5499
vn -0.1140 -0.7070 0.6979
vn -0.0544 -0.9238 0.3790
vn 0.0135 -0.9999 0.0024
vn 0.1748 0.0000 -0.9846
vn -0.9797 0.1984 0.0280
vn -0.8701 0.3226 0.3728
vn -0.9102 0.2295 0.3446
vn -0.9799 0.1991 -0.0026
vn -0.0480 0.9988 -0.0079
vn -0.1783 0.9835 -0.0313
vn -0.2074 0.9683 0.1391
vn -0.0728 0.9817 0.1761
vn -0.9178 0.1728 -0.3575
vn -0.9586 0.0732 -0.2750
vn -0.8909 0.4154 -0.1836
vn -0.7000 0.6822 -0.2111
vn -0.6853 0.6561 -0.3160
vn -0.8870 0.4035 -0.2243
vn -0.7115 0.2459 -0.6582
vn -0.4615 0.1995 -0.8644
vn -0.5104 0.1610 -0.8447
vn -0.7371 0.2265 -0.6367
vn -0.5314 0.1296 0.8372
vn -0.7439 0.1798 0.6437
vn -0.7396 0.2245 0.6345
vn -0.5056 0.1694 0.8460
vn -0.6366 0.4045 0.6565
vn -0.4427 0.3972 0.8039
vn 0.2043 -0.1428 0.9684
vn 0.5622 -0.1892 0.8050
vn -0.8957 0.2711 -0.3522
vn -0.9611 0.2757 0.0175
vn -0.8943 0.2715 -0.3555
vn -0.6761 0.6153 -0.4053
vn -0.8848 0.3892 -0.2561
vn -0.9476 0.3194 0.0044
vn -0.9656 0.2593 0.0208
vn -0.8719 0.2968 0.3895
vn -0.8434 0.4085 0.3490
vn 0.9575 -0.1180 -0.2629
vn 0.9221 -0.1810 -0.3419
vn 0.7661 -0.2357 -0.5979
vn 0.8006 -0.1701 -0.5745
vn -0.5553 0.0591 -0.8296
vn -0.2609 0.0775 -0.9622
vn -0.2929 -0.0772 -0.9530
vn -0.7042 0.2338 -0.6703
vn -0.8976 0.2627 -0.3540
vn -0.7027 0.2141 -0.6785
vn 0.0583 0.8227 -0.5654
vn -0.0890 0.8304 -0.5499
vn -0.2393 0.9156 0.3230
vn -0.1010 0.9250 0.3661
vn -0.5432 0.7676 0.3401
vn -0.5715 0.6796 0.4599
vn -0.5986 0.5696 0.5632
vn -0.3253 0.5775 0.7488
vn -0.3675 0.1551 -0.9170
vn -0.3680 0.2824 -0.8859
vn 0.0811 -0.1708 -0.9819
vn 0.0550 -0.0128 -0.9984
vn -0.7903 0.4902 0.3675
vn -0.4998 0.6479 0.5747
vn -0.5216 0.5902 0.6161
vn -0.8063 0.4565 0.3761
vn -0.9649 0.2496 0.0809
vn 0.2089 -0.1720 0.9627
vn 0.2137 -0.0788 0.9737
vn 0.5633 -0.1083 0.8191
vn 0.5546 -0.2184 0.8029
vn 0.5535 -0.2578 0.7919
vn 0.5575 -0.2389 0.7950
vn 0.2050 -0.1794 0.9622
vn 0.2011 -0.1953 0.9599
vn 0.8351 -0.1728 0.5222
vn 0.8345 -0.1817 0.5201
vn 0.9334 -0.0775 0.3503
vn 0.8394 -0.1324 0.5270
vn 0.8279 -0.0657 0.5570
vn 0.8345 -0.1473 0.5309
vn 0.9181 -0.0805 0.3880
vn 0.9262 -0.1068 0.3615
vn 0.7902 0.0711 0.6087
vn 0.8577 0.0473 0.5119
vn 0.9000 -0.0343 0.4346
vn 0.7414 0.2571 0.6198
vn 0.7592 0.2364 0.6063
vn 0.5311 -0.1330 -0.8368
vn 0.2184 -0.0384 -0.9751
vn 0.5236 -0.1822 -0.8322
vn 0.1843 -0.0331 -0.9823
vn 0.5232 -0.1800 -0.8330
vn 0.7488 -0.2497 -0.6139
vn 0.7741 -0.1953 -0.6021
vn 0.5181 -0.1210 -0.8467
vn 0.5117 -0.0930 -0.8541
vn 0.8054 -0.1391 -0.5761
vn 0.8883 -0.2064 -0.4102
vn 0.8829 -0.1942 -0.4274
vn 0.1343 0.0107 -0.9909
vn 0.9041 -0.1814 -0.3868
vn 0.9728 -0.1283 -0.1928
vn 0.9407 -0.1657 -0.2959
vn -0.3606 -0.4291 -0.8281
vn 0.0421 -0.5446 -0.8376
vn 0.0397 -0.6578 -0.7521
vn -0.3727 -0.5306 -0.7613
vn -0.7693 0.1618 -0.6180
vn 0.0690 -0.7022 -0.7086
vn -0.3458 -0.5859 -0.7328
vn -0.1916 -0.0115 0.9814
vn -0.2120 0.0410 0.9764
vn 0.5964 0.2935 0.7471
vn 0.2393 0.3794 0.8937
vn 0.2474 0.5909 0.7679
vn 0.6021 0.4580 0.6540
vn 0.2538 0.6584 0.7085
vn 0.6020 0.5096 0.6147
vn -0.1736 0.1292 -0.9763
vn -0.1234 0.0733 -0.9896
vn 0.2241 0.1103 0.9683
vn 0.5824 0.0741 0.8095
vn -0.4230 0.1713 -0.8897
vn -0.2239 0.1498 -0.9630
vn -0.7969 0.5602 0.2260
vn -0.9280 0.3708 -0.0369
vn -0.9371 0.3487 -0.0147
vn -0.8199 0.4913 0.2937
vn -0.6779 -0.3221 -0.6608
vn -0.6508 -0.2384 -0.7208
vn 0.8584 0.2834 0.4274
vn -0.8584 -0.2834 -0.4274
vn -0.9604 0.2581 0.1045
vn -0.6020 -0.5096 -0.6147
vn 0.5000 -0.6479 -0.5746
vn 0.7903 -0.4902 -0.3675
vn 0.9604 -0.2581 -0.1045
vn -0.2540 -0.6584 -0.7085
vn 0.2540 0.6584 0.7085
vn -0.5000 0.6479 0.5746
vn -0.1873 0.5539 0.8112
vn -0.7019 0.1657 0.6927
vn -0.8885 0.2243 0.4002
vn -0.1173 -0.0367 0.9924
vn -0.1259 -0.0423 0.9911
vn 0.9069 -0.3610 -0.2175
vn 0.4998 -0.6479 -0.5747
vn 0.4993 -0.6478 -0.5753
vn 0.9304 -0.1045 0.3513
vn 0.7450 0.4003 0.5336
vn 0.7456 0.3961 0.5359
vn 0.7217 0.3861 0.5745
vn 0.7308 0.3772 0.5689
vn -0.1881 0.1335 0.9730
vn -0.1644 0.3954 0.9037
vn -0.1425 0.6312 0.7624
vn -0.9689 0.0206 -0.2466
vn -0.9785 0.0056 -0.2060
vn -0.9605 0.2579 0.1043
vn -0.1522 -0.0400 0.9875
vn -0.8956 0.4154 -0.1590
vn -0.8996 0.4155 -0.1344
vn -0.7299 0.6822 -0.0424
vn -0.7113 0.6914 -0.1263
vn -0.9705 0.2393 0.0271
vn -0.8842 0.2259 0.4087
vn -0.7523 0.6560 0.0606
vn -0.5148 0.8319 0.2071
vn -0.4833 0.8738 0.0535
vn -0.3681 0.5696 -0.7349
vn -0.3634 0.4407 -0.8208
vn -0.9644 0.2638 0.0194
vn 0.5116 -0.1766 -0.8409
vn -0.2538 -0.6584 -0.7085
vn -0.2618 -0.6394 -0.7229
vn 0.1249 -0.7013 -0.7018
vn -0.3008 -0.6174 -0.7269
vn 0.1032 -0.6996 -0.7070
vn -0.3236 -0.2598 -0.9098
vn 0.0682 -0.3735 -0.9251
vn -0.6704 0.5602 -0.4865
vn -0.8839 0.3708 -0.2848
vn -0.6033 -0.4817 -0.6356
vn -0.6275 -0.4428 -0.6404
vn -0.7742 0.6155 0.1475
vn -0.9099 0.4039 -0.0946
vn -0.9189 0.3892 -0.0641
vn -0.8600 -0.2105 -0.4647
vn -0.8694 -0.1522 -0.4700
vn -0.6674 -0.3825 -0.6389
vn -0.8482 -0.0492 -0.5274
vn -0.8648 -0.1095 -0.4900
vn -0.8007 0.0574 -0.5964
vn -0.6047 -0.0886 -0.7915
vn -0.8551 -0.2520 -0.4530
vn -0.8585 -0.2833 -0.4273
vn 0.9921 -0.0741 -0.1014
vn -0.6891 0.2199 -0.6905
vn -0.9018 0.2390 -0.3600
vn -0.3946 0.1268 -0.9101
vn -0.7011 0.2138 -0.6803
vn -0.6237 0.4406 0.6456
vn -0.3782 0.6796 -0.6285
vn -0.3928 0.7675 -0.5065
vn -0.4556 0.8865 -0.0809
vn -0.4352 0.8739 -0.2164
vn -0.4118 0.8320 -0.3717
vn -0.6504 0.2824 0.7051
vn -0.6588 0.1697 0.7329
vn -0.4394 0.0894 0.8938
vn -0.4037 0.0711 0.9121
vn 0.0795 0.0470 -0.9957
vn -0.0768 0.0485 -0.9958
vn 0.9141 -0.1870 -0.3597
vn 0.9186 -0.2549 -0.3020
vn 0.4966 -0.6597 -0.5641
vn 0.4965 -0.6166 -0.6109
vn 0.8027 -0.4480 -0.3936
vn 0.7931 -0.4922 -0.3586
vn 0.8215 -0.2028 -0.5329
vn 0.9135 -0.2273 -0.3373
vn 0.8186 -0.3378 -0.4645
vn 0.5150 -0.4970 -0.6984
vn -0.1373 -0.5563 0.8195
vn 0.9068 -0.3611 -0.2176
vn 0.9063 -0.3619 -0.2181
vn 0.9193 -0.3418 -0.1951
vn 0.9201 -0.3402 -0.1941
vn 0.9108 -0.3172 -0.2643
vn 0.5161 -0.3484 -0.7825
vn 0.9202 -0.3399 -0.1939
vn 0.4984 -0.6482 -0.5757
vn 0.9846 0.0141 0.1741
vn 0.9847 0.0145 0.1736
vn 0.9843 0.0122 0.1758
vn 0.9849 0.0118 0.1729
vn 0.9849 0.0137 0.1724
vn 0.1667 -0.3827 -0.9087
vn 0.9852 0.0074 0.1712
vn 0.9860 -0.0009 0.1665
vn 0.0545 0.9235 -0.3797
vn 0.0794 -0.9237 -0.3746
vn -0.0795 0.9235 0.3752
vn 0.9837 0.0132 0.1791
vn 0.9837 0.0127 0.1790
vn 0.9842 0.0107 0.1769
vn 0.1140 0.7070 -0.6979
vn 0.1563 0.3833 -0.9103
vn -0.1666 0.3833 0.9084
vn -0.1564 -0.3832 0.9103
vn -0.1562 -0.3832 0.9103
vn 0.9841 0.0151 0.1770
vn 0.9839 0.0159 0.1782
vn 0.0866 0.8300 -0.5510
vn 0.0866 0.8301 -0.5507
vn 0.0544 0.9238 -0.3789
vn 0.9859 0.0196 0.1662
vn 0.9865 0.0226 0.1619
vn 0.9874 0.0099 0.1580
vn 0.9873 0.0090 0.1582
vn 0.9846 0.0100 0.1741
vn 0.9846 0.0112 0.1743
vn -0.9521 0.2548 -0.1690
vn 0.3936 0.6128 0.6852
vn 0.4397 0.7985 0.4111
vn 0.3292 0.8490 0.4133
vn 0.2803 0.6510 0.7054
vn 0.0636 0.6959 0.7154
vn 0.1163 0.9084 0.4017
vn -0.0215 0.9229 0.3844
vn -0.0753 0.7066 0.7035
vn -0.0538 0.9237 0.3793
vn -0.1074 0.7071 0.6988
vn 0.4965 0.8636 0.0880
vn 0.3893 0.9185 0.0691
vn 0.1809 0.9830 0.0319
vn 0.0445 0.9990 0.0080
vn 0.0122 0.9999 0.0019
vn 0.5546 0.7982 -0.2348
vn 0.4515 0.8489 -0.2746
vn 0.2474 0.9083 -0.3372
vn 0.1124 0.9229 -0.3682
vn 0.0806 0.9238 -0.3743
vn 0.6055 0.6128 -0.5077
vn 0.5060 0.6511 -0.5657
vn 0.3059 0.6959 -0.6497
vn 0.1719 0.7066 -0.6864
vn 0.1406 0.7071 -0.6929
vn 0.6417 0.3350 -0.6899
vn 0.5445 0.3550 -0.7599
vn 0.3473 0.3781 -0.8581
vn 0.2141 0.3831 -0.8985
vn 0.1827 0.3831 -0.9055
vn 0.6576 0.0070 -0.7533
vn 0.5614 0.0056 -0.8275
vn 0.3655 0.0027 -0.9308
vn 0.2325 0.0008 -0.9726
vn 0.2010 0.0003 -0.9796
vn 0.6505 -0.3208 -0.6884
vn 0.5539 -0.3438 -0.7582
vn 0.3575 -0.3727 -0.8563
vn 0.2244 -0.3815 -0.8967
vn 0.1930 -0.3823 -0.9036
vn 0.6218 -0.5987 -0.5049
vn 0.5235 -0.6398 -0.5626
vn 0.3247 -0.6905 -0.6464
vn 0.1910 -0.7050 -0.6830
vn 0.1596 -0.7064 -0.6895
vn 0.5757 -0.7844 -0.2308
vn 0.4743 -0.8377 -0.2707
vn 0.2719 -0.9028 -0.3330
vn 0.1373 -0.9212 -0.3639
vn 0.1057 -0.9230 -0.3699
vn 0.5194 -0.8495 0.0922
vn 0.4141 -0.9072 0.0735
vn 0.2073 -0.9776 0.0368
vn 0.0715 -0.9973 0.0127
vn 0.0397 -0.9992 0.0070
vn 0.4610 -0.7841 0.4154
vn 0.3520 -0.8376 0.4177
vn 0.1406 -0.9028 0.4064
vn 0.0036 -0.9211 0.3891
vn -0.0284 -0.9230 0.3837
vn 0.0247 0.9762 -0.2155
vn 0.0210 0.9805 -0.1954
vn 0.1688 0.1961 -0.9659
vn 0.1677 0.2177 -0.9615
vn -0.1371 -0.5552 0.8203
vn 0.3741 -0.3215 0.8699
vn 0.3583 0.0069 0.9336
vn 0.2420 0.0055 0.9702
vn 0.2591 -0.3440 0.9025
vn 0.0408 -0.3727 0.9270
vn 0.0227 0.0024 0.9997
vn -0.1165 0.0009 0.9932
vn -0.0979 -0.3815 0.9191
vn -0.1491 0.0001 0.9888
vn -0.1304 -0.3822 0.9148
vn 0.3649 0.3350 0.8687
vn 0.2495 0.3549 0.9010
vn 0.0307 0.3778 0.9254
vn -0.1086 0.3830 0.9173
vn -0.1410 0.3831 0.9128
vn -0.1366 -0.5561 0.8198
vn -0.0848 -0.8310 0.5498
vn 0.1399 0.5398 -0.8300
vn 0.1563 0.3825 -0.9106
vn 0.0821 0.8450 -0.5283
vn 0.1381 0.5560 -0.8196
vn 0.1379 0.5576 -0.8186
vn 0.4263 -0.7085 0.5623
vn 0.3167 -0.7557 0.5732
vn 0.1063 -0.8130 0.5724
vn -0.0287 -0.8292 0.5582
vn -0.0591 -0.8311 0.5530
vn -0.0664 -0.8313 0.5518
vn -0.0722 -0.8310 0.5515
vn -0.1209 -0.5553 0.8228
vn -0.1172 -0.5548 0.8237
vn -0.1117 -0.5546 0.8246
vn -0.0805 -0.5538 0.8287
vn 0.0553 -0.5423 0.8383
vn 0.2692 -0.5033 0.8210
vn 0.3819 -0.4718 0.7946
vn 0.8691 0.2693 0.4149
vn 0.8468 0.2982 0.4405
vn 0.9544 -0.2731 -0.1207
vn 0.9657 -0.2438 -0.0891
vn 0.6160 0.5009 0.6079
vn 0.5888 0.5179 0.6206
vn 0.7788 -0.4998 -0.3791
vn 0.7998 -0.4820 -0.3576
vn 0.2288 -0.7023 -0.6741
vn 0.2331 -0.7019 -0.6730
vn 0.5104 -0.6444 -0.5694
vn 0.4908 -0.6508 -0.5792
vn 0.2422 0.6616 0.7096
vn 0.2682 0.6545 0.7069
vn -0.0355 0.7049 0.7084
vn -0.0397 0.7052 0.7079
vn 0.4455 0.5915 0.6720
vn 0.4422 0.5930 0.6728
vn 0.6561 -0.5811 -0.4815
vn 0.6569 -0.5807 -0.4809
vn -0.6831 0.1570 0.7132
vn -0.8886 0.2244 0.4000
vn -0.4085 0.1313 -0.9033
vn -0.9565 0.2908 0.0208
vn -0.9484 0.2686 -0.1684
vn -0.9574 0.2879 0.0218
vn -0.8983 0.2629 -0.3520
usemtl mb:o:3056:154
s 1
f 3035/3026/1400 3135/3027/1401 3136/3028/1402 3034/3029/1403
f 3535/3030/1404 3063/3031/1405 3064/3032/1406 3551/3033/1407
f 3032/3034/1408 3034/3029/1403 3136/3028/1402 3137/3035/1409
f 3055/3036/1410 3030/3037/1411 3530/3038/1412 3541/3039/1413
f 3125/3040/1414 3132/3041/1415 3135/3027/1401 3138/3042/1416
f 3054/3043/1417 3055/3036/1410 3541/3039/1413 3561/3044/1418
f 3095/3045/1419 3522/3046/1420 3523/3047/1421 3094/3048/1422
f 3092/3049/1423 3093/3050/1424 3540/3051/1425 3560/3052/1426
f 3074/3053/1427 3073/3054/1428 3078/3055/1429 3079/3056/1430
f 3091/3057/1431 3495/3058/1432 3496/3059/1433 3090/3060/1434
f 3521/3061/1435 3522/3046/1420 3095/3045/1419 3088/3062/1436
f 3077/3063/1437 3079/3056/1430 3078/3055/1429 3080/3064/1438
f 3511/3065/1439 3531/3066/1439 3103/3067/1439
f 3507/3068/1439 3508/3069/1439 3103/3067/1439
f 3508/3069/1439 3510/3070/1439 3103/3067/1439
f 3515/3071/1439 3118/3072/1439 3103/3067/1439
f 3509/3073/1439 3507/3068/1439 3103/3067/1439
f 3118/3072/1439 3117/3074/1439 3103/3067/1439
f 3553/3075/1440 3546/3076/1441 3502/3077/1441 3501/3078/1440
f 3557/3079/1442 3552/3080/1443 3500/3081/1443 3499/3082/1442
f 3547/3083/1444 3527/3084/1445 3504/3085/1445 3503/3086/1444
f 3643/3087/1446 3645/3088/1446 3638/3089/1446 3637/3090/1446
f 3630/3091/1446 3659/3092/1446 3661/3093/1446 3631/3094/1446
f 3116/3095/1439 3115/3096/1439 3103/3067/1439
f 3115/3096/1439 3114/3097/1439 3103/3067/1439
f 3510/3070/1439 3511/3065/1439 3103/3067/1439
f 3513/3098/1439 3512/3099/1439 3103/3067/1439
f 3113/3100/1439 3514/3101/1439 3103/3067/1439
f 3512/3099/1439 3509/3073/1439 3103/3067/1439
f 3515/3071/1439 3103/3067/1439 3531/3066/1439
f 3114/3097/1439 3113/3100/1439 3103/3067/1439
f 3117/3074/1439 3116/3095/1439 3103/3067/1439
f 3514/3101/1439 3513/3098/1439 3103/3067/1439
f 3636/3102/1446 3635/3103/1446 3673/3104/1446 3642/3105/1446
f 3341/3106/1447 3356/3107/1448 3698/3108/1449
f 3534/3109/1450 3539/3110/1451 3108/3111/1451 3109/3112/1450
f 3546/3076/1441 3547/3083/1444 3503/3086/1444 3502/3077/1441
f 3635/3103/1446 3634/3113/1446 3671/3114/1446 3673/3104/1446
f 3634/3113/1446 3633/3115/1446 3670/3116/1446 3671/3114/1446
f 3539/3110/1451 3537/3117/1452 3107/3118/1452 3108/3111/1451
f 3340/3119/1453 3699/3120/1454 3682/3121/1455
f 3651/3122/1446 3653/3123/1446 3627/3124/1446 3626/3125/1446
f 3419/3126/1439 3668/3127/1439 3664/3128/1439 3029/3129/1439
f 3655/3130/1446 3657/3131/1446 3629/3132/1446 3628/3133/1446
f 3642/3105/1446 3643/3087/1446 3637/3090/1446 3636/3102/1446
f 3552/3080/1443 3553/3075/1440 3501/3078/1440 3500/3081/1443
f 3645/3088/1446 3647/3134/1446 3639/3135/1446 3638/3089/1446
f 3528/3136/1455 3532/3137/1456 3111/3138/1456 3112/3139/1455
f 3653/3123/1446 3655/3130/1446 3628/3133/1446 3627/3124/1446
f 3533/3140/1457 3534/3109/1450 3109/3112/1450 3110/3141/1457
f 3649/3142/1446 3651/3122/1446 3626/3125/1446 3625/3143/1446
f 3017/3144/1439 3666/3145/1439 3662/3146/1439 3407/3147/1439
f 3527/3084/1445 3528/3148/1455 3112/3149/1455 3504/3085/1445
f 3532/3137/1456 3533/3140/1457 3110/3141/1457 3111/3138/1456
f 3629/3132/1446 3657/3131/1446 3659/3092/1446 3630/3091/1446
f 3647/3134/1446 3649/3142/1446 3625/3143/1446 3639/3135/1446
f 3537/3117/1452 3538/3150/1458 3106/3151/1458 3107/3118/1452
f 3698/3108/1449 3699/3120/1454 3341/3106/1447
f 3631/3094/1446 3661/3093/1446 3663/3152/1446 3632/3153/1446
f 3172/3154/1459 3170/3155/1460 3133/3156/1461 3128/3157/1462
f 3516/3158/1463 3059/3159/1464 3061/3160/1465 3517/3161/1466
f 3126/3162/1467 3236/3163/1468 3128/3157/1462 3125/3040/1414
f 3133/3156/1461 3132/3041/1415 3125/3040/1414 3128/3157/1462
f 3086/3164/1469 3072/3165/1470 3083/3166/1471 3087/3167/1472
f 3168/3168/1473 3162/3169/1474 3166/3170/1475 3161/3171/1476
f 3129/3172/1477 3130/3173/1478 3131/3174/1479 3176/3175/1480
f 3176/3175/1480 3131/3174/1479 3175/3176/1481 3174/3177/1482
f 3129/3172/1477 3137/3035/1409 3136/3028/1402 3130/3173/1478
f 3198/3178/1483 3195/3179/1484 3530/3038/1412
f 3127/3180/1485 3138/3042/1416 3038/3181/1486 3120/3182/1487
f 3087/3167/1472 3083/3166/1471 3082/3183/1488 3085/3184/1489
f 3051/3185/1490 3040/3186/1491 3058/3187/1492 3057/3188/1493
f 3211/3189/1494 3208/3190/1495 3210/3191/1496 3215/3192/1497
f 3228/3193/1498 3166/3170/1475 3167/3194/1499 3221/3195/1500
f 3121/3196/1501 3120/3182/1487 3481/3197/1502 3482/3198/1503
f 3090/3060/1434 3496/3059/1433 3520/3199/1504 3089/3200/1505
f 3495/3058/1432 3091/3057/1431 3059/3159/1464 3516/3158/1463
f 3089/3200/1505 3520/3199/1504 3521/3061/1435 3088/3062/1436
f 3061/3160/1465 3062/3201/1506 3536/3202/1507 3517/3161/1466
f 3063/3031/1405 3067/3203/1508 3068/3204/1509 3064/3032/1406
f 3068/3204/1509 3069/3205/1510 3053/3206/1511 3064/3032/1406
f 3063/3031/1405 3535/3030/1404 3536/3202/1507 3062/3201/1506
f 3093/3050/1424 3092/3049/1423 3071/3207/1512 3096/3208/1513
f 3220/3209/1514 3221/3195/1500 3167/3194/1499 3165/3210/1515
f 3319/3211/1516 3604/3212/1517 3239/3213/1518 3177/3214/1519
f 3177/3214/1519 3170/3155/1460 3172/3154/1459 3171/3215/1520
f 3180/3216/1521 3179/3217/1522 3185/3218/1523 3186/3219/1524
f 3192/3220/1525 3196/3221/1526 3199/3222/1527 3178/3223/1528
f 3593/3224/1439 3591/3225/1439 3709/3226/1439 3243/3227/1439
f 3193/3228/1529 3196/3221/1526 3192/3220/1525 3183/3229/1530
f 3529/3230/1531 3530/3038/1412 3194/3231/1532
f 3196/3221/1526 3195/3179/1484 3198/3178/1483 3199/3222/1527
f 3188/3232/1533 3187/3233/1534 3186/3219/1524 3185/3218/1523
f 3525/3234/1535 3524/3235/1536 3183/3229/1530 3187/3233/1534
f 3189/3236/1537 3558/3237/1538 3559/3238/1539 3188/3232/1533
f 3248/3239/1540 3605/3240/1541 3558/3237/1538 3189/3236/1537
f 3215/3192/1497 3206/3241/1542 3560/3052/1426
f 3159/3242/1543 3206/3241/1542 3209/3243/1544 3160/3244/1545
f 3203/3245/1546 3202/3246/1547 3201/3247/1548 3219/3248/1549
f 3204/3249/1550 3219/3248/1549 3201/3247/1548 3200/3250/1551
f 3202/3246/1547 3207/3251/1552 3216/3252/1553 3201/3247/1548
f 3215/3192/1497 3560/3052/1426 3211/3189/1494
f 3124/3253/1554 3160/3244/1545 3209/3243/1544 3203/3245/1546
f 3200/3250/1551 3201/3247/1548 3216/3252/1553 3205/3254/1555
f 3209/3243/1544 3210/3191/1496 3202/3246/1547 3203/3245/1546
f 3207/3251/1552 3208/3190/1495 3497/3255/1556 3519/3256/1557
f 3233/3257/1558 3222/3258/1559 3224/3259/1560 3229/3260/1561
f 3161/3171/1476 3166/3170/1475 3228/3193/1498 3227/3261/1562
f 3127/3180/1485 3126/3162/1467 3125/3040/1414 3138/3042/1416
f 3260/3262/1563 3259/3263/1564 3229/3260/1561 3224/3259/1560
f 3179/3217/1522 3180/3216/1521 3139/3264/1565 3134/3265/1566
f 3249/3266/1567 3247/3267/1568 3240/3268/1569 3241/3269/1570
f 3585/3270/1571 3587/3271/1572 3241/3269/1570 3240/3268/1569
f 3124/3253/1554 3123/3272/1573 3484/3273/1574 3160/3244/1545
f 3179/3217/1522 3246/3274/1575 3245/3275/1576 3185/3218/1523
f 3530/3038/1412 3195/3179/1484 3194/3231/1532
f 3189/3236/1537 3188/3232/1533 3185/3218/1523 3245/3275/1576
f 3186/3219/1524 3192/3220/1525 3178/3223/1528 3180/3216/1521
f 3192/3220/1525 3186/3219/1524 3187/3233/1534 3183/3229/1530
f 3210/3191/1496 3209/3243/1544 3206/3241/1542 3215/3192/1497
f 3210/3191/1496 3208/3190/1495 3207/3251/1552 3202/3246/1547
f 3162/3169/1474 3122/3276/1577 3123/3272/1573 3164/3277/1578
f 3127/3180/1485 3120/3182/1487 3121/3196/1501 3168/3168/1473
f 3043/3278/1579 3041/3279/1580 3052/3280/1581 3050/3281/1582
f 3052/3280/1581 3051/3185/1490 3057/3188/1493 3050/3281/1582
f 3230/3282/1583 3232/3283/1584 3233/3257/1558 3229/3260/1561
f 3580/3284/1585 3579/3285/1572 3549/3286/1572 3548/3287/1585
f 3573/3288/1446 3572/3289/1586 3543/3290/1586 3542/3291/1446
f 3581/3292/1439 3580/3284/1585 3548/3287/1585 3567/3293/1439
f 3574/3294/1587 3573/3295/1446 3542/3296/1446 3566/3297/1587
f 3572/3289/1586 3571/3298/1588 3563/3299/1588 3543/3290/1586
f 3570/3300/1451 3584/3301/1589 3544/3302/1589 3568/3303/1451
f 3583/3304/1590 3582/3305/1591 3556/3306/1591 3545/3307/1590
f 3571/3298/1588 3569/3308/1592 3564/3309/1592 3563/3299/1588
f 3578/3310/1593 3577/3311/1440 3565/3312/1440 3550/3313/1593
f 3579/3285/1572 3578/3310/1593 3550/3313/1593 3549/3286/1572
f 3576/3314/1594 3575/3315/1516 3555/3316/1516 3554/3317/1594
f 3575/3315/1516 3574/3294/1587 3566/3297/1587 3555/3316/1516
f 3584/3301/1589 3583/3304/1590 3545/3307/1590 3544/3302/1589
f 3577/3311/1440 3576/3314/1594 3554/3317/1594 3565/3312/1440
f 3569/3308/1592 3570/3300/1451 3568/3303/1451 3564/3309/1592
f 3582/3305/1591 3581/3318/1439 3567/3319/1439 3556/3306/1591
f 3562/3320/1595 3053/3206/1511 3054/3043/1417 3561/3044/1418
f 3551/3033/1407 3064/3032/1406 3053/3206/1511 3562/3320/1595
f 3523/3047/1421 3540/3051/1425 3093/3050/1424 3094/3048/1422
f 3280/3321/1455 3281/3322/1455 3272/3323/1455
f 3277/3324/1455 3278/3325/1455 3272/3323/1455
f 3274/3326/1455 3275/3327/1455 3272/3323/1455
f 3285/3328/1455 3286/3329/1455 3272/3323/1455
f 3275/3327/1455 3276/3330/1455 3272/3323/1455
f 3278/3325/1455 3279/3331/1455 3272/3323/1455
f 3283/3332/1455 3284/3333/1455 3272/3323/1455
f 3287/3334/1455 3288/3335/1455 3272/3323/1455
f 3279/3331/1455 3280/3321/1455 3272/3323/1455
f 3273/3336/1455 3274/3326/1455 3272/3323/1455
f 3281/3322/1455 3282/3337/1455 3272/3323/1455
f 3286/3329/1455 3287/3334/1455 3272/3323/1455
f 3276/3330/1455 3277/3324/1455 3272/3323/1455
f 3284/3333/1455 3285/3328/1455 3272/3323/1455
f 3282/3337/1455 3283/3332/1455 3272/3323/1455
f 3288/3335/1455 3273/3336/1455 3272/3323/1455
f 3034/3029/1403 3479/3338/1596 3477/3339/1597 3035/3026/1400
f 3195/3179/1484 3196/3221/1526 3193/3228/1529 3194/3231/1532
f 3530/3038/1412 3142/3340/1598 3198/3178/1483
f 3199/3222/1527 3198/3178/1483 3142/3340/1598 3143/3341/1599
f 3297/3342/1455 3298/3343/1455 3314/3344/1455 3597/3345/1455
f 3295/3346/1455 3296/3347/1455 3596/3348/1455 3311/3349/1455
f 3289/3350/1455 3290/3351/1455 3306/3352/1455 3586/3353/1455
f 3300/3354/1455 3301/3355/1455 3601/3356/1455 3600/3357/1455
f 3600/3357/1455 3599/3358/1455 3299/3359/1455 3300/3354/1455
f 3320/3360/1455 3304/3361/1455 3289/3350/1455 3586/3353/1455
f 3293/3362/1455 3473/3363/1455 3309/3364/1455
f 3292/3365/1455 3293/3362/1455 3589/3366/1455 3588/3367/1455
f 3595/3368/1600 3594/3369/1590 3322/3370/1590 3321/3371/1600
f 3318/3372/1455 3601/3356/1455 3301/3355/1455 3302/3373/1455
f 3588/3367/1455 3307/3374/1455 3291/3375/1455 3292/3365/1455
f 3603/3376/1455 3318/3372/1455 3302/3373/1455 3303/3377/1455
f 3320/3360/1455 3603/3376/1455 3303/3377/1455 3304/3361/1455
f 3596/3348/1455 3296/3347/1455 3297/3342/1455 3597/3345/1455
f 3599/3358/1455 3314/3344/1455 3298/3343/1455 3299/3359/1455
f 3307/3374/1455 3306/3352/1455 3290/3351/1455 3291/3375/1455
f 3295/3346/1455 3311/3349/1455 3310/3378/1455 3294/3379/1455
f 3594/3369/1590 3312/3380/1601 3323/3381/1602 3322/3370/1590
f 3193/3228/1529 3183/3229/1530 3524/3235/1536 3526/3382/1603
f 3529/3230/1531 3194/3231/1532 3193/3228/1529 3526/3382/1603
f 3308/3383/1604 3472/3384/1605 3471/3385/1606 3242/3386/1607
f 3169/3387/1608 3246/3274/1575 3179/3217/1522 3134/3265/1566
f 3587/3271/1572 3308/3383/1604 3242/3386/1607 3241/3269/1570
f 3187/3233/1534 3188/3232/1533 3559/3238/1539 3525/3234/1535
f 3246/3274/1575 3169/3387/1608 3173/3388/1609 3247/3267/1568
f 3247/3267/1568 3173/3388/1609 3238/3389/1610 3240/3268/1569
f 3248/3239/1540 3249/3266/1567 3241/3269/1570 3242/3386/1607
f 3242/3386/1607 3471/3385/1606 3605/3240/1541 3248/3239/1540
f 3189/3236/1537 3245/3275/1576 3249/3266/1567 3248/3239/1540
f 3245/3275/1576 3246/3274/1575 3247/3267/1568 3249/3266/1567
f 3172/3154/1459 3262/3390/1611 3237/3391/1612 3171/3215/1520
f 3317/3392/1446 3602/3393/1613 3171/3215/1520 3237/3391/1612
f 3602/3393/1613 3319/3211/1516 3177/3214/1519 3171/3215/1520
f 3136/3028/1402 3135/3027/1401 3132/3041/1415 3130/3173/1478
f 3130/3173/1478 3132/3041/1415 3133/3156/1461 3131/3174/1479
f 3038/3181/1486 3138/3042/1416 3135/3027/1401 3035/3026/1400
f 3170/3155/1460 3175/3176/1481 3131/3174/1479 3133/3156/1461
f 3175/3176/1481 3170/3155/1460 3177/3214/1519 3239/3213/1518
f 3032/3034/1408 3137/3035/1409 3139/3264/1565 3031/3394/1614
f 3169/3387/1608 3134/3265/1566 3129/3172/1477 3176/3175/1480
f 3173/3388/1609 3169/3387/1608 3176/3175/1480 3174/3177/1482
f 3134/3265/1566 3139/3264/1565 3137/3035/1409 3129/3172/1477
f 3139/3264/1565 3180/3216/1521 3178/3223/1528 3031/3394/1614
f 3199/3222/1527 3143/3341/1599 3031/3394/1614 3178/3223/1528
f 3239/3213/1518 3174/3177/1482 3175/3176/1481
f 3173/3388/1609 3174/3177/1482 3239/3213/1518 3238/3389/1610
f 3121/3196/1501 3122/3276/1577 3162/3169/1474 3168/3168/1473
f 3047/3395/1615 3046/3396/1616 3045/3397/1617 3044/3398/1618
f 3037/3399/1619 3036/3400/1620 3058/3187/1492 3040/3186/1491
f 3048/3401/1621 3066/3402/1622 3065/3403/1623 3045/3397/1617
f 3098/3404/1624 3097/3405/1625 3079/3056/1430 3077/3063/1437
f 3035/3026/1400 3477/3339/1597 3480/3406/1626 3038/3181/1486
f 3305/3407/1440 3585/3270/1571 3240/3268/1569 3238/3389/1610
f 3604/3212/1517 3305/3407/1440 3238/3389/1610 3239/3213/1518
f 3200/3250/1551 3258/3408/1627 3204/3249/1550
f 3258/3408/1627 3220/3209/1514 3165/3210/1515 3204/3249/1550
f 3313/3409/1451 3598/3410/1628 3269/3411/1629 3268/3412/1630
f 3268/3412/1630 3269/3411/1629 3261/3413/1631 3267/3414/1632
f 3260/3262/1563 3267/3414/1632 3261/3413/1631 3259/3263/1564
f 3262/3390/1611 3172/3154/1459 3128/3157/1462 3236/3163/1468
f 3312/3380/1601 3313/3409/1451 3268/3412/1630 3323/3381/1602
f 3047/3395/1615 3044/3398/1618 3072/3165/1470 3086/3164/1469
f 3233/3257/1558 3231/3415/1633 3223/3416/1634 3222/3258/1559
f 3085/3184/1489 3082/3183/1488 3081/3417/1635 3084/3418/1636
f 3271/3419/1637 3264/3420/1638 3261/3413/1631 3269/3411/1629
f 3049/3421/1639 3048/3401/1621 3042/3422/1640 3039/3423/1641
f 3263/3424/1642 3262/3390/1611 3236/3163/1468 3265/3425/1643
f 3259/3263/1564 3261/3413/1631 3264/3420/1638 3266/3426/1644
f 3226/3427/1645 3232/3283/1584 3230/3282/1583 3225/3428/1646
f 3234/3429/1647 3227/3261/1562 3228/3193/1498 3235/3430/1648
f 3226/3427/1645 3234/3429/1647 3235/3430/1648 3232/3283/1584
f 3235/3430/1648 3228/3193/1498 3221/3195/1500 3231/3415/1633
f 3230/3282/1583 3266/3426/1644 3265/3425/1643 3225/3428/1646
f 3232/3283/1584 3235/3430/1648 3231/3415/1633 3233/3257/1558
f 3229/3260/1561 3259/3263/1564 3266/3426/1644 3230/3282/1583
f 3049/3421/1639 3039/3423/1641 3041/3279/1580 3043/3278/1579
f 3270/3431/1649 3263/3424/1642 3264/3420/1638 3271/3419/1637
f 3266/3426/1644 3264/3420/1638 3263/3424/1642 3265/3425/1643
f 3042/3422/1640 3048/3401/1621 3045/3397/1617 3046/3396/1616
f 3081/3417/1635 3077/3063/1437 3080/3064/1438 3084/3418/1636
f 3316/3432/1650 3317/3392/1446 3237/3391/1612 3270/3431/1649
f 3263/3424/1642 3270/3431/1649 3237/3391/1612 3262/3390/1611
f 3598/3410/1628 3315/3433/1588 3271/3419/1637 3269/3411/1629
f 3315/3433/1588 3316/3432/1650 3270/3431/1649 3271/3419/1637
f 3221/3195/1500 3220/3209/1514 3223/3416/1634 3231/3415/1633
f 3560/3052/1426 3206/3241/1542 3159/3242/1543
f 3498/3434/1651 3211/3189/1494 3560/3052/1426
f 3075/3435/1652 3076/3436/1653 3073/3054/1428 3074/3053/1427
f 3075/3435/1652 3071/3207/1512 3486/3437/1654 3488/3438/1655
f 3069/3205/1510 3050/3281/1582 3057/3188/1493 3070/3439/1656
f 3088/3062/1436 3095/3045/1419 3098/3404/1624 3102/3440/1657
f 3101/3441/1658 3089/3200/1505 3088/3062/1436 3102/3440/1657
f 3060/3442/1659 3065/3403/1623 3061/3160/1465 3059/3159/1464
f 3099/3443/1660 3091/3057/1431 3090/3060/1434 3100/3444/1661
f 3070/3439/1656 3056/3445/1662 3055/3036/1410 3054/3043/1417
f 3069/3205/1510 3068/3204/1509 3043/3278/1579 3050/3281/1582
f 3033/3446/1663 3056/3445/1662 3058/3187/1492 3036/3400/1620
f 3056/3445/1662 3070/3439/1656 3057/3188/1493 3058/3187/1492
f 3061/3160/1465 3065/3403/1623 3066/3402/1622 3062/3201/1506
f 3060/3442/1659 3059/3159/1464 3091/3057/1431 3099/3443/1660
f 3060/3442/1659 3099/3443/1660 3072/3165/1470 3044/3398/1618
f 3045/3397/1617 3065/3403/1623 3060/3442/1659 3044/3398/1618
f 3067/3203/1508 3049/3421/1639 3043/3278/1579 3068/3204/1509
f 3083/3166/1471 3100/3444/1661 3101/3441/1658 3082/3183/1488
f 3072/3165/1470 3099/3443/1660 3100/3444/1661 3083/3166/1471
f 3097/3405/1625 3094/3048/1422 3093/3050/1424 3096/3208/1513
f 3095/3045/1419 3094/3048/1422 3097/3405/1625 3098/3404/1624
f 3081/3417/1635 3102/3440/1657 3098/3404/1624 3077/3063/1437
f 3053/3206/1511 3069/3205/1510 3070/3439/1656 3054/3043/1417
f 3096/3208/1513 3071/3207/1512 3075/3435/1652 3074/3053/1427
f 3097/3405/1625 3096/3208/1513 3074/3053/1427 3079/3056/1430
f 3082/3183/1488 3101/3441/1658 3102/3440/1657 3081/3417/1635
f 3049/3421/1639 3067/3203/1508 3066/3402/1622 3048/3401/1621
f 3100/3444/1661 3090/3060/1434 3089/3200/1505 3101/3441/1658
f 3066/3402/1622 3067/3203/1508 3063/3031/1405 3062/3201/1506
f 3033/3446/1663 3030/3037/1411 3055/3036/1410 3056/3445/1662
f 3034/3029/1403 3032/3034/1408 3478/3447/1664 3479/3338/1596
f 3031/3394/1614 3143/3341/1599 3478/3447/1664 3032/3034/1408
f 3162/3169/1474 3164/3277/1578 3167/3194/1499 3166/3170/1475
f 3143/3341/1599 3142/3340/1598 3492/3448/1665 3478/3447/1664
f 3123/3272/1573 3124/3253/1554 3163/3449/1666 3164/3277/1578
f 3165/3210/1515 3167/3194/1499 3164/3277/1578 3163/3449/1666
f 3071/3207/1512 3092/3049/1423 3490/3450/1667 3486/3437/1654
f 3205/3254/1555 3216/3252/1553 3518/3451/1668 3606/3452/1669
f 3328/3453/1670 3256/3454/1671 3254/3455/1672 3326/3456/1673
f 3251/3457/1674 3205/3254/1555 3250/3458/1675 3253/3459/1676
f 3224/3259/1560 3222/3258/1559 3255/3460/1677 3256/3454/1671
f 3203/3245/1546 3219/3248/1549 3163/3449/1666 3124/3253/1554
f 3498/3434/1651 3497/3255/1556 3208/3190/1495 3211/3189/1494
f 3216/3252/1553 3207/3251/1552 3519/3256/1557 3518/3451/1668
f 3683/3461/1678 3340/3119/1453 3682/3121/1455
f 3251/3457/1674 3200/3250/1551 3205/3254/1555
f 3163/3449/1666 3219/3248/1549 3204/3249/1550 3165/3210/1515
f 3330/3462/1679 3325/3463/1680 3607/3464/1681 3608/3465/1682
f 3326/3456/1673 3254/3455/1672 3252/3466/1683 3325/3463/1680
f 3222/3258/1559 3223/3416/1634 3257/3467/1684 3255/3460/1677
f 3220/3209/1514 3258/3408/1627 3257/3467/1684 3223/3416/1634
f 3255/3460/1677 3257/3467/1684 3251/3457/1674 3253/3459/1676
f 3321/3371/1600 3330/3462/1679 3608/3465/1682 3474/3468/1685
f 3257/3467/1684 3258/3408/1627 3200/3250/1551 3251/3457/1674
f 3325/3463/1680 3252/3466/1683 3606/3452/1669 3607/3464/1681
f 3322/3370/1590 3329/3469/1590 3330/3462/1679 3321/3371/1600
f 3329/3469/1590 3326/3456/1673 3325/3463/1680 3330/3462/1679
f 3255/3460/1677 3253/3459/1676 3254/3455/1672 3256/3454/1671
f 3253/3459/1676 3250/3458/1675 3252/3466/1683 3254/3455/1672
f 3331/3470/1686 3328/3453/1670 3326/3456/1673 3329/3469/1590
f 3328/3453/1670 3260/3262/1563 3224/3259/1560 3256/3454/1671
f 3323/3381/1602 3331/3470/1686 3329/3469/1590 3322/3370/1590
f 3323/3381/1602 3268/3412/1630 3267/3414/1632 3331/3470/1686
f 3267/3414/1632 3260/3262/1563 3328/3453/1670 3331/3470/1686
f 3217/3471/1439 3190/3472/1439 3476/3473/1439 3324/3474/1439
f 3342/3475/1687 3184/3476/1439 3191/3477/1439 3218/3478/1688
f 3613/3479/1439 3157/3480/1439 3158/3481/1439 3614/3482/1689
f 3154/3483/1439 3156/3484/1439 3613/3479/1439 3612/3485/1439
f 3190/3472/1439 3217/3471/1439 3218/3478/1688 3191/3477/1439
f 3342/3475/1687 3218/3478/1688 3212/3486/1690 3620/3487/1691
f 3623/3488/1458 3361/3489/1458 3360/3490/1692 3622/3491/1692
f 3619/3492/1457 3357/3493/1457 3356/3107/1448 3341/3106/1447
f 3153/3494/1439 3154/3483/1439 3612/3485/1439 3334/3495/1439
f 3347/3496/1693 3145/3497/1694 3146/3498/1439
f 3611/3499/1442 3350/3500/1442 3349/3501/1695 3333/3502/1695
f 3621/3503/1451 3359/3504/1451 3358/3505/1696 3343/3506/1696
f 3184/3476/1439 3342/3475/1687 3618/3507/1439 3182/3508/1439
f 3335/3509/1697 3351/3510/1697 3350/3500/1442 3611/3499/1442
f 3347/3496/1693 3146/3498/1439 3147/3511/1439 3610/3512/1439
f 3141/3513/1698 3615/3514/1699 3614/3482/1689 3140/3515/1700
f 3332/3516/1701 3348/3517/1701 3362/3518/1702 3624/3519/1702
f 3182/3508/1439 3618/3507/1439 3617/3520/1439 3181/3521/1439
f 3610/3512/1439 3149/3522/1439 3148/3523/1439 3609/3524/1439
f 3337/3525/1703 3353/3526/1703 3352/3527/1440 3336/3528/1440
f 3149/3522/1439 3610/3512/1439 3147/3511/1439
f 3616/3529/1704 3355/3530/1705 3354/3531/1444 3338/3532/1444
f 3181/3521/1439 3617/3520/1439 3339/3533/1706 3197/3534/1707
f 3197/3534/1707 3339/3533/1706 3615/3514/1699 3141/3513/1698
f 3691/3535/1708 3690/3536/1709 3119/3537/1710
f 3343/3506/1696 3358/3505/1696 3357/3493/1457 3619/3492/1457
f 3151/3538/1439 3609/3524/1439 3148/3523/1439
f 3345/3539/1711 3214/3540/1712 3144/3541/1713 3346/3542/1714
f 3624/3519/1702 3362/3518/1702 3361/3489/1458 3623/3488/1458
f 3150/3543/1439 3152/3544/1439 3334/3495/1439 3609/3524/1439
f 3622/3491/1692 3360/3490/1692 3359/3504/1451 3621/3503/1451
f 3324/3474/1439 3476/3473/1439 3475/3545/1439 3327/3546/1439
f 3614/3482/1689 3158/3481/1439 3140/3515/1700
f 3344/3547/1715 3213/3548/1716 3214/3540/1712 3345/3539/1711
f 3613/3479/1439 3155/3549/1439 3157/3480/1439
f 3212/3486/1690 3213/3548/1716 3344/3547/1715 3620/3487/1691
f 3338/3532/1444 3354/3531/1444 3353/3526/1703 3337/3525/1703
f 3153/3494/1439 3334/3495/1439 3152/3544/1439
f 3150/3543/1439 3609/3524/1439 3151/3538/1439
f 3333/3502/1695 3349/3501/1695 3348/3517/1701 3332/3516/1701
f 3346/3542/1714 3144/3541/1713 3145/3497/1694 3347/3496/1693
f 3156/3484/1439 3155/3549/1439 3613/3479/1439
f 3336/3528/1440 3352/3527/1440 3351/3510/1697 3335/3509/1697
f 3126/3162/1467 3234/3429/1647 3226/3427/1645
f 3126/3162/1467 3225/3428/1646 3265/3425/1643 3236/3163/1468
f 3234/3429/1647 3126/3162/1467 3227/3261/1562
f 3227/3261/1562 3126/3162/1467 3161/3171/1476
f 3126/3162/1467 3226/3427/1645 3225/3428/1646
f 3161/3171/1476 3126/3162/1467 3127/3180/1485 3168/3168/1473
f 3363/3550/1717 3046/3396/1616 3047/3395/1615
f 3363/3550/1717 3086/3164/1469 3087/3167/1472
f 3085/3184/1489 3363/3550/1717 3087/3167/1472
f 3085/3184/1489 3084/3418/1636 3363/3550/1717
f 3084/3418/1636 3080/3064/1438 3363/3550/1717
f 3080/3064/1438 3078/3055/1429 3363/3550/1717
f 3078/3055/1429 3073/3054/1428 3363/3550/1717
f 3073/3054/1428 3076/3436/1653 3363/3550/1717
f 3363/3550/1717 3042/3422/1640 3046/3396/1616
f 3037/3399/1619 3040/3186/1491 3363/3550/1717
f 3363/3550/1717 3039/3423/1641 3042/3422/1640
f 3040/3186/1491 3051/3185/1490 3363/3550/1717
f 3363/3550/1717 3041/3279/1580 3039/3423/1641
f 3051/3185/1490 3052/3280/1581 3363/3550/1717
f 3052/3280/1581 3041/3279/1580 3363/3550/1717
f 3363/3550/1717 3047/3395/1615 3086/3164/1469
f 3640/3551/1718 3641/3552/1719 3370/3553/1720 3366/3554/1721
f 3424/3555/1722 3425/3556/1723 3369/3557/1724 3365/3558/1725
f 3365/3558/1725 3369/3557/1724 3368/3559/1726 3364/3560/1727
f 3641/3552/1719 3644/3561/1728 3374/3562/1729 3370/3553/1720
f 3425/3556/1723 3426/3563/1730 3373/3564/1731 3369/3557/1724
f 3369/3557/1724 3373/3564/1731 3372/3565/1732 3368/3559/1726
f 3644/3561/1728 3646/3566/1733 3378/3567/1734 3374/3562/1729
f 3426/3563/1730 3427/3568/1735 3377/3569/1736 3373/3564/1731
f 3373/3564/1731 3377/3569/1736 3376/3570/1737 3372/3565/1732
f 3646/3566/1733 3648/3571/1738 3382/3572/1739 3378/3567/1734
f 3427/3568/1735 3428/3573/1740 3381/3574/1741 3377/3569/1736
f 3377/3569/1736 3381/3574/1741 3380/3575/1742 3376/3570/1737
f 3648/3571/1738 3650/3576/1743 3386/3577/1744 3382/3572/1739
f 3428/3573/1740 3429/3578/1745 3385/3579/1746 3381/3574/1741
f 3381/3574/1741 3385/3579/1746 3384/3580/1747 3380/3575/1742
f 3650/3576/1743 3652/3581/1748 3390/3582/1749 3386/3577/1744
f 3429/3578/1745 3430/3583/1750 3389/3584/1751 3385/3579/1746
f 3385/3579/1746 3389/3584/1751 3388/3585/1752 3384/3580/1747
f 3652/3581/1748 3654/3586/1753 3394/3587/1754 3390/3582/1749
f 3430/3583/1750 3431/3588/1755 3393/3589/1756 3389/3584/1751
f 3389/3584/1751 3393/3589/1756 3392/3590/1757 3388/3585/1752
f 3654/3586/1753 3656/3591/1758 3398/3592/1759 3394/3587/1754
f 3431/3588/1755 3432/3593/1760 3397/3594/1761 3393/3589/1756
f 3393/3589/1756 3397/3594/1761 3396/3595/1762 3392/3590/1757
f 3656/3591/1758 3658/3596/1763 3402/3597/1764 3398/3592/1759
f 3432/3593/1760 3433/3598/1765 3401/3599/1766 3397/3594/1761
f 3397/3594/1761 3401/3599/1766 3400/3600/1767 3396/3595/1762
f 3658/3596/1763 3660/3601/1768 3406/3602/1769 3402/3597/1764
f 3433/3598/1765 3434/3603/1770 3405/3604/1771 3401/3599/1766
f 3401/3599/1766 3405/3604/1771 3404/3605/1772 3400/3600/1767
f 3660/3601/1768 3411/3606/1773 3410/3607/1774 3406/3602/1769
f 3434/3603/1770 3435/3608/1775 3409/3609/1776 3405/3604/1771
f 3405/3604/1771 3409/3609/1776 3408/3610/1777 3404/3605/1772
f 3499/3082/1442 3688/3611/1778 3667/3612/1779 3557/3079/1442
f 3499/3082/1442 3119/3537/1710 3688/3611/1778
f 3341/3106/1447 3699/3120/1454 3340/3119/1453
f 3538/3150/1458 3665/3613/1780 3685/3614/1781 3106/3151/1458
f 3616/3529/1704 3700/3615/1782 3355/3530/1705
f 3700/3615/1782 3616/3529/1704 3683/3461/1678
f 3415/3616/1783 3669/3617/1784 3418/3618/1785 3414/3619/1786
f 3436/3620/1787 3437/3621/1788 3417/3622/1789 3413/3623/1790
f 3413/3623/1790 3417/3622/1789 3416/3624/1791 3412/3625/1792
f 3669/3617/1784 3672/3626/1793 3422/3627/1794 3418/3618/1785
f 3437/3621/1788 3438/3628/1795 3421/3629/1796 3417/3622/1789
f 3417/3622/1789 3421/3629/1796 3420/3630/1797 3416/3624/1791
f 3672/3626/1793 3640/3551/1718 3366/3554/1721 3422/3627/1794
f 3438/3628/1795 3424/3555/1722 3365/3558/1725 3421/3629/1796
f 3421/3629/1796 3365/3558/1725 3364/3560/1727 3420/3630/1797
f 3395/3631/1439 3020/3632/1439 3019/3633/1439 3399/3634/1439
f 3027/3635/1439 3026/3636/1439 3371/3637/1439 3367/3638/1439
f 3021/3639/1439 3391/3640/1439 3387/3641/1439 3022/3642/1439
f 3019/3633/1439 3018/3643/1439 3403/3644/1439 3399/3634/1439
f 3018/3643/1439 3017/3144/1439 3407/3147/1439 3403/3644/1439
f 3423/3645/1439 3028/3646/1439 3027/3635/1439 3367/3638/1439
f 3355/3530/1705 3700/3615/1782 3680/3647/1798
f 3383/3648/1439 3379/3649/1439 3024/3650/1439 3023/3651/1439
f 3698/3108/1449 3356/3107/1448 3676/3652/1799
f 3379/3649/1439 3375/3653/1439 3025/3654/1439 3024/3650/1439
f 3423/3645/1439 3419/3126/1439 3029/3129/1439 3028/3646/1439
f 3375/3653/1439 3371/3637/1439 3026/3636/1439 3025/3654/1439
f 3616/3529/1704 3340/3119/1453 3683/3461/1678
f 3391/3640/1439 3021/3639/1439 3020/3632/1439 3395/3631/1439
f 3383/3648/1439 3023/3651/1439 3022/3642/1439 3387/3641/1439
f 3422/3627/1794 3366/3554/1721 3424/3555/1722 3438/3628/1795
f 3418/3618/1785 3422/3627/1794 3438/3628/1795 3437/3621/1788
f 3414/3619/1786 3418/3618/1785 3437/3621/1788 3436/3620/1787
f 3632/3153/1446 3663/3152/1446 3674/3655/1446 3677/3656/1446
f 3670/3116/1446 3633/3115/1446 3681/3657/1446 3678/3658/1446
f 3406/3602/1769 3410/3607/1774 3435/3608/1775 3434/3603/1770
f 3402/3597/1764 3406/3602/1769 3434/3603/1770 3433/3598/1765
f 3398/3592/1759 3402/3597/1764 3433/3598/1765 3432/3593/1760
f 3394/3587/1754 3398/3592/1759 3432/3593/1760 3431/3588/1755
f 3390/3582/1749 3394/3587/1754 3431/3588/1755 3430/3583/1750
f 3386/3577/1744 3390/3582/1749 3430/3583/1750 3429/3578/1745
f 3382/3572/1739 3386/3577/1744 3429/3578/1745 3428/3573/1740
f 3378/3567/1734 3382/3572/1739 3428/3573/1740 3427/3568/1735
f 3374/3562/1729 3378/3567/1734 3427/3568/1735 3426/3563/1730
f 3370/3553/1720 3374/3562/1729 3426/3563/1730 3425/3556/1723
f 3366/3554/1721 3370/3553/1720 3425/3556/1723 3424/3555/1722
f 3662/3146/1439 3666/3145/1439 3686/3659/1439
f 3668/3127/1439 3707/3660/1439 3664/3128/1439
f 3684/3661/1800 3105/3662/1801 3685/3614/1781
f 3690/3536/1709 3689/3663/1802 3119/3537/1710
f 3692/3664/1803 3506/3665/1804 3105/3662/1801
f 3105/3662/1801 3106/3151/1458 3685/3614/1781
f 3506/3665/1804 3505/3666/1701 3104/3667/1701 3105/3662/1801
f 3105/3662/1801 3684/3661/1800 3692/3664/1803
f 3689/3663/1802 3688/3611/1778 3119/3537/1710
f 3119/3537/1710 3104/3668/1701 3505/3669/1701 3691/3535/1708
f 3410/3607/1774 3411/3606/1773 3687/3670/1805 3693/3671/1806
f 3435/3608/1775 3410/3607/1774 3693/3671/1806 3694/3672/1807
f 3409/3609/1776 3435/3608/1775 3694/3672/1807 3695/3673/1808
f 3408/3610/1777 3409/3609/1776 3695/3673/1808 3696/3674/1809
f 3696/3674/1809 3697/3675/1810 3408/3610/1777
f 3408/3610/1777 3697/3675/1810 3675/3676/1811
f 3679/3677/1812 3701/3678/1813 3412/3625/1792
f 3701/3678/1813 3702/3679/1814 3412/3625/1792
f 3413/3623/1790 3412/3625/1792 3702/3679/1814 3703/3680/1815
f 3436/3620/1787 3413/3623/1790 3703/3680/1815 3704/3681/1816
f 3414/3619/1786 3436/3620/1787 3704/3681/1816 3705/3682/1817
f 3415/3616/1783 3414/3619/1786 3705/3682/1817 3706/3683/1818
f 3444/3684/1439 3460/3685/1439 3459/3686/1819 3443/3687/1820
f 3445/3688/1821 3461/3689/1822 3460/3690/1439 3444/3691/1439
f 3443/3687/1820 3459/3686/1819 3458/3692/1823 3442/3693/1824
f 3446/3694/1825 3462/3695/1826 3461/3689/1822 3445/3688/1821
f 3448/3696/1827 3466/3697/1828 3465/3698/1829 3447/3699/1830
f 3441/3700/1831 3455/3701/1832 3454/3702/1833 3440/3703/1834
f 3456/3704/1835 3455/3701/1832 3457/3705/1836
f 3455/3701/1832 3441/3700/1831 3457/3705/1836
f 3442/3693/1824 3458/3692/1823 3457/3705/1836 3441/3700/1831
f 3447/3699/1830 3463/3706/1837 3462/3695/1826 3446/3694/1825
f 3464/3707/1838 3463/3706/1837 3465/3698/1829
f 3465/3698/1829 3463/3706/1837 3447/3699/1830
f 3448/3696/1827 3467/3708/1451 3466/3697/1828
f 3448/3696/1827 3449/3709/1451 3469/3710/1451 3468/3711/1451
f 3450/3712/1440 3439/3713/1440 3440/3703/1834 3451/3714/1440
f 3468/3711/1451 3467/3708/1451 3448/3696/1827
f 3469/3710/1451 3449/3709/1451 3470/3715/1451
f 3440/3703/1834 3452/3716/1440 3451/3714/1440
f 3454/3702/1833 3453/3717/1440 3440/3703/1834
f 3440/3703/1834 3453/3717/1440 3452/3716/1440
f 3142/3340/1598 3530/3038/1412 3030/3037/1411 3492/3448/1665
f 3490/3450/1667 3092/3049/1423 3560/3052/1426 3159/3242/1543
f 3475/3545/1439 3243/3227/1439 3709/3226/1439 3327/3546/1439
f 3590/3718/1439 3593/3224/1439 3243/3227/1439 3708/3719/1439
f 3592/3720/1685 3595/3368/1600 3321/3371/1600 3474/3468/1685
f 3244/3721/1439 3708/3719/1439 3243/3227/1439 3475/3545/1439
f 3476/3473/1439 3190/3472/1439 3244/3721/1439 3475/3545/1439
f 3606/3452/1669 3252/3466/1683 3250/3458/1675 3205/3254/1555
f 3478/3447/1664 3492/3448/1665 3494/3722/1839 3479/3338/1596
f 3479/3338/1596 3494/3722/1839 3491/3723/1840 3477/3339/1597
f 3483/3724/1841 3122/3276/1577 3121/3196/1501 3482/3198/1503
f 3481/3197/1502 3120/3182/1487 3038/3181/1486 3480/3406/1626
f 3480/3406/1626 3487/3725/1842 3485/3726/1843
f 3480/3406/1626 3477/3339/1597 3491/3723/1840
f 3491/3723/1840 3493/3727/1844 3487/3725/1842
f 3491/3723/1840 3487/3725/1842 3480/3406/1626
f 3484/3273/1574 3123/3272/1573 3122/3276/1577 3483/3724/1841
f 3481/3197/1502 3489/3728/1845 3488/3438/1655 3482/3198/1503
f 3481/3197/1502 3485/3726/1843 3489/3728/1845
f 3486/3437/1654 3483/3724/1841 3482/3198/1503 3488/3438/1655
f 3485/3726/1843 3481/3197/1502 3480/3406/1626
f 3490/3450/1667 3484/3273/1574 3483/3724/1841 3486/3437/1654
f 3484/3273/1574 3490/3450/1667 3159/3242/1543 3160/3244/1545
f 3489/3728/1845 3076/3436/1653 3075/3435/1652 3488/3438/1655
f 3485/3726/1843 3487/3725/1842 3493/3727/1844
f 3493/3727/1844 3037/3399/1619 3363/3550/1717
f 3493/3727/1844 3363/3550/1717 3485/3726/1843
f 3485/3726/1843 3363/3550/1717 3076/3436/1653 3489/3728/1845
f 3492/3448/1665 3030/3037/1411 3033/3446/1663 3494/3722/1839
f 3491/3723/1840 3036/3400/1620 3037/3399/1619 3493/3727/1844
f 3494/3722/1839 3033/3446/1663 3036/3400/1620 3491/3723/1840
f 3473/3363/1455 3293/3362/1455 3294/3379/1455 3310/3378/1455
f 3293/3362/1455 3309/3364/1455 3589/3366/1455
o part.005_3820v2.001
v -7.276890 18.500345 1.678171
v -7.313503 18.449144 1.722488
v -7.297455 18.549883 1.624207
v -7.427667 18.822422 1.981466
v -7.460879 18.764526 2.018600
v -7.444673 18.864765 1.919468
v -7.735508 19.094013 2.206522
v -7.761539 19.029976 2.238024
v -7.745409 19.129349 2.139385
v -8.154204 19.273346 2.319489
v -8.169511 19.203352 2.348256
v -8.153304 19.303593 2.249123
v -7.858612 17.707014 0.777768
v -7.881089 17.675102 0.843930
v -7.865041 17.775841 0.745649
v -7.509313 17.895679 1.026736
v -7.540919 17.860270 1.087384
v -7.524713 17.960508 0.988251
v -7.305210 18.174406 1.342700
v -7.341368 18.131321 1.395258
v -7.325320 18.232059 1.296977
v -8.117274 16.474255 2.113789
v -7.797676 16.648155 2.342416
v -7.611007 16.903311 2.632562
v -7.584321 17.201525 2.939369
v -7.723189 17.497932 3.217657
v -8.004987 17.746059 3.423737
v -8.388326 17.910164 3.527541
v -7.708040 20.749767 -1.538766
v -7.522574 20.850174 -1.407027
v -7.414357 20.997803 -1.238657
v -7.399611 21.171692 -1.060777
v -7.479295 21.342899 -0.900038
v -7.642801 21.486740 -0.779918
v -7.864921 21.581469 -0.720556
v -7.190007 20.418995 -1.375561
v -7.509763 20.245594 -1.603336
v -7.780656 21.681005 -0.190435
v -7.397476 21.517399 -0.293388
v -7.115520 21.268774 -0.500319
v -6.976652 20.972364 -0.778608
v -7.003338 20.674150 -1.085415
v -7.576936 18.015678 0.992011
v -8.167510 19.278553 2.176643
v -7.502374 18.866322 1.866759
v -7.390192 18.271698 1.281664
v -7.896458 17.842644 0.762891
v -7.784171 19.114449 2.072839
v -7.363505 18.569912 1.588471
v -7.599823 17.873535 1.132053
v -8.190473 19.135544 2.317179
v -7.525336 18.723312 2.007295
v -7.413154 18.128689 1.422199
v -7.919579 17.700134 0.904278
v -7.807292 18.971937 2.214226
v -7.386468 18.426905 1.729006
v -8.242773 14.764656 2.914644
v -7.874844 14.631317 3.061084
v -7.568164 14.415777 3.244298
v -7.342125 14.132477 3.452224
v -7.214754 13.800204 3.670509
v -7.191887 13.442244 3.884431
v -7.288235 13.117209 4.137911
v -7.341296 12.858113 4.457052
v -7.947648 15.521673 2.526037
v -7.372881 15.313330 2.754828
v -6.892904 14.976451 3.041302
v -6.541194 14.533071 3.366337
v -6.340630 14.014024 3.707619
v -6.305833 13.454590 4.041770
v -6.461031 12.964190 4.468038
v -7.652883 12.688511 6.225061
v -7.283966 14.786306 8.244397
v -7.134685 15.088683 8.095007
v -7.002115 15.650449 7.790576
v -7.036912 16.209883 7.456425
v -7.237477 16.728930 7.115143
v -7.589186 17.172310 6.790109
v -8.069163 17.509190 6.503633
v -8.643930 17.717533 6.274843
v -8.002764 14.944180 8.018417
v -7.973598 15.278634 7.827929
v -7.888170 15.638103 7.633237
v -7.911036 15.996063 7.419315
v -8.038407 16.328335 7.201030
v -8.264446 16.611637 6.993103
v -8.571126 16.827177 6.809890
v -8.939055 16.960516 6.663450
v -7.519580 14.474938 8.383019
v -7.448050 12.587173 5.079499
v -8.044321 14.467627 8.289840
v -7.447696 12.572098 5.971029
v -7.601279 12.569958 5.943757
v -7.977591 16.293404 1.953411
v -7.576373 16.511362 2.239466
v -7.341679 16.830700 2.603051
v -7.308660 17.205366 2.988319
v -7.482387 17.577150 3.336874
v -7.836509 17.889650 3.596274
v -7.719281 16.405769 4.619859
v -7.879385 17.580494 3.902029
v -8.035091 17.971218 3.644242
v -8.294048 16.614113 4.391068
v -8.074983 15.595675 2.608102
v -7.690969 15.640372 3.067567
v -7.476752 15.770056 3.629987
v -7.464492 15.987675 4.190245
v -7.648265 16.327261 4.592180
v -6.642952 12.766760 4.798720
v -6.922325 12.594498 5.172853
v -7.582983 12.689485 6.237473
v -8.011468 13.819378 8.155696
v -8.055488 14.260903 8.368947
v -8.035643 13.933179 8.282906
v -8.051176 14.088223 8.358218
v -7.940584 13.820366 8.168283
v -7.860183 14.090885 8.392134
v -7.933254 13.934606 8.301086
v -7.516230 12.524899 5.468338
v -7.176576 12.529631 5.528652
v -7.553295 12.530210 5.676653
v -7.306184 12.533653 5.720533
v -7.731586 14.265417 8.426463
v -7.578704 20.582123 -1.687674
v -7.503068 20.346069 -1.683246
v -7.519987 20.455656 -1.722409
v -7.318110 20.724127 -1.501793
v -7.188819 20.517025 -1.458583
v -7.221787 20.617777 -1.509637
v -7.165758 20.931509 -1.266329
v -7.004388 20.768778 -1.172728
v -7.046700 20.856049 -1.238747
v -7.144625 21.175245 -1.015498
v -6.977888 21.062250 -0.870221
v -7.022335 21.135139 -0.951688
v -7.257301 21.415749 -0.788801
v -7.114974 21.353947 -0.595882
v -7.151394 21.411592 -0.692751
v -7.487020 21.619175 -0.620809
v -7.393260 21.599251 -0.392193
v -7.415396 21.643745 -0.499832
v -7.799325 21.751831 -0.537033
v -7.770134 21.760576 -0.290254
v -7.772877 21.796730 -0.403491
v -9.639702 18.467422 1.258600
v -9.619213 18.417017 1.313057
v -9.603165 18.517757 1.214776
v -9.611299 18.791996 1.593713
v -9.591348 18.734840 1.640287
v -9.575142 18.835079 1.541155
v -9.407197 19.070721 1.909676
v -9.391880 19.007259 1.948520
v -9.375749 19.106632 1.849881
v -9.057980 19.260754 2.159003
v -9.051627 19.191061 2.191616
v -9.035420 19.291302 2.092483
v -8.762387 17.694420 0.617282
v -8.763206 17.662809 0.687290
v -8.747157 17.763550 0.589009
v -9.181002 17.872387 0.729890
v -9.171259 17.837553 0.797879
v -9.155052 17.937792 0.698747
v -9.488842 18.143980 0.954946
v -9.471836 18.101637 1.016945
v -9.455789 18.202375 0.918664
v -8.946227 16.462704 1.966589
v -9.329565 16.626810 2.070394
v -9.611521 16.875435 2.277325
v -9.750232 17.171345 2.554762
v -9.723703 17.470058 2.862421
v -9.536877 17.724714 3.151715
v -9.217278 17.898615 3.380342
v -8.188478 20.743074 -1.624078
v -8.410598 20.837801 -1.564716
v -8.574104 20.981644 -1.444596
v -8.653871 21.154217 -1.283499
v -8.639042 21.326740 -1.105977
v -8.530825 21.474367 -0.937608
v -8.345359 21.574774 -0.805868
v -8.721896 20.397652 -1.647583
v -8.338717 20.234043 -1.750535
v -8.609610 21.669455 -0.337635
v -8.929366 21.496054 -0.565409
v -9.116035 21.240898 -0.855556
v -9.142563 20.942184 -1.163214
v -9.003852 20.646276 -1.440651
v -9.108826 17.994331 0.719989
v -8.996463 19.267002 2.029444
v -9.502888 18.838448 1.511523
v -9.390705 18.243824 0.926427
v -8.725411 17.831093 0.615691
v -9.316061 19.093102 1.800817
v -9.529416 18.539734 1.203864
v -9.131712 17.852190 0.860031
v -9.019425 19.123995 2.169979
v -9.525850 18.695438 1.652058
v -9.413668 18.100815 1.066963
v -8.748532 17.688583 0.757079
v -9.339182 18.950592 1.942204
v -9.552379 18.396725 1.344399
v -9.057943 14.753298 2.769892
v -9.450051 14.609369 2.781370
v -9.795115 14.384748 2.848852
v -10.071173 14.094451 2.967619
v -10.256874 13.757815 3.130312
v -10.342303 13.398346 3.325003
v -10.330356 13.074821 3.597713
v -10.383416 12.815725 3.916855
v -9.221597 15.503922 2.299818
v -9.834143 15.279036 2.317775
v -10.374113 14.927944 2.423135
v -10.804100 14.473672 2.609361
v -11.095788 13.947766 2.863233
v -11.228357 13.386001 3.167664
v -11.216190 12.897932 3.623651
v -10.695003 12.646122 5.684863
v -11.792998 14.723478 7.443716
v -11.889843 15.022426 7.250621
v -11.924640 15.581860 6.916471
v -11.792070 16.143625 6.612039
v -11.500383 16.669531 6.358167
v -11.070395 17.123804 6.171941
v -10.530425 17.474895 6.066581
v -9.917879 17.699781 6.048624
v -11.044884 14.901792 7.478220
v -11.015718 15.236245 7.287731
v -11.038586 15.594206 7.073810
v -10.953156 15.953674 6.879118
v -10.767455 16.290310 6.716425
v -10.491396 16.580606 6.597658
v -10.146334 16.805227 6.530176
v -9.754225 16.949158 6.518698
v -11.611182 14.417927 7.656463
v -10.490170 12.544785 4.539301
v -11.086441 14.425238 7.749642
v -10.796982 12.525430 5.376287
v -10.643399 12.527570 5.403559
v -9.017228 16.278917 1.768799
v -9.498126 16.484585 1.898215
v -9.852166 16.795719 2.157257
v -10.025893 17.167503 2.505812
v -9.992874 17.542170 2.891080
v -9.758263 17.862873 3.255023
v -10.180544 16.371475 4.182806
v -9.814921 17.553524 3.558330
v -9.590609 17.949545 3.368024
v -9.567998 16.596363 4.164849
v -9.132341 15.580942 2.420344
v -9.652103 15.613047 2.719323
v -10.050248 15.734198 3.173005
v -10.260487 15.948715 3.693753
v -10.235544 16.291210 4.132751
v -11.153954 12.703905 3.997689
v -11.015896 12.537458 4.445947
v -10.764903 12.645148 5.672451
v -11.053588 13.776990 7.615499
v -11.097608 14.218515 7.828750
v -11.077763 13.890791 7.742708
v -11.093296 14.045835 7.818021
v -11.124473 13.776002 7.602911
v -11.284290 14.043174 7.784105
v -11.180151 13.889364 7.724526
v -10.558350 12.482510 4.928141
v -10.898004 12.477777 4.867827
v -10.595415 12.487823 5.136456
v -10.842525 12.484379 5.092576
v -11.421510 14.214003 7.771234
v -8.618280 19.330896 2.302872
v -8.622440 19.260056 2.331857
v -8.606234 19.360294 2.232725
v -8.298388 17.636005 0.634393
v -8.310276 17.606108 0.703688
v -8.294228 17.706846 0.605407
v -8.520753 16.409492 1.982886
v -8.111670 21.611975 -0.729090
v -7.941729 20.712568 -1.615544
v -7.913084 20.180332 -1.735090
v -8.206288 21.734716 -0.205880
v -8.026741 21.162954 -1.172138
v -8.299937 17.777882 0.631988
v -8.593218 19.331398 2.161692
v -8.322900 17.634872 0.772523
v -8.616104 19.189255 2.301734
v -8.646202 14.806632 2.815126
v -9.274483 17.782307 6.119786
v -9.342484 17.002491 6.563931
v -8.483309 16.211863 1.787525
v -8.812850 17.960382 3.506133
v -8.924601 16.678886 4.236012
v -8.578200 15.586447 2.370981
v -8.254074 20.572712 -1.807601
v -8.320207 20.334684 -1.828347
v -8.293807 20.444874 -1.859819
v -8.566462 20.706734 -1.723466
v -8.697081 20.496010 -1.726409
v -8.651288 20.597858 -1.763477
v -8.796098 20.908792 -1.555833
v -8.975368 20.741314 -1.522720
v -8.915290 20.830011 -1.570558
v -8.908857 21.150663 -1.328778
v -9.112295 21.032511 -1.249233
v -9.044508 21.106964 -1.310770
v -8.887641 21.393032 -1.078305
v -9.085953 21.326483 -0.945874
v -9.019985 21.385555 -1.024562
v -8.735372 21.601780 -0.842483
v -8.901522 21.578236 -0.660019
v -8.844897 21.623827 -0.753673
v -8.474695 21.742420 -0.656960
v -8.587274 21.749191 -0.435355
v -8.546698 21.785948 -0.540900
v -8.146170 21.794792 -0.549154
v -8.189543 21.813370 -0.306353
v -8.170303 21.846596 -0.417313
v -7.900564 20.282257 -1.813594
v -7.907229 20.529751 -1.795480
v -7.896540 20.395508 -1.845145
v -8.117274 16.474255 2.113789
v -8.520753 16.409492 1.982886
v -7.797676 16.648155 2.342416
v -7.611007 16.903311 2.632562
v -7.584321 17.201525 2.939369
v -7.723189 17.497932 3.217657
v -8.004987 17.746059 3.423737
v -8.388326 17.910164 3.527541
v -7.896458 17.842644 0.762891
v -7.576936 18.015678 0.992011
v -7.784171 19.114449 2.072839
v -8.167510 19.278553 2.176643
v -7.363505 18.569912 1.588471
v -7.502374 18.866322 1.866759
v -7.390192 18.271698 1.281664
v -8.299937 17.777882 0.631988
v -8.593218 19.331398 2.161692
v -7.413154 18.128689 1.422199
v -7.386468 18.426905 1.729006
v -7.525336 18.723312 2.007295
v -7.807292 18.971937 2.214226
v -8.190473 19.135544 2.317179
v -8.616104 19.189255 2.301734
v -8.322900 17.634872 0.772523
v -7.919579 17.700134 0.904278
v -7.599823 17.873535 1.132053
v -8.646202 14.806632 2.815126
v -8.242773 14.764656 2.914644
v -7.874844 14.631317 3.061084
v -7.568164 14.415777 3.244298
v -7.342125 14.132477 3.452224
v -7.214754 13.800204 3.670509
v -7.191887 13.442244 3.884431
v -7.288235 13.117209 4.137911
v -7.288235 13.117209 4.137911
v -7.341296 12.858113 4.457052
v -7.947648 15.521673 2.526037
v -7.372881 15.313330 2.754828
v -6.892904 14.976451 3.041302
v -6.541194 14.533071 3.366337
v -6.340630 14.014024 3.707619
v -6.305833 13.454590 4.041770
v -6.461031 12.964190 4.468038
v -7.283966 14.786306 8.244397
v -7.134685 15.088683 8.095007
v -7.002115 15.650449 7.790576
v -7.036912 16.209883 7.456425
v -7.237477 16.728930 7.115143
v -7.589186 17.172310 6.790109
v -8.069163 17.509190 6.503633
v -8.643930 17.717533 6.274843
v -7.690969 15.640372 3.067567
v -8.074983 15.595675 2.608102
v -9.274483 17.782307 6.119786
v -8.002764 14.944180 8.018417
v -7.973598 15.278634 7.827929
v -7.973598 15.278634 7.827929
v -7.888170 15.638103 7.633237
v -7.911036 15.996063 7.419315
v -8.038407 16.328335 7.201030
v -8.264446 16.611637 6.993103
v -8.571126 16.827177 6.809890
v -8.939055 16.960516 6.663450
v -9.342484 17.002491 6.563931
v -7.519580 14.474938 8.383019
v -7.448050 12.587173 5.079499
v -8.044321 14.467627 8.289840
v -7.582983 12.689485 6.237473
v -7.447696 12.572098 5.971029
v -6.642952 12.766760 4.798720
v -7.652883 12.688511 6.225061
v -7.601279 12.569958 5.943757
v -7.553295 12.530210 5.676653
v -7.977591 16.293404 1.953411
v -8.483309 16.211863 1.787525
v -7.576373 16.511362 2.239466
v -7.341679 16.830700 2.603051
v -7.308660 17.205366 2.988319
v -7.482387 17.577150 3.336874
v -7.836509 17.889650 3.596274
v -8.812850 17.960382 3.506133
v -8.812850 17.960382 3.506133
v -8.812850 17.960382 3.506133
v -8.035091 17.971218 3.644242
v -8.035091 17.971218 3.644242
v -7.879385 17.580494 3.902029
v -8.924601 16.678886 4.236012
v -8.294048 16.614113 4.391068
v -8.578200 15.586447 2.370981
v -8.578200 15.586447 2.370981
v -8.578200 15.586447 2.370981
v -7.476752 15.770056 3.629987
v -7.464492 15.987675 4.190245
v -7.648265 16.327261 4.592180
v -7.719281 16.405769 4.619859
v -7.719281 16.405769 4.619859
v -6.922325 12.594498 5.172853
v -7.306184 12.533653 5.720533
v -8.035643 13.933179 8.282906
v -8.011468 13.819378 8.155696
v -7.940584 13.820366 8.168283
v -7.933254 13.934606 8.301086
v -8.051176 14.088223 8.358218
v -7.860183 14.090885 8.392134
v -7.516230 12.524899 5.468338
v -7.176576 12.529631 5.528652
v -8.055488 14.260903 8.368947
v -7.731586 14.265417 8.426463
v -8.946227 16.462704 1.966589
v -9.329565 16.626810 2.070394
v -9.611521 16.875435 2.277325
v -9.750232 17.171345 2.554762
v -9.723703 17.470058 2.862421
v -9.536877 17.724714 3.151715
v -9.217278 17.898615 3.380342
v -8.725411 17.831093 0.615691
v -9.108826 17.994331 0.719989
v -9.316061 19.093102 1.800817
v -8.996463 19.267002 2.029444
v -9.529416 18.539734 1.203864
v -9.502888 18.838448 1.511523
v -9.390705 18.243824 0.926427
v -9.413668 18.100815 1.066963
v -9.552379 18.396725 1.344399
v -9.525850 18.695438 1.652058
v -9.339182 18.950592 1.942204
v -9.019425 19.123995 2.169979
v -8.748532 17.688583 0.757079
v -9.131712 17.852190 0.860031
v -9.057943 14.753298 2.769892
v -9.450051 14.609369 2.781370
v -9.795115 14.384748 2.848852
v -10.071173 14.094451 2.967619
v -10.256874 13.757815 3.130312
v -10.342303 13.398346 3.325003
v -10.330356 13.074821 3.597713
v -10.330356 13.074821 3.597713
v -10.383416 12.815725 3.916855
v -9.221597 15.503922 2.299818
v -9.834143 15.279036 2.317775
v -10.374113 14.927944 2.423135
v -10.804100 14.473672 2.609361
v -11.095788 13.947766 2.863233
v -11.228357 13.386001 3.167664
v -11.216190 12.897932 3.623651
v -11.792998 14.723478 7.443716
v -11.889843 15.022426 7.250621
v -11.924640 15.581860 6.916471
v -11.792070 16.143625 6.612039
v -11.500383 16.669531 6.358167
v -11.070395 17.123804 6.171941
v -10.530425 17.474895 6.066581
v -9.917879 17.699781 6.048624
v -9.652103 15.613047 2.719323
v -9.132341 15.580942 2.420344
v -11.044884 14.901792 7.478220
v -11.015718 15.236245 7.287731
v -11.015718 15.236245 7.287731
v -11.038586 15.594206 7.073810
v -10.953156 15.953674 6.879118
v -10.767455 16.290310 6.716425
v -10.491396 16.580606 6.597658
v -10.146334 16.805227 6.530176
v -9.754225 16.949158 6.518698
v -11.611182 14.417927 7.656463
v -10.490170 12.544785 4.539301
v -11.086441 14.425238 7.749642
v -10.764903 12.645148 5.672451
v -10.796982 12.525430 5.376287
v -11.153954 12.703905 3.997689
v -10.695003 12.646122 5.684863
v -10.643399 12.527570 5.403559
v -10.595415 12.487823 5.136456
v -9.017228 16.278917 1.768799
v -9.498126 16.484585 1.898215
v -9.852166 16.795719 2.157257
v -10.025893 17.167503 2.505812
v -9.992874 17.542170 2.891080
v -9.758263 17.862873 3.255023
v -9.590609 17.949545 3.368024
v -9.590609 17.949545 3.368024
v -9.814921 17.553524 3.558330
v -9.567998 16.596363 4.164849
v -10.050248 15.734198 3.173005
v -10.260487 15.948715 3.693753
v -10.235544 16.291210 4.132751
v -10.180544 16.371475 4.182806
v -10.180544 16.371475 4.182806
v -11.015896 12.537458 4.445947
v -10.842525 12.484379 5.092576
v -11.077763 13.890791 7.742708
v -11.053588 13.776990 7.615499
v -11.124473 13.776002 7.602911
v -11.180151 13.889364 7.724526
v -11.093296 14.045835 7.818021
v -11.284290 14.043174 7.784105
v -10.558350 12.482510 4.928141
v -10.898004 12.477777 4.867827
v -11.097608 14.218515 7.828750
v -11.421510 14.214003 7.771234
vt 0.585000 0.961000
vt 0.585000 0.968000
vt 0.545000 0.967000
vt 0.545000 0.960000
vt 0.585000 0.975000
vt 0.545000 0.974000
vt 0.755000 0.970000
vt 0.710000 0.969000
vt 0.710000 0.961000
vt 0.755000 0.962000
vt 0.585000 0.947000
vt 0.585000 0.954000
vt 0.545000 0.954000
vt 0.545000 0.947000
vt 0.505000 0.967000
vt 0.505000 0.974000
vt 0.668000 0.954000
vt 0.667000 0.961000
vt 0.626000 0.961000
vt 0.626000 0.954000
vt 0.710000 0.954000
vt 0.667000 0.968000
vt 0.466000 0.947000
vt 0.505000 0.947000
vt 0.506000 0.953000
vt 0.466000 0.953000
vt 0.626000 0.946000
vt 0.505000 0.960000
vt 0.466000 0.960000
vt 0.626000 0.968000
vt 0.427000 0.974000
vt 0.426000 0.967000
vt 0.466000 0.967000
vt 0.466000 0.973000
vt 0.667000 0.976000
vt 0.709000 0.976000
vt 0.426000 0.953000
vt 0.427000 0.946000
vt 0.710000 0.947000
vt 0.753000 0.946000
vt 0.755000 0.954000
vt 0.753000 0.978000
vt 0.667000 0.947000
vt 0.626000 0.975000
vt 0.425000 0.960000
vt 0.177000 0.908000
vt 0.157000 0.870000
vt 0.168000 0.865000
vt 0.187000 0.901000
vt 0.374000 0.859000
vt 0.360000 0.889000
vt 0.340000 0.876000
vt 0.348000 0.854000
vt 0.339000 0.912000
vt 0.313000 0.926000
vt 0.306000 0.905000
vt 0.325000 0.894000
vt 0.284000 0.931000
vt 0.254000 0.926000
vt 0.262000 0.905000
vt 0.284000 0.909000
vt 0.228000 0.911000
vt 0.207000 0.888000
vt 0.228000 0.875000
vt 0.243000 0.893000
vt 0.361000 0.939000
vt 0.325000 0.959000
vt 0.321000 0.948000
vt 0.353000 0.930000
vt 0.283000 0.966000
vt 0.243000 0.959000
vt 0.247000 0.948000
vt 0.283000 0.954000
vt 0.389000 0.909000
vt 0.379000 0.902000
vt 0.206000 0.939000
vt 0.214000 0.929000
vt 0.409000 0.873000
vt 0.398000 0.868000
vt 0.422000 0.584000
vt 0.422000 0.545000
vt 0.734000 0.545000
vt 0.734000 0.584000
vt 0.422000 0.663000
vt 0.422000 0.624000
vt 0.734000 0.624000
vt 0.734000 0.663000
vt 0.422000 0.742000
vt 0.422000 0.703000
vt 0.734000 0.703000
vt 0.734000 0.742000
vt 0.422000 0.466000
vt 0.422000 0.426000
vt 0.734000 0.426000
vt 0.734000 0.466000
vt 0.422000 0.505000
vt 0.734000 0.505000
vt 0.284000 0.848000
vt 0.220000 0.852000
vt 0.581000 0.913000
vt 0.541000 0.913000
vt 0.541000 0.754000
vt 0.580000 0.754000
vt 0.659000 0.913000
vt 0.620000 0.913000
vt 0.620000 0.754000
vt 0.659000 0.754000
vt 0.462000 0.913000
vt 0.423000 0.913000
vt 0.423000 0.754000
vt 0.462000 0.754000
vt 0.502000 0.913000
vt 0.501000 0.754000
vt 0.699000 0.913000
vt 0.699000 0.754000
vt 0.712000 0.364000
vt 0.624000 0.362000
vt 0.624000 0.312000
vt 0.735000 0.313000
vt 0.718000 0.096000
vt 0.738000 0.016000
vt 0.794000 0.039000
vt 0.753000 0.111000
vt 0.842000 0.075000
vt 0.784000 0.134000
vt 0.879000 0.122000
vt 0.807000 0.164000
vt 0.902000 0.177000
vt 0.822000 0.199000
vt 0.911000 0.237000
vt 0.828000 0.238000
vt 0.903000 0.298000
vt 0.823000 0.276000
vt 0.145000 0.025000
vt 0.205000 0.012000
vt 0.204000 0.417000
vt 0.144000 0.416000
vt 0.265000 0.012000
vt 0.264000 0.417000
vt 0.325000 0.012000
vt 0.324000 0.417000
vt 0.385000 0.012000
vt 0.384000 0.417000
vt 0.445000 0.012000
vt 0.438000 0.103000
vt 0.425000 0.157000
vt 0.505000 0.012000
vt 0.515000 0.024000
vt 0.470000 0.056000
vt 0.702000 0.414000
vt 0.623000 0.411000
vt 0.552000 0.176000
vt 0.497000 0.199000
vt 0.521000 0.074000
vt 0.281000 0.433000
vt 0.316000 0.447000
vt 0.315000 0.831000
vt 0.280000 0.831000
vt 0.242000 0.427000
vt 0.281000 0.433000
vt 0.280000 0.831000
vt 0.241000 0.831000
vt 0.204000 0.427000
vt 0.203000 0.831000
vt 0.166000 0.426000
vt 0.165000 0.831000
vt 0.127000 0.426000
vt 0.126000 0.831000
vt 0.089000 0.426000
vt 0.088000 0.831000
vt 0.050000 0.426000
vt 0.049000 0.831000
vt 0.012000 0.426000
vt 0.011000 0.831000
vt 0.504000 0.417000
vt 0.505000 0.214000
vt 0.565000 0.214000
vt 0.564000 0.417000
vt 0.444000 0.417000
vt 0.445000 0.213000
vt 0.437000 0.207000
vt 0.821000 0.859000
vt 0.761000 0.867000
vt 0.762000 0.784000
vt 0.800000 0.779000
vt 0.877000 0.837000
vt 0.836000 0.765000
vt 0.924000 0.800000
vt 0.866000 0.742000
vt 0.961000 0.753000
vt 0.890000 0.711000
vt 0.985000 0.698000
vt 0.905000 0.676000
vt 0.993000 0.638000
vt 0.910000 0.638000
vt 0.985000 0.579000
vt 0.905000 0.600000
vt 0.974000 0.547000
vt 0.906000 0.564000
vt 0.367000 0.485000
vt 0.366000 0.831000
vt 0.906000 0.514000
vt 0.955000 0.514000
vt 0.018000 0.139000
vt 0.014000 0.391000
vt 0.010000 0.376000
vt 0.010000 0.167000
vt 0.825000 0.487000
vt 0.825000 0.459000
vt 0.839000 0.459000
vt 0.831000 0.487000
vt 0.624000 0.263000
vt 0.761000 0.263000
vt 0.823000 0.314000
vt 0.892000 0.335000
vt 0.539000 0.032000
vt 0.611000 0.032000
vt 0.611000 0.168000
vt 0.624000 0.213000
vt 0.782000 0.212000
vt 0.776000 0.577000
vt 0.752000 0.567000
vt 0.780000 0.526000
vt 0.798000 0.544000
vt 0.821000 0.499000
vt 0.831000 0.522000
vt 0.769000 0.616000
vt 0.743000 0.616000
vt 0.798000 0.687000
vt 0.780000 0.706000
vt 0.752000 0.664000
vt 0.776000 0.655000
vt 0.870000 0.515000
vt 0.870000 0.489000
vt 0.738000 0.913000
vt 0.738000 0.754000
vt 0.679000 0.092000
vt 0.679000 0.009000
vt 0.621000 0.094000
vt 0.662000 0.114000
vt 0.622000 0.114000
vt 0.831000 0.709000
vt 0.870000 0.717000
vt 0.797000 0.717000
vt 0.565000 0.013000
vt 0.787000 0.161000
vt 0.623000 0.164000
vt 0.784000 0.151000
vt 0.873000 0.377000
vt 0.824000 0.377000
vt 0.825000 0.434000
vt 0.848000 0.434000
vt 0.072000 0.416000
vt 0.073000 0.070000
vt 0.111000 0.044000
vt 0.110000 0.416000
vt 0.045000 0.413000
vt 0.044000 0.098000
vt 0.906000 0.446000
vt 0.913000 0.446000
vt 0.916000 0.461000
vt 0.906000 0.461000
vt 0.924000 0.477000
vt 0.906000 0.477000
vt 0.423000 0.931000
vt 0.423000 0.925000
vt 0.632000 0.924000
vt 0.632000 0.931000
vt 0.856000 0.414000
vt 0.824000 0.414000
vt 0.906000 0.493000
vt 0.936000 0.493000
vt 0.390000 0.514000
vt 0.386000 0.828000
vt 0.412000 0.583000
vt 0.412000 0.787000
vt 0.408000 0.806000
vt 0.408000 0.554000
vt 0.031000 0.115000
vt 0.027000 0.404000
vt 0.399000 0.820000
vt 0.399000 0.531000
vt 0.179000 0.860000
vt 0.194000 0.856000
vt 0.196000 0.895000
vt 0.220000 0.921000
vt 0.250000 0.938000
vt 0.284000 0.943000
vt 0.317000 0.938000
vt 0.347000 0.922000
vt 0.371000 0.896000
vt 0.388000 0.863000
vt 0.585000 0.961000
vt 0.545000 0.960000
vt 0.545000 0.967000
vt 0.585000 0.968000
vt 0.545000 0.974000
vt 0.585000 0.975000
vt 0.710000 0.961000
vt 0.710000 0.969000
vt 0.585000 0.947000
vt 0.545000 0.947000
vt 0.545000 0.954000
vt 0.585000 0.954000
vt 0.505000 0.967000
vt 0.505000 0.974000
vt 0.668000 0.954000
vt 0.626000 0.954000
vt 0.626000 0.961000
vt 0.667000 0.961000
vt 0.710000 0.954000
vt 0.667000 0.968000
vt 0.466000 0.947000
vt 0.466000 0.953000
vt 0.506000 0.953000
vt 0.505000 0.947000
vt 0.626000 0.946000
vt 0.466000 0.960000
vt 0.505000 0.960000
vt 0.626000 0.968000
vt 0.466000 0.973000
vt 0.466000 0.967000
vt 0.667000 0.976000
vt 0.709000 0.976000
vt 0.710000 0.947000
vt 0.667000 0.947000
vt 0.626000 0.975000
vt 0.177000 0.908000
vt 0.187000 0.901000
vt 0.340000 0.876000
vt 0.360000 0.889000
vt 0.339000 0.912000
vt 0.325000 0.894000
vt 0.306000 0.905000
vt 0.313000 0.926000
vt 0.284000 0.931000
vt 0.284000 0.909000
vt 0.262000 0.905000
vt 0.254000 0.926000
vt 0.228000 0.911000
vt 0.243000 0.893000
vt 0.228000 0.875000
vt 0.207000 0.888000
vt 0.361000 0.939000
vt 0.353000 0.930000
vt 0.321000 0.948000
vt 0.325000 0.959000
vt 0.283000 0.966000
vt 0.283000 0.954000
vt 0.247000 0.948000
vt 0.243000 0.959000
vt 0.389000 0.909000
vt 0.379000 0.902000
vt 0.214000 0.929000
vt 0.206000 0.939000
vt 0.422000 0.584000
vt 0.734000 0.584000
vt 0.734000 0.545000
vt 0.422000 0.545000
vt 0.422000 0.663000
vt 0.734000 0.663000
vt 0.734000 0.624000
vt 0.422000 0.624000
vt 0.734000 0.703000
vt 0.422000 0.703000
vt 0.422000 0.466000
vt 0.734000 0.466000
vt 0.734000 0.505000
vt 0.422000 0.505000
vt 0.581000 0.913000
vt 0.580000 0.754000
vt 0.541000 0.754000
vt 0.541000 0.913000
vt 0.659000 0.913000
vt 0.659000 0.754000
vt 0.620000 0.754000
vt 0.620000 0.913000
vt 0.462000 0.913000
vt 0.462000 0.754000
vt 0.501000 0.754000
vt 0.502000 0.913000
vt 0.699000 0.913000
vt 0.699000 0.754000
vt 0.712000 0.364000
vt 0.735000 0.313000
vt 0.624000 0.312000
vt 0.624000 0.362000
vt 0.718000 0.096000
vt 0.753000 0.111000
vt 0.794000 0.039000
vt 0.738000 0.016000
vt 0.784000 0.134000
vt 0.842000 0.075000
vt 0.807000 0.164000
vt 0.879000 0.122000
vt 0.822000 0.199000
vt 0.902000 0.177000
vt 0.828000 0.238000
vt 0.911000 0.237000
vt 0.823000 0.276000
vt 0.903000 0.298000
vt 0.145000 0.025000
vt 0.144000 0.416000
vt 0.204000 0.417000
vt 0.205000 0.012000
vt 0.264000 0.417000
vt 0.265000 0.012000
vt 0.324000 0.417000
vt 0.325000 0.012000
vt 0.384000 0.417000
vt 0.385000 0.012000
vt 0.425000 0.157000
vt 0.438000 0.103000
vt 0.445000 0.012000
vt 0.505000 0.012000
vt 0.470000 0.056000
vt 0.515000 0.024000
vt 0.552000 0.176000
vt 0.521000 0.074000
vt 0.497000 0.199000
vt 0.281000 0.433000
vt 0.280000 0.831000
vt 0.315000 0.831000
vt 0.316000 0.447000
vt 0.242000 0.427000
vt 0.241000 0.831000
vt 0.280000 0.831000
vt 0.281000 0.433000
vt 0.204000 0.427000
vt 0.203000 0.831000
vt 0.166000 0.426000
vt 0.165000 0.831000
vt 0.127000 0.426000
vt 0.126000 0.831000
vt 0.089000 0.426000
vt 0.088000 0.831000
vt 0.050000 0.426000
vt 0.049000 0.831000
vt 0.504000 0.417000
vt 0.505000 0.214000
vt 0.444000 0.417000
vt 0.445000 0.213000
vt 0.437000 0.207000
vt 0.821000 0.859000
vt 0.800000 0.779000
vt 0.877000 0.837000
vt 0.836000 0.765000
vt 0.924000 0.800000
vt 0.866000 0.742000
vt 0.961000 0.753000
vt 0.890000 0.711000
vt 0.985000 0.698000
vt 0.905000 0.676000
vt 0.993000 0.638000
vt 0.910000 0.638000
vt 0.985000 0.579000
vt 0.905000 0.600000
vt 0.974000 0.547000
vt 0.906000 0.564000
vt 0.366000 0.831000
vt 0.367000 0.485000
vt 0.955000 0.514000
vt 0.906000 0.514000
vt 0.018000 0.139000
vt 0.010000 0.167000
vt 0.010000 0.376000
vt 0.014000 0.391000
vt 0.825000 0.487000
vt 0.831000 0.487000
vt 0.839000 0.459000
vt 0.825000 0.459000
vt 0.761000 0.263000
vt 0.624000 0.263000
vt 0.823000 0.314000
vt 0.892000 0.335000
vt 0.539000 0.032000
vt 0.624000 0.213000
vt 0.782000 0.212000
vt 0.776000 0.577000
vt 0.798000 0.544000
vt 0.780000 0.526000
vt 0.752000 0.567000
vt 0.831000 0.522000
vt 0.821000 0.499000
vt 0.769000 0.616000
vt 0.743000 0.616000
vt 0.798000 0.687000
vt 0.776000 0.655000
vt 0.752000 0.664000
vt 0.780000 0.706000
vt 0.621000 0.094000
vt 0.622000 0.114000
vt 0.662000 0.114000
vt 0.831000 0.709000
vt 0.797000 0.717000
vt 0.870000 0.717000
vt 0.565000 0.013000
vt 0.787000 0.161000
vt 0.623000 0.164000
vt 0.784000 0.151000
vt 0.824000 0.377000
vt 0.873000 0.377000
vt 0.825000 0.434000
vt 0.848000 0.434000
vt 0.072000 0.416000
vt 0.110000 0.416000
vt 0.111000 0.044000
vt 0.073000 0.070000
vt 0.045000 0.413000
vt 0.044000 0.098000
vt 0.906000 0.446000
vt 0.906000 0.461000
vt 0.916000 0.461000
vt 0.913000 0.446000
vt 0.906000 0.477000
vt 0.924000 0.477000
vt 0.423000 0.931000
vt 0.632000 0.931000
vt 0.632000 0.924000
vt 0.423000 0.925000
vt 0.824000 0.414000
vt 0.856000 0.414000
vt 0.936000 0.493000
vt 0.906000 0.493000
vt 0.386000 0.828000
vt 0.390000 0.514000
vt 0.412000 0.583000
vt 0.408000 0.554000
vt 0.408000 0.806000
vt 0.412000 0.787000
vt 0.031000 0.115000
vt 0.027000 0.404000
vt 0.399000 0.531000
vt 0.399000 0.820000
vt 0.196000 0.895000
vt 0.220000 0.921000
vt 0.250000 0.938000
vt 0.284000 0.943000
vt 0.317000 0.938000
vt 0.347000 0.922000
vt 0.371000 0.896000
vn 0.9846 0.0152 0.1739
vn 0.6386 -0.4753 0.6052
vn 0.6214 -0.6726 0.4017
vn 0.9609 -0.2558 -0.1060
vn 0.2620 -0.6522 0.7113
vn 0.2554 -0.7533 0.6060
vn -0.1751 0.0243 0.9842
vn 0.1063 -0.0086 0.9943
vn 0.2533 0.6597 0.7075
vn -0.1331 0.7077 0.6938
vn 0.5022 0.6518 -0.5682
vn 0.8024 0.4891 -0.3418
vn 0.7842 0.2904 -0.5483
vn 0.4922 0.5430 -0.6804
vn 0.4976 -0.8415 0.2101
vn 0.1932 -0.8409 0.5055
vn 0.5194 0.8543 -0.0198
vn 0.6030 0.5094 0.6139
vn 0.8589 0.2824 0.4272
vn 0.7092 0.6874 -0.1564
vn 0.2637 0.9635 0.0458
vn 0.3595 -0.1134 0.9262
vn 0.3087 0.3784 -0.8726
vn 0.4245 0.4474 -0.7871
vn 0.6588 0.1188 -0.7429
vn 0.4458 -0.0005 -0.8951
vn 0.4492 0.7617 -0.4669
vn 0.7902 -0.4888 -0.3697
vn 0.4997 -0.6449 -0.5782
vn 0.5461 -0.2791 0.7898
vn -0.0544 -0.9237 0.3791
vn 0.0201 -0.9992 -0.0345
vn 0.2874 -0.9562 0.0555
vn 0.0850 -0.9008 0.4258
vn 0.1214 -0.4643 0.8773
vn -0.0103 -0.4119 0.9112
vn 0.1753 -0.0457 -0.9835
vn 0.1589 0.3520 -0.9224
vn 0.2060 0.9109 -0.3574
vn 0.0518 0.9297 -0.3645
vn -0.0200 0.9992 0.0342
vn -0.1551 -0.3972 0.9045
vn 0.3460 0.8520 -0.3927
vn 0.2155 -0.5506 0.8065
vn 0.1338 -0.7028 -0.6986
vn 0.5059 -0.6026 -0.6172
vn 0.1400 -0.6621 -0.7362
vn 0.1615 -0.4586 -0.8738
vn 0.5112 -0.4025 -0.7593
vn 0.0799 0.8522 -0.5170
vn 0.1693 0.8413 -0.5134
vn 0.1131 0.7077 -0.6974
vn 0.1138 0.7082 -0.6967
vn 0.2516 0.8070 -0.5342
vn 0.3112 0.7544 -0.5780
vn 0.1140 0.7083 -0.6966
vn 0.1140 0.7078 -0.6971
vn 0.3408 0.6914 -0.6370
vn 0.3359 0.6276 -0.7023
vn 0.1137 0.7077 -0.6973
vn 0.1139 0.7073 -0.6976
vn 0.2952 0.5738 -0.7639
vn 0.2279 0.5364 -0.8126
vn 0.1145 0.7074 -0.6974
vn 0.1135 0.7080 -0.6970
vn 0.6084 0.5525 0.5697
vn 0.8640 0.3272 0.3826
vn 0.8528 0.4834 0.1976
vn 0.6083 0.6991 0.3759
vn 0.9897 0.0578 0.1308
vn 0.9658 -0.2126 -0.1482
vn 0.9500 -0.0314 -0.3106
vn 0.9730 0.2264 -0.0440
vn 0.2603 0.7008 0.6641
vn 0.2764 0.8407 0.4656
vn 0.7964 -0.4439 -0.4106
vn 0.7879 -0.2524 -0.5617
vn -0.1259 0.7492 0.6502
vn -0.0927 0.8871 0.4522
vn 0.9845 0.0136 0.1747
vn 0.9606 -0.2575 -0.1044
vn 0.6022 0.5089 0.6151
vn 0.8585 0.2830 0.4276
vn -0.1333 0.7064 0.6952
vn 0.2537 0.6578 0.7092
vn 0.4996 -0.6473 -0.5755
vn 0.1333 -0.7063 -0.6952
vn 0.7908 -0.4893 -0.3675
vn 0.1139 0.7078 -0.6972
vn 0.1139 0.7078 -0.6971
vn 0.9606 -0.2578 -0.1039
vn 0.9605 -0.2580 -0.1042
vn 0.9845 0.0134 0.1745
vn 0.6022 0.5095 0.6146
vn 0.8585 0.2834 0.4274
vn 0.8587 0.2831 0.4271
vn 0.6023 0.5094 0.6145
vn 0.4996 -0.6481 -0.5748
vn 0.1332 -0.7071 -0.6945
vn 0.4997 -0.6480 -0.5748
vn 0.7908 -0.4899 -0.3668
vn 0.7906 -0.4900 -0.3670
vn 0.2505 0.6587 0.7094
vn 0.2502 0.6588 0.7095
vn 0.5335 -0.6173 -0.5781
vn 0.5035 -0.6277 -0.5937
vn 0.7935 -0.4709 -0.3854
vn 0.8252 -0.4425 -0.3511
vn 0.1582 -0.4990 -0.8520
vn 0.1573 -0.5827 -0.7973
vn 0.1573 -0.5825 -0.7974
vn 0.1311 -0.7556 -0.6418
vn 0.1353 -0.7402 -0.6586
vn 0.9472 -0.1667 0.2737
vn 0.9852 0.0221 0.1700
vn 0.9845 0.0137 0.1748
vn 0.9391 -0.1903 0.2860
vn 0.9705 0.2375 0.0411
vn 0.8904 0.4450 -0.0953
vn 0.7495 0.6225 -0.2252
vn 0.7496 0.6224 -0.2253
vn 0.5459 0.7684 -0.3339
vn 0.6326 0.7148 -0.2979
vn 0.6583 0.6964 -0.2857
vn 0.3567 0.8428 -0.4030
vn 0.2926 0.8541 -0.4300
vn 0.4455 0.8153 -0.3698
vn 0.1364 -0.6866 -0.7141
vn -0.1582 0.4990 0.8520
vn -0.9845 -0.0137 -0.1748
vn -0.9850 -0.0200 -0.1712
vn -0.9660 0.1005 -0.2383
vn -0.9706 -0.2372 -0.0413
vn -0.8904 -0.4451 0.0953
vn -0.7490 -0.6229 0.2258
vn -0.5578 -0.7572 0.3399
vn -0.3284 -0.8403 0.4312
vn -0.0755 -0.8665 0.4935
vn 0.3278 0.8405 -0.4314
vn 0.0755 0.8665 -0.4935
vn 0.5575 0.7573 -0.3400
vn 0.5778 0.7465 -0.3299
vn 0.6601 0.6950 -0.2850
vn -0.1636 0.4309 0.8874
vn -0.1614 0.4610 0.8726
vn 0.6501 -0.5898 0.4790
vn 0.6480 -0.5916 0.4797
vn 0.4656 -0.7206 0.5138
vn -0.0652 -0.8969 0.4373
vn -0.0335 -0.9639 0.2642
vn -0.0295 -0.9698 0.2420
vn -0.0643 -0.8992 0.4328
vn 0.9632 -0.2399 -0.1212
vn 0.9757 -0.2031 -0.0815
vn 0.0934 -0.8715 -0.4815
vn 0.0908 -0.8785 -0.4689
vn 0.9869 0.0304 0.1585
vn 0.9816 0.0551 0.1828
vn 0.1143 0.7079 -0.6970
vn 0.1140 0.7079 -0.6970
vn 0.1135 0.7078 -0.6973
vn 0.1137 0.7074 -0.6976
vn 0.1131 0.7050 -0.7001
vn 0.1129 0.7073 -0.6978
vn 0.1139 0.7081 -0.6968
vn -0.1333 0.7059 0.6956
vn 0.4139 0.6105 0.6753
vn 0.7019 0.4521 0.5503
vn 0.5915 0.5240 0.6128
vn 0.1166 0.6916 -0.7128
vn 0.1175 0.6883 -0.7158
vn 0.1139 0.7017 -0.7033
vn 0.2026 0.8626 -0.4635
vn 0.8636 0.2944 0.4092
vn 0.8589 0.2993 0.4154
vn 0.7382 0.4247 0.5241
vn 0.0614 -0.9517 -0.3008
vn 0.0569 -0.9616 -0.2683
vn -0.0014 -0.9962 0.0862
vn 0.0010 -0.9973 0.0725
vn 0.7613 -0.4861 0.4289
vn 0.7821 -0.4623 0.4178
vn 0.8747 -0.3292 0.3555
vn 0.8581 -0.3572 0.3688
vn 0.6920 -0.5549 0.4617
vn 0.6992 -0.5488 0.4582
vn -0.0909 -0.8127 0.5755
vn -0.0917 -0.8095 0.5799
vn -0.1348 -0.5785 0.8045
vn -0.1304 -0.6091 0.7823
vn -0.1689 -0.1930 0.9665
vn -0.1653 -0.2598 0.9514
vn 0.0292 -0.9958 -0.0865
vn 0.0249 -0.9977 -0.0622
vn -0.1749 0.1509 0.9729
vn -0.1728 0.2449 0.9540
vn 0.6679 -0.5746 0.4730
vn 0.6678 -0.5745 0.4731
vn 0.1746 0.0160 -0.9845
vn 0.1420 0.5227 -0.8406
vn 0.4301 0.0560 -0.9010
vn 0.6334 0.1646 -0.7560
vn 0.7530 0.3258 -0.5716
vn 0.7693 0.5162 -0.3764
vn 0.6817 0.7039 -0.1996
vn 0.5027 0.8618 -0.0686
vn 0.2587 0.9659 -0.0044
vn -0.0114 0.9998 -0.0143
vn -0.9843 -0.0122 -0.1758
vn -0.8584 -0.2812 -0.4291
vn -0.7033 -0.6911 0.1664
vn -0.7948 -0.4953 0.3506
vn -0.4280 -0.7628 0.4847
vn -0.4731 -0.6625 0.5807
vn -0.4991 0.6493 0.5739
vn -0.4418 -0.0162 0.8970
vn -0.2933 0.6407 -0.7095
vn -0.2424 0.5327 -0.8108
vn -0.5551 0.2718 -0.7861
vn -0.6486 0.4689 -0.5994
vn -0.5166 -0.8557 0.0300
vn -0.3326 -0.8483 0.4121
vn -0.5037 0.8400 -0.2015
vn -0.6303 0.6687 -0.3943
vn -0.9608 0.2571 0.1040
vn -0.7910 0.4900 0.3664
vn -0.2893 0.9558 -0.0524
vn -0.6532 -0.1276 0.7464
vn 0.0005 0.3741 -0.9274
vn -0.1102 -0.0083 -0.9939
vn -0.3658 0.1045 -0.9248
vn -0.1395 0.4395 -0.8873
vn -0.2814 0.7515 -0.5966
vn -0.2525 -0.6554 -0.7118
vn -0.6011 -0.5081 -0.6168
vn -0.7768 -0.2976 0.5549
vn -0.2020 -0.9048 0.3748
vn -0.2630 -0.9638 -0.0423
vn -0.4034 -0.4716 0.7841
vn -0.2928 -0.4158 0.8610
vn -0.0949 0.9067 -0.4108
vn -0.2126 0.8443 -0.4919
vn -0.4650 -0.5601 0.6856
vn -0.2461 -0.6131 -0.7507
vn -0.2076 -0.4125 -0.8870
vn 0.1147 0.7077 -0.6971
vn -0.0049 0.8389 -0.5443
vn -0.0741 0.8025 -0.5921
vn 0.1138 0.7078 -0.6972
vn 0.1136 0.7083 -0.6966
vn -0.1135 0.7484 -0.6534
vn -0.1192 0.6850 -0.7187
vn 0.1141 0.7073 -0.6976
vn 0.1142 0.7077 -0.6972
vn -0.0904 0.6217 -0.7780
vn -0.0296 0.5693 -0.8216
vn 0.1143 0.7080 -0.6969
vn 0.1135 0.7074 -0.6976
vn 0.0514 0.5339 -0.8440
vn -0.7820 0.5332 0.3228
vn -0.7191 0.6806 0.1402
vn -0.8814 0.4592 -0.1104
vn -0.9514 0.3019 0.0602
vn -0.9754 0.0304 -0.2181
vn -0.9041 0.2002 -0.3774
vn -0.7838 -0.0556 -0.6185
vn -0.8497 -0.2379 -0.4705
vn -0.4919 0.6903 0.5306
vn -0.4424 0.8307 0.3380
vn -0.5393 -0.2709 -0.7974
vn -0.5941 -0.4632 -0.6576
vn -0.9845 -0.0139 -0.1750
vn -0.8586 -0.2829 -0.4275
vn -0.7906 0.4895 0.3677
vn -0.9606 0.2576 0.1045
vn -0.5000 0.6473 0.5753
vn -0.2533 -0.6578 -0.7093
vn -0.6024 -0.5088 -0.6149
vn -0.9845 -0.0138 -0.1749
vn -0.9844 -0.0140 -0.1751
vn -0.8586 -0.2834 -0.4272
vn -0.8588 -0.2831 -0.4270
vn -0.7905 0.4901 0.3673
vn -0.7906 0.4900 0.3671
vn -0.9606 0.2578 0.1040
vn -0.9605 0.2580 0.1043
vn -0.2535 -0.6586 -0.7085
vn -0.2536 -0.6585 -0.7085
vn -0.6024 -0.5094 -0.6144
vn -0.6027 -0.5093 -0.6143
vn -0.4971 0.6483 0.5767
vn -0.4968 0.6484 0.5768
vn -0.2850 -0.6287 -0.7235
vn -0.6416 -0.4629 -0.6115
vn -0.5993 -0.4903 -0.6328
vn -0.2512 -0.6382 -0.7277
vn 0.1426 -0.5828 -0.8000
vn 0.1425 -0.5829 -0.8000
vn 0.1197 -0.7404 -0.6614
vn 0.1183 -0.7557 -0.6441
vn -0.9787 -0.1936 -0.0683
vn -0.9747 -0.2170 -0.0538
vn -0.9837 -0.0053 -0.1796
vn -0.9314 0.2110 -0.2966
vn -0.8149 0.4212 -0.3981
vn -0.6427 0.6030 -0.4726
vn -0.6427 0.6031 -0.4725
vn -0.5383 0.6797 -0.4982
vn -0.5105 0.6989 -0.5009
vn -0.4181 0.7550 -0.5051
vn -0.2188 0.8348 -0.5051
vn -0.3128 0.8047 -0.5045
vn -0.1497 0.8479 -0.5085
vn 0.9839 0.0074 0.1784
vn 0.9859 0.1277 0.1083
vn 0.9315 -0.2107 0.2964
vn 0.8148 -0.4213 0.3981
vn 0.6420 -0.6036 0.4728
vn 0.4269 -0.7434 0.5148
vn 0.1825 -0.8332 0.5219
vn -0.1818 0.8334 -0.5219
vn -0.4267 0.7436 -0.5148
vn -0.4489 0.7322 -0.5122
vn -0.5401 0.6783 -0.4981
vn -0.7591 -0.6094 0.2288
vn -0.5943 -0.7353 0.3256
vn -0.7573 -0.6112 0.2301
vn -0.0651 -0.8969 0.4373
vn -0.8822 -0.2290 -0.4114
vn -0.8558 -0.2652 -0.4442
vn 0.1016 -0.8713 -0.4800
vn 0.0999 -0.8784 -0.4673
vn -0.9816 0.0030 -0.1910
vn -0.9857 0.0276 -0.1664
vn 0.1135 0.7079 -0.6971
vn 0.1138 0.7079 -0.6970
vn 0.1143 0.7078 -0.6971
vn 0.1142 0.7074 -0.6975
vn 0.1158 0.7051 -0.6996
vn 0.1151 0.7074 -0.6974
vn -0.6373 0.5958 0.4886
vn -0.7802 0.5049 0.3692
vn -0.8604 0.4303 0.2729
vn 0.1172 0.6916 -0.7127
vn 0.1162 0.7017 -0.7029
vn -0.0539 0.8590 -0.5090
vn -0.9593 0.2691 0.0855
vn -0.9572 0.2740 0.0929
vn -0.8846 0.4021 0.2359
vn 0.0649 -0.9615 -0.2669
vn 0.0716 -0.9515 -0.2990
vn -0.8491 -0.5085 0.1430
vn -0.9227 -0.3820 0.0526
vn -0.9344 -0.3544 0.0343
vn -0.8654 -0.4852 0.1252
vn -0.7934 -0.5756 0.1979
vn -0.7991 -0.5697 0.1921
vn -0.7741 -0.5947 0.2169
vn -0.7741 -0.5946 0.2170
vn -0.0950 0.0486 -0.9943
vn -0.3387 0.1510 -0.9287
vn -0.5187 0.3081 -0.7975
vn -0.6064 0.4970 -0.6207
vn -0.5901 0.6861 -0.4254
vn -0.4714 0.8482 -0.2416
vn -0.2674 0.9586 -0.0978
usemtl mb:o:3064:154
s 1
f 3710/3729/1846 3711/3730/1847 3729/3731/1848 3728/3732/1849
f 3729/3731/1848 3711/3730/1847 4045/3733/1850 4044/3734/1851
f 3978/3735/1852 3720/3736/1853 3719/3737/1854 3977/3738/1855
f 4039/3739/1856 3712/3740/1857 3730/3741/1858 4041/3742/1859
f 3712/3740/1857 3710/3729/1846 3728/3732/1849 3730/3741/1858
f 3726/3743/1860 3729/3731/1848 4044/3734/1851 4052/3744/1861
f 3718/3745/1862 3716/3746/1863 3713/3747/1864 3715/3748/1865
f 3721/3749/1866 3719/3737/1854 3716/3746/1863 3718/3745/1862
f 3720/3736/1853 3717/3750/1867 3716/3746/1863 3719/3737/1854
f 4035/3751/1868 4036/3752/1869 3727/3753/1870 3724/3754/1871
f 4039/3739/1856 4040/3755/1872 3715/3748/1865 3712/3740/1857
f 3710/3729/1846 3712/3740/1857 3715/3748/1865 3713/3747/1864
f 3727/3753/1870 3725/3756/1873 3722/3757/1874 3724/3754/1871
f 3717/3750/1867 3714/3758/1875 3713/3747/1864 3716/3746/1863
f 3729/3731/1848 3726/3743/1860 3725/3756/1873 3728/3732/1849
f 3730/3741/1858 3728/3732/1849 3725/3756/1873 3727/3753/1870
f 4041/3742/1859 3730/3741/1858 3727/3753/1870 4036/3752/1869
f 4050/3759/1876 3981/3760/1877 3723/3761/1878 4051/3762/1879
f 4047/3763/1880 3717/3750/1867 3720/3736/1853 4048/3764/1881
f 4035/3751/1868 3724/3754/1871 3982/3765/1882 4042/3766/1883
f 4038/3767/1884 4043/3768/1885 3979/3769/1886 3721/3749/1866
f 4048/3764/1881 3720/3736/1853 3978/3735/1852 4049/3770/1887
f 3979/3769/1886 3977/3738/1855 3719/3737/1854 3721/3749/1866
f 4037/3771/1888 4038/3767/1884 3721/3749/1866 3718/3745/1862
f 3723/3761/1878 3726/3743/1860 4052/3744/1861 4051/3762/1879
f 4045/3733/1850 3711/3730/1847 3714/3758/1875 4046/3772/1889
f 3711/3730/1847 3710/3729/1846 3713/3747/1864 3714/3758/1875
f 4046/3772/1889 3714/3758/1875 3717/3750/1867 4047/3763/1880
f 4040/3755/1872 4037/3771/1888 3718/3745/1862 3715/3748/1865
f 3724/3754/1871 3722/3757/1874 3980/3773/1890 3982/3765/1882
f 3723/3761/1878 3981/3760/1877 3980/3773/1890 3722/3757/1874
f 3746/3774/1891 3986/3775/1892 4024/3776/1893 3834/3777/1894
f 4021/3778/1895 3851/3779/1896 3744/3780/1897 3984/3781/1898
f 3848/3782/1899 3845/3783/1900 3742/3784/1901 3743/3785/1902
f 3842/3786/1903 3839/3787/1904 3740/3788/1905 3741/3789/1906
f 3836/3790/1907 3833/3791/1908 3738/3792/1909 3739/3793/1910
f 3851/3779/1896 3848/3782/1899 3743/3785/1902 3744/3780/1897
f 3845/3783/1900 3842/3786/1903 3741/3789/1906 3742/3784/1901
f 3748/3794/1911 3749/3795/1912 3846/3796/1913 3849/3797/1914
f 3750/3798/1915 3751/3799/1916 3840/3800/1917 3843/3801/1918
f 3839/3787/1904 3836/3790/1907 3739/3793/1910 3740/3788/1905
f 3747/3802/1919 3748/3794/1911 3849/3797/1914 3852/3803/1920
f 3749/3795/1912 3750/3798/1915 3843/3801/1918 3846/3796/1913
f 3751/3799/1916 3745/3804/1921 3837/3805/1922 3840/3800/1917
f 3745/3804/1921 3746/3774/1891 3834/3777/1894 3837/3805/1922
f 3987/3806/1923 3747/3802/1919 3852/3803/1920 4022/3807/1924
f 3758/3808/1925 3755/3809/1926 3751/3810/1916 3750/3811/1915
f 3757/3812/1927 3754/3813/1928 3749/3814/1912 3748/3815/1911
f 3990/3816/1929 3753/3817/1930 3747/3818/1919 3987/3819/1923
f 3756/3820/1931 3989/3821/1932 3986/3822/1892 3746/3823/1891
f 3755/3809/1926 3752/3824/1933 3745/3825/1921 3751/3810/1916
f 3754/3813/1928 3758/3808/1925 3750/3811/1915 3749/3814/1912
f 3753/3817/1930 3757/3812/1927 3748/3815/1911 3747/3818/1919
f 3752/3824/1933 3756/3820/1931 3746/3823/1891 3745/3825/1921
f 3744/3780/1897 3743/3785/1902 3988/3826/1934
f 3742/3784/1901 3741/3789/1906 3988/3826/1934
f 3740/3788/1905 3739/3793/1910 3988/3826/1934
f 3738/3792/1909 3985/3827/1935 3988/3826/1934
f 3984/3781/1898 3744/3780/1897 3988/3826/1934
f 3743/3785/1902 3742/3784/1901 3988/3826/1934
f 3741/3789/1906 3740/3788/1905 3988/3826/1934
f 3739/3793/1910 3738/3792/1909 3988/3826/1934
f 4031/3828/1925 4030/3829/1936 3762/3830/1937 3765/3831/1938
f 4033/3832/1939 4032/3833/1940 3761/3834/1941 3764/3835/1942
f 4027/3836/1943 4028/3837/1944 3991/3838/1944 3763/3839/1945
f 4030/3829/1936 4029/3840/1946 3759/3841/1947 3762/3830/1937
f 4032/3833/1940 4031/3828/1925 3765/3831/1938 3761/3834/1941
f 4034/3842/1948 4033/3832/1939 3764/3835/1942 3760/3843/1949
f 4029/3840/1946 4027/3836/1943 3763/3839/1945 3759/3841/1947
f 4079/3844/1950 4100/3845/1951 4102/3846/1952 4078/3847/1953
f 3766/3848/1954 4063/3849/1954 4064/3850/1954 4055/3851/1954
f 4055/3851/1954 4064/3850/1954 4065/3852/1954 4056/3853/1954
f 4056/3853/1954 4065/3852/1954 4066/3854/1954 4057/3855/1954
f 4057/3855/1954 4066/3854/1954 4067/3856/1954 4058/3857/1954
f 4058/3857/1954 4067/3856/1954 4068/3858/1955 4059/3859/1956
f 4059/3859/1956 4068/3858/1955 4069/3860/1957 4060/3861/1958
f 3780/3862/1959 3779/3863/1960 4072/3864/1961 4071/3865/1962
f 3779/3863/1960 3778/3866/1963 4073/3867/1963 4072/3864/1961
f 3778/3866/1963 3777/3868/1964 4074/3869/1964 4073/3867/1963
f 3777/3868/1964 3776/3870/1965 4075/3871/1966 4074/3869/1964
f 3776/3870/1965 3775/3872/1967 3815/3873/1968 4119/3874/1969
f 3774/3875/1970 3813/3876/1971 3814/3877/1972 3775/3872/1967
f 4100/3845/1951 4079/3844/1950 4115/3878/1973 4101/3879/1973
f 3812/3880/1974 4122/3881/1974 4112/3882/1974
f 4061/3883/1975 4062/3884/1975 4081/3885/1975 4082/3886/1975
f 3771/3887/1976 3772/3888/1977 4083/3889/1977 4084/3890/1975
f 3770/3891/1978 3771/3887/1976 4084/3890/1975 4085/3892/1978
f 3769/3893/1979 3770/3891/1978 4085/3892/1978 4086/3894/1979
f 3768/3895/1980 3769/3893/1979 4086/3894/1979 4087/3896/1980
f 3767/3897/1981 3768/3895/1980 4087/3896/1980 4088/3898/1981
f 4054/3899/1982 3767/3897/1981 4088/3898/1981 4089/3900/1982
f 4053/3901/1983 4054/3899/1982 4089/3900/1982 4090/3902/1983
f 4077/3903/1984 4114/3904/1984 3998/3905/1985 4080/3906/1985
f 4076/3907/1986 4121/3908/1987 4114/3904/1984 4077/3903/1984
f 4076/3907/1986 4075/3871/1966 4120/3909/1988 4121/3908/1987
f 3789/3910/1974 3994/3911/1974 3995/3912/1974 3797/3913/1974
f 3788/3914/1974 3789/3910/1974 3797/3913/1974 3796/3915/1974
f 3787/3916/1974 3788/3914/1974 3796/3915/1974 3795/3917/1974
f 3786/3918/1974 3787/3916/1974 3795/3917/1974 3794/3919/1974
f 3785/3920/1974 3786/3918/1974 3794/3919/1974 3793/3921/1974
f 3784/3922/1974 3785/3920/1974 3793/3921/1974 3792/3923/1974
f 3783/3924/1974 3784/3922/1974 3792/3923/1974 3791/3925/1974
f 4070/3926/1974 3783/3924/1974 3791/3925/1974 3790/3927/1974
f 4062/3884/1975 4092/3928/1975 4093/3929/1975 4081/3885/1975
f 4070/3926/1974 3790/3927/1974 3800/3930/1989 4091/3931/1990
f 4095/3932/1991 4128/3933/1992 3825/3934/1993 4094/3935/1993
f 4097/3936/1994 4098/3937/1995 3801/3938/1996 3820/3939/1997
f 4102/3846/1952 4103/3940/1998 4118/3941/1999 4078/3847/1953
f 4120/3909/1988 4075/3871/1966 4119/3874/1969
f 3773/3942/2000 4060/3861/1958 4069/3860/1957 4096/3943/2001
f 4112/3882/1974 3811/3944/1974 4107/3945/1974 4113/3946/1974
f 4104/3947/2002 3816/3948/2003 4118/3941/1999 4103/3940/1998
f 3733/3949/2004 3805/3950/2004 3804/3951/2005 3732/3952/2005
f 3804/3951/2005 3803/3953/2006 3731/3954/2006 3732/3952/2005
f 3734/3955/2007 3806/3956/2007 3805/3950/2004 3733/3949/2004
f 3736/3957/2008 4106/3958/2008 4105/3959/2009 3735/3960/2009
f 3734/3955/2007 3735/3960/2009 4105/3959/2009 3806/3956/2007
f 3983/3961/2010 3731/3954/2006 3803/3953/2006 3996/3962/2010
f 4108/3963/2011 4034/3842/1948 3760/3843/1949 3992/3964/2011
f 3993/3965/1954 4116/3966/1954 4063/3849/1954 3766/3848/1954
f 4111/3967/2012 3810/3968/2013 3808/3969/2014
f 3737/3970/2015 4109/3971/2016 4110/3972/2017
f 3813/3876/1971 3774/3875/1970 4117/3973/2018
f 3736/3957/2008 3737/3970/2015 4110/3972/2017 4106/3958/2008
f 4113/3946/1974 3812/3880/1974 4112/3882/1974
f 4075/3871/1966 3776/3870/1965 4119/3874/1969
f 3814/3877/1972 3815/3873/1968 3775/3872/1967
f 3817/3974/2019 3816/3948/2003 4104/3947/2002 3807/3975/2020
f 3807/3975/2020 3808/3969/2014 3810/3968/2013
f 3810/3968/2013 3809/3976/2021 3817/3974/2019 3807/3975/2020
f 3773/3942/2000 4096/3943/2001 4123/3977/2022 3799/3978/2023
f 4099/3979/2024 4124/3980/2025 3801/3938/1996 4098/3937/1995
f 3798/3981/2026 3819/3982/2027 3818/3983/2028 3782/3984/2029
f 3780/3862/1959 4071/3865/1962 3782/3984/2029 3818/3983/2028
f 3832/3985/2030 4132/3986/2031 3819/3982/2027 3798/3981/2026
f 4126/3987/2032 4127/3988/2033 3827/3989/2034 4125/3990/2035
f 4125/3990/2035 3827/3989/2034 4130/3991/2036 4129/3992/2037
f 4097/3993/1994 3820/3994/1997 4127/3995/2033 4126/3996/2032
f 3799/3978/2023 4123/3977/2022 3829/3997/2038 4131/3998/2039
f 4091/3931/1990 3800/3930/1989 4133/3999/2040 4134/4000/2041
f 4092/3928/1975 3828/4001/1975 3822/4002/1975 4093/3929/1975
f 3781/4003/1975 3821/4004/1975 3823/4005/1975 3802/4006/1975
f 3831/4007/2042 3826/4008/2043 4128/3933/1992 4095/3932/1991
f 3802/4006/1975 3823/4005/1975 3824/4009/1975 3830/4010/1975
f 3822/4002/1975 3828/4001/1975 3830/4010/1975 3824/4009/1975
f 4129/3992/2037 4130/3991/2036 4134/4000/2041 4133/3999/2040
f 4131/3998/2039 3829/3997/2038 4124/3980/2025 4099/3979/2024
f 3826/4008/2043 3831/4007/2042 4132/3986/2031 3832/3985/2030
f 4026/4011/2044 4025/4012/2045 3833/3791/1908 3835/4013/2046
f 3834/3777/1894 3835/4013/2046 3838/4014/2047 3837/3805/1922
f 3835/4013/2046 3833/3791/1908 3836/3790/1907 3838/4014/2047
f 3837/3805/1922 3838/4014/2047 3841/4015/2048 3840/3800/1917
f 3838/4014/2047 3836/3790/1907 3839/3787/1904 3841/4015/2048
f 3840/3800/1917 3841/4015/2048 3844/4016/2049 3843/3801/1918
f 3841/4015/2048 3839/3787/1904 3842/3786/1903 3844/4016/2049
f 3843/3801/1918 3844/4016/2049 3847/4017/2050 3846/3796/1913
f 3844/4016/2049 3842/3786/1903 3845/3783/1900 3847/4017/2050
f 3846/3796/1913 3847/4017/2050 3850/4018/2051 3849/3797/1914
f 3847/4017/2050 3845/3783/1900 3848/3782/1899 3850/4018/2051
f 3849/3797/1914 3850/4018/2051 3853/4019/2052 3852/3803/1920
f 3850/4018/2051 3848/3782/1899 3851/3779/1896 3853/4019/2052
f 3852/3803/1920 3853/4019/2052 4023/4020/2053 4022/3807/1924
f 3853/4019/2052 3851/3779/1896 4021/3778/1895 4023/4020/2053
f 3833/3791/1908 4025/4012/2045 3985/3827/1935 3738/3792/1909
f 3726/3743/1860 3723/3761/1878 3722/3757/1874 3725/3756/1873
f 4024/3776/1893 4026/4011/2044 3835/4013/2046 3834/3777/1894
f 3854/4021/2054 3872/4022/2055 3873/4023/2056 3855/4024/2057
f 3873/4023/2056 4149/4025/2058 4150/4026/2059 3855/4024/2057
f 3978/3735/1852 3977/3738/1855 3863/4027/2060 3864/4028/2061
f 4146/4029/2062 4148/4030/2063 3874/4031/2064 3856/4032/2065
f 3856/4032/2065 3874/4031/2064 3872/4022/2055 3854/4021/2054
f 3870/4033/2066 4155/4034/2067 4149/4025/2058 3873/4023/2056
f 3862/4035/2068 3859/4036/2069 3857/4037/2070 3860/4038/2071
f 3865/4039/2072 3862/4035/2068 3860/4038/2071 3863/4027/2060
f 3864/4028/2061 3863/4027/2060 3860/4038/2071 3861/4040/2073
f 4142/4041/2074 3868/4042/2075 3871/4043/2076 4143/4044/2077
f 4146/4029/2062 3856/4032/2065 3859/4036/2069 4147/4045/2078
f 3854/4021/2054 3857/4037/2070 3859/4036/2069 3856/4032/2065
f 3871/4043/2076 3868/4042/2075 3866/4046/2079 3869/4047/2080
f 3861/4040/2073 3860/4038/2071 3857/4037/2070 3858/4048/2081
f 3873/4023/2056 3872/4022/2055 3869/4047/2080 3870/4033/2066
f 3874/4031/2064 3871/4043/2076 3869/4047/2080 3872/4022/2055
f 4148/4030/2063 4143/4044/2077 3871/4043/2076 3874/4031/2064
f 4050/3759/1876 4154/4049/2082 3867/4050/2083 3981/3760/1877
f 4152/4051/2084 4153/4052/2085 3864/4028/2061 3861/4040/2073
f 4142/4041/2074 4042/3766/1883 3982/3765/1882 3868/4042/2075
f 4145/4053/2086 3865/4039/2072 3979/3769/1886 4043/3768/1885
f 4153/4052/2085 4049/3770/1887 3978/3735/1852 3864/4028/2061
f 3979/3769/1886 3865/4039/2072 3863/4027/2060 3977/3738/1855
f 4144/4054/2087 3862/4035/2068 3865/4039/2072 4145/4053/2086
f 3867/4050/2083 4154/4049/2082 4155/4034/2067 3870/4033/2066
f 4150/4026/2059 4151/4055/2088 3858/4048/2081 3855/4024/2057
f 3857/4037/2070 3854/4021/2054 3855/4024/2057 3858/4048/2081
f 4151/4055/2088 4152/4051/2084 3861/4040/2073 3858/4048/2081
f 4147/4045/2078 3859/4036/2069 3862/4035/2068 4144/4054/2087
f 3868/4042/2075 3982/3765/1882 3980/3773/1890 3866/4046/2079
f 3867/4050/2083 3866/4046/2079 3980/3773/1890 3981/3760/1877
f 3890/4056/2089 4001/4057/2090 4024/3776/1893 3986/3775/1892
f 4021/3778/1895 3984/3781/1898 3888/4058/2091 4018/4059/2092
f 4015/4060/2093 3887/4061/2094 3886/4062/2095 4012/4063/2096
f 4009/4064/2097 3885/4065/2098 3884/4066/2099 4006/4067/2100
f 4003/4068/2101 3883/4069/2102 3882/4070/2103 4000/4071/2104
f 4018/4059/2092 3888/4058/2091 3887/4061/2094 4015/4060/2093
f 4012/4063/2096 3886/4062/2095 3885/4065/2098 4009/4064/2097
f 3892/4072/2105 4016/4073/2106 4013/4074/2107 3893/4075/2108
f 3894/4076/2109 4010/4077/2110 4007/4078/2111 3895/4079/2112
f 4006/4067/2100 3884/4066/2099 3883/4069/2102 4003/4068/2101
f 3891/4080/2113 4019/4081/2114 4016/4073/2106 3892/4072/2105
f 3893/4075/2108 4013/4074/2107 4010/4077/2110 3894/4076/2109
f 3895/4079/2112 4007/4078/2111 4004/4082/2115 3889/4083/2116
f 3889/4083/2116 4004/4082/2115 4001/4057/2090 3890/4056/2089
f 3987/3806/1923 4022/3807/1924 4019/4081/2114 3891/4080/2113
f 3902/4084/2117 3894/4085/2109 3895/4086/2112 3899/4087/2118
f 3901/4088/2119 3892/4089/2105 3893/4090/2108 3898/4091/2120
f 3990/3816/1929 3987/3819/1923 3891/4092/2113 3897/4093/2121
f 3900/4094/2122 3890/4095/2089 3986/3822/1892 3989/3821/1932
f 3899/4087/2118 3895/4086/2112 3889/4096/2116 3896/4097/2123
f 3898/4091/2120 3893/4090/2108 3894/4085/2109 3902/4084/2117
f 3897/4093/2121 3891/4092/2113 3892/4089/2105 3901/4088/2119
f 3896/4097/2123 3889/4096/2116 3890/4095/2089 3900/4094/2122
f 3888/4058/2091 3988/3826/1934 3887/4061/2094
f 3886/4062/2095 3988/3826/1934 3885/4065/2098
f 3884/4066/2099 3988/3826/1934 3883/4069/2102
f 3882/4070/2103 3988/3826/1934 3985/3827/1935
f 3984/3781/1898 3988/3826/1934 3888/4058/2091
f 3887/4061/2094 3988/3826/1934 3886/4062/2095
f 3885/4065/2098 3988/3826/1934 3884/4066/2099
f 3883/4069/2102 3988/3826/1934 3882/4070/2103
f 4138/4098/2124 3909/4099/2125 3906/4100/2126 4137/4101/2127
f 4140/4102/2128 3908/4103/2129 3905/4104/2130 4139/4105/2131
f 4135/4106/2132 3907/4107/2133 3991/3838/1944 4028/3837/1944
f 4137/4101/2127 3906/4100/2126 3903/4108/2134 4136/4109/2135
f 4139/4105/2131 3905/4104/2130 3909/4099/2125 4138/4098/2124
f 4141/4110/2136 3904/4111/2137 3908/4103/2129 4140/4102/2128
f 4136/4109/2135 3903/4108/2134 3907/4107/2133 4135/4106/2132
f 4181/4112/2138 4180/4113/2139 4201/4114/2140 4200/4115/2141
f 3910/4116/1954 4157/4117/1954 4166/4118/1954 4165/4119/1954
f 4157/4117/1954 4158/4120/1954 4167/4121/1954 4166/4118/1954
f 4158/4120/1954 4159/4122/1954 4168/4123/1954 4167/4121/1954
f 4159/4122/1954 4160/4124/1954 4169/4125/1954 4168/4123/1954
f 4160/4124/1954 4161/4126/2142 4170/4127/2143 4169/4125/1954
f 4161/4126/2142 4162/4128/2144 4171/4129/2145 4170/4127/2143
f 3924/4130/2146 4173/4131/2147 4174/4132/1975 3923/4133/2148
f 3923/4133/2148 4174/4132/1975 4175/4134/2149 3922/4135/2149
f 3922/4135/2149 4175/4134/2149 4176/4136/2150 3921/4137/2150
f 3921/4137/2150 4176/4136/2150 4177/4138/2151 3920/4139/2152
f 3920/4139/2152 4211/4140/2153 3959/4141/2154 3919/4142/2155
f 3918/4143/2156 3919/4142/2155 3958/4144/2157 3957/4145/2158
f 4200/4115/2141 4101/3879/1973 4115/3878/1973 4181/4112/2138
f 3956/4146/1974 4208/4147/1974 4214/4148/1974
f 4163/4149/1961 4183/4150/1961 4182/4151/1961 4164/4152/1961
f 3915/4153/2159 4185/4154/1961 4184/4155/2160 3916/4156/2160
f 3914/4157/2161 4186/4158/2161 4185/4154/1961 3915/4153/2159
f 3913/4159/2162 4187/4160/2162 4186/4158/2161 3914/4157/2161
f 3912/4161/2163 4188/4162/2163 4187/4160/2162 3913/4159/2162
f 3911/4163/2164 4189/4164/2164 4188/4162/2163 3912/4161/2163
f 4156/4165/2165 4190/4166/2165 4189/4164/2164 3911/4163/2164
f 4053/3901/1983 4090/3902/1983 4190/4166/2165 4156/4165/2165
f 4179/4167/2166 4080/3906/1985 3998/3905/1985 4209/4168/2166
f 4178/4169/2167 4179/4167/2166 4209/4168/2166 4213/4170/2168
f 4178/4169/2167 4213/4170/2168 4212/4171/2169 4177/4138/2151
f 3933/4172/1974 3941/4173/1974 3995/3912/1974 3994/3911/1974
f 3932/4174/1974 3940/4175/1974 3941/4173/1974 3933/4172/1974
f 3931/4176/1974 3939/4177/1974 3940/4175/1974 3932/4174/1974
f 3930/4178/1974 3938/4179/1974 3939/4177/1974 3931/4176/1974
f 3929/4180/1974 3937/4181/1974 3938/4179/1974 3930/4178/1974
f 3928/4182/1974 3936/4183/1974 3937/4181/1974 3929/4180/1974
f 3927/4184/1974 3935/4185/1974 3936/4183/1974 3928/4182/1974
f 4172/4186/1974 3934/4187/1974 3935/4185/1974 3927/4184/1974
f 4164/4152/1961 4182/4151/1961 4193/4188/1961 4192/4189/1961
f 4172/4186/1974 4191/4190/1990 3944/4191/1989 3934/4187/1974
f 4195/4192/2170 4194/4193/2171 3969/4194/2171 4220/4195/2172
f 4197/4196/2173 3964/4197/1997 3945/4198/1996 4198/4199/1995
f 4201/4114/2140 4180/4113/2139 4210/4200/2174 4202/4201/2175
f 4212/4171/2169 4211/4140/2153 4177/4138/2151
f 3917/4202/2176 4196/4203/2177 4171/4129/2145 4162/4128/2144
f 4208/4147/1974 4113/3946/1974 4107/3945/1974 3955/4204/1974
f 4203/4205/2178 4202/4201/2175 4210/4200/2174 3960/4206/2179
f 3877/4207/2180 3876/4208/2181 3948/4209/2181 3949/4210/2180
f 3948/4209/2181 3876/4208/2181 3875/4211/2182 3947/4212/2182
f 3878/4213/2183 3877/4207/2180 3949/4210/2180 3950/4214/2183
f 3880/4215/2184 3879/4216/2185 4204/4217/2185 4205/4218/2184
f 3878/4213/2183 3950/4214/2183 4204/4217/2185 3879/4216/2185
f 3983/3961/2010 3996/3962/2010 3947/4212/2182 3875/4211/2182
f 4108/3963/2011 3992/3964/2011 3904/4111/2137 4141/4110/2136
f 3993/3965/1954 3910/4116/1954 4165/4119/1954 4116/3966/1954
f 4207/4219/2186 3952/4220/2187 3954/4221/2188
f 3881/4222/2189 4206/4223/2190 3997/4224/2016
f 3957/4145/2158 3999/4225/2191 3918/4143/2156
f 3880/4215/2184 4205/4218/2184 4206/4223/2190 3881/4222/2189
f 4113/3946/1974 4208/4147/1974 3956/4146/1974
f 4177/4138/2151 4211/4140/2153 3920/4139/2152
f 3958/4144/2157 3919/4142/2155 3959/4141/2154
f 3961/4226/2192 3951/4227/2193 4203/4205/2178 3960/4206/2179
f 3951/4227/2193 3954/4221/2188 3952/4220/2187
f 3954/4221/2188 3951/4227/2193 3961/4226/2192 3953/4228/2194
f 3917/4202/2176 3943/4229/2195 4215/4230/2196 4196/4203/2177
f 4199/4231/2024 4198/4199/1995 3945/4198/1996 4216/4232/2025
f 3942/4233/2197 3926/4234/2198 3962/4235/2199 3963/4236/2200
f 3924/4130/2146 3962/4235/2199 3926/4234/2198 4173/4131/2147
f 3976/4237/2201 3942/4233/2197 3963/4236/2200 4224/4238/2202
f 4218/4239/2032 4217/4240/2035 3971/4241/2034 4219/4242/2033
f 4217/4240/2035 4221/4243/2037 4222/4244/2036 3971/4241/2034
f 4197/4245/2173 4218/4246/2032 4219/4247/2033 3964/4248/1997
f 3943/4229/2195 4223/4249/2039 3973/4250/2038 4215/4230/2196
f 4191/4190/1990 4226/4251/2041 4225/4252/2040 3944/4191/1989
f 4192/4189/1961 4193/4188/1961 3966/4253/1961 3972/4254/1961
f 3925/4255/1961 3946/4256/1961 3967/4257/1961 3965/4258/1961
f 3975/4259/2203 4195/4192/2170 4220/4195/2172 3970/4260/2204
f 3946/4256/1961 3974/4261/1961 3968/4262/1961 3967/4257/1961
f 3966/4253/1961 3968/4262/1961 3974/4261/1961 3972/4254/1961
f 4221/4243/2037 4225/4252/2040 4226/4251/2041 4222/4244/2036
f 4223/4249/2039 4199/4231/2024 4216/4232/2025 3973/4250/2038
f 3970/4260/2204 3976/4237/2201 4224/4238/2202 3975/4259/2203
f 4026/4011/2044 4002/4263/2205 4000/4071/2104 4025/4012/2045
f 4001/4057/2090 4004/4082/2115 4005/4264/2206 4002/4263/2205
f 4002/4263/2205 4005/4264/2206 4003/4068/2101 4000/4071/2104
f 4004/4082/2115 4007/4078/2111 4008/4265/2207 4005/4264/2206
f 4005/4264/2206 4008/4265/2207 4006/4067/2100 4003/4068/2101
f 4007/4078/2111 4010/4077/2110 4011/4266/2208 4008/4265/2207
f 4008/4265/2207 4011/4266/2208 4009/4064/2097 4006/4067/2100
f 4010/4077/2110 4013/4074/2107 4014/4267/2209 4011/4266/2208
f 4011/4266/2208 4014/4267/2209 4012/4063/2096 4009/4064/2097
f 4013/4074/2107 4016/4073/2106 4017/4268/2210 4014/4267/2209
f 4014/4267/2209 4017/4268/2210 4015/4060/2093 4012/4063/2096
f 4016/4073/2106 4019/4081/2114 4020/4269/2211 4017/4268/2210
f 4017/4268/2210 4020/4269/2211 4018/4059/2092 4015/4060/2093
f 4019/4081/2114 4022/3807/1924 4023/4020/2053 4020/4269/2211
f 4020/4269/2211 4023/4020/2053 4021/3778/1895 4018/4059/2092
f 4000/4071/2104 3882/4070/2103 3985/3827/1935 4025/4012/2045
f 3870/4033/2066 3869/4047/2080 3866/4046/2079 3867/4050/2083
f 4024/3776/1893 4001/4057/2090 4002/4263/2205 4026/4011/2044
o part.006_3819v2.001
v 3.282876 23.530884 0.002817
v 3.270602 23.599804 -0.347200
v 3.235887 23.794729 -0.644184
v 3.183815 24.087114 -0.842172
v 3.122443 24.431711 -0.912173
v 3.061072 24.776306 -0.842167
v 3.009000 25.068689 -0.644175
v 2.974285 25.263609 -0.347188
v 2.962010 25.332525 0.002830
v 2.974284 25.263605 0.352848
v 3.008999 25.068680 0.649831
v 3.061071 24.776295 0.847819
v 3.122442 24.431698 0.917820
v 7.082994 25.240471 2.604985
v 7.751557 23.083456 2.652346
v 8.349576 23.341509 2.555474
v 7.732383 25.563696 2.317196
v 8.793852 23.601631 2.241521
v 9.242729 23.824505 1.740184
v 8.249287 25.820951 1.740198
v 8.506878 25.948711 1.014708
v 9.500072 23.953657 1.014694
v 8.160650 26.695066 0.544487
v 8.432170 26.134357 0.987132
v 8.212240 26.587898 0.695807
v 8.122021 26.775093 0.374075
v 7.810206 26.889057 1.163207
v 7.633793 27.292179 0.002847
v 7.650559 27.272179 0.316803
v 8.098203 26.823284 0.192349
v 8.091296 26.833548 0.002844
v 7.682910 27.193188 0.620858
v 7.737234 27.064959 0.906528
v 7.901943 26.670532 1.384530
v 8.351453 26.302414 0.922079
v 8.276417 26.455681 0.823085
v 6.704944 26.616076 2.139012
v 6.821929 26.193041 2.389325
v 6.950169 25.729633 2.551249
v 7.595335 25.985312 2.245781
v 8.009358 26.415297 1.559890
v 8.129122 26.130657 1.682925
v 6.411747 27.669235 0.002849
v 7.046759 27.588406 0.002849
v 6.424094 27.639828 0.497824
v 6.460456 27.504089 0.975827
v 6.522285 27.282391 1.418475
v 6.603908 26.983774 1.811624
v 7.061074 27.559349 0.424285
v 7.097648 27.450943 0.832992
v 7.157945 27.272064 1.214828
v 7.240850 27.028982 1.559187
v 7.343279 26.727608 1.852635
v 7.462634 26.376818 2.084563
v 7.732386 25.563728 -2.311526
v 7.650559 27.272184 -0.311108
v 8.432171 26.134371 -0.981454
v 8.129124 26.130682 -1.677247
v 8.249289 25.820976 -1.734525
v 8.506879 25.948727 -1.009032
v 7.901944 26.670551 -1.378844
v 8.351454 26.302427 -0.916399
v 8.009360 26.415318 -1.554208
v 8.276418 26.455692 -0.817403
v 7.810207 26.889074 -1.157518
v 7.737235 27.064972 -0.900837
v 7.682786 27.193892 -0.615872
v 8.212241 26.587910 -0.690122
v 8.160651 26.695074 -0.538801
v 8.098203 26.823286 -0.186661
v 8.122146 26.774403 -0.369095
v 6.603910 26.983801 -1.805935
v 6.522287 27.282412 -1.412781
v 6.460457 27.504105 -0.970131
v 6.424095 27.639835 -0.492126
v 7.082997 25.240507 -2.599322
v 6.950295 25.728973 -2.546285
v 6.821932 26.193075 -2.383647
v 6.704947 26.616106 -2.133328
v 7.595338 25.985344 -2.240105
v 7.462636 26.376848 -2.078882
v 7.343281 26.727634 -1.846949
v 7.061075 27.559355 -0.418587
v 7.097649 27.450954 -0.827295
v 7.157947 27.272083 -1.209134
v 7.240852 27.029003 -1.553497
v 7.454288 25.203190 0.002832
v 7.567732 24.566204 0.649830
v 7.515659 24.858587 0.847822
v 7.454288 25.203182 0.917828
v 7.392917 25.547779 0.847827
v 7.340845 25.840164 0.649839
v 7.306130 26.035089 0.352856
v 7.293856 26.104012 0.002838
v 7.306130 26.035095 -0.347180
v 7.340846 25.840174 -0.644166
v 7.392918 25.547791 -0.842158
v 7.454289 25.203196 -0.912165
v 7.515660 24.858601 -0.842164
v 7.567733 24.566214 -0.644176
v 7.602448 24.371290 -0.347192
v 7.614721 24.302368 0.002825
v 7.602447 24.371284 0.352844
v 9.476379 24.001165 -1.009046
v 9.252495 23.889473 -1.618573
v 8.768190 23.648804 -2.186382
v 8.240093 23.385969 -2.469934
v 7.727741 23.131683 -2.647420
v 10.324787 22.317162 1.011147
v 10.459043 22.059540 -0.997039
v 9.927877 23.137098 -1.004102
v 10.665968 21.570631 1.050739
v 9.175478 21.932188 2.530716
v 9.654220 22.095739 2.221712
v 9.908594 21.465902 2.268376
v 10.096899 22.256462 1.667341
v 10.396890 21.570108 1.716834
v 8.777795 21.815393 2.652337
v 9.686094 23.063135 1.686439
v 9.236947 22.858885 2.247173
v 8.805025 22.660578 2.484052
v 9.918745 23.154131 1.008324
v 8.328560 22.450029 2.653049
v 6.182244 25.501654 2.600037
v 6.305058 24.851978 2.653065
v 6.685880 24.293501 2.653061
v 7.232663 23.613033 2.652350
v 6.317918 24.905300 -2.643872
v 6.200224 25.400749 -2.604978
v 6.107858 25.919382 -2.465674
v 6.025037 26.384409 -2.230911
v 5.894236 27.118845 -1.532991
v 5.952384 26.792353 -1.907053
v 5.818606 27.543491 -0.513340
v 5.844767 27.396606 -1.009023
v 5.809803 27.592915 0.002141
v 5.818853 27.542091 0.517622
v 5.845138 27.394505 1.012596
v 5.944571 26.836184 1.875262
v 5.884563 27.173124 1.441101
v 6.021563 26.403870 2.230934
v 6.095209 25.990353 2.448720
v 6.676643 24.299793 -2.646705
v 7.232388 23.637444 -2.646709
v 10.185596 22.106369 -1.584645
v 9.269453 22.853214 -2.158103
v 8.384964 22.429947 -2.647424
v 8.738388 22.601341 -2.508123
v 8.936950 21.435101 -2.647432
v 9.848078 21.914108 -2.102248
v 9.293188 21.619209 -2.498938
v 9.683296 23.038958 -1.639085
v 8.974257 21.231266 2.669304
v 10.488366 21.073580 1.958660
v 11.053003 20.098942 2.068255
v 10.879234 20.840820 1.372467
v 9.022735 20.959070 2.736476
v 9.508215 21.050560 2.602834
v 9.859328 21.103756 2.476263
v 9.375492 21.362339 2.573845
v 10.545261 20.474646 2.527170
v 7.357534 22.991735 2.573149
v 8.056886 21.688440 2.472731
v 7.749930 22.334051 2.514455
v 6.540181 23.491865 1.945948
v 6.651641 22.866028 1.519558
v 6.730278 22.880747 1.936044
v 6.778971 22.151081 1.114381
v 7.451164 21.582003 2.090892
v 7.237000 22.242702 2.184942
v 6.887624 22.179766 1.644004
v 7.030778 21.507139 1.440352
v 7.166830 20.805954 1.388021
v 6.998791 20.916803 0.999113
v 6.886463 21.547518 0.969419
v 6.978374 22.924929 2.320711
v 6.589041 23.496975 2.209699
v 6.425481 24.244253 2.479112
v 6.486521 24.255123 2.572451
v 6.742625 23.524324 2.447288
v 6.406775 24.240923 2.377289
v 6.578080 24.271429 2.633262
v 6.976814 23.566750 2.603559
v 7.548236 21.139652 -2.049930
v 7.292312 22.114683 -2.148210
v 6.972921 22.955593 -2.315081
v 7.351097 23.022228 -2.567518
v 8.257492 21.235086 -2.545610
v 7.112185 20.993036 -1.354138
v 6.576223 24.281910 -2.628320
v 6.726064 22.904446 -2.052038
v 6.584952 23.519979 -2.251438
v 6.973098 23.587673 -2.597920
v 6.738908 23.545244 -2.441649
v 6.423625 24.254730 -2.472757
v 6.652598 22.889206 -1.902839
v 6.532000 23.537840 -2.135472
v 6.403679 24.258360 -2.392147
v 6.484664 24.265602 -2.566095
v 6.918934 22.049620 -1.766373
v 7.027060 20.758095 -1.081196
v 6.804760 22.006300 -1.565555
v 7.827594 22.245930 -2.561159
v 8.998693 21.088417 -2.621979
v 9.481561 21.297232 -2.461464
v 9.139404 20.304028 -2.312979
v 9.078405 20.646534 -2.495410
v 9.194204 19.996325 -2.061251
v 10.480839 21.475191 -1.315948
v 10.433508 21.621181 -1.422721
v 10.294033 21.919548 -1.548583
v 9.982302 21.679447 -2.065480
v 9.807289 20.409325 -1.961545
v 10.316021 20.991917 -1.669506
v 9.618965 20.981977 -2.353278
v 10.233168 21.194786 -1.849816
v 9.725697 20.684961 -2.190646
v 10.366115 21.765755 -1.503330
v 10.127640 21.416601 -1.973559
v 10.750895 21.384661 -0.315393
v 11.297496 19.593040 1.527315
v 9.080510 20.634661 2.941535
v 9.852507 20.662979 2.834056
v 8.346205 20.394714 2.834053
v 7.761066 19.978792 2.527165
v 7.414254 19.450895 2.068249
v 7.359455 18.891691 1.527308
v 7.144842 20.096733 1.305992
v 7.593195 20.921385 2.076038
v 8.218672 21.076590 2.488282
v 8.275827 20.755663 2.571012
v 7.297032 20.154720 1.557015
v 7.670560 20.486984 2.187757
v 7.217662 20.714474 -1.345654
v 7.620926 20.702982 -1.969323
v 7.222207 20.529259 -1.190799
v 7.674355 20.408684 -1.834267
v 7.729949 20.153557 -1.649714
v 8.388690 20.190437 -2.184286
v 8.428532 19.932503 -1.989834
v 8.368648 20.462669 -2.355404
v 8.327315 20.922880 -2.510257
v 9.956167 19.881359 -1.496273
v 9.277645 19.527811 -1.586786
v 10.165600 18.876495 -0.494310
v 11.068200 20.344421 0.750210
v 11.010498 19.841440 0.221290
v 10.708368 19.313601 -0.211463
v 10.709848 20.947849 -0.796229
v 10.500502 20.440845 -1.185141
v 9.448243 18.569897 -0.612399
v 9.576441 17.850071 0.113087
v 10.310745 18.090019 0.220570
v 11.242697 19.033836 0.986374
v 10.895884 18.505939 0.527457
v 8.887100 21.720688 -0.989971
v 9.188616 22.537146 -0.239017
v 9.586710 22.429205 -0.415088
v 9.878098 22.213202 -0.678840
v 10.019287 21.922325 -0.989969
v 9.987203 21.600592 -1.301098
v 9.788305 21.297270 -1.564852
v 9.451954 21.058527 -1.740923
v 9.029680 20.920118 -1.803150
v 8.585585 20.904230 -1.740925
v 8.187491 21.012171 -1.564855
v 7.896103 21.228174 -1.301103
v 7.754913 21.519051 -0.989973
v 7.786998 21.840784 -0.678844
v 7.985896 22.144106 -0.415091
v 8.322247 22.382849 -0.239019
v 8.744520 22.521257 -0.176792
v 9.463614 18.483543 3.924398
v 9.041340 18.345133 3.862171
v 8.704989 18.106392 3.686100
v 8.506092 17.803070 3.422347
v 8.474008 17.481335 3.111217
v 8.615196 17.190460 2.800088
v 8.906586 16.974455 2.536336
v 9.304679 16.866516 2.360266
v 9.748774 16.882402 2.298041
v 10.171048 17.020813 2.360267
v 10.507399 17.259554 2.536339
v 10.706297 17.562876 2.800092
v 10.738381 17.884611 3.111222
v 10.597192 18.175486 3.422351
v 10.305803 18.391491 3.686103
v 9.907709 18.499430 3.862173
v 9.358229 19.075268 4.525443
v 8.623924 18.835320 4.417961
v 8.038786 18.419399 4.111073
v 7.691973 17.891502 3.652157
v 7.637174 17.332298 3.111216
v 7.881666 16.826397 2.570275
v 8.389408 16.450691 2.111361
v 9.082164 16.262360 1.804475
v 9.854159 16.290676 1.696995
v 10.588465 16.530624 1.804478
v 11.173603 16.946547 2.111366
v 11.520416 17.474443 2.570282
v 11.575214 18.033648 3.111223
v 11.330723 18.539549 3.652163
v 10.822981 18.915253 4.111078
v 10.130225 19.103586 4.417964
v 7.603947 18.385790 0.986367
v 8.111689 18.010086 0.527452
v 8.804444 17.821753 0.220567
v 7.123146 20.218573 -0.528950
v 7.305523 20.061441 -0.715627
v 7.813265 19.685738 -1.174542
v 7.294365 19.257179 0.448972
v 8.506021 19.497404 -1.481427
v 7.984608 18.723648 -0.197327
v 7.476866 19.099350 0.261588
v 8.677363 18.535313 -0.504212
v 6.038923 26.306435 -1.331472
v 5.967137 26.709501 -0.719821
v 5.941844 26.851513 0.002843
v 5.967136 26.709492 0.725505
v 6.038921 26.306416 1.337150
v 6.146165 25.704239 1.746560
v 6.272875 24.992771 1.890805
v 6.399585 24.281303 1.746550
v 6.506830 23.679134 1.337131
v 6.578616 23.276066 0.725480
v 6.603909 23.134056 0.002816
v 6.578617 23.276077 -0.719846
v 6.506955 23.678457 -1.332198
v 6.399587 24.281328 -1.740901
v 6.272877 24.992798 -1.885146
v 6.146168 25.704266 -1.740891
v 5.054412 26.131096 -1.331473
v 4.982626 26.534164 -0.719823
v 4.957334 26.676174 0.002841
v 4.982625 26.534155 0.725504
v 5.054411 26.131077 1.337148
v 5.161655 25.528902 1.746559
v 5.288365 24.817432 1.890803
v 5.415074 24.105967 1.746548
v 5.594105 23.100729 0.725478
v 5.619398 22.958719 0.002814
v 5.594106 23.100739 -0.719848
v 5.522445 23.503120 -1.332200
v 5.415077 24.105991 -1.740903
v 5.288367 24.817461 -1.885148
v 5.161657 25.528927 -1.740893
v 8.506754 25.949415 0.002838
v 5.035317 26.238285 1.446043
v 4.468130 26.126497 1.435435
v 3.391901 25.770351 1.273505
v 2.936965 25.473141 1.060663
v 4.957705 26.674080 0.784194
v 4.391138 26.558813 0.778536
v 3.323588 26.153934 0.690144
v 2.880058 25.792679 0.574883
v 4.930429 26.827240 0.002135
v 4.363986 26.711275 0.002841
v 3.299536 26.288994 0.002837
v 2.860097 25.904764 0.002834
v 4.957706 26.674091 -0.778512
v 4.391139 26.558823 -0.772856
v 3.323589 26.153944 -0.684471
v 2.880182 25.791990 -0.569923
v 5.035195 26.239000 -1.441074
v 4.468132 26.126518 -1.429762
v 3.391903 25.770369 -1.267837
v 2.936966 25.473156 -1.055001
v 5.151367 25.586710 -1.883021
v 4.583312 25.479795 -1.868880
v 3.494189 25.196045 -1.657457
v 3.022142 24.994902 -1.379566
v 5.288367 24.817461 -2.039297
v 4.719320 24.716116 -2.023741
v 3.614699 24.519386 -1.794641
v 3.122444 24.431715 -1.493415
v 5.425367 24.048212 -1.883032
v 4.855329 23.952436 -1.868891
v 3.735210 23.842724 -1.657467
v 3.222745 23.868526 -1.379574
v 5.541538 23.395914 -1.441095
v 4.970508 23.305706 -1.429782
v 3.837495 23.268396 -1.267856
v 3.307921 23.390268 -1.055016
v 5.619027 22.960814 -0.778539
v 5.047500 22.873390 -0.772883
v 3.905809 22.884811 -0.684495
v 3.364828 23.070730 -0.569236
v 5.646426 22.806957 0.002813
v 5.074652 22.720928 0.002812
v 3.929861 22.749752 0.002812
v 3.384789 22.958645 0.002813
v 5.619026 22.960802 0.784167
v 5.047499 22.873381 0.778509
v 3.905808 22.884802 0.690121
v 3.364828 23.070721 0.574863
v 5.425365 24.048185 1.888676
v 4.855326 23.952408 1.874533
v 3.735208 23.842701 1.663107
v 3.222867 23.867811 1.384506
v 5.288488 24.816736 2.044245
v 4.719318 24.716087 2.029395
v 3.614697 24.519360 1.800290
v 3.122442 24.431694 1.499062
v 5.151364 25.586681 1.888687
v 4.583309 25.479769 1.874544
v 3.494187 25.196022 1.663116
v 3.022141 24.994883 1.385222
v 3.911438 25.990004 1.398665
v 3.836553 26.410484 0.758029
v 3.810145 26.558771 0.002133
v 3.836553 26.410496 -0.752352
v 3.911439 25.990025 -1.392993
v 4.023767 25.359312 -1.820091
v 4.156180 24.615824 -1.971417
v 4.288593 23.872330 -1.820101
v 4.400920 23.241613 -1.393013
v 4.475805 22.821133 -0.752378
v 4.502337 22.672150 0.002812
v 4.475804 22.821121 0.758003
v 4.288590 23.872305 1.825742
v 4.156301 24.615099 1.976361
v 4.023765 25.359287 1.825753
v 3.270601 23.599800 0.352836
v 5.245529 23.951527 0.352839
v 5.374974 23.988945 0.375467
v 5.478661 24.051222 0.439814
v 5.542077 24.128593 0.535981
v 5.555393 24.207815 0.649826
v 5.508850 24.315161 0.725487
v 5.417165 24.396511 0.790542
v 5.294757 24.439352 0.832968
v 5.158741 24.438829 0.847818
v 3.183814 24.087103 0.847814
v 3.342635 23.195332 0.763662
v 3.872208 23.073458 0.976500
v 4.435634 23.046673 1.101658
v 5.005221 23.110765 1.138429
v 5.384637 23.170437 1.146207
v 5.514453 23.205767 1.170956
v 5.569557 23.238564 1.206312
v 5.550464 23.345772 1.097418
v 5.599171 23.374557 1.127117
v 5.662711 23.451233 1.223991
v 5.675903 23.531149 1.337129
v 5.629484 23.637800 1.413497
v 5.537676 23.719847 1.477845
v 5.480289 23.739792 1.497644
v 5.499382 23.632584 1.606537
v 5.434237 23.656174 1.628458
v 5.297849 23.657742 1.641186
v 4.918433 23.598068 1.633407
v 4.348846 23.533976 1.596637
v 3.785421 23.560760 1.471479
v 3.255847 23.682634 1.258640
v 7.288537 19.289886 1.931776
v 7.575182 17.680370 3.464772
v 7.699165 16.984224 2.757660
v 7.421446 18.543617 1.173752
v 7.232125 19.606644 0.801114
v 7.127237 20.195595 0.202906
v 8.924828 24.463139 1.740189
v 7.944936 23.948175 2.571742
v 8.464909 24.211004 2.264153
v 9.186860 24.583071 1.014698
v 9.191674 24.573170 -1.009749
v 8.957085 24.458853 -1.652510
v 8.459238 24.220081 -2.224562
v 7.888931 23.949011 -2.508821
v 8.785165 25.389936 -0.007066
v 8.095998 24.890862 -2.268398
v 8.763322 25.432724 1.014704
v 8.590971 25.162878 -1.695639
v 8.806147 25.346277 -1.009743
v 7.474000 24.613457 -2.555485
v 8.543493 25.229813 1.740194
v 7.492937 24.626848 2.589425
v 8.761842 25.435333 1.014704
v 8.078966 24.923706 2.292442
v 5.818606 27.543491 -0.513340
v 5.844767 27.396606 -1.009023
v 6.532000 23.537840 -2.135472
v 6.403679 24.258360 -2.392147
v 7.614721 24.302368 0.002825
v 7.602448 24.371290 -0.347192
v 7.567733 24.566214 -0.644176
v 7.515660 24.858601 -0.842164
v 7.454289 25.203196 -0.912165
v 7.392918 25.547791 -0.842158
v 5.555393 24.207815 0.649826
v 5.508850 24.315161 0.725487
v 7.340845 25.840164 0.649839
v 7.392917 25.547779 0.847827
v 7.306130 26.035089 0.352856
v 7.454288 25.203182 0.917828
v 7.515659 24.858587 0.847822
v 7.293856 26.104012 0.002838
v 7.306130 26.035095 -0.347180
v 7.340846 25.840174 -0.644166
v 7.602447 24.371284 0.352844
v 5.809803 27.592915 0.002141
v 5.818853 27.542091 0.517622
v 6.804760 22.006300 -1.565555
v 6.652598 22.889206 -1.902839
v 5.894236 27.118845 -1.532991
v 5.952384 26.792353 -1.907053
v 6.025037 26.384409 -2.230911
v 6.107858 25.919382 -2.465674
v 6.651641 22.866028 1.519558
v 6.778971 22.151081 1.114381
v 6.540181 23.491865 1.945948
v 3.061072 24.776306 -0.842167
v 3.009000 25.068689 -0.644175
v 6.406775 24.240923 2.377289
v 6.305058 24.851978 2.653065
v 7.567732 24.566204 0.649830
v 2.974285 25.263609 -0.347188
v 2.962010 25.332525 0.002830
v 2.974284 25.263605 0.352848
v 5.884563 27.173124 1.441101
v 5.845138 27.394505 1.012596
v 3.061071 24.776295 0.847819
v 3.122442 24.431698 0.917820
v 3.008999 25.068680 0.649831
v 6.200224 25.400749 -2.604978
v 6.182244 25.501654 2.600037
v 7.754913 21.519051 -0.989973
v 7.786998 21.840784 -0.678844
v 9.188616 22.537146 -0.239017
v 9.586710 22.429205 -0.415088
v 3.183815 24.087114 -0.842172
v 3.122443 24.431711 -0.912173
v 9.987203 21.600592 -1.301098
v 9.788305 21.297270 -1.564852
v 9.451954 21.058527 -1.740923
v 5.944571 26.836184 1.875262
v 3.270602 23.599804 -0.347200
v 3.235887 23.794729 -0.644184
v 8.585585 20.904230 -1.740925
v 8.187491 21.012171 -1.564855
v 9.878098 22.213202 -0.678840
v 3.282876 23.530884 0.002817
v 6.998791 20.916803 0.999113
v 6.886463 21.547518 0.969419
v 6.317918 24.905300 -2.643872
v 6.095209 25.990353 2.448720
v 6.021563 26.403870 2.230934
v 7.985896 22.144106 -0.415091
v 8.322247 22.382849 -0.239019
v 9.029680 20.920118 -1.803150
v 7.896103 21.228174 -1.301103
v 10.019287 21.922325 -0.989969
v 8.744520 22.521257 -0.176792
v 9.041340 18.345133 3.862171
v 9.463614 18.483543 3.924398
v 8.704989 18.106392 3.686100
v 8.506092 17.803070 3.422347
v 8.474008 17.481335 3.111217
v 8.615196 17.190460 2.800088
v 8.906586 16.974455 2.536336
v 9.304679 16.866516 2.360266
v 9.748774 16.882402 2.298041
v 10.171048 17.020813 2.360267
v 10.507399 17.259554 2.536339
v 10.706297 17.562876 2.800092
v 10.738381 17.884611 3.111222
v 10.597192 18.175486 3.422351
v 10.305803 18.391491 3.686103
v 9.907709 18.499430 3.862173
v 8.623924 18.835320 4.417961
v 9.358229 19.075268 4.525443
v 8.038786 18.419399 4.111073
v 7.691973 17.891502 3.652157
v 7.575182 17.680370 3.464772
v 7.575182 17.680370 3.464772
v 7.699165 16.984224 2.757660
v 7.699165 16.984224 2.757660
v 7.637174 17.332298 3.111216
v 8.389408 16.450691 2.111361
v 7.881666 16.826397 2.570275
v 9.082164 16.262360 1.804475
v 9.854159 16.290676 1.696995
v 10.588465 16.530624 1.804478
v 11.173603 16.946547 2.111366
v 11.520416 17.474443 2.570282
v 11.575214 18.033648 3.111223
v 11.330723 18.539549 3.652163
v 10.822981 18.915253 4.111078
v 10.130225 19.103586 4.417964
v 7.144842 20.096733 1.305992
v 7.027060 20.758095 -1.081196
v 7.123146 20.218573 -0.528950
v 7.294365 19.257179 0.448972
v 5.967137 26.709501 -0.719821
v 6.038923 26.306435 -1.331472
v 5.941844 26.851513 0.002843
v 5.967136 26.709492 0.725505
v 6.038921 26.306416 1.337150
v 6.146165 25.704239 1.746560
v 6.272875 24.992771 1.890805
v 6.399585 24.281303 1.746550
v 6.506830 23.679134 1.337131
v 6.578616 23.276066 0.725480
v 6.603909 23.134056 0.002816
v 6.578617 23.276077 -0.719846
v 6.506955 23.678457 -1.332198
v 6.399587 24.281328 -1.740901
v 6.272877 24.992798 -1.885146
v 6.146168 25.704266 -1.740891
v 5.054412 26.131096 -1.331473
v 5.161657 25.528927 -1.740893
v 5.288367 24.817461 -1.885148
v 5.415077 24.105991 -1.740903
v 5.522445 23.503120 -1.332200
v 5.594106 23.100739 -0.719848
v 5.619398 22.958719 0.002814
v 5.594105 23.100729 0.725478
v 5.415074 24.105967 1.746548
v 5.288365 24.817432 1.890803
v 5.161655 25.528902 1.746559
v 5.054411 26.131077 1.337148
v 4.982625 26.534155 0.725504
v 4.957334 26.676174 0.002841
v 4.982626 26.534164 -0.719823
v 2.936965 25.473141 1.060663
v 2.880058 25.792679 0.574883
v 5.035317 26.238285 1.446043
v 4.957705 26.674080 0.784194
v 2.860097 25.904764 0.002834
v 4.930429 26.827240 0.002135
v 2.880182 25.791990 -0.569923
v 4.957706 26.674091 -0.778512
v 2.936966 25.473156 -1.055001
v 5.035195 26.239000 -1.441074
v 3.022142 24.994902 -1.379566
v 5.151367 25.586710 -1.883021
v 3.122444 24.431715 -1.493415
v 5.288367 24.817461 -2.039297
v 3.222745 23.868526 -1.379574
v 5.425367 24.048212 -1.883032
v 3.307921 23.390268 -1.055016
v 5.541538 23.395914 -1.441095
v 3.364828 23.070730 -0.569236
v 5.619027 22.960814 -0.778539
v 3.384789 22.958645 0.002813
v 5.646426 22.806957 0.002813
v 3.364828 23.070721 0.574863
v 5.619026 22.960802 0.784167
v 3.183814 24.087103 0.847814
v 3.183814 24.087103 0.847814
v 3.270601 23.599800 0.352836
v 3.270601 23.599800 0.352836
v 3.222867 23.867811 1.384506
v 3.122442 24.431694 1.499062
v 5.425365 24.048185 1.888676
v 5.288488 24.816736 2.044245
v 3.022141 24.994883 1.385222
v 5.151364 25.586681 1.888687
v 5.569557 23.238564 1.206312
v 5.569557 23.238564 1.206312
v 5.550464 23.345772 1.097418
v 5.550464 23.345772 1.097418
v 5.499382 23.632584 1.606537
v 5.499382 23.632584 1.606537
v 5.480289 23.739792 1.497644
v 5.480289 23.739792 1.497644
v 5.675903 23.531149 1.337129
v 5.629484 23.637800 1.413497
v 5.294757 24.439352 0.832968
v 5.158741 24.438829 0.847818
v 3.342635 23.195332 0.763662
v 3.342635 23.195332 0.763662
v 5.245529 23.951527 0.352839
v 5.374974 23.988945 0.375467
v 5.478661 24.051222 0.439814
v 5.542077 24.128593 0.535981
v 5.417165 24.396511 0.790542
v 3.872208 23.073458 0.976500
v 4.435634 23.046673 1.101658
v 5.005221 23.110765 1.138429
v 5.384637 23.170437 1.146207
v 5.514453 23.205767 1.170956
v 5.599171 23.374557 1.127117
v 5.662711 23.451233 1.223991
v 5.537676 23.719847 1.477845
v 5.434237 23.656174 1.628458
v 5.297849 23.657742 1.641186
v 4.918433 23.598068 1.633407
v 4.348846 23.533976 1.596637
v 3.785421 23.560760 1.471479
v 3.255847 23.682634 1.258640
v 3.255847 23.682634 1.258640
v 7.288537 19.289886 1.931776
v 7.421446 18.543617 1.173752
vt 0.274000 0.368000
vt 0.241000 0.369000
vt 0.242000 0.326000
vt 0.279000 0.327000
vt 0.272000 0.588000
vt 0.247000 0.573000
vt 0.268000 0.548000
vt 0.287000 0.560000
vt 0.211000 0.369000
vt 0.215000 0.327000
vt 0.224000 0.498000
vt 0.191000 0.516000
vt 0.173000 0.488000
vt 0.213000 0.478000
vt 0.317000 0.288000
vt 0.312000 0.329000
vt 0.285000 0.284000
vt 0.236000 0.517000
vt 0.207000 0.537000
vt 0.451000 0.531000
vt 0.465000 0.513000
vt 0.498000 0.529000
vt 0.480000 0.550000
vt 0.485000 0.473000
vt 0.524000 0.481000
vt 0.514000 0.505000
vt 0.476000 0.494000
vt 0.416000 0.477000
vt 0.411000 0.488000
vt 0.386000 0.477000
vt 0.388000 0.470000
vt 0.374000 0.574000
vt 0.396000 0.568000
vt 0.408000 0.597000
vt 0.381000 0.604000
vt 0.459000 0.569000
vt 0.435000 0.546000
vt 0.404000 0.498000
vt 0.382000 0.483000
vt 0.785000 0.429000
vt 0.808000 0.464000
vt 0.773000 0.440000
vt 0.832000 0.429000
vt 0.817000 0.422000
vt 0.800000 0.422000
vt 0.767000 0.456000
vt 0.767000 0.472000
vt 0.844000 0.440000
vt 0.773000 0.487000
vt 0.608000 0.758000
vt 0.812000 0.758000
vt 0.812000 0.774000
vt 0.608000 0.774000
vt 0.608000 0.724000
vt 0.812000 0.724000
vt 0.812000 0.741000
vt 0.608000 0.741000
vt 0.608000 0.791000
vt 0.812000 0.791000
vt 0.812000 0.807000
vt 0.608000 0.807000
vt 0.761000 0.407000
vt 0.755000 0.403000
vt 0.768000 0.371000
vt 0.775000 0.373000
vt 0.610000 0.306000
vt 0.596000 0.337000
vt 0.589000 0.336000
vt 0.604000 0.302000
vt 0.785000 0.499000
vt 0.800000 0.506000
vt 0.817000 0.506000
vt 0.850000 0.472000
vt 0.850000 0.456000
vt 0.832000 0.499000
vt 0.844000 0.487000
vt 0.731000 0.427000
vt 0.735000 0.433000
vt 0.701000 0.447000
vt 0.700000 0.440000
vt 0.672000 0.133000
vt 0.623000 0.164000
vt 0.619000 0.132000
vt 0.608000 0.883000
vt 0.812000 0.883000
vt 0.812000 0.900000
vt 0.608000 0.900000
vt 0.664000 0.447000
vt 0.665000 0.440000
vt 0.630000 0.433000
vt 0.634000 0.427000
vt 0.812000 0.916000
vt 0.608000 0.916000
vt 0.677000 0.161000
vt 0.633000 0.179000
vt 0.628000 0.171000
vt 0.735000 0.275000
vt 0.731000 0.281000
vt 0.700000 0.268000
vt 0.701000 0.261000
vt 0.696000 0.425000
vt 0.691000 0.398000
vt 0.706000 0.392000
vt 0.721000 0.414000
vt 0.664000 0.261000
vt 0.665000 0.268000
vt 0.634000 0.281000
vt 0.630000 0.275000
vt 0.768000 0.337000
vt 0.775000 0.336000
vt 0.608000 0.833000
vt 0.812000 0.833000
vt 0.812000 0.850000
vt 0.608000 0.850000
vt 0.608000 0.866000
vt 0.812000 0.866000
vt 0.761000 0.302000
vt 0.755000 0.306000
vt 0.724000 0.348000
vt 0.750000 0.343000
vt 0.750000 0.370000
vt 0.724000 0.365000
vt 0.812000 0.824000
vt 0.608000 0.824000
vt 0.812000 0.933000
vt 0.608000 0.933000
vt 0.596000 0.371000
vt 0.589000 0.373000
vt 0.320000 0.211000
vt 0.324000 0.251000
vt 0.289000 0.247000
vt 0.283000 0.219000
vt 0.352000 0.607000
vt 0.323000 0.605000
vt 0.329000 0.574000
vt 0.352000 0.576000
vt 0.402000 0.292000
vt 0.383000 0.258000
vt 0.358000 0.498000
vt 0.365000 0.496000
vt 0.374000 0.519000
vt 0.363000 0.522000
vt 0.423000 0.340000
vt 0.423000 0.301000
vt 0.446000 0.302000
vt 0.449000 0.342000
vt 0.215000 0.282000
vt 0.213000 0.247000
vt 0.249000 0.244000
vt 0.247000 0.282000
vt 0.214000 0.227000
vt 0.237000 0.224000
vt 0.166000 0.457000
vt 0.161000 0.459000
vt 0.396000 0.337000
vt 0.394000 0.376000
vt 0.309000 0.369000
vt 0.371000 0.493000
vt 0.385000 0.514000
vt 0.316000 0.477000
vt 0.290000 0.489000
vt 0.284000 0.478000
vt 0.313000 0.470000
vt 0.538000 0.451000
vt 0.533000 0.450000
vt 0.540000 0.414000
vt 0.552000 0.416000
vt 0.445000 0.293000
vt 0.469000 0.289000
vt 0.471000 0.301000
vt 0.421000 0.378000
vt 0.421000 0.404000
vt 0.393000 0.402000
vt 0.416000 0.558000
vt 0.437000 0.584000
vt 0.296000 0.598000
vt 0.307000 0.569000
vt 0.288000 0.527000
vt 0.302000 0.537000
vt 0.251000 0.533000
vt 0.275000 0.516000
vt 0.446000 0.485000
vt 0.452000 0.468000
vt 0.487000 0.288000
vt 0.485000 0.300000
vt 0.231000 0.060000
vt 0.264000 0.178000
vt 0.222000 0.193000
vt 0.191000 0.070000
vt 0.303000 0.163000
vt 0.154000 0.341000
vt 0.123000 0.354000
vt 0.109000 0.317000
vt 0.148000 0.301000
vt 0.136000 0.391000
vt 0.158000 0.382000
vt 0.160000 0.417000
vt 0.147000 0.423000
vt 0.038000 0.510000
vt 0.038000 0.614000
vt 0.015000 0.614000
vt 0.015000 0.510000
vt 0.134000 0.427000
vt 0.113000 0.398000
vt 0.151000 0.462000
vt 0.156000 0.461000
vt 0.068000 0.333000
vt 0.090000 0.365000
vt 0.063000 0.373000
vt 0.092000 0.403000
vt 0.050000 0.299000
vt 0.045000 0.346000
vt 0.033000 0.316000
vt 0.039000 0.263000
vt 0.025000 0.270000
vt 0.528000 0.449000
vt 0.523000 0.447000
vt 0.515000 0.408000
vt 0.527000 0.411000
vt 0.523000 0.381000
vt 0.516000 0.342000
vt 0.545000 0.342000
vt 0.543000 0.384000
vt 0.510000 0.299000
vt 0.544000 0.298000
vt 0.570000 0.341000
vt 0.561000 0.385000
vt 0.505000 0.378000
vt 0.578000 0.288000
vt 0.569000 0.385000
vt 0.558000 0.417000
vt 0.466000 0.266000
vt 0.464000 0.254000
vt 0.489000 0.247000
vt 0.488000 0.261000
vt 0.423000 0.293000
vt 0.488000 0.223000
vt 0.460000 0.229000
vt 0.190000 0.286000
vt 0.186000 0.330000
vt 0.085000 0.253000
vt 0.080000 0.217000
vt 0.128000 0.214000
vt 0.132000 0.242000
vt 0.109000 0.087000
vt 0.068000 0.092000
vt 0.483000 0.407000
vt 0.480000 0.379000
vt 0.093000 0.279000
vt 0.138000 0.263000
vt 0.476000 0.342000
vt 0.453000 0.379000
vt 0.307000 0.508000
vt 0.298000 0.499000
vt 0.320000 0.484000
vt 0.325000 0.489000
vt 0.438000 0.265000
vt 0.441000 0.274000
vt 0.330000 0.839000
vt 0.599000 0.839000
vt 0.599000 0.860000
vt 0.330000 0.860000
vt 0.329000 0.640000
vt 0.598000 0.640000
vt 0.598000 0.661000
vt 0.329000 0.661000
vt 0.330000 0.818000
vt 0.599000 0.818000
vt 0.330000 0.964000
vt 0.599000 0.964000
vt 0.599000 0.985000
vt 0.330000 0.985000
vt 0.598000 0.681000
vt 0.329000 0.681000
vt 0.329000 0.723000
vt 0.598000 0.723000
vt 0.598000 0.744000
vt 0.329000 0.744000
vt 0.329000 0.765000
vt 0.598000 0.765000
vt 0.598000 0.786000
vt 0.329000 0.786000
vt 0.598000 0.702000
vt 0.329000 0.702000
vt 0.330000 0.881000
vt 0.599000 0.881000
vt 0.599000 0.902000
vt 0.330000 0.902000
vt 0.330000 0.922000
vt 0.599000 0.922000
vt 0.599000 0.943000
vt 0.330000 0.943000
vt 0.598000 0.807000
vt 0.329000 0.807000
vt 0.224000 0.555000
vt 0.181000 0.816000
vt 0.191000 0.869000
vt 0.162000 0.824000
vt 0.236000 0.839000
vt 0.221000 0.824000
vt 0.236000 0.899000
vt 0.244000 0.879000
vt 0.147000 0.899000
vt 0.162000 0.913000
vt 0.244000 0.858000
vt 0.202000 0.816000
vt 0.139000 0.858000
vt 0.139000 0.879000
vt 0.181000 0.921000
vt 0.202000 0.921000
vt 0.221000 0.913000
vt 0.147000 0.839000
vt 0.275000 0.401000
vt 0.241000 0.402000
vt 0.171000 0.454000
vt 0.172000 0.411000
vt 0.665000 0.499000
vt 0.665000 0.460000
vt 0.700000 0.467000
vt 0.685000 0.503000
vt 0.627000 0.515000
vt 0.599000 0.487000
vt 0.629000 0.467000
vt 0.645000 0.503000
vt 0.665000 0.606000
vt 0.665000 0.645000
vt 0.629000 0.638000
vt 0.645000 0.602000
vt 0.714000 0.532000
vt 0.751000 0.517000
vt 0.758000 0.552000
vt 0.718000 0.552000
vt 0.703000 0.515000
vt 0.731000 0.487000
vt 0.700000 0.638000
vt 0.685000 0.602000
vt 0.612000 0.552000
vt 0.572000 0.552000
vt 0.572000 0.529000
vt 0.616000 0.573000
vt 0.579000 0.588000
vt 0.572000 0.576000
vt 0.587000 0.003000
vt 0.593000 0.115000
vt 0.555000 0.116000
vt 0.547000 0.006000
vt 0.751000 0.588000
vt 0.714000 0.573000
vt 0.627000 0.590000
vt 0.599000 0.618000
vt 0.731000 0.618000
vt 0.703000 0.590000
vt 0.616000 0.532000
vt 0.579000 0.517000
vt 0.517000 0.118000
vt 0.508000 0.009000
vt 0.121000 0.430000
vt 0.027000 0.096000
vt 0.036000 0.216000
vt 0.022000 0.216000
vt 0.011000 0.097000
vt 0.186000 0.248000
vt 0.182000 0.231000
vt 0.176000 0.206000
vt 0.339000 0.149000
vt 0.357000 0.198000
vt 0.311000 0.039000
vt 0.272000 0.049000
vt 0.178000 0.374000
vt 0.351000 0.499000
vt 0.351000 0.523000
vt 0.339000 0.522000
vt 0.344000 0.498000
vt 0.311000 0.463000
vt 0.280000 0.465000
vt 0.328000 0.519000
vt 0.334000 0.547000
vt 0.318000 0.543000
vt 0.427000 0.514000
vt 0.437000 0.501000
vt 0.309000 0.399000
vt 0.150000 0.079000
vt 0.510000 0.288000
vt 0.469000 0.013000
vt 0.481000 0.121000
vt 0.445000 0.125000
vt 0.430000 0.017000
vt 0.485000 0.167000
vt 0.451000 0.172000
vt 0.488000 0.273000
vt 0.468000 0.278000
vt 0.377000 0.489000
vt 0.395000 0.507000
vt 0.410000 0.131000
vt 0.420000 0.179000
vt 0.317000 0.514000
vt 0.331000 0.493000
vt 0.337000 0.497000
vt 0.388000 0.188000
vt 0.407000 0.249000
vt 0.430000 0.239000
vt 0.421000 0.281000
vt 0.419000 0.275000
vt 0.422000 0.287000
vt 0.443000 0.283000
vt 0.375000 0.139000
vt 0.351000 0.031000
vt 0.391000 0.023000
vt 0.542000 0.452000
vt 0.420000 0.465000
vt 0.390000 0.463000
vt 0.421000 0.436000
vt 0.453000 0.437000
vt 0.264000 0.503000
vt 0.414000 0.526000
vt 0.400000 0.536000
vt 0.351000 0.548000
vt 0.368000 0.547000
vt 0.385000 0.543000
vt 0.254000 0.487000
vt 0.247000 0.470000
vt 0.210000 0.405000
vt 0.211000 0.444000
vt 0.492000 0.341000
vt 0.485000 0.441000
vt 0.590000 0.274000
vt 0.582000 0.339000
vt 0.519000 0.223000
vt 0.551000 0.227000
vt 0.546000 0.254000
vt 0.516000 0.249000
vt 0.543000 0.280000
vt 0.544000 0.267000
vt 0.574000 0.275000
vt 0.514000 0.260000
vt 0.635000 0.188000
vt 0.593000 0.166000
vt 0.608000 0.167000
vt 0.601000 0.236000
vt 0.586000 0.233000
vt 0.578000 0.264000
vt 0.512000 0.271000
vt 0.609000 0.115000
vt 0.555000 0.165000
vt 0.519000 0.165000
vt 0.015000 0.762000
vt 0.015000 0.726000
vt 0.038000 0.701000
vt 0.088000 0.699000
vt 0.130000 0.806000
vt 0.040000 0.819000
vt 0.108000 0.721000
vt 0.133000 0.736000
vt 0.279000 0.868000
vt 0.272000 0.834000
vt 0.305000 0.821000
vt 0.312000 0.842000
vt 0.305000 0.915000
vt 0.272000 0.901000
vt 0.311000 0.893000
vt 0.111000 0.834000
vt 0.059000 0.860000
vt 0.776000 0.067000
vt 0.747000 0.062000
vt 0.745000 0.009000
vt 0.793000 0.017000
vt 0.678000 0.105000
vt 0.630000 0.086000
vt 0.293000 0.936000
vt 0.253000 0.930000
vt 0.158000 0.949000
vt 0.141000 0.980000
vt 0.119000 0.967000
vt 0.815000 0.160000
vt 0.821000 0.132000
vt 0.874000 0.130000
vt 0.864000 0.178000
vt 0.719000 0.067000
vt 0.695000 0.082000
vt 0.657000 0.046000
vt 0.697000 0.019000
vt 0.170000 0.747000
vt 0.158000 0.787000
vt 0.798000 0.183000
vt 0.837000 0.220000
vt 0.191000 0.955000
vt 0.164000 0.987000
vt 0.274000 0.776000
vt 0.294000 0.799000
vt 0.253000 0.806000
vt 0.815000 0.105000
vt 0.800000 0.082000
vt 0.834000 0.043000
vt 0.863000 0.082000
vt 0.205000 0.754000
vt 0.192000 0.780000
vt 0.225000 0.949000
vt 0.212000 0.989000
vt 0.189000 0.990000
vt 0.745000 0.203000
vt 0.774000 0.198000
vt 0.796000 0.247000
vt 0.748000 0.258000
vt 0.692000 0.184000
vt 0.716000 0.199000
vt 0.699000 0.250000
vt 0.655000 0.224000
vt 0.244000 0.765000
vt 0.225000 0.787000
vt 0.716000 0.697000
vt 0.812000 0.708000
vt 0.712000 0.702000
vt 0.238000 0.981000
vt 0.110000 0.901000
vt 0.129000 0.930000
vt 0.101000 0.951000
vt 0.088000 0.922000
vt 0.260000 0.970000
vt 0.278000 0.954000
vt 0.015000 0.662000
vt 0.038000 0.662000
vt 0.104000 0.868000
vt 0.073000 0.889000
vt 0.314000 0.868000
vt 0.351000 0.462000
vt 0.860000 0.355000
vt 0.887000 0.344000
vt 0.898000 0.375000
vt 0.871000 0.383000
vt 0.912000 0.335000
vt 0.936000 0.325000
vt 0.948000 0.360000
vt 0.923000 0.368000
vt 0.963000 0.315000
vt 0.975000 0.353000
vt 0.905000 0.406000
vt 0.878000 0.411000
vt 0.956000 0.396000
vt 0.931000 0.401000
vt 0.984000 0.392000
vt 0.910000 0.437000
vt 0.883000 0.439000
vt 0.961000 0.432000
vt 0.935000 0.434000
vt 0.988000 0.430000
vt 0.911000 0.467000
vt 0.885000 0.467000
vt 0.962000 0.468000
vt 0.937000 0.468000
vt 0.989000 0.469000
vt 0.910000 0.498000
vt 0.883000 0.495000
vt 0.960000 0.504000
vt 0.935000 0.501000
vt 0.987000 0.507000
vt 0.905000 0.528000
vt 0.878000 0.523000
vt 0.954000 0.539000
vt 0.929000 0.534000
vt 0.981000 0.545000
vt 0.897000 0.558000
vt 0.871000 0.550000
vt 0.945000 0.574000
vt 0.921000 0.566000
vt 0.971000 0.582000
vt 0.886000 0.587000
vt 0.861000 0.577000
vt 0.933000 0.607000
vt 0.909000 0.597000
vt 0.958000 0.618000
vt 0.872000 0.615000
vt 0.848000 0.602000
vt 0.917000 0.640000
vt 0.895000 0.628000
vt 0.941000 0.653000
vt 0.856000 0.642000
vt 0.833000 0.626000
vt 0.899000 0.671000
vt 0.877000 0.657000
vt 0.921000 0.686000
vt 0.836000 0.667000
vt 0.815000 0.648000
vt 0.878000 0.701000
vt 0.857000 0.684000
vt 0.900000 0.717000
vt 0.608000 0.708000
vt 0.701000 0.708000
vt 0.701000 0.949000
vt 0.608000 0.949000
vt 0.636000 0.196000
vt 0.816000 0.279000
vt 0.837000 0.260000
vt 0.857000 0.287000
vt 0.833000 0.302000
vt 0.859000 0.243000
vt 0.881000 0.226000
vt 0.903000 0.258000
vt 0.880000 0.272000
vt 0.905000 0.209000
vt 0.927000 0.243000
vt 0.873000 0.315000
vt 0.848000 0.328000
vt 0.921000 0.291000
vt 0.897000 0.303000
vt 0.947000 0.278000
vt 0.696000 0.288000
vt 0.721000 0.299000
vt 0.706000 0.321000
vt 0.691000 0.315000
vt 0.659000 0.392000
vt 0.644000 0.414000
vt 0.624000 0.395000
vt 0.647000 0.380000
vt 0.674000 0.315000
vt 0.659000 0.321000
vt 0.644000 0.299000
vt 0.669000 0.288000
vt 0.740000 0.318000
vt 0.718000 0.333000
vt 0.669000 0.425000
vt 0.674000 0.398000
vt 0.634000 0.200000
vt 0.624000 0.318000
vt 0.647000 0.333000
vt 0.641000 0.348000
vt 0.614000 0.343000
vt 0.619000 0.162000
vt 0.641000 0.365000
vt 0.614000 0.370000
vt 0.604000 0.391000
vt 0.598000 0.394000
vt 0.613000 0.416000
vt 0.619000 0.412000
vt 0.746000 0.380000
vt 0.728000 0.407000
vt 0.710000 0.951000
vt 0.812000 0.949000
vt 0.707000 0.706000
vt 0.715000 0.955000
vt 0.718000 0.960000
vt 0.812000 0.966000
vt 0.720000 0.966000
vt 0.717000 0.691000
vt 0.812000 0.691000
vt 0.824000 0.679000
vt 0.807000 0.656000
vt 0.844000 0.699000
vt 0.865000 0.717000
vt 0.879000 0.728000
vt 0.884000 0.733000
vt 0.885000 0.737000
vt 0.890000 0.188000
vt 0.889000 0.192000
vt 0.884000 0.197000
vt 0.868000 0.209000
vt 0.846000 0.227000
vt 0.825000 0.248000
vt 0.807000 0.271000
vt 0.193000 0.600000
vt 0.194000 0.606000
vt 0.149000 0.606000
vt 0.148000 0.600000
vt 0.090000 0.502000
vt 0.091000 0.496000
vt 0.136000 0.496000
vt 0.135000 0.502000
vt 0.195000 0.612000
vt 0.150000 0.612000
vt 0.089000 0.508000
vt 0.134000 0.508000
vt 0.088000 0.521000
vt 0.088000 0.515000
vt 0.140000 0.515000
vt 0.140000 0.521000
vt 0.196000 0.619000
vt 0.196000 0.625000
vt 0.144000 0.625000
vt 0.144000 0.619000
vt 0.143000 0.615000
vt 0.150000 0.615000
vt 0.133000 0.511000
vt 0.141000 0.511000
vt 0.139000 0.539000
vt 0.137000 0.565000
vt 0.129000 0.591000
vt 0.088000 0.614000
vt 0.169000 0.718000
vt 0.155000 0.695000
vt 0.196000 0.718000
vt 0.115000 0.614000
vt 0.147000 0.669000
vt 0.144000 0.643000
vt 0.061000 0.510000
vt 0.065000 0.614000
vt 0.602000 0.003000
vt 0.071000 0.661000
vt 0.243000 0.439000
vt 0.277000 0.438000
vt 0.453000 0.406000
vt 0.351000 0.437000
vt 0.310000 0.439000
vt 0.310000 0.440000
vt 0.391000 0.436000
vn 0.7441 0.3878 0.5440
vn 0.5390 0.2861 0.7922
vn 0.5506 0.2950 0.7809
vn 0.7614 0.3956 0.5135
vn -0.1226 0.8307 0.5430
vn -0.0970 0.7070 0.7006
vn 0.0455 0.7410 0.6700
vn 0.0211 0.8518 0.5234
vn 0.2967 0.1617 0.9411
vn 0.3343 0.1932 0.9224
vn 0.1514 0.2597 0.9537
vn 0.0031 0.1968 0.9804
vn -0.0875 0.0036 0.9961
vn 0.1741 0.1259 0.9766
vn 0.8896 0.4235 0.1710
vn 0.8769 0.4471 0.1762
vn 0.7788 0.3803 0.4987
vn 0.1107 0.4443 0.8890
vn -0.0327 0.3893 0.9205
vn 0.0738 0.5994 -0.7970
vn 0.1064 0.4399 -0.8917
vn -0.0396 0.3679 -0.9290
vn -0.0691 0.5415 -0.8378
vn 0.1831 0.1142 -0.9764
vn -0.0626 0.0116 -0.9980
vn 0.0025 0.1813 -0.9834
vn 0.1493 0.2583 -0.9544
vn 0.7201 0.4407 -0.5359
vn 0.6784 0.5464 -0.4911
vn 0.8551 0.4897 -0.1700
vn 0.8811 0.4334 -0.1892
vn -0.0050 0.9850 -0.1726
vn 0.0040 0.9325 -0.3610
vn -0.1380 0.9143 -0.3807
vn -0.1428 0.9723 -0.1851
vn -0.0923 0.6913 -0.7166
vn 0.0477 0.7363 -0.6749
vn 0.6496 0.6252 -0.4326
vn 0.8428 0.5171 -0.1493
vn -0.9845 -0.1753 0.0000
vn -0.1240 0.6961 0.7071
vn -0.0671 0.3767 0.9239
vn -0.1753 0.9845 0.0000
vn -0.1620 0.9095 0.3827
vn 0.0000 0.0000 1.0000
vn 0.0671 -0.3768 0.9239
vn 0.9845 0.1753 0.0000
vn 0.1621 -0.9093 0.3832
vn 0.1450 -0.8189 0.5552
vn 0.1619 -0.9093 0.3833
vn 0.1620 -0.9095 -0.3827
vn 0.1240 -0.6961 -0.7071
vn 0.0671 -0.3767 -0.9239
vn 0.1245 -0.6960 0.7071
vn 0.1240 -0.6961 0.7071
vn 0.1453 -0.8181 0.5564
vn 0.1240 -0.6962 0.7071
vn 0.1620 -0.9095 0.3827
vn 0.1753 -0.9845 0.0000
vn 0.0000 0.0000 -1.0000
vn 0.9050 0.3761 0.1989
vn 0.9103 0.3778 0.1687
vn 0.7776 0.3832 0.4984
vn 0.7163 0.4662 0.5191
vn -0.1408 0.9900 0.0006
vn -0.1451 0.9717 0.1861
vn -0.0062 0.9848 0.1733
vn -0.0079 0.9999 0.0004
vn 0.9161 0.3521 -0.1916
vn 0.9603 0.2591 -0.1032
vn 0.8144 0.5797 -0.0251
vn 0.8200 0.5686 -0.0658
vn 0.5930 0.7821 -0.1913
vn 0.5842 0.8070 -0.0855
vn 0.7545 0.3956 -0.5237
vn 0.7792 0.3805 -0.4981
vn 0.6081 0.2809 -0.7425
vn 0.5569 0.3103 -0.7704
vn 0.3456 0.1985 0.9171
vn 0.3116 0.2324 0.9213
vn 0.5638 0.3370 0.7541
vn 0.5748 0.2936 0.7638
vn 0.2150 0.4458 0.8689
vn 0.4265 0.4939 0.7577
vn -0.3368 -0.2102 0.9178
vn -0.6460 -0.3169 0.6944
vn 0.8754 0.4444 -0.1902
vn 0.8745 0.4446 -0.1937
vn 0.8742 0.4488 0.1852
vn 0.8260 0.5552 -0.0974
vn 0.6071 0.7433 -0.2808
vn 0.8551 0.4897 0.1700
vn 0.6784 0.5464 0.4911
vn 0.7201 0.4407 0.5359
vn 0.8811 0.4334 0.1892
vn -0.8584 -0.2852 -0.4263
vn -0.6433 -0.2969 -0.7056
vn -0.5936 -0.3541 -0.7226
vn -0.7987 -0.3379 -0.4978
vn 0.6681 0.1886 -0.7197
vn 0.4614 0.0100 -0.8871
vn 0.4028 0.1563 -0.9018
vn 0.7519 0.3827 -0.5369
vn 0.7555 0.3633 -0.5452
vn 0.8791 0.4365 -0.1916
vn 0.0236 0.8502 -0.5259
vn -0.1146 0.8158 -0.5669
vn -0.1398 0.9151 0.3781
vn 0.0031 0.9330 0.3599
vn 0.3453 0.7584 0.5527
vn 0.3219 0.8436 0.4298
vn 0.0769 0.6028 0.7941
vn 0.3745 0.6521 0.6592
vn 0.4546 0.3750 -0.8079
vn 0.4835 0.2509 -0.8386
vn 0.1224 -0.1504 -0.9810
vn 0.1206 0.0101 -0.9926
vn 0.6085 0.6162 0.5000
vn 0.6289 0.5857 0.5113
vn 0.2871 0.6562 0.6978
vn 0.2623 0.7102 0.6532
vn 0.8720 0.4218 0.2483
vn -0.3348 -0.2395 0.9113
vn -0.6328 -0.3441 0.6936
vn -0.6648 -0.2382 0.7080
vn -0.3589 -0.1493 0.9213
vn -0.6225 -0.3822 0.6829
vn -0.3224 -0.2608 0.9099
vn -0.3295 -0.2461 0.9115
vn -0.6305 -0.3645 0.6853
vn -0.8645 -0.3422 0.3682
vn -0.8618 -0.3508 0.3662
vn -0.9480 -0.2612 0.1817
vn -0.8771 -0.3035 0.3721
vn -0.8837 -0.2368 0.4037
vn -0.8702 -0.3174 0.3768
vn -0.9391 -0.2626 0.2215
vn -0.9374 -0.2890 0.1940
vn -0.8820 -0.0971 0.4612
vn -0.9383 -0.2154 0.2705
vn -0.9261 -0.1299 0.3541
vn -0.8718 0.0942 0.4806
vn -0.8828 0.0710 0.4642
vn -0.3448 -0.2017 -0.9167
vn -0.0365 -0.0461 -0.9983
vn -0.0034 -0.0343 -0.9994
vn -0.3290 -0.2487 -0.9110
vn -0.3289 -0.2465 -0.9116
vn -0.3327 -0.1872 -0.9243
vn -0.6083 -0.3158 -0.7282
vn -0.5715 -0.3642 -0.7353
vn -0.3306 -0.1583 -0.9304
vn -0.6536 -0.2673 -0.7081
vn -0.7436 -0.3408 -0.5752
vn -0.7495 -0.3543 -0.5592
vn 0.0382 0.0183 -0.9991
vn -0.7735 -0.3335 -0.5389
vn -0.8274 -0.3279 -0.4558
vn -0.8833 -0.3005 -0.3598
vn 0.5719 -0.3270 -0.7523
vn 0.5913 -0.4266 -0.6844
vn 0.2149 -0.6285 -0.7475
vn 0.2059 -0.5149 -0.8321
vn 0.8194 0.3223 -0.4740
vn 0.1875 -0.6790 -0.7098
vn 0.5708 -0.4869 -0.6611
vn 0.0297 0.0475 0.9984
vn 0.0189 -0.0081 0.9998
vn -0.7603 0.1527 0.6314
vn -0.7809 0.3162 0.5387
vn -0.4826 0.5089 0.7128
vn -0.4565 0.2986 0.8381
vn -0.4913 0.5760 0.6532
vn -0.7838 0.3683 0.5000
vn 0.2753 0.1276 -0.9528
vn 0.3111 0.1914 -0.9309
vn -0.7161 -0.0622 0.6952
vn -0.4038 0.0347 0.9142
vn 0.3535 0.2206 -0.9090
vn 0.5294 0.2763 -0.8021
vn 0.6259 0.6908 0.3619
vn 0.6496 0.6252 0.4326
vn 0.8428 0.5171 0.1493
vn 0.8336 0.5379 0.1259
vn 0.8297 -0.1684 -0.5321
vn 0.7980 -0.0894 -0.5959
vn -0.9569 0.1046 0.2708
vn 0.9569 -0.1046 -0.2708
vn 0.8620 0.4286 0.2708
vn 0.7838 -0.3683 -0.5000
vn -0.2625 -0.7102 -0.6532
vn -0.6085 -0.6162 -0.5000
vn -0.8620 -0.4286 -0.2708
vn 0.4916 -0.5759 -0.6532
vn -0.4916 0.5759 0.6532
vn 0.2625 0.7102 0.6532
vn -0.0628 0.5520 0.8315
vn 0.7480 0.3722 0.5494
vn 0.5285 0.2703 0.8047
vn -0.0500 -0.0470 0.9976
vn -0.0404 -0.0509 0.9979
vn -0.7713 -0.5159 -0.3727
vn -0.2617 -0.7100 -0.6538
vn -0.2623 -0.7102 -0.6532
vn -0.9402 -0.2872 0.1832
vn -0.8875 0.2369 0.3952
vn -0.8755 0.2158 0.4324
vn -0.8693 0.2260 0.4395
vn -0.8877 0.2327 0.3973
vn -0.0104 0.1340 0.9909
vn -0.0708 0.3890 0.9185
vn -0.1123 0.6212 0.7756
vn 0.9804 0.1942 -0.0317
vn 0.9752 0.2085 -0.0734
vn 0.8621 0.4284 0.2706
vn -0.0147 -0.0436 0.9989
vn 0.8148 0.5797 0.0000
vn 0.5789 0.8154 0.0000
vn 0.5842 0.8070 0.0858
vn 0.8144 0.5797 0.0249
vn 0.8885 0.4146 0.1964
vn 0.7421 0.3728 0.5570
vn 0.5931 0.7821 0.1912
vn 0.2931 0.9462 0.1372
vn 0.3051 0.9058 0.2939
vn 0.3745 0.6521 -0.6592
vn 0.4091 0.5274 -0.7446
vn 0.8793 0.4377 0.1877
vn -0.3169 -0.2408 -0.9174
vn 0.1321 -0.6887 -0.7128
vn 0.4980 -0.5554 -0.6660
vn 0.4913 -0.5760 -0.6532
vn 0.1537 -0.6829 -0.7141
vn 0.5322 -0.5264 -0.6631
vn 0.1634 -0.3490 -0.9228
vn 0.5182 -0.1650 -0.8392
vn 0.8336 0.5379 -0.1259
vn 0.6260 0.6908 -0.3618
vn 0.7834 -0.3399 -0.5203
vn 0.8003 -0.2970 -0.5209
vn 0.6070 0.7435 0.2806
vn 0.8260 0.5552 0.0975
vn 0.8197 0.5689 0.0659
vn 0.9511 -0.0314 -0.3072
vn 0.9500 0.0276 -0.3108
vn 0.8272 -0.2305 -0.5123
vn 0.9199 0.1267 -0.3710
vn 0.9410 0.0694 -0.3312
vn 0.8657 0.2249 -0.4472
vn 0.7373 0.0515 -0.6736
vn 0.9522 -0.0735 -0.2965
vn 0.9570 -0.1045 -0.2706
vn -0.9278 -0.2538 -0.2733
vn 0.7433 0.3669 -0.5594
vn 0.8886 0.4142 -0.1968
vn 0.7542 0.3628 -0.5472
vn 0.5138 0.2279 -0.8271
vn 0.4091 0.5273 0.7447
vn 0.3453 0.7584 -0.5527
vn 0.3218 0.8435 -0.4300
vn 0.2870 0.9579 0.0000
vn 0.2930 0.9462 -0.1370
vn 0.3049 0.9059 -0.2940
vn 0.4545 0.3750 0.8080
vn 0.4791 0.2650 0.8368
vn 0.2545 0.1400 0.9568
vn 0.2203 0.1147 0.9687
vn 0.0852 0.0642 -0.9943
vn 0.2361 0.0947 -0.9671
vn -0.7882 -0.4111 -0.4579
vn -0.7868 -0.3417 -0.5140
vn -0.2587 -0.7215 -0.6422
vn -0.6124 -0.6190 -0.4917
vn -0.6240 -0.5761 -0.5279
vn -0.2588 -0.6776 -0.6883
vn -0.6645 -0.3343 -0.6683
vn -0.6479 -0.4686 -0.6005
vn -0.7825 -0.3819 -0.4918
vn -0.2842 -0.5607 -0.7777
vn 0.0971 -0.5478 0.8309
vn -0.7712 -0.5160 -0.3728
vn -0.7920 -0.4987 -0.3520
vn -0.7908 -0.5001 -0.3528
vn -0.7706 -0.5167 -0.3731
vn -0.7753 -0.4721 -0.4194
vn -0.2989 -0.4122 -0.8606
vn -0.7923 -0.4985 -0.3518
vn -0.2607 -0.7101 -0.6540
vn -0.9846 -0.1749 -0.0007
vn -0.9846 -0.1746 -0.0012
vn -0.9842 -0.1768 0.0011
vn -0.9845 -0.1753 -0.0024
vn -0.9842 -0.1772 -0.0019
vn 0.0671 -0.3768 -0.9238
vn -0.9834 -0.1816 -0.0036
vn -0.9818 -0.1896 -0.0084
vn -0.1619 0.9093 -0.3833
vn 0.1620 -0.9095 -0.3828
vn -0.1619 0.9093 0.3834
vn -0.9844 -0.1758 0.0044
vn -0.9840 -0.1782 0.0021
vn -0.9843 -0.1763 0.0043
vn -0.1240 0.6962 -0.7071
vn -0.0672 0.3774 -0.9236
vn -0.0672 0.3774 0.9236
vn 0.0673 -0.3773 0.9236
vn 0.0671 -0.3773 0.9236
vn -0.9849 -0.1731 0.0034
vn -0.9847 -0.1739 0.0022
vn -0.1458 0.8172 -0.5576
vn -0.1620 0.9096 -0.3825
vn -0.1460 0.8173 -0.5574
vn -0.9855 -0.1695 -0.0087
vn -0.9835 -0.1799 -0.0168
vn -0.9837 -0.1790 -0.0171
vn -0.9859 -0.1665 -0.0131
vn -0.9838 -0.1790 -0.0007
vn -0.9841 -0.1777 -0.0005
vn 0.9014 0.4329 -0.0000
vn -0.6139 0.5060 0.6058
vn -0.5151 0.5639 0.6455
vn -0.5495 0.7589 0.3493
vn -0.6465 0.6888 0.3280
vn -0.3157 0.6479 0.6932
vn -0.1814 0.6847 0.7059
vn -0.2195 0.8976 0.3822
vn -0.3529 0.8571 0.3752
vn -0.1496 0.6913 0.7068
vn -0.1875 0.9046 0.3828
vn -0.5617 0.8273 -0.0000
vn -0.6582 0.7528 -0.0002
vn -0.2330 0.9724 0.0001
vn -0.3660 0.9306 -0.0002
vn -0.2009 0.9796 -0.0002
vn -0.5497 0.7588 -0.3493
vn -0.6467 0.6885 -0.3282
vn -0.2197 0.8976 -0.3822
vn -0.3529 0.8571 -0.3752
vn -0.1881 0.9045 -0.3826
vn -0.5151 0.5639 -0.6455
vn -0.6140 0.5060 -0.6057
vn -0.1818 0.6846 -0.7059
vn -0.3157 0.6479 -0.6932
vn -0.1505 0.6912 -0.7068
vn -0.4631 0.2725 -0.8434
vn -0.5652 0.2325 -0.7915
vn -0.1250 0.3661 -0.9221
vn -0.2599 0.3350 -0.9056
vn -0.0935 0.3721 -0.9234
vn -0.4018 -0.0715 -0.9129
vn -0.5078 -0.0904 -0.8567
vn -0.0580 -0.0103 -0.9983
vn -0.1941 -0.0345 -0.9803
vn -0.0262 -0.0046 -0.9996
vn -0.3405 -0.4156 -0.8434
vn -0.4502 -0.4133 -0.7915
vn 0.0090 -0.3867 -0.9221
vn -0.1282 -0.4042 -0.9056
vn 0.0407 -0.3815 -0.9234
vn -0.2887 -0.7071 -0.6455
vn -0.4015 -0.6868 -0.6058
vn 0.0657 -0.7053 -0.7059
vn -0.0726 -0.7170 -0.6932
vn 0.0974 -0.7006 -0.7068
vn -0.2539 -0.9019 -0.3495
vn -0.3689 -0.8697 -0.3280
vn 0.1036 -0.9182 -0.3823
vn -0.0353 -0.9262 -0.3754
vn 0.1355 -0.9138 -0.3828
vn -0.2417 -0.9703 0.0000
vn -0.3576 -0.9339 0.0000
vn 0.1170 -0.9931 0.0000
vn -0.0222 -0.9997 0.0000
vn 0.1490 -0.9888 0.0000
vn -0.2539 -0.9017 0.3497
vn -0.3690 -0.8694 0.3284
vn 0.1036 -0.9181 0.3825
vn -0.0353 -0.9261 0.3756
vn 0.1358 -0.9138 0.3828
vn -0.1719 0.9654 -0.1961
vn -0.1711 0.9611 -0.2165
vn -0.0381 0.2143 -0.9760
vn -0.0344 0.1931 -0.9806
vn 0.0965 -0.5468 0.8317
vn -0.4503 -0.4140 0.7911
vn -0.3405 -0.4158 0.8433
vn -0.4016 -0.0716 0.9130
vn -0.5080 -0.0906 0.8566
vn -0.1283 -0.4042 0.9056
vn 0.0089 -0.3868 0.9221
vn -0.0580 -0.0103 0.9983
vn -0.1941 -0.0348 0.9803
vn 0.0412 -0.3813 0.9235
vn -0.0256 -0.0048 0.9996
vn -0.4629 0.2724 0.8435
vn -0.5652 0.2324 0.7915
vn -0.1248 0.3660 0.9222
vn -0.2599 0.3348 0.9057
vn -0.0927 0.3723 0.9234
vn 0.0963 -0.5477 0.8310
vn 0.1446 -0.8184 0.5561
vn -0.0947 0.5315 -0.8417
vn -0.0670 0.3766 -0.9239
vn -0.1482 0.8320 -0.5345
vn -0.0978 0.5473 -0.8311
vn -0.0981 0.5489 -0.8301
vn -0.1239 0.6962 -0.7071
vn -0.2619 -0.8199 0.5090
vn -0.3750 -0.7936 0.4791
vn -0.0475 -0.8371 0.5450
vn 0.0884 -0.8273 0.5546
vn 0.1191 -0.8234 0.5548
vn 0.1264 -0.8222 0.5549
vn 0.1321 -0.8209 0.5556
vn 0.0805 -0.5500 0.8313
vn 0.0766 -0.5502 0.8315
vn 0.0712 -0.5510 0.8314
vn 0.0402 -0.5562 0.8300
vn -0.0949 -0.5705 0.8158
vn -0.3063 -0.5714 0.7613
vn -0.4166 -0.5606 0.7156
vn -0.9507 0.1209 0.2857
vn -0.9624 0.0892 0.2566
vn -0.8505 -0.4416 -0.2857
vn -0.8724 -0.4160 -0.2566
vn -0.7736 0.3786 0.5081
vn -0.7946 0.3573 0.4909
vn -0.5935 -0.6230 -0.5094
vn -0.6209 -0.6102 -0.4920
vn 0.0270 -0.7100 -0.7037
vn -0.2522 -0.7113 -0.6561
vn -0.2741 -0.7089 -0.6499
vn 0.0227 -0.7104 -0.7034
vn -0.4809 0.5813 0.6564
vn -0.2163 0.6765 0.7039
vn -0.2203 0.6755 0.7037
vn -0.5042 0.5695 0.6491
vn -0.6578 0.4758 0.5838
vn -0.6551 0.4779 0.5852
vn -0.4420 -0.6767 -0.5888
vn -0.4429 -0.6765 -0.5883
vn 0.5084 0.2576 0.8216
vn 0.7482 0.3724 0.5492
vn 0.5252 0.2347 -0.8179
vn 0.8952 0.4456 -0.0000
vn 0.8665 0.4626 0.1877
vn 0.8677 0.4598 0.1888
vn 0.8794 0.4368 -0.1896
usemtl mb:o:3057:154
s 1
f 4245/4270/2212 4244/4271/2213 4346/4272/2214 4345/4273/2215
f 4745/4274/2216 4761/4275/2217 4274/4276/2218 4273/4277/2219
f 4242/4278/2220 4347/4279/2221 4346/4272/2214 4244/4271/2213
f 4265/4280/2222 4751/4281/2223 4740/4282/2224 4240/4283/2225
f 4335/4284/2226 4348/4285/2227 4345/4273/2215 4342/4286/2228
f 4264/4287/2229 4771/4288/2230 4751/4281/2223 4265/4280/2222
f 4305/4289/2231 4304/4290/2232 4733/4291/2233 4732/4292/2234
f 4302/4293/2235 4770/4294/2236 4750/4295/2237 4303/4296/2238
f 4284/4297/2239 4289/4298/2240 4288/4299/2241 4283/4300/2242
f 4301/4301/2243 4300/4302/2244 4706/4303/2245 4705/4304/2246
f 4731/4305/2247 4298/4306/2248 4305/4289/2231 4732/4292/2234
f 4287/4307/2249 4290/4308/2250 4288/4299/2241 4289/4298/2240
f 4721/4309/2251 4313/4310/2251 4741/4311/2251
f 4717/4312/2251 4313/4310/2251 4718/4313/2251
f 4718/4313/2251 4313/4310/2251 4720/4314/2251
f 4725/4315/2251 4313/4310/2251 4328/4316/2251
f 4719/4317/2251 4313/4310/2251 4717/4312/2251
f 4328/4316/2251 4313/4310/2251 4327/4318/2251
f 4763/4319/2252 4711/4320/2252 4712/4321/2253 4756/4322/2253
f 4767/4323/2254 4709/4324/2254 4710/4325/2255 4762/4326/2255
f 4757/4327/2256 4713/4328/2256 4714/4329/2257 4737/4330/2257
f 4853/4331/2258 4847/4332/2258 4848/4333/2258 4855/4334/2258
f 4840/4335/2258 4841/4336/2258 4871/4337/2258 4869/4338/2258
f 4326/4339/2251 4313/4310/2251 4325/4340/2251
f 4325/4340/2251 4313/4310/2251 4324/4341/2251
f 4720/4314/2251 4313/4310/2251 4721/4309/2251
f 4723/4342/2251 4313/4310/2251 4722/4343/2251
f 4323/4344/2251 4313/4310/2251 4724/4345/2251
f 4722/4343/2251 4313/4310/2251 4719/4317/2251
f 4725/4315/2251 4741/4311/2251 4313/4310/2251
f 4324/4341/2251 4313/4310/2251 4323/4344/2251
f 4327/4318/2251 4313/4310/2251 4326/4339/2251
f 4724/4345/2251 4313/4310/2251 4723/4342/2251
f 4846/4346/2258 4852/4347/2258 4883/4348/2258 4845/4349/2258
f 4551/4350/2259 4908/4351/2260 4566/4352/2261
f 4744/4353/2262 4319/4354/2262 4318/4355/2263 4749/4356/2263
f 4756/4322/2253 4712/4321/2253 4713/4328/2256 4757/4327/2256
f 4845/4349/2258 4883/4348/2258 4881/4357/2258 4844/4358/2258
f 4844/4358/2258 4881/4357/2258 4880/4359/2258 4843/4360/2258
f 4749/4356/2263 4318/4355/2263 4317/4361/2264 4747/4362/2264
f 4550/4363/2265 4892/4364/2266 4909/4365/2267
f 4861/4366/2258 4836/4367/2258 4837/4368/2258 4863/4369/2258
f 4629/4370/2251 4239/4371/2251 4874/4372/2251 4878/4373/2251
f 4865/4374/2258 4838/4375/2258 4839/4376/2258 4867/4377/2258
f 4852/4347/2258 4846/4346/2258 4847/4332/2258 4853/4331/2258
f 4762/4326/2255 4710/4325/2255 4711/4320/2252 4763/4319/2252
f 4855/4334/2258 4848/4333/2258 4849/4378/2258 4857/4379/2258
f 4738/4380/2268 4322/4381/2268 4321/4382/2269 4742/4383/2269
f 4863/4369/2258 4837/4368/2258 4838/4375/2258 4865/4374/2258
f 4743/4384/2270 4320/4385/2270 4319/4354/2262 4744/4353/2262
f 4859/4386/2258 4835/4387/2258 4836/4367/2258 4861/4366/2258
f 4227/4388/2251 4617/4389/2251 4872/4390/2251 4876/4391/2251
f 4737/4330/2257 4714/4329/2257 4322/4392/2268 4738/4393/2268
f 4742/4383/2269 4321/4382/2269 4320/4385/2270 4743/4384/2270
f 4839/4376/2258 4840/4335/2258 4869/4338/2258 4867/4377/2258
f 4857/4379/2258 4849/4378/2258 4835/4387/2258 4859/4386/2258
f 4747/4362/2264 4317/4361/2264 4316/4394/2271 4748/4395/2271
f 4908/4351/2260 4551/4350/2259 4909/4365/2267
f 4841/4336/2258 4842/4396/2258 4873/4397/2258 4871/4337/2258
f 4382/4398/2272 4338/4399/2273 4343/4400/2274 4380/4401/2275
f 4726/4402/2276 4727/4403/2277 4271/4404/2278 4269/4405/2279
f 4336/4406/2280 4335/4284/2226 4338/4399/2273 4446/4407/2281
f 4343/4400/2274 4338/4399/2273 4335/4284/2226 4342/4286/2228
f 4296/4408/2282 4297/4409/2283 4293/4410/2284 4282/4411/2285
f 4378/4412/2286 4371/4413/2287 4376/4414/2288 4372/4415/2289
f 4339/4416/2290 4386/4417/2291 4341/4418/2292 4340/4419/2293
f 4386/4417/2291 4384/4420/2294 4385/4421/2295 4341/4418/2292
f 4339/4416/2290 4340/4419/2293 4346/4272/2214 4347/4279/2221
f 4408/4422/2296 4740/4282/2224 4405/4423/2297
f 4337/4424/2298 4330/4425/2299 4248/4426/2300 4348/4285/2227
f 4297/4409/2283 4295/4427/2301 4292/4428/2302 4293/4410/2284
f 4261/4429/2303 4267/4430/2304 4268/4431/2305 4250/4432/2306
f 4421/4433/2307 4425/4434/2308 4420/4435/2309 4418/4436/2310
f 4438/4437/2311 4431/4438/2312 4377/4439/2313 4376/4414/2288
f 4331/4440/2314 4692/4441/2315 4691/4442/2316 4330/4425/2299
f 4300/4302/2244 4299/4443/2317 4730/4444/2318 4706/4303/2245
f 4705/4304/2246 4726/4402/2276 4269/4405/2279 4301/4301/2243
f 4299/4443/2317 4298/4306/2248 4731/4305/2247 4730/4444/2318
f 4271/4404/2278 4727/4403/2277 4746/4445/2319 4272/4446/2320
f 4273/4277/2219 4274/4276/2218 4278/4447/2321 4277/4448/2322
f 4278/4447/2321 4274/4276/2218 4263/4449/2323 4279/4450/2324
f 4273/4277/2219 4272/4446/2320 4746/4445/2319 4745/4274/2216
f 4303/4296/2238 4306/4451/2325 4281/4452/2326 4302/4293/2235
f 4430/4453/2327 4375/4454/2328 4377/4439/2313 4431/4438/2312
f 4529/4455/2329 4387/4456/2330 4449/4457/2331 4814/4458/2332
f 4387/4456/2330 4381/4459/2333 4382/4398/2272 4380/4401/2275
f 4390/4460/2334 4396/4461/2335 4395/4462/2336 4389/4463/2337
f 4402/4464/2338 4388/4465/2339 4409/4466/2340 4406/4467/2341
f 4803/4468/2251 4453/4469/2251 4919/4470/2251 4801/4471/2251
f 4403/4472/2342 4393/4473/2343 4402/4464/2338 4406/4467/2341
f 4739/4474/2344 4404/4475/2345 4740/4282/2224
f 4406/4467/2341 4409/4466/2340 4408/4422/2296 4405/4423/2297
f 4398/4476/2346 4395/4462/2336 4396/4461/2335 4397/4477/2347
f 4735/4478/2348 4397/4477/2347 4393/4473/2343 4734/4479/2349
f 4399/4480/2350 4398/4476/2346 4769/4481/2351 4768/4482/2352
f 4458/4483/2353 4399/4480/2350 4768/4482/2352 4815/4484/2354
f 4425/4434/2308 4770/4294/2236 4416/4485/2355
f 4369/4486/2356 4370/4487/2357 4419/4488/2358 4416/4485/2355
f 4413/4489/2359 4429/4490/2360 4411/4491/2361 4412/4492/2362
f 4414/4493/2363 4410/4494/2364 4411/4491/2361 4429/4490/2360
f 4412/4492/2362 4411/4491/2361 4426/4495/2365 4417/4496/2366
f 4425/4434/2308 4421/4433/2307 4770/4294/2236
f 4334/4497/2367 4413/4489/2359 4419/4488/2358 4370/4487/2357
f 4410/4494/2364 4415/4498/2368 4426/4495/2365 4411/4491/2361
f 4419/4488/2358 4413/4489/2359 4412/4492/2362 4420/4435/2309
f 4417/4496/2366 4729/4499/2369 4707/4500/2370 4418/4436/2310
f 4443/4501/2371 4439/4502/2372 4434/4503/2373 4432/4504/2374
f 4371/4413/2287 4437/4505/2375 4438/4437/2311 4376/4414/2288
f 4337/4424/2298 4348/4285/2227 4335/4284/2226 4336/4406/2280
f 4470/4506/2376 4434/4503/2373 4439/4502/2372 4469/4507/2377
f 4389/4463/2337 4344/4508/2378 4349/4509/2379 4390/4460/2334
f 4459/4510/2380 4451/4511/2381 4450/4512/2382 4457/4513/2383
f 4795/4514/2384 4450/4512/2382 4451/4511/2381 4797/4515/2385
f 4334/4497/2367 4370/4487/2357 4694/4516/2386 4333/4517/2387
f 4389/4463/2337 4395/4462/2336 4455/4518/2388 4456/4519/2389
f 4740/4282/2224 4404/4475/2345 4405/4423/2297
f 4399/4480/2350 4455/4518/2388 4395/4462/2336 4398/4476/2346
f 4396/4461/2335 4390/4460/2334 4388/4465/2339 4402/4464/2338
f 4402/4464/2338 4393/4473/2343 4397/4477/2347 4396/4461/2335
f 4420/4435/2309 4425/4434/2308 4416/4485/2355 4419/4488/2358
f 4420/4435/2309 4412/4492/2362 4417/4496/2366 4418/4436/2310
f 4372/4415/2289 4374/4520/2390 4333/4517/2387 4332/4521/2391
f 4337/4424/2298 4378/4412/2286 4331/4440/2314 4330/4425/2299
f 4253/4522/2392 4260/4523/2393 4262/4524/2394 4251/4525/2395
f 4262/4524/2394 4260/4523/2393 4267/4430/2304 4261/4429/2303
f 4440/4526/2396 4439/4502/2372 4443/4501/2371 4442/4527/2397
f 4790/4528/2398 4758/4529/2398 4759/4530/2385 4789/4531/2385
f 4783/4532/2258 4752/4533/2258 4753/4534/2399 4782/4535/2399
f 4791/4536/2251 4777/4537/2251 4758/4529/2398 4790/4528/2398
f 4784/4538/2400 4776/4539/2400 4752/4540/2258 4783/4541/2258
f 4782/4535/2399 4753/4534/2399 4773/4542/2401 4781/4543/2401
f 4780/4544/2263 4778/4545/2263 4754/4546/2402 4794/4547/2402
f 4793/4548/2403 4755/4549/2403 4766/4550/2404 4792/4551/2404
f 4781/4543/2401 4773/4542/2401 4774/4552/2405 4779/4553/2405
f 4788/4554/2406 4760/4555/2406 4775/4556/2252 4787/4557/2252
f 4789/4531/2385 4759/4530/2385 4760/4555/2406 4788/4554/2406
f 4786/4558/2407 4764/4559/2407 4765/4560/2329 4785/4561/2329
f 4785/4561/2329 4765/4560/2329 4776/4539/2400 4784/4538/2400
f 4794/4547/2402 4754/4546/2402 4755/4549/2403 4793/4548/2403
f 4787/4557/2252 4775/4556/2252 4764/4559/2407 4786/4558/2407
f 4779/4553/2405 4774/4552/2405 4778/4545/2263 4780/4544/2263
f 4792/4551/2404 4766/4550/2404 4777/4562/2251 4791/4563/2251
f 4772/4564/2408 4771/4288/2230 4264/4287/2229 4263/4449/2323
f 4761/4275/2217 4772/4564/2408 4263/4449/2323 4274/4276/2218
f 4733/4291/2233 4304/4290/2232 4303/4296/2238 4750/4295/2237
f 4490/4565/2268 4482/4566/2266 4491/4567/2268
f 4487/4568/2266 4482/4566/2266 4488/4569/2266
f 4484/4570/2268 4482/4566/2266 4485/4571/2268
f 4495/4572/2266 4482/4566/2266 4496/4573/2266
f 4485/4571/2268 4482/4566/2266 4486/4574/2268
f 4488/4569/2266 4482/4566/2266 4489/4575/2266
f 4493/4576/2268 4482/4566/2266 4494/4577/2268
f 4497/4578/2266 4482/4566/2266 4498/4579/2268
f 4489/4575/2266 4482/4566/2266 4490/4565/2268
f 4483/4580/2266 4482/4566/2266 4484/4570/2268
f 4491/4567/2268 4482/4566/2266 4492/4581/2268
f 4496/4573/2266 4482/4566/2266 4497/4578/2266
f 4486/4574/2268 4482/4566/2266 4487/4568/2266
f 4494/4577/2268 4482/4566/2266 4495/4572/2266
f 4492/4581/2268 4482/4566/2266 4493/4576/2268
f 4498/4579/2268 4482/4566/2266 4483/4580/2266
f 4244/4271/2213 4245/4270/2212 4687/4582/2409 4689/4583/2410
f 4405/4423/2297 4404/4475/2345 4403/4472/2342 4406/4467/2341
f 4740/4282/2224 4408/4422/2296 4352/4584/2411
f 4409/4466/2340 4353/4585/2412 4352/4584/2411 4408/4422/2296
f 4507/4586/2268 4807/4587/2268 4524/4588/2268 4508/4589/2268
f 4505/4590/2266 4521/4591/2266 4806/4592/2268 4506/4593/2268
f 4499/4594/2266 4796/4595/2266 4516/4596/2266 4500/4597/2266
f 4510/4598/2266 4810/4599/2266 4811/4600/2266 4511/4601/2266
f 4810/4599/2266 4510/4598/2266 4509/4602/2268 4809/4603/2268
f 4530/4604/2268 4796/4595/2266 4499/4594/2266 4514/4605/2268
f 4503/4606/2268 4519/4607/2268 4683/4608/2268
f 4502/4609/2266 4798/4610/2266 4799/4611/2268 4503/4606/2268
f 4805/4612/2413 4531/4613/2413 4532/4614/2403 4804/4615/2403
f 4528/4616/2266 4512/4617/2266 4511/4601/2266 4811/4600/2266
f 4798/4610/2266 4502/4609/2266 4501/4618/2268 4517/4619/2268
f 4813/4620/2268 4513/4621/2268 4512/4617/2266 4528/4616/2266
f 4530/4604/2268 4514/4605/2268 4513/4621/2268 4813/4620/2268
f 4806/4592/2268 4807/4587/2268 4507/4586/2268 4506/4593/2268
f 4809/4603/2268 4509/4602/2268 4508/4589/2268 4524/4588/2268
f 4517/4619/2268 4501/4618/2268 4500/4597/2266 4516/4596/2266
f 4505/4590/2266 4504/4622/2268 4520/4623/2268 4521/4591/2266
f 4804/4615/2403 4532/4614/2403 4533/4624/2414 4522/4625/2415
f 4403/4472/2342 4736/4626/2416 4734/4479/2349 4393/4473/2343
f 4739/4474/2344 4736/4626/2416 4403/4472/2342 4404/4475/2345
f 4518/4627/2417 4452/4628/2418 4681/4629/2419 4682/4630/2420
f 4379/4631/2421 4344/4508/2378 4389/4463/2337 4456/4519/2389
f 4797/4515/2385 4451/4511/2381 4452/4628/2418 4518/4627/2417
f 4397/4477/2347 4735/4478/2348 4769/4481/2351 4398/4476/2346
f 4456/4519/2389 4457/4513/2383 4383/4632/2422 4379/4631/2421
f 4457/4513/2383 4450/4512/2382 4448/4633/2423 4383/4632/2422
f 4458/4483/2353 4452/4628/2418 4451/4511/2381 4459/4510/2380
f 4452/4628/2418 4458/4483/2353 4815/4484/2354 4681/4629/2419
f 4399/4480/2350 4458/4483/2353 4459/4510/2380 4455/4518/2388
f 4455/4518/2388 4459/4510/2380 4457/4513/2383 4456/4519/2389
f 4382/4398/2272 4381/4459/2333 4447/4634/2424 4472/4635/2425
f 4527/4636/2258 4447/4634/2424 4381/4459/2333 4812/4637/2426
f 4812/4637/2426 4381/4459/2333 4387/4456/2330 4529/4455/2329
f 4346/4272/2214 4340/4419/2293 4342/4286/2228 4345/4273/2215
f 4340/4419/2293 4341/4418/2292 4343/4400/2274 4342/4286/2228
f 4248/4426/2300 4245/4270/2212 4345/4273/2215 4348/4285/2227
f 4380/4401/2275 4343/4400/2274 4341/4418/2292 4385/4421/2295
f 4385/4421/2295 4449/4457/2331 4387/4456/2330 4380/4401/2275
f 4242/4278/2220 4241/4638/2427 4349/4509/2379 4347/4279/2221
f 4379/4631/2421 4386/4417/2291 4339/4416/2290 4344/4508/2378
f 4383/4632/2422 4384/4420/2294 4386/4417/2291 4379/4631/2421
f 4344/4508/2378 4339/4416/2290 4347/4279/2221 4349/4509/2379
f 4349/4509/2379 4241/4638/2427 4388/4465/2339 4390/4460/2334
f 4409/4466/2340 4388/4465/2339 4241/4638/2427 4353/4585/2412
f 4449/4457/2331 4385/4421/2295 4384/4420/2294
f 4383/4632/2422 4448/4633/2423 4449/4457/2331 4384/4420/2294
f 4331/4440/2314 4378/4412/2286 4372/4415/2289 4332/4521/2391
f 4257/4639/2428 4254/4640/2429 4255/4641/2430 4256/4642/2431
f 4247/4643/2432 4250/4432/2306 4268/4431/2305 4246/4644/2433
f 4258/4645/2434 4255/4641/2430 4275/4646/2435 4276/4647/2436
f 4308/4648/2437 4287/4307/2249 4289/4298/2240 4307/4649/2438
f 4245/4270/2212 4248/4426/2300 4690/4650/2439 4687/4582/2409
f 4515/4651/2252 4448/4633/2423 4450/4512/2382 4795/4514/2384
f 4814/4458/2332 4449/4457/2331 4448/4633/2423 4515/4651/2252
f 4410/4494/2364 4414/4493/2363 4468/4652/2440
f 4468/4652/2440 4414/4493/2363 4375/4454/2328 4430/4453/2327
f 4523/4653/2263 4478/4654/2441 4479/4655/2442 4808/4656/2443
f 4478/4654/2441 4477/4657/2444 4471/4658/2445 4479/4655/2442
f 4470/4506/2376 4469/4507/2377 4471/4658/2445 4477/4657/2444
f 4472/4635/2425 4446/4407/2281 4338/4399/2273 4382/4398/2272
f 4522/4625/2415 4533/4624/2414 4478/4654/2441 4523/4653/2263
f 4257/4639/2428 4296/4408/2282 4282/4411/2285 4254/4640/2429
f 4443/4501/2371 4432/4504/2374 4433/4659/2446 4441/4660/2447
f 4295/4427/2301 4294/4661/2448 4291/4662/2449 4292/4428/2302
f 4481/4663/2450 4479/4655/2442 4471/4658/2445 4474/4664/2451
f 4259/4665/2452 4249/4666/2453 4252/4667/2454 4258/4645/2434
f 4473/4668/2455 4475/4669/2456 4446/4407/2281 4472/4635/2425
f 4469/4507/2377 4476/4670/2457 4474/4664/2451 4471/4658/2445
f 4436/4671/2458 4435/4672/2459 4440/4526/2396 4442/4527/2397
f 4444/4673/2460 4445/4674/2461 4438/4437/2311 4437/4505/2375
f 4436/4671/2458 4442/4527/2397 4445/4674/2461 4444/4673/2460
f 4445/4674/2461 4441/4660/2447 4431/4438/2312 4438/4437/2311
f 4440/4526/2396 4435/4672/2459 4475/4669/2456 4476/4670/2457
f 4442/4527/2397 4443/4501/2371 4441/4660/2447 4445/4674/2461
f 4439/4502/2372 4440/4526/2396 4476/4670/2457 4469/4507/2377
f 4259/4665/2452 4253/4522/2392 4251/4525/2395 4249/4666/2453
f 4480/4675/2462 4481/4663/2450 4474/4664/2451 4473/4668/2455
f 4476/4670/2457 4475/4669/2456 4473/4668/2455 4474/4664/2451
f 4252/4667/2454 4256/4642/2431 4255/4641/2430 4258/4645/2434
f 4291/4662/2449 4294/4661/2448 4290/4308/2250 4287/4307/2249
f 4526/4676/2463 4480/4675/2462 4447/4634/2424 4527/4636/2258
f 4473/4668/2455 4472/4635/2425 4447/4634/2424 4480/4675/2462
f 4808/4656/2443 4479/4655/2442 4481/4663/2450 4525/4677/2401
f 4525/4677/2401 4481/4663/2450 4480/4675/2462 4526/4676/2463
f 4431/4438/2312 4441/4660/2447 4433/4659/2446 4430/4453/2327
f 4770/4294/2236 4369/4486/2356 4416/4485/2355
f 4708/4678/2464 4770/4294/2236 4421/4433/2307
f 4285/4679/2465 4284/4297/2239 4283/4300/2242 4286/4680/2466
f 4285/4679/2465 4698/4681/2467 4696/4682/2468 4281/4452/2326
f 4279/4450/2324 4280/4683/2469 4267/4430/2304 4260/4523/2393
f 4298/4306/2248 4312/4684/2470 4308/4648/2437 4305/4289/2231
f 4311/4685/2471 4312/4684/2470 4298/4306/2248 4299/4443/2317
f 4270/4686/2472 4269/4405/2279 4271/4404/2278 4275/4646/2435
f 4309/4687/2473 4310/4688/2474 4300/4302/2244 4301/4301/2243
f 4280/4683/2469 4264/4287/2229 4265/4280/2222 4266/4689/2475
f 4279/4450/2324 4260/4523/2393 4253/4522/2392 4278/4447/2321
f 4243/4690/2476 4246/4644/2433 4268/4431/2305 4266/4689/2475
f 4266/4689/2475 4268/4431/2305 4267/4430/2304 4280/4683/2469
f 4271/4404/2278 4272/4446/2320 4276/4647/2436 4275/4646/2435
f 4270/4686/2472 4309/4687/2473 4301/4301/2243 4269/4405/2279
f 4270/4686/2472 4254/4640/2429 4282/4411/2285 4309/4687/2473
f 4255/4641/2430 4254/4640/2429 4270/4686/2472 4275/4646/2435
f 4277/4448/2322 4278/4447/2321 4253/4522/2392 4259/4665/2452
f 4293/4410/2284 4292/4428/2302 4311/4685/2471 4310/4688/2474
f 4282/4411/2285 4293/4410/2284 4310/4688/2474 4309/4687/2473
f 4307/4649/2438 4306/4451/2325 4303/4296/2238 4304/4290/2232
f 4305/4289/2231 4308/4648/2437 4307/4649/2438 4304/4290/2232
f 4291/4662/2449 4287/4307/2249 4308/4648/2437 4312/4684/2470
f 4263/4449/2323 4264/4287/2229 4280/4683/2469 4279/4450/2324
f 4306/4451/2325 4284/4297/2239 4285/4679/2465 4281/4452/2326
f 4307/4649/2438 4289/4298/2240 4284/4297/2239 4306/4451/2325
f 4292/4428/2302 4291/4662/2449 4312/4684/2470 4311/4685/2471
f 4259/4665/2452 4258/4645/2434 4276/4647/2436 4277/4448/2322
f 4310/4688/2474 4311/4685/2471 4299/4443/2317 4300/4302/2244
f 4276/4647/2436 4272/4446/2320 4273/4277/2219 4277/4448/2322
f 4243/4690/2476 4266/4689/2475 4265/4280/2222 4240/4283/2225
f 4244/4271/2213 4689/4583/2410 4688/4691/2477 4242/4278/2220
f 4241/4638/2427 4242/4278/2220 4688/4691/2477 4353/4585/2412
f 4372/4415/2289 4376/4414/2288 4377/4439/2313 4374/4520/2390
f 4353/4585/2412 4688/4691/2477 4702/4692/2478 4352/4584/2411
f 4333/4517/2387 4374/4520/2390 4373/4693/2479 4334/4497/2367
f 4375/4454/2328 4373/4693/2479 4374/4520/2390 4377/4439/2313
f 4281/4452/2326 4696/4682/2468 4700/4694/2480 4302/4293/2235
f 4415/4498/2368 4816/4695/2481 4728/4696/2482 4426/4495/2365
f 4538/4697/2483 4536/4698/2484 4464/4699/2485 4466/4700/2486
f 4461/4701/2487 4463/4702/2488 4460/4703/2489 4415/4498/2368
f 4434/4503/2373 4466/4700/2486 4465/4704/2490 4432/4504/2374
f 4413/4489/2359 4334/4497/2367 4373/4693/2479 4429/4490/2360
f 4708/4678/2464 4421/4433/2307 4418/4436/2310 4707/4500/2370
f 4426/4495/2365 4728/4696/2482 4729/4499/2369 4417/4496/2366
f 4893/4705/2491 4892/4364/2266 4550/4363/2265
f 4461/4701/2487 4415/4498/2368 4410/4494/2364
f 4373/4693/2479 4375/4454/2328 4414/4493/2363 4429/4490/2360
f 4540/4706/2492 4818/4707/2493 4817/4708/2494 4535/4709/2495
f 4536/4698/2484 4535/4709/2495 4462/4710/2496 4464/4699/2485
f 4432/4504/2374 4465/4704/2490 4467/4711/2497 4433/4659/2446
f 4430/4453/2327 4433/4659/2446 4467/4711/2497 4468/4652/2440
f 4465/4704/2490 4463/4702/2488 4461/4701/2487 4467/4711/2497
f 4531/4613/2413 4684/4712/2498 4818/4707/2493 4540/4706/2492
f 4467/4711/2497 4461/4701/2487 4410/4494/2364 4468/4652/2440
f 4535/4709/2495 4817/4708/2494 4816/4695/2481 4462/4710/2496
f 4532/4614/2403 4531/4613/2413 4540/4706/2492 4539/4713/2403
f 4539/4713/2403 4540/4706/2492 4535/4709/2495 4536/4698/2484
f 4465/4704/2490 4466/4700/2486 4464/4699/2485 4463/4702/2488
f 4463/4702/2488 4464/4699/2485 4462/4710/2496 4460/4703/2489
f 4541/4714/2499 4539/4713/2403 4536/4698/2484 4538/4697/2483
f 4538/4697/2483 4466/4700/2486 4434/4503/2373 4470/4506/2376
f 4533/4624/2414 4532/4614/2403 4539/4713/2403 4541/4714/2499
f 4533/4624/2414 4541/4714/2499 4477/4657/2444 4478/4654/2441
f 4477/4657/2444 4541/4714/2499 4538/4697/2483 4470/4506/2376
f 4427/4715/2251 4534/4716/2251 4686/4717/2251 4400/4718/2251
f 4552/4719/2500 4428/4720/2501 4401/4721/2251 4394/4722/2251
f 4823/4723/2251 4824/4724/2502 4368/4725/2251 4367/4726/2251
f 4364/4727/2251 4822/4728/2251 4823/4723/2251 4366/4729/2251
f 4400/4718/2251 4401/4721/2251 4428/4720/2501 4427/4715/2251
f 4552/4719/2500 4830/4730/2503 4422/4731/2504 4428/4720/2501
f 4833/4732/2271 4832/4733/2505 4570/4734/2505 4571/4735/2271
f 4829/4736/2270 4551/4350/2259 4566/4352/2261 4567/4737/2270
f 4363/4738/2251 4544/4739/2251 4822/4728/2251 4364/4727/2251
f 4557/4740/2506 4356/4741/2251 4355/4742/2507
f 4821/4743/2254 4543/4744/2508 4559/4745/2508 4560/4746/2254
f 4831/4747/2263 4553/4748/2509 4568/4749/2262 4569/4750/2263
f 4394/4722/2251 4392/4751/2251 4828/4752/2251 4552/4719/2500
f 4545/4753/2510 4821/4743/2254 4560/4746/2254 4561/4754/2510
f 4557/4740/2506 4820/4755/2251 4357/4756/2251 4356/4741/2251
f 4351/4757/2511 4350/4758/2512 4824/4724/2502 4825/4759/2513
f 4542/4760/2514 4834/4761/2515 4572/4762/2515 4558/4763/2514
f 4392/4751/2251 4391/4764/2251 4827/4765/2251 4828/4752/2251
f 4820/4755/2251 4819/4766/2251 4358/4767/2251 4359/4768/2251
f 4547/4769/2516 4546/4770/2252 4562/4771/2252 4563/4772/2516
f 4359/4768/2251 4357/4756/2251 4820/4755/2251
f 4826/4773/2517 4548/4774/2256 4564/4775/2256 4565/4776/2518
f 4391/4764/2251 4407/4777/2519 4549/4778/2520 4827/4765/2251
f 4407/4777/2519 4351/4757/2511 4825/4759/2513 4549/4778/2520
f 4901/4779/2521 4329/4780/2522 4900/4781/2523
f 4553/4748/2509 4829/4736/2270 4567/4737/2270 4568/4749/2262
f 4361/4782/2251 4358/4767/2251 4819/4766/2251
f 4555/4783/2524 4556/4784/2525 4354/4785/2526 4424/4786/2527
f 4834/4761/2515 4833/4732/2271 4571/4735/2271 4572/4762/2515
f 4360/4787/2251 4819/4766/2251 4544/4739/2251 4362/4788/2251
f 4832/4733/2505 4831/4747/2263 4569/4750/2263 4570/4734/2505
f 4534/4716/2251 4537/4789/2251 4685/4790/2251 4686/4717/2251
f 4824/4724/2502 4350/4758/2512 4368/4725/2251
f 4554/4791/2528 4555/4783/2524 4424/4786/2527 4423/4792/2529
f 4823/4723/2251 4367/4726/2251 4365/4793/2251
f 4422/4731/2504 4830/4730/2503 4554/4791/2528 4423/4792/2529
f 4548/4774/2256 4547/4769/2516 4563/4772/2516 4564/4775/2256
f 4363/4738/2251 4362/4788/2251 4544/4739/2251
f 4360/4787/2251 4361/4782/2251 4819/4766/2251
f 4543/4744/2508 4542/4760/2514 4558/4763/2514 4559/4745/2508
f 4556/4784/2525 4557/4740/2506 4355/4742/2507 4354/4785/2526
f 4366/4729/2251 4823/4723/2251 4365/4793/2251
f 4546/4770/2252 4545/4753/2510 4561/4754/2510 4562/4771/2252
f 4336/4406/2280 4436/4671/2458 4444/4673/2460
f 4336/4406/2280 4446/4407/2281 4475/4669/2456 4435/4672/2459
f 4444/4673/2460 4437/4505/2375 4336/4406/2280
f 4437/4505/2375 4371/4413/2287 4336/4406/2280
f 4336/4406/2280 4435/4672/2459 4436/4671/2458
f 4371/4413/2287 4378/4412/2286 4337/4424/2298 4336/4406/2280
f 4573/4794/2530 4257/4639/2428 4256/4642/2431
f 4573/4794/2530 4297/4409/2283 4296/4408/2282
f 4295/4427/2301 4297/4409/2283 4573/4794/2530
f 4295/4427/2301 4573/4794/2530 4294/4661/2448
f 4294/4661/2448 4573/4794/2530 4290/4308/2250
f 4290/4308/2250 4573/4794/2530 4288/4299/2241
f 4288/4299/2241 4573/4794/2530 4283/4300/2242
f 4283/4300/2242 4573/4794/2530 4286/4680/2466
f 4573/4794/2530 4256/4642/2431 4252/4667/2454
f 4247/4643/2432 4573/4794/2530 4250/4432/2306
f 4573/4794/2530 4252/4667/2454 4249/4666/2453
f 4250/4432/2306 4573/4794/2530 4261/4429/2303
f 4573/4794/2530 4249/4666/2453 4251/4525/2395
f 4261/4429/2303 4573/4794/2530 4262/4524/2394
f 4262/4524/2394 4573/4794/2530 4251/4525/2395
f 4573/4794/2530 4296/4408/2282 4257/4639/2428
f 4850/4795/2531 4576/4796/2532 4580/4797/2533 4851/4798/2534
f 4634/4799/2535 4575/4800/2536 4579/4801/2537 4635/4802/2538
f 4575/4800/2536 4574/4803/2539 4578/4804/2540 4579/4801/2537
f 4851/4798/2534 4580/4797/2533 4584/4805/2541 4854/4806/2542
f 4635/4802/2538 4579/4801/2537 4583/4807/2543 4636/4808/2544
f 4579/4801/2537 4578/4804/2540 4582/4809/2545 4583/4807/2543
f 4854/4806/2542 4584/4805/2541 4588/4810/2546 4856/4811/2547
f 4636/4808/2544 4583/4807/2543 4587/4812/2548 4637/4813/2549
f 4583/4807/2543 4582/4809/2545 4586/4814/2550 4587/4812/2548
f 4856/4811/2547 4588/4810/2546 4592/4815/2551 4858/4816/2552
f 4637/4813/2549 4587/4812/2548 4591/4817/2553 4638/4818/2554
f 4587/4812/2548 4586/4814/2550 4590/4819/2555 4591/4817/2553
f 4858/4816/2552 4592/4815/2551 4596/4820/2556 4860/4821/2557
f 4638/4818/2554 4591/4817/2553 4595/4822/2558 4639/4823/2559
f 4591/4817/2553 4590/4819/2555 4594/4824/2560 4595/4822/2558
f 4860/4821/2557 4596/4820/2556 4600/4825/2561 4862/4826/2562
f 4639/4823/2559 4595/4822/2558 4599/4827/2563 4640/4828/2564
f 4595/4822/2558 4594/4824/2560 4598/4829/2565 4599/4827/2563
f 4862/4826/2562 4600/4825/2561 4604/4830/2566 4864/4831/2567
f 4640/4828/2564 4599/4827/2563 4603/4832/2568 4641/4833/2569
f 4599/4827/2563 4598/4829/2565 4602/4834/2570 4603/4832/2568
f 4864/4831/2567 4604/4830/2566 4608/4835/2571 4866/4836/2572
f 4641/4833/2569 4603/4832/2568 4607/4837/2573 4642/4838/2574
f 4603/4832/2568 4602/4834/2570 4606/4839/2575 4607/4837/2573
f 4866/4836/2572 4608/4835/2571 4612/4840/2576 4868/4841/2577
f 4642/4838/2574 4607/4837/2573 4611/4842/2578 4643/4843/2579
f 4607/4837/2573 4606/4839/2575 4610/4844/2580 4611/4842/2578
f 4868/4841/2577 4612/4840/2576 4616/4845/2581 4870/4846/2582
f 4643/4843/2579 4611/4842/2578 4615/4847/2583 4644/4848/2584
f 4611/4842/2578 4610/4844/2580 4614/4849/2585 4615/4847/2583
f 4870/4846/2582 4616/4845/2581 4620/4850/2586 4621/4851/2587
f 4644/4848/2584 4615/4847/2583 4619/4852/2588 4645/4853/2589
f 4615/4847/2583 4614/4849/2585 4618/4854/2590 4619/4852/2588
f 4709/4324/2254 4767/4323/2254 4877/4855/2591 4898/4856/2592
f 4709/4324/2254 4898/4856/2592 4329/4780/2522
f 4551/4350/2259 4550/4363/2265 4909/4365/2267
f 4748/4395/2271 4316/4394/2271 4895/4857/2593 4875/4858/2594
f 4826/4773/2517 4565/4776/2518 4910/4859/2595
f 4910/4859/2595 4893/4705/2491 4826/4773/2517
f 4625/4860/2596 4624/4861/2597 4628/4862/2598 4879/4863/2599
f 4646/4864/2600 4623/4865/2601 4627/4866/2602 4647/4867/2603
f 4623/4865/2601 4622/4868/2604 4626/4869/2605 4627/4866/2602
f 4879/4863/2599 4628/4862/2598 4632/4870/2606 4882/4871/2607
f 4647/4867/2603 4627/4866/2602 4631/4872/2608 4648/4873/2609
f 4627/4866/2602 4626/4869/2605 4630/4874/2610 4631/4872/2608
f 4882/4871/2607 4632/4870/2606 4576/4796/2532 4850/4795/2531
f 4648/4873/2609 4631/4872/2608 4575/4800/2536 4634/4799/2535
f 4631/4872/2608 4630/4874/2610 4574/4803/2539 4575/4800/2536
f 4605/4875/2251 4609/4876/2251 4229/4877/2251 4230/4878/2251
f 4237/4879/2251 4577/4880/2251 4581/4881/2251 4236/4882/2251
f 4231/4883/2251 4232/4884/2251 4597/4885/2251 4601/4886/2251
f 4229/4877/2251 4609/4876/2251 4613/4887/2251 4228/4888/2251
f 4617/4389/2251 4227/4388/2251 4228/4888/2251 4613/4887/2251
f 4633/4889/2251 4577/4880/2251 4237/4879/2251 4238/4890/2251
f 4565/4776/2518 4890/4891/2611 4910/4859/2595
f 4593/4892/2251 4233/4893/2251 4234/4894/2251 4589/4895/2251
f 4908/4351/2260 4886/4896/2612 4566/4352/2261
f 4589/4895/2251 4234/4894/2251 4235/4897/2251 4585/4898/2251
f 4633/4889/2251 4238/4890/2251 4239/4371/2251 4629/4370/2251
f 4585/4898/2251 4235/4897/2251 4236/4882/2251 4581/4881/2251
f 4826/4773/2517 4893/4705/2491 4550/4363/2265
f 4601/4886/2251 4605/4875/2251 4230/4878/2251 4231/4883/2251
f 4593/4892/2251 4597/4885/2251 4232/4884/2251 4233/4893/2251
f 4632/4870/2606 4648/4873/2609 4634/4799/2535 4576/4796/2532
f 4628/4862/2598 4647/4867/2603 4648/4873/2609 4632/4870/2606
f 4624/4861/2597 4646/4864/2600 4647/4867/2603 4628/4862/2598
f 4842/4396/2258 4887/4899/2258 4884/4900/2258 4873/4397/2258
f 4880/4359/2258 4888/4901/2258 4891/4902/2258 4843/4360/2258
f 4616/4845/2581 4644/4848/2584 4645/4853/2589 4620/4850/2586
f 4612/4840/2576 4643/4843/2579 4644/4848/2584 4616/4845/2581
f 4608/4835/2571 4642/4838/2574 4643/4843/2579 4612/4840/2576
f 4604/4830/2566 4641/4833/2569 4642/4838/2574 4608/4835/2571
f 4600/4825/2561 4640/4828/2564 4641/4833/2569 4604/4830/2566
f 4596/4820/2556 4639/4823/2559 4640/4828/2564 4600/4825/2561
f 4592/4815/2551 4638/4818/2554 4639/4823/2559 4596/4820/2556
f 4588/4810/2546 4637/4813/2549 4638/4818/2554 4592/4815/2551
f 4584/4805/2541 4636/4808/2544 4637/4813/2549 4588/4810/2546
f 4580/4797/2533 4635/4802/2538 4636/4808/2544 4584/4805/2541
f 4576/4796/2532 4634/4799/2535 4635/4802/2538 4580/4797/2533
f 4872/4390/2251 4896/4903/2251 4876/4391/2251
f 4878/4373/2251 4874/4372/2251 4917/4904/2251
f 4894/4905/2613 4895/4857/2593 4315/4906/2614
f 4900/4781/2523 4329/4780/2522 4899/4907/2615
f 4902/4908/2616 4315/4906/2614 4716/4909/2617
f 4315/4906/2614 4895/4857/2593 4316/4394/2271
f 4716/4909/2617 4315/4906/2614 4314/4910/2618 4715/4911/2618
f 4315/4906/2614 4902/4908/2616 4894/4905/2613
f 4899/4907/2615 4329/4780/2522 4898/4856/2592
f 4329/4780/2522 4901/4779/2521 4715/4912/2618 4314/4913/2618
f 4620/4850/2586 4903/4914/2619 4897/4915/2620 4621/4851/2587
f 4645/4853/2589 4904/4916/2621 4903/4914/2619 4620/4850/2586
f 4619/4852/2588 4905/4917/2622 4904/4916/2621 4645/4853/2589
f 4618/4854/2590 4906/4918/2623 4905/4917/2622 4619/4852/2588
f 4906/4918/2623 4618/4854/2590 4907/4919/2624
f 4618/4854/2590 4885/4920/2625 4907/4919/2624
f 4889/4921/2626 4622/4868/2604 4911/4922/2627
f 4911/4922/2627 4622/4868/2604 4912/4923/2628
f 4623/4865/2601 4913/4924/2629 4912/4923/2628 4622/4868/2604
f 4646/4864/2600 4914/4925/2630 4913/4924/2629 4623/4865/2601
f 4624/4861/2597 4915/4926/2631 4914/4925/2630 4646/4864/2600
f 4625/4860/2596 4916/4927/2632 4915/4926/2631 4624/4861/2597
f 4654/4928/2251 4653/4929/2633 4669/4930/2634 4670/4931/2251
f 4655/4932/2635 4654/4933/2251 4670/4934/2251 4671/4935/2636
f 4653/4929/2633 4652/4936/2637 4668/4937/2638 4669/4930/2634
f 4656/4938/2639 4655/4932/2635 4671/4935/2636 4672/4939/2640
f 4658/4940/2641 4657/4941/2642 4675/4942/2643 4676/4943/2644
f 4651/4944/2645 4650/4945/2646 4664/4946/2647 4665/4947/2648
f 4666/4948/2649 4667/4949/2650 4665/4947/2648
f 4665/4947/2648 4667/4949/2650 4651/4944/2645
f 4652/4936/2637 4651/4944/2645 4667/4949/2650 4668/4937/2638
f 4657/4941/2642 4656/4938/2639 4672/4939/2640 4673/4950/2651
f 4674/4951/2652 4675/4942/2643 4673/4950/2651
f 4675/4942/2643 4657/4941/2642 4673/4950/2651
f 4658/4940/2641 4676/4943/2644 4677/4952/2263
f 4658/4940/2641 4678/4953/2263 4679/4954/2263 4659/4955/2263
f 4660/4956/2252 4661/4957/2252 4650/4945/2646 4649/4958/2252
f 4678/4953/2263 4658/4940/2641 4677/4952/2263
f 4679/4954/2263 4680/4959/2263 4659/4955/2263
f 4650/4945/2646 4661/4957/2252 4662/4960/2252
f 4664/4946/2647 4650/4945/2646 4663/4961/2252
f 4650/4945/2646 4662/4960/2252 4663/4961/2252
f 4352/4584/2411 4702/4692/2478 4240/4283/2225 4740/4282/2224
f 4700/4694/2480 4369/4486/2356 4770/4294/2236 4302/4293/2235
f 4685/4790/2251 4537/4789/2251 4919/4470/2251 4453/4469/2251
f 4800/4962/2251 4918/4963/2251 4453/4469/2251 4803/4468/2251
f 4802/4964/2498 4684/4712/2498 4531/4613/2413 4805/4612/2413
f 4454/4965/2251 4685/4790/2251 4453/4469/2251 4918/4963/2251
f 4686/4717/2251 4685/4790/2251 4454/4965/2251 4400/4718/2251
f 4816/4695/2481 4415/4498/2368 4460/4703/2489 4462/4710/2496
f 4688/4691/2477 4689/4583/2410 4704/4966/2653 4702/4692/2478
f 4689/4583/2410 4687/4582/2409 4701/4967/2654 4704/4966/2653
f 4693/4968/2655 4692/4441/2315 4331/4440/2314 4332/4521/2391
f 4691/4442/2316 4690/4650/2439 4248/4426/2300 4330/4425/2299
f 4690/4650/2439 4695/4969/2656 4697/4970/2657
f 4701/4967/2654 4687/4582/2409 4690/4650/2439
f 4697/4970/2657 4703/4971/2658 4701/4967/2654
f 4690/4650/2439 4697/4970/2657 4701/4967/2654
f 4694/4516/2386 4693/4968/2655 4332/4521/2391 4333/4517/2387
f 4691/4442/2316 4692/4441/2315 4698/4681/2467 4699/4972/2659
f 4691/4442/2316 4699/4972/2659 4695/4969/2656
f 4696/4682/2468 4698/4681/2467 4692/4441/2315 4693/4968/2655
f 4695/4969/2656 4690/4650/2439 4691/4442/2316
f 4700/4694/2480 4696/4682/2468 4693/4968/2655 4694/4516/2386
f 4694/4516/2386 4370/4487/2357 4369/4486/2356 4700/4694/2480
f 4699/4972/2659 4698/4681/2467 4285/4679/2465 4286/4680/2466
f 4703/4971/2658 4697/4970/2657 4695/4969/2656
f 4695/4969/2656 4573/4794/2530 4247/4643/2432
f 4695/4969/2656 4247/4643/2432 4703/4971/2658
f 4695/4969/2656 4699/4972/2659 4286/4680/2466 4573/4794/2530
f 4702/4692/2478 4704/4966/2653 4243/4690/2476 4240/4283/2225
f 4701/4967/2654 4703/4971/2658 4247/4643/2432 4246/4644/2433
f 4704/4966/2653 4701/4967/2654 4246/4644/2433 4243/4690/2476
f 4683/4608/2268 4520/4623/2268 4504/4622/2268 4503/4606/2268
f 4503/4606/2268 4799/4611/2268 4519/4607/2268
o part.007_3820v2.001
v 10.559948 19.172142 1.830599
v 10.540306 19.117037 1.880635
v 10.522639 19.216225 1.781063
v 10.413670 19.474533 2.155588
v 10.397176 19.413158 2.197957
v 10.379598 19.511856 2.097518
v 10.109455 19.699869 2.431006
v 10.099959 19.633417 2.466575
v 10.082533 19.731260 2.366635
v 9.693116 19.813328 2.615446
v 9.694534 19.742630 2.646445
v 9.676955 19.841328 2.546006
v 9.967735 18.271118 1.045780
v 9.962476 18.237917 1.114853
v 9.944810 18.337105 1.015281
v 10.319553 18.519989 1.229837
v 10.305039 18.481724 1.295076
v 10.287460 18.580421 1.194637
v 10.527284 18.836496 1.505245
v 10.508193 18.789707 1.563316
v 10.490527 18.888895 1.463744
v 10.146420 17.051188 2.406439
v 10.468259 17.280180 2.575661
v 10.658409 17.569920 2.828699
v 10.689026 17.877132 3.126114
v 10.554156 18.155384 3.424399
v 10.275768 18.361176 3.676580
v 9.894667 18.464983 3.845816
v 9.221966 21.232237 -1.261374
v 9.408654 21.364594 -1.164094
v 9.518965 21.532280 -1.017239
v 9.535850 21.711260 -0.844676
v 9.458461 21.872063 -0.672480
v 9.297048 21.991358 -0.525620
v 9.076148 22.051128 -0.428332
v 9.806980 20.992971 -1.191267
v 9.485053 20.764469 -1.359622
v 9.233389 22.177773 0.078888
v 9.614402 22.074457 -0.089481
v 9.892879 21.868176 -0.342528
v 10.027747 21.589924 -0.640813
v 9.997131 21.282711 -0.938229
v 10.228441 18.626650 1.207471
v 9.654697 19.812305 2.477127
v 10.314187 19.502708 2.055711
v 10.418440 18.917242 1.460010
v 9.906450 18.398510 1.037750
v 10.035799 19.708498 2.307891
v 10.449057 19.224457 1.757426
v 10.253368 18.486696 1.349357
v 9.679777 19.671497 2.619512
v 10.339266 19.361900 2.198096
v 10.443519 18.776434 1.602395
v 9.931441 18.258194 1.181002
v 10.060790 19.568182 2.451143
v 10.474135 19.083649 1.899810
v 10.439299 15.366776 3.216889
v 10.843630 15.297954 3.296737
v 11.208096 15.139296 3.423502
v 11.509439 14.901621 3.588698
v 11.724625 14.600194 3.781347
v 11.841676 14.256645 3.987973
v 11.844394 13.927714 4.254392
v 11.889832 13.672606 4.577893
v 10.536501 16.149843 2.782669
v 11.168146 16.042286 2.907432
v 11.738442 15.794418 3.105564
v 12.207998 15.422108 3.364089
v 12.545746 14.951508 3.665040
v 12.727735 14.414441 3.987955
v 12.729846 13.917835 4.434790
v 11.919607 13.505610 6.373146
v 12.287059 15.691656 8.296879
v 12.357399 16.009605 8.123689
v 12.342776 16.576477 7.800771
v 12.160788 17.113544 7.477856
v 11.823040 17.584143 7.176905
v 11.353484 17.956453 6.918379
v 10.783188 18.204323 6.720247
v 10.151543 18.311878 6.595485
v 11.524122 15.726541 8.200068
v 11.465473 16.055845 8.007416
v 11.456717 16.418680 7.800788
v 11.339666 16.762230 7.594162
v 11.124480 17.063658 7.401514
v 10.823137 17.301331 7.236317
v 10.458672 17.459990 7.109553
v 10.054340 17.528812 7.029705
v 12.132433 15.350775 8.474562
v 11.937353 13.405835 5.209415
v 11.607689 15.257324 8.474571
v 12.093973 13.416234 6.087148
v 11.940390 13.388883 6.087152
v 10.283727 16.890436 2.224106
v 10.687651 17.177534 2.435600
v 10.926750 17.540339 2.752547
v 10.964688 17.926226 3.126109
v 10.795878 18.275293 3.499674
v 10.446002 18.534595 3.817000
v 10.976629 17.117899 4.804308
v 10.507126 18.231331 4.125540
v 10.248135 18.584808 3.898953
v 10.344984 17.225456 4.679545
v 10.414967 16.204905 2.885736
v 10.860131 16.323189 3.270975
v 11.144333 16.501202 3.787275
v 11.217707 16.733753 4.336759
v 11.053557 17.050957 4.764638
v 12.642094 13.703379 4.792187
v 12.463081 13.499461 5.209405
v 11.989508 13.518058 6.373144
v 11.721354 14.619058 8.336746
v 11.643939 15.053784 8.554411
v 11.701403 14.731106 8.466223
v 11.674217 14.883762 8.543093
v 11.792239 14.631681 8.336744
v 11.865212 14.917777 8.543089
v 11.803792 14.749340 8.466221
v 11.948281 13.344519 5.604185
v 12.287937 13.405007 5.604178
v 11.947353 13.349749 5.815772
v 12.194466 13.393756 5.815767
v 11.967843 15.111467 8.554405
v 9.349064 21.083195 -1.430604
v 9.461512 20.862427 -1.439472
v 9.420584 20.966766 -1.475072
v 9.611359 21.270102 -1.293152
v 9.777946 21.087551 -1.273217
v 9.720802 21.180277 -1.317719
v 9.766460 21.505684 -1.087955
v 9.965733 21.373453 -1.024013
v 9.899110 21.450966 -1.081616
v 9.790838 21.756670 -0.844682
v 9.996193 21.675838 -0.730798
v 9.927156 21.738380 -0.803237
v 9.681561 21.982466 -0.601773
v 9.863138 21.949610 -0.436714
v 9.801708 21.997953 -0.525722
v 9.454433 22.151365 -0.396200
v 9.588204 22.153107 -0.187500
v 9.540924 22.190445 -0.289611
v 9.143984 22.234886 -0.259105
v 9.213512 22.255148 -0.021232
v 9.185459 22.287186 -0.132245
v 8.197124 18.751350 1.830645
v 8.234583 18.706415 1.880681
v 8.216917 18.805603 1.781108
v 8.230026 19.085651 2.155631
v 8.266696 19.033745 2.197999
v 8.249117 19.132442 2.097560
v 8.437757 19.402159 2.431039
v 8.469610 19.343071 2.466607
v 8.452184 19.440914 2.366667
v 8.789336 19.652374 2.615464
v 8.812413 19.585537 2.646462
v 8.794834 19.684233 2.546024
v 9.063954 18.110165 1.045798
v 9.080355 18.080822 1.114870
v 9.062689 18.180008 1.015298
v 8.647856 18.222281 1.229870
v 8.674690 18.191380 1.295108
v 8.657112 18.290075 1.194669
v 8.343640 18.447617 1.505288
v 8.377713 18.410294 1.563358
v 8.360047 18.509481 1.463786
v 9.317462 16.903559 2.406455
v 8.936361 17.007366 2.575691
v 8.657885 17.213650 2.828738
v 8.523104 17.491407 3.126157
v 8.553632 17.799114 3.424439
v 8.743870 18.088362 3.676610
v 9.065710 18.317356 3.845832
v 8.741526 21.146677 -1.261364
v 8.520626 21.206448 -1.164076
v 8.359213 21.325743 -1.017216
v 8.281584 21.487890 -0.844652
v 8.298708 21.665524 -0.672457
v 8.409019 21.833210 -0.525602
v 8.595707 21.965569 -0.428322
v 8.275083 20.720158 -1.191236
v 8.656096 20.616842 -1.359606
v 8.404431 22.030148 0.078904
v 8.082504 21.801643 -0.089451
v 7.892354 21.511906 -0.342489
v 7.861825 21.204199 -0.640770
v 7.996606 20.926441 -0.938190
v 8.696544 18.353836 1.207501
v 8.825741 19.664679 2.477143
v 8.313663 19.146439 2.055750
v 8.417915 18.560972 1.460049
v 9.077493 18.250883 1.037767
v 8.503901 19.435684 2.307922
v 8.283134 18.838732 1.757469
v 8.721471 18.213882 1.349387
v 8.850820 19.523870 2.619528
v 8.338741 19.005630 2.198135
v 8.442994 18.420164 1.602434
v 9.102484 18.110565 1.181018
v 8.528893 19.295368 2.451173
v 8.308212 18.697924 1.899853
v 9.624125 15.221603 3.216905
v 9.268414 15.017426 3.296768
v 8.981133 14.742700 3.423546
v 8.780376 14.415607 3.588752
v 8.682488 14.058425 3.781407
v 8.691243 13.695590 3.988035
v 8.802258 13.385946 4.254452
v 8.847696 13.130838 4.577953
v 9.262545 15.922967 2.782694
v 8.706871 15.603963 2.907481
v 8.257215 15.174453 3.105633
v 7.945069 14.662930 3.364173
v 7.790562 14.104666 3.665134
v 7.805184 13.537793 3.988052
v 7.974662 13.070993 4.434884
v 8.877472 12.963840 6.373206
v 7.778003 14.888646 8.296967
v 7.602215 15.162763 8.123782
v 7.420226 15.699829 7.800868
v 7.405604 16.266701 7.477949
v 7.560112 16.824966 7.176989
v 7.872257 17.336489 6.918448
v 8.321913 17.765999 6.720296
v 8.877587 18.085003 6.595510
v 8.481986 15.184772 8.200128
v 8.423337 15.514077 8.007476
v 8.306286 15.857626 7.800850
v 8.297530 16.220461 7.594223
v 8.395418 16.577642 7.401567
v 8.596176 16.904736 7.236361
v 8.883455 17.179462 7.109584
v 9.239166 17.383638 7.029721
v 8.040810 14.622105 8.474642
v 8.895218 12.864067 5.209475
v 8.565554 14.715555 8.474631
v 8.744670 12.819763 6.087214
v 8.898253 12.847115 6.087211
v 9.244084 16.705288 2.224126
v 8.765887 16.835291 2.435638
v 8.416250 17.093248 2.752597
v 8.247440 17.442316 3.126162
v 8.285378 17.828203 3.499724
v 8.524239 18.192352 3.817038
v 8.515354 16.679575 4.804356
v 8.571579 17.886633 4.125578
v 8.692608 18.307789 3.898983
v 9.071029 16.998579 4.679570
v 9.357603 16.016602 2.885756
v 8.898987 15.973932 3.271014
v 8.570824 16.042889 3.787325
v 8.421698 16.235817 4.336814
v 8.466265 16.590189 4.764688
v 8.131069 12.900019 4.792275
v 8.369489 12.770441 5.209485
v 8.807571 12.951392 6.373207
v 8.679218 14.077290 8.336805
v 8.601803 14.512015 8.554472
v 8.659266 14.189337 8.466284
v 8.632082 14.341994 8.543153
v 8.608334 14.064666 8.336807
v 8.441087 14.307981 8.543157
v 8.556877 14.171103 8.466286
v 8.906145 12.802750 5.604245
v 8.566489 12.742261 5.604252
v 8.905218 12.807980 5.815832
v 8.658106 12.763972 5.815837
v 8.277899 14.454332 8.554478
v 9.230032 19.795715 2.680232
v 9.242455 19.725964 2.709498
v 9.224876 19.824659 2.609059
v 9.527190 18.126926 0.981511
v 9.532434 18.097488 1.051818
v 9.514768 18.196678 0.952245
v 9.742282 16.919294 2.348104
v 8.829992 22.041679 -0.393589
v 8.987681 21.156124 -1.296107
v 9.081004 20.632086 -1.418824
v 8.808480 22.162529 0.138106
v 8.908717 21.599575 -0.844664
v 9.502313 18.266617 0.979415
v 9.229941 19.796209 2.536845
v 9.527391 18.125811 1.121799
v 9.254869 19.656254 2.678730
v 10.023355 15.341111 3.189447
v 9.501650 18.270956 6.553074
v 9.638396 17.503147 7.002262
v 9.776932 16.724709 2.149204
v 9.470371 18.446299 3.898968
v 9.695091 17.184532 4.637134
v 9.886608 16.108921 2.740258
v 8.673690 20.962917 -1.430591
v 8.644369 20.716904 -1.439456
v 8.646759 20.828957 -1.475057
v 8.363000 21.047785 -1.293128
v 8.269677 20.818945 -1.273187
v 8.291294 20.925699 -1.317690
v 8.136112 21.215338 -1.087923
v 7.994743 21.022444 -1.023974
v 8.030510 21.118189 -1.081579
v 8.026596 21.442480 -0.844647
v 7.861775 21.295723 -0.730756
v 7.904973 21.378254 -0.803197
v 8.051212 21.692120 -0.601741
v 7.892148 21.598600 -0.436675
v 7.933108 21.665178 -0.525685
v 8.206076 21.929047 -0.396176
v 8.079935 21.884502 -0.187471
v 8.111416 21.935865 -0.289583
v 8.468610 22.114611 -0.259092
v 8.396370 22.109625 -0.021216
v 8.411634 22.149378 -0.132229
v 8.797939 22.221684 -0.210391
v 8.794687 22.239975 0.036253
v 8.788858 22.272688 -0.076361
v 9.063130 20.732441 -1.498306
v 9.019733 20.976122 -1.479305
v 9.043272 20.843946 -1.530074
v 10.146420 17.051188 2.406439
v 9.742282 16.919294 2.348104
v 10.468259 17.280180 2.575661
v 10.658409 17.569920 2.828699
v 10.689026 17.877132 3.126114
v 10.554156 18.155384 3.424399
v 10.275768 18.361176 3.676580
v 9.894667 18.464983 3.845816
v 9.906450 18.398510 1.037750
v 10.228441 18.626650 1.207471
v 10.035799 19.708498 2.307891
v 9.654697 19.812305 2.477127
v 10.449057 19.224457 1.757426
v 10.314187 19.502708 2.055711
v 10.418440 18.917242 1.460010
v 9.502313 18.266617 0.979415
v 9.229941 19.796209 2.536845
v 10.443519 18.776434 1.602395
v 10.474135 19.083649 1.899810
v 10.339266 19.361900 2.198096
v 10.060790 19.568182 2.451143
v 9.679777 19.671497 2.619512
v 9.254869 19.656254 2.678730
v 9.527391 18.125811 1.121799
v 9.931441 18.258194 1.181002
v 10.253368 18.486696 1.349357
v 10.023355 15.341111 3.189447
v 10.439299 15.366776 3.216889
v 10.843630 15.297954 3.296737
v 11.208096 15.139296 3.423502
v 11.509439 14.901621 3.588698
v 11.724625 14.600194 3.781347
v 11.841676 14.256645 3.987973
v 11.844394 13.927714 4.254392
v 11.844394 13.927714 4.254392
v 11.889832 13.672606 4.577893
v 10.536501 16.149843 2.782669
v 11.168146 16.042286 2.907432
v 11.738442 15.794418 3.105564
v 12.207998 15.422108 3.364089
v 12.545746 14.951508 3.665040
v 12.727735 14.414441 3.987955
v 12.729846 13.917835 4.434790
v 12.287059 15.691656 8.296879
v 12.357399 16.009605 8.123689
v 12.342776 16.576477 7.800771
v 12.160788 17.113544 7.477856
v 11.823040 17.584143 7.176905
v 11.353484 17.956453 6.918379
v 10.783188 18.204323 6.720247
v 10.151543 18.311878 6.595485
v 10.860131 16.323189 3.270975
v 10.414967 16.204905 2.885736
v 9.501650 18.270956 6.553074
v 11.524122 15.726541 8.200068
v 11.465473 16.055845 8.007416
v 11.465473 16.055845 8.007416
v 11.456717 16.418680 7.800788
v 11.339666 16.762230 7.594162
v 11.124480 17.063658 7.401514
v 10.823137 17.301331 7.236317
v 10.458672 17.459990 7.109553
v 10.054340 17.528812 7.029705
v 9.638396 17.503147 7.002262
v 12.132433 15.350775 8.474562
v 11.937353 13.405835 5.209415
v 11.607689 15.257324 8.474571
v 11.989508 13.518058 6.373144
v 12.093973 13.416234 6.087148
v 12.642094 13.703379 4.792187
v 11.919607 13.505610 6.373146
v 11.940390 13.388883 6.087152
v 11.947353 13.349749 5.815772
v 10.283727 16.890436 2.224106
v 9.776932 16.724709 2.149204
v 10.687651 17.177534 2.435600
v 10.926750 17.540339 2.752547
v 10.964688 17.926226 3.126109
v 10.795878 18.275293 3.499674
v 10.446002 18.534595 3.817000
v 9.470371 18.446299 3.898968
v 9.470371 18.446299 3.898968
v 9.470371 18.446299 3.898968
v 10.248135 18.584808 3.898953
v 10.248135 18.584808 3.898953
v 10.507126 18.231331 4.125540
v 9.695091 17.184532 4.637134
v 10.344984 17.225456 4.679545
v 9.886608 16.108921 2.740258
v 9.886608 16.108921 2.740258
v 9.886608 16.108921 2.740258
v 11.144333 16.501202 3.787275
v 11.217707 16.733753 4.336759
v 11.053557 17.050957 4.764638
v 10.976629 17.117899 4.804308
v 10.976629 17.117899 4.804308
v 12.463081 13.499461 5.209405
v 12.194466 13.393756 5.815767
v 11.701403 14.731106 8.466223
v 11.721354 14.619058 8.336746
v 11.792239 14.631681 8.336744
v 11.803792 14.749340 8.466221
v 11.674217 14.883762 8.543093
v 11.865212 14.917777 8.543089
v 11.948281 13.344519 5.604185
v 12.287937 13.405007 5.604178
v 11.643939 15.053784 8.554411
v 11.967843 15.111467 8.554405
v 9.317462 16.903559 2.406455
v 8.936361 17.007366 2.575691
v 8.657885 17.213650 2.828738
v 8.523104 17.491407 3.126157
v 8.553632 17.799114 3.424439
v 8.743870 18.088362 3.676610
v 9.065710 18.317356 3.845832
v 9.077493 18.250883 1.037767
v 8.696544 18.353836 1.207501
v 8.503901 19.435684 2.307922
v 8.825741 19.664679 2.477143
v 8.283134 18.838732 1.757469
v 8.313663 19.146439 2.055750
v 8.417915 18.560972 1.460049
v 8.442994 18.420164 1.602434
v 8.308212 18.697924 1.899853
v 8.338741 19.005630 2.198135
v 8.528893 19.295368 2.451173
v 8.850820 19.523870 2.619528
v 9.102484 18.110565 1.181018
v 8.721471 18.213882 1.349387
v 9.624125 15.221603 3.216905
v 9.268414 15.017426 3.296768
v 8.981133 14.742700 3.423546
v 8.780376 14.415607 3.588752
v 8.682488 14.058425 3.781407
v 8.691243 13.695590 3.988035
v 8.802258 13.385946 4.254452
v 8.802258 13.385946 4.254452
v 8.847696 13.130838 4.577953
v 9.262545 15.922967 2.782694
v 8.706871 15.603963 2.907481
v 8.257215 15.174453 3.105633
v 7.945069 14.662930 3.364173
v 7.790562 14.104666 3.665134
v 7.805184 13.537793 3.988052
v 7.974662 13.070993 4.434884
v 7.778003 14.888646 8.296967
v 7.602215 15.162763 8.123782
v 7.420226 15.699829 7.800868
v 7.405604 16.266701 7.477949
v 7.560112 16.824966 7.176989
v 7.872257 17.336489 6.918448
v 8.321913 17.765999 6.720296
v 8.877587 18.085003 6.595510
v 8.898987 15.973932 3.271014
v 9.357603 16.016602 2.885756
v 8.481986 15.184772 8.200128
v 8.423337 15.514077 8.007476
v 8.423337 15.514077 8.007476
v 8.306286 15.857626 7.800850
v 8.297530 16.220461 7.594223
v 8.395418 16.577642 7.401567
v 8.596176 16.904736 7.236361
v 8.883455 17.179462 7.109584
v 9.239166 17.383638 7.029721
v 8.040810 14.622105 8.474642
v 8.895218 12.864067 5.209475
v 8.565554 14.715555 8.474631
v 8.807571 12.951392 6.373207
v 8.744670 12.819763 6.087214
v 8.131069 12.900019 4.792275
v 8.877472 12.963840 6.373206
v 8.898253 12.847115 6.087211
v 8.905218 12.807980 5.815832
v 9.244084 16.705288 2.224126
v 8.765887 16.835291 2.435638
v 8.416250 17.093248 2.752597
v 8.247440 17.442316 3.126162
v 8.285378 17.828203 3.499724
v 8.524239 18.192352 3.817038
v 8.692608 18.307789 3.898983
v 8.692608 18.307789 3.898983
v 8.571579 17.886633 4.125578
v 9.071029 16.998579 4.679570
v 8.570824 16.042889 3.787325
v 8.421698 16.235817 4.336814
v 8.466265 16.590189 4.764688
v 8.515354 16.679575 4.804356
v 8.515354 16.679575 4.804356
v 8.369489 12.770441 5.209485
v 8.658106 12.763972 5.815837
v 8.659266 14.189337 8.466284
v 8.679218 14.077290 8.336805
v 8.608334 14.064666 8.336807
v 8.556877 14.171103 8.466286
v 8.632082 14.341994 8.543153
v 8.441087 14.307981 8.543157
v 8.906145 12.802750 5.604245
v 8.566489 12.742261 5.604252
v 8.601803 14.512015 8.554472
v 8.277899 14.454332 8.554478
vt 0.585000 0.961000
vt 0.585000 0.968000
vt 0.545000 0.967000
vt 0.545000 0.960000
vt 0.585000 0.975000
vt 0.545000 0.974000
vt 0.755000 0.970000
vt 0.710000 0.969000
vt 0.710000 0.961000
vt 0.755000 0.962000
vt 0.585000 0.947000
vt 0.585000 0.954000
vt 0.545000 0.954000
vt 0.545000 0.947000
vt 0.505000 0.967000
vt 0.505000 0.974000
vt 0.668000 0.954000
vt 0.667000 0.961000
vt 0.626000 0.961000
vt 0.626000 0.954000
vt 0.710000 0.954000
vt 0.667000 0.968000
vt 0.466000 0.947000
vt 0.505000 0.947000
vt 0.506000 0.953000
vt 0.466000 0.953000
vt 0.626000 0.946000
vt 0.505000 0.960000
vt 0.466000 0.960000
vt 0.626000 0.968000
vt 0.427000 0.974000
vt 0.426000 0.967000
vt 0.466000 0.967000
vt 0.466000 0.973000
vt 0.667000 0.976000
vt 0.709000 0.976000
vt 0.426000 0.953000
vt 0.427000 0.946000
vt 0.710000 0.947000
vt 0.753000 0.946000
vt 0.755000 0.954000
vt 0.753000 0.978000
vt 0.667000 0.947000
vt 0.626000 0.975000
vt 0.425000 0.960000
vt 0.177000 0.908000
vt 0.157000 0.870000
vt 0.168000 0.865000
vt 0.187000 0.901000
vt 0.374000 0.859000
vt 0.360000 0.889000
vt 0.340000 0.876000
vt 0.348000 0.854000
vt 0.339000 0.912000
vt 0.313000 0.926000
vt 0.306000 0.905000
vt 0.325000 0.894000
vt 0.284000 0.931000
vt 0.254000 0.926000
vt 0.262000 0.905000
vt 0.284000 0.909000
vt 0.228000 0.911000
vt 0.207000 0.888000
vt 0.228000 0.875000
vt 0.243000 0.893000
vt 0.361000 0.939000
vt 0.325000 0.959000
vt 0.321000 0.948000
vt 0.353000 0.930000
vt 0.283000 0.966000
vt 0.243000 0.959000
vt 0.247000 0.948000
vt 0.283000 0.954000
vt 0.389000 0.909000
vt 0.379000 0.902000
vt 0.206000 0.939000
vt 0.214000 0.929000
vt 0.409000 0.873000
vt 0.398000 0.868000
vt 0.422000 0.584000
vt 0.422000 0.545000
vt 0.734000 0.545000
vt 0.734000 0.584000
vt 0.422000 0.663000
vt 0.422000 0.624000
vt 0.734000 0.624000
vt 0.734000 0.663000
vt 0.422000 0.742000
vt 0.422000 0.703000
vt 0.734000 0.703000
vt 0.734000 0.742000
vt 0.422000 0.466000
vt 0.422000 0.426000
vt 0.734000 0.426000
vt 0.734000 0.466000
vt 0.422000 0.505000
vt 0.734000 0.505000
vt 0.284000 0.848000
vt 0.220000 0.852000
vt 0.581000 0.913000
vt 0.541000 0.913000
vt 0.541000 0.754000
vt 0.580000 0.754000
vt 0.659000 0.913000
vt 0.620000 0.913000
vt 0.620000 0.754000
vt 0.659000 0.754000
vt 0.462000 0.913000
vt 0.423000 0.913000
vt 0.423000 0.754000
vt 0.462000 0.754000
vt 0.502000 0.913000
vt 0.501000 0.754000
vt 0.699000 0.913000
vt 0.699000 0.754000
vt 0.712000 0.364000
vt 0.624000 0.362000
vt 0.624000 0.312000
vt 0.735000 0.313000
vt 0.718000 0.096000
vt 0.738000 0.016000
vt 0.794000 0.039000
vt 0.753000 0.111000
vt 0.842000 0.075000
vt 0.784000 0.134000
vt 0.879000 0.122000
vt 0.807000 0.164000
vt 0.902000 0.177000
vt 0.822000 0.199000
vt 0.911000 0.237000
vt 0.828000 0.238000
vt 0.903000 0.298000
vt 0.823000 0.276000
vt 0.145000 0.025000
vt 0.205000 0.012000
vt 0.204000 0.417000
vt 0.144000 0.416000
vt 0.265000 0.012000
vt 0.264000 0.417000
vt 0.325000 0.012000
vt 0.324000 0.417000
vt 0.385000 0.012000
vt 0.384000 0.417000
vt 0.445000 0.012000
vt 0.438000 0.103000
vt 0.425000 0.157000
vt 0.505000 0.012000
vt 0.515000 0.024000
vt 0.470000 0.056000
vt 0.702000 0.414000
vt 0.623000 0.411000
vt 0.552000 0.176000
vt 0.497000 0.199000
vt 0.521000 0.074000
vt 0.281000 0.433000
vt 0.316000 0.447000
vt 0.315000 0.831000
vt 0.280000 0.831000
vt 0.242000 0.427000
vt 0.281000 0.433000
vt 0.280000 0.831000
vt 0.241000 0.831000
vt 0.204000 0.427000
vt 0.203000 0.831000
vt 0.166000 0.426000
vt 0.165000 0.831000
vt 0.127000 0.426000
vt 0.126000 0.831000
vt 0.089000 0.426000
vt 0.088000 0.831000
vt 0.050000 0.426000
vt 0.049000 0.831000
vt 0.012000 0.426000
vt 0.011000 0.831000
vt 0.504000 0.417000
vt 0.505000 0.214000
vt 0.565000 0.214000
vt 0.564000 0.417000
vt 0.444000 0.417000
vt 0.445000 0.213000
vt 0.437000 0.207000
vt 0.821000 0.859000
vt 0.761000 0.867000
vt 0.762000 0.784000
vt 0.800000 0.779000
vt 0.877000 0.837000
vt 0.836000 0.765000
vt 0.924000 0.800000
vt 0.866000 0.742000
vt 0.961000 0.753000
vt 0.890000 0.711000
vt 0.985000 0.698000
vt 0.905000 0.676000
vt 0.993000 0.638000
vt 0.910000 0.638000
vt 0.985000 0.579000
vt 0.905000 0.600000
vt 0.974000 0.547000
vt 0.906000 0.564000
vt 0.367000 0.485000
vt 0.366000 0.831000
vt 0.906000 0.514000
vt 0.955000 0.514000
vt 0.018000 0.139000
vt 0.014000 0.391000
vt 0.010000 0.376000
vt 0.010000 0.167000
vt 0.825000 0.487000
vt 0.825000 0.459000
vt 0.839000 0.459000
vt 0.831000 0.487000
vt 0.624000 0.263000
vt 0.761000 0.263000
vt 0.823000 0.314000
vt 0.892000 0.335000
vt 0.539000 0.032000
vt 0.611000 0.032000
vt 0.611000 0.168000
vt 0.624000 0.213000
vt 0.782000 0.212000
vt 0.776000 0.577000
vt 0.752000 0.567000
vt 0.780000 0.526000
vt 0.798000 0.544000
vt 0.821000 0.499000
vt 0.831000 0.522000
vt 0.769000 0.616000
vt 0.743000 0.616000
vt 0.798000 0.687000
vt 0.780000 0.706000
vt 0.752000 0.664000
vt 0.776000 0.655000
vt 0.870000 0.515000
vt 0.870000 0.489000
vt 0.738000 0.913000
vt 0.738000 0.754000
vt 0.679000 0.092000
vt 0.679000 0.009000
vt 0.621000 0.094000
vt 0.662000 0.114000
vt 0.622000 0.114000
vt 0.831000 0.709000
vt 0.870000 0.717000
vt 0.797000 0.717000
vt 0.565000 0.013000
vt 0.787000 0.161000
vt 0.623000 0.164000
vt 0.784000 0.151000
vt 0.873000 0.377000
vt 0.824000 0.377000
vt 0.825000 0.434000
vt 0.848000 0.434000
vt 0.072000 0.416000
vt 0.073000 0.070000
vt 0.111000 0.044000
vt 0.110000 0.416000
vt 0.045000 0.413000
vt 0.044000 0.098000
vt 0.906000 0.446000
vt 0.913000 0.446000
vt 0.916000 0.461000
vt 0.906000 0.461000
vt 0.924000 0.477000
vt 0.906000 0.477000
vt 0.423000 0.931000
vt 0.423000 0.925000
vt 0.632000 0.924000
vt 0.632000 0.931000
vt 0.856000 0.414000
vt 0.824000 0.414000
vt 0.906000 0.493000
vt 0.936000 0.493000
vt 0.390000 0.514000
vt 0.386000 0.828000
vt 0.412000 0.583000
vt 0.412000 0.787000
vt 0.408000 0.806000
vt 0.408000 0.554000
vt 0.031000 0.115000
vt 0.027000 0.404000
vt 0.399000 0.820000
vt 0.399000 0.531000
vt 0.179000 0.860000
vt 0.194000 0.856000
vt 0.196000 0.895000
vt 0.220000 0.921000
vt 0.250000 0.938000
vt 0.284000 0.943000
vt 0.317000 0.938000
vt 0.347000 0.922000
vt 0.371000 0.896000
vt 0.388000 0.863000
vt 0.585000 0.961000
vt 0.545000 0.960000
vt 0.545000 0.967000
vt 0.585000 0.968000
vt 0.545000 0.974000
vt 0.585000 0.975000
vt 0.710000 0.961000
vt 0.710000 0.969000
vt 0.585000 0.947000
vt 0.545000 0.947000
vt 0.545000 0.954000
vt 0.585000 0.954000
vt 0.505000 0.967000
vt 0.505000 0.974000
vt 0.668000 0.954000
vt 0.626000 0.954000
vt 0.626000 0.961000
vt 0.667000 0.961000
vt 0.710000 0.954000
vt 0.667000 0.968000
vt 0.466000 0.947000
vt 0.466000 0.953000
vt 0.506000 0.953000
vt 0.505000 0.947000
vt 0.626000 0.946000
vt 0.466000 0.960000
vt 0.505000 0.960000
vt 0.626000 0.968000
vt 0.466000 0.973000
vt 0.466000 0.967000
vt 0.667000 0.976000
vt 0.709000 0.976000
vt 0.710000 0.947000
vt 0.667000 0.947000
vt 0.626000 0.975000
vt 0.177000 0.908000
vt 0.187000 0.901000
vt 0.340000 0.876000
vt 0.360000 0.889000
vt 0.339000 0.912000
vt 0.325000 0.894000
vt 0.306000 0.905000
vt 0.313000 0.926000
vt 0.284000 0.931000
vt 0.284000 0.909000
vt 0.262000 0.905000
vt 0.254000 0.926000
vt 0.228000 0.911000
vt 0.243000 0.893000
vt 0.228000 0.875000
vt 0.207000 0.888000
vt 0.361000 0.939000
vt 0.353000 0.930000
vt 0.321000 0.948000
vt 0.325000 0.959000
vt 0.283000 0.966000
vt 0.283000 0.954000
vt 0.247000 0.948000
vt 0.243000 0.959000
vt 0.389000 0.909000
vt 0.379000 0.902000
vt 0.214000 0.929000
vt 0.206000 0.939000
vt 0.422000 0.584000
vt 0.734000 0.584000
vt 0.734000 0.545000
vt 0.422000 0.545000
vt 0.422000 0.663000
vt 0.734000 0.663000
vt 0.734000 0.624000
vt 0.422000 0.624000
vt 0.734000 0.703000
vt 0.422000 0.703000
vt 0.422000 0.466000
vt 0.734000 0.466000
vt 0.734000 0.505000
vt 0.422000 0.505000
vt 0.581000 0.913000
vt 0.580000 0.754000
vt 0.541000 0.754000
vt 0.541000 0.913000
vt 0.659000 0.913000
vt 0.659000 0.754000
vt 0.620000 0.754000
vt 0.620000 0.913000
vt 0.462000 0.913000
vt 0.462000 0.754000
vt 0.501000 0.754000
vt 0.502000 0.913000
vt 0.699000 0.913000
vt 0.699000 0.754000
vt 0.712000 0.364000
vt 0.735000 0.313000
vt 0.624000 0.312000
vt 0.624000 0.362000
vt 0.718000 0.096000
vt 0.753000 0.111000
vt 0.794000 0.039000
vt 0.738000 0.016000
vt 0.784000 0.134000
vt 0.842000 0.075000
vt 0.807000 0.164000
vt 0.879000 0.122000
vt 0.822000 0.199000
vt 0.902000 0.177000
vt 0.828000 0.238000
vt 0.911000 0.237000
vt 0.823000 0.276000
vt 0.903000 0.298000
vt 0.145000 0.025000
vt 0.144000 0.416000
vt 0.204000 0.417000
vt 0.205000 0.012000
vt 0.264000 0.417000
vt 0.265000 0.012000
vt 0.324000 0.417000
vt 0.325000 0.012000
vt 0.384000 0.417000
vt 0.385000 0.012000
vt 0.425000 0.157000
vt 0.438000 0.103000
vt 0.445000 0.012000
vt 0.505000 0.012000
vt 0.470000 0.056000
vt 0.515000 0.024000
vt 0.552000 0.176000
vt 0.521000 0.074000
vt 0.497000 0.199000
vt 0.281000 0.433000
vt 0.280000 0.831000
vt 0.315000 0.831000
vt 0.316000 0.447000
vt 0.242000 0.427000
vt 0.241000 0.831000
vt 0.280000 0.831000
vt 0.281000 0.433000
vt 0.204000 0.427000
vt 0.203000 0.831000
vt 0.166000 0.426000
vt 0.165000 0.831000
vt 0.127000 0.426000
vt 0.126000 0.831000
vt 0.089000 0.426000
vt 0.088000 0.831000
vt 0.050000 0.426000
vt 0.049000 0.831000
vt 0.504000 0.417000
vt 0.505000 0.214000
vt 0.444000 0.417000
vt 0.445000 0.213000
vt 0.437000 0.207000
vt 0.821000 0.859000
vt 0.800000 0.779000
vt 0.877000 0.837000
vt 0.836000 0.765000
vt 0.924000 0.800000
vt 0.866000 0.742000
vt 0.961000 0.753000
vt 0.890000 0.711000
vt 0.985000 0.698000
vt 0.905000 0.676000
vt 0.993000 0.638000
vt 0.910000 0.638000
vt 0.985000 0.579000
vt 0.905000 0.600000
vt 0.974000 0.547000
vt 0.906000 0.564000
vt 0.366000 0.831000
vt 0.367000 0.485000
vt 0.955000 0.514000
vt 0.906000 0.514000
vt 0.018000 0.139000
vt 0.010000 0.167000
vt 0.010000 0.376000
vt 0.014000 0.391000
vt 0.825000 0.487000
vt 0.831000 0.487000
vt 0.839000 0.459000
vt 0.825000 0.459000
vt 0.761000 0.263000
vt 0.624000 0.263000
vt 0.823000 0.314000
vt 0.892000 0.335000
vt 0.539000 0.032000
vt 0.624000 0.213000
vt 0.782000 0.212000
vt 0.776000 0.577000
vt 0.798000 0.544000
vt 0.780000 0.526000
vt 0.752000 0.567000
vt 0.831000 0.522000
vt 0.821000 0.499000
vt 0.769000 0.616000
vt 0.743000 0.616000
vt 0.798000 0.687000
vt 0.776000 0.655000
vt 0.752000 0.664000
vt 0.780000 0.706000
vt 0.621000 0.094000
vt 0.622000 0.114000
vt 0.662000 0.114000
vt 0.831000 0.709000
vt 0.797000 0.717000
vt 0.870000 0.717000
vt 0.565000 0.013000
vt 0.787000 0.161000
vt 0.623000 0.164000
vt 0.784000 0.151000
vt 0.824000 0.377000
vt 0.873000 0.377000
vt 0.825000 0.434000
vt 0.848000 0.434000
vt 0.072000 0.416000
vt 0.110000 0.416000
vt 0.111000 0.044000
vt 0.073000 0.070000
vt 0.045000 0.413000
vt 0.044000 0.098000
vt 0.906000 0.446000
vt 0.906000 0.461000
vt 0.916000 0.461000
vt 0.913000 0.446000
vt 0.906000 0.477000
vt 0.924000 0.477000
vt 0.423000 0.931000
vt 0.632000 0.931000
vt 0.632000 0.924000
vt 0.423000 0.925000
vt 0.824000 0.414000
vt 0.856000 0.414000
vt 0.936000 0.493000
vt 0.906000 0.493000
vt 0.386000 0.828000
vt 0.390000 0.514000
vt 0.412000 0.583000
vt 0.408000 0.554000
vt 0.408000 0.806000
vt 0.412000 0.787000
vt 0.031000 0.115000
vt 0.027000 0.404000
vt 0.399000 0.531000
vt 0.399000 0.820000
vt 0.196000 0.895000
vt 0.220000 0.921000
vt 0.250000 0.938000
vt 0.284000 0.943000
vt 0.317000 0.938000
vt 0.347000 0.922000
vt 0.371000 0.896000
vn 0.9842 0.1768 -0.0009
vn 0.8018 -0.3502 0.4842
vn 0.7819 -0.5534 0.2868
vn 0.9567 -0.1024 -0.2724
vn 0.4829 -0.5818 0.6545
vn 0.4746 -0.6855 0.5520
vn -0.0042 0.0239 0.9997
vn 0.2762 0.0366 0.9604
vn 0.2615 0.7114 0.6523
vn -0.1241 0.6968 0.7064
vn 0.2844 0.7072 -0.6473
vn 0.6415 0.6008 -0.4768
vn 0.6203 0.3960 -0.6769
vn 0.2730 0.5950 -0.7559
vn 0.6559 -0.7452 0.1198
vn 0.4110 -0.7848 0.4639
vn 0.3630 0.9252 -0.1104
vn 0.6094 0.6161 0.4990
vn 0.8625 0.4276 0.2704
vn 0.5509 0.7869 -0.2780
vn 0.1083 0.9941 -0.0010
vn 0.5275 -0.0285 0.8491
vn 0.0881 0.3979 -0.9131
vn 0.2042 0.4869 -0.8492
vn 0.4927 0.2012 -0.8466
vn 0.2787 0.0452 -0.9593
vn 0.2326 0.8100 -0.5383
vn 0.7830 -0.3669 -0.5022
vn 0.4901 -0.5732 -0.6567
vn 0.7121 -0.1661 0.6821
vn 0.1620 -0.9095 0.3827
vn 0.1752 -0.9838 -0.0375
vn 0.4436 -0.8962 0.0043
vn 0.3018 -0.8634 0.4043
vn 0.3445 -0.4140 0.8425
vn 0.2138 -0.3823 0.8989
vn 0.0080 -0.0450 -0.9989
vn -0.0617 0.3466 -0.9360
vn -0.0089 0.9217 -0.3879
vn -0.1630 0.9154 -0.3680
vn -0.1752 0.9838 0.0372
vn 0.0697 -0.3911 0.9177
vn 0.1306 0.8849 -0.4472
vn 0.4376 -0.4862 0.7563
vn 0.1232 -0.6920 -0.7113
vn 0.4826 -0.5315 -0.6961
vn 0.1161 -0.6519 -0.7494
vn 0.0804 -0.4515 -0.8886
vn 0.4309 -0.3373 -0.8370
vn -0.1494 0.8391 -0.5231
vn -0.0602 0.8426 -0.5351
vn -0.1249 0.6966 -0.7064
vn -0.1242 0.6973 -0.7059
vn 0.0217 0.8213 -0.5700
vn 0.0806 0.7776 -0.6235
vn -0.1240 0.6975 -0.7058
vn -0.1240 0.6969 -0.7063
vn 0.1093 0.7185 -0.6868
vn 0.1036 0.6530 -0.7502
vn -0.1244 0.6967 -0.7064
vn -0.1241 0.6964 -0.7068
vn 0.0622 0.5917 -0.8038
vn -0.0056 0.5426 -0.8399
vn -0.1235 0.6966 -0.7067
vn -0.1245 0.6970 -0.7061
vn 0.6000 0.6583 0.4546
vn 0.8526 0.4714 0.2257
vn 0.7845 0.6185 0.0454
vn 0.5427 0.7974 0.2638
vn 0.9749 0.2184 -0.0443
vn 0.9472 -0.0601 -0.3148
vn 0.8745 0.1115 -0.4720
vn 0.9012 0.3771 -0.2135
vn 0.2541 0.7518 0.6084
vn 0.2129 0.8868 0.4101
vn 0.7748 -0.3227 -0.5436
vn 0.7094 -0.1395 -0.6908
vn -0.1314 0.7377 0.6622
vn -0.1555 0.8734 0.4614
vn 0.9845 0.1751 -0.0002
vn 0.9570 -0.1041 -0.2708
vn 0.6089 0.6156 0.5003
vn 0.8621 0.4281 0.2709
vn -0.1238 0.6955 0.7078
vn 0.2625 0.7096 0.6539
vn 0.4909 -0.5755 -0.6540
vn 0.1238 -0.6954 -0.7078
vn 0.7841 -0.3673 -0.5002
vn -0.1241 0.6969 -0.7063
vn -0.1241 0.6970 -0.7063
vn 0.9845 0.1753 -0.0001
vn 0.9571 -0.1043 -0.2703
vn 0.9570 -0.1046 -0.2705
vn 0.9845 0.1751 -0.0003
vn 0.6087 0.6161 0.4998
vn 0.8620 0.4285 0.2706
vn 0.8622 0.4283 0.2704
vn 0.6088 0.6161 0.4997
vn 0.4911 -0.5762 -0.6533
vn 0.1240 -0.6962 -0.7071
vn 0.4912 -0.5761 -0.6533
vn 0.7844 -0.3678 -0.4995
vn 0.7842 -0.3680 -0.4996
vn 0.2592 0.7100 0.6547
vn 0.2589 0.7100 0.6548
vn 0.5184 -0.5405 -0.6625
vn 0.4883 -0.5560 -0.6726
vn 0.7807 -0.3492 -0.5183
vn 0.8128 -0.3151 -0.4899
vn 0.0875 -0.4913 -0.8665
vn 0.1096 -0.5725 -0.8126
vn 0.1095 -0.5723 -0.8126
vn 0.1389 -0.7429 -0.6548
vn 0.1376 -0.7275 -0.6721
vn 0.9946 -0.0059 0.1038
vn 0.9830 0.1836 -0.0049
vn 0.9845 0.1753 0.0000
vn 0.9926 -0.0301 0.1174
vn 0.9116 0.3902 -0.1292
vn 0.7767 0.5783 -0.2495
vn 0.5886 0.7273 -0.3528
vn 0.5887 0.7272 -0.3529
vn 0.3484 0.8358 -0.4242
vn 0.4476 0.7978 -0.4039
vn 0.4777 0.7840 -0.3963
vn 0.1406 0.8772 -0.4591
vn 0.0719 0.8773 -0.4745
vn 0.2372 0.8651 -0.4420
vn 0.1204 -0.6761 -0.7269
vn -0.0875 0.4913 0.8665
vn -0.9845 -0.1753 0.0000
vn -0.9834 -0.1816 0.0037
vn -0.9959 -0.0614 -0.0657
vn -0.9118 -0.3898 0.1290
vn -0.7766 -0.5784 0.2495
vn -0.5879 -0.7277 0.3533
vn -0.3608 -0.8264 0.4322
vn -0.1087 -0.8694 0.4820
vn 0.1519 -0.8531 0.4991
vn 0.1081 0.8694 -0.4821
vn -0.1519 0.8531 -0.4991
vn 0.3605 0.8265 -0.4323
vn 0.3837 0.8194 -0.4259
vn 0.4797 0.7830 -0.3960
vn -0.0755 0.4243 0.9024
vn -0.0808 0.4539 0.8873
vn 0.8097 -0.4649 0.3580
vn 0.8081 -0.4670 0.3590
vn 0.6576 -0.6224 0.4245
vn 0.1573 -0.8831 0.4419
vn 0.1690 -0.9490 0.2660
vn 0.1700 -0.9549 0.2434
vn 0.1577 -0.8853 0.4374
vn 0.9538 -0.0867 -0.2877
vn 0.9669 -0.0473 -0.2508
vn 0.1487 -0.8587 -0.4904
vn 0.1494 -0.8657 -0.4776
vn 0.9813 0.1917 -0.0164
vn 0.9763 0.2159 0.0084
vn -0.1238 0.6971 -0.7062
vn -0.1241 0.6970 -0.7062
vn -0.1245 0.6968 -0.7064
vn -0.1243 0.6965 -0.7067
vn -0.1250 0.6940 -0.7091
vn -0.1250 0.6940 -0.7090
vn -0.1251 0.6962 -0.7068
vn -0.1242 0.6972 -0.7060
vn -0.1238 0.6950 0.7082
vn 0.4199 0.6875 0.5925
vn 0.7038 0.5735 0.4191
vn 0.5957 0.6287 0.4999
vn -0.1216 0.6809 -0.7222
vn -0.1207 0.6777 -0.7253
vn -0.1242 0.6907 -0.7124
vn -0.0227 0.8704 -0.4918
vn 0.8621 0.4397 0.2519
vn 0.8578 0.4439 0.2588
vn 0.7389 0.5516 0.3869
vn 0.1617 -0.9379 -0.3069
vn 0.1646 -0.9475 -0.2742
vn 0.1747 -0.9809 0.0851
vn 0.1749 -0.9820 0.0712
vn 0.8924 -0.3463 0.2892
vn 0.9068 -0.3197 0.2745
vn 0.9645 -0.1755 0.1971
vn 0.9552 -0.2053 0.2131
vn 0.8418 -0.4243 0.3336
vn 0.8472 -0.4172 0.3289
vn 0.1425 -0.8002 0.5825
vn 0.1419 -0.7971 0.5870
vn 0.1014 -0.5696 0.8156
vn 0.1068 -0.5997 0.7931
vn 0.0338 -0.1900 0.9812
vn 0.0456 -0.2558 0.9656
vn 0.1746 -0.9805 -0.0903
vn 0.1749 -0.9824 -0.0656
vn -0.0264 0.1486 0.9885
vn -0.0429 0.2411 0.9695
vn 0.8235 -0.4472 0.3489
vn 0.8235 -0.4472 0.3490
vn -0.0028 0.0158 -0.9998
vn -0.0916 0.5146 -0.8525
vn 0.2533 0.0983 -0.9623
vn 0.4584 0.2419 -0.8552
vn 0.5803 0.4253 -0.6945
vn 0.5990 0.6213 -0.5051
vn 0.5140 0.7976 -0.3157
vn 0.3371 0.9285 -0.1554
vn 0.0943 0.9943 -0.0495
vn -0.1753 0.9844 -0.0121
vn -0.9847 -0.1738 -0.0009
vn -0.8625 -0.4263 -0.2723
vn -0.5428 -0.7893 0.2868
vn -0.6316 -0.6055 0.4842
vn -0.2087 -0.8072 0.5520
vn -0.2523 -0.7127 0.6545
vn -0.4910 0.5774 0.6523
vn -0.2718 -0.0610 0.9604
vn -0.5111 0.5655 -0.6473
vn -0.4616 0.4642 -0.7559
vn -0.7190 0.1575 -0.6769
vn -0.8095 0.3424 -0.4768
vn -0.3583 -0.9258 0.1198
vn -0.1147 -0.8784 0.4639
vn -0.6601 0.7430 -0.1103
vn -0.7887 0.5484 -0.2780
vn -0.9571 0.1036 0.2704
vn -0.7846 0.3679 0.4991
vn -0.4448 0.8956 -0.0009
vn -0.4852 -0.2088 0.8491
vn -0.2201 0.3430 -0.9131
vn -0.2772 -0.0538 -0.9593
vn -0.5319 0.0187 -0.8466
vn -0.3598 0.3864 -0.8492
vn -0.4980 0.6799 -0.5383
vn -0.2622 -0.7071 -0.6567
vn -0.6083 -0.6146 -0.5022
vn -0.6109 -0.4017 0.6822
vn 0.0148 -0.9145 0.4043
vn -0.1069 -0.9942 0.0043
vn -0.1803 -0.5075 0.8425
vn -0.0687 -0.4327 0.8989
vn -0.3098 0.8681 -0.3879
vn -0.4281 0.7853 -0.4472
vn -0.2428 -0.6074 0.7563
vn -0.2694 -0.6654 -0.6961
vn -0.2880 -0.4653 -0.8370
vn -0.1233 0.6969 -0.7064
vn -0.2344 0.8116 -0.5351
vn -0.3040 0.7633 -0.5700
vn -0.1242 0.6969 -0.7063
vn -0.1244 0.6974 -0.7058
vn -0.3442 0.7020 -0.6235
vn -0.3507 0.6366 -0.6868
vn -0.1239 0.6965 -0.7068
vn -0.1238 0.6968 -0.7064
vn -0.3227 0.5771 -0.7502
vn -0.2627 0.5338 -0.8038
vn -0.1238 0.6972 -0.7061
vn -0.1245 0.6965 -0.7067
vn -0.1821 0.5112 -0.8399
vn -0.7903 0.4107 0.4546
vn -0.7847 0.5610 0.2638
vn -0.9498 0.3096 0.0454
vn -0.9629 0.1480 0.2257
vn -0.9903 -0.1316 -0.0443
vn -0.9760 0.0428 -0.2134
vn -0.8592 -0.1972 -0.4719
vn -0.8683 -0.3834 -0.3147
vn -0.4980 0.6178 0.6084
vn -0.5060 0.7588 0.4101
vn -0.6177 -0.3758 -0.6908
vn -0.6158 -0.5704 -0.5435
vn -0.9845 -0.1755 -0.0001
vn -0.8622 -0.4281 -0.2708
vn -0.7839 0.3675 0.5003
vn -0.9569 0.1042 0.2709
vn -0.4913 0.5753 0.6539
vn -0.2621 -0.7096 -0.6540
vn -0.6091 -0.6154 -0.5001
vn -0.9845 -0.1754 -0.0000
vn -0.9844 -0.1756 -0.0002
vn -0.8621 -0.4285 -0.2705
vn -0.8622 -0.4283 -0.2703
vn -0.7840 0.3681 0.4998
vn -0.7841 0.3680 0.4997
vn -0.9571 0.1043 0.2704
vn -0.9570 0.1046 0.2707
vn -0.2620 -0.7103 -0.6533
vn -0.2621 -0.7103 -0.6532
vn -0.6089 -0.6161 -0.4996
vn -0.6091 -0.6160 -0.4995
vn -0.4884 0.5769 0.6547
vn -0.4881 0.5770 0.6548
vn -0.3000 -0.6863 -0.6625
vn -0.6540 -0.5763 -0.4899
vn -0.6121 -0.5972 -0.5182
vn -0.2664 -0.6904 -0.6726
vn 0.0948 -0.5750 -0.8126
vn 0.0948 -0.5751 -0.8126
vn 0.1220 -0.7303 -0.6721
vn 0.1261 -0.7451 -0.6548
vn -0.9314 -0.3489 0.1039
vn -0.9212 -0.3709 0.1174
vn -0.9859 -0.1670 -0.0048
vn -0.9903 0.0515 -0.1292
vn -0.9286 0.2746 -0.2495
vn -0.8036 0.4793 -0.3529
vn -0.8036 0.4794 -0.3528
vn -0.7190 0.5709 -0.3963
vn -0.6955 0.5942 -0.4039
vn -0.6156 0.6641 -0.4242
vn -0.4348 0.7747 -0.4591
vn -0.5212 0.7300 -0.4420
vn -0.3704 0.7985 -0.4745
vn 0.9856 0.1691 0.0036
vn 0.9559 0.2861 -0.0657
vn 0.9903 -0.0511 0.1289
vn 0.9286 -0.2747 0.2495
vn 0.8030 -0.4799 0.3532
vn 0.6239 -0.6511 0.4322
vn 0.4022 -0.7784 0.4820
vn -0.4016 0.7786 -0.4821
vn -0.6237 0.6512 -0.4322
vn -0.6430 0.6365 -0.4259
vn -0.7205 0.5692 -0.3959
vn -0.5995 -0.7158 0.3580
vn -0.4023 -0.8111 0.4245
vn -0.5972 -0.7173 0.3590
vn -0.8911 -0.3782 -0.2508
vn -0.8652 -0.4106 -0.2877
vn 0.1568 -0.8572 -0.4904
vn 0.1586 -0.8641 -0.4776
vn -0.9872 -0.1588 -0.0164
vn -0.9909 -0.1344 0.0084
vn -0.1245 0.6970 -0.7062
vn -0.1242 0.6970 -0.7062
vn -0.1237 0.6970 -0.7064
vn -0.1238 0.6966 -0.7067
vn -0.1223 0.6944 -0.7091
vn -0.1230 0.6966 -0.7068
vn -0.1223 0.6944 -0.7090
vn -0.6314 0.5002 0.5925
vn -0.7761 0.3844 0.4999
vn -0.8585 0.2953 0.4191
vn -0.1210 0.6810 -0.7222
vn -0.1219 0.6911 -0.7124
vn -0.2792 0.8247 -0.4918
vn -0.9609 0.1151 0.2519
vn -0.9583 0.1205 0.2589
vn -0.8839 0.2626 0.3870
vn 0.1726 -0.9460 -0.2742
vn 0.1720 -0.9360 -0.3069
vn -0.7180 -0.6330 0.2893
vn -0.8256 -0.5224 0.2131
vn -0.8446 -0.4977 0.1971
vn -0.7407 -0.6131 0.2746
vn -0.6436 -0.6888 0.3336
vn -0.6511 -0.6840 0.3289
vn -0.6185 -0.7041 0.3489
vn -0.6185 -0.7040 0.3491
vn -0.2717 0.0047 -0.9623
vn -0.5137 0.0688 -0.8552
vn -0.6915 0.1988 -0.6945
vn -0.7767 0.3763 -0.5051
vn -0.7577 0.5711 -0.3157
vn -0.6370 0.7551 -0.1554
vn -0.4318 0.9006 -0.0495
usemtl mb:o:3064:154
s 1
f 4920/4973/2660 4921/4974/2661 4939/4975/2662 4938/4976/2663
f 4939/4975/2662 4921/4974/2661 5255/4977/2664 5254/4978/2665
f 5188/4979/2666 4930/4980/2667 4929/4981/2668 5187/4982/2669
f 5249/4983/2670 4922/4984/2671 4940/4985/2672 5251/4986/2673
f 4922/4984/2671 4920/4973/2660 4938/4976/2663 4940/4985/2672
f 4936/4987/2674 4939/4975/2662 5254/4978/2665 5262/4988/2675
f 4928/4989/2676 4926/4990/2677 4923/4991/2678 4925/4992/2679
f 4931/4993/2680 4929/4981/2668 4926/4990/2677 4928/4989/2676
f 4930/4980/2667 4927/4994/2681 4926/4990/2677 4929/4981/2668
f 5245/4995/2682 5246/4996/2683 4937/4997/2684 4934/4998/2685
f 5249/4983/2670 5250/4999/2686 4925/4992/2679 4922/4984/2671
f 4920/4973/2660 4922/4984/2671 4925/4992/2679 4923/4991/2678
f 4937/4997/2684 4935/5000/2687 4932/5001/2688 4934/4998/2685
f 4927/4994/2681 4924/5002/2689 4923/4991/2678 4926/4990/2677
f 4939/4975/2662 4936/4987/2674 4935/5000/2687 4938/4976/2663
f 4940/4985/2672 4938/4976/2663 4935/5000/2687 4937/4997/2684
f 5251/4986/2673 4940/4985/2672 4937/4997/2684 5246/4996/2683
f 5260/5003/2690 5191/5004/2691 4933/5005/2692 5261/5006/2693
f 5257/5007/2694 4927/4994/2681 4930/4980/2667 5258/5008/2695
f 5245/4995/2682 4934/4998/2685 5192/5009/2696 5252/5010/2697
f 5248/5011/2698 5253/5012/2699 5189/5013/2700 4931/4993/2680
f 5258/5008/2695 4930/4980/2667 5188/4979/2666 5259/5014/2701
f 5189/5013/2700 5187/4982/2669 4929/4981/2668 4931/4993/2680
f 5247/5015/2702 5248/5011/2698 4931/4993/2680 4928/4989/2676
f 4933/5005/2692 4936/4987/2674 5262/4988/2675 5261/5006/2693
f 5255/4977/2664 4921/4974/2661 4924/5002/2689 5256/5016/2703
f 4921/4974/2661 4920/4973/2660 4923/4991/2678 4924/5002/2689
f 5256/5016/2703 4924/5002/2689 4927/4994/2681 5257/5007/2694
f 5250/4999/2686 5247/5015/2702 4928/4989/2676 4925/4992/2679
f 4934/4998/2685 4932/5001/2688 5190/5017/2704 5192/5009/2696
f 4933/5005/2692 5191/5004/2691 5190/5017/2704 4932/5001/2688
f 4956/5018/2705 5196/5019/2706 5234/5020/2707 5044/5021/2708
f 5231/5022/2709 5061/5023/2710 4954/5024/2711 5194/5025/2712
f 5058/5026/2713 5055/5027/2714 4952/5028/2715 4953/5029/2716
f 5052/5030/2717 5049/5031/2718 4950/5032/2719 4951/5033/2720
f 5046/5034/2721 5043/5035/2722 4948/5036/2723 4949/5037/2724
f 5061/5023/2710 5058/5026/2713 4953/5029/2716 4954/5024/2711
f 5055/5027/2714 5052/5030/2717 4951/5033/2720 4952/5028/2715
f 4958/5038/2725 4959/5039/2726 5056/5040/2727 5059/5041/2728
f 4960/5042/2729 4961/5043/2730 5050/5044/2731 5053/5045/2732
f 5049/5031/2718 5046/5034/2721 4949/5037/2724 4950/5032/2719
f 4957/5046/2733 4958/5038/2725 5059/5041/2728 5062/5047/2734
f 4959/5039/2726 4960/5042/2729 5053/5045/2732 5056/5040/2727
f 4961/5043/2730 4955/5048/2735 5047/5049/2736 5050/5044/2731
f 4955/5048/2735 4956/5018/2705 5044/5021/2708 5047/5049/2736
f 5197/5050/2737 4957/5046/2733 5062/5047/2734 5232/5051/2738
f 4968/5052/2739 4965/5053/2740 4961/5054/2730 4960/5055/2729
f 4967/5056/2741 4964/5057/2742 4959/5058/2726 4958/5059/2725
f 5200/5060/2743 4963/5061/2744 4957/5062/2733 5197/5063/2737
f 4966/5064/2745 5199/5065/2746 5196/5066/2706 4956/5067/2705
f 4965/5053/2740 4962/5068/2747 4955/5069/2735 4961/5054/2730
f 4964/5057/2742 4968/5052/2739 4960/5055/2729 4959/5058/2726
f 4963/5061/2744 4967/5056/2741 4958/5059/2725 4957/5062/2733
f 4962/5068/2747 4966/5064/2745 4956/5067/2705 4955/5069/2735
f 4954/5024/2711 4953/5029/2716 5198/5070/2748
f 4952/5028/2715 4951/5033/2720 5198/5070/2748
f 4950/5032/2719 4949/5037/2724 5198/5070/2748
f 4948/5036/2723 5195/5071/2749 5198/5070/2748
f 5194/5025/2712 4954/5024/2711 5198/5070/2748
f 4953/5029/2716 4952/5028/2715 5198/5070/2748
f 4951/5033/2720 4950/5032/2719 5198/5070/2748
f 4949/5037/2724 4948/5036/2723 5198/5070/2748
f 5241/5072/2750 5240/5073/2751 4972/5074/2752 4975/5075/2753
f 5243/5076/2754 5242/5077/2755 4971/5078/2756 4974/5079/2757
f 5237/5080/2758 5238/5081/2759 5201/5082/2759 4973/5083/2760
f 5240/5073/2751 5239/5084/2761 4969/5085/2762 4972/5074/2752
f 5242/5077/2755 5241/5072/2750 4975/5075/2753 4971/5078/2756
f 5244/5086/2763 5243/5076/2754 4974/5079/2757 4970/5087/2764
f 5239/5084/2761 5237/5080/2758 4973/5083/2760 4969/5085/2762
f 5289/5088/2765 5310/5089/2766 5312/5090/2767 5288/5091/2768
f 4976/5092/2769 5273/5093/2769 5274/5094/2769 5265/5095/2769
f 5265/5095/2769 5274/5094/2769 5275/5096/2769 5266/5097/2769
f 5266/5097/2769 5275/5096/2769 5276/5098/2769 5267/5099/2769
f 5267/5099/2769 5276/5098/2769 5277/5100/2769 5268/5101/2769
f 5268/5101/2769 5277/5100/2769 5278/5102/2770 5269/5103/2771
f 5269/5103/2771 5278/5102/2770 5279/5104/2772 5270/5105/2773
f 4990/5106/2774 4989/5107/2775 5282/5108/2776 5281/5109/2777
f 4989/5107/2775 4988/5110/2778 5283/5111/2778 5282/5108/2776
f 4988/5110/2778 4987/5112/2779 5284/5113/2779 5283/5111/2778
f 4987/5112/2779 4986/5114/2780 5285/5115/2781 5284/5113/2779
f 4986/5114/2780 4985/5116/2782 5025/5117/2783 5329/5118/2784
f 4984/5119/2785 5023/5120/2786 5024/5121/2787 4985/5116/2782
f 5310/5089/2766 5289/5088/2765 5325/5122/2788 5311/5123/2788
f 5022/5124/2789 5332/5125/2789 5322/5126/2789
f 5271/5127/2790 5272/5128/2790 5291/5129/2790 5292/5130/2790
f 4981/5131/2791 4982/5132/2792 5293/5133/2792 5294/5134/2790
f 4980/5135/2793 4981/5131/2791 5294/5134/2790 5295/5136/2793
f 4979/5137/2794 4980/5135/2793 5295/5136/2793 5296/5138/2794
f 4978/5139/2795 4979/5137/2794 5296/5138/2794 5297/5140/2795
f 4977/5141/2796 4978/5139/2795 5297/5140/2795 5298/5142/2796
f 5264/5143/2797 4977/5141/2796 5298/5142/2796 5299/5144/2797
f 5263/5145/2798 5264/5143/2797 5299/5144/2797 5300/5146/2798
f 5287/5147/2799 5324/5148/2799 5208/5149/2800 5290/5150/2800
f 5286/5151/2801 5331/5152/2802 5324/5148/2799 5287/5147/2799
f 5286/5151/2801 5285/5115/2781 5330/5153/2803 5331/5152/2802
f 4999/5154/2789 5204/5155/2789 5205/5156/2789 5007/5157/2789
f 4998/5158/2789 4999/5154/2789 5007/5157/2789 5006/5159/2789
f 4997/5160/2789 4998/5158/2789 5006/5159/2789 5005/5161/2789
f 4996/5162/2789 4997/5160/2789 5005/5161/2789 5004/5163/2789
f 4995/5164/2789 4996/5162/2789 5004/5163/2789 5003/5165/2789
f 4994/5166/2789 4995/5164/2789 5003/5165/2789 5002/5167/2789
f 4993/5168/2789 4994/5166/2789 5002/5167/2789 5001/5169/2789
f 5280/5170/2789 4993/5168/2789 5001/5169/2789 5000/5171/2789
f 5272/5128/2790 5302/5172/2790 5303/5173/2790 5291/5129/2790
f 5280/5170/2789 5000/5171/2789 5010/5174/2804 5301/5175/2805
f 5305/5176/2806 5338/5177/2807 5035/5178/2808 5304/5179/2808
f 5307/5180/2809 5308/5181/2810 5011/5182/2811 5030/5183/2812
f 5312/5090/2767 5313/5184/2813 5328/5185/2814 5288/5091/2768
f 5330/5153/2803 5285/5115/2781 5329/5118/2784
f 4983/5186/2815 5270/5105/2773 5279/5104/2772 5306/5187/2816
f 5322/5126/2789 5021/5188/2789 5317/5189/2789 5323/5190/2789
f 5314/5191/2817 5026/5192/2818 5328/5185/2814 5313/5184/2813
f 4943/5193/2819 5015/5194/2819 5014/5195/2820 4942/5196/2820
f 5014/5195/2820 5013/5197/2821 4941/5198/2821 4942/5196/2820
f 4944/5199/2822 5016/5200/2822 5015/5194/2819 4943/5193/2819
f 4946/5201/2823 5316/5202/2824 5315/5203/2825 4945/5204/2825
f 4944/5199/2822 4945/5204/2825 5315/5203/2825 5016/5200/2822
f 5193/5205/2826 4941/5198/2821 5013/5197/2821 5206/5206/2826
f 5318/5207/2827 5244/5086/2763 4970/5087/2764 5202/5208/2827
f 5203/5209/2769 5326/5210/2769 5273/5093/2769 4976/5092/2769
f 5321/5211/2828 5020/5212/2829 5018/5213/2830
f 4947/5214/2831 5319/5215/2832 5320/5216/2833
f 5023/5120/2786 4984/5119/2785 5327/5217/2834
f 4946/5201/2823 4947/5214/2831 5320/5216/2833 5316/5202/2824
f 5323/5190/2789 5022/5124/2789 5322/5126/2789
f 5285/5115/2781 4986/5114/2780 5329/5118/2784
f 5024/5121/2787 5025/5117/2783 4985/5116/2782
f 5027/5218/2835 5026/5192/2818 5314/5191/2817 5017/5219/2836
f 5017/5219/2836 5018/5213/2830 5020/5212/2829
f 5020/5212/2829 5019/5220/2837 5027/5218/2835 5017/5219/2836
f 4983/5186/2815 5306/5187/2816 5333/5221/2838 5009/5222/2839
f 5309/5223/2840 5334/5224/2841 5011/5182/2811 5308/5181/2810
f 5008/5225/2842 5029/5226/2843 5028/5227/2844 4992/5228/2845
f 4990/5106/2774 5281/5109/2777 4992/5228/2845 5028/5227/2844
f 5042/5229/2846 5342/5230/2847 5029/5226/2843 5008/5225/2842
f 5336/5231/2848 5337/5232/2849 5037/5233/2850 5335/5234/2851
f 5335/5234/2851 5037/5233/2850 5340/5235/2852 5339/5236/2853
f 5307/5237/2809 5030/5238/2812 5337/5239/2849 5336/5240/2848
f 5009/5222/2839 5333/5221/2838 5039/5241/2854 5341/5242/2855
f 5301/5175/2805 5010/5174/2804 5343/5243/2856 5344/5244/2857
f 5302/5172/2790 5038/5245/2790 5032/5246/2790 5303/5173/2790
f 4991/5247/2790 5031/5248/2790 5033/5249/2790 5012/5250/2790
f 5041/5251/2858 5036/5252/2859 5338/5177/2807 5305/5176/2806
f 5012/5250/2790 5033/5249/2790 5034/5253/2790 5040/5254/2790
f 5032/5246/2790 5038/5245/2790 5040/5254/2790 5034/5253/2790
f 5339/5236/2853 5340/5235/2852 5344/5244/2857 5343/5243/2856
f 5341/5242/2855 5039/5241/2854 5334/5224/2841 5309/5223/2840
f 5036/5252/2859 5041/5251/2858 5342/5230/2847 5042/5229/2846
f 5236/5255/2860 5235/5256/2861 5043/5035/2722 5045/5257/2862
f 5044/5021/2708 5045/5257/2862 5048/5258/2863 5047/5049/2736
f 5045/5257/2862 5043/5035/2722 5046/5034/2721 5048/5258/2863
f 5047/5049/2736 5048/5258/2863 5051/5259/2864 5050/5044/2731
f 5048/5258/2863 5046/5034/2721 5049/5031/2718 5051/5259/2864
f 5050/5044/2731 5051/5259/2864 5054/5260/2865 5053/5045/2732
f 5051/5259/2864 5049/5031/2718 5052/5030/2717 5054/5260/2865
f 5053/5045/2732 5054/5260/2865 5057/5261/2866 5056/5040/2727
f 5054/5260/2865 5052/5030/2717 5055/5027/2714 5057/5261/2866
f 5056/5040/2727 5057/5261/2866 5060/5262/2867 5059/5041/2728
f 5057/5261/2866 5055/5027/2714 5058/5026/2713 5060/5262/2867
f 5059/5041/2728 5060/5262/2867 5063/5263/2868 5062/5047/2734
f 5060/5262/2867 5058/5026/2713 5061/5023/2710 5063/5263/2868
f 5062/5047/2734 5063/5263/2868 5233/5264/2869 5232/5051/2738
f 5063/5263/2868 5061/5023/2710 5231/5022/2709 5233/5264/2869
f 5043/5035/2722 5235/5256/2861 5195/5071/2749 4948/5036/2723
f 4936/4987/2674 4933/5005/2692 4932/5001/2688 4935/5000/2687
f 5234/5020/2707 5236/5255/2860 5045/5257/2862 5044/5021/2708
f 5064/5265/2870 5082/5266/2871 5083/5267/2872 5065/5268/2873
f 5083/5267/2872 5359/5269/2874 5360/5270/2875 5065/5268/2873
f 5188/4979/2666 5187/4982/2669 5073/5271/2876 5074/5272/2877
f 5356/5273/2878 5358/5274/2879 5084/5275/2880 5066/5276/2881
f 5066/5276/2881 5084/5275/2880 5082/5266/2871 5064/5265/2870
f 5080/5277/2882 5365/5278/2883 5359/5269/2874 5083/5267/2872
f 5072/5279/2884 5069/5280/2885 5067/5281/2886 5070/5282/2887
f 5075/5283/2888 5072/5279/2884 5070/5282/2887 5073/5271/2876
f 5074/5272/2877 5073/5271/2876 5070/5282/2887 5071/5284/2889
f 5352/5285/2890 5078/5286/2891 5081/5287/2892 5353/5288/2893
f 5356/5273/2878 5066/5276/2881 5069/5280/2885 5357/5289/2894
f 5064/5265/2870 5067/5281/2886 5069/5280/2885 5066/5276/2881
f 5081/5287/2892 5078/5286/2891 5076/5290/2895 5079/5291/2896
f 5071/5284/2889 5070/5282/2887 5067/5281/2886 5068/5292/2897
f 5083/5267/2872 5082/5266/2871 5079/5291/2896 5080/5277/2882
f 5084/5275/2880 5081/5287/2892 5079/5291/2896 5082/5266/2871
f 5358/5274/2879 5353/5288/2893 5081/5287/2892 5084/5275/2880
f 5260/5003/2690 5364/5293/2898 5077/5294/2899 5191/5004/2691
f 5362/5295/2900 5363/5296/2901 5074/5272/2877 5071/5284/2889
f 5352/5285/2890 5252/5010/2697 5192/5009/2696 5078/5286/2891
f 5355/5297/2902 5075/5283/2888 5189/5013/2700 5253/5012/2699
f 5363/5296/2901 5259/5014/2701 5188/4979/2666 5074/5272/2877
f 5189/5013/2700 5075/5283/2888 5073/5271/2876 5187/4982/2669
f 5354/5298/2903 5072/5279/2884 5075/5283/2888 5355/5297/2902
f 5077/5294/2899 5364/5293/2898 5365/5278/2883 5080/5277/2882
f 5360/5270/2875 5361/5299/2904 5068/5292/2897 5065/5268/2873
f 5067/5281/2886 5064/5265/2870 5065/5268/2873 5068/5292/2897
f 5361/5299/2904 5362/5295/2900 5071/5284/2889 5068/5292/2897
f 5357/5289/2894 5069/5280/2885 5072/5279/2884 5354/5298/2903
f 5078/5286/2891 5192/5009/2696 5190/5017/2704 5076/5290/2895
f 5077/5294/2899 5076/5290/2895 5190/5017/2704 5191/5004/2691
f 5100/5300/2905 5211/5301/2906 5234/5020/2707 5196/5019/2706
f 5231/5022/2709 5194/5025/2712 5098/5302/2907 5228/5303/2908
f 5225/5304/2909 5097/5305/2910 5096/5306/2911 5222/5307/2912
f 5219/5308/2913 5095/5309/2914 5094/5310/2915 5216/5311/2916
f 5213/5312/2917 5093/5313/2918 5092/5314/2919 5210/5315/2920
f 5228/5303/2908 5098/5302/2907 5097/5305/2910 5225/5304/2909
f 5222/5307/2912 5096/5306/2911 5095/5309/2914 5219/5308/2913
f 5102/5316/2921 5226/5317/2922 5223/5318/2923 5103/5319/2924
f 5104/5320/2925 5220/5321/2926 5217/5322/2927 5105/5323/2928
f 5216/5311/2916 5094/5310/2915 5093/5313/2918 5213/5312/2917
f 5101/5324/2929 5229/5325/2930 5226/5317/2922 5102/5316/2921
f 5103/5319/2924 5223/5318/2923 5220/5321/2926 5104/5320/2925
f 5105/5323/2928 5217/5322/2927 5214/5326/2931 5099/5327/2932
f 5099/5327/2932 5214/5326/2931 5211/5301/2906 5100/5300/2905
f 5197/5050/2737 5232/5051/2738 5229/5325/2930 5101/5324/2929
f 5112/5328/2933 5104/5329/2925 5105/5330/2928 5109/5331/2934
f 5111/5332/2935 5102/5333/2921 5103/5334/2924 5108/5335/2936
f 5200/5060/2743 5197/5063/2737 5101/5336/2929 5107/5337/2937
f 5110/5338/2938 5100/5339/2905 5196/5066/2706 5199/5065/2746
f 5109/5331/2934 5105/5330/2928 5099/5340/2932 5106/5341/2939
f 5108/5335/2936 5103/5334/2924 5104/5329/2925 5112/5328/2933
f 5107/5337/2937 5101/5336/2929 5102/5333/2921 5111/5332/2935
f 5106/5341/2939 5099/5340/2932 5100/5339/2905 5110/5338/2938
f 5098/5302/2907 5198/5070/2748 5097/5305/2910
f 5096/5306/2911 5198/5070/2748 5095/5309/2914
f 5094/5310/2915 5198/5070/2748 5093/5313/2918
f 5092/5314/2919 5198/5070/2748 5195/5071/2749
f 5194/5025/2712 5198/5070/2748 5098/5302/2907
f 5097/5305/2910 5198/5070/2748 5096/5306/2911
f 5095/5309/2914 5198/5070/2748 5094/5310/2915
f 5093/5313/2918 5198/5070/2748 5092/5314/2919
f 5348/5342/2940 5119/5343/2941 5116/5344/2942 5347/5345/2943
f 5350/5346/2944 5118/5347/2945 5115/5348/2946 5349/5349/2947
f 5345/5350/2948 5117/5351/2949 5201/5082/2759 5238/5081/2759
f 5347/5345/2943 5116/5344/2942 5113/5352/2950 5346/5353/2951
f 5349/5349/2947 5115/5348/2946 5119/5343/2941 5348/5342/2940
f 5351/5354/2952 5114/5355/2953 5118/5347/2945 5350/5346/2944
f 5346/5353/2951 5113/5352/2950 5117/5351/2949 5345/5350/2948
f 5391/5356/2954 5390/5357/2955 5411/5358/2956 5410/5359/2957
f 5120/5360/2769 5367/5361/2769 5376/5362/2769 5375/5363/2769
f 5367/5361/2769 5368/5364/2769 5377/5365/2769 5376/5362/2769
f 5368/5364/2769 5369/5366/2769 5378/5367/2769 5377/5365/2769
f 5369/5366/2769 5370/5368/2769 5379/5369/2769 5378/5367/2769
f 5370/5368/2769 5371/5370/2958 5380/5371/2959 5379/5369/2769
f 5371/5370/2958 5372/5372/2960 5381/5373/2961 5380/5371/2959
f 5134/5374/2962 5383/5375/2963 5384/5376/2790 5133/5377/2964
f 5133/5377/2964 5384/5376/2790 5385/5378/2965 5132/5379/2965
f 5132/5379/2965 5385/5378/2965 5386/5380/2966 5131/5381/2966
f 5131/5381/2966 5386/5380/2966 5387/5382/2967 5130/5383/2968
f 5130/5383/2968 5421/5384/2969 5169/5385/2970 5129/5386/2971
f 5128/5387/2972 5129/5386/2971 5168/5388/2973 5167/5389/2974
f 5410/5359/2957 5311/5123/2788 5325/5122/2788 5391/5356/2954
f 5166/5390/2789 5418/5391/2789 5424/5392/2789
f 5373/5393/2776 5393/5394/2776 5392/5395/2776 5374/5396/2776
f 5125/5397/2975 5395/5398/2776 5394/5399/2976 5126/5400/2976
f 5124/5401/2977 5396/5402/2977 5395/5398/2776 5125/5397/2975
f 5123/5403/2978 5397/5404/2978 5396/5402/2977 5124/5401/2977
f 5122/5405/2979 5398/5406/2979 5397/5404/2978 5123/5403/2978
f 5121/5407/2980 5399/5408/2980 5398/5406/2979 5122/5405/2979
f 5366/5409/2981 5400/5410/2981 5399/5408/2980 5121/5407/2980
f 5263/5145/2798 5300/5146/2798 5400/5410/2981 5366/5409/2981
f 5389/5411/2982 5290/5150/2800 5208/5149/2800 5419/5412/2982
f 5388/5413/2983 5389/5411/2982 5419/5412/2982 5423/5414/2984
f 5388/5413/2983 5423/5414/2984 5422/5415/2985 5387/5382/2967
f 5143/5416/2789 5151/5417/2789 5205/5156/2789 5204/5155/2789
f 5142/5418/2789 5150/5419/2789 5151/5417/2789 5143/5416/2789
f 5141/5420/2789 5149/5421/2789 5150/5419/2789 5142/5418/2789
f 5140/5422/2789 5148/5423/2789 5149/5421/2789 5141/5420/2789
f 5139/5424/2789 5147/5425/2789 5148/5423/2789 5140/5422/2789
f 5138/5426/2789 5146/5427/2789 5147/5425/2789 5139/5424/2789
f 5137/5428/2789 5145/5429/2789 5146/5427/2789 5138/5426/2789
f 5382/5430/2789 5144/5431/2789 5145/5429/2789 5137/5428/2789
f 5374/5396/2776 5392/5395/2776 5403/5432/2776 5402/5433/2776
f 5382/5430/2789 5401/5434/2805 5154/5435/2804 5144/5431/2789
f 5405/5436/2986 5404/5437/2987 5179/5438/2987 5430/5439/2988
f 5407/5440/2809 5174/5441/2812 5155/5442/2811 5408/5443/2810
f 5411/5358/2956 5390/5357/2955 5420/5444/2989 5412/5445/2990
f 5422/5415/2985 5421/5384/2969 5387/5382/2967
f 5127/5446/2991 5406/5447/2992 5381/5373/2961 5372/5372/2960
f 5418/5391/2789 5323/5190/2789 5317/5189/2789 5165/5448/2789
f 5413/5449/2993 5412/5445/2990 5420/5444/2989 5170/5450/2994
f 5087/5451/2995 5086/5452/2996 5158/5453/2996 5159/5454/2995
f 5158/5453/2996 5086/5452/2996 5085/5455/2997 5157/5456/2997
f 5088/5457/2998 5087/5451/2995 5159/5454/2995 5160/5458/2998
f 5090/5459/2999 5089/5460/3000 5414/5461/3000 5415/5462/3001
f 5088/5457/2998 5160/5458/2998 5414/5461/3000 5089/5460/3000
f 5193/5205/2826 5206/5206/2826 5157/5456/2997 5085/5455/2997
f 5318/5207/2827 5202/5208/2827 5114/5355/2953 5351/5354/2952
f 5203/5209/2769 5120/5360/2769 5375/5363/2769 5326/5210/2769
f 5417/5463/3002 5162/5464/3003 5164/5465/3004
f 5091/5466/3005 5416/5467/3006 5207/5468/2832
f 5167/5389/2974 5209/5469/3007 5128/5387/2972
f 5090/5459/2999 5415/5462/3001 5416/5467/3006 5091/5466/3005
f 5323/5190/2789 5418/5391/2789 5166/5390/2789
f 5387/5382/2967 5421/5384/2969 5130/5383/2968
f 5168/5388/2973 5129/5386/2971 5169/5385/2970
f 5171/5470/3008 5161/5471/3009 5413/5449/2993 5170/5450/2994
f 5161/5471/3009 5164/5465/3004 5162/5464/3003
f 5164/5465/3004 5161/5471/3009 5171/5470/3008 5163/5472/3010
f 5127/5446/2991 5153/5473/3011 5425/5474/3012 5406/5447/2992
f 5409/5475/2840 5408/5443/2810 5155/5442/2811 5426/5476/2841
f 5152/5477/3013 5136/5478/3014 5172/5479/3015 5173/5480/3016
f 5134/5374/2962 5172/5479/3015 5136/5478/3014 5383/5375/2963
f 5186/5481/3017 5152/5477/3013 5173/5480/3016 5434/5482/3018
f 5428/5483/2848 5427/5484/2851 5181/5485/2850 5429/5486/2849
f 5427/5484/2851 5431/5487/2853 5432/5488/2852 5181/5485/2850
f 5407/5489/2809 5428/5490/2848 5429/5491/2849 5174/5492/2812
f 5153/5473/3011 5433/5493/2855 5183/5494/2854 5425/5474/3012
f 5401/5434/2805 5436/5495/2857 5435/5496/2856 5154/5435/2804
f 5402/5433/2776 5403/5432/2776 5176/5497/2776 5182/5498/2776
f 5135/5499/2776 5156/5500/2776 5177/5501/2776 5175/5502/2776
f 5185/5503/3019 5405/5436/2986 5430/5439/2988 5180/5504/3020
f 5156/5500/2776 5184/5505/2776 5178/5506/2776 5177/5501/2776
f 5176/5497/2776 5178/5506/2776 5184/5505/2776 5182/5498/2776
f 5431/5487/2853 5435/5496/2856 5436/5495/2857 5432/5488/2852
f 5433/5493/2855 5409/5475/2840 5426/5476/2841 5183/5494/2854
f 5180/5504/3020 5186/5481/3017 5434/5482/3018 5185/5503/3019
f 5236/5255/2860 5212/5507/3021 5210/5315/2920 5235/5256/2861
f 5211/5301/2906 5214/5326/2931 5215/5508/3022 5212/5507/3021
f 5212/5507/3021 5215/5508/3022 5213/5312/2917 5210/5315/2920
f 5214/5326/2931 5217/5322/2927 5218/5509/3023 5215/5508/3022
f 5215/5508/3022 5218/5509/3023 5216/5311/2916 5213/5312/2917
f 5217/5322/2927 5220/5321/2926 5221/5510/3024 5218/5509/3023
f 5218/5509/3023 5221/5510/3024 5219/5308/2913 5216/5311/2916
f 5220/5321/2926 5223/5318/2923 5224/5511/3025 5221/5510/3024
f 5221/5510/3024 5224/5511/3025 5222/5307/2912 5219/5308/2913
f 5223/5318/2923 5226/5317/2922 5227/5512/3026 5224/5511/3025
f 5224/5511/3025 5227/5512/3026 5225/5304/2909 5222/5307/2912
f 5226/5317/2922 5229/5325/2930 5230/5513/3027 5227/5512/3026
f 5227/5512/3026 5230/5513/3027 5228/5303/2908 5225/5304/2909
f 5229/5325/2930 5232/5051/2738 5233/5264/2869 5230/5513/3027
f 5230/5513/3027 5233/5264/2869 5231/5022/2709 5228/5303/2908
f 5210/5315/2920 5092/5314/2919 5195/5071/2749 5235/5256/2861
f 5080/5277/2882 5079/5291/2896 5076/5290/2895 5077/5294/2899
f 5234/5020/2707 5211/5301/2906 5212/5507/3021 5236/5255/2860
o part.008_3626v2uv2.002
v 0.641107 38.489998 0.244120
v 0.604119 38.400002 0.244109
v 0.604012 38.400002 0.596003
v 0.640987 38.489998 0.643000
v 0.058215 38.400002 0.470876
v 0.021217 38.489998 0.500855
v 0.058283 38.400002 0.245944
v -0.054683 38.400002 0.245910
v -0.016694 38.489998 0.245921
v -0.054743 38.400002 0.444849
v -0.016769 38.489998 0.491847
v -0.599540 38.400002 0.318723
v -0.636538 38.489998 0.348703
v -0.636415 38.489998 -0.059174
v -0.712392 38.400002 -0.059197
v -0.674404 38.489998 -0.059186
v -0.712520 38.400002 0.363675
v -0.674531 38.489998 0.363687
v -0.016781 38.489998 0.530835
v -0.016792 38.400002 0.568823
v 0.715957 38.400002 0.667015
v 0.678968 38.489998 0.667004
v 0.716085 38.400002 0.244143
v 0.679096 38.489998 0.244132
v 0.675101 38.489998 0.233134
v 0.706098 38.400002 0.211150
v 0.677113 38.400002 0.190148
v 0.666105 38.489998 0.226133
v 0.654109 38.489998 0.226130
v 0.643123 38.400002 0.190137
v 0.614126 38.400002 0.211122
v 0.645110 38.489998 0.233125
v -0.701385 38.400002 -0.092184
v -0.671401 38.489998 -0.070181
v -0.673388 38.400002 -0.113169
v -0.661402 38.489998 -0.077176
v -0.638398 38.400002 -0.113158
v -0.649406 38.489998 -0.077173
v -0.610413 38.400002 -0.092156
v -0.640411 38.489998 -0.070172
v -0.599426 38.400002 -0.059163
v -0.709527 38.400002 0.382670
v -0.673533 38.489998 0.369685
v -0.700534 38.400002 0.398668
v -0.670536 38.489998 0.375684
v -0.685543 38.400002 0.411669
v -0.666539 38.489998 0.379684
v -0.668550 38.400002 0.418672
v -0.660541 38.489998 0.382685
v 0.021194 38.400002 0.577832
v 0.021206 38.489998 0.538844
v -0.043676 38.400002 0.212923
v -0.013692 38.489998 0.234925
v -0.015679 38.400002 0.192937
v -0.003693 38.489998 0.227930
v 0.019311 38.400002 0.192948
v 0.008303 38.489998 0.227934
v 0.047296 38.400002 0.212950
v 0.017299 38.489998 0.234935
v 0.021294 38.489998 0.245932
v 0.710951 38.400002 0.692006
v 0.676966 38.489998 0.675001
v 0.694950 38.400002 0.710996
v 0.671966 38.489998 0.681997
v 0.672953 38.400002 0.721986
v 0.663967 38.489998 0.685994
v 0.646961 38.400002 0.721978
v 0.655969 38.489998 0.685991
v -0.499207 38.489998 -0.883884
v -0.508216 38.400002 -0.846898
v 0.394449 38.400002 -0.639687
v 0.512568 38.400002 -1.150497
v 0.504559 38.489998 -1.114511
v -0.491199 38.489998 -0.920870
v 0.495551 38.489998 -1.077524
v -0.482190 38.400002 -0.956857
v 0.419474 38.400002 -0.748647
v 0.487542 38.400002 -1.040538
v -0.415122 38.400002 -1.248748
v -0.602160 38.489998 -0.937899
v -0.628160 38.400002 -0.910915
v -0.576159 38.489998 -0.965882
v -0.551159 38.400002 -0.992866
v -0.664111 38.489998 -1.036887
v -0.700103 38.400002 -1.026901
v -0.628119 38.489998 -1.047873
v -0.592126 38.400002 -1.058859
v -0.668075 38.489998 -1.153853
v -0.704061 38.400002 -1.161862
v -0.631089 38.489998 -1.144845
v -0.595102 38.400002 -1.136836
v -0.613060 38.489998 -1.256805
v -0.640044 38.400002 -1.281806
v -0.585077 38.489998 -1.230805
v -0.558092 38.400002 -1.204805
v -0.514071 38.489998 -1.318757
v -0.525057 38.400002 -1.353750
v -0.503086 38.489998 -1.281765
v -0.492100 38.400002 -1.246772
v -0.398105 38.489998 -1.322721
v -0.389097 38.400002 -1.358707
v -0.406114 38.489998 -1.285734
v 0.632512 38.400002 -1.086480
v 0.607512 38.489998 -1.059496
v 0.581511 38.489998 -1.031512
v 0.556510 38.400002 -1.004528
v 0.704456 38.400002 -0.971493
v 0.669463 38.489998 -0.960507
v 0.632471 38.489998 -0.949522
v 0.597478 38.400002 -0.938536
v 0.709413 38.400002 -0.835533
v 0.673427 38.489998 -0.844541
v 0.636440 38.489998 -0.852550
v 0.599454 38.400002 -0.860559
v 0.645396 38.400002 -0.715589
v 0.618412 38.489998 -0.741589
v 0.590428 38.489998 -0.766590
v 0.563444 38.400002 -0.792590
v 0.530409 38.400002 -0.643645
v 0.519423 38.489998 -0.679637
v 0.508438 38.489998 -0.715630
v 0.497452 38.400002 -0.751622
v 0.402458 38.489998 -0.675674
v 0.411466 38.489998 -0.712660
v 0.411268 38.489998 -0.058858
v 0.419277 38.400002 -0.094844
v -0.435313 38.400002 -0.597951
v -0.431303 38.489998 -0.634938
v -0.425282 38.400002 -0.709914
v -0.428292 38.489998 -0.672926
v 0.394251 38.400002 0.015115
v 0.402260 38.489998 -0.021872
v 0.505361 38.488998 -0.460708
v 0.014555 38.400002 -0.610811
v -0.054440 38.400002 -0.556848
v -0.016452 38.489998 -0.556837
v -0.054487 38.400002 -0.402895
v -0.016498 38.489998 -0.402883
v 0.058479 38.400002 -0.402860
v 0.021490 38.489998 -0.402872
v 0.058504 38.400002 -0.485835
v 0.021529 38.489998 -0.532832
v 0.497353 38.488998 -0.423721
v -0.393296 38.400002 -0.696908
v -0.417297 38.489998 -0.668924
v -0.375310 38.400002 -0.666912
v -0.411302 38.489998 -0.657925
v -0.378320 38.400002 -0.631923
v -0.412305 38.489998 -0.646929
v -0.401321 38.400002 -0.605938
v -0.420305 38.489998 -0.637934
v -0.499405 38.489998 -0.229081
v -0.508413 38.400002 -0.193095
v -0.491396 38.489998 -0.266068
v -0.482388 38.400002 -0.303054
v -0.602357 38.490997 -0.285096
v -0.628358 38.401001 -0.257112
v -0.576357 38.490997 -0.312080
v -0.551356 38.400002 -0.339064
v -0.664308 38.490997 -0.384084
v -0.700301 38.401001 -0.372099
v -0.627316 38.490997 -0.395070
v -0.592324 38.401001 -0.405056
v -0.667273 38.490997 -0.500050
v -0.704259 38.401001 -0.508059
v -0.630286 38.490997 -0.492042
v -0.595299 38.401001 -0.483034
v -0.612258 38.490997 -0.603003
v -0.640242 38.401001 -0.628004
v -0.584274 38.490997 -0.577002
v -0.558290 38.401001 -0.551002
v -0.513269 38.489998 -0.664954
v -0.525255 38.400002 -0.699947
v -0.502284 38.489998 -0.627962
v -0.492298 38.400002 -0.591970
v 0.508240 38.488998 -0.061827
v 0.497254 38.398998 -0.097820
v 0.530212 38.398998 0.010157
v 0.519226 38.488998 -0.024835
v 0.590231 38.488998 -0.112787
v 0.563247 38.398998 -0.138788
v 0.645199 38.397999 -0.061786
v 0.618214 38.487999 -0.086787
v 0.636243 38.487999 -0.197748
v 0.599256 38.398998 -0.206756
v 0.709216 38.397999 -0.181730
v 0.673229 38.487999 -0.189739
v 0.633273 38.487999 -0.294719
v 0.597281 38.398998 -0.284733
v 0.704258 38.397999 -0.317691
v 0.670265 38.487999 -0.305705
v 0.582313 38.488998 -0.377710
v 0.556313 38.398998 -0.350726
v 0.632315 38.397999 -0.432678
v 0.608313 38.488998 -0.404694
v 0.487345 38.400002 -0.386736
v 0.512370 38.398998 -0.496695
v 0.047472 38.400002 -0.368874
v 0.017488 38.489998 -0.390876
v 0.019474 38.400002 -0.347889
v 0.008489 38.489998 -0.384881
v -0.015515 38.401001 -0.347899
v -0.003508 38.489998 -0.384885
v -0.044500 38.401001 -0.368902
v -0.013503 38.489998 -0.390886
v -0.048435 38.400002 -0.580839
v -0.014450 38.489998 -0.564834
v -0.033434 38.400002 -0.599829
v -0.009449 38.489998 -0.571830
v -0.010437 38.400002 -0.610818
v -0.001451 38.489998 -0.574827
v 0.006547 38.489998 -0.574824
v 0.640911 38.489998 0.892924
v 0.603923 38.400002 0.892913
v 0.603816 38.400002 1.244807
v 0.640791 38.489998 1.291804
v -0.643720 38.400002 0.957517
v -0.651729 38.489998 0.993503
v -0.672725 38.489998 1.002494
v -0.704710 38.400002 0.983490
v -0.711718 38.400002 1.017478
v -0.674728 38.489998 1.014490
v -0.670732 38.489998 1.024488
v -0.698731 38.400002 1.049472
v -0.668746 38.400002 1.067476
v -0.660737 38.489998 1.030489
v 0.715761 38.400002 1.315819
v 0.678772 38.489998 1.315808
v 0.644914 38.489998 0.880929
v 0.613930 38.400002 0.858926
v 0.653913 38.489998 0.874934
v 0.642927 38.400002 0.838941
v 0.665909 38.489998 0.874937
v 0.676917 38.400002 0.838952
v 0.674905 38.489998 0.880938
v 0.705902 38.400002 0.858954
v 0.678900 38.489998 0.892936
v 0.715889 38.400002 0.892947
v -0.663726 38.489998 0.995499
v -0.677711 38.400002 0.960505
v 0.710755 38.400002 1.340810
v 0.676770 38.489998 1.323805
v 0.694754 38.400002 1.359800
v 0.671770 38.489998 1.330801
v 0.672757 38.400002 1.370790
v 0.663771 38.489998 1.334798
v 0.646765 38.400002 1.370782
v 0.655773 38.489998 1.334795
v 0.604012 38.400002 0.596003
v 0.058215 38.400002 0.470876
v -0.054743 38.400002 0.444849
v -0.599540 38.400002 0.318723
v 0.058504 38.400002 -0.485835
v 0.603816 38.400002 1.244807
v -0.791628 38.400002 1.386003
v -0.405628 38.400002 1.545003
v 0.008372 38.400002 1.600003
v 0.422372 38.400002 1.545003
v 0.808372 38.400002 1.386003
v 1.139372 38.400002 1.131003
v 1.394372 38.400002 0.800003
v 1.553372 38.400002 0.414003
v 4.345372 38.047001 0.000003
v 4.847372 37.122002 1.297002
v 4.593371 37.637001 1.229003
v 4.198372 38.047001 1.123003
v 3.699372 38.308998 0.989003
v 3.147372 38.380001 0.841003
v 3.699372 29.990999 0.989001
v 4.198372 30.253000 1.123001
v 4.593371 30.663000 1.229002
v 4.847372 31.177999 1.297001
v 2.326372 37.299999 0.621003
v 0.008372 37.299999 0.000003
v 1.553372 40.400002 0.414003
v 2.326372 40.400002 0.621003
v 2.326372 38.380001 0.621003
v 4.934372 36.549999 1.320003
v 4.934372 31.750000 1.320002
v 3.147372 29.900000 0.841001
v 3.147372 28.820000 0.841001
v 2.326372 28.820000 0.621001
v 2.086372 28.820000 1.200001
v 2.823372 28.820000 1.625001
v 2.823372 29.900000 1.625001
v 4.425372 31.750000 2.550001
v 4.425372 36.549999 2.550002
v 2.086372 38.380001 1.200003
v 2.086372 40.400002 1.200003
v 1.394372 40.400002 0.800003
v 2.086372 37.299999 1.200003
v 4.346372 31.177999 2.505002
v 4.119371 30.663000 2.373001
v 3.764372 30.253000 2.169001
v 3.318372 29.990999 1.911001
v 2.823372 38.380001 1.625003
v 3.318372 38.308998 1.911003
v 3.764372 38.047001 2.169003
v 4.119371 37.637001 2.373002
v 4.346372 37.122002 2.505002
v 3.550372 37.121998 3.542002
v 3.364372 37.637001 3.356002
v 3.075372 38.046997 3.067002
v 2.710372 38.308998 2.702002
v 2.306372 38.380001 2.298003
v 2.710372 29.990999 2.702001
v 3.075372 30.253000 3.067001
v 3.364372 30.663000 3.356001
v 3.550372 31.177999 3.542001
v 1.705372 37.299999 1.697003
v 1.139372 40.400002 1.131003
v 1.705372 40.400002 1.697003
v 1.705372 38.380001 1.697003
v 3.614372 36.549999 3.606002
v 3.614372 31.750000 3.606001
v 2.306372 29.900000 2.298001
v 2.306372 28.820000 2.298001
v 1.705372 28.820000 1.697001
v 1.208372 28.820000 2.078001
v 1.633372 28.820000 2.815001
v 1.633372 29.900000 2.815001
v 2.558372 31.750000 4.417002
v 2.558372 36.549999 4.417003
v 1.208372 38.380001 2.078003
v 1.208372 40.400002 2.078003
v 0.808372 40.400002 1.386003
v 1.208372 37.299999 2.078003
v 2.513372 31.177999 4.338001
v 2.381372 30.663000 4.111001
v 2.177372 30.253000 3.756001
v 1.919372 29.990999 3.310001
v 1.633372 38.380001 2.815002
v 1.919372 38.308998 3.310002
v 2.177372 38.046997 3.756002
v 2.381372 37.637001 4.111002
v 2.513372 37.121998 4.338002
v 1.305372 37.121998 4.839003
v 1.237372 37.637001 4.585002
v 1.131372 38.046997 4.190002
v 0.997372 38.308998 3.691002
v 0.849372 38.379997 3.139003
v 0.997372 29.990999 3.691001
v 1.131372 30.253000 4.190001
v 1.237372 30.663000 4.585001
v 1.305372 31.177999 4.839002
v 0.629372 37.299999 2.318003
v 0.422372 40.400002 1.545003
v 0.629372 40.400002 2.318003
v 0.629372 38.380001 2.318003
v 1.328372 36.549999 4.926002
v 1.328372 31.750000 4.926001
v 0.849372 29.900000 3.139001
v 0.849372 28.820000 3.139001
v 0.629372 28.820000 2.318001
v 0.008372 28.820000 2.400001
v 0.008372 28.820000 3.250001
v 0.008372 29.900000 3.250001
v 0.008372 31.750000 5.100001
v 0.008372 36.549999 5.100002
v 0.008372 38.380001 2.400002
v 0.008372 40.400002 2.400003
v 0.008372 40.400002 1.600003
v 0.008372 37.299999 2.400002
v 0.008372 31.177999 5.009001
v 0.008372 30.663000 4.747002
v 0.008372 30.253000 4.337001
v 0.008372 29.990999 3.822001
v 0.008372 38.379997 3.250002
v 0.008372 38.308998 3.822002
v 0.008372 38.046997 4.337002
v 0.008372 37.637001 4.747003
v 0.008372 37.121998 5.009002
v -1.288628 37.121998 4.839003
v -1.220628 37.637001 4.585002
v -1.114628 38.046997 4.190002
v -0.980628 38.308998 3.691002
v -0.832628 38.379997 3.139002
v -0.980628 29.990999 3.691001
v -1.114628 30.253000 4.190001
v -1.220628 30.663000 4.585001
v -1.288628 31.177999 4.839002
v -0.612628 37.299999 2.318002
v -0.405628 40.400002 1.545003
v -0.612628 40.400002 2.318003
v -0.612628 38.380001 2.318003
v -1.311628 36.549999 4.926003
v -1.311628 31.750000 4.926002
v -0.832628 29.900000 3.139001
v -0.832628 28.820000 3.139001
v -0.612628 28.820000 2.318001
v -1.191628 28.820000 2.078001
v -1.616627 28.820000 2.815001
v -1.616627 29.900000 2.815001
v -2.541627 31.750000 4.417001
v -2.541627 36.549999 4.417002
v -1.191628 38.380001 2.078003
v -1.191628 40.400002 2.078003
v -0.791628 40.400002 1.386003
v -1.191628 37.299999 2.078002
v -2.496628 31.177999 4.338002
v -2.364627 30.663000 4.111001
v -2.160628 30.253000 3.756001
v -1.902628 29.990999 3.310001
v -1.616627 38.380001 2.815003
v -1.902628 38.308998 3.310002
v -2.160628 38.046997 3.756002
v -2.364627 37.637001 4.111002
v -2.496628 37.121998 4.338003
v -3.533627 37.121998 3.542002
v -3.347627 37.637001 3.356002
v -3.058627 38.046997 3.067002
v -2.693627 38.308998 2.702002
v -2.289628 38.380001 2.298003
v -2.693627 29.990999 2.702001
v -3.058627 30.253000 3.067001
v -3.347627 30.663000 3.356001
v -3.533627 31.177999 3.542001
v -1.688628 37.299999 1.697003
v -1.122628 40.400002 1.131003
v -1.688628 40.400002 1.697003
v -1.688628 38.380001 1.697003
v -3.597627 36.549999 3.606002
v -3.597627 31.750000 3.606001
v -2.289628 29.900000 2.298001
v -2.289628 28.820000 2.298001
v -1.688628 28.820000 1.697001
v -2.069628 28.820000 1.200001
v -2.806627 28.820000 1.625001
v -2.806627 29.900000 1.625001
v -4.408628 31.750000 2.550001
v -4.408628 36.549999 2.550002
v -2.069628 38.380001 1.200003
v -2.069628 40.400002 1.200003
v -1.377628 40.400002 0.800003
v -2.069628 37.299999 1.200003
v -4.329627 31.177999 2.505001
v -4.102627 30.663000 2.373001
v -3.747627 30.253000 2.169001
v -3.301627 29.990999 1.911001
v -2.806627 38.380001 1.625003
v -3.301627 38.308998 1.911003
v -3.747627 38.047001 2.169002
v -4.102627 37.637001 2.373002
v -4.329627 37.122002 2.505002
v -4.830627 37.122002 1.297003
v -4.576627 37.637001 1.229003
v -4.181627 38.047001 1.123003
v -3.682627 38.308998 0.989003
v -3.130627 38.380001 0.841003
v -3.682627 29.990999 0.989001
v -4.181627 30.253000 1.123001
v -4.576627 30.663000 1.229002
v -4.830627 31.177999 1.297002
v -2.309628 37.299999 0.621003
v -1.536628 40.400002 0.414003
v -2.309628 40.400002 0.621003
v -2.309628 38.380001 0.621003
v -4.917627 36.549999 1.320002
v -4.917627 31.750000 1.320002
v -3.130627 29.900000 0.841001
v -3.130627 28.820000 0.841001
v -2.309628 28.820000 0.621001
v -2.391627 28.820000 0.000001
v -3.241627 28.820000 0.000001
v -3.241627 29.900002 0.000001
v -5.091627 31.750000 0.000002
v -5.091627 36.549999 0.000003
v -2.391627 38.380001 0.000003
v -2.391627 40.400002 0.000003
v -1.591627 40.400002 0.000003
v -2.391627 37.299999 0.000003
v -5.000627 31.178001 0.000002
v -4.738627 30.663000 0.000002
v -4.328627 30.253000 0.000001
v -3.813627 29.991001 0.000001
v -3.241627 38.380001 0.000003
v -3.813627 38.308998 0.000003
v -4.328627 38.047001 0.000003
v -4.738627 37.637001 0.000003
v -5.000627 37.122002 0.000003
v -4.830627 37.122002 -1.296997
v -4.576627 37.637001 -1.228997
v -4.181627 38.047001 -1.122997
v -3.682627 38.308998 -0.988997
v -3.130627 38.380001 -0.840997
v -3.682627 29.991001 -0.988998
v -4.181627 30.253000 -1.122998
v -4.576627 30.663000 -1.228998
v -4.830627 31.178001 -1.296998
v -2.309628 37.299999 -0.620997
v -1.536628 40.400002 -0.413997
v -2.309628 40.400002 -0.620997
v -2.309628 38.380001 -0.620997
v -4.917627 36.549999 -1.319997
v -4.917627 31.750000 -1.319998
v -3.130627 29.900002 -0.840999
v -3.130627 28.820002 -0.840999
v -2.309628 28.820002 -0.620999
v -2.069628 28.820002 -1.199998
v -2.806628 28.820002 -1.624998
v -2.806628 29.900002 -1.624998
v -4.408627 31.750000 -2.549998
v -4.408627 36.549999 -2.549997
v -2.069628 38.380001 -1.199997
v -2.069628 40.400002 -1.199997
v -1.377627 40.400002 -0.799997
v -2.069628 37.299999 -1.199997
v -4.329628 31.178001 -2.504998
v -4.102627 30.663000 -2.372998
v -3.747627 30.253000 -2.168998
v -3.301627 29.991001 -1.910998
v -2.806628 38.380001 -1.624997
v -3.301627 38.308998 -1.910997
v -3.747627 38.047001 -2.168997
v -4.102627 37.637001 -2.372997
v -4.329628 37.122002 -2.504997
v -3.533627 37.122002 -3.541997
v -3.347627 37.637001 -3.355997
v -3.058627 38.047001 -3.066997
v -2.693627 38.308998 -2.701997
v -2.289628 38.380001 -2.297997
v -2.693627 29.991001 -2.701998
v -3.058627 30.253000 -3.066998
v -3.347627 30.663000 -3.355998
v -3.533627 31.178001 -3.541998
v -1.688628 37.299999 -1.696997
v -1.122628 40.400002 -1.130997
v -1.688628 40.400002 -1.696997
v -1.688628 38.380001 -1.696997
v -3.597627 36.549999 -3.605997
v -3.597627 31.750000 -3.605998
v -2.289628 29.900002 -2.297998
v -2.289628 28.820002 -2.297999
v -1.688628 28.820002 -1.696999
v -1.191628 28.820002 -2.077999
v -1.616627 28.820002 -2.814998
v -1.616627 29.900002 -2.814998
v -2.541627 31.750000 -4.416998
v -2.541627 36.550003 -4.416997
v -1.191628 38.380001 -2.077997
v -1.191628 40.400002 -2.077997
v -0.791628 40.400002 -1.385997
v -1.191628 37.299999 -2.077997
v -2.496627 31.178001 -4.337997
v -2.364627 30.663000 -4.110997
v -2.160627 30.253000 -3.755998
v -1.902627 29.991001 -3.309998
v -1.616627 38.380001 -2.814997
v -1.902627 38.309002 -3.309997
v -2.160627 38.047001 -3.755997
v -2.364627 37.637001 -4.110996
v -2.496627 37.122002 -4.337996
v -1.288628 37.122002 -4.838997
v -1.220628 37.637001 -4.584997
v -1.114627 38.047001 -4.189996
v -0.980628 38.309002 -3.690997
v -0.832628 38.380001 -3.138997
v -0.980628 29.991001 -3.690998
v -1.114627 30.253000 -4.189998
v -1.220628 30.663000 -4.584998
v -1.288628 31.178001 -4.838998
v -0.612628 37.299999 -2.317997
v -0.405628 40.400002 -1.544997
v -0.612628 40.400002 -2.317997
v -0.612628 38.380001 -2.317997
v -1.311628 36.550003 -4.925996
v -1.311628 31.750000 -4.925997
v -0.832628 29.900002 -3.138998
v -0.832628 28.820002 -3.138999
v -0.612628 28.820002 -2.317999
v 0.008372 28.820002 -2.399998
v 0.008372 28.820002 -3.249998
v 0.008372 29.900002 -3.249998
v 0.008372 31.750000 -5.099997
v 0.008372 36.550003 -5.099996
v 0.008372 38.380001 -2.399997
v 0.008372 40.400002 -2.399997
v 0.008372 40.400002 -1.599997
v 0.008372 37.299999 -2.399997
v 0.008372 31.178001 -5.008997
v 0.008372 30.663000 -4.746998
v 0.008372 30.253000 -4.336998
v 0.008372 29.991001 -3.821998
v 0.008372 38.380001 -3.249997
v 0.008372 38.309002 -3.821997
v 0.008372 38.047001 -4.336997
v 0.008372 37.637001 -4.746997
v 0.008372 37.122002 -5.008996
v 1.305372 37.122002 -4.838997
v 1.237372 37.637001 -4.584996
v 1.131372 38.047001 -4.189997
v 0.997372 38.309002 -3.690997
v 0.849372 38.380001 -3.138997
v 0.997372 29.991001 -3.690998
v 1.131372 30.253000 -4.189998
v 1.237372 30.663000 -4.584997
v 1.305372 31.178001 -4.838998
v 0.629372 37.299999 -2.317997
v 0.422372 40.400002 -1.544997
v 0.629372 40.400002 -2.317997
v 0.629372 38.380001 -2.317997
v 1.328372 36.550003 -4.925997
v 1.328372 31.750000 -4.925998
v 0.849372 29.900002 -3.138998
v 0.849372 28.820002 -3.138998
v 0.629372 28.820002 -2.317999
v 1.208372 28.820002 -2.077999
v 1.633372 28.820002 -2.814999
v 1.633372 29.900002 -2.814998
v 2.558372 31.750000 -4.416997
v 2.558372 36.550003 -4.416996
v 1.208372 38.380001 -2.077997
v 1.208372 40.400002 -2.077997
v 0.808372 40.400002 -1.385997
v 1.208372 37.299999 -2.077997
v 2.513372 31.178001 -4.337998
v 2.381372 30.663000 -4.110997
v 2.177372 30.253000 -3.755998
v 1.919372 29.991001 -3.309998
v 1.633372 38.380001 -2.814997
v 1.919372 38.309002 -3.309997
v 2.177372 38.047001 -3.755997
v 2.381372 37.637001 -4.110996
v 2.513372 37.122002 -4.337997
v 3.550372 37.122002 -3.541997
v 3.364372 37.637001 -3.355997
v 3.075372 38.047001 -3.066997
v 2.710372 38.308998 -2.701997
v 2.306372 38.380001 -2.297997
v 2.710372 29.991001 -2.701998
v 3.075372 30.253000 -3.066998
v 3.364372 30.663000 -3.355998
v 3.550372 31.178001 -3.541998
v 1.705372 37.299999 -1.696997
v 1.139372 40.400002 -1.130997
v 1.705372 40.400002 -1.696997
v 1.705372 38.380001 -1.696997
v 3.614372 36.549999 -3.605997
v 3.614372 31.750000 -3.605998
v 2.306372 29.900002 -2.297998
v 2.306372 28.820002 -2.297999
v 1.705372 28.820002 -1.696999
v 2.086372 28.820002 -1.199999
v 2.823372 28.820002 -1.624998
v 2.823372 29.900002 -1.624998
v 4.425372 31.750000 -2.549998
v 4.425372 36.549999 -2.549997
v 2.086372 38.380001 -1.199997
v 2.086372 40.400002 -1.199997
v 1.394372 40.400002 -0.799997
v 2.086372 37.299999 -1.199997
v 4.346372 31.178001 -2.504998
v 4.119371 30.663000 -2.372998
v 3.764372 30.253000 -2.168998
v 3.318372 29.991001 -1.910998
v 2.823372 38.380001 -1.624997
v 3.318372 38.308998 -1.910997
v 3.764372 38.047001 -2.168997
v 4.119371 37.637001 -2.372997
v 4.346372 37.122002 -2.504997
v 4.847372 37.122002 -1.296997
v 4.593372 37.637001 -1.228997
v 4.198371 38.047001 -1.122997
v 3.699372 38.308998 -0.988997
v 3.147372 38.380001 -0.840997
v 3.699372 29.991001 -0.988998
v 4.198371 30.253000 -1.122998
v 4.593372 30.663000 -1.228998
v 4.847372 31.178001 -1.296998
v 2.326372 37.299999 -0.620997
v 1.553372 40.400002 -0.413997
v 2.326372 40.400002 -0.620997
v 2.326372 38.380001 -0.620997
v 4.934371 36.549999 -1.319997
v 4.934371 31.750000 -1.319998
v 3.147372 29.900002 -0.840998
v 3.147372 28.820002 -0.840999
v 2.326372 28.820002 -0.620999
v 2.408372 28.820000 0.000001
v 3.258372 28.820000 0.000001
v 3.258372 29.900002 0.000001
v 5.108371 31.750000 0.000002
v 5.108371 36.549999 0.000003
v 2.408372 38.380001 0.000003
v 2.408372 40.400002 0.000003
v 1.608372 40.400002 0.000003
v 2.408372 37.299999 0.000003
v 5.017372 31.178001 0.000002
v 4.755372 30.663000 0.000002
v 4.345372 30.253000 0.000001
v 3.830372 29.991001 0.000001
v 3.258372 38.380001 0.000003
v 3.830372 38.308998 0.000003
v 4.755372 37.637001 0.000003
v 5.017372 37.122002 0.000003
v -1.122628 38.400002 1.131003
v -1.377628 38.400002 0.800003
v -1.536628 38.400002 0.414003
v -1.591627 38.400002 0.000003
v -1.536628 38.400002 -0.413997
v -1.377627 38.400002 -0.799997
v -1.122628 38.400002 -1.130997
v -0.791628 38.400002 -1.385997
v -0.405628 38.400002 -1.544997
v 0.008372 38.400002 -1.599997
v 0.422372 38.400002 -1.544997
v 0.808372 38.400002 -1.385997
v 1.139372 38.400002 -1.130997
v 1.394372 38.400002 -0.799997
v 1.553372 38.400002 -0.413997
v 1.608372 38.400002 0.000003
v 0.008372 38.400002 0.000003
v 4.934372 36.500000 1.320003
v 4.425372 36.500000 2.550002
v 3.614372 36.500000 3.606002
v 2.558372 36.500000 4.417003
v 1.328372 36.500000 4.926002
v 0.008372 36.500000 5.100002
v -1.311628 36.500000 4.926003
v -2.541627 36.500000 4.417002
v -3.597627 36.500000 3.606002
v -4.408628 36.500000 2.550002
v -4.917627 36.500000 1.320002
v -5.091627 36.500000 0.000003
v -4.917627 36.500000 -1.319997
v -4.408627 36.500000 -2.549997
v -3.597627 36.500000 -3.605997
v -2.541627 36.500000 -4.416997
v -1.311628 36.500000 -4.925996
v 0.008372 36.500000 -5.099996
v 1.328372 36.500000 -4.925997
v 2.558372 36.500000 -4.416996
v 3.614372 36.500000 -3.605997
v 4.425372 36.500000 -2.549997
v 4.934371 36.500000 -1.319997
v 5.108371 36.500000 0.000003
v 4.934372 31.799999 1.320002
v 3.614372 31.799999 3.606001
v 1.328372 31.799999 4.926001
v -1.311628 31.799999 4.926002
v -3.597627 31.799999 3.606001
v -4.917627 31.799999 1.320002
v -4.917627 31.800001 -1.319998
v -3.597627 31.800001 -3.605998
v -1.311628 31.800001 -4.925997
v 1.328372 31.800001 -4.925998
v 3.614372 31.800001 -3.605998
v 4.934371 31.800001 -1.319998
v 4.425372 31.799999 2.550001
v 2.558372 31.799999 4.417002
v 0.008372 31.799999 5.100001
v -2.541627 31.799999 4.417001
v -4.408628 31.799999 2.550001
v -5.091627 31.799999 0.000002
v -4.408627 31.800001 -2.549998
v -2.541627 31.800001 -4.416998
v 0.008372 31.800001 -5.099997
v 2.558372 31.800001 -4.416997
v 4.425372 31.800001 -2.549998
v 5.108371 31.799999 0.000002
v -0.791628 38.400002 1.386003
v -1.122628 38.400002 1.131003
v -0.405628 38.400002 1.545003
v 0.008372 38.400002 1.600003
v 0.422372 38.400002 1.545003
v 0.808372 38.400002 1.386003
v 1.139372 38.400002 1.131003
v 1.394372 38.400002 0.800003
v 1.553372 38.400002 0.414003
v 2.326372 28.820000 0.621001
v 2.086372 28.820000 1.200001
v 3.147372 28.820000 0.841001
v 2.823372 28.820000 1.625001
v 3.147372 29.900000 0.841001
v 2.823372 29.900000 1.625001
v 2.326372 38.380001 0.621003
v 2.086372 38.380001 1.200003
v 2.326372 40.400002 0.621003
v 2.086372 40.400002 1.200003
v 1.553372 40.400002 0.414003
v 1.394372 40.400002 0.800003
v 2.326372 37.299999 0.621003
v 2.086372 37.299999 1.200003
v 1.705372 38.380001 1.697003
v 2.306372 29.900000 2.298001
v 1.705372 28.820000 1.697001
v 1.705372 37.299999 1.697003
v 1.139372 40.400002 1.131003
v 1.705372 40.400002 1.697003
v 2.306372 28.820000 2.298001
v 1.208372 28.820000 2.078001
v 1.633372 28.820000 2.815001
v 1.633372 29.900000 2.815001
v 1.208372 38.380001 2.078003
v 1.208372 40.400002 2.078003
v 0.808372 40.400002 1.386003
v 1.208372 37.299999 2.078003
v 0.629372 38.380001 2.318003
v 0.849372 29.900000 3.139001
v 0.629372 28.820000 2.318001
v 0.629372 37.299999 2.318003
v 0.422372 40.400002 1.545003
v 0.629372 40.400002 2.318003
v 0.849372 28.820000 3.139001
v 0.008372 28.820000 2.400001
v 0.008372 28.820000 3.250001
v 0.008372 29.900000 3.250001
v 0.008372 38.380001 2.400002
v 0.008372 40.400002 2.400003
v 0.008372 40.400002 1.600003
v 0.008372 37.299999 2.400002
v -0.612628 38.380001 2.318003
v -0.832628 29.900000 3.139001
v -0.612628 28.820000 2.318001
v -0.612628 37.299999 2.318002
v -0.405628 40.400002 1.545003
v -0.612628 40.400002 2.318003
v -0.832628 28.820000 3.139001
v -1.191628 28.820000 2.078001
v -1.616627 28.820000 2.815001
v -1.616627 29.900000 2.815001
v -1.191628 38.380001 2.078003
v -1.191628 40.400002 2.078003
v -0.791628 40.400002 1.386003
v -1.191628 37.299999 2.078002
v -1.688628 38.380001 1.697003
v -2.289628 29.900000 2.298001
v -1.688628 28.820000 1.697001
v -1.688628 37.299999 1.697003
v -1.122628 40.400002 1.131003
v -1.688628 40.400002 1.697003
v -2.289628 28.820000 2.298001
v -2.069628 28.820000 1.200001
v -2.806627 28.820000 1.625001
v -2.806627 29.900000 1.625001
v -2.069628 38.380001 1.200003
v -2.069628 40.400002 1.200003
v -1.377628 40.400002 0.800003
v -2.069628 37.299999 1.200003
v -2.309628 38.380001 0.621003
v -3.130627 29.900000 0.841001
v -2.309628 28.820000 0.621001
v -2.309628 37.299999 0.621003
v -1.536628 40.400002 0.414003
v -2.309628 40.400002 0.621003
v -3.130627 28.820000 0.841001
v -2.391627 28.820000 0.000001
v -3.241627 28.820000 0.000001
v -3.241627 29.900002 0.000001
v -2.391627 38.380001 0.000003
v -2.391627 40.400002 0.000003
v -1.591627 40.400002 0.000003
v -2.391627 37.299999 0.000003
v -2.309628 38.380001 -0.620997
v -3.130627 29.900002 -0.840999
v -2.309628 28.820002 -0.620999
v -2.309628 37.299999 -0.620997
v -1.536628 40.400002 -0.413997
v -2.309628 40.400002 -0.620997
v -3.130627 28.820002 -0.840999
v -2.069628 28.820002 -1.199998
v -2.806628 28.820002 -1.624998
v -2.806628 29.900002 -1.624998
v -2.069628 38.380001 -1.199997
v -2.069628 40.400002 -1.199997
v -1.377627 40.400002 -0.799997
v -2.069628 37.299999 -1.199997
v -1.688628 38.380001 -1.696997
v -2.289628 29.900002 -2.297998
v -1.688628 28.820002 -1.696999
v -1.688628 37.299999 -1.696997
v -1.122628 40.400002 -1.130997
v -1.688628 40.400002 -1.696997
v -2.289628 28.820002 -2.297999
v -1.191628 28.820002 -2.077999
v -1.616627 28.820002 -2.814998
v -1.616627 29.900002 -2.814998
v -1.191628 38.380001 -2.077997
v -1.191628 40.400002 -2.077997
v -0.791628 40.400002 -1.385997
v -1.191628 37.299999 -2.077997
v -0.612628 38.380001 -2.317997
v -0.832628 29.900002 -3.138998
v -0.612628 28.820002 -2.317999
v -0.612628 37.299999 -2.317997
v -0.405628 40.400002 -1.544997
v -0.612628 40.400002 -2.317997
v -0.832628 28.820002 -3.138999
v 0.008372 28.820002 -2.399998
v 0.008372 28.820002 -3.249998
v 0.008372 29.900002 -3.249998
v 0.008372 38.380001 -2.399997
v 0.008372 40.400002 -2.399997
v 0.008372 40.400002 -1.599997
v 0.008372 37.299999 -2.399997
v 0.629372 38.380001 -2.317997
v 0.849372 29.900002 -3.138998
v 0.629372 28.820002 -2.317999
v 0.629372 37.299999 -2.317997
v 0.422372 40.400002 -1.544997
v 0.629372 40.400002 -2.317997
v 0.849372 28.820002 -3.138998
v 1.208372 28.820002 -2.077999
v 1.633372 28.820002 -2.814999
v 1.633372 29.900002 -2.814998
v 1.208372 38.380001 -2.077997
v 1.208372 40.400002 -2.077997
v 0.808372 40.400002 -1.385997
v 1.208372 37.299999 -2.077997
v 1.705372 38.380001 -1.696997
v 2.306372 29.900002 -2.297998
v 1.705372 28.820002 -1.696999
v 1.705372 37.299999 -1.696997
v 1.139372 40.400002 -1.130997
v 1.705372 40.400002 -1.696997
v 2.306372 28.820002 -2.297999
v 2.086372 28.820002 -1.199999
v 2.823372 28.820002 -1.624998
v 2.823372 29.900002 -1.624998
v 2.086372 38.380001 -1.199997
v 2.086372 40.400002 -1.199997
v 1.394372 40.400002 -0.799997
v 2.086372 37.299999 -1.199997
v 2.326372 38.380001 -0.620997
v 3.147372 29.900002 -0.840998
v 2.326372 28.820002 -0.620999
v 2.326372 37.299999 -0.620997
v 1.553372 40.400002 -0.413997
v 2.326372 40.400002 -0.620997
v 3.147372 28.820002 -0.840999
v 2.408372 28.820000 0.000001
v 3.258372 28.820000 0.000001
v 3.258372 29.900002 0.000001
v 2.408372 38.380001 0.000003
v 2.408372 40.400002 0.000003
v 1.608372 40.400002 0.000003
v 2.408372 37.299999 0.000003
v -1.377628 38.400002 0.800003
v -1.536628 38.400002 0.414003
v -1.591627 38.400002 0.000003
v -1.536628 38.400002 -0.413997
v -1.377627 38.400002 -0.799997
v -1.122628 38.400002 -1.130997
v -0.791628 38.400002 -1.385997
v -0.405628 38.400002 -1.544997
v 0.008372 38.400002 -1.599997
v 0.422372 38.400002 -1.544997
v 0.808372 38.400002 -1.385997
v 1.139372 38.400002 -1.130997
v 1.394372 38.400002 -0.799997
v 1.553372 38.400002 -0.413997
v 1.608372 38.400002 0.000003
vt 0.000670 0.000099
vt 0.000698 0.000111
vt 0.000598 0.000186
vt 0.000560 0.000170
vt 0.000598 0.000186
vt 0.000642 0.000386
vt 0.000609 0.000417
vt 0.000642 0.000386
vt 0.000717 0.000415
vt 0.000696 0.000434
vt 0.000694 0.000445
vt 0.000707 0.000469
vt 0.000638 0.000472
vt 0.000609 0.000433
vt 0.000638 0.000472
vt 0.000605 0.000683
vt 0.000563 0.000693
vt 0.000605 0.000683
vt 0.000690 0.000811
vt 0.000652 0.000811
vt 0.000642 0.000819
vt 0.000629 0.000854
vt 0.000518 0.000720
vt 0.000549 0.000701
vt 0.000547 0.000693
vt 0.000511 0.000692
vt 0.000556 0.000426
vt 0.000595 0.000429
vt 0.000548 0.000159
vt 0.000527 0.000134
vt 0.000665 0.000057
vt 0.000663 0.000090
vt 0.000680 0.000061
vt 0.000667 0.000089
vt 0.000692 0.000071
vt 0.000670 0.000090
vt 0.000671 0.000096
vt 0.000701 0.000098
vt 0.000671 0.000093
vt 0.000699 0.000084
vt 0.000646 0.000820
vt 0.000645 0.000856
vt 0.000649 0.000820
vt 0.000662 0.000853
vt 0.000652 0.000818
vt 0.000676 0.000843
vt 0.000653 0.000815
vt 0.000686 0.000829
vt 0.000515 0.000713
vt 0.000548 0.000700
vt 0.000513 0.000706
vt 0.000547 0.000698
vt 0.000511 0.000699
vt 0.000547 0.000695
vt 0.000594 0.000414
vt 0.000556 0.000411
vt 0.000511 0.000167
vt 0.000544 0.000168
vt 0.000697 0.000443
vt 0.000717 0.000462
vt 0.000699 0.000441
vt 0.000724 0.000451
vt 0.000700 0.000438
vt 0.000726 0.000438
vt 0.000699 0.000436
vt 0.000723 0.000425
vt 0.000546 0.000161
vt 0.000520 0.000141
vt 0.000544 0.000163
vt 0.000516 0.000149
vt 0.000544 0.000165
vt 0.000512 0.000158
vt 0.000281 0.000530
vt 0.000241 0.000540
vt 0.000241 0.000177
vt 0.000280 0.000184
vt 0.000471 0.000184
vt 0.000511 0.000176
vt 0.000511 0.000535
vt 0.000472 0.000529
vt 0.000297 0.000529
vt 0.000295 0.000186
vt 0.000456 0.000185
vt 0.000458 0.000528
vt 0.000331 0.000521
vt 0.000330 0.000194
vt 0.000423 0.000192
vt 0.000424 0.000522
vt 0.000340 0.000543
vt 0.000312 0.000564
vt 0.000299 0.000573
vt 0.000266 0.000600
vt 0.000356 0.000559
vt 0.000342 0.000590
vt 0.000335 0.000603
vt 0.000317 0.000643
vt 0.000378 0.000565
vt 0.000379 0.000599
vt 0.000380 0.000613
vt 0.000383 0.000657
vt 0.000400 0.000560
vt 0.000416 0.000589
vt 0.000424 0.000601
vt 0.000446 0.000637
vt 0.000416 0.000545
vt 0.000444 0.000563
vt 0.000456 0.000571
vt 0.000491 0.000592
vt 0.000414 0.000169
vt 0.000442 0.000150
vt 0.000454 0.000142
vt 0.000488 0.000116
vt 0.000397 0.000153
vt 0.000414 0.000125
vt 0.000420 0.000111
vt 0.000439 0.000072
vt 0.000375 0.000148
vt 0.000376 0.000115
vt 0.000376 0.000100
vt 0.000374 0.000057
vt 0.000354 0.000154
vt 0.000339 0.000124
vt 0.000332 0.000111
vt 0.000310 0.000074
vt 0.000338 0.000171
vt 0.000310 0.000150
vt 0.000298 0.000142
vt 0.000263 0.000119
vt 0.000776 0.000268
vt 0.000811 0.000265
vt 0.000857 0.000594
vt 0.000823 0.000600
vt 0.000809 0.000601
vt 0.000775 0.000607
vt 0.000726 0.000275
vt 0.000763 0.000271
vt 0.000917 0.000098
vt 0.000916 0.000057
vt 0.001137 0.000058
vt 0.001127 0.000091
vt 0.001135 0.000098
vt 0.001166 0.000083
vt 0.001182 0.000147
vt 0.001151 0.000143
vt 0.001141 0.000148
vt 0.001127 0.000174
vt 0.001100 0.000152
vt 0.001122 0.000108
vt 0.001100 0.000152
vt 0.000918 0.000153
vt 0.000916 0.000113
vt 0.000971 0.000728
vt 0.000954 0.000713
vt 0.000956 0.000711
vt 0.000976 0.000719
vt 0.000957 0.000709
vt 0.000978 0.000708
vt 0.000956 0.000707
vt 0.000975 0.000697
vt 0.000955 0.000705
vt 0.000969 0.000689
vt 0.000952 0.000705
vt 0.000960 0.000684
vt 0.000864 0.000620
vt 0.000833 0.000634
vt 0.000821 0.000640
vt 0.000790 0.000654
vt 0.000878 0.000643
vt 0.000852 0.000664
vt 0.000842 0.000673
vt 0.000816 0.000694
vt 0.000896 0.000660
vt 0.000877 0.000687
vt 0.000871 0.000698
vt 0.000853 0.000725
vt 0.000918 0.000672
vt 0.000907 0.000701
vt 0.000903 0.000712
vt 0.000895 0.000742
vt 0.000943 0.000679
vt 0.000935 0.000706
vt 0.000936 0.000716
vt 0.000941 0.000744
vt 0.000762 0.000230
vt 0.000776 0.000232
vt 0.000726 0.000224
vt 0.000812 0.000238
vt 0.000774 0.000190
vt 0.000787 0.000195
vt 0.000741 0.000174
vt 0.000820 0.000211
vt 0.000797 0.000153
vt 0.000808 0.000163
vt 0.000769 0.000128
vt 0.000837 0.000188
vt 0.000830 0.000124
vt 0.000838 0.000136
vt 0.000809 0.000091
vt 0.000859 0.000169
vt 0.000871 0.000104
vt 0.000875 0.000119
vt 0.000860 0.000067
vt 0.000887 0.000158
vt 0.001144 0.000150
vt 0.001140 0.000179
vt 0.001147 0.000151
vt 0.001154 0.000178
vt 0.001150 0.000149
vt 0.001167 0.000172
vt 0.001151 0.000147
vt 0.001177 0.000160
vt 0.001134 0.000095
vt 0.001161 0.000075
vt 0.001132 0.000093
vt 0.001154 0.000067
vt 0.001130 0.000092
vt 0.001146 0.000062
vt 0.000180 0.000704
vt 0.000194 0.000669
vt 0.000198 0.000671
vt 0.000197 0.000707
vt 0.000165 0.000696
vt 0.000191 0.000666
vt 0.000231 0.000693
vt 0.000203 0.000667
vt 0.000205 0.000662
vt 0.000241 0.000679
vt 0.000206 0.000103
vt 0.000238 0.000114
vt 0.000133 0.000199
vt 0.000090 0.000183
vt 0.000133 0.000199
vt 0.000201 0.000670
vt 0.000215 0.000703
vt 0.000037 0.000182
vt 0.000073 0.000182
vt 0.000077 0.000172
vt 0.000053 0.000146
vt 0.000200 0.000057
vt 0.000199 0.000093
vt 0.000208 0.000099
vt 0.000241 0.000099
vt 0.000208 0.000096
vt 0.000238 0.000084
vt 0.000206 0.000093
vt 0.000229 0.000071
vt 0.000203 0.000092
vt 0.000216 0.000061
vt 0.000074 0.000174
vt 0.000047 0.000154
vt 0.000073 0.000176
vt 0.000042 0.000163
vt 0.000072 0.000179
vt 0.000039 0.000172
vt 0.960000 0.103000
vt 0.963000 0.103000
vt 0.963000 0.122000
vt 0.960000 0.122000
vt 0.966000 0.103000
vt 0.967000 0.103000
vt 0.967000 0.122000
vt 0.966000 0.122000
vt 0.780000 0.915000
vt 0.771000 0.915000
vt 0.776000 0.883000
vt 0.785000 0.883000
vt 0.766000 0.944000
vt 0.756000 0.944000
vt 0.743000 0.967000
vt 0.734000 0.967000
vt 0.714000 0.982000
vt 0.706000 0.982000
vt 0.988000 0.102000
vt 0.983000 0.103000
vt 0.982000 0.103000
vt 0.987000 0.102000
vt 0.975000 0.103000
vt 0.974000 0.103000
vt 0.988000 0.025000
vt 0.987000 0.025000
vt 0.982000 0.024000
vt 0.983000 0.024000
vt 0.714000 0.515000
vt 0.743000 0.530000
vt 0.734000 0.530000
vt 0.706000 0.515000
vt 0.766000 0.553000
vt 0.756000 0.553000
vt 0.780000 0.582000
vt 0.771000 0.582000
vt 0.785000 0.614000
vt 0.776000 0.614000
vt 0.975000 0.093000
vt 0.975000 0.014000
vt 0.974000 0.014000
vt 0.974000 0.093000
vt 0.974000 0.093000
vt 0.975000 0.093000
vt 0.953000 0.093000
vt 0.968000 0.122000
vt 0.967000 0.122000
vt 0.974000 0.122000
vt 0.975000 0.122000
vt 0.975000 0.122000
vt 0.974000 0.122000
vt 0.974000 0.103000
vt 0.975000 0.103000
vt 0.785000 0.616000
vt 0.776000 0.616000
vt 0.983000 0.024000
vt 0.982000 0.024000
vt 0.982000 0.014000
vt 0.983000 0.014000
vt 0.983000 0.014000
vt 0.982000 0.014000
vt 0.974000 0.014000
vt 0.975000 0.014000
vt 0.979000 0.014000
vt 0.972000 0.014000
vt 0.979000 0.024000
vt 0.979000 0.014000
vt 0.747000 0.616000
vt 0.747000 0.614000
vt 0.972000 0.122000
vt 0.972000 0.103000
vt 0.966000 0.122000
vt 0.972000 0.122000
vt 0.972000 0.093000
vt 0.972000 0.014000
vt 0.972000 0.093000
vt 0.743000 0.582000
vt 0.730000 0.553000
vt 0.710000 0.530000
vt 0.685000 0.515000
vt 0.983000 0.025000
vt 0.979000 0.024000
vt 0.972000 0.103000
vt 0.979000 0.103000
vt 0.983000 0.102000
vt 0.685000 0.982000
vt 0.710000 0.967000
vt 0.730000 0.944000
vt 0.743000 0.915000
vt 0.747000 0.883000
vt 0.698000 0.915000
vt 0.702000 0.883000
vt 0.688000 0.944000
vt 0.671000 0.967000
vt 0.651000 0.982000
vt 0.974000 0.103000
vt 0.978000 0.102000
vt 0.969000 0.103000
vt 0.978000 0.025000
vt 0.974000 0.024000
vt 0.671000 0.530000
vt 0.651000 0.515000
vt 0.688000 0.553000
vt 0.698000 0.582000
vt 0.702000 0.614000
vt 0.969000 0.014000
vt 0.969000 0.093000
vt 0.969000 0.093000
vt 0.963000 0.122000
vt 0.969000 0.122000
vt 0.969000 0.122000
vt 0.969000 0.103000
vt 0.702000 0.616000
vt 0.974000 0.024000
vt 0.974000 0.014000
vt 0.974000 0.014000
vt 0.969000 0.014000
vt 0.968000 0.014000
vt 0.964000 0.014000
vt 0.968000 0.024000
vt 0.968000 0.014000
vt 0.642000 0.616000
vt 0.642000 0.614000
vt 0.964000 0.122000
vt 0.964000 0.103000
vt 0.960000 0.122000
vt 0.964000 0.122000
vt 0.964000 0.093000
vt 0.964000 0.014000
vt 0.964000 0.093000
vt 0.640000 0.582000
vt 0.632000 0.553000
vt 0.621000 0.530000
vt 0.607000 0.515000
vt 0.970000 0.025000
vt 0.968000 0.024000
vt 0.964000 0.103000
vt 0.968000 0.103000
vt 0.970000 0.102000
vt 0.607000 0.982000
vt 0.621000 0.967000
vt 0.632000 0.944000
vt 0.640000 0.915000
vt 0.642000 0.883000
vt 0.572000 0.915000
vt 0.573000 0.883000
vt 0.568000 0.944000
vt 0.562000 0.967000
vt 0.555000 0.982000
vt 0.961000 0.103000
vt 0.962000 0.102000
vt 0.959000 0.103000
vt 0.962000 0.025000
vt 0.961000 0.024000
vt 0.562000 0.530000
vt 0.555000 0.515000
vt 0.568000 0.553000
vt 0.572000 0.582000
vt 0.573000 0.614000
vt 0.959000 0.014000
vt 0.959000 0.093000
vt 0.959000 0.093000
vt 0.957000 0.122000
vt 0.959000 0.122000
vt 0.959000 0.122000
vt 0.959000 0.103000
vt 0.573000 0.616000
vt 0.961000 0.024000
vt 0.961000 0.014000
vt 0.961000 0.014000
vt 0.959000 0.014000
vt 0.953000 0.014000
vt 0.953000 0.014000
vt 0.953000 0.024000
vt 0.953000 0.014000
vt 0.499000 0.616000
vt 0.499000 0.614000
vt 0.953000 0.122000
vt 0.953000 0.103000
vt 0.953000 0.122000
vt 0.953000 0.122000
vt 0.953000 0.093000
vt 0.953000 0.014000
vt 0.953000 0.093000
vt 0.499000 0.582000
vt 0.499000 0.553000
vt 0.499000 0.530000
vt 0.499000 0.515000
vt 0.953000 0.025000
vt 0.953000 0.024000
vt 0.953000 0.103000
vt 0.953000 0.103000
vt 0.953000 0.102000
vt 0.499000 0.982000
vt 0.499000 0.967000
vt 0.499000 0.944000
vt 0.499000 0.915000
vt 0.499000 0.883000
vt 0.427000 0.915000
vt 0.425000 0.883000
vt 0.431000 0.944000
vt 0.436000 0.967000
vt 0.444000 0.982000
vt 0.945000 0.103000
vt 0.944000 0.102000
vt 0.947000 0.103000
vt 0.944000 0.025000
vt 0.945000 0.024000
vt 0.436000 0.530000
vt 0.444000 0.515000
vt 0.431000 0.553000
vt 0.427000 0.582000
vt 0.425000 0.614000
vt 0.947000 0.014000
vt 0.947000 0.093000
vt 0.947000 0.093000
vt 0.949000 0.122000
vt 0.947000 0.122000
vt 0.947000 0.122000
vt 0.947000 0.103000
vt 0.425000 0.616000
vt 0.945000 0.024000
vt 0.945000 0.014000
vt 0.945000 0.014000
vt 0.947000 0.014000
vt 0.938000 0.014000
vt 0.942000 0.014000
vt 0.938000 0.024000
vt 0.938000 0.014000
vt 0.356000 0.616000
vt 0.356000 0.614000
vt 0.942000 0.122000
vt 0.942000 0.103000
vt 0.945000 0.122000
vt 0.942000 0.122000
vt 0.942000 0.093000
vt 0.942000 0.014000
vt 0.942000 0.093000
vt 0.359000 0.582000
vt 0.366000 0.553000
vt 0.378000 0.530000
vt 0.392000 0.515000
vt 0.935000 0.025000
vt 0.938000 0.024000
vt 0.942000 0.103000
vt 0.938000 0.103000
vt 0.935000 0.102000
vt 0.392000 0.982000
vt 0.378000 0.967000
vt 0.366000 0.944000
vt 0.359000 0.915000
vt 0.356000 0.883000
vt 0.301000 0.915000
vt 0.297000 0.883000
vt 0.311000 0.944000
vt 0.327000 0.967000
vt 0.348000 0.982000
vt 0.931000 0.103000
vt 0.928000 0.102000
vt 0.937000 0.103000
vt 0.928000 0.025000
vt 0.931000 0.024000
vt 0.327000 0.530000
vt 0.348000 0.515000
vt 0.311000 0.553000
vt 0.301000 0.582000
vt 0.297000 0.614000
vt 0.937000 0.014000
vt 0.937000 0.093000
vt 0.937000 0.093000
vt 0.942000 0.122000
vt 0.937000 0.122000
vt 0.937000 0.122000
vt 0.937000 0.103000
vt 0.297000 0.616000
vt 0.931000 0.024000
vt 0.931000 0.014000
vt 0.931000 0.014000
vt 0.937000 0.014000
vt 0.927000 0.014000
vt 0.933000 0.014000
vt 0.927000 0.024000
vt 0.927000 0.014000
vt 0.252000 0.616000
vt 0.252000 0.614000
vt 0.933000 0.122000
vt 0.933000 0.103000
vt 0.940000 0.122000
vt 0.933000 0.122000
vt 0.933000 0.093000
vt 0.933000 0.014000
vt 0.933000 0.093000
vt 0.256000 0.582000
vt 0.269000 0.553000
vt 0.289000 0.530000
vt 0.314000 0.515000
vt 0.922000 0.025000
vt 0.927000 0.024000
vt 0.933000 0.103000
vt 0.927000 0.103000
vt 0.922000 0.102000
vt 0.314000 0.982000
vt 0.289000 0.967000
vt 0.269000 0.944000
vt 0.256000 0.915000
vt 0.252000 0.883000
vt 0.228000 0.915000
vt 0.223000 0.883000
vt 0.242000 0.944000
vt 0.265000 0.967000
vt 0.292000 0.982000
vt 0.924000 0.103000
vt 0.919000 0.102000
vt 0.931000 0.103000
vt 0.919000 0.025000
vt 0.924000 0.024000
vt 0.265000 0.530000
vt 0.292000 0.515000
vt 0.242000 0.553000
vt 0.228000 0.582000
vt 0.223000 0.614000
vt 0.931000 0.014000
vt 0.931000 0.093000
vt 0.931000 0.093000
vt 0.938000 0.122000
vt 0.931000 0.122000
vt 0.931000 0.122000
vt 0.931000 0.103000
vt 0.223000 0.616000
vt 0.924000 0.024000
vt 0.924000 0.014000
vt 0.924000 0.014000
vt 0.931000 0.014000
vt 0.923000 0.014000
vt 0.931000 0.014000
vt 0.923000 0.024000
vt 0.923000 0.014000
vt 0.213000 0.616000
vt 0.213000 0.614000
vt 0.931000 0.122000
vt 0.931000 0.103000
vt 0.938000 0.122000
vt 0.931000 0.122000
vt 0.931000 0.093000
vt 0.931000 0.014000
vt 0.931000 0.093000
vt 0.219000 0.582000
vt 0.233000 0.553000
vt 0.256000 0.530000
vt 0.285000 0.515000
vt 0.917000 0.025000
vt 0.923000 0.024000
vt 0.931000 0.103000
vt 0.923000 0.103000
vt 0.917000 0.102000
vt 0.285000 0.982000
vt 0.256000 0.967000
vt 0.233000 0.944000
vt 0.219000 0.915000
vt 0.213000 0.883000
vt 0.780000 0.419000
vt 0.770000 0.419000
vt 0.775000 0.387000
vt 0.785000 0.387000
vt 0.765000 0.448000
vt 0.756000 0.448000
vt 0.742000 0.471000
vt 0.734000 0.471000
vt 0.713000 0.485000
vt 0.706000 0.485000
vt 0.924000 0.103000
vt 0.919000 0.102000
vt 0.931000 0.103000
vt 0.919000 0.025000
vt 0.924000 0.024000
vt 0.713000 0.019000
vt 0.742000 0.034000
vt 0.734000 0.034000
vt 0.706000 0.019000
vt 0.765000 0.057000
vt 0.756000 0.057000
vt 0.780000 0.085000
vt 0.770000 0.085000
vt 0.785000 0.117000
vt 0.775000 0.117000
vt 0.931000 0.014000
vt 0.931000 0.093000
vt 0.931000 0.093000
vt 0.938000 0.122000
vt 0.931000 0.122000
vt 0.931000 0.122000
vt 0.931000 0.103000
vt 0.785000 0.120000
vt 0.775000 0.120000
vt 0.924000 0.024000
vt 0.924000 0.014000
vt 0.924000 0.014000
vt 0.931000 0.014000
vt 0.927000 0.014000
vt 0.933000 0.014000
vt 0.927000 0.024000
vt 0.927000 0.014000
vt 0.747000 0.120000
vt 0.747000 0.117000
vt 0.933000 0.122000
vt 0.933000 0.103000
vt 0.940000 0.122000
vt 0.933000 0.122000
vt 0.933000 0.093000
vt 0.933000 0.014000
vt 0.933000 0.093000
vt 0.742000 0.085000
vt 0.730000 0.057000
vt 0.710000 0.034000
vt 0.685000 0.019000
vt 0.922000 0.025000
vt 0.927000 0.024000
vt 0.933000 0.103000
vt 0.927000 0.103000
vt 0.922000 0.102000
vt 0.685000 0.485000
vt 0.710000 0.471000
vt 0.730000 0.448000
vt 0.742000 0.419000
vt 0.747000 0.387000
vt 0.698000 0.419000
vt 0.701000 0.387000
vt 0.687000 0.448000
vt 0.671000 0.471000
vt 0.651000 0.485000
vt 0.931000 0.103000
vt 0.928000 0.102000
vt 0.937000 0.103000
vt 0.928000 0.025000
vt 0.931000 0.024000
vt 0.671000 0.034000
vt 0.651000 0.019000
vt 0.687000 0.057000
vt 0.698000 0.085000
vt 0.701000 0.117000
vt 0.937000 0.014000
vt 0.937000 0.093000
vt 0.937000 0.093000
vt 0.942000 0.122000
vt 0.937000 0.122000
vt 0.937000 0.122000
vt 0.937000 0.103000
vt 0.701000 0.120000
vt 0.931000 0.024000
vt 0.931000 0.014000
vt 0.931000 0.014000
vt 0.937000 0.014000
vt 0.938000 0.014000
vt 0.942000 0.014000
vt 0.938000 0.024000
vt 0.938000 0.014000
vt 0.642000 0.120000
vt 0.642000 0.117000
vt 0.942000 0.122000
vt 0.942000 0.103000
vt 0.945000 0.122000
vt 0.942000 0.122000
vt 0.942000 0.093000
vt 0.942000 0.014000
vt 0.942000 0.093000
vt 0.639000 0.085000
vt 0.632000 0.057000
vt 0.621000 0.034000
vt 0.606000 0.019000
vt 0.935000 0.025000
vt 0.938000 0.024000
vt 0.942000 0.103000
vt 0.938000 0.103000
vt 0.935000 0.102000
vt 0.606000 0.485000
vt 0.621000 0.471000
vt 0.632000 0.448000
vt 0.639000 0.419000
vt 0.642000 0.387000
vt 0.572000 0.419000
vt 0.573000 0.387000
vt 0.568000 0.448000
vt 0.562000 0.471000
vt 0.554000 0.485000
vt 0.945000 0.103000
vt 0.944000 0.102000
vt 0.947000 0.103000
vt 0.944000 0.025000
vt 0.945000 0.024000
vt 0.562000 0.034000
vt 0.554000 0.019000
vt 0.568000 0.057000
vt 0.572000 0.085000
vt 0.573000 0.117000
vt 0.947000 0.014000
vt 0.947000 0.093000
vt 0.947000 0.093000
vt 0.949000 0.122000
vt 0.947000 0.122000
vt 0.947000 0.122000
vt 0.947000 0.103000
vt 0.573000 0.120000
vt 0.945000 0.024000
vt 0.945000 0.014000
vt 0.945000 0.014000
vt 0.947000 0.014000
vt 0.953000 0.014000
vt 0.953000 0.014000
vt 0.953000 0.024000
vt 0.953000 0.014000
vt 0.499000 0.120000
vt 0.499000 0.117000
vt 0.953000 0.122000
vt 0.953000 0.103000
vt 0.953000 0.122000
vt 0.953000 0.122000
vt 0.953000 0.093000
vt 0.953000 0.014000
vt 0.953000 0.093000
vt 0.499000 0.085000
vt 0.499000 0.057000
vt 0.499000 0.034000
vt 0.499000 0.019000
vt 0.953000 0.025000
vt 0.953000 0.024000
vt 0.953000 0.103000
vt 0.953000 0.103000
vt 0.953000 0.102000
vt 0.499000 0.485000
vt 0.499000 0.471000
vt 0.499000 0.448000
vt 0.499000 0.419000
vt 0.499000 0.387000
vt 0.426000 0.419000
vt 0.425000 0.387000
vt 0.430000 0.448000
vt 0.436000 0.471000
vt 0.444000 0.485000
vt 0.961000 0.103000
vt 0.962000 0.102000
vt 0.959000 0.103000
vt 0.962000 0.025000
vt 0.961000 0.024000
vt 0.436000 0.034000
vt 0.444000 0.019000
vt 0.430000 0.057000
vt 0.426000 0.085000
vt 0.425000 0.117000
vt 0.959000 0.014000
vt 0.959000 0.093000
vt 0.959000 0.093000
vt 0.957000 0.122000
vt 0.959000 0.122000
vt 0.959000 0.122000
vt 0.959000 0.103000
vt 0.425000 0.120000
vt 0.961000 0.024000
vt 0.961000 0.014000
vt 0.961000 0.014000
vt 0.959000 0.014000
vt 0.968000 0.014000
vt 0.964000 0.014000
vt 0.968000 0.024000
vt 0.968000 0.014000
vt 0.356000 0.120000
vt 0.356000 0.117000
vt 0.964000 0.122000
vt 0.964000 0.103000
vt 0.960000 0.122000
vt 0.964000 0.122000
vt 0.964000 0.093000
vt 0.964000 0.014000
vt 0.964000 0.093000
vt 0.359000 0.085000
vt 0.366000 0.057000
vt 0.377000 0.034000
vt 0.392000 0.019000
vt 0.970000 0.025000
vt 0.968000 0.024000
vt 0.964000 0.103000
vt 0.968000 0.103000
vt 0.970000 0.102000
vt 0.392000 0.485000
vt 0.377000 0.471000
vt 0.366000 0.448000
vt 0.359000 0.419000
vt 0.356000 0.387000
vt 0.300000 0.419000
vt 0.297000 0.387000
vt 0.311000 0.448000
vt 0.327000 0.471000
vt 0.348000 0.485000
vt 0.974000 0.103000
vt 0.978000 0.102000
vt 0.969000 0.103000
vt 0.978000 0.025000
vt 0.974000 0.024000
vt 0.327000 0.034000
vt 0.348000 0.019000
vt 0.311000 0.057000
vt 0.300000 0.085000
vt 0.297000 0.117000
vt 0.969000 0.014000
vt 0.969000 0.093000
vt 0.969000 0.093000
vt 0.963000 0.122000
vt 0.969000 0.122000
vt 0.969000 0.122000
vt 0.969000 0.103000
vt 0.297000 0.120000
vt 0.974000 0.024000
vt 0.974000 0.014000
vt 0.974000 0.014000
vt 0.969000 0.014000
vt 0.979000 0.014000
vt 0.972000 0.014000
vt 0.979000 0.024000
vt 0.979000 0.014000
vt 0.251000 0.120000
vt 0.251000 0.117000
vt 0.972000 0.122000
vt 0.972000 0.103000
vt 0.966000 0.122000
vt 0.972000 0.122000
vt 0.972000 0.093000
vt 0.972000 0.014000
vt 0.972000 0.093000
vt 0.256000 0.085000
vt 0.269000 0.057000
vt 0.288000 0.034000
vt 0.313000 0.019000
vt 0.983000 0.025000
vt 0.979000 0.024000
vt 0.972000 0.103000
vt 0.979000 0.103000
vt 0.983000 0.102000
vt 0.313000 0.485000
vt 0.288000 0.471000
vt 0.269000 0.448000
vt 0.256000 0.419000
vt 0.251000 0.387000
vt 0.228000 0.419000
vt 0.223000 0.387000
vt 0.242000 0.448000
vt 0.264000 0.471000
vt 0.292000 0.485000
vt 0.982000 0.103000
vt 0.987000 0.102000
vt 0.974000 0.103000
vt 0.987000 0.025000
vt 0.982000 0.024000
vt 0.264000 0.034000
vt 0.292000 0.019000
vt 0.242000 0.057000
vt 0.228000 0.085000
vt 0.223000 0.117000
vt 0.974000 0.014000
vt 0.974000 0.093000
vt 0.974000 0.093000
vt 0.967000 0.122000
vt 0.974000 0.122000
vt 0.974000 0.122000
vt 0.974000 0.103000
vt 0.223000 0.120000
vt 0.982000 0.024000
vt 0.982000 0.014000
vt 0.982000 0.014000
vt 0.974000 0.014000
vt 0.213000 0.120000
vt 0.213000 0.117000
vt 0.218000 0.085000
vt 0.233000 0.057000
vt 0.256000 0.034000
vt 0.285000 0.019000
vt 0.285000 0.485000
vt 0.256000 0.471000
vt 0.233000 0.448000
vt 0.218000 0.419000
vt 0.213000 0.387000
vt 0.953000 0.103000
vt 0.957000 0.103000
vt 0.957000 0.122000
vt 0.953000 0.122000
vt 0.968000 0.103000
vt 0.968000 0.122000
vt 0.945000 0.103000
vt 0.949000 0.103000
vt 0.949000 0.122000
vt 0.945000 0.122000
vt 0.967000 0.122000
vt 0.967000 0.103000
vt 0.940000 0.103000
vt 0.942000 0.103000
vt 0.942000 0.122000
vt 0.940000 0.122000
vt 0.938000 0.103000
vt 0.938000 0.103000
vt 0.938000 0.122000
vt 0.938000 0.122000
vt 0.940000 0.103000
vt 0.938000 0.103000
vt 0.938000 0.122000
vt 0.940000 0.122000
vt 0.945000 0.103000
vt 0.942000 0.103000
vt 0.942000 0.122000
vt 0.945000 0.122000
vt 0.953000 0.103000
vt 0.949000 0.103000
vt 0.949000 0.122000
vt 0.953000 0.122000
vt 0.960000 0.103000
vt 0.957000 0.103000
vt 0.957000 0.122000
vt 0.960000 0.122000
vt 0.966000 0.103000
vt 0.963000 0.103000
vt 0.963000 0.122000
vt 0.966000 0.122000
vt 0.953000 0.103000
vt 0.968000 0.103000
vt 0.967000 0.103000
vt 0.957000 0.103000
vt 0.953000 0.103000
vt 0.940000 0.103000
vt 0.938000 0.103000
vt 0.960000 0.103000
vt 0.963000 0.103000
vt 0.942000 0.103000
vt 0.945000 0.103000
vt 0.967000 0.103000
vt 0.960000 0.103000
vt 0.942000 0.103000
vt 0.966000 0.103000
vt 0.940000 0.103000
vt 0.949000 0.103000
vt 0.963000 0.103000
vt 0.945000 0.103000
vt 0.953000 0.103000
vt 0.938000 0.103000
vt 0.966000 0.103000
vt 0.949000 0.103000
vt 0.938000 0.103000
vt 0.957000 0.103000
vt 0.213000 0.384000
vt 0.223000 0.384000
vt 0.251000 0.384000
vt 0.297000 0.384000
vt 0.356000 0.384000
vt 0.425000 0.384000
vt 0.499000 0.384000
vt 0.573000 0.384000
vt 0.642000 0.384000
vt 0.701000 0.384000
vt 0.747000 0.384000
vt 0.775000 0.384000
vt 0.785000 0.384000
vt 0.213000 0.881000
vt 0.223000 0.881000
vt 0.252000 0.881000
vt 0.297000 0.881000
vt 0.356000 0.881000
vt 0.425000 0.881000
vt 0.499000 0.881000
vt 0.573000 0.881000
vt 0.642000 0.881000
vt 0.702000 0.881000
vt 0.747000 0.881000
vt 0.776000 0.881000
vt 0.785000 0.881000
vn -0.5904 0.8014 -0.0957
vn -0.9153 0.3786 -0.1374
vn -0.9249 0.3801 -0.0002
vn -0.1354 0.9760 -0.1705
vn 0.2063 0.3848 -0.8997
vn 0.2498 0.9475 -0.1994
vn 0.9249 0.3801 0.0003
vn 0.9146 0.3771 -0.1456
vn 0.5897 0.8011 -0.1019
vn -0.5784 0.8104 -0.0933
vn -0.9134 0.3832 -0.1368
vn -0.9213 0.3889 -0.0002
vn -0.1349 0.9763 -0.1690
vn 0.2080 0.3836 -0.8997
vn 0.2503 0.9474 -0.1996
vn -0.9189 0.3880 0.0714
vn -0.5709 0.8197 0.0461
vn -0.1848 0.8107 0.5555
vn -0.2879 0.3794 0.8793
vn -0.2045 0.3826 0.9010
vn -0.1237 0.8298 0.5441
vn 0.5825 0.8104 0.0631
vn 0.9202 0.3797 0.0945
vn 0.9154 0.3786 -0.1369
vn 0.5904 0.8014 -0.0954
vn 0.7502 0.3854 -0.5372
vn 0.4984 0.7897 -0.3576
vn 0.2870 0.3871 -0.8762
vn 0.1968 0.7804 -0.5935
vn -0.4982 0.7897 -0.3579
vn -0.7499 0.3854 -0.5376
vn -0.1965 0.7804 -0.5936
vn -0.2865 0.3871 -0.8764
vn -0.5127 0.7763 -0.3666
vn -0.7494 0.3854 -0.5383
vn -0.1924 0.7855 -0.5881
vn -0.2877 0.3870 -0.8760
vn 0.2008 0.7805 -0.5919
vn 0.2922 0.3863 -0.8748
vn 0.5003 0.7870 -0.3610
vn 0.7495 0.3801 -0.5419
vn -0.8714 0.3900 0.2977
vn -0.5548 0.8104 0.1884
vn -0.7235 0.3868 0.5717
vn -0.4630 0.8072 0.3660
vn -0.4984 0.3816 0.7784
vn -0.3217 0.8052 0.4980
vn -0.1224 0.8338 0.5383
vn -0.2049 0.3851 0.8998
vn -0.1080 0.3804 0.9185
vn -0.0639 0.8123 0.5798
vn -0.5093 0.7765 -0.3710
vn -0.7454 0.3845 -0.5445
vn -0.1879 0.7825 -0.5936
vn -0.2821 0.3797 -0.8810
vn 0.1962 0.7775 -0.5975
vn 0.2867 0.3790 -0.8798
vn 0.4969 0.7872 -0.3653
vn 0.7455 0.3792 -0.5481
vn 0.5374 0.8039 0.2548
vn 0.8327 0.3853 0.3975
vn 0.3837 0.7916 0.4755
vn 0.5790 0.3825 0.7200
vn 0.1390 0.7940 0.5918
vn 0.2127 0.3811 0.8997
vn -0.2065 0.8107 0.5478
vn -0.3193 0.3828 0.8668
vn -0.0932 0.3808 0.9199
vn -0.0548 0.8097 0.5842
vn 0.2093 0.8081 -0.5506
vn 0.3215 0.3768 -0.8687
vn 0.0927 0.3765 -0.9218
vn 0.0533 0.8083 -0.5864
vn 0.1810 0.8515 -0.4921
vn 0.0524 0.8515 -0.5217
vn -0.1800 0.8533 0.4894
vn -0.0523 0.8535 0.5183
vn 0.3256 0.3773 -0.8669
vn 0.0854 0.3784 -0.9217
vn -0.3270 0.3824 0.8642
vn -0.0844 0.3825 0.9201
vn 0.6283 0.3814 -0.6781
vn 0.3305 0.8738 -0.3567
vn -0.4172 0.7904 0.4484
vn -0.6301 0.3852 0.6742
vn 0.8834 0.3825 -0.2708
vn 0.4624 0.8752 -0.1417
vn -0.5865 0.7899 0.1787
vn -0.8844 0.3831 0.2665
vn 0.8996 0.3819 0.2117
vn 0.4728 0.8742 0.1105
vn -0.5980 0.7891 -0.1402
vn -0.9006 0.3805 -0.2099
vn 0.6756 0.3809 0.6312
vn 0.3545 0.8740 0.3323
vn -0.4494 0.7886 -0.4198
vn -0.6768 0.3782 -0.6316
vn 0.2704 0.3824 0.8835
vn 0.1427 0.8738 0.4649
vn -0.1800 0.7882 -0.5885
vn -0.2715 0.3781 -0.8850
vn -0.6312 0.3805 0.6759
vn -0.3316 0.8739 0.3553
vn 0.4198 0.7886 -0.4494
vn 0.6316 0.3782 -0.6768
vn -0.8850 0.3804 0.2683
vn -0.4661 0.8733 0.1419
vn 0.5885 0.7882 -0.1800
vn 0.8850 0.3781 -0.2716
vn -0.8994 0.3837 -0.2094
vn -0.4710 0.8754 -0.1087
vn 0.5986 0.7891 0.1378
vn 0.9007 0.3805 0.2095
vn -0.6744 0.3853 -0.6298
vn -0.3531 0.8751 -0.3310
vn 0.4480 0.7906 0.4173
vn 0.6743 0.3842 0.6307
vn -0.2682 0.3842 -0.8834
vn -0.1407 0.8749 -0.4633
vn 0.1781 0.7904 0.5860
vn 0.2686 0.3844 0.8832
vn 0.0566 0.8523 -0.5200
vn 0.0867 0.3804 -0.9207
vn 0.3284 0.3807 -0.8644
vn 0.1848 0.8529 -0.4882
vn -0.2064 0.8088 0.5506
vn -0.3209 0.3829 0.8663
vn -0.0915 0.3809 0.9201
vn -0.0515 0.8111 0.5825
vn 0.2123 0.8064 -0.5519
vn 0.3231 0.3748 -0.8690
vn 0.1072 0.3768 -0.9200
vn 0.0646 0.8114 -0.5809
vn -0.5778 0.8128 -0.0738
vn -0.9157 0.3865 -0.1097
vn -0.9154 0.3850 0.1173
vn -0.5775 0.8125 0.0799
vn 0.5875 0.8033 0.0974
vn 0.9156 0.3767 0.1405
vn 0.1362 0.9760 0.1696
vn -0.2061 0.3900 0.8974
vn -0.3249 0.3873 0.8628
vn -0.1789 0.8551 0.4866
vn 0.1262 0.3780 -0.9171
vn 0.0865 0.7950 -0.6003
vn 0.4129 0.7732 -0.4812
vn 0.6017 0.3823 -0.7012
vn 0.6055 0.7844 -0.1343
vn 0.9024 0.3794 -0.2041
vn 0.5738 0.7811 0.2463
vn 0.8489 0.3815 0.3658
vn 0.3200 0.7858 0.5293
vn 0.4772 0.3805 0.7921
vn 0.1011 0.8141 0.5719
vn 0.1531 0.3721 0.9155
vn 0.6347 0.3786 -0.6737
vn 0.3362 0.8736 -0.3517
vn -0.4138 0.7936 0.4459
vn -0.6282 0.3885 0.6741
vn 0.8878 0.3733 -0.2691
vn 0.4690 0.8719 -0.1407
vn -0.5855 0.7914 0.1755
vn -0.8813 0.3893 0.2678
vn 0.9028 0.3744 0.2117
vn 0.4749 0.8728 0.1126
vn -0.5942 0.7919 -0.1408
vn -0.8978 0.3867 -0.2106
vn 0.6758 0.3774 0.6331
vn 0.3576 0.8729 0.3320
vn -0.4438 0.7917 -0.4198
vn -0.6741 0.3847 -0.6305
vn 0.3024 0.3818 0.8733
vn 0.1627 0.8687 0.4677
vn -0.1933 0.7930 -0.5777
vn -0.2960 0.3812 -0.8758
vn 0.1849 0.7865 0.5892
vn -0.1329 0.8766 -0.4625
vn 0.2736 0.3806 0.8833
vn -0.2670 0.3844 -0.8837
vn 0.4552 0.7845 0.4211
vn -0.3443 0.8792 -0.3292
vn 0.6782 0.3780 0.6301
vn -0.6721 0.3870 -0.6312
vn 0.6015 0.7864 0.1406
vn -0.4655 0.8780 -0.1116
vn 0.9024 0.3760 0.2101
vn -0.8961 0.3896 -0.2125
vn 0.5937 0.7851 -0.1762
vn -0.4621 0.8754 0.1418
vn 0.8869 0.3737 -0.2717
vn -0.8823 0.3881 0.2664
vn 0.4237 0.7888 -0.4453
vn -0.3272 0.8759 0.3545
vn 0.6336 0.3746 -0.6769
vn -0.6293 0.3881 0.6733
vn 0.5070 0.7790 0.3689
vn 0.7469 0.3836 0.5431
vn 0.1934 0.7893 0.5828
vn 0.2896 0.3923 0.8730
vn -0.1767 0.7951 0.5801
vn -0.2678 0.3964 0.8781
vn -0.5172 0.7732 0.3669
vn -0.7509 0.3974 0.5274
vn -0.5373 0.8023 -0.2601
vn -0.8315 0.3838 -0.4016
vn -0.3848 0.7824 -0.4896
vn -0.5746 0.3828 -0.7233
vn -0.1236 0.8023 -0.5839
vn -0.1957 0.3784 -0.9047
vn -0.7007 0.3850 0.6006
vn -0.4754 0.7811 0.4047
vn -0.6129 0.7879 0.0598
vn -0.9211 0.3794 0.0874
vn -0.3407 0.3814 0.8593
vn -0.2256 0.8056 0.5478
vn -0.3600 0.3812 -0.8515
vn -0.2389 0.7936 -0.5596
vn 0.0311 0.7981 -0.6017
vn 0.0601 0.3796 -0.9232
vn -0.5880 0.8037 -0.0912
vn -0.9162 0.3782 -0.1320
vn -0.9249 0.3801 -0.0003
vn -0.1353 0.9760 -0.1707
vn 0.2076 0.3818 -0.9006
vn -0.5462 0.7726 -0.3236
vn -0.7938 0.3854 -0.4705
vn -0.1079 0.3801 0.9186
vn -0.0639 0.8122 0.5799
vn 0.9163 0.3782 -0.1315
vn 0.5881 0.8037 -0.0909
vn -0.5014 0.7819 -0.3703
vn -0.7433 0.3880 -0.5448
vn -0.1824 0.7862 -0.5904
vn -0.2722 0.3852 -0.8818
vn 0.1827 0.7862 -0.5904
vn 0.2727 0.3852 -0.8816
vn 0.5017 0.7819 -0.3700
vn 0.7437 0.3880 -0.5444
vn -0.5000 0.0000 0.8660
vn -0.7071 0.0000 0.7071
vn -0.8660 0.0000 0.5000
vn -0.9660 0.0000 0.2584
vn 0.9523 0.3052 0.0000
vn 0.9198 0.3053 0.2464
vn 0.9630 0.0779 0.2579
vn 0.9969 0.0779 0.0000
vn 0.8136 0.5814 0.0000
vn 0.7858 0.5815 0.2106
vn 0.5959 0.8030 0.0000
vn 0.5757 0.8029 0.1543
vn 0.3055 0.9522 0.0000
vn 0.2949 0.9522 0.0790
vn 0.0669 0.9977 0.0000
vn 0.0646 0.9977 0.0173
vn 0.0000 1.0000 0.0000
vn 0.3204 -0.9472 0.0000
vn 0.3094 -0.9473 0.0829
vn 0.1519 -0.9875 0.0407
vn 0.1572 -0.9875 0.0000
vn 0.5959 -0.8030 0.0000
vn 0.5757 -0.8029 0.1543
vn 0.8136 -0.5814 0.0000
vn 0.7858 -0.5815 0.2106
vn 0.9523 -0.3052 0.0000
vn 0.9198 -0.3053 0.2464
vn 0.9969 -0.0779 0.0000
vn 0.9630 -0.0779 0.2579
vn -1.0000 0.0000 0.0000
vn -0.9658 0.0000 -0.2591
vn 0.0000 -1.0000 0.0000
vn 1.0000 0.0000 0.0000
vn 0.9658 0.0000 0.2591
vn 0.9659 0.0000 0.2587
vn 0.9660 0.0000 0.2586
vn 0.8661 0.0000 0.4999
vn 0.8660 0.0000 0.5000
vn 0.8633 -0.0779 0.4985
vn -0.8661 0.0000 -0.4999
vn 0.8245 -0.3055 0.4763
vn 0.7045 -0.5815 0.4069
vn 0.5161 -0.8029 0.2982
vn 0.2775 -0.9472 0.1603
vn 0.1361 -0.9875 0.0786
vn 0.0579 0.9977 0.0334
vn 0.2646 0.9522 0.1528
vn 0.5161 0.8029 0.2982
vn 0.7045 0.5815 0.4069
vn 0.8245 0.3055 0.4763
vn 0.8633 0.0779 0.4985
vn 0.6732 0.3056 0.6732
vn 0.7049 0.0780 0.7049
vn 0.5752 0.5815 0.5752
vn 0.4216 0.8028 0.4216
vn 0.2159 0.9522 0.2159
vn 0.0473 0.9977 0.0473
vn 0.2265 -0.9473 0.2265
vn 0.1112 -0.9875 0.1112
vn 0.4216 -0.8028 0.4216
vn 0.5752 -0.5815 0.5752
vn 0.6732 -0.3056 0.6732
vn 0.7049 -0.0780 0.7049
vn -0.7071 0.0000 -0.7071
vn 0.7071 0.0000 0.7071
vn 0.4999 0.0000 0.8661
vn 0.5000 0.0000 0.8660
vn 0.4985 -0.0779 0.8633
vn -0.4999 0.0000 -0.8661
vn 0.4763 -0.3055 0.8245
vn 0.4069 -0.5815 0.7045
vn 0.2982 -0.8029 0.5161
vn 0.1603 -0.9472 0.2775
vn 0.0786 -0.9875 0.1361
vn 0.0334 0.9977 0.0579
vn 0.1528 0.9522 0.2646
vn 0.2982 0.8029 0.5161
vn 0.4069 0.5815 0.7045
vn 0.4763 0.3055 0.8245
vn 0.4985 0.0779 0.8633
vn 0.2464 0.3053 0.9198
vn 0.2579 0.0779 0.9630
vn 0.2106 0.5815 0.7858
vn 0.1543 0.8029 0.5757
vn 0.0790 0.9522 0.2949
vn 0.0173 0.9977 0.0645
vn 0.0829 -0.9473 0.3094
vn 0.0407 -0.9875 0.1519
vn 0.1543 -0.8029 0.5757
vn 0.2106 -0.5815 0.7858
vn 0.2464 -0.3053 0.9198
vn 0.2579 -0.0779 0.9630
vn -0.2591 0.0000 -0.9658
vn 0.2591 0.0000 0.9658
vn 0.2587 0.0000 0.9659
vn 0.2586 0.0000 0.9660
vn 0.0000 0.0000 1.0000
vn 0.0000 -0.0779 0.9969
vn 0.0000 0.0000 -1.0000
vn 0.0000 -0.3052 0.9523
vn 0.0000 -0.5814 0.8136
vn 0.0000 -0.8030 0.5959
vn 0.0000 -0.9472 0.3204
vn 0.0000 -0.9875 0.1571
vn 0.0000 0.9977 0.0668
vn 0.0000 0.9522 0.3055
vn 0.0000 0.8030 0.5959
vn 0.0000 0.5814 0.8136
vn 0.0000 0.3052 0.9523
vn 0.0000 0.0779 0.9969
vn -0.2464 0.3053 0.9198
vn -0.2579 0.0779 0.9630
vn -0.2106 0.5815 0.7858
vn -0.1543 0.8029 0.5757
vn -0.0790 0.9522 0.2949
vn -0.0173 0.9977 0.0645
vn -0.0829 -0.9473 0.3094
vn -0.0407 -0.9875 0.1519
vn -0.1543 -0.8029 0.5757
vn -0.2106 -0.5815 0.7858
vn -0.2464 -0.3053 0.9198
vn -0.2579 -0.0779 0.9630
vn 0.2591 0.0000 -0.9658
vn -0.2591 0.0000 0.9658
vn -0.2587 0.0000 0.9659
vn -0.2586 0.0000 0.9660
vn -0.4999 0.0000 0.8661
vn -0.4985 -0.0779 0.8633
vn 0.4999 0.0000 -0.8661
vn -0.4763 -0.3055 0.8245
vn -0.4069 -0.5815 0.7045
vn -0.2982 -0.8029 0.5161
vn -0.1603 -0.9472 0.2775
vn -0.0786 -0.9875 0.1361
vn -0.0334 0.9977 0.0579
vn -0.1528 0.9522 0.2646
vn -0.2982 0.8029 0.5161
vn -0.4069 0.5815 0.7045
vn -0.4763 0.3055 0.8245
vn -0.4985 0.0779 0.8633
vn -0.6732 0.3056 0.6732
vn -0.7049 0.0780 0.7049
vn -0.5752 0.5815 0.5752
vn -0.4216 0.8028 0.4216
vn -0.2159 0.9522 0.2159
vn -0.0473 0.9977 0.0473
vn -0.2265 -0.9473 0.2265
vn -0.1112 -0.9875 0.1112
vn -0.4216 -0.8028 0.4216
vn -0.5752 -0.5815 0.5752
vn -0.6732 -0.3056 0.6732
vn -0.7049 -0.0780 0.7049
vn 0.7071 0.0000 -0.7071
vn -0.8661 0.0000 0.4999
vn -0.8633 -0.0779 0.4985
vn 0.8661 0.0000 -0.4999
vn -0.8245 -0.3055 0.4763
vn -0.7045 -0.5815 0.4069
vn -0.5161 -0.8029 0.2982
vn -0.2775 -0.9472 0.1603
vn -0.1361 -0.9875 0.0786
vn -0.0579 0.9977 0.0334
vn -0.2646 0.9522 0.1528
vn -0.5161 0.8029 0.2982
vn -0.7045 0.5815 0.4069
vn -0.8245 0.3055 0.4763
vn -0.8633 0.0779 0.4985
vn -0.9198 0.3053 0.2464
vn -0.9630 0.0779 0.2579
vn -0.7858 0.5815 0.2106
vn -0.5757 0.8029 0.1543
vn -0.2949 0.9522 0.0790
vn -0.0646 0.9977 0.0173
vn -0.3094 -0.9473 0.0829
vn -0.1519 -0.9875 0.0407
vn -0.5757 -0.8029 0.1543
vn -0.7858 -0.5815 0.2106
vn -0.9198 -0.3053 0.2464
vn -0.9630 -0.0779 0.2579
vn 0.9658 0.0000 -0.2591
vn -0.9658 0.0000 0.2591
vn -0.9659 0.0000 0.2587
vn -0.9660 0.0000 0.2586
vn -0.9969 -0.0779 0.0000
vn -0.9523 -0.3052 0.0000
vn -0.8136 -0.5814 0.0000
vn -0.5959 -0.8030 0.0000
vn -0.3204 -0.9472 0.0000
vn -0.1572 -0.9875 0.0000
vn -0.0669 0.9977 0.0000
vn -0.3055 0.9522 0.0000
vn -0.5959 0.8030 0.0000
vn -0.8136 0.5814 0.0000
vn -0.9523 0.3052 0.0000
vn -0.9969 0.0779 0.0000
vn -0.9198 0.3053 -0.2464
vn -0.9630 0.0779 -0.2579
vn -0.7858 0.5815 -0.2106
vn -0.5757 0.8029 -0.1543
vn -0.2949 0.9522 -0.0790
vn -0.0645 0.9977 -0.0173
vn -0.3094 -0.9473 -0.0829
vn -0.1519 -0.9875 -0.0407
vn -0.5757 -0.8029 -0.1543
vn -0.7858 -0.5815 -0.2106
vn -0.9198 -0.3053 -0.2464
vn -0.9630 -0.0779 -0.2579
vn -0.9659 0.0000 -0.2587
vn -0.9660 0.0000 -0.2586
vn -0.8660 0.0000 -0.5000
vn -0.8633 -0.0779 -0.4985
vn -0.8245 -0.3055 -0.4763
vn -0.7045 -0.5815 -0.4069
vn -0.5161 -0.8029 -0.2982
vn -0.2775 -0.9472 -0.1603
vn -0.1361 -0.9875 -0.0786
vn -0.0579 0.9977 -0.0334
vn -0.2646 0.9522 -0.1528
vn -0.5161 0.8029 -0.2982
vn -0.7045 0.5815 -0.4069
vn -0.8245 0.3055 -0.4763
vn -0.8633 0.0779 -0.4985
vn -0.6732 0.3056 -0.6732
vn -0.7049 0.0780 -0.7049
vn -0.5752 0.5815 -0.5752
vn -0.4216 0.8028 -0.4216
vn -0.2159 0.9522 -0.2159
vn -0.0473 0.9977 -0.0473
vn -0.2265 -0.9473 -0.2265
vn -0.1112 -0.9875 -0.1112
vn -0.4216 -0.8028 -0.4216
vn -0.5752 -0.5815 -0.5752
vn -0.6732 -0.3056 -0.6732
vn -0.7049 -0.0780 -0.7049
vn -0.5000 0.0000 -0.8660
vn -0.4985 -0.0779 -0.8633
vn -0.4763 -0.3055 -0.8245
vn -0.4069 -0.5815 -0.7045
vn -0.2982 -0.8029 -0.5161
vn -0.1603 -0.9472 -0.2775
vn -0.0786 -0.9875 -0.1361
vn -0.0334 0.9977 -0.0579
vn -0.1528 0.9522 -0.2646
vn -0.2982 0.8029 -0.5161
vn -0.4069 0.5815 -0.7045
vn -0.4763 0.3055 -0.8245
vn -0.4985 0.0779 -0.8633
vn -0.2464 0.3053 -0.9198
vn -0.2579 0.0779 -0.9630
vn -0.2106 0.5815 -0.7858
vn -0.1543 0.8029 -0.5757
vn -0.0790 0.9522 -0.2949
vn -0.0173 0.9977 -0.0645
vn -0.0829 -0.9473 -0.3094
vn -0.0407 -0.9875 -0.1519
vn -0.1543 -0.8029 -0.5757
vn -0.2106 -0.5815 -0.7858
vn -0.2464 -0.3053 -0.9198
vn -0.2579 -0.0779 -0.9630
vn -0.2587 0.0000 -0.9659
vn -0.2586 0.0000 -0.9660
vn 0.0000 -0.0779 -0.9969
vn 0.0000 -0.3052 -0.9523
vn 0.0000 -0.5814 -0.8136
vn 0.0000 -0.8030 -0.5959
vn 0.0000 -0.9472 -0.3204
vn 0.0000 -0.9875 -0.1571
vn 0.0000 0.9977 -0.0668
vn 0.0000 0.9522 -0.3055
vn 0.0000 0.8030 -0.5959
vn 0.0000 0.5814 -0.8136
vn 0.0000 0.3052 -0.9523
vn 0.0000 0.0779 -0.9969
vn 0.2464 0.3053 -0.9198
vn 0.2579 0.0779 -0.9630
vn 0.2106 0.5815 -0.7858
vn 0.1543 0.8029 -0.5757
vn 0.0790 0.9522 -0.2949
vn 0.0173 0.9977 -0.0645
vn 0.0829 -0.9473 -0.3094
vn 0.0407 -0.9875 -0.1519
vn 0.1543 -0.8029 -0.5757
vn 0.2106 -0.5815 -0.7858
vn 0.2464 -0.3053 -0.9198
vn 0.2579 -0.0779 -0.9630
vn 0.2587 0.0000 -0.9659
vn 0.2586 0.0000 -0.9660
vn 0.5000 0.0000 -0.8660
vn 0.4985 -0.0779 -0.8633
vn 0.4763 -0.3055 -0.8245
vn 0.4069 -0.5815 -0.7045
vn 0.2982 -0.8029 -0.5161
vn 0.1603 -0.9472 -0.2775
vn 0.0786 -0.9875 -0.1361
vn 0.0334 0.9977 -0.0579
vn 0.1528 0.9522 -0.2646
vn 0.2982 0.8029 -0.5161
vn 0.4069 0.5815 -0.7045
vn 0.4763 0.3055 -0.8245
vn 0.4985 0.0779 -0.8633
vn 0.6732 0.3056 -0.6732
vn 0.7049 0.0780 -0.7049
vn 0.5752 0.5815 -0.5752
vn 0.4216 0.8028 -0.4216
vn 0.2159 0.9522 -0.2159
vn 0.0473 0.9977 -0.0473
vn 0.2265 -0.9473 -0.2265
vn 0.1112 -0.9875 -0.1112
vn 0.4216 -0.8028 -0.4216
vn 0.5752 -0.5815 -0.5752
vn 0.6732 -0.3056 -0.6732
vn 0.7049 -0.0780 -0.7049
vn 0.8660 0.0000 -0.5000
vn 0.8633 -0.0779 -0.4985
vn 0.8245 -0.3055 -0.4763
vn 0.7045 -0.5815 -0.4069
vn 0.5161 -0.8029 -0.2982
vn 0.2775 -0.9472 -0.1603
vn 0.1361 -0.9875 -0.0786
vn 0.0579 0.9977 -0.0334
vn 0.2646 0.9522 -0.1528
vn 0.5161 0.8029 -0.2982
vn 0.7045 0.5815 -0.4069
vn 0.8245 0.3055 -0.4763
vn 0.8633 0.0779 -0.4985
vn 0.9198 0.3053 -0.2464
vn 0.9630 0.0779 -0.2579
vn 0.7858 0.5815 -0.2106
vn 0.5757 0.8029 -0.1543
vn 0.2949 0.9522 -0.0790
vn 0.0646 0.9977 -0.0173
vn 0.3094 -0.9473 -0.0829
vn 0.1519 -0.9875 -0.0407
vn 0.5757 -0.8029 -0.1543
vn 0.7858 -0.5815 -0.2106
vn 0.9198 -0.3053 -0.2464
vn 0.9630 -0.0779 -0.2579
vn 0.9659 0.0000 -0.2587
vn 0.9660 0.0000 -0.2586
vn -0.2584 0.0000 0.9660
vn 0.2584 0.0000 0.9660
vn -0.9660 0.0000 -0.2584
vn 0.9660 0.0000 0.2584
vn 0.9660 0.0000 -0.2584
vn 0.2584 0.0000 -0.9660
vn -0.2584 0.0000 -0.9660
usemtl mb:o:3504:283
s 1
f 5437/5514/3028 5438/5515/3029 5685/5516/3030 5440/5517/3031
f 5440/5517/3031 5439/5518/3032 5686/5519/3032 5442/5520/3033
f 5442/5520/3033 5441/5521/3034 5443/5522/3035 5496/5523/3036
f 5445/5524/3037 5444/5525/3038 5687/5526/3039 5447/5527/3040
f 5447/5527/3040 5446/5528/3041 5688/5529/3041 5449/5530/3042
f 5449/5530/3042 5448/5531/3034 5477/5532/3035 5450/5533/3036
f 5452/5534/3037 5451/5535/3038 5453/5536/3043 5454/5537/3044
f 5485/5538/3045 5484/5539/3046 5456/5540/3047 5455/5541/3048
f 5458/5542/3049 5457/5543/3050 5459/5544/3051 5460/5545/3052
f 5462/5546/3053 5461/5547/3054 5460/5545/3052 5459/5544/3051
f 5463/5548/3055 5464/5549/3056 5461/5547/3054 5462/5546/3053
f 5438/5515/3029 5437/5514/3028 5468/5550/3057 5467/5551/3058
f 5465/5552/3059 5468/5550/3057 5461/5547/3054 5464/5549/3056
f 5466/5553/3060 5465/5552/3059 5464/5549/3056 5463/5548/3055
f 5460/5545/3052 5437/5514/3028 5440/5517/3031 5458/5542/3049
f 5467/5551/3058 5468/5550/3057 5465/5552/3059 5466/5553/3060
f 5437/5514/3028 5460/5545/3052 5461/5547/3054 5468/5550/3057
f 5451/5535/3038 5452/5534/3037 5470/5554/3061 5469/5555/3062
f 5469/5555/3062 5470/5554/3061 5472/5556/3063 5471/5557/3064
f 5471/5557/3064 5472/5556/3063 5474/5558/3065 5473/5559/3066
f 5473/5559/3066 5474/5558/3065 5476/5560/3067 5475/5561/3068
f 5475/5561/3068 5476/5560/3067 5450/5533/3036 5477/5532/3035
f 5452/5534/3037 5450/5533/3036 5476/5560/3067 5470/5554/3061
f 5470/5554/3061 5476/5560/3067 5474/5558/3065 5472/5556/3063
f 5454/5537/3044 5453/5536/3043 5478/5562/3069 5479/5563/3070
f 5479/5563/3070 5478/5562/3069 5480/5564/3071 5481/5565/3072
f 5481/5565/3072 5480/5564/3071 5482/5566/3073 5483/5567/3074
f 5483/5567/3074 5482/5566/3073 5484/5539/3046 5485/5538/3045
f 5449/5530/3042 5454/5537/3044 5479/5563/3070 5481/5565/3072
f 5449/5530/3042 5481/5565/3072 5483/5567/3074 5485/5538/3045
f 5496/5523/3036 5445/5524/3037 5447/5527/3040 5442/5520/3033
f 5447/5527/3040 5455/5541/3048 5487/5568/3075 5442/5520/3033
f 5455/5541/3048 5456/5540/3047 5486/5569/3076 5487/5568/3075
f 5487/5568/3075 5486/5569/3076 5503/5570/3077 5504/5571/3078
f 5449/5530/3042 5485/5538/3045 5455/5541/3048 5447/5527/3040
f 5450/5533/3036 5452/5534/3037 5454/5537/3044 5449/5530/3042
f 5444/5525/3038 5445/5524/3037 5489/5572/3079 5488/5573/3080
f 5488/5573/3080 5489/5572/3079 5491/5574/3081 5490/5575/3082
f 5490/5575/3082 5491/5574/3081 5493/5576/3083 5492/5577/3084
f 5492/5577/3084 5493/5576/3083 5495/5578/3085 5494/5579/3086
f 5494/5579/3086 5495/5578/3085 5496/5523/3036 5443/5522/3035
f 5445/5524/3037 5496/5523/3036 5495/5578/3085 5489/5572/3079
f 5489/5572/3079 5495/5578/3085 5493/5576/3083 5491/5574/3081
f 5442/5520/3033 5487/5568/3075 5504/5571/3078 5440/5517/3031
f 5457/5543/3050 5458/5542/3049 5498/5580/3087 5497/5581/3088
f 5497/5581/3088 5498/5580/3087 5500/5582/3089 5499/5583/3090
f 5499/5583/3090 5500/5582/3089 5502/5584/3091 5501/5585/3092
f 5501/5585/3092 5502/5584/3091 5504/5571/3078 5503/5570/3077
f 5440/5517/3031 5500/5582/3089 5498/5580/3087 5458/5542/3049
f 5440/5517/3031 5504/5571/3078 5502/5584/3091 5500/5582/3089
f 5505/5586/3093 5506/5587/3094 5507/5588/3095 5559/5589/3096
f 5509/5590/3097 5508/5591/3098 5537/5592/3099 5536/5593/3100
f 5510/5594/3101 5505/5586/3093 5559/5589/3096 5560/5595/3102
f 5511/5596/3103 5509/5590/3097 5536/5593/3100 5538/5597/3104
f 5512/5598/3105 5510/5594/3101 5560/5595/3102 5513/5599/3106
f 5514/5600/3107 5511/5596/3103 5538/5597/3104 5515/5601/3108
f 5510/5594/3101 5512/5598/3105 5519/5602/3109 5518/5603/3110
f 5505/5586/3093 5510/5594/3101 5518/5603/3110 5516/5604/3111
f 5506/5587/3094 5505/5586/3093 5516/5604/3111 5517/5605/3112
f 5518/5603/3110 5519/5602/3109 5523/5606/3113 5522/5607/3114
f 5516/5604/3111 5518/5603/3110 5522/5607/3114 5520/5608/3115
f 5517/5605/3112 5516/5604/3111 5520/5608/3115 5521/5609/3116
f 5522/5607/3114 5523/5606/3113 5527/5610/3117 5526/5611/3118
f 5520/5608/3115 5522/5607/3114 5526/5611/3118 5524/5612/3119
f 5521/5609/3116 5520/5608/3115 5524/5612/3119 5525/5613/3120
f 5526/5611/3118 5527/5610/3117 5531/5614/3121 5530/5615/3122
f 5524/5612/3119 5526/5611/3118 5530/5615/3122 5528/5616/3123
f 5525/5613/3120 5524/5612/3119 5528/5616/3123 5529/5617/3124
f 5530/5615/3122 5531/5614/3121 5535/5618/3125 5534/5619/3126
f 5528/5616/3123 5530/5615/3122 5534/5619/3126 5532/5620/3127
f 5529/5617/3124 5528/5616/3123 5532/5620/3127 5533/5621/3128
f 5534/5619/3126 5535/5618/3125 5515/5601/3108 5538/5597/3104
f 5532/5620/3127 5534/5619/3126 5538/5597/3104 5536/5593/3100
f 5533/5621/3128 5532/5620/3127 5536/5593/3100 5537/5592/3099
f 5511/5596/3103 5514/5600/3107 5542/5622/3129 5541/5623/3130
f 5509/5590/3097 5511/5596/3103 5541/5623/3130 5540/5624/3131
f 5508/5591/3098 5509/5590/3097 5540/5624/3131 5539/5625/3132
f 5541/5623/3130 5542/5622/3129 5546/5626/3133 5545/5627/3134
f 5540/5624/3131 5541/5623/3130 5545/5627/3134 5544/5628/3135
f 5539/5625/3132 5540/5624/3131 5544/5628/3135 5543/5629/3136
f 5545/5627/3134 5546/5626/3133 5550/5630/3137 5549/5631/3138
f 5544/5628/3135 5545/5627/3134 5549/5631/3138 5548/5632/3139
f 5543/5629/3136 5544/5628/3135 5548/5632/3139 5547/5633/3140
f 5549/5631/3138 5550/5630/3137 5554/5634/3141 5553/5635/3142
f 5548/5632/3139 5549/5631/3138 5553/5635/3142 5552/5636/3143
f 5547/5633/3140 5548/5632/3139 5552/5636/3143 5551/5637/3144
f 5553/5635/3142 5554/5634/3141 5558/5638/3145 5557/5639/3146
f 5552/5636/3143 5553/5635/3142 5557/5639/3146 5556/5640/3147
f 5551/5637/3144 5552/5636/3143 5556/5640/3147 5555/5641/3148
f 5557/5639/3146 5558/5638/3145 5513/5599/3106 5560/5595/3102
f 5556/5640/3147 5557/5639/3146 5560/5595/3102 5559/5589/3096
f 5555/5641/3148 5556/5640/3147 5559/5589/3096 5507/5588/3095
f 5561/5642/3149 5562/5643/3150 5591/5644/3151 5590/5645/3152
f 5588/5646/3153 5589/5647/3154 5567/5648/3155 5568/5649/3156
f 5569/5650/3157 5633/5651/3158 5570/5652/3159 5648/5653/3160
f 5572/5654/3161 5571/5655/3162 5573/5656/3163 5574/5657/3164
f 5576/5658/3165 5575/5659/3166 5689/5660/3034 5578/5661/3167
f 5578/5661/3167 5577/5662/3168 5632/5663/3169 5579/5664/3170
f 5568/5649/3156 5561/5642/3149 5590/5645/3152 5588/5646/3153
f 5565/5665/3171 5566/5666/3172 5581/5667/3173 5580/5668/3174
f 5580/5668/3174 5581/5667/3173 5583/5669/3175 5582/5670/3176
f 5582/5670/3176 5583/5669/3175 5585/5671/3177 5584/5672/3178
f 5584/5672/3178 5585/5671/3177 5587/5673/3179 5586/5674/3180
f 5586/5674/3180 5587/5673/3179 5564/5675/3181 5563/5676/3182
f 5566/5666/3172 5564/5675/3181 5587/5673/3179 5581/5667/3173
f 5581/5667/3173 5587/5673/3179 5585/5671/3177 5583/5669/3175
f 5591/5644/3151 5595/5677/3183 5594/5678/3184 5590/5645/3152
f 5590/5645/3152 5594/5678/3184 5592/5679/3185 5588/5646/3153
f 5588/5646/3153 5592/5679/3185 5593/5680/3186 5589/5647/3154
f 5595/5677/3183 5599/5681/3187 5598/5682/3188 5594/5678/3184
f 5594/5678/3184 5598/5682/3188 5596/5683/3189 5592/5679/3185
f 5592/5679/3185 5596/5683/3189 5597/5684/3190 5593/5680/3186
f 5599/5681/3187 5603/5685/3191 5602/5686/3192 5598/5682/3188
f 5598/5682/3188 5602/5686/3192 5600/5687/3193 5596/5683/3189
f 5596/5683/3189 5600/5687/3193 5601/5688/3194 5597/5684/3190
f 5603/5685/3191 5607/5689/3195 5606/5690/3196 5602/5686/3192
f 5602/5686/3192 5606/5690/3196 5604/5691/3197 5600/5687/3193
f 5600/5687/3193 5604/5691/3197 5605/5692/3198 5601/5688/3194
f 5607/5689/3195 5611/5693/3199 5610/5694/3200 5606/5690/3196
f 5606/5690/3196 5610/5694/3200 5608/5695/3201 5604/5691/3197
f 5604/5691/3197 5608/5695/3201 5609/5696/3202 5605/5692/3198
f 5609/5696/3202 5608/5695/3201 5566/5666/3172 5565/5665/3171
f 5608/5695/3201 5610/5694/3200 5564/5675/3181 5566/5666/3172
f 5610/5694/3200 5611/5693/3199 5563/5676/3182 5564/5675/3181
f 5561/5642/3149 5568/5649/3156 5615/5697/3203 5612/5698/3204
f 5568/5649/3156 5567/5648/3155 5614/5699/3205 5615/5697/3203
f 5562/5643/3150 5561/5642/3149 5612/5698/3204 5613/5700/3206
f 5612/5698/3204 5615/5697/3203 5619/5701/3207 5616/5702/3208
f 5615/5697/3203 5614/5699/3205 5618/5703/3209 5619/5701/3207
f 5613/5700/3206 5612/5698/3204 5616/5702/3208 5617/5704/3210
f 5616/5702/3208 5619/5701/3207 5623/5705/3211 5620/5706/3212
f 5619/5701/3207 5618/5703/3209 5622/5707/3213 5623/5705/3211
f 5617/5704/3210 5616/5702/3208 5620/5706/3212 5621/5708/3214
f 5620/5706/3212 5623/5705/3211 5627/5709/3215 5624/5710/3216
f 5623/5705/3211 5622/5707/3213 5626/5711/3217 5627/5709/3215
f 5621/5708/3214 5620/5706/3212 5624/5710/3216 5625/5712/3218
f 5624/5710/3216 5627/5709/3215 5631/5713/3219 5628/5714/3220
f 5627/5709/3215 5626/5711/3217 5630/5715/3221 5631/5713/3219
f 5625/5712/3218 5624/5710/3216 5628/5714/3220 5629/5716/3222
f 5628/5714/3220 5631/5713/3219 5569/5650/3157 5579/5664/3170
f 5631/5713/3219 5630/5715/3221 5633/5651/3158 5569/5650/3157
f 5629/5716/3222 5628/5714/3220 5579/5664/3170 5632/5663/3169
f 5575/5659/3166 5576/5658/3165 5635/5717/3223 5634/5718/3224
f 5634/5718/3224 5635/5717/3223 5637/5719/3225 5636/5720/3226
f 5636/5720/3226 5637/5719/3225 5639/5721/3227 5638/5722/3228
f 5638/5722/3228 5639/5721/3227 5641/5723/3229 5640/5724/3230
f 5640/5724/3230 5641/5723/3229 5574/5657/3164 5573/5656/3163
f 5576/5658/3165 5574/5657/3164 5641/5723/3229 5635/5717/3223
f 5635/5717/3223 5641/5723/3229 5639/5721/3227 5637/5719/3225
f 5571/5655/3162 5572/5654/3161 5643/5725/3231 5642/5726/3232
f 5642/5726/3232 5643/5725/3231 5645/5727/3233 5644/5728/3234
f 5644/5728/3234 5645/5727/3233 5647/5729/3235 5646/5730/3236
f 5646/5730/3236 5647/5729/3235 5648/5653/3160 5570/5652/3159
f 5647/5729/3235 5645/5727/3233 5578/5661/3167 5648/5653/3160
f 5578/5661/3167 5645/5727/3233 5643/5725/3231 5572/5654/3161
f 5572/5654/3161 5574/5657/3164 5576/5658/3165 5578/5661/3167
f 5579/5664/3170 5569/5650/3157 5648/5653/3160 5578/5661/3167
f 5660/5731/3237 5659/5732/3238 5658/5733/3239 5657/5734/3240
f 5661/5735/3241 5662/5736/3242 5659/5732/3238 5660/5731/3237
f 5676/5737/3243 5675/5738/3244 5654/5739/3245 5653/5740/3246
f 5649/5741/3247 5650/5742/3248 5690/5743/3249 5652/5744/3250
f 5652/5744/3250 5651/5745/3251 5653/5740/3246 5654/5739/3245
f 5657/5734/3240 5658/5733/3239 5655/5746/3252 5656/5747/3253
f 5662/5736/3242 5661/5735/3241 5683/5748/3254 5684/5749/3255
f 5664/5750/3049 5663/5751/3050 5674/5752/3256 5673/5753/3257
f 5662/5736/3242 5654/5739/3245 5675/5738/3244 5659/5732/3238
f 5656/5747/3253 5655/5746/3252 5675/5738/3244 5676/5737/3243
f 5654/5739/3245 5662/5736/3242 5684/5749/3255 5652/5744/3250
f 5650/5742/3248 5649/5741/3247 5665/5754/3258 5666/5755/3259
f 5666/5755/3259 5665/5754/3258 5667/5756/3260 5668/5757/3261
f 5668/5757/3261 5667/5756/3260 5669/5758/3262 5670/5759/3263
f 5670/5759/3263 5669/5758/3262 5671/5760/3264 5672/5761/3265
f 5672/5761/3265 5671/5760/3264 5673/5753/3257 5674/5752/3256
f 5649/5741/3247 5673/5753/3257 5671/5760/3264 5665/5754/3258
f 5665/5754/3258 5671/5760/3264 5669/5758/3262 5667/5756/3260
f 5655/5746/3252 5658/5733/3239 5659/5732/3238 5675/5738/3244
f 5663/5751/3050 5664/5750/3049 5678/5762/3087 5677/5763/3088
f 5677/5763/3088 5678/5762/3087 5680/5764/3089 5679/5765/3090
f 5679/5765/3090 5680/5764/3089 5682/5766/3091 5681/5767/3092
f 5681/5767/3092 5682/5766/3091 5684/5749/3255 5683/5748/3254
f 5652/5744/3250 5684/5749/3255 5682/5766/3091 5680/5764/3089
f 5652/5744/3250 5680/5764/3089 5678/5762/3087 5664/5750/3049
f 5652/5744/3250 5664/5750/3049 5673/5753/3257 5649/5741/3247
f 6384/5768/3266 6385/5769/3267 6350/5770/3267 6050/5771/3266
f 6386/5772/3268 6387/5773/3269 6364/5774/3269 6086/5775/3268
f 6131/5776/3270 5700/5777/3271 5714/5778/3272 6119/5779/3273
f 6131/5776/3270 6130/5780/3274 5701/5781/3275 5700/5777/3271
f 6130/5780/3274 5699/5782/3276 5702/5783/3277 5701/5781/3275
f 5699/5782/3276 6129/5784/3278 5703/5785/3279 5702/5783/3277
f 6129/5786/3278 6128/5787/3280 5704/5788/3281 5703/5789/3279
f 6128/5787/3280 6120/5790/3282 6212/5791/3282 5704/5788/3281
f 6127/5792/3283 5705/5793/3284 6210/5794/3285 6117/5795/3286
f 6127/5796/3283 6126/5797/3287 5706/5798/3288 5705/5799/3284
f 6126/5797/3287 6125/5800/3289 5707/5801/3290 5706/5798/3288
f 6125/5800/3289 6124/5802/3291 5708/5803/3292 5707/5801/3290
f 6124/5802/3291 6118/5804/3293 5715/5805/3294 5708/5803/3292
f 6123/5806/3295 6115/5807/3295 6206/5808/3296 6218/5809/3296
f 6363/5810/3297 6373/5811/3297 5710/5812/3297
f 6372/5813/3282 6216/5814/3282 6214/5815/3282 6121/5816/3282
f 6371/5817/3298 5712/5818/3299 5713/5819/3299 6370/5820/3298
f 6196/5821/3298 6173/5822/3300 5715/5805/3294 6118/5804/3293
f 6369/5823/3298 5716/5824/3301 6208/5825/3301 6116/5826/3298
f 6368/5827/3297 5717/5828/3297 5718/5829/3297 6367/5830/3297
f 5717/5828/3297 6209/5831/3297 6207/5832/3297 5718/5829/3297
f 5716/5824/3301 6211/5833/3302 5720/5834/3302 6208/5825/3301
f 6173/5822/3300 6185/5835/3303 5722/5836/3304 5715/5805/3294
f 5712/5818/3299 6215/5837/3302 6213/5838/3302 5713/5819/3299
f 6216/5814/3282 6217/5839/3282 5725/5840/3282 6214/5815/3282
f 6359/5841/3297 6363/5810/3297 5710/5812/3297
f 6218/5809/3296 6206/5808/3296 5719/5842/3305 6219/5843/3305
f 5708/5803/3292 5715/5805/3294 5722/5836/3304 5728/5844/3306
f 5707/5801/3290 5708/5803/3292 5728/5844/3306 5729/5845/3307
f 5706/5798/3288 5707/5801/3290 5729/5845/3307 5730/5846/3308
f 5705/5799/3284 5706/5798/3288 5730/5846/3308 5731/5847/3309
f 5705/5793/3284 5731/5848/3309 5721/5849/3310 6210/5794/3285
f 5704/5788/3281 6212/5791/3282 5724/5850/3282 5732/5851/3311
f 5703/5789/3279 5704/5788/3281 5732/5851/3311 5733/5852/3312
f 5702/5783/3277 5703/5785/3279 5733/5853/3312 5734/5854/3313
f 5701/5781/3275 5702/5783/3277 5734/5854/3313 5735/5855/3314
f 5700/5777/3271 5701/5781/3275 5735/5855/3314 5736/5856/3315
f 5700/5777/3271 5736/5856/3315 5723/5857/3316 5714/5778/3272
f 5736/5856/3315 5737/5858/3317 5750/5859/3318 5723/5857/3316
f 5736/5856/3315 5735/5855/3314 5738/5860/3319 5737/5858/3317
f 5735/5855/3314 5734/5854/3313 5739/5861/3320 5738/5860/3319
f 5734/5854/3313 5733/5853/3312 5740/5862/3321 5739/5861/3320
f 5733/5852/3312 5732/5851/3311 5741/5863/3322 5740/5864/3321
f 5732/5851/3311 5724/5850/3282 6220/5865/3282 5741/5863/3322
f 5731/5848/3309 5742/5866/3323 6221/5867/3324 5721/5849/3310
f 5731/5847/3309 5730/5846/3308 5743/5868/3325 5742/5869/3323
f 5730/5846/3308 5729/5845/3307 5744/5870/3326 5743/5868/3325
f 5729/5845/3307 5728/5844/3306 5745/5871/3327 5744/5870/3326
f 5728/5844/3306 5722/5836/3304 5751/5872/3328 5745/5871/3327
f 6219/5843/3305 5719/5842/3305 6222/5873/3329 6223/5874/3329
f 6349/5875/3297 6359/5841/3297 5710/5812/3297
f 6217/5839/3282 6224/5876/3282 6225/5877/3282 5725/5840/3282
f 6215/5837/3302 5748/5878/3330 5749/5879/3330 6213/5838/3302
f 6185/5835/3303 6174/5880/3330 5751/5872/3328 5722/5836/3304
f 6211/5833/3302 5752/5881/3330 6226/5882/3330 5720/5834/3302
f 6209/5831/3297 5753/5883/3297 5754/5884/3297 6207/5832/3297
f 5753/5883/3297 6228/5885/3297 6227/5886/3297 5754/5884/3297
f 5752/5881/3330 6229/5887/3331 5756/5888/3331 6226/5882/3330
f 6174/5880/3330 6186/5889/3332 5758/5890/3333 5751/5872/3328
f 5748/5878/3330 6231/5891/3331 6230/5892/3331 5749/5879/3330
f 6224/5876/3282 6232/5893/3282 5761/5894/3282 6225/5877/3282
f 6345/5895/3297 6349/5875/3297 5710/5812/3297
f 6223/5874/3329 6222/5873/3329 5755/5896/3334 6233/5897/3334
f 5745/5871/3327 5751/5872/3328 5758/5890/3333 5764/5898/3335
f 5744/5870/3326 5745/5871/3327 5764/5898/3335 5765/5899/3336
f 5743/5868/3325 5744/5870/3326 5765/5899/3336 5766/5900/3337
f 5742/5869/3323 5743/5868/3325 5766/5900/3337 5767/5901/3338
f 5742/5866/3323 5767/5902/3338 5757/5903/3339 6221/5867/3324
f 5741/5863/3322 6220/5865/3282 5760/5904/3282 5768/5905/3340
f 5740/5864/3321 5741/5863/3322 5768/5905/3340 5769/5906/3341
f 5739/5861/3320 5740/5862/3321 5769/5907/3341 5770/5908/3342
f 5738/5860/3319 5739/5861/3320 5770/5908/3342 5771/5909/3343
f 5737/5858/3317 5738/5860/3319 5771/5909/3343 5772/5910/3344
f 5737/5858/3317 5772/5910/3344 5759/5911/3345 5750/5859/3318
f 5772/5910/3344 5773/5912/3346 5786/5913/3347 5759/5911/3345
f 5772/5910/3344 5771/5909/3343 5774/5914/3348 5773/5912/3346
f 5771/5909/3343 5770/5908/3342 5775/5915/3349 5774/5914/3348
f 5770/5908/3342 5769/5907/3341 5776/5916/3350 5775/5915/3349
f 5769/5906/3341 5768/5905/3340 5777/5917/3351 5776/5918/3350
f 5768/5905/3340 5760/5904/3282 6234/5919/3282 5777/5917/3351
f 5767/5902/3338 5778/5920/3352 6235/5921/3353 5757/5903/3339
f 5767/5901/3338 5766/5900/3337 5779/5922/3354 5778/5923/3352
f 5766/5900/3337 5765/5899/3336 5780/5924/3355 5779/5922/3354
f 5765/5899/3336 5764/5898/3335 5781/5925/3356 5780/5924/3355
f 5764/5898/3335 5758/5890/3333 5787/5926/3357 5781/5925/3356
f 6233/5897/3334 5755/5896/3334 6236/5927/3358 6237/5928/3358
f 6335/5929/3297 6345/5895/3297 5710/5812/3297
f 6232/5893/3282 6238/5930/3282 6239/5931/3282 5761/5894/3282
f 6231/5891/3331 5784/5932/3359 5785/5933/3359 6230/5892/3331
f 6186/5889/3332 6175/5934/3360 5787/5926/3357 5758/5890/3333
f 6229/5887/3331 5788/5935/3361 6240/5936/3361 5756/5888/3331
f 6228/5885/3297 5789/5937/3297 5790/5938/3297 6227/5886/3297
f 5789/5937/3297 6242/5939/3297 6241/5940/3297 5790/5938/3297
f 5788/5935/3361 6243/5941/3362 5792/5942/3362 6240/5936/3361
f 6175/5934/3360 6187/5943/3362 5794/5944/3363 5787/5926/3357
f 5784/5932/3359 6245/5945/3362 6244/5946/3362 5785/5933/3359
f 6238/5930/3282 6246/5947/3282 5797/5948/3282 6239/5931/3282
f 6331/5949/3297 6335/5929/3297 5710/5812/3297
f 6237/5928/3358 6236/5927/3358 5791/5950/3364 6247/5951/3364
f 5781/5925/3356 5787/5926/3357 5794/5944/3363 5800/5952/3365
f 5780/5924/3355 5781/5925/3356 5800/5952/3365 5801/5953/3366
f 5779/5922/3354 5780/5924/3355 5801/5953/3366 5802/5954/3367
f 5778/5923/3352 5779/5922/3354 5802/5954/3367 5803/5955/3368
f 5778/5920/3352 5803/5956/3368 5793/5957/3369 6235/5921/3353
f 5777/5917/3351 6234/5919/3282 5796/5958/3282 5804/5959/3370
f 5776/5918/3350 5777/5917/3351 5804/5959/3370 5805/5960/3371
f 5775/5915/3349 5776/5916/3350 5805/5961/3371 5806/5962/3372
f 5774/5914/3348 5775/5915/3349 5806/5962/3372 5807/5963/3373
f 5773/5912/3346 5774/5914/3348 5807/5963/3373 5808/5964/3374
f 5773/5912/3346 5808/5964/3374 5795/5965/3375 5786/5913/3347
f 5808/5964/3374 5809/5966/3376 5822/5967/3377 5795/5965/3375
f 5808/5964/3374 5807/5963/3373 5810/5968/3378 5809/5966/3376
f 5807/5963/3373 5806/5962/3372 5811/5969/3379 5810/5968/3378
f 5806/5962/3372 5805/5961/3371 5812/5970/3380 5811/5969/3379
f 5805/5960/3371 5804/5959/3370 5813/5971/3381 5812/5972/3380
f 5804/5959/3370 5796/5958/3282 6248/5973/3282 5813/5971/3381
f 5803/5956/3368 5814/5974/3382 6249/5975/3383 5793/5957/3369
f 5803/5955/3368 5802/5954/3367 5815/5976/3384 5814/5977/3382
f 5802/5954/3367 5801/5953/3366 5816/5978/3385 5815/5976/3384
f 5801/5953/3366 5800/5952/3365 5817/5979/3386 5816/5978/3385
f 5800/5952/3365 5794/5944/3363 5823/5980/3387 5817/5979/3386
f 6247/5951/3364 5791/5950/3364 6250/5981/3388 6251/5982/3388
f 6321/5983/3297 6331/5949/3297 5710/5812/3297
f 6246/5947/3282 6252/5984/3282 6253/5985/3282 5797/5948/3282
f 6245/5945/3362 5820/5986/3389 5821/5987/3389 6244/5946/3362
f 6187/5943/3362 6176/5988/3390 5823/5980/3387 5794/5944/3363
f 6243/5941/3362 5824/5989/3391 6254/5990/3391 5792/5942/3362
f 6242/5939/3297 5825/5991/3297 5826/5992/3297 6241/5940/3297
f 5825/5991/3297 6256/5993/3297 6255/5994/3297 5826/5992/3297
f 5824/5989/3391 6257/5995/3392 5828/5996/3392 6254/5990/3391
f 6176/5988/3390 6188/5997/3266 5830/5998/3393 5823/5980/3387
f 5820/5986/3389 6259/5999/3392 6258/6000/3392 5821/5987/3389
f 6252/5984/3282 6260/6001/3282 5833/6002/3282 6253/5985/3282
f 6317/6003/3297 6321/5983/3297 5710/5812/3297
f 6251/5982/3388 6250/5981/3388 5827/6004/3394 6261/6005/3394
f 5817/5979/3386 5823/5980/3387 5830/5998/3393 5836/6006/3395
f 5816/5978/3385 5817/5979/3386 5836/6006/3395 5837/6007/3396
f 5815/5976/3384 5816/5978/3385 5837/6007/3396 5838/6008/3397
f 5814/5977/3382 5815/5976/3384 5838/6008/3397 5839/6009/3398
f 5814/5974/3382 5839/6010/3398 5829/6011/3399 6249/5975/3383
f 5813/5971/3381 6248/5973/3282 5832/6012/3282 5840/6013/3400
f 5812/5972/3380 5813/5971/3381 5840/6013/3400 5841/6014/3401
f 5811/5969/3379 5812/5970/3380 5841/6015/3401 5842/6016/3402
f 5810/5968/3378 5811/5969/3379 5842/6016/3402 5843/6017/3403
f 5809/5966/3376 5810/5968/3378 5843/6017/3403 5844/6018/3404
f 5809/5966/3376 5844/6018/3404 5831/6019/3405 5822/5967/3377
f 5844/6018/3404 5845/6020/3406 5858/6021/3407 5831/6019/3405
f 5844/6018/3404 5843/6017/3403 5846/6022/3408 5845/6020/3406
f 5843/6017/3403 5842/6016/3402 5847/6023/3409 5846/6022/3408
f 5842/6016/3402 5841/6015/3401 5848/6024/3410 5847/6023/3409
f 5841/6014/3401 5840/6013/3400 5849/6025/3411 5848/6026/3410
f 5840/6013/3400 5832/6012/3282 6262/6027/3282 5849/6025/3411
f 5839/6010/3398 5850/6028/3412 6263/6029/3413 5829/6011/3399
f 5839/6009/3398 5838/6008/3397 5851/6030/3414 5850/6031/3412
f 5838/6008/3397 5837/6007/3396 5852/6032/3415 5851/6030/3414
f 5837/6007/3396 5836/6006/3395 5853/6033/3416 5852/6032/3415
f 5836/6006/3395 5830/5998/3393 5859/6034/3417 5853/6033/3416
f 6261/6005/3394 5827/6004/3394 6264/6035/3418 6265/6036/3418
f 6307/6037/3297 6317/6003/3297 5710/5812/3297
f 6260/6001/3282 6266/6038/3282 6267/6039/3282 5833/6002/3282
f 6259/5999/3392 5856/6040/3267 5857/6041/3267 6258/6000/3392
f 6188/5997/3266 6177/6042/3267 5859/6034/3417 5830/5998/3393
f 6257/5995/3392 5860/6043/3267 6268/6044/3267 5828/5996/3392
f 6256/5993/3297 5861/6045/3297 5862/6046/3297 6255/5994/3297
f 5861/6045/3297 6270/6047/3297 6269/6048/3297 5862/6046/3297
f 5860/6043/3267 6271/6049/3419 5864/6050/3419 6268/6044/3267
f 6177/6042/3267 6189/6051/3268 5866/6052/3420 5859/6034/3417
f 5856/6040/3267 6273/6053/3419 6272/6054/3419 5857/6041/3267
f 6266/6038/3282 6274/6055/3282 5869/6056/3282 6267/6039/3282
f 6303/6057/3297 6307/6037/3297 5710/5812/3297
f 6265/6036/3418 6264/6035/3418 5863/6058/3421 6275/6059/3421
f 5853/6033/3416 5859/6034/3417 5866/6052/3420 5872/6060/3422
f 5852/6032/3415 5853/6033/3416 5872/6060/3422 5873/6061/3423
f 5851/6030/3414 5852/6032/3415 5873/6061/3423 5874/6062/3424
f 5850/6031/3412 5851/6030/3414 5874/6062/3424 5875/6063/3425
f 5850/6028/3412 5875/6064/3425 5865/6065/3426 6263/6029/3413
f 5849/6025/3411 6262/6027/3282 5868/6066/3282 5876/6067/3427
f 5848/6026/3410 5849/6025/3411 5876/6067/3427 5877/6068/3428
f 5847/6023/3409 5848/6024/3410 5877/6069/3428 5878/6070/3429
f 5846/6022/3408 5847/6023/3409 5878/6070/3429 5879/6071/3430
f 5845/6020/3406 5846/6022/3408 5879/6071/3430 5880/6072/3431
f 5845/6020/3406 5880/6072/3431 5867/6073/3432 5858/6021/3407
f 5880/6072/3431 5881/6074/3433 5894/6075/3434 5867/6073/3432
f 5880/6072/3431 5879/6071/3430 5882/6076/3435 5881/6074/3433
f 5879/6071/3430 5878/6070/3429 5883/6077/3436 5882/6076/3435
f 5878/6070/3429 5877/6069/3428 5884/6078/3437 5883/6077/3436
f 5877/6068/3428 5876/6067/3427 5885/6079/3438 5884/6080/3437
f 5876/6067/3427 5868/6066/3282 6276/6081/3282 5885/6079/3438
f 5875/6064/3425 5886/6082/3439 6277/6083/3440 5865/6065/3426
f 5875/6063/3425 5874/6062/3424 5887/6084/3441 5886/6085/3439
f 5874/6062/3424 5873/6061/3423 5888/6086/3442 5887/6084/3441
f 5873/6061/3423 5872/6060/3422 5889/6087/3443 5888/6086/3442
f 5872/6060/3422 5866/6052/3420 5895/6088/3444 5889/6087/3443
f 6275/6059/3421 5863/6058/3421 6278/6089/3445 6279/6090/3445
f 5926/6091/3297 6303/6057/3297 5710/5812/3297
f 6274/6055/3282 6280/6092/3282 6281/6093/3282 5869/6056/3282
f 6273/6053/3419 5892/6094/3446 5893/6095/3446 6272/6054/3419
f 6189/6051/3268 6178/6096/3447 5895/6088/3444 5866/6052/3420
f 6271/6049/3419 5896/6097/3448 6282/6098/3448 5864/6050/3419
f 6270/6047/3297 5897/6099/3297 5898/6100/3297 6269/6048/3297
f 5897/6099/3297 6284/6101/3297 6283/6102/3297 5898/6100/3297
f 5896/6097/3448 6285/6103/3295 5900/6104/3295 6282/6098/3448
f 6178/6096/3447 6190/6105/3295 5902/6106/3449 5895/6088/3444
f 5892/6094/3446 6287/6107/3295 6286/6108/3295 5893/6095/3446
f 6280/6092/3282 6288/6109/3282 5905/6110/3282 6281/6093/3282
f 5907/6111/3297 5926/6091/3297 5710/5812/3297
f 6279/6090/3445 6278/6089/3445 5899/6112/3298 6289/6113/3298
f 5889/6087/3443 5895/6088/3444 5902/6106/3449 5908/6114/3450
f 5888/6086/3442 5889/6087/3443 5908/6114/3450 5909/6115/3451
f 5887/6084/3441 5888/6086/3442 5909/6115/3451 5910/6116/3452
f 5886/6085/3439 5887/6084/3441 5910/6116/3452 5911/6117/3453
f 5886/6082/3439 5911/6118/3453 5901/6119/3454 6277/6083/3440
f 5885/6079/3438 6276/6081/3282 5904/6120/3282 5912/6121/3455
f 5884/6080/3437 5885/6079/3438 5912/6121/3455 5913/6122/3456
f 5883/6077/3436 5884/6078/3437 5913/6123/3456 5914/6124/3457
f 5882/6076/3435 5883/6077/3436 5914/6124/3457 5915/6125/3458
f 5881/6074/3433 5882/6076/3435 5915/6125/3458 5916/6126/3459
f 5881/6074/3433 5916/6126/3459 5903/6127/3460 5894/6075/3434
f 5916/6128/3459 5917/6129/3461 5930/6130/3462 5903/6131/3460
f 5916/6128/3459 5915/6132/3458 5918/6133/3463 5917/6129/3461
f 5915/6132/3458 5914/6134/3457 5919/6135/3464 5918/6133/3463
f 5914/6134/3457 5913/6136/3456 5920/6137/3465 5919/6135/3464
f 5913/6122/3456 5912/6121/3455 5921/6138/3466 5920/6139/3465
f 5912/6121/3455 5904/6120/3282 6290/6140/3282 5921/6138/3466
f 5911/6118/3453 5922/6141/3467 6291/6142/3468 5901/6119/3454
f 5911/6143/3453 5910/6144/3452 5923/6145/3469 5922/6146/3467
f 5910/6144/3452 5909/6147/3451 5924/6148/3470 5923/6145/3469
f 5909/6147/3451 5908/6149/3450 5925/6150/3471 5924/6148/3470
f 5908/6149/3450 5902/6151/3449 5931/6152/3472 5925/6150/3471
f 6289/6113/3298 5899/6112/3298 6292/6153/3299 6293/6154/3299
f 5890/6155/3297 5907/6111/3297 5710/5812/3297
f 6288/6109/3282 6294/6156/3282 6295/6157/3282 5905/6110/3282
f 6287/6107/3295 5928/6158/3296 5929/6159/3296 6286/6108/3295
f 6190/6160/3295 6179/6161/3473 5931/6152/3472 5902/6151/3449
f 6285/6103/3295 5932/6162/3474 6296/6163/3474 5900/6104/3295
f 6284/6101/3297 5933/6164/3297 5934/6165/3297 6283/6102/3297
f 5933/6164/3297 6298/6166/3297 6297/6167/3297 5934/6165/3297
f 5932/6162/3474 6299/6168/3305 5936/6169/3305 6296/6163/3474
f 6179/6161/3473 6191/6170/3475 5938/6171/3476 5931/6152/3472
f 5928/6158/3296 6301/6172/3305 6300/6173/3305 5929/6159/3296
f 6294/6156/3282 6302/6174/3282 5941/6175/3282 6295/6157/3282
f 5871/6176/3297 5890/6155/3297 5710/5812/3297
f 6293/6154/3299 6292/6153/3299 5935/6177/3302 5943/6178/3302
f 5925/6150/3471 5931/6152/3472 5938/6171/3476 5944/6179/3477
f 5924/6148/3470 5925/6150/3471 5944/6179/3477 5945/6180/3478
f 5923/6145/3469 5924/6148/3470 5945/6180/3478 5946/6181/3479
f 5922/6146/3467 5923/6145/3469 5946/6181/3479 5947/6182/3480
f 5922/6141/3467 5947/6183/3480 5937/6184/3481 6291/6142/3468
f 5921/6138/3466 6290/6140/3282 5940/6185/3282 5948/6186/3482
f 5920/6139/3465 5921/6138/3466 5948/6186/3482 5949/6187/3483
f 5919/6135/3464 5920/6137/3465 5949/6188/3483 5950/6189/3484
f 5918/6133/3463 5919/6135/3464 5950/6189/3484 5951/6190/3485
f 5917/6129/3461 5918/6133/3463 5951/6190/3485 5952/6191/3486
f 5917/6129/3461 5952/6191/3486 5939/6192/3487 5930/6130/3462
f 5952/6191/3486 5953/6193/3488 5966/6194/3489 5939/6192/3487
f 5952/6191/3486 5951/6190/3485 5954/6195/3490 5953/6193/3488
f 5951/6190/3485 5950/6189/3484 5955/6196/3491 5954/6195/3490
f 5950/6189/3484 5949/6188/3483 5956/6197/3492 5955/6196/3491
f 5949/6187/3483 5948/6186/3482 5957/6198/3493 5956/6199/3492
f 5948/6186/3482 5940/6185/3282 6304/6200/3282 5957/6198/3493
f 5947/6183/3480 5958/6201/3494 6305/6202/3495 5937/6184/3481
f 5947/6182/3480 5946/6181/3479 5959/6203/3496 5958/6204/3494
f 5946/6181/3479 5945/6180/3478 5960/6205/3497 5959/6203/3496
f 5945/6180/3478 5944/6179/3477 5961/6206/3498 5960/6205/3497
f 5944/6179/3477 5938/6171/3476 5967/6207/3499 5961/6206/3498
f 5943/6178/3302 5935/6177/3302 6306/6208/3330 5962/6209/3330
f 5854/6210/3297 5871/6176/3297 5710/5812/3297
f 6302/6174/3282 6308/6211/3282 6309/6212/3282 5941/6175/3282
f 6301/6172/3305 5964/6213/3329 5965/6214/3329 6300/6173/3305
f 6191/6170/3475 6180/6215/3329 5967/6207/3499 5938/6171/3476
f 6299/6168/3305 5968/6216/3329 6310/6217/3329 5936/6169/3305
f 6298/6166/3297 5969/6218/3297 5970/6219/3297 6297/6167/3297
f 5969/6218/3297 6312/6220/3297 6311/6221/3297 5970/6219/3297
f 5968/6216/3329 6313/6222/3334 5972/6223/3334 6310/6217/3329
f 6180/6215/3329 6192/6224/3500 5974/6225/3501 5967/6207/3499
f 5964/6213/3329 6315/6226/3334 6314/6227/3334 5965/6214/3329
f 6308/6211/3282 6316/6228/3282 5977/6229/3282 6309/6212/3282
f 5835/6230/3297 5854/6210/3297 5710/5812/3297
f 5962/6209/3330 6306/6208/3330 5971/6231/3331 5979/6232/3331
f 5961/6206/3498 5967/6207/3499 5974/6225/3501 5980/6233/3502
f 5960/6205/3497 5961/6206/3498 5980/6233/3502 5981/6234/3503
f 5959/6203/3496 5960/6205/3497 5981/6234/3503 5982/6235/3504
f 5958/6204/3494 5959/6203/3496 5982/6235/3504 5983/6236/3505
f 5958/6201/3494 5983/6237/3505 5973/6238/3506 6305/6202/3495
f 5957/6198/3493 6304/6200/3282 5976/6239/3282 5984/6240/3507
f 5956/6199/3492 5957/6198/3493 5984/6240/3507 5985/6241/3508
f 5955/6196/3491 5956/6197/3492 5985/6242/3508 5986/6243/3509
f 5954/6195/3490 5955/6196/3491 5986/6243/3509 5987/6244/3510
f 5953/6193/3488 5954/6195/3490 5987/6244/3510 5988/6245/3511
f 5953/6193/3488 5988/6245/3511 5975/6246/3512 5966/6194/3489
f 5988/6245/3511 5989/6247/3513 6002/6248/3514 5975/6246/3512
f 5988/6245/3511 5987/6244/3510 5990/6249/3515 5989/6247/3513
f 5987/6244/3510 5986/6243/3509 5991/6250/3516 5990/6249/3515
f 5986/6243/3509 5985/6242/3508 5992/6251/3517 5991/6250/3516
f 5985/6241/3508 5984/6240/3507 5993/6252/3518 5992/6253/3517
f 5984/6240/3507 5976/6239/3282 6318/6254/3282 5993/6252/3518
f 5983/6237/3505 5994/6255/3519 6319/6256/3520 5973/6238/3506
f 5983/6236/3505 5982/6235/3504 5995/6257/3521 5994/6258/3519
f 5982/6235/3504 5981/6234/3503 5996/6259/3522 5995/6257/3521
f 5981/6234/3503 5980/6233/3502 5997/6260/3523 5996/6259/3522
f 5980/6233/3502 5974/6225/3501 6003/6261/3524 5997/6260/3523
f 5979/6232/3331 5971/6231/3331 6320/6262/3359 5998/6263/3359
f 5818/6264/3297 5835/6230/3297 5710/5812/3297
f 6316/6228/3282 6322/6265/3282 6323/6266/3282 5977/6229/3282
f 6315/6226/3334 6000/6267/3358 6001/6268/3358 6314/6227/3334
f 6192/6224/3500 6181/6269/3525 6003/6261/3524 5974/6225/3501
f 6313/6222/3334 6004/6270/3526 6324/6271/3526 5972/6223/3334
f 6312/6220/3297 6005/6272/3297 6006/6273/3297 6311/6221/3297
f 6005/6272/3297 6326/6274/3297 6325/6275/3297 6006/6273/3297
f 6004/6270/3526 6327/6276/3364 6008/6277/3364 6324/6271/3526
f 6181/6269/3525 6193/6278/3364 6010/6279/3527 6003/6261/3524
f 6000/6267/3358 6329/6280/3364 6328/6281/3364 6001/6268/3358
f 6322/6265/3282 6330/6282/3282 6013/6283/3282 6323/6266/3282
f 5799/6284/3297 5818/6264/3297 5710/5812/3297
f 5998/6263/3359 6320/6262/3359 6007/6285/3362 6015/6286/3362
f 5997/6260/3523 6003/6261/3524 6010/6279/3527 6016/6287/3528
f 5996/6259/3522 5997/6260/3523 6016/6287/3528 6017/6288/3529
f 5995/6257/3521 5996/6259/3522 6017/6288/3529 6018/6289/3530
f 5994/6258/3519 5995/6257/3521 6018/6289/3530 6019/6290/3531
f 5994/6255/3519 6019/6291/3531 6009/6292/3532 6319/6256/3520
f 5993/6252/3518 6318/6254/3282 6012/6293/3282 6020/6294/3533
f 5992/6253/3517 5993/6252/3518 6020/6294/3533 6021/6295/3534
f 5991/6250/3516 5992/6251/3517 6021/6296/3534 6022/6297/3535
f 5990/6249/3515 5991/6250/3516 6022/6297/3535 6023/6298/3536
f 5989/6247/3513 5990/6249/3515 6023/6298/3536 6024/6299/3537
f 5989/6247/3513 6024/6299/3537 6011/6300/3538 6002/6248/3514
f 6024/6299/3537 6025/6301/3539 6038/6302/3540 6011/6300/3538
f 6024/6299/3537 6023/6298/3536 6026/6303/3541 6025/6301/3539
f 6023/6298/3536 6022/6297/3535 6027/6304/3542 6026/6303/3541
f 6022/6297/3535 6021/6296/3534 6028/6305/3543 6027/6304/3542
f 6021/6295/3534 6020/6294/3533 6029/6306/3544 6028/6307/3543
f 6020/6294/3533 6012/6293/3282 6332/6308/3282 6029/6306/3544
f 6019/6291/3531 6030/6309/3545 6333/6310/3546 6009/6292/3532
f 6019/6290/3531 6018/6289/3530 6031/6311/3547 6030/6312/3545
f 6018/6289/3530 6017/6288/3529 6032/6313/3548 6031/6311/3547
f 6017/6288/3529 6016/6287/3528 6033/6314/3549 6032/6313/3548
f 6016/6287/3528 6010/6279/3527 6039/6315/3550 6033/6314/3549
f 6015/6286/3362 6007/6285/3362 6334/6316/3389 6034/6317/3389
f 5782/6318/3297 5799/6284/3297 5710/5812/3297
f 6330/6282/3282 6336/6319/3282 6337/6320/3282 6013/6283/3282
f 6329/6280/3364 6036/6321/3388 6037/6322/3388 6328/6281/3364
f 6193/6278/3364 6182/6323/3551 6039/6315/3550 6010/6279/3527
f 6327/6276/3364 6040/6324/3552 6338/6325/3552 6008/6277/3364
f 6326/6274/3297 6041/6326/3297 6042/6327/3297 6325/6275/3297
f 6041/6326/3297 6340/6328/3297 6339/6329/3297 6042/6327/3297
f 6040/6324/3552 6341/6330/3394 6044/6331/3394 6338/6325/3552
f 6182/6323/3551 6194/6332/3553 6046/6333/3554 6039/6315/3550
f 6036/6321/3388 6343/6334/3394 6342/6335/3394 6037/6322/3388
f 6336/6319/3282 6344/6336/3282 6049/6337/3282 6337/6320/3282
f 5763/6338/3297 5782/6318/3297 5710/5812/3297
f 6034/6317/3389 6334/6316/3389 6043/6339/3392 6051/6340/3392
f 6033/6314/3549 6039/6315/3550 6046/6333/3554 6052/6341/3555
f 6032/6313/3548 6033/6314/3549 6052/6341/3555 6053/6342/3556
f 6031/6311/3547 6032/6313/3548 6053/6342/3556 6054/6343/3557
f 6030/6312/3545 6031/6311/3547 6054/6343/3557 6055/6344/3558
f 6030/6309/3545 6055/6345/3558 6045/6346/3559 6333/6310/3546
f 6029/6306/3544 6332/6308/3282 6048/6347/3282 6056/6348/3560
f 6028/6307/3543 6029/6306/3544 6056/6348/3560 6057/6349/3561
f 6027/6304/3542 6028/6305/3543 6057/6350/3561 6058/6351/3562
f 6026/6303/3541 6027/6304/3542 6058/6351/3562 6059/6352/3563
f 6025/6301/3539 6026/6303/3541 6059/6352/3563 6060/6353/3564
f 6025/6301/3539 6060/6353/3564 6047/6354/3565 6038/6302/3540
f 6060/6353/3564 6061/6355/3566 6074/6356/3567 6047/6354/3565
f 6060/6353/3564 6059/6352/3563 6062/6357/3568 6061/6355/3566
f 6059/6352/3563 6058/6351/3562 6063/6358/3569 6062/6357/3568
f 6058/6351/3562 6057/6350/3561 6064/6359/3570 6063/6358/3569
f 6057/6349/3561 6056/6348/3560 6065/6360/3571 6064/6361/3570
f 6056/6348/3560 6048/6347/3282 6346/6362/3282 6065/6360/3571
f 6055/6345/3558 6066/6363/3572 6347/6364/3573 6045/6346/3559
f 6055/6344/3558 6054/6343/3557 6067/6365/3574 6066/6366/3572
f 6054/6343/3557 6053/6342/3556 6068/6367/3575 6067/6365/3574
f 6053/6342/3556 6052/6341/3555 6069/6368/3576 6068/6367/3575
f 6052/6341/3555 6046/6333/3554 6075/6369/3577 6069/6368/3576
f 6051/6340/3392 6043/6339/3392 6348/6370/3267 6070/6371/3267
f 5746/6372/3297 5763/6338/3297 5710/5812/3297
f 6344/6336/3282 6071/6373/3282 6351/6374/3282 6049/6337/3282
f 6343/6334/3394 6072/6375/3418 6073/6376/3418 6342/6335/3394
f 6194/6332/3553 6183/6377/3418 6075/6369/3577 6046/6333/3554
f 6341/6330/3394 6076/6378/3418 6352/6379/3418 6044/6331/3394
f 6340/6328/3297 6077/6380/3297 6078/6381/3297 6339/6329/3297
f 6077/6380/3297 6354/6382/3297 6353/6383/3297 6078/6381/3297
f 6076/6378/3418 6355/6384/3421 6080/6385/3421 6352/6379/3418
f 6183/6377/3418 6195/6386/3578 6082/6387/3579 6075/6369/3577
f 6072/6375/3418 6357/6388/3421 6356/6389/3421 6073/6376/3418
f 6071/6373/3282 6358/6390/3282 6085/6391/3282 6351/6374/3282
f 5727/6392/3297 5746/6372/3297 5710/5812/3297
f 6070/6371/3267 6348/6370/3267 6079/6393/3419 6087/6394/3419
f 6069/6368/3576 6075/6369/3577 6082/6387/3579 6088/6395/3580
f 6068/6367/3575 6069/6368/3576 6088/6395/3580 6089/6396/3581
f 6067/6365/3574 6068/6367/3575 6089/6396/3581 6090/6397/3582
f 6066/6366/3572 6067/6365/3574 6090/6397/3582 6091/6398/3583
f 6066/6363/3572 6091/6399/3583 6081/6400/3584 6347/6364/3573
f 6065/6360/3571 6346/6362/3282 6084/6401/3282 6092/6402/3585
f 6064/6361/3570 6065/6360/3571 6092/6402/3585 6093/6403/3586
f 6063/6358/3569 6064/6359/3570 6093/6404/3586 6094/6405/3587
f 6062/6357/3568 6063/6358/3569 6094/6405/3587 6095/6406/3588
f 6061/6355/3566 6062/6357/3568 6095/6406/3588 6096/6407/3589
f 6061/6355/3566 6096/6407/3589 6083/6408/3590 6074/6356/3567
f 6096/6407/3589 6097/6409/3591 6110/6410/3592 6083/6408/3590
f 6096/6407/3589 6095/6406/3588 6098/6411/3593 6097/6409/3591
f 6095/6406/3588 6094/6405/3587 6099/6412/3594 6098/6411/3593
f 6094/6405/3587 6093/6404/3586 6100/6413/3595 6099/6412/3594
f 6093/6403/3586 6092/6402/3585 6101/6414/3596 6100/6415/3595
f 6092/6402/3585 6084/6401/3282 6360/6416/3282 6101/6414/3596
f 6091/6399/3583 6102/6417/3597 6361/6418/3598 6081/6400/3584
f 6091/6398/3583 6090/6397/3582 6103/6419/3599 6102/6420/3597
f 6090/6397/3582 6089/6396/3581 6104/6421/3600 6103/6419/3599
f 6089/6396/3581 6088/6395/3580 6105/6422/3601 6104/6421/3600
f 6088/6395/3580 6082/6387/3579 6111/6423/3602 6105/6422/3601
f 6087/6394/3419 6079/6393/3419 6362/6424/3446 6106/6425/3446
f 5709/6426/3297 5727/6392/3297 5710/5812/3297
f 6358/6390/3282 6107/6427/3282 6365/6428/3282 6085/6391/3282
f 6357/6388/3421 6108/6429/3445 6109/6430/3445 6356/6389/3421
f 6195/6386/3578 6184/6431/3603 6111/6423/3602 6082/6387/3579
f 6355/6384/3421 6112/6432/3604 6366/6433/3604 6080/6385/3421
f 6354/6382/3297 6113/6434/3297 6114/6435/3297 6353/6383/3297
f 6113/6434/3297 6368/5827/3297 6367/5830/3297 6114/6435/3297
f 6112/6432/3604 6369/5823/3298 6116/5826/3298 6366/6433/3604
f 6184/6431/3603 6196/6436/3298 6118/6437/3293 6111/6423/3602
f 6108/6429/3445 6371/5817/3298 6370/5820/3298 6109/6430/3445
f 6107/6427/3282 6372/5813/3282 6121/5816/3282 6365/6428/3282
f 6373/5811/3297 5709/6426/3297 5710/5812/3297
f 6106/6425/3446 6362/6424/3446 6115/5807/3295 6123/5806/3295
f 6105/6422/3601 6111/6423/3602 6118/6437/3293 6124/6438/3291
f 6104/6421/3600 6105/6422/3601 6124/6438/3291 6125/6439/3289
f 6103/6419/3599 6104/6421/3600 6125/6439/3289 6126/6440/3287
f 6102/6420/3597 6103/6419/3599 6126/6440/3287 6127/6441/3283
f 6102/6417/3597 6127/5792/3283 6117/5795/3286 6361/6418/3598
f 6101/6414/3596 6360/6416/3282 6120/5790/3282 6128/5787/3280
f 6100/6415/3595 6101/6414/3596 6128/5787/3280 6129/5786/3278
f 6129/6442/3278 5699/6443/3276 6099/6412/3594 6100/6413/3595
f 5699/6443/3276 6130/6444/3274 6098/6411/3593 6099/6412/3594
f 6097/6409/3591 6098/6411/3593 6130/6444/3274 6131/6445/3270
f 6097/6409/3591 6131/6445/3270 6119/6446/3273 6110/6410/3592
f 6382/6447/3362 6383/6448/3605 6035/6449/3605 6014/6450/3362
f 6387/5773/3269 6388/6451/3295 6122/6452/3295 6364/5774/3269
f 6380/6453/3332 6381/6454/3606 5999/6455/3606 5978/6456/3332
f 6385/5769/3267 6386/5772/3268 6086/5775/3268 6350/5770/3267
f 5711/6457/3607 6122/6452/3295 6388/6451/3295 6205/6458/3607
f 6378/6459/3303 6379/6460/3330 5963/6461/3330 5942/6462/3303
f 6383/6448/3605 6384/5768/3266 6050/5771/3266 6035/6449/3605
f 6376/6463/3298 6377/6464/3608 5927/6465/3608 5906/6466/3298
f 6381/6454/3606 6382/6447/3362 6014/6450/3362 5999/6455/3606
f 6374/6467/3578 6375/6468/3609 5891/6469/3609 5870/6470/3578
f 6379/6460/3330 6380/6453/3332 5978/6456/3332 5963/6461/3330
f 6197/6471/3553 6198/6472/3418 5855/6473/3418 5834/6474/3553
f 6377/6464/3608 6378/6459/3303 5942/6462/3303 5927/6465/3608
f 6200/6475/3364 6199/6476/3610 5819/6477/3610 5798/6478/3364
f 6375/6468/3609 6376/6463/3298 5906/6466/3298 5891/6469/3609
f 6202/6479/3500 6201/6480/3611 5783/6481/3611 5762/6482/3500
f 6198/6472/3418 6374/6467/3578 5870/6470/3578 5855/6473/3418
f 6204/6483/3475 6203/6484/3329 5747/6485/3329 5726/6486/3475
f 6199/6476/3610 6197/6471/3553 5834/6474/3553 5819/6477/3610
f 6201/6480/3611 6200/6475/3364 5798/6478/3364 5783/6481/3611
f 6203/6484/3329 6202/6479/3500 5762/6482/3500 5747/6485/3329
f 6205/6458/3607 6204/6483/3475 5726/6486/3475 5711/6457/3607
f 6148/6487/3282 6147/6488/3282 6146/6489/3282
f 6148/6487/3282 6142/6490/3282 6141/6491/3282
f 6148/6487/3282 6137/6492/3282 6136/6493/3282
f 6148/6487/3282 5695/6494/3282 5696/6495/3282
f 6148/6487/3282 6132/6496/3282 5691/6497/3282
f 5698/6498/3282 6147/6488/3282 6148/6487/3282
f 6148/6487/3282 6143/6499/3282 6142/6490/3282
f 6148/6487/3282 6138/6500/3282 6137/6492/3282
f 6148/6487/3282 5696/6495/3282 5697/6501/3282
f 6148/6487/3282 6133/6502/3282 6132/6496/3282
f 6148/6487/3282 5691/6497/3282 5692/6503/3282
f 6148/6487/3282 6144/6504/3282 6143/6499/3282
f 6148/6487/3282 6139/6505/3282 6138/6500/3282
f 6148/6487/3282 5697/6501/3282 5698/6498/3282
f 6148/6487/3282 5692/6503/3282 5693/6506/3282
f 6148/6487/3282 6134/6507/3282 6133/6502/3282
f 6148/6487/3282 6145/6508/3282 6144/6504/3282
f 6148/6487/3282 6140/6509/3282 6139/6505/3282
f 6148/6487/3282 6135/6510/3282 6134/6507/3282
f 6148/6487/3282 5693/6506/3282 5694/6511/3282
f 6148/6487/3282 6146/6489/3282 6145/6508/3282
f 6148/6487/3282 6141/6491/3282 6140/6509/3282
f 6148/6487/3282 6136/6493/3282 6135/6510/3282
f 6148/6487/3282 5694/6511/3282 5695/6494/3282
f 6110/6410/3592 6119/6446/3273 6172/6512/3298 6171/6513/3603
f 6083/6408/3590 6110/6410/3592 6171/6513/3603 6170/6514/3578
f 6074/6356/3567 6083/6408/3590 6170/6514/3578 6169/6515/3418
f 6047/6354/3565 6074/6356/3567 6169/6515/3418 6168/6516/3553
f 6038/6302/3540 6047/6354/3565 6168/6516/3553 6167/6517/3551
f 6011/6300/3538 6038/6302/3540 6167/6517/3551 6166/6518/3364
f 6002/6248/3514 6011/6300/3538 6166/6518/3364 6165/6519/3525
f 5975/6246/3512 6002/6248/3514 6165/6519/3525 6164/6520/3500
f 5966/6194/3489 5975/6246/3512 6164/6520/3500 6163/6521/3329
f 5939/6192/3487 5966/6194/3489 6163/6521/3329 6162/6522/3475
f 5930/6130/3462 5939/6192/3487 6162/6522/3475 6161/6523/3473
f 5903/6131/3460 5930/6130/3462 6161/6523/3473 6160/6524/3295
f 5894/6075/3434 5903/6127/3460 6160/6525/3295 6159/6526/3447
f 5867/6073/3432 5894/6075/3434 6159/6526/3447 6158/6527/3268
f 5858/6021/3407 5867/6073/3432 6158/6527/3268 6157/6528/3267
f 5831/6019/3405 5858/6021/3407 6157/6528/3267 6156/6529/3266
f 5822/5967/3377 5831/6019/3405 6156/6529/3266 6155/6530/3390
f 5795/5965/3375 5822/5967/3377 6155/6530/3390 6154/6531/3362
f 5786/5913/3347 5795/5965/3375 6154/6531/3362 6153/6532/3360
f 5759/5911/3345 5786/5913/3347 6153/6532/3360 6152/6533/3332
f 5750/5859/3318 5759/5911/3345 6152/6533/3332 6151/6534/3330
f 5723/5857/3316 5750/5859/3318 6151/6534/3330 6150/6535/3303
f 5714/5778/3272 5723/5857/3316 6150/6535/3303 6149/6536/3300
f 6119/5779/3273 5714/5778/3272 6149/6536/3300 6172/6537/3298
f 6171/6513/3603 6172/6512/3298 6196/6436/3298 6184/6431/3603
f 6170/6514/3578 6171/6513/3603 6184/6431/3603 6195/6386/3578
f 6169/6515/3418 6170/6514/3578 6195/6386/3578 6183/6377/3418
f 6168/6516/3553 6169/6515/3418 6183/6377/3418 6194/6332/3553
f 6167/6517/3551 6168/6516/3553 6194/6332/3553 6182/6323/3551
f 6166/6518/3364 6167/6517/3551 6182/6323/3551 6193/6278/3364
f 6165/6519/3525 6166/6518/3364 6193/6278/3364 6181/6269/3525
f 6164/6520/3500 6165/6519/3525 6181/6269/3525 6192/6224/3500
f 6163/6521/3329 6164/6520/3500 6192/6224/3500 6180/6215/3329
f 6162/6522/3475 6163/6521/3329 6180/6215/3329 6191/6170/3475
f 6161/6523/3473 6162/6522/3475 6191/6170/3475 6179/6161/3473
f 6160/6524/3295 6161/6523/3473 6179/6161/3473 6190/6160/3295
f 6159/6526/3447 6160/6525/3295 6190/6105/3295 6178/6096/3447
f 6158/6527/3268 6159/6526/3447 6178/6096/3447 6189/6051/3268
f 6157/6528/3267 6158/6527/3268 6189/6051/3268 6177/6042/3267
f 6156/6529/3266 6157/6528/3267 6177/6042/3267 6188/5997/3266
f 6155/6530/3390 6156/6529/3266 6188/5997/3266 6176/5988/3390
f 6154/6531/3362 6155/6530/3390 6176/5988/3390 6187/5943/3362
f 6153/6532/3360 6154/6531/3362 6187/5943/3362 6175/5934/3360
f 6152/6533/3332 6153/6532/3360 6175/5934/3360 6186/5889/3332
f 6151/6534/3330 6152/6533/3332 6186/5889/3332 6174/5880/3330
f 6150/6535/3303 6151/6534/3330 6174/5880/3330 6185/5835/3303
f 6149/6536/3300 6150/6535/3303 6185/5835/3303 6173/5822/3300
f 6172/6537/3298 6149/6536/3300 6173/5822/3300 6196/5821/3298
