# Blender v3.0.1 OBJ File: 'tablero.blend'
# www.blender.org
mtllib alfil.mtl
o Line011_Malla.005
v 0.000000 0.169786 -0.000000
v -0.106757 0.169786 -0.000000
v -0.106757 0.196188 -0.000000
v -0.087529 0.199632 -0.000000
v -0.104174 0.213120 -0.000000
v -0.105896 0.230052 -0.000000
v -0.096425 0.248705 -0.000000
v -0.067153 0.275968 -0.000000
v -0.066866 0.284291 -0.000000
v -0.080929 0.293187 -0.000000
v -0.072606 0.300075 -0.000000
v -0.061127 0.302658 -0.000000
v -0.038455 0.341974 -0.000000
v -0.029470 0.390393 -0.000000
v -0.034062 0.433440 0.000000
v -0.061612 0.432579 0.000000
v -0.069934 0.439467 0.000000
v -0.070508 0.448363 0.000000
v -0.062186 0.456973 0.000000
v -0.053863 0.457834 0.000000
v -0.061038 0.463860 0.000000
v -0.054437 0.470748 0.000000
v -0.038079 0.474765 0.000000
v -0.038079 0.492271 0.000000
v -0.047263 0.496002 0.000000
v -0.039227 0.502316 0.000000
v -0.055011 0.514943 0.000000
v -0.067305 0.536952 0.000000
v -0.063861 0.557614 0.000000
v -0.039468 0.596357 0.000000
v -0.017657 0.635673 0.000000
v -0.017944 0.647726 0.000000
v -0.032580 0.659779 0.000000
v -0.032580 0.666667 0.000000
v -0.017657 0.675850 0.000000
v -0.000725 0.678433 0.000000
v 0.000000 0.169786 0.000000
v 0.053379 0.169786 0.092454
v 0.053379 0.196188 0.092454
v 0.043765 0.199632 0.075803
v 0.052087 0.213120 0.090217
v 0.052948 0.230052 0.091709
v 0.048213 0.248705 0.083507
v 0.033577 0.275968 0.058157
v 0.033433 0.284291 0.057908
v 0.040464 0.293187 0.070086
v 0.036303 0.300075 0.062879
v 0.030564 0.302658 0.052937
v 0.019228 0.341974 0.033303
v 0.014735 0.390393 0.025522
v 0.017031 0.433440 0.029498
v 0.030806 0.432579 0.053358
v 0.034967 0.439467 0.060565
v 0.035254 0.448363 0.061062
v 0.031093 0.456973 0.053855
v 0.026932 0.457834 0.046647
v 0.030519 0.463860 0.052860
v 0.027219 0.470748 0.047144
v 0.019040 0.474765 0.032978
v 0.019040 0.492271 0.032978
v 0.023632 0.496002 0.040931
v 0.019614 0.502316 0.033972
v 0.027506 0.514943 0.047641
v 0.033653 0.536952 0.058288
v 0.031931 0.557614 0.055305
v 0.019734 0.596357 0.034180
v 0.008829 0.635673 0.015291
v 0.008972 0.647726 0.015540
v 0.016290 0.659779 0.028215
v 0.016290 0.666667 0.028215
v 0.008829 0.675850 0.015291
v 0.000363 0.678433 0.000628
v 0.000000 0.169786 0.000000
v 0.053379 0.169786 -0.092454
v 0.053379 0.196188 -0.092454
v 0.043765 0.199632 -0.075802
v 0.052087 0.213120 -0.090217
v 0.052948 0.230052 -0.091709
v 0.048213 0.248705 -0.083507
v 0.033577 0.275968 -0.058157
v 0.033433 0.284291 -0.057908
v 0.040464 0.293187 -0.070086
v 0.036303 0.300075 -0.062879
v 0.030564 0.302658 -0.052937
v 0.019228 0.341974 -0.033303
v 0.014735 0.390393 -0.025522
v 0.017031 0.433440 -0.029498
v 0.030806 0.432579 -0.053358
v 0.034967 0.439467 -0.060565
v 0.035254 0.448363 -0.061062
v 0.031093 0.456973 -0.053855
v 0.026932 0.457834 -0.046647
v 0.030519 0.463860 -0.052860
v 0.027219 0.470748 -0.047144
v 0.019040 0.474765 -0.032978
v 0.019040 0.492271 -0.032978
v 0.023632 0.496002 -0.040931
v 0.019614 0.502316 -0.033972
v 0.027506 0.514943 -0.047641
v 0.033652 0.536952 -0.058288
v 0.031931 0.557614 -0.055305
v 0.019734 0.596357 -0.034180
v 0.008829 0.635673 -0.015292
v 0.008972 0.647726 -0.015540
v 0.016290 0.659779 -0.028215
v 0.016290 0.666667 -0.028215
v 0.008829 0.675850 -0.015292
v 0.000363 0.678433 -0.000628
v 0.000000 0.169786 -0.000000
v 0.000000 0.169786 -0.000000
v 0.000000 0.169786 -0.000000
v 0.000000 0.169786 -0.000000
v 0.000000 0.169786 0.000000
v 0.008896 0.169786 0.015409
v 0.017793 0.169786 0.030818
v 0.026689 0.169786 0.046227
v 0.035586 0.169786 0.061636
v 0.044482 0.169786 0.077045
v 0.016879 0.169786 0.105520
v -0.019675 0.169786 0.104900
v -0.053298 0.169786 0.092315
v -0.081009 0.169786 0.069489
v -0.099823 0.169786 0.038143
v -0.088964 0.169786 -0.000000
v -0.071171 0.169786 -0.000000
v -0.053378 0.169786 -0.000000
v -0.035586 0.169786 -0.000000
v -0.017793 0.169786 -0.000000
v 0.053379 0.174186 0.092454
v 0.053379 0.178586 0.092454
v 0.053379 0.182987 0.092454
v 0.053379 0.187387 0.092454
v 0.053379 0.191787 0.092454
v 0.016879 0.196188 0.105520
v -0.019675 0.196188 0.104900
v -0.053298 0.196188 0.092315
v -0.081009 0.196188 0.069489
v -0.099823 0.196188 0.038143
v -0.106757 0.191787 -0.000000
v -0.106757 0.187387 -0.000000
v -0.106757 0.182987 -0.000000
v -0.106757 0.178586 -0.000000
v -0.106757 0.174186 -0.000000
v 0.051776 0.196762 0.089679
v 0.050174 0.197336 0.086904
v 0.048572 0.197910 0.084128
v 0.046969 0.198484 0.081353
v 0.045367 0.199058 0.078578
v 0.013839 0.199632 0.086515
v -0.016131 0.199632 0.086007
v -0.043699 0.199632 0.075688
v -0.066418 0.199632 0.056973
v -0.081844 0.199632 0.031273
v -0.090734 0.199058 -0.000000
v -0.093938 0.198484 -0.000000
v -0.097143 0.197910 -0.000000
v -0.100348 0.197336 -0.000000
v -0.103552 0.196762 -0.000000
v 0.045152 0.201880 0.078205
v 0.046539 0.204128 0.080607
v 0.047926 0.206376 0.083010
v 0.049313 0.208624 0.085412
v 0.050700 0.210872 0.087815
v 0.016470 0.213120 0.102967
v -0.019199 0.213120 0.102362
v -0.052009 0.213120 0.090082
v -0.079049 0.213120 0.067807
v -0.097407 0.213120 0.037220
v -0.101400 0.210872 -0.000000
v -0.098626 0.208624 -0.000000
v -0.095852 0.206376 -0.000000
v -0.093077 0.204128 -0.000000
v -0.090303 0.201880 -0.000000
v 0.052231 0.215942 0.090466
v 0.052374 0.218764 0.090714
v 0.052518 0.221586 0.090963
v 0.052661 0.224408 0.091212
v 0.052805 0.227230 0.091460
v 0.016743 0.230052 0.104669
v -0.019516 0.230052 0.104054
v -0.052868 0.230052 0.091571
v -0.080355 0.230052 0.068928
v -0.099017 0.230052 0.037835
v -0.105609 0.227230 -0.000000
v -0.105322 0.224408 -0.000000
v -0.105035 0.221586 -0.000000
v -0.104748 0.218764 -0.000000
v -0.104461 0.215942 -0.000000
v 0.052159 0.233161 0.090342
v 0.051370 0.236269 0.088975
v 0.050580 0.239378 0.087608
v 0.049791 0.242487 0.086241
v 0.049002 0.245596 0.084874
v 0.015245 0.248705 0.095309
v -0.017771 0.248705 0.094748
v -0.048140 0.248705 0.083381
v -0.073169 0.248705 0.062764
v -0.090162 0.248705 0.034452
v -0.098004 0.245596 -0.000000
v -0.099582 0.242487 -0.000000
v -0.101161 0.239378 -0.000000
v -0.102739 0.236269 -0.000000
v -0.104317 0.233161 -0.000000
v 0.045774 0.253249 0.079282
v 0.043334 0.257793 0.075057
v 0.040895 0.262337 0.070832
v 0.038456 0.266881 0.066607
v 0.036016 0.271425 0.062382
v 0.010617 0.275968 0.066376
v -0.012376 0.275968 0.065985
v -0.033526 0.275968 0.058069
v -0.050957 0.275968 0.043711
v -0.062792 0.275968 0.023993
v -0.072032 0.271425 -0.000000
v -0.076911 0.266881 -0.000000
v -0.081789 0.262337 -0.000000
v -0.086668 0.257793 -0.000000
v -0.091547 0.253249 -0.000000
v 0.033553 0.277356 0.058115
v 0.033529 0.278743 0.058074
v 0.033505 0.280130 0.058032
v 0.033481 0.281517 0.057991
v 0.033457 0.282904 0.057950
v 0.010572 0.284291 0.066092
v -0.012323 0.284291 0.065703
v -0.033383 0.284291 0.057821
v -0.050739 0.284291 0.043524
v -0.062523 0.284291 0.023891
v -0.066914 0.282904 -0.000000
v -0.066962 0.281517 -0.000000
v -0.067010 0.280130 -0.000000
v -0.067058 0.278743 -0.000000
v -0.067106 0.277356 -0.000000
v 0.034605 0.285774 0.059938
v 0.035777 0.287256 0.061968
v 0.036949 0.288739 0.063997
v 0.038121 0.290222 0.066027
v 0.039293 0.291705 0.068057
v 0.012795 0.293187 0.079991
v -0.014915 0.293187 0.079521
v -0.040403 0.293187 0.069981
v -0.061410 0.293187 0.052677
v -0.075672 0.293187 0.028915
v -0.078585 0.291705 -0.000000
v -0.076241 0.290222 -0.000000
v -0.073897 0.288739 -0.000000
v -0.071554 0.287256 -0.000000
v -0.069210 0.285774 -0.000000
v 0.039771 0.294335 0.068885
v 0.039077 0.295483 0.067684
v 0.038384 0.296631 0.066483
v 0.037690 0.297779 0.065281
v 0.036997 0.298927 0.064080
v 0.011479 0.300075 0.071765
v -0.013381 0.300075 0.071343
v -0.036248 0.300075 0.062784
v -0.055094 0.300075 0.047260
v -0.067890 0.300075 0.025941
v -0.073993 0.298927 -0.000000
v -0.075380 0.297779 -0.000000
v -0.076767 0.296631 -0.000000
v -0.078154 0.295483 -0.000000
v -0.079541 0.294335 -0.000000
v 0.035347 0.300505 0.061222
v 0.034390 0.300936 0.059565
v 0.033433 0.301366 0.057908
v 0.032477 0.301797 0.056251
v 0.031520 0.302227 0.054594
v 0.009664 0.302658 0.060419
v -0.011265 0.302658 0.060064
v -0.030517 0.302658 0.052858
v -0.046384 0.302658 0.039788
v -0.057156 0.302658 0.021840
v -0.063040 0.302227 -0.000000
v -0.064953 0.301797 -0.000000
v -0.066866 0.301366 -0.000000
v -0.068780 0.300936 -0.000000
v -0.070693 0.300505 -0.000000
v 0.028674 0.309210 0.049665
v 0.026785 0.315763 0.046393
v 0.024896 0.322316 0.043120
v 0.023006 0.328869 0.039848
v 0.021117 0.335421 0.036576
v 0.006080 0.341974 0.038010
v -0.007087 0.341974 0.037786
v -0.019199 0.341974 0.033253
v -0.029180 0.341974 0.025031
v -0.035958 0.341974 0.013740
v -0.042234 0.335421 -0.000000
v -0.046013 0.328869 -0.000000
v -0.049791 0.322316 -0.000000
v -0.053570 0.315763 -0.000000
v -0.057348 0.309210 -0.000000
v 0.018479 0.350044 0.032006
v 0.017730 0.358114 0.030710
v 0.016981 0.366184 0.029413
v 0.016233 0.374253 0.028116
v 0.015484 0.382323 0.026819
v 0.004659 0.390393 0.029129
v -0.005431 0.390393 0.028957
v -0.014713 0.390393 0.025484
v -0.022362 0.390393 0.019182
v -0.027556 0.390393 0.010529
v -0.030968 0.382323 -0.000000
v -0.032465 0.374253 -0.000000
v -0.033963 0.366184 -0.000000
v -0.035460 0.358114 -0.000000
v -0.036958 0.350044 -0.000000
v 0.015118 0.397568 0.026185
v 0.015500 0.404742 0.026847
v 0.015883 0.411917 0.027510
v 0.016266 0.419091 0.028173
v 0.016648 0.426266 0.028836
v 0.005385 0.433440 0.033667
v -0.006277 0.433440 0.033469
v -0.017005 0.433440 0.029454
v -0.025846 0.433440 0.022171
v -0.031849 0.433440 0.012170
v -0.033296 0.426266 0.000000
v -0.032531 0.419091 0.000000
v -0.031766 0.411917 0.000000
v -0.031001 0.404742 0.000000
v -0.030235 0.397568 -0.000000
v 0.019327 0.433297 0.033475
v 0.021623 0.433153 0.037451
v 0.023919 0.433010 0.041428
v 0.026214 0.432866 0.045404
v 0.028510 0.432723 0.049381
v 0.009741 0.432579 0.060898
v -0.011355 0.432579 0.060540
v -0.030760 0.432579 0.053277
v -0.046752 0.432579 0.040104
v -0.057610 0.432579 0.022013
v -0.057020 0.432723 0.000000
v -0.052428 0.432866 0.000000
v -0.047837 0.433010 0.000000
v -0.043245 0.433153 0.000000
v -0.038653 0.433297 0.000000
v 0.031500 0.433727 0.054559
v 0.032193 0.434875 0.055760
v 0.032887 0.436023 0.056961
v 0.033580 0.437171 0.058163
v 0.034274 0.438319 0.059364
v 0.011057 0.439467 0.069124
v -0.012888 0.439467 0.068718
v -0.034915 0.439467 0.060474
v -0.053067 0.439467 0.045521
v -0.065392 0.439467 0.024987
v -0.068547 0.438319 0.000000
v -0.067160 0.437171 0.000000
v -0.065773 0.436023 0.000000
v -0.064386 0.434875 0.000000
v -0.062999 0.433727 0.000000
v 0.035015 0.440950 0.060648
v 0.035063 0.442432 0.060731
v 0.035111 0.443915 0.060814
v 0.035159 0.445398 0.060896
v 0.035206 0.446880 0.060979
v 0.011148 0.448363 0.069692
v -0.012994 0.448363 0.069282
v -0.035201 0.448363 0.060970
v -0.053503 0.448363 0.045894
v -0.065928 0.448363 0.025192
v -0.070413 0.446880 0.000000
v -0.070317 0.445398 0.000000
v -0.070221 0.443915 0.000000
v -0.070126 0.442432 0.000000
v -0.070030 0.440950 0.000000
v 0.034561 0.449798 0.059861
v 0.033867 0.451233 0.058660
v 0.033174 0.452668 0.057458
v 0.032480 0.454103 0.056257
v 0.031787 0.455538 0.055056
v 0.009832 0.456973 0.061466
v -0.011460 0.456973 0.061104
v -0.031046 0.456973 0.053774
v -0.047187 0.456973 0.040477
v -0.058147 0.456973 0.022218
v -0.063573 0.455538 0.000000
v -0.064960 0.454103 0.000000
v -0.066347 0.452668 0.000000
v -0.067734 0.451233 0.000000
v -0.069121 0.449798 0.000000
v 0.030400 0.457116 0.052653
v 0.029706 0.457260 0.051452
v 0.029012 0.457403 0.050251
v 0.028319 0.457547 0.049050
v 0.027625 0.457690 0.047848
v 0.008516 0.457834 0.053240
v -0.009927 0.457834 0.052927
v -0.026891 0.457834 0.046577
v -0.040872 0.457834 0.035060
v -0.050365 0.457834 0.019245
v -0.055250 0.457690 0.000000
v -0.056638 0.457547 0.000000
v -0.058025 0.457403 0.000000
v -0.059412 0.457260 0.000000
v -0.060799 0.457116 0.000000
v 0.027530 0.458838 0.047683
v 0.028128 0.459842 0.048718
v 0.028725 0.460847 0.049754
v 0.029323 0.461851 0.050789
v 0.029921 0.462856 0.051825
v 0.009650 0.463860 0.060331
v -0.011249 0.463860 0.059976
v -0.030473 0.463860 0.052781
v -0.046316 0.463860 0.039730
v -0.057073 0.463860 0.021808
v -0.059842 0.462856 0.000000
v -0.058646 0.461851 0.000000
v -0.057451 0.460847 0.000000
v -0.056255 0.459842 0.000000
v -0.055059 0.458838 0.000000
v 0.029969 0.465008 0.051908
v 0.029419 0.466156 0.050955
v 0.028869 0.467304 0.050002
v 0.028319 0.468452 0.049050
v 0.027769 0.469600 0.048097
v 0.008607 0.470748 0.053807
v -0.010032 0.470748 0.053491
v -0.027178 0.470748 0.047073
v -0.041308 0.470748 0.035434
v -0.050901 0.470748 0.019450
v -0.055537 0.469600 0.000000
v -0.056638 0.468452 0.000000
v -0.057738 0.467304 0.000000
v -0.058838 0.466156 0.000000
v -0.059938 0.465008 0.000000
v 0.025856 0.471417 0.044783
v 0.024493 0.472087 0.042422
v 0.023129 0.472757 0.040061
v 0.021766 0.473426 0.037700
v 0.020403 0.474096 0.035339
v 0.006021 0.474765 0.037638
v -0.007018 0.474765 0.037417
v -0.019011 0.474765 0.032928
v -0.028895 0.474765 0.024786
v -0.035606 0.474765 0.013605
v -0.040806 0.474096 0.000000
v -0.043532 0.473426 0.000000
v -0.046258 0.472757 0.000000
v -0.048985 0.472087 0.000000
v -0.051711 0.471417 0.000000
v 0.019040 0.477683 0.032978
v 0.019040 0.480601 0.032978
v 0.019040 0.483518 0.032978
v 0.019040 0.486436 0.032978
v 0.019040 0.489354 0.032978
v 0.006021 0.492271 0.037638
v -0.007018 0.492271 0.037417
v -0.019011 0.492271 0.032928
v -0.028895 0.492271 0.024786
v -0.035606 0.492271 0.013605
v -0.038079 0.489354 0.000000
v -0.038079 0.486436 0.000000
v -0.038079 0.483518 0.000000
v -0.038079 0.480601 0.000000
v -0.038079 0.477683 0.000000
v 0.019805 0.492893 0.034303
v 0.020570 0.493515 0.035629
v 0.021336 0.494137 0.036954
v 0.022101 0.494758 0.038280
v 0.022866 0.495380 0.039605
v 0.007473 0.496002 0.046715
v -0.008710 0.496002 0.046441
v -0.023596 0.496002 0.040869
v -0.035864 0.496002 0.030764
v -0.044193 0.496002 0.016886
v -0.045732 0.495380 0.000000
v -0.044202 0.494758 0.000000
v -0.042671 0.494137 0.000000
v -0.041141 0.493515 0.000000
v -0.039610 0.492893 0.000000
v 0.022962 0.497054 0.039771
v 0.022292 0.498107 0.038611
v 0.021623 0.499159 0.037451
v 0.020953 0.500211 0.036292
v 0.020283 0.501263 0.035132
v 0.006202 0.502316 0.038773
v -0.007229 0.502316 0.038545
v -0.019584 0.502316 0.033921
v -0.029766 0.502316 0.025533
v -0.036679 0.502316 0.014015
v -0.040567 0.501263 0.000000
v -0.041906 0.500211 0.000000
v -0.043245 0.499159 0.000000
v -0.044584 0.498107 0.000000
v -0.045924 0.497054 0.000000
v 0.020929 0.504420 0.036250
v 0.022244 0.506525 0.038528
v 0.023560 0.508629 0.040807
v 0.024875 0.510734 0.043085
v 0.026190 0.512838 0.045363
v 0.008698 0.514943 0.054374
v -0.010138 0.514943 0.054054
v -0.027464 0.514943 0.047570
v -0.041743 0.514943 0.035807
v -0.051438 0.514943 0.019655
v -0.052381 0.512838 0.000000
v -0.049750 0.510734 0.000000
v -0.047119 0.508629 0.000000
v -0.044489 0.506525 0.000000
v -0.041858 0.504420 0.000000
v 0.028530 0.518611 0.049416
v 0.029555 0.522279 0.051190
v 0.030579 0.525947 0.052964
v 0.031604 0.529615 0.054739
v 0.032628 0.533283 0.056513
v 0.010641 0.536952 0.066525
v -0.012404 0.536952 0.066134
v -0.033602 0.536952 0.058200
v -0.051072 0.536952 0.043809
v -0.062933 0.536952 0.024047
v -0.065256 0.533283 0.000000
v -0.063207 0.529615 0.000000
v -0.061158 0.525947 0.000000
v -0.059109 0.522279 0.000000
v -0.057060 0.518611 0.000000
v 0.033366 0.540395 0.057791
v 0.033079 0.543839 0.057294
v 0.032792 0.547283 0.056796
v 0.032505 0.550727 0.056299
v 0.032218 0.554170 0.055802
v 0.010097 0.557614 0.063121
v -0.011769 0.557614 0.062750
v -0.031882 0.557614 0.055222
v -0.048459 0.557614 0.041568
v -0.059713 0.557614 0.022817
v -0.064435 0.554170 0.000000
v -0.065009 0.550727 0.000000
v -0.065583 0.547283 0.000000
v -0.066157 0.543839 0.000000
v -0.066731 0.540395 0.000000
v 0.029898 0.564071 0.051784
v 0.027865 0.570528 0.048263
v 0.025832 0.576985 0.044743
v 0.023800 0.583443 0.041222
v 0.021767 0.589900 0.037701
v 0.006240 0.596357 0.039010
v -0.007274 0.596357 0.038781
v -0.019704 0.596357 0.034129
v -0.029948 0.596357 0.025690
v -0.036904 0.596357 0.014101
v -0.043533 0.589900 0.000000
v -0.047599 0.583442 0.000000
v -0.051664 0.576985 0.000000
v -0.055730 0.570528 0.000000
v -0.059795 0.564071 0.000000
v 0.017916 0.602909 0.031032
v 0.016099 0.609462 0.027884
v 0.014281 0.616015 0.024736
v 0.012464 0.622568 0.021588
v 0.010646 0.629120 0.018440
v 0.002792 0.635673 0.017453
v -0.003254 0.635673 0.017350
v -0.008815 0.635673 0.015269
v -0.013398 0.635673 0.011493
v -0.016510 0.635673 0.006309
v -0.021292 0.629120 0.000000
v -0.024927 0.622568 0.000000
v -0.028562 0.616015 0.000000
v -0.032197 0.609462 0.000000
v -0.035832 0.602909 0.000000
v 0.008853 0.637682 0.015333
v 0.008877 0.639691 0.015374
v 0.008900 0.641700 0.015416
v 0.008924 0.643708 0.015457
v 0.008948 0.645717 0.015499
v 0.002837 0.647726 0.017736
v -0.003307 0.647726 0.017632
v -0.008958 0.647726 0.015517
v -0.013616 0.647726 0.011680
v -0.016778 0.647726 0.006411
v -0.017896 0.645717 0.000000
v -0.017848 0.643708 0.000000
v -0.017801 0.641700 0.000000
v -0.017753 0.639691 0.000000
v -0.017705 0.637682 0.000000
v 0.010192 0.649735 0.017653
v 0.011412 0.651744 0.019765
v 0.012631 0.653753 0.021878
v 0.013851 0.655762 0.023990
v 0.015071 0.657771 0.026103
v 0.005151 0.659779 0.032203
v -0.006004 0.659779 0.032013
v -0.016265 0.659779 0.028173
v -0.024722 0.659779 0.021207
v -0.030464 0.659779 0.011640
v -0.030141 0.657771 0.000000
v -0.027701 0.655762 0.000000
v -0.025262 0.653753 0.000000
v -0.022823 0.651744 0.000000
v -0.020383 0.649735 0.000000
v 0.016290 0.660927 0.028215
v 0.016290 0.662075 0.028215
v 0.016290 0.663223 0.028215
v 0.016290 0.664371 0.028215
v 0.016290 0.665519 0.028215
v 0.005151 0.666667 0.032203
v -0.006004 0.666667 0.032013
v -0.016265 0.666667 0.028173
v -0.024722 0.666667 0.021207
v -0.030464 0.666667 0.011640
v -0.032580 0.665519 0.000000
v -0.032580 0.664371 0.000000
v -0.032580 0.663223 0.000000
v -0.032580 0.662075 0.000000
v -0.032580 0.660927 0.000000
v 0.015047 0.668198 0.026061
v 0.013803 0.669728 0.023907
v 0.012559 0.671259 0.021753
v 0.011316 0.672789 0.019599
v 0.010072 0.674320 0.017445
v 0.002792 0.675850 0.017453
v -0.003254 0.675850 0.017350
v -0.008815 0.675850 0.015269
v -0.013398 0.675850 0.011493
v -0.016510 0.675850 0.006309
v -0.020144 0.674320 0.000000
v -0.022631 0.672789 0.000000
v -0.025119 0.671259 0.000000
v -0.027606 0.669728 0.000000
v -0.030093 0.668198 0.000000
v 0.007418 0.676281 0.012848
v 0.006007 0.676711 0.010404
v 0.004596 0.677142 0.007960
v 0.003185 0.677572 0.005516
v 0.001774 0.678003 0.003072
v 0.000115 0.678433 0.000717
v -0.000134 0.678433 0.000713
v -0.000362 0.678433 0.000627
v -0.000550 0.678433 0.000472
v -0.000678 0.678433 0.000259
v -0.003547 0.678003 0.000000
v -0.006369 0.677572 0.000000
v -0.009191 0.677142 0.000000
v -0.012013 0.676711 0.000000
v -0.014835 0.676281 0.000000
v 0.000000 0.169786 0.000000
v 0.000000 0.169786 0.000000
v 0.000000 0.169786 0.000000
v 0.000000 0.169786 0.000000
v 0.000000 0.169786 0.000000
v 0.008897 0.169786 -0.015409
v 0.017793 0.169786 -0.030818
v 0.026689 0.169786 -0.046227
v 0.035586 0.169786 -0.061636
v 0.044482 0.169786 -0.077045
v 0.082944 0.169786 -0.067377
v 0.100683 0.169786 -0.035411
v 0.106596 0.169786 0.000000
v 0.100683 0.169786 0.035411
v 0.082944 0.169786 0.067378
v 0.053379 0.174186 -0.092454
v 0.053379 0.178586 -0.092454
v 0.053379 0.182987 -0.092454
v 0.053379 0.187387 -0.092454
v 0.053379 0.191787 -0.092454
v 0.082944 0.196188 -0.067377
v 0.100683 0.196188 -0.035411
v 0.106596 0.196188 0.000000
v 0.100683 0.196188 0.035411
v 0.082944 0.196188 0.067378
v 0.051776 0.196762 -0.089679
v 0.050174 0.197336 -0.086904
v 0.048572 0.197910 -0.084128
v 0.046969 0.198484 -0.081353
v 0.045367 0.199058 -0.078578
v 0.068005 0.199632 -0.055242
v 0.082550 0.199632 -0.029033
v 0.087398 0.199632 0.000000
v 0.082550 0.199632 0.029033
v 0.068005 0.199632 0.055242
v 0.045152 0.201880 -0.078205
v 0.046539 0.204128 -0.080607
v 0.047926 0.206376 -0.083010
v 0.049313 0.208624 -0.085412
v 0.050700 0.210872 -0.087815
v 0.080937 0.213120 -0.065747
v 0.098247 0.213120 -0.034554
v 0.104018 0.213120 0.000000
v 0.098247 0.213120 0.034554
v 0.080937 0.213120 0.065747
v 0.052231 0.215942 -0.090466
v 0.052374 0.218764 -0.090714
v 0.052518 0.221586 -0.090963
v 0.052661 0.224408 -0.091211
v 0.052805 0.227230 -0.091460
v 0.082275 0.230052 -0.066834
v 0.099871 0.230052 -0.035126
v 0.105737 0.230052 0.000000
v 0.099871 0.230052 0.035126
v 0.082275 0.230052 0.066834
v 0.052159 0.233161 -0.090342
v 0.051370 0.236270 -0.088975
v 0.050580 0.239378 -0.087608
v 0.049791 0.242487 -0.086241
v 0.049002 0.245596 -0.084874
v 0.074917 0.248705 -0.060857
v 0.090940 0.248705 -0.031984
v 0.096281 0.248705 0.000000
v 0.090940 0.248705 0.031984
v 0.074917 0.248705 0.060857
v 0.045774 0.253249 -0.079282
v 0.043334 0.257793 -0.075057
v 0.040895 0.262337 -0.070832
v 0.038456 0.266881 -0.066607
v 0.036016 0.271425 -0.062382
v 0.052175 0.275968 -0.042383
v 0.063333 0.275968 -0.022275
v 0.067053 0.275968 0.000000
v 0.063333 0.275968 0.022275
v 0.052175 0.275968 0.042383
v 0.033553 0.277356 -0.058115
v 0.033529 0.278743 -0.058074
v 0.033505 0.280130 -0.058032
v 0.033481 0.281517 -0.057991
v 0.033457 0.282904 -0.057950
v 0.051952 0.284291 -0.042201
v 0.063062 0.284291 -0.022180
v 0.066766 0.284291 0.000000
v 0.063062 0.284291 0.022180
v 0.051952 0.284291 0.042202
v 0.034605 0.285774 -0.059938
v 0.035777 0.287256 -0.061967
v 0.036949 0.288739 -0.063997
v 0.038121 0.290222 -0.066027
v 0.039293 0.291705 -0.068057
v 0.062877 0.293187 -0.051076
v 0.076325 0.293187 -0.026844
v 0.080807 0.293187 0.000000
v 0.076324 0.293187 0.026844
v 0.062877 0.293187 0.051076
v 0.039771 0.294335 -0.068885
v 0.039077 0.295483 -0.067684
v 0.038384 0.296631 -0.066482
v 0.037690 0.297779 -0.065281
v 0.036997 0.298927 -0.064080
v 0.056411 0.300075 -0.045824
v 0.068476 0.300075 -0.024083
v 0.072497 0.300075 0.000000
v 0.068476 0.300075 0.024083
v 0.056411 0.300075 0.045824
v 0.035347 0.300505 -0.061222
v 0.034390 0.300936 -0.059565
v 0.033433 0.301366 -0.057908
v 0.032477 0.301797 -0.056251
v 0.031520 0.302227 -0.054594
v 0.047492 0.302658 -0.038579
v 0.057649 0.302658 -0.020276
v 0.061035 0.302658 0.000000
v 0.057649 0.302658 0.020276
v 0.047492 0.302658 0.038579
v 0.028674 0.309210 -0.049665
v 0.026785 0.315763 -0.046393
v 0.024896 0.322316 -0.043120
v 0.023006 0.328869 -0.039848
v 0.021117 0.335421 -0.036576
v 0.029878 0.341974 -0.024270
v 0.036268 0.341974 -0.012756
v 0.038398 0.341974 0.000000
v 0.036268 0.341974 0.012756
v 0.029878 0.341974 0.024270
v 0.018479 0.350044 -0.032006
v 0.017730 0.358114 -0.030710
v 0.016981 0.366184 -0.029413
v 0.016233 0.374253 -0.028116
v 0.015484 0.382323 -0.026819
v 0.022897 0.390393 -0.018599
v 0.027794 0.390393 -0.009775
v 0.029426 0.390393 0.000000
v 0.027794 0.390393 0.009775
v 0.022897 0.390393 0.018599
v 0.015118 0.397568 -0.026185
v 0.015500 0.404742 -0.026847
v 0.015883 0.411917 -0.027510
v 0.016266 0.419091 -0.028173
v 0.016648 0.426266 -0.028836
v 0.026464 0.433440 -0.021497
v 0.032124 0.433440 -0.011298
v 0.034011 0.433440 -0.000000
v 0.032124 0.433440 0.011298
v 0.026464 0.433440 0.021497
v 0.019327 0.433297 -0.033475
v 0.021623 0.433153 -0.037451
v 0.023919 0.433010 -0.041428
v 0.026214 0.432866 -0.045404
v 0.028510 0.432723 -0.049381
v 0.047869 0.432579 -0.038885
v 0.058107 0.432579 -0.020437
v 0.061519 0.432579 0.000000
v 0.058107 0.432579 0.020437
v 0.047869 0.432579 0.038885
v 0.031500 0.433727 -0.054559
v 0.032193 0.434875 -0.055760
v 0.032887 0.436023 -0.056961
v 0.033580 0.437171 -0.058163
v 0.034274 0.438319 -0.059364
v 0.054335 0.439467 -0.044138
v 0.065956 0.439467 -0.023197
v 0.069829 0.439467 -0.000000
v 0.065956 0.439467 0.023197
v 0.054335 0.439467 0.044138
v 0.035015 0.440950 -0.060648
v 0.035063 0.442432 -0.060731
v 0.035111 0.443915 -0.060814
v 0.035159 0.445398 -0.060896
v 0.035206 0.446880 -0.060979
v 0.054781 0.448363 -0.044500
v 0.066497 0.448363 -0.023388
v 0.070402 0.448363 -0.000000
v 0.066497 0.448363 0.023388
v 0.054781 0.448363 0.044500
v 0.034561 0.449798 -0.059861
v 0.033867 0.451233 -0.058660
v 0.033174 0.452668 -0.057458
v 0.032480 0.454103 -0.056257
v 0.031787 0.455538 -0.055056
v 0.048315 0.456973 -0.039247
v 0.058648 0.456973 -0.020627
v 0.062093 0.456973 -0.000000
v 0.058648 0.456973 0.020627
v 0.048315 0.456973 0.039247
v 0.030400 0.457116 -0.052653
v 0.029706 0.457260 -0.051452
v 0.029012 0.457403 -0.050251
v 0.028319 0.457547 -0.049050
v 0.027625 0.457690 -0.047848
v 0.041849 0.457834 -0.033995
v 0.050799 0.457834 -0.017866
v 0.053783 0.457834 -0.000000
v 0.050799 0.457834 0.017866
v 0.041849 0.457834 0.033995
v 0.027530 0.458838 -0.047683
v 0.028128 0.459842 -0.048718
v 0.028725 0.460847 -0.049754
v 0.029323 0.461851 -0.050789
v 0.029921 0.462856 -0.051825
v 0.047423 0.463860 -0.038523
v 0.057566 0.463860 -0.020246
v 0.060946 0.463860 -0.000000
v 0.057566 0.463860 0.020246
v 0.047423 0.463860 0.038523
v 0.029969 0.465008 -0.051908
v 0.029419 0.466156 -0.050955
v 0.028869 0.467304 -0.050002
v 0.028319 0.468452 -0.049050
v 0.027769 0.469600 -0.048097
v 0.042295 0.470748 -0.034357
v 0.051340 0.470748 -0.018057
v 0.054356 0.470748 -0.000000
v 0.051340 0.470748 0.018057
v 0.042295 0.470748 0.034357
v 0.025856 0.471417 -0.044783
v 0.024492 0.472087 -0.042422
v 0.023129 0.472757 -0.040061
v 0.021766 0.473426 -0.037700
v 0.020403 0.474096 -0.035339
v 0.029586 0.474765 -0.024033
v 0.035913 0.474765 -0.012631
v 0.038022 0.474765 -0.000000
v 0.035913 0.474765 0.012631
v 0.029586 0.474765 0.024033
v 0.019040 0.477683 -0.032978
v 0.019040 0.480601 -0.032978
v 0.019040 0.483518 -0.032978
v 0.019040 0.486436 -0.032978
v 0.019040 0.489354 -0.032978
v 0.029586 0.492271 -0.024033
v 0.035913 0.492271 -0.012631
v 0.038022 0.492271 -0.000000
v 0.035913 0.492271 0.012631
v 0.029586 0.492271 0.024033
v 0.019805 0.492893 -0.034303
v 0.020570 0.493515 -0.035629
v 0.021336 0.494137 -0.036954
v 0.022101 0.494758 -0.038280
v 0.022866 0.495380 -0.039605
v 0.036721 0.496002 -0.029829
v 0.044574 0.496002 -0.015677
v 0.047192 0.496002 -0.000000
v 0.044574 0.496002 0.015677
v 0.036721 0.496002 0.029829
v 0.022962 0.497054 -0.039771
v 0.022292 0.498107 -0.038611
v 0.021623 0.499159 -0.037451
v 0.020953 0.500211 -0.036292
v 0.020283 0.501263 -0.035132
v 0.030478 0.502316 -0.024758
v 0.036996 0.502316 -0.013012
v 0.039169 0.502316 -0.000000
v 0.036996 0.502316 0.013012
v 0.030478 0.502316 0.024758
v 0.020929 0.504420 -0.036250
v 0.022244 0.506525 -0.038528
v 0.023560 0.508629 -0.040807
v 0.024875 0.510734 -0.043085
v 0.026190 0.512838 -0.045363
v 0.042741 0.514943 -0.034719
v 0.051882 0.514943 -0.018247
v 0.054929 0.514943 -0.000000
v 0.051882 0.514943 0.018247
v 0.042741 0.514943 0.034719
v 0.028530 0.518611 -0.049416
v 0.029555 0.522279 -0.051190
v 0.030579 0.525947 -0.052964
v 0.031604 0.529615 -0.054739
v 0.032628 0.533283 -0.056513
v 0.052292 0.536952 -0.042478
v 0.063476 0.536952 -0.022325
v 0.067204 0.536952 -0.000000
v 0.063476 0.536952 0.022325
v 0.052292 0.536952 0.042478
v 0.033365 0.540395 -0.057791
v 0.033079 0.543839 -0.057294
v 0.032792 0.547283 -0.056796
v 0.032505 0.550727 -0.056299
v 0.032218 0.554170 -0.055802
v 0.049616 0.557614 -0.040305
v 0.060228 0.557614 -0.021183
v 0.063765 0.557614 -0.000000
v 0.060228 0.557614 0.021183
v 0.049616 0.557614 0.040305
v 0.029898 0.564071 -0.051784
v 0.027865 0.570528 -0.048264
v 0.025832 0.576985 -0.044743
v 0.023799 0.583442 -0.041222
v 0.021767 0.589900 -0.037701
v 0.030664 0.596357 -0.024909
v 0.037222 0.596357 -0.013091
v 0.039408 0.596357 -0.000000
v 0.037222 0.596357 0.013091
v 0.030664 0.596357 0.024909
v 0.017916 0.602909 -0.031032
v 0.016099 0.609462 -0.027884
v 0.014281 0.616015 -0.024736
v 0.012464 0.622568 -0.021588
v 0.010646 0.629120 -0.018440
v 0.013719 0.635673 -0.011144
v 0.016653 0.635673 -0.005857
v 0.017631 0.635673 -0.000000
v 0.016653 0.635673 0.005857
v 0.013719 0.635673 0.011144
v 0.008853 0.637682 -0.015333
v 0.008876 0.639691 -0.015374
v 0.008900 0.641700 -0.015416
v 0.008924 0.643708 -0.015457
v 0.008948 0.645717 -0.015499
v 0.013942 0.647726 -0.011325
v 0.016923 0.647726 -0.005952
v 0.017917 0.647726 -0.000000
v 0.016923 0.647726 0.005952
v 0.013942 0.647726 0.011325
v 0.010192 0.649735 -0.017653
v 0.011411 0.651744 -0.019765
v 0.012631 0.653753 -0.021878
v 0.013851 0.655762 -0.023990
v 0.015070 0.657771 -0.026103
v 0.025313 0.659779 -0.020562
v 0.030727 0.659779 -0.010807
v 0.032531 0.659779 -0.000000
v 0.030727 0.659779 0.010807
v 0.025313 0.659779 0.020562
v 0.016290 0.660927 -0.028215
v 0.016290 0.662075 -0.028215
v 0.016290 0.663223 -0.028215
v 0.016290 0.664371 -0.028215
v 0.016290 0.665519 -0.028215
v 0.025313 0.666667 -0.020562
v 0.030727 0.666667 -0.010807
v 0.032531 0.666667 -0.000000
v 0.030727 0.666667 0.010807
v 0.025313 0.666667 0.020562
v 0.015047 0.668198 -0.026061
v 0.013803 0.669728 -0.023907
v 0.012559 0.671259 -0.021753
v 0.011316 0.672789 -0.019599
v 0.010072 0.674320 -0.017445
v 0.013719 0.675850 -0.011144
v 0.016653 0.675850 -0.005857
v 0.017631 0.675850 -0.000000
v 0.016653 0.675850 0.005857
v 0.013719 0.675850 0.011144
v 0.007418 0.676281 -0.012848
v 0.006007 0.676711 -0.010404
v 0.004596 0.677142 -0.007960
v 0.003185 0.677572 -0.005516
v 0.001774 0.678003 -0.003072
v 0.000564 0.678433 -0.000458
v 0.000684 0.678433 -0.000241
v 0.000724 0.678433 -0.000000
v 0.000684 0.678433 0.000241
v 0.000564 0.678433 0.000458
v 0.000000 0.169786 0.000000
v 0.000000 0.169786 -0.000000
v 0.000000 0.169786 -0.000000
v 0.000000 0.169786 -0.000000
v 0.000000 0.169786 -0.000000
v -0.099822 0.169786 -0.038143
v -0.081008 0.169786 -0.069489
v -0.053298 0.169786 -0.092315
v -0.019675 0.169786 -0.104900
v 0.016879 0.169786 -0.105520
v -0.099822 0.196188 -0.038143
v -0.081008 0.196188 -0.069489
v -0.053298 0.196188 -0.092315
v -0.019675 0.196188 -0.104900
v 0.016879 0.196188 -0.105520
v -0.081844 0.199632 -0.031273
v -0.066418 0.199632 -0.056973
v -0.043699 0.199632 -0.075689
v -0.016131 0.199632 -0.086007
v 0.013839 0.199632 -0.086515
v -0.097407 0.213120 -0.037220
v -0.079049 0.213120 -0.067808
v -0.052009 0.213120 -0.090082
v -0.019199 0.213120 -0.102362
v 0.016470 0.213120 -0.102967
v -0.099017 0.230052 -0.037835
v -0.080355 0.230052 -0.068928
v -0.052868 0.230052 -0.091571
v -0.019516 0.230052 -0.104054
v 0.016743 0.230052 -0.104669
v -0.090162 0.248705 -0.034452
v -0.073169 0.248705 -0.062764
v -0.048140 0.248705 -0.083381
v -0.017771 0.248705 -0.094748
v 0.015245 0.248705 -0.095309
v -0.062792 0.275968 -0.023993
v -0.050957 0.275968 -0.043711
v -0.033526 0.275968 -0.058069
v -0.012376 0.275968 -0.065985
v 0.010617 0.275968 -0.066376
v -0.062523 0.284291 -0.023891
v -0.050739 0.284291 -0.043524
v -0.033383 0.284291 -0.057821
v -0.012323 0.284291 -0.065703
v 0.010572 0.284291 -0.066092
v -0.075672 0.293187 -0.028915
v -0.061410 0.293187 -0.052677
v -0.040403 0.293187 -0.069981
v -0.014915 0.293187 -0.079521
v 0.012795 0.293187 -0.079991
v -0.067890 0.300075 -0.025941
v -0.055094 0.300075 -0.047260
v -0.036248 0.300075 -0.062784
v -0.013381 0.300075 -0.071343
v 0.011479 0.300075 -0.071765
v -0.057156 0.302658 -0.021840
v -0.046384 0.302658 -0.039788
v -0.030517 0.302658 -0.052858
v -0.011265 0.302658 -0.060064
v 0.009664 0.302658 -0.060419
v -0.035958 0.341974 -0.013740
v -0.029180 0.341974 -0.025031
v -0.019199 0.341974 -0.033253
v -0.007087 0.341974 -0.037787
v 0.006080 0.341974 -0.038010
v -0.027556 0.390393 -0.010529
v -0.022362 0.390393 -0.019182
v -0.014713 0.390393 -0.025483
v -0.005431 0.390393 -0.028957
v 0.004659 0.390393 -0.029129
v -0.031849 0.433440 -0.012170
v -0.025846 0.433440 -0.022171
v -0.017005 0.433440 -0.029454
v -0.006277 0.433440 -0.033469
v 0.005385 0.433440 -0.033667
v -0.057610 0.432579 -0.022013
v -0.046752 0.432579 -0.040104
v -0.030760 0.432579 -0.053277
v -0.011355 0.432579 -0.060540
v 0.009741 0.432579 -0.060898
v -0.065392 0.439467 -0.024987
v -0.053067 0.439467 -0.045521
v -0.034915 0.439467 -0.060474
v -0.012888 0.439467 -0.068718
v 0.011057 0.439467 -0.069124
v -0.065928 0.448363 -0.025192
v -0.053503 0.448363 -0.045894
v -0.035201 0.448363 -0.060970
v -0.012994 0.448363 -0.069282
v 0.011148 0.448363 -0.069692
v -0.058147 0.456973 -0.022218
v -0.047187 0.456973 -0.040477
v -0.031046 0.456973 -0.053774
v -0.011460 0.456973 -0.061104
v 0.009832 0.456973 -0.061466
v -0.050365 0.457834 -0.019245
v -0.040872 0.457834 -0.035060
v -0.026891 0.457834 -0.046577
v -0.009927 0.457834 -0.052927
v 0.008516 0.457834 -0.053240
v -0.057073 0.463860 -0.021808
v -0.046316 0.463860 -0.039730
v -0.030473 0.463860 -0.052781
v -0.011249 0.463860 -0.059976
v 0.009650 0.463860 -0.060331
v -0.050901 0.470748 -0.019450
v -0.041308 0.470748 -0.035434
v -0.027178 0.470748 -0.047073
v -0.010032 0.470748 -0.053491
v 0.008607 0.470748 -0.053807
v -0.035606 0.474765 -0.013605
v -0.028895 0.474765 -0.024786
v -0.019011 0.474765 -0.032928
v -0.007018 0.474765 -0.037417
v 0.006021 0.474765 -0.037638
v -0.035606 0.492271 -0.013605
v -0.028895 0.492271 -0.024786
v -0.019011 0.492271 -0.032928
v -0.007018 0.492271 -0.037417
v 0.006021 0.492271 -0.037638
v -0.044193 0.496002 -0.016886
v -0.035864 0.496002 -0.030764
v -0.023596 0.496002 -0.040869
v -0.008710 0.496002 -0.046441
v 0.007473 0.496002 -0.046715
v -0.036679 0.502316 -0.014015
v -0.029766 0.502316 -0.025533
v -0.019584 0.502316 -0.033921
v -0.007229 0.502316 -0.038545
v 0.006202 0.502316 -0.038773
v -0.051438 0.514943 -0.019655
v -0.041743 0.514943 -0.035807
v -0.027464 0.514943 -0.047570
v -0.010138 0.514943 -0.054054
v 0.008698 0.514943 -0.054374
v -0.062933 0.536952 -0.024047
v -0.051072 0.536952 -0.043809
v -0.033602 0.536952 -0.058200
v -0.012404 0.536952 -0.066134
v 0.010641 0.536952 -0.066525
v -0.059713 0.557614 -0.022817
v -0.048459 0.557614 -0.041567
v -0.031882 0.557614 -0.055222
v -0.011769 0.557614 -0.062750
v 0.010097 0.557614 -0.063121
v -0.036904 0.596357 -0.014101
v -0.029949 0.596357 -0.025690
v -0.019704 0.596357 -0.034129
v -0.007274 0.596357 -0.038781
v 0.006240 0.596357 -0.039010
v -0.016510 0.635673 -0.006309
v -0.013398 0.635673 -0.011493
v -0.008815 0.635673 -0.015268
v -0.003254 0.635673 -0.017350
v 0.002792 0.635673 -0.017453
v -0.016778 0.647726 -0.006411
v -0.013616 0.647726 -0.011680
v -0.008958 0.647726 -0.015517
v -0.003307 0.647726 -0.017632
v 0.002837 0.647726 -0.017736
v -0.030464 0.659779 -0.011640
v -0.024722 0.659779 -0.021207
v -0.016266 0.659779 -0.028173
v -0.006004 0.659779 -0.032013
v 0.005151 0.659779 -0.032203
v -0.030464 0.666667 -0.011640
v -0.024722 0.666667 -0.021207
v -0.016266 0.666667 -0.028173
v -0.006004 0.666667 -0.032013
v 0.005151 0.666667 -0.032203
v -0.016510 0.675850 -0.006309
v -0.013398 0.675850 -0.011493
v -0.008815 0.675850 -0.015268
v -0.003254 0.675850 -0.017350
v 0.002792 0.675850 -0.017453
v -0.000678 0.678433 -0.000259
v -0.000550 0.678433 -0.000472
v -0.000362 0.678433 -0.000627
v -0.000134 0.678433 -0.000713
v 0.000115 0.678433 -0.000717
v -0.016181 0.169786 0.003459
v -0.012041 0.169786 0.007367
v -0.006419 0.169786 0.011118
v -0.000359 0.169786 0.014112
v 0.005094 0.169786 0.015743
v -0.032909 0.169786 0.010396
v -0.025835 0.169786 0.019791
v -0.015795 0.169786 0.027358
v -0.004222 0.169786 0.032269
v 0.007451 0.169786 0.033698
v -0.049911 0.169786 0.019071
v -0.040504 0.169786 0.034744
v -0.026649 0.169786 0.046158
v -0.009837 0.169786 0.052450
v 0.008439 0.169786 0.052760
v -0.066913 0.169786 0.027747
v -0.055174 0.169786 0.049698
v -0.037503 0.169786 0.064957
v -0.015452 0.169786 0.072631
v 0.009427 0.169786 0.071822
v -0.083642 0.169786 0.034683
v -0.068967 0.169786 0.062122
v -0.046879 0.169786 0.081197
v -0.019316 0.169786 0.090788
v 0.011784 0.169786 0.089778
v -0.099823 0.174186 0.038143
v -0.081009 0.174186 0.069489
v -0.053298 0.174186 0.092315
v -0.019675 0.174186 0.104900
v 0.016879 0.174186 0.105520
v -0.099822 0.178586 0.038143
v -0.081009 0.178586 0.069489
v -0.053298 0.178586 0.092315
v -0.019675 0.178586 0.104900
v 0.016879 0.178586 0.105520
v -0.099823 0.182987 0.038143
v -0.081009 0.182987 0.069489
v -0.053298 0.182987 0.092315
v -0.019675 0.182987 0.104900
v 0.016879 0.182987 0.105520
v -0.099823 0.187387 0.038143
v -0.081009 0.187387 0.069489
v -0.053298 0.187387 0.092315
v -0.019675 0.187387 0.104900
v 0.016879 0.187387 0.105520
v -0.099823 0.191787 0.038143
v -0.081009 0.191787 0.069489
v -0.053298 0.191787 0.092315
v -0.019675 0.191787 0.104900
v 0.016879 0.191787 0.105520
v -0.096908 0.196762 0.037520
v -0.078840 0.196762 0.068162
v -0.052142 0.196762 0.090313
v -0.019610 0.196762 0.102358
v 0.015961 0.196762 0.102685
v -0.093895 0.197336 0.036270
v -0.076355 0.197336 0.065924
v -0.050453 0.197336 0.087388
v -0.018914 0.197336 0.099088
v 0.015537 0.197336 0.099451
v -0.090833 0.197910 0.034708
v -0.073713 0.197910 0.063231
v -0.048498 0.197910 0.084002
v -0.017903 0.197910 0.095453
v 0.015359 0.197910 0.096018
v -0.087771 0.198484 0.033145
v -0.071071 0.198484 0.060538
v -0.046544 0.198484 0.080616
v -0.016891 0.198484 0.091819
v 0.015181 0.198484 0.092585
v -0.084758 0.199058 0.031896
v -0.068587 0.199058 0.058300
v -0.044855 0.199058 0.077691
v -0.016196 0.199058 0.088548
v 0.014756 0.199058 0.089351
v -0.084367 0.201880 0.031812
v -0.068296 0.201880 0.058122
v -0.044700 0.201880 0.077422
v -0.016187 0.201880 0.088207
v 0.014633 0.201880 0.088970
v -0.086975 0.204128 0.032894
v -0.070446 0.204128 0.060059
v -0.046161 0.204128 0.079954
v -0.016789 0.204128 0.091038
v 0.015000 0.204128 0.091769
v -0.089626 0.206376 0.034246
v -0.072733 0.206376 0.062390
v -0.047854 0.206376 0.082885
v -0.017665 0.206376 0.094184
v 0.015155 0.206376 0.094741
v -0.092276 0.208624 0.035599
v -0.075021 0.208624 0.064722
v -0.049546 0.208624 0.085816
v -0.018540 0.208624 0.097331
v 0.015309 0.208624 0.097713
v -0.094885 0.210872 0.036681
v -0.077171 0.210872 0.066659
v -0.051008 0.210872 0.088348
v -0.019143 0.210872 0.100162
v 0.015676 0.210872 0.100513
v -0.097668 0.215942 0.037276
v -0.079243 0.215942 0.067926
v -0.052112 0.215942 0.090261
v -0.019204 0.215942 0.102590
v 0.016553 0.215942 0.103221
v -0.097938 0.218764 0.037388
v -0.079465 0.218764 0.068127
v -0.052263 0.218764 0.090523
v -0.019267 0.218764 0.102882
v 0.016591 0.218764 0.103511
v -0.098212 0.221586 0.037528
v -0.079702 0.221586 0.068368
v -0.052438 0.221586 0.090826
v -0.019357 0.221586 0.103208
v 0.016606 0.221586 0.103818
v -0.098487 0.224408 0.037668
v -0.079939 0.224408 0.068609
v -0.052614 0.224408 0.091129
v -0.019448 0.224408 0.103533
v 0.016622 0.224408 0.104126
v -0.098757 0.227230 0.037779
v -0.080161 0.227230 0.068809
v -0.052765 0.227230 0.091391
v -0.019510 0.227230 0.103826
v 0.016660 0.227230 0.104415
v -0.097582 0.233161 0.037528
v -0.079287 0.233161 0.068275
v -0.052299 0.233161 0.090584
v -0.019484 0.233161 0.102802
v 0.016291 0.233160 0.103273
v -0.096098 0.236270 0.036913
v -0.078063 0.236270 0.067173
v -0.051467 0.236269 0.089144
v -0.019141 0.236270 0.101191
v 0.016082 0.236269 0.101680
v -0.094590 0.239378 0.036143
v -0.076762 0.239378 0.065846
v -0.050504 0.239378 0.087476
v -0.018643 0.239378 0.099401
v 0.015994 0.239378 0.099989
v -0.093082 0.242487 0.035374
v -0.075461 0.242487 0.064520
v -0.049541 0.242487 0.085808
v -0.018145 0.242487 0.097611
v 0.015906 0.242487 0.098298
v -0.091598 0.245596 0.034758
v -0.074237 0.245596 0.063417
v -0.048710 0.245596 0.084368
v -0.017802 0.245596 0.096000
v 0.015697 0.245596 0.096705
v -0.085726 0.253249 0.033503
v -0.069867 0.253249 0.060744
v -0.046380 0.253249 0.080333
v -0.017672 0.253249 0.090879
v 0.013848 0.253249 0.090992
v -0.081139 0.257793 0.031601
v -0.066085 0.257793 0.057337
v -0.043809 0.257793 0.075880
v -0.016613 0.257793 0.085900
v 0.013202 0.257793 0.086069
v -0.076477 0.262337 0.029222
v -0.062063 0.262337 0.053237
v -0.040833 0.262337 0.070725
v -0.015073 0.262337 0.080367
v 0.012931 0.262337 0.080842
v -0.071815 0.266881 0.026844
v -0.058041 0.266881 0.049137
v -0.037857 0.266881 0.065571
v -0.013534 0.266881 0.074833
v 0.012660 0.266881 0.075616
v -0.067228 0.271425 0.024942
v -0.054259 0.271425 0.045731
v -0.035286 0.271425 0.061118
v -0.012474 0.271425 0.069855
v 0.012014 0.271425 0.070692
v -0.062748 0.277356 0.023984
v -0.050925 0.277356 0.043691
v -0.033509 0.277356 0.058039
v -0.012375 0.277356 0.065947
v 0.010604 0.277356 0.066333
v -0.062703 0.278743 0.023965
v -0.050887 0.278743 0.043657
v -0.033484 0.278743 0.057996
v -0.012365 0.278743 0.065899
v 0.010597 0.278743 0.066285
v -0.062657 0.280130 0.023942
v -0.050848 0.280130 0.043617
v -0.033455 0.280130 0.057945
v -0.012349 0.280130 0.065844
v 0.010595 0.280130 0.066234
v -0.062612 0.281517 0.023918
v -0.050809 0.281517 0.043577
v -0.033425 0.281517 0.057895
v -0.012334 0.281517 0.065790
v 0.010592 0.281517 0.066183
v -0.062567 0.282904 0.023900
v -0.050772 0.282904 0.043544
v -0.033400 0.282904 0.057851
v -0.012324 0.282904 0.065741
v 0.010586 0.282904 0.066134
v -0.064655 0.285774 0.024346
v -0.052325 0.285774 0.044494
v -0.034228 0.285774 0.059286
v -0.012370 0.285774 0.067562
v 0.011243 0.285774 0.068166
v -0.066858 0.287256 0.025260
v -0.054142 0.287256 0.046131
v -0.035463 0.287256 0.061425
v -0.012879 0.287256 0.069954
v 0.011553 0.287256 0.070531
v -0.069098 0.288739 0.026403
v -0.056074 0.288739 0.048100
v -0.036893 0.288739 0.063901
v -0.013619 0.288739 0.072612
v 0.011684 0.288739 0.073042
v -0.071337 0.290222 0.027545
v -0.058007 0.290222 0.050070
v -0.038323 0.290222 0.066377
v -0.014358 0.290222 0.075270
v 0.011814 0.290222 0.075552
v -0.073541 0.291705 0.028459
v -0.059824 0.291705 0.051707
v -0.039558 0.291705 0.068516
v -0.014867 0.291705 0.077662
v 0.012124 0.291705 0.077918
v -0.074410 0.294335 0.028645
v -0.060471 0.294335 0.052103
v -0.039903 0.294335 0.069114
v -0.014887 0.294335 0.078421
v 0.012398 0.294335 0.078764
v -0.073106 0.295483 0.028104
v -0.059396 0.295483 0.051134
v -0.039172 0.295483 0.067848
v -0.014585 0.295483 0.077005
v 0.012214 0.295483 0.077364
v -0.071781 0.296631 0.027428
v -0.058252 0.296631 0.049968
v -0.038326 0.296631 0.066383
v -0.014148 0.296631 0.075432
v 0.012137 0.296631 0.075878
v -0.070456 0.297779 0.026752
v -0.057108 0.297779 0.048803
v -0.037480 0.297779 0.064917
v -0.013710 0.297779 0.073859
v 0.012060 0.297779 0.074392
v -0.069151 0.298927 0.026211
v -0.056033 0.298927 0.047834
v -0.036749 0.298927 0.063651
v -0.013409 0.298927 0.072443
v 0.011877 0.298927 0.072992
v -0.066150 0.300505 0.025569
v -0.053800 0.300505 0.046468
v -0.035558 0.300505 0.061589
v -0.013342 0.300505 0.069826
v 0.010932 0.300505 0.070072
v -0.064351 0.300936 0.024823
v -0.052317 0.300936 0.045132
v -0.034550 0.300936 0.059843
v -0.012927 0.300936 0.067873
v 0.010678 0.300936 0.068142
v -0.062523 0.301366 0.023891
v -0.050739 0.301366 0.043524
v -0.033383 0.301366 0.057821
v -0.012323 0.301366 0.065703
v 0.010572 0.301366 0.066092
v -0.060695 0.301797 0.022958
v -0.049162 0.301797 0.041916
v -0.032216 0.301797 0.055800
v -0.011719 0.301797 0.063533
v 0.010466 0.301797 0.064042
v -0.058896 0.302227 0.022212
v -0.047679 0.302227 0.040580
v -0.031208 0.302227 0.054053
v -0.011304 0.302227 0.061581
v 0.010212 0.302227 0.062112
v -0.053720 0.309210 0.021105
v -0.043827 0.309210 0.038223
v -0.029154 0.309210 0.050497
v -0.011189 0.309210 0.057067
v 0.008583 0.309210 0.057076
v -0.050168 0.315763 0.019632
v -0.040897 0.315763 0.035585
v -0.027163 0.315763 0.047048
v -0.010369 0.315763 0.053211
v 0.008082 0.315763 0.053263
v -0.046557 0.322316 0.017790
v -0.037782 0.322316 0.032409
v -0.024858 0.322316 0.043056
v -0.009176 0.322316 0.048925
v 0.007872 0.322316 0.049214
v -0.042946 0.328869 0.015947
v -0.034667 0.328869 0.029234
v -0.022553 0.328869 0.039063
v -0.007984 0.328869 0.044639
v 0.007662 0.328869 0.045166
v -0.039394 0.335421 0.014474
v -0.031738 0.335421 0.026595
v -0.020562 0.335421 0.035614
v -0.007163 0.335421 0.040783
v 0.007162 0.335421 0.041353
v -0.034596 0.350044 0.013448
v -0.028167 0.350044 0.024411
v -0.018658 0.350044 0.032318
v -0.007057 0.350044 0.036599
v 0.005651 0.350044 0.036685
v -0.033188 0.358114 0.012865
v -0.027006 0.358114 0.023365
v -0.017869 0.358114 0.030951
v -0.006732 0.358114 0.035071
v 0.005453 0.358114 0.035174
v -0.031757 0.366184 0.012134
v -0.025771 0.366184 0.022107
v -0.016956 0.366184 0.029368
v -0.006259 0.366184 0.033372
v 0.005370 0.366184 0.033569
v -0.030326 0.374253 0.011404
v -0.024537 0.374253 0.020848
v -0.016042 0.374253 0.027786
v -0.005786 0.374253 0.031673
v 0.005287 0.374253 0.031965
v -0.028918 0.382323 0.010820
v -0.023376 0.382323 0.019802
v -0.015253 0.382323 0.026419
v -0.005461 0.382323 0.030145
v 0.005088 0.382323 0.030454
v -0.028252 0.397568 0.010678
v -0.022880 0.397568 0.019499
v -0.014989 0.397568 0.025962
v -0.005447 0.397568 0.029564
v 0.004879 0.397568 0.029806
v -0.028971 0.404742 0.010976
v -0.023473 0.404742 0.020034
v -0.015392 0.404742 0.026660
v -0.005613 0.404742 0.030345
v 0.004980 0.404742 0.030578
v -0.029703 0.411917 0.011350
v -0.024104 0.411917 0.020677
v -0.015859 0.411917 0.027469
v -0.005854 0.411917 0.031213
v 0.005022 0.411917 0.031398
v -0.030434 0.419091 0.011723
v -0.024735 0.419091 0.021320
v -0.016326 0.419091 0.028277
v -0.006096 0.419091 0.032081
v 0.005065 0.419091 0.032218
v -0.031153 0.426266 0.012021
v -0.025329 0.426266 0.021854
v -0.016729 0.426266 0.028976
v -0.006262 0.426266 0.032862
v 0.005166 0.426266 0.032990
v -0.036025 0.433297 0.013063
v -0.028954 0.433297 0.024072
v -0.018662 0.433297 0.032323
v -0.006370 0.433297 0.037111
v 0.006700 0.433297 0.037730
v -0.040342 0.433153 0.014853
v -0.032514 0.433153 0.027278
v -0.021081 0.433153 0.036514
v -0.007367 0.433153 0.041797
v 0.007308 0.433153 0.042364
v -0.044730 0.433010 0.017091
v -0.036299 0.433010 0.031137
v -0.023882 0.433010 0.041366
v -0.008816 0.433010 0.047005
v 0.007563 0.433010 0.047283
v -0.049117 0.432866 0.019330
v -0.040085 0.432866 0.034996
v -0.026683 0.432866 0.046217
v -0.010265 0.432866 0.052213
v 0.007818 0.432866 0.052202
v -0.053434 0.432723 0.021120
v -0.043644 0.432723 0.038203
v -0.029103 0.432723 0.050408
v -0.011262 0.432723 0.056899
v 0.008426 0.432723 0.056836
v -0.058871 0.433727 0.022283
v -0.047691 0.433727 0.040678
v -0.031260 0.433727 0.054144
v -0.011383 0.433727 0.061640
v 0.010138 0.433727 0.062126
v -0.060175 0.434875 0.022824
v -0.048766 0.434875 0.041646
v -0.031991 0.434875 0.055410
v -0.011684 0.434875 0.063056
v 0.010322 0.434875 0.063525
v -0.061501 0.436023 0.023500
v -0.049910 0.436023 0.042812
v -0.032837 0.436023 0.056876
v -0.012122 0.436023 0.064629
v 0.010399 0.436023 0.065011
v -0.062826 0.437171 0.024176
v -0.051053 0.437171 0.043978
v -0.033683 0.437171 0.058341
v -0.012559 0.437171 0.066202
v 0.010476 0.437171 0.066497
v -0.064130 0.438319 0.024717
v -0.052128 0.438319 0.044946
v -0.034414 0.438319 0.059607
v -0.012860 0.438319 0.067618
v 0.010660 0.438319 0.067897
v -0.065479 0.440950 0.025005
v -0.053132 0.440950 0.045560
v -0.034949 0.440950 0.060534
v -0.012890 0.440950 0.068794
v 0.011084 0.440950 0.069209
v -0.065569 0.442432 0.025043
v -0.053206 0.442432 0.045627
v -0.034999 0.442432 0.060621
v -0.012911 0.442432 0.068891
v 0.011097 0.442432 0.069306
v -0.065660 0.443915 0.025089
v -0.053285 0.443915 0.045708
v -0.035058 0.443915 0.060722
v -0.012941 0.443915 0.069000
v 0.011102 0.443915 0.069408
v -0.065752 0.445398 0.025136
v -0.053364 0.445398 0.045788
v -0.035116 0.445398 0.060823
v -0.012971 0.445398 0.069108
v 0.011108 0.445398 0.069511
v -0.065841 0.446880 0.025173
v -0.053438 0.446880 0.045855
v -0.035167 0.446880 0.060910
v -0.012992 0.446880 0.069206
v 0.011120 0.446880 0.069607
v -0.064667 0.449798 0.024922
v -0.052564 0.449798 0.045320
v -0.034701 0.449798 0.060103
v -0.012966 0.449798 0.068182
v 0.010751 0.449798 0.068464
v -0.063363 0.451233 0.024381
v -0.051489 0.451233 0.044351
v -0.033970 0.451233 0.058838
v -0.012665 0.451233 0.066766
v 0.010567 0.451233 0.067065
v -0.062038 0.452668 0.023705
v -0.050345 0.452668 0.043186
v -0.033124 0.452668 0.057372
v -0.012227 0.452668 0.065193
v 0.010490 0.452668 0.065579
v -0.060712 0.454103 0.023029
v -0.049201 0.454103 0.042020
v -0.032277 0.454103 0.055906
v -0.011790 0.454103 0.063620
v 0.010413 0.454103 0.064093
v -0.059408 0.455538 0.022488
v -0.048126 0.455538 0.041051
v -0.031547 0.455538 0.054640
v -0.011488 0.455538 0.062204
v 0.010229 0.455538 0.062693
v -0.056885 0.457116 0.021949
v -0.046249 0.457116 0.039903
v -0.030546 0.457116 0.052907
v -0.011432 0.457116 0.060004
v 0.009435 0.457116 0.060238
v -0.055581 0.457260 0.021408
v -0.045173 0.457260 0.038934
v -0.029815 0.457260 0.051641
v -0.011131 0.457260 0.058589
v 0.009251 0.457260 0.058839
v -0.054256 0.457403 0.020731
v -0.044030 0.457403 0.037769
v -0.028969 0.457403 0.050175
v -0.010694 0.457403 0.057015
v 0.009174 0.457403 0.057353
v -0.052930 0.457547 0.020055
v -0.042886 0.457547 0.036603
v -0.028122 0.457547 0.048710
v -0.010256 0.457547 0.055442
v 0.009097 0.457547 0.055867
v -0.051626 0.457690 0.019514
v -0.041811 0.457690 0.035634
v -0.027392 0.457690 0.047444
v -0.009955 0.457690 0.054027
v 0.008913 0.457690 0.054467
v -0.051452 0.458838 0.019477
v -0.041682 0.458838 0.035555
v -0.027323 0.458838 0.047324
v -0.009951 0.458838 0.053875
v 0.008858 0.458838 0.054298
v -0.052576 0.459842 0.019943
v -0.042608 0.459842 0.036390
v -0.027953 0.459842 0.048416
v -0.010210 0.459842 0.055095
v 0.009017 0.459842 0.055504
v -0.053719 0.460847 0.020526
v -0.043594 0.460847 0.037395
v -0.028682 0.460847 0.049679
v -0.010588 0.460847 0.056451
v 0.009083 0.460847 0.056785
v -0.054862 0.461851 0.021109
v -0.044580 0.461851 0.038400
v -0.029412 0.461851 0.050942
v -0.010965 0.461851 0.057808
v 0.009150 0.461851 0.058066
v -0.055986 0.462856 0.021576
v -0.045507 0.462856 0.039235
v -0.030042 0.462856 0.052034
v -0.011225 0.462856 0.059028
v 0.009308 0.462856 0.059273
v -0.056073 0.465008 0.021594
v -0.045572 0.465008 0.039275
v -0.030076 0.465008 0.052094
v -0.011227 0.465008 0.059104
v 0.009335 0.465008 0.059358
v -0.055039 0.466156 0.021165
v -0.044719 0.466156 0.038506
v -0.029496 0.466156 0.051090
v -0.010988 0.466156 0.057981
v 0.009190 0.466156 0.058248
v -0.053987 0.467304 0.020629
v -0.043812 0.467304 0.037582
v -0.028825 0.467304 0.049927
v -0.010641 0.467304 0.056733
v 0.009129 0.467304 0.057069
v -0.052936 0.468452 0.020093
v -0.042905 0.468452 0.036657
v -0.028154 0.468452 0.048765
v -0.010293 0.468452 0.055486
v 0.009068 0.468452 0.055890
v -0.051902 0.469600 0.019664
v -0.042052 0.469600 0.035889
v -0.027575 0.469600 0.047761
v -0.010055 0.469600 0.054363
v 0.008922 0.469600 0.054780
v -0.048422 0.471417 0.018920
v -0.039463 0.471417 0.034305
v -0.026194 0.471417 0.045370
v -0.009977 0.471417 0.051328
v 0.007826 0.471417 0.051395
v -0.045859 0.472087 0.017857
v -0.037349 0.472087 0.032401
v -0.024757 0.472087 0.042881
v -0.009385 0.472087 0.048546
v 0.007465 0.472087 0.048643
v -0.043254 0.472757 0.016528
v -0.035101 0.472757 0.030110
v -0.023094 0.472757 0.040001
v -0.008525 0.472757 0.045454
v 0.007314 0.472757 0.045723
v -0.040649 0.473426 0.015198
v -0.032854 0.473426 0.027819
v -0.021431 0.473426 0.037120
v -0.007665 0.473426 0.042362
v 0.007162 0.473426 0.042802
v -0.038085 0.474096 0.014135
v -0.030740 0.474096 0.025915
v -0.019995 0.474096 0.034632
v -0.007073 0.474096 0.039579
v 0.006801 0.474096 0.040051
v -0.035606 0.477683 0.013605
v -0.028895 0.477683 0.024786
v -0.019011 0.477683 0.032928
v -0.007018 0.477683 0.037417
v 0.006021 0.477683 0.037638
v -0.035606 0.480601 0.013605
v -0.028895 0.480601 0.024786
v -0.019011 0.480601 0.032928
v -0.007018 0.480601 0.037417
v 0.006021 0.480601 0.037638
v -0.035606 0.483518 0.013605
v -0.028895 0.483518 0.024786
v -0.019011 0.483518 0.032928
v -0.007018 0.483518 0.037417
v 0.006021 0.483518 0.037638
v -0.035606 0.486436 0.013605
v -0.028895 0.486436 0.024786
v -0.019011 0.486436 0.032928
v -0.007018 0.486436 0.037417
v 0.006021 0.486436 0.037638
v -0.035606 0.489354 0.013605
v -0.028895 0.489354 0.024786
v -0.019011 0.489354 0.032928
v -0.007018 0.489354 0.037417
v 0.006021 0.489354 0.037638
v -0.036998 0.492893 0.013903
v -0.029931 0.492893 0.025420
v -0.019563 0.492893 0.033885
v -0.007049 0.492893 0.038631
v 0.006459 0.492893 0.038993
v -0.038437 0.493515 0.014500
v -0.031118 0.493515 0.026489
v -0.020370 0.493515 0.035282
v -0.007381 0.493515 0.040193
v 0.006662 0.493515 0.040537
v -0.039899 0.494137 0.015246
v -0.032379 0.494137 0.027775
v -0.021303 0.494137 0.036899
v -0.007864 0.494137 0.041929
v 0.006747 0.494137 0.042177
v -0.041362 0.494758 0.015992
v -0.033641 0.494758 0.029061
v -0.022237 0.494758 0.038516
v -0.008347 0.494758 0.043665
v 0.006832 0.494758 0.043817
v -0.042801 0.495380 0.016589
v -0.034828 0.495380 0.030130
v -0.023044 0.495380 0.039913
v -0.008679 0.495380 0.045227
v 0.007034 0.495380 0.045361
v -0.042975 0.497054 0.016626
v -0.034957 0.497054 0.030209
v -0.023113 0.497054 0.040032
v -0.008683 0.497054 0.045379
v 0.007089 0.497054 0.045531
v -0.041716 0.498107 0.016104
v -0.033919 0.498107 0.029274
v -0.022407 0.498107 0.038810
v -0.008392 0.498107 0.044012
v 0.006912 0.498107 0.044179
v -0.040436 0.499159 0.015451
v -0.032815 0.499159 0.028149
v -0.021590 0.499159 0.037395
v -0.007970 0.499159 0.042493
v 0.006837 0.499159 0.042744
v -0.039156 0.500211 0.014798
v -0.031711 0.500211 0.027023
v -0.020773 0.500211 0.035980
v -0.007547 0.500211 0.040974
v 0.006763 0.500211 0.041310
v -0.037897 0.501263 0.014276
v -0.030673 0.501263 0.026088
v -0.020067 0.501263 0.034758
v -0.007256 0.501263 0.039607
v 0.006586 0.501263 0.039958
v -0.039072 0.504420 0.014527
v -0.031547 0.504420 0.026623
v -0.020533 0.504420 0.035565
v -0.007282 0.504420 0.040631
v 0.006955 0.504420 0.041101
v -0.041545 0.506525 0.015553
v -0.033586 0.506525 0.028460
v -0.021919 0.506525 0.037966
v -0.007854 0.506525 0.043316
v 0.007304 0.506525 0.043755
v -0.044059 0.508629 0.016835
v -0.035755 0.508629 0.030670
v -0.023524 0.508629 0.040745
v -0.008684 0.508629 0.046300
v 0.007450 0.508629 0.046574
v -0.046572 0.510734 0.018118
v -0.037924 0.510734 0.032881
v -0.025129 0.510734 0.043525
v -0.009514 0.510734 0.049284
v 0.007596 0.510734 0.049392
v -0.049046 0.512838 0.019143
v -0.039963 0.512838 0.034718
v -0.026515 0.512838 0.045926
v -0.010085 0.512838 0.051968
v 0.007944 0.512838 0.052047
v -0.053301 0.518611 0.020053
v -0.043130 0.518611 0.036656
v -0.028203 0.518611 0.048850
v -0.010180 0.518611 0.055679
v 0.009284 0.518611 0.056187
v -0.055228 0.522279 0.020852
v -0.044718 0.522279 0.038086
v -0.029283 0.522279 0.050720
v -0.010624 0.522279 0.057770
v 0.009556 0.522279 0.058255
v -0.057186 0.525947 0.021851
v -0.046408 0.525947 0.039808
v -0.030533 0.525947 0.052885
v -0.011271 0.525947 0.060094
v 0.009669 0.525947 0.060450
v -0.059143 0.529615 0.022850
v -0.048097 0.529615 0.041530
v -0.031783 0.529615 0.055050
v -0.011918 0.529615 0.062418
v 0.009783 0.529615 0.062645
v -0.061070 0.533283 0.023649
v -0.049685 0.533283 0.042961
v -0.032862 0.533283 0.056920
v -0.012362 0.533283 0.064509
v 0.010055 0.533283 0.064712
v -0.062411 0.540395 0.023936
v -0.050683 0.540395 0.043571
v -0.033395 0.540395 0.057841
v -0.012392 0.540395 0.065679
v 0.010477 0.540395 0.066017
v -0.061871 0.543839 0.023712
v -0.050238 0.543839 0.043171
v -0.033092 0.543839 0.057318
v -0.012268 0.543839 0.065093
v 0.010401 0.543839 0.065438
v -0.061323 0.547283 0.023432
v -0.049765 0.547283 0.042688
v -0.032742 0.547283 0.056711
v -0.012086 0.547283 0.064442
v 0.010369 0.547283 0.064823
v -0.060774 0.550727 0.023152
v -0.049292 0.550727 0.042206
v -0.032392 0.550727 0.056105
v -0.011905 0.550727 0.063791
v 0.010337 0.550727 0.064208
v -0.060235 0.554170 0.022928
v -0.048847 0.554170 0.041805
v -0.032089 0.554170 0.055581
v -0.011781 0.554170 0.063205
v 0.010261 0.554170 0.063629
v -0.056016 0.564071 0.022026
v -0.045707 0.564071 0.039884
v -0.030416 0.564071 0.052682
v -0.011687 0.564071 0.059526
v 0.008933 0.564071 0.059524
v -0.052193 0.570528 0.020441
v -0.042555 0.570528 0.037045
v -0.028273 0.570528 0.048971
v -0.010804 0.570528 0.055377
v 0.008394 0.570528 0.055421
v -0.048308 0.576985 0.018459
v -0.039203 0.576985 0.033629
v -0.025793 0.576985 0.044675
v -0.009521 0.576985 0.050766
v 0.008168 0.576985 0.051066
v -0.044424 0.583442 0.016477
v -0.035852 0.583442 0.030212
v -0.023313 0.583442 0.040380
v -0.008238 0.583442 0.046154
v 0.007943 0.583442 0.046710
v -0.040601 0.589900 0.014892
v -0.032700 0.589900 0.027373
v -0.021171 0.589900 0.036669
v -0.007356 0.589900 0.042006
v 0.007404 0.589900 0.042608
v -0.033598 0.602909 0.013395
v -0.027488 0.602909 0.024185
v -0.018393 0.602909 0.031857
v -0.007200 0.602909 0.035898
v 0.005199 0.602909 0.035794
v -0.030181 0.609462 0.011977
v -0.024670 0.609462 0.021646
v -0.016477 0.609462 0.028539
v -0.006411 0.609462 0.032188
v 0.004718 0.609462 0.032126
v -0.026707 0.616015 0.010205
v -0.021673 0.616015 0.018591
v -0.014260 0.616015 0.024699
v -0.005264 0.616015 0.028066
v 0.004516 0.616015 0.028232
v -0.023233 0.622568 0.008433
v -0.018676 0.622568 0.015536
v -0.012042 0.622568 0.020858
v -0.004117 0.622568 0.023943
v 0.004314 0.622568 0.024337
v -0.019816 0.629120 0.007015
v -0.015858 0.629120 0.012998
v -0.010127 0.629120 0.017540
v -0.003327 0.629120 0.020233
v 0.003833 0.629120 0.020669
v -0.016554 0.637682 0.006318
v -0.013431 0.637682 0.011513
v -0.008832 0.637682 0.015298
v -0.003255 0.637682 0.017388
v 0.002805 0.637682 0.017495
v -0.016599 0.639691 0.006337
v -0.013468 0.639691 0.011546
v -0.008858 0.639691 0.015342
v -0.003265 0.639691 0.017437
v 0.002812 0.639691 0.017543
v -0.016644 0.641700 0.006360
v -0.013507 0.641700 0.011587
v -0.008887 0.641700 0.015393
v -0.003280 0.641700 0.017491
v 0.002814 0.641700 0.017594
v -0.016690 0.643708 0.006383
v -0.013547 0.643708 0.011627
v -0.008916 0.643708 0.015443
v -0.003296 0.643708 0.017545
v 0.002817 0.643708 0.017646
v -0.016735 0.645717 0.006402
v -0.013584 0.645717 0.011660
v -0.008941 0.645717 0.015487
v -0.003306 0.645717 0.017594
v 0.002823 0.645717 0.017694
v -0.018997 0.649735 0.006886
v -0.015267 0.649735 0.012690
v -0.009838 0.649735 0.017041
v -0.003356 0.649735 0.019567
v 0.003536 0.649735 0.019895
v -0.021290 0.651744 0.007837
v -0.017158 0.651744 0.014393
v -0.011124 0.651744 0.019267
v -0.003886 0.651744 0.022056
v 0.003859 0.651744 0.022356
v -0.023621 0.653753 0.009026
v -0.019169 0.653753 0.016443
v -0.012612 0.653753 0.021845
v -0.004656 0.653753 0.024823
v 0.003994 0.653753 0.024969
v -0.025952 0.655762 0.010215
v -0.021180 0.655762 0.018493
v -0.014100 0.655762 0.024422
v -0.005425 0.655762 0.027589
v 0.004130 0.655762 0.027583
v -0.028245 0.657771 0.011166
v -0.023071 0.657771 0.020197
v -0.015385 0.657771 0.026649
v -0.005955 0.657771 0.030079
v 0.004453 0.657771 0.030044
v -0.030464 0.660927 0.011640
v -0.024722 0.660927 0.021207
v -0.016265 0.660927 0.028173
v -0.006004 0.660927 0.032013
v 0.005151 0.660927 0.032203
v -0.030464 0.662075 0.011640
v -0.024722 0.662075 0.021207
v -0.016265 0.662075 0.028173
v -0.006004 0.662075 0.032013
v 0.005151 0.662075 0.032203
v -0.030464 0.663223 0.011640
v -0.024722 0.663223 0.021207
v -0.016265 0.663223 0.028173
v -0.006004 0.663223 0.032013
v 0.005151 0.663223 0.032203
v -0.030464 0.664371 0.011640
v -0.024722 0.664371 0.021207
v -0.016265 0.664371 0.028173
v -0.006004 0.664371 0.032013
v 0.005151 0.664371 0.032203
v -0.030464 0.665519 0.011640
v -0.024722 0.665519 0.021207
v -0.016265 0.665519 0.028173
v -0.006004 0.665519 0.032013
v 0.005151 0.665519 0.032203
v -0.028202 0.668197 0.011157
v -0.023039 0.668197 0.020177
v -0.015368 0.668197 0.026619
v -0.005954 0.668198 0.030041
v 0.004439 0.668197 0.030002
v -0.025864 0.669728 0.010187
v -0.021111 0.669728 0.018440
v -0.014058 0.669728 0.024349
v -0.005414 0.669728 0.027503
v 0.004110 0.669728 0.027492
v -0.023487 0.671259 0.008975
v -0.019060 0.671259 0.016350
v -0.012540 0.671259 0.021721
v -0.004629 0.671259 0.024682
v 0.003971 0.671259 0.024828
v -0.021110 0.672789 0.007762
v -0.017010 0.672789 0.014260
v -0.011023 0.672789 0.019093
v -0.003844 0.672789 0.021861
v 0.003833 0.672789 0.022163
v -0.018772 0.674320 0.006792
v -0.015082 0.674320 0.012523
v -0.009712 0.674320 0.016823
v -0.003304 0.674320 0.019323
v 0.003504 0.674320 0.019653
v -0.013944 0.676281 0.005760
v -0.011489 0.676281 0.010325
v -0.007797 0.676281 0.013505
v -0.003197 0.676281 0.015112
v 0.001984 0.676281 0.014956
v -0.011291 0.676711 0.004660
v -0.009301 0.676711 0.008354
v -0.006310 0.676711 0.010930
v -0.002584 0.676711 0.012232
v 0.001610 0.676711 0.012108
v -0.008594 0.677142 0.003284
v -0.006974 0.677142 0.005983
v -0.004589 0.677142 0.007948
v -0.001694 0.677142 0.009031
v 0.001453 0.677142 0.009085
v -0.005897 0.677572 0.001908
v -0.004648 0.677572 0.003611
v -0.002867 0.677572 0.004966
v -0.000803 0.677572 0.005831
v 0.001297 0.677572 0.006061
v -0.003244 0.678003 0.000808
v -0.002460 0.678003 0.001640
v -0.001380 0.678003 0.002391
v -0.000190 0.678003 0.002951
v 0.000923 0.678003 0.003214
v 0.011087 0.169786 0.012283
v 0.012401 0.169786 0.006745
v 0.012839 0.169786 0.000000
v 0.012401 0.169786 -0.006745
v 0.011087 0.169786 -0.012283
v 0.025458 0.169786 0.023302
v 0.030057 0.169786 0.012478
v 0.031590 0.169786 0.000000
v 0.030057 0.169786 -0.012478
v 0.025458 0.169786 -0.023302
v 0.041472 0.169786 0.033689
v 0.050342 0.169786 0.017706
v 0.053298 0.169786 0.000000
v 0.050342 0.169786 -0.017706
v 0.041472 0.169786 -0.033689
v 0.057486 0.169786 0.044075
v 0.070626 0.169786 0.022933
v 0.075006 0.169786 0.000000
v 0.070626 0.169786 -0.022933
v 0.057486 0.169786 -0.044075
v 0.071858 0.169786 0.055094
v 0.088283 0.169786 0.028666
v 0.093758 0.169786 0.000000
v 0.088283 0.169786 -0.028666
v 0.071858 0.169786 -0.055094
v 0.082944 0.174186 0.067378
v 0.100683 0.174186 0.035411
v 0.106596 0.174186 0.000000
v 0.100683 0.174186 -0.035411
v 0.082944 0.174186 -0.067377
v 0.082944 0.178586 0.067378
v 0.100683 0.178586 0.035411
v 0.106596 0.178586 0.000000
v 0.100683 0.178586 -0.035411
v 0.082944 0.178586 -0.067377
v 0.082944 0.182987 0.067378
v 0.100683 0.182987 0.035411
v 0.106596 0.182987 0.000000
v 0.100683 0.182987 -0.035411
v 0.082944 0.182987 -0.067377
v 0.082944 0.187387 0.067378
v 0.100683 0.187387 0.035411
v 0.106596 0.187387 0.000000
v 0.100683 0.187387 -0.035411
v 0.082944 0.187387 -0.067377
v 0.082944 0.191787 0.067378
v 0.100683 0.191787 0.035411
v 0.106596 0.191787 0.000000
v 0.100683 0.191787 -0.035411
v 0.082944 0.191787 -0.067377
v 0.080947 0.196762 0.065165
v 0.098450 0.196762 0.034196
v 0.104284 0.196762 0.000000
v 0.098450 0.196762 -0.034196
v 0.080947 0.196762 -0.065165
v 0.078359 0.197336 0.063181
v 0.095270 0.197336 0.033164
v 0.100907 0.197336 0.000000
v 0.095270 0.197336 -0.033164
v 0.078359 0.197336 -0.063181
v 0.075475 0.197910 0.061310
v 0.091616 0.197910 0.032222
v 0.096997 0.197910 0.000000
v 0.091616 0.197910 -0.032222
v 0.075475 0.197910 -0.061310
v 0.072590 0.198484 0.059439
v 0.087963 0.198484 0.031281
v 0.093087 0.198484 0.000000
v 0.087963 0.198484 -0.031281
v 0.072590 0.198484 -0.059439
v 0.070002 0.199058 0.057455
v 0.084783 0.199058 0.030248
v 0.089710 0.199058 0.000000
v 0.084783 0.199058 -0.030248
v 0.070002 0.199058 -0.057455
v 0.069734 0.201880 0.057157
v 0.084483 0.201880 0.030085
v 0.089399 0.201880 0.000000
v 0.084483 0.201880 -0.030085
v 0.069734 0.201880 -0.057157
v 0.071974 0.204128 0.058875
v 0.087236 0.204128 0.030979
v 0.092323 0.204128 0.000000
v 0.087236 0.204128 -0.030979
v 0.071974 0.204128 -0.058875
v 0.074471 0.206376 0.060495
v 0.090398 0.206376 0.031794
v 0.095708 0.206376 0.000000
v 0.090399 0.206376 -0.031794
v 0.074471 0.206376 -0.060495
v 0.076968 0.208624 0.062114
v 0.093561 0.208624 0.032609
v 0.099092 0.208624 0.000000
v 0.093561 0.208624 -0.032609
v 0.076968 0.208624 -0.062114
v 0.079209 0.210872 0.063832
v 0.096314 0.210872 0.033503
v 0.102016 0.210872 0.000000
v 0.096314 0.210872 -0.033503
v 0.079209 0.210872 -0.063832
v 0.081116 0.215942 0.065946
v 0.098447 0.215942 0.034663
v 0.104225 0.215942 0.000000
v 0.098447 0.215942 -0.034663
v 0.081116 0.215942 -0.065945
v 0.081348 0.218764 0.066123
v 0.098732 0.218764 0.034756
v 0.104527 0.218764 0.000000
v 0.098732 0.218764 -0.034756
v 0.081348 0.218764 -0.066123
v 0.081606 0.221586 0.066291
v 0.099059 0.221586 0.034840
v 0.104877 0.221586 0.000000
v 0.099059 0.221586 -0.034840
v 0.081606 0.221586 -0.066291
v 0.081865 0.224408 0.066458
v 0.099387 0.224408 0.034924
v 0.105227 0.224408 0.000000
v 0.099387 0.224408 -0.034924
v 0.081865 0.224408 -0.066458
v 0.082096 0.227230 0.066636
v 0.099671 0.227230 0.035017
v 0.105530 0.227230 0.000000
v 0.099671 0.227230 -0.035017
v 0.082096 0.227230 -0.066636
v 0.081292 0.233160 0.065744
v 0.098771 0.233161 0.034527
v 0.104598 0.233161 0.000000
v 0.098771 0.233161 -0.034527
v 0.081292 0.233161 -0.065744
v 0.080017 0.236269 0.064767
v 0.097205 0.236270 0.034019
v 0.102934 0.236270 0.000000
v 0.097205 0.236270 -0.034019
v 0.080017 0.236270 -0.064767
v 0.078596 0.239378 0.063846
v 0.095406 0.239378 0.033555
v 0.101009 0.239378 0.000000
v 0.095406 0.239378 -0.033555
v 0.078596 0.239378 -0.063846
v 0.077176 0.242487 0.062924
v 0.093606 0.242487 0.033091
v 0.099083 0.242487 0.000000
v 0.093606 0.242487 -0.033091
v 0.077176 0.242487 -0.062924
v 0.075901 0.245596 0.061947
v 0.092040 0.245596 0.032583
v 0.097420 0.245596 0.000000
v 0.092040 0.245596 -0.032583
v 0.075901 0.245596 -0.061947
v 0.071877 0.253249 0.057489
v 0.087540 0.253249 0.030135
v 0.092760 0.253249 0.000000
v 0.087540 0.253249 -0.030135
v 0.071877 0.253249 -0.057489
v 0.067937 0.257793 0.054468
v 0.082698 0.257793 0.028563
v 0.087619 0.257793 0.000000
v 0.082698 0.257793 -0.028563
v 0.067937 0.257793 -0.054468
v 0.063546 0.262337 0.051620
v 0.077136 0.262337 0.027130
v 0.081667 0.262337 0.000000
v 0.077136 0.262337 -0.027129
v 0.063546 0.262337 -0.051620
v 0.059155 0.266881 0.048772
v 0.071575 0.266881 0.025696
v 0.075714 0.266881 0.000000
v 0.071575 0.266881 -0.025696
v 0.059155 0.266881 -0.048772
v 0.055214 0.271425 0.045751
v 0.066733 0.271425 0.024124
v 0.070573 0.271425 0.000000
v 0.066733 0.271425 -0.024124
v 0.055214 0.271425 -0.045751
v 0.052145 0.277356 0.042350
v 0.063300 0.277356 0.022257
v 0.067018 0.277356 0.000000
v 0.063300 0.277356 -0.022257
v 0.052145 0.277356 -0.042350
v 0.052106 0.278743 0.042320
v 0.063252 0.278743 0.022241
v 0.066968 0.278743 0.000000
v 0.063252 0.278743 -0.022241
v 0.052106 0.278743 -0.042320
v 0.052063 0.280130 0.042292
v 0.063198 0.280130 0.022227
v 0.066909 0.280130 0.000000
v 0.063198 0.280130 -0.022227
v 0.052063 0.280130 -0.042292
v 0.052020 0.281517 0.042264
v 0.063143 0.281517 0.022213
v 0.066851 0.281517 0.000000
v 0.063143 0.281517 -0.022213
v 0.052020 0.281517 -0.042264
v 0.051981 0.282904 0.042235
v 0.063096 0.282904 0.022198
v 0.066801 0.282904 0.000000
v 0.063096 0.282904 -0.022198
v 0.051981 0.282904 -0.042234
v 0.053412 0.285774 0.043819
v 0.064696 0.285774 0.023068
v 0.068457 0.285774 0.000000
v 0.064696 0.285774 -0.023068
v 0.053412 0.285774 -0.043819
v 0.055305 0.287256 0.045271
v 0.067022 0.287256 0.023823
v 0.070927 0.287256 0.000000
v 0.067022 0.287256 -0.023823
v 0.055305 0.287256 -0.045271
v 0.057414 0.288739 0.046639
v 0.069693 0.288739 0.024512
v 0.073787 0.288739 0.000000
v 0.069693 0.288739 -0.024512
v 0.057414 0.288739 -0.046639
v 0.059524 0.290222 0.048007
v 0.072365 0.290222 0.025200
v 0.076646 0.290222 0.000000
v 0.072365 0.290222 -0.025200
v 0.059524 0.290222 -0.048007
v 0.061417 0.291705 0.049459
v 0.074691 0.291705 0.025956
v 0.079116 0.291705 0.000000
v 0.074691 0.291705 -0.025955
v 0.061417 0.291705 -0.049458
v 0.062013 0.294335 0.050119
v 0.075358 0.294335 0.026318
v 0.079806 0.294335 0.000000
v 0.075358 0.294335 -0.026318
v 0.062013 0.294335 -0.050119
v 0.060892 0.295483 0.049260
v 0.073981 0.295483 0.025871
v 0.078344 0.295483 0.000000
v 0.073981 0.295483 -0.025871
v 0.060892 0.295483 -0.049260
v 0.059644 0.296631 0.048450
v 0.072400 0.296631 0.025464
v 0.076652 0.296631 0.000000
v 0.072400 0.296631 -0.025464
v 0.059644 0.296631 -0.048450
v 0.058396 0.297779 0.047641
v 0.070819 0.297779 0.025056
v 0.074960 0.297779 0.000000
v 0.070819 0.297779 -0.025056
v 0.058396 0.297779 -0.047640
v 0.057275 0.298927 0.046782
v 0.069442 0.298927 0.024609
v 0.073498 0.298927 0.000000
v 0.069442 0.298927 -0.024609
v 0.057275 0.298927 -0.046781
v 0.055219 0.300505 0.044503
v 0.067142 0.300505 0.023358
v 0.071117 0.300505 0.000000
v 0.067142 0.300505 -0.023358
v 0.055219 0.300505 -0.044503
v 0.053673 0.300936 0.043318
v 0.065244 0.300936 0.022742
v 0.069100 0.300936 0.000000
v 0.065244 0.300936 -0.022742
v 0.053673 0.300936 -0.043318
v 0.051952 0.301366 0.042202
v 0.063062 0.301366 0.022180
v 0.066766 0.301366 0.000000
v 0.063062 0.301366 -0.022180
v 0.051952 0.301366 -0.042201
v 0.050230 0.301797 0.041085
v 0.060881 0.301797 0.021617
v 0.064432 0.301797 0.000000
v 0.060881 0.301797 -0.021617
v 0.050230 0.301797 -0.041085
v 0.048684 0.302227 0.039900
v 0.058983 0.302227 0.021001
v 0.062416 0.302227 0.000000
v 0.058983 0.302227 -0.021001
v 0.048684 0.302227 -0.039900
v 0.045138 0.309210 0.035971
v 0.055016 0.309210 0.018843
v 0.058309 0.309210 0.000000
v 0.055016 0.309210 -0.018843
v 0.045138 0.309210 -0.035970
v 0.042086 0.315763 0.033630
v 0.051266 0.315763 0.017626
v 0.054326 0.315763 0.000000
v 0.051266 0.315763 -0.017626
v 0.042086 0.315763 -0.033630
v 0.038685 0.322316 0.031425
v 0.046959 0.322316 0.016516
v 0.049716 0.322316 0.000000
v 0.046959 0.322316 -0.016516
v 0.038685 0.322316 -0.031425
v 0.035284 0.328869 0.029219
v 0.042651 0.328869 0.015406
v 0.045106 0.328869 0.000000
v 0.042651 0.328869 -0.015406
v 0.035284 0.328869 -0.029219
v 0.032232 0.335421 0.026879
v 0.038901 0.335421 0.014188
v 0.041124 0.335421 0.000000
v 0.038901 0.335421 -0.014188
v 0.032232 0.335421 -0.026879
v 0.028945 0.350044 0.023237
v 0.035224 0.350044 0.012188
v 0.037317 0.350044 0.000000
v 0.035224 0.350044 -0.012188
v 0.028945 0.350044 -0.023237
v 0.027735 0.358114 0.022309
v 0.033738 0.358114 0.011705
v 0.035739 0.358114 0.000000
v 0.033738 0.358114 -0.011705
v 0.027735 0.358114 -0.022309
v 0.026387 0.366184 0.021435
v 0.032031 0.366184 0.011265
v 0.033912 0.366184 0.000000
v 0.032031 0.366184 -0.011265
v 0.026387 0.366184 -0.021435
v 0.025039 0.374253 0.020561
v 0.030323 0.374253 0.010825
v 0.032085 0.374253 0.000000
v 0.030323 0.374253 -0.010825
v 0.025039 0.374253 -0.020561
v 0.023830 0.382323 0.019633
v 0.028837 0.382323 0.010343
v 0.030506 0.382323 0.000000
v 0.028837 0.382323 -0.010343
v 0.023830 0.382323 -0.019633
v 0.023374 0.397568 0.019128
v 0.028327 0.397568 0.010065
v 0.029978 0.397568 0.000000
v 0.028327 0.397568 -0.010065
v 0.023374 0.397568 -0.019128
v 0.023992 0.404742 0.019602
v 0.029086 0.404742 0.010312
v 0.030785 0.404742 0.000000
v 0.029086 0.404742 -0.010312
v 0.023992 0.404742 -0.019602
v 0.024680 0.411917 0.020048
v 0.029959 0.411917 0.010537
v 0.031718 0.411917 0.000000
v 0.029959 0.411917 -0.010537
v 0.024680 0.411917 -0.020048
v 0.025369 0.419091 0.020495
v 0.030831 0.419091 0.010762
v 0.032652 0.419091 0.000000
v 0.030831 0.419091 -0.010762
v 0.025369 0.419091 -0.020495
v 0.025987 0.426266 0.020969
v 0.031591 0.426266 0.011008
v 0.033458 0.426266 0.000000
v 0.031591 0.426266 -0.011008
v 0.025987 0.426266 -0.020969
v 0.029325 0.433297 0.024667
v 0.035324 0.433297 0.013039
v 0.037324 0.433297 0.000000
v 0.035324 0.433297 -0.013039
v 0.029325 0.433297 -0.024667
v 0.033034 0.433153 0.027511
v 0.039881 0.433153 0.014518
v 0.042163 0.433153 0.000000
v 0.039881 0.433153 -0.014518
v 0.033034 0.433153 -0.027511
v 0.037167 0.433010 0.030191
v 0.045115 0.433010 0.015867
v 0.047765 0.433010 0.000000
v 0.045115 0.433010 -0.015867
v 0.037167 0.433010 -0.030191
v 0.041299 0.432866 0.032872
v 0.050350 0.432866 0.017216
v 0.053367 0.432866 -0.000000
v 0.050350 0.432866 -0.017216
v 0.041299 0.432866 -0.032872
v 0.045008 0.432723 0.035715
v 0.054907 0.432723 0.018696
v 0.058206 0.432723 -0.000000
v 0.054907 0.432723 -0.018696
v 0.045008 0.432723 -0.035715
v 0.048733 0.433727 0.039843
v 0.059074 0.433727 0.020962
v 0.062520 0.433727 -0.000000
v 0.059074 0.433727 -0.020962
v 0.048733 0.433727 -0.039843
v 0.049854 0.434875 0.040702
v 0.060450 0.434875 0.021409
v 0.063982 0.434875 -0.000000
v 0.060450 0.434875 -0.021409
v 0.049854 0.434875 -0.040702
v 0.051102 0.436023 0.041511
v 0.062031 0.436023 0.021817
v 0.065674 0.436023 -0.000000
v 0.062031 0.436023 -0.021817
v 0.051102 0.436023 -0.041511
v 0.052350 0.437171 0.042321
v 0.063613 0.437171 0.022224
v 0.067367 0.437171 -0.000000
v 0.063613 0.437171 -0.022224
v 0.052351 0.437171 -0.042321
v 0.053471 0.438319 0.043180
v 0.064989 0.438319 0.022671
v 0.068829 0.438319 -0.000000
v 0.064989 0.438319 -0.022671
v 0.053471 0.438319 -0.043180
v 0.054395 0.440950 0.044204
v 0.066022 0.440950 0.023233
v 0.069898 0.440950 -0.000000
v 0.066022 0.440950 -0.023233
v 0.054395 0.440950 -0.044204
v 0.054472 0.442432 0.044263
v 0.066117 0.442432 0.023264
v 0.069999 0.442432 -0.000000
v 0.066117 0.442432 -0.023264
v 0.054472 0.442432 -0.044263
v 0.054558 0.443915 0.044319
v 0.066226 0.443915 0.023292
v 0.070116 0.443915 -0.000000
v 0.066226 0.443915 -0.023292
v 0.054558 0.443915 -0.044319
v 0.054644 0.445398 0.044375
v 0.066336 0.445398 0.023320
v 0.070233 0.445398 -0.000000
v 0.066336 0.445398 -0.023320
v 0.054644 0.445398 -0.044375
v 0.054721 0.446880 0.044434
v 0.066430 0.446880 0.023351
v 0.070333 0.446880 -0.000000
v 0.066430 0.446880 -0.023351
v 0.054721 0.446880 -0.044434
v 0.053917 0.449798 0.043542
v 0.065530 0.449798 0.022862
v 0.069402 0.449798 -0.000000
v 0.065530 0.449798 -0.022862
v 0.053917 0.449798 -0.043542
v 0.052796 0.451233 0.042683
v 0.064154 0.451233 0.022415
v 0.067940 0.451233 -0.000000
v 0.064154 0.451233 -0.022415
v 0.052796 0.451233 -0.042683
v 0.051548 0.452668 0.041874
v 0.062573 0.452668 0.022007
v 0.066248 0.452668 -0.000000
v 0.062573 0.452668 -0.022007
v 0.051548 0.452668 -0.041874
v 0.050300 0.454103 0.041064
v 0.060991 0.454103 0.021600
v 0.064555 0.454103 -0.000000
v 0.060991 0.454103 -0.021600
v 0.050300 0.454103 -0.041064
v 0.049179 0.455538 0.040205
v 0.059615 0.455538 0.021153
v 0.063093 0.455538 -0.000000
v 0.059615 0.455538 -0.021153
v 0.049179 0.455538 -0.040205
v 0.047451 0.457116 0.038290
v 0.057681 0.457116 0.020101
v 0.061092 0.457116 -0.000000
v 0.057681 0.457116 -0.020101
v 0.047451 0.457116 -0.038290
v 0.046330 0.457260 0.037431
v 0.056305 0.457260 0.019654
v 0.059630 0.457260 -0.000000
v 0.056305 0.457260 -0.019654
v 0.046330 0.457260 -0.037431
v 0.045082 0.457403 0.036621
v 0.054724 0.457403 0.019247
v 0.057938 0.457403 -0.000000
v 0.054724 0.457403 -0.019247
v 0.045082 0.457403 -0.036621
v 0.043834 0.457547 0.035811
v 0.053142 0.457547 0.018839
v 0.056245 0.457547 -0.000000
v 0.053142 0.457547 -0.018839
v 0.043834 0.457547 -0.035811
v 0.042713 0.457690 0.034952
v 0.051766 0.457690 0.018392
v 0.054783 0.457690 -0.000000
v 0.051766 0.457690 -0.018392
v 0.042713 0.457690 -0.034952
v 0.042594 0.458838 0.034820
v 0.051633 0.458838 0.018320
v 0.054645 0.458838 -0.000000
v 0.051633 0.458838 -0.018320
v 0.042594 0.458838 -0.034820
v 0.043560 0.459842 0.035561
v 0.052819 0.459842 0.018705
v 0.055906 0.459842 -0.000000
v 0.052819 0.459842 -0.018705
v 0.043560 0.459842 -0.035561
v 0.044636 0.460847 0.036259
v 0.054182 0.460847 0.019056
v 0.057364 0.460847 -0.000000
v 0.054182 0.460847 -0.019056
v 0.044636 0.460847 -0.036259
v 0.045712 0.461851 0.036957
v 0.055546 0.461851 0.019408
v 0.058823 0.461851 -0.000000
v 0.055546 0.461851 -0.019408
v 0.045712 0.461851 -0.036957
v 0.046678 0.462856 0.037697
v 0.056732 0.462856 0.019793
v 0.060084 0.462856 -0.000000
v 0.056732 0.462856 -0.019793
v 0.046678 0.462856 -0.037697
v 0.046738 0.465008 0.037763
v 0.056799 0.465008 0.019829
v 0.060153 0.465008 -0.000000
v 0.056799 0.465008 -0.019829
v 0.046738 0.465008 -0.037763
v 0.045849 0.466156 0.037082
v 0.055707 0.466156 0.019475
v 0.058993 0.466156 -0.000000
v 0.055707 0.466156 -0.019475
v 0.045849 0.466156 -0.037082
v 0.044859 0.467304 0.036440
v 0.054453 0.467304 0.019152
v 0.057651 0.467304 -0.000000
v 0.054453 0.467304 -0.019152
v 0.044859 0.467304 -0.036440
v 0.043869 0.468452 0.035798
v 0.053199 0.468452 0.018828
v 0.056309 0.468452 -0.000000
v 0.053199 0.468452 -0.018828
v 0.043869 0.468452 -0.035798
v 0.042980 0.469600 0.035117
v 0.052107 0.469600 0.018474
v 0.055149 0.469600 -0.000000
v 0.052107 0.469600 -0.018474
v 0.042980 0.469600 -0.035117
v 0.040596 0.471417 0.032475
v 0.049440 0.471417 0.017023
v 0.052389 0.471417 -0.000000
v 0.049440 0.471417 -0.017023
v 0.040596 0.471417 -0.032475
v 0.038394 0.472087 0.030787
v 0.046735 0.472087 0.016145
v 0.049515 0.472087 -0.000000
v 0.046735 0.472087 -0.016145
v 0.038394 0.472087 -0.030787
v 0.035940 0.472757 0.029195
v 0.043627 0.472757 0.015344
v 0.046189 0.472757 -0.000000
v 0.043627 0.472757 -0.015344
v 0.035940 0.472757 -0.029195
v 0.033487 0.473426 0.027604
v 0.040519 0.473426 0.014543
v 0.042863 0.473426 -0.000000
v 0.040519 0.473426 -0.014543
v 0.033487 0.473426 -0.027604
v 0.031284 0.474096 0.025915
v 0.037813 0.474096 0.013664
v 0.039990 0.474096 -0.000000
v 0.037813 0.474096 -0.013664
v 0.031284 0.474096 -0.025915
v 0.029586 0.477683 0.024033
v 0.035913 0.477683 0.012631
v 0.038022 0.477683 -0.000000
v 0.035913 0.477683 -0.012631
v 0.029586 0.477683 -0.024033
v 0.029586 0.480601 0.024033
v 0.035913 0.480601 0.012631
v 0.038022 0.480601 -0.000000
v 0.035913 0.480601 -0.012631
v 0.029586 0.480601 -0.024033
v 0.029586 0.483518 0.024033
v 0.035913 0.483518 0.012631
v 0.038022 0.483518 -0.000000
v 0.035913 0.483518 -0.012631
v 0.029586 0.483518 -0.024033
v 0.029586 0.486436 0.024033
v 0.035913 0.486436 0.012631
v 0.038022 0.486436 -0.000000
v 0.035913 0.486436 -0.012631
v 0.029586 0.486436 -0.024033
v 0.029586 0.489354 0.024033
v 0.035913 0.489354 0.012631
v 0.038022 0.489354 -0.000000
v 0.035913 0.489354 -0.012631
v 0.029586 0.489354 -0.024033
v 0.030539 0.492893 0.025090
v 0.036980 0.492893 0.013211
v 0.039127 0.492893 -0.000000
v 0.036980 0.492893 -0.013211
v 0.030539 0.492893 -0.025090
v 0.031776 0.493515 0.026038
v 0.038499 0.493515 0.013704
v 0.040740 0.493515 -0.000000
v 0.038499 0.493515 -0.013704
v 0.031776 0.493515 -0.026038
v 0.033153 0.494137 0.026931
v 0.040244 0.494137 0.014154
v 0.042607 0.494137 -0.000000
v 0.040244 0.494137 -0.014154
v 0.033153 0.494137 -0.026931
v 0.034531 0.494758 0.027825
v 0.041989 0.494758 0.014604
v 0.044475 0.494758 -0.000000
v 0.041989 0.494758 -0.014604
v 0.034531 0.494758 -0.027825
v 0.035767 0.495380 0.028772
v 0.043507 0.495380 0.015097
v 0.046088 0.495380 -0.000000
v 0.043507 0.495380 -0.015097
v 0.035767 0.495380 -0.028772
v 0.035886 0.497054 0.028905
v 0.043641 0.497054 0.015169
v 0.046226 0.497054 -0.000000
v 0.043641 0.497054 -0.015169
v 0.035886 0.497054 -0.028905
v 0.034804 0.498107 0.028075
v 0.042312 0.498107 0.014738
v 0.044814 0.498107 -0.000000
v 0.042312 0.498107 -0.014738
v 0.034804 0.498107 -0.028075
v 0.033599 0.499159 0.027293
v 0.040785 0.499159 0.014344
v 0.043180 0.499159 -0.000000
v 0.040785 0.499159 -0.014344
v 0.033599 0.499159 -0.027293
v 0.032394 0.500211 0.026512
v 0.039258 0.500211 0.013951
v 0.041546 0.500211 -0.000000
v 0.039258 0.500211 -0.013951
v 0.032394 0.500211 -0.026512
v 0.031312 0.501263 0.025682
v 0.037929 0.501263 0.013519
v 0.040135 0.501263 -0.000000
v 0.037929 0.501263 -0.013519
v 0.031312 0.501263 -0.025682
v 0.032117 0.504420 0.026574
v 0.038829 0.504420 0.014009
v 0.041067 0.504420 -0.000000
v 0.038829 0.504420 -0.014009
v 0.032117 0.504420 -0.026574
v 0.034242 0.506525 0.028203
v 0.041440 0.506525 0.014857
v 0.043839 0.506525 -0.000000
v 0.041440 0.506525 -0.014857
v 0.034241 0.506525 -0.028203
v 0.036609 0.508629 0.029738
v 0.044439 0.508629 0.015629
v 0.047049 0.508629 -0.000000
v 0.044439 0.508629 -0.015629
v 0.036609 0.508629 -0.029739
v 0.038977 0.510734 0.031274
v 0.047438 0.510734 0.016402
v 0.050258 0.510734 -0.000000
v 0.047438 0.510734 -0.016402
v 0.038977 0.510734 -0.031274
v 0.041102 0.512838 0.032903
v 0.050048 0.512838 0.017250
v 0.053031 0.512838 -0.000000
v 0.050048 0.512838 -0.017250
v 0.041102 0.512838 -0.032903
v 0.044017 0.518611 0.036134
v 0.053310 0.518611 0.019024
v 0.056407 0.518611 -0.000000
v 0.053310 0.518611 -0.019024
v 0.044017 0.518611 -0.036134
v 0.045672 0.522279 0.037403
v 0.055343 0.522279 0.019684
v 0.058566 0.522279 -0.000000
v 0.055343 0.522279 -0.019684
v 0.045672 0.522279 -0.037403
v 0.047516 0.525947 0.038599
v 0.057679 0.525947 0.020286
v 0.061066 0.525947 -0.000000
v 0.057679 0.525947 -0.020286
v 0.047516 0.525947 -0.038599
v 0.049360 0.529615 0.039795
v 0.060015 0.529615 0.020888
v 0.063566 0.529615 -0.000000
v 0.060015 0.529615 -0.020888
v 0.049360 0.529615 -0.039795
v 0.051015 0.533283 0.041064
v 0.062048 0.533283 0.021548
v 0.065725 0.533283 -0.000000
v 0.062048 0.533283 -0.021548
v 0.051015 0.533283 -0.041064
v 0.051934 0.540395 0.042082
v 0.063076 0.540395 0.022107
v 0.066790 0.540395 -0.000000
v 0.063076 0.540395 -0.022107
v 0.051934 0.540395 -0.042082
v 0.051471 0.543839 0.041726
v 0.062506 0.543839 0.021922
v 0.066185 0.543839 -0.000000
v 0.062506 0.543839 -0.021922
v 0.051471 0.543839 -0.041726
v 0.050954 0.547283 0.041391
v 0.061852 0.547283 0.021754
v 0.065484 0.547283 -0.000000
v 0.061852 0.547283 -0.021754
v 0.050954 0.547283 -0.041391
v 0.050438 0.550727 0.041056
v 0.061198 0.550727 0.021585
v 0.064784 0.550727 -0.000000
v 0.061198 0.550727 -0.021585
v 0.050438 0.550727 -0.041056
v 0.049974 0.554170 0.040701
v 0.060628 0.554170 0.021400
v 0.064179 0.554170 -0.000000
v 0.060628 0.554170 -0.021400
v 0.049974 0.554170 -0.040701
v 0.047083 0.564071 0.037498
v 0.057394 0.564071 0.019641
v 0.060832 0.564071 -0.000000
v 0.057394 0.564071 -0.019642
v 0.047083 0.564071 -0.037498
v 0.043799 0.570528 0.034980
v 0.053360 0.570528 0.018331
v 0.056547 0.570528 -0.000000
v 0.053360 0.570528 -0.018331
v 0.043799 0.570528 -0.034980
v 0.040140 0.576985 0.032607
v 0.048725 0.576985 0.017137
v 0.051587 0.576985 -0.000000
v 0.048725 0.576985 -0.017137
v 0.040140 0.576985 -0.032607
v 0.036481 0.583442 0.030234
v 0.044090 0.583442 0.015943
v 0.046627 0.583442 -0.000000
v 0.044090 0.583442 -0.015943
v 0.036481 0.583442 -0.030234
v 0.033197 0.589900 0.027716
v 0.040056 0.589900 0.014633
v 0.042342 0.589900 -0.000000
v 0.040056 0.589900 -0.014633
v 0.033197 0.589900 -0.027716
v 0.028399 0.602909 0.022400
v 0.034689 0.602909 0.011713
v 0.036785 0.602909 -0.000000
v 0.034689 0.602909 -0.011713
v 0.028399 0.602909 -0.022400
v 0.025463 0.609462 0.020149
v 0.031082 0.609462 0.010542
v 0.032955 0.609462 -0.000000
v 0.031082 0.609462 -0.010542
v 0.025463 0.609462 -0.020149
v 0.022191 0.616015 0.018027
v 0.026938 0.616015 0.009474
v 0.028520 0.616015 -0.000000
v 0.026937 0.616015 -0.009474
v 0.022191 0.616015 -0.018027
v 0.018920 0.622568 0.015905
v 0.022793 0.622568 0.008406
v 0.024085 0.622568 -0.000000
v 0.022793 0.622568 -0.008406
v 0.018920 0.622568 -0.015905
v 0.015984 0.629120 0.013653
v 0.019186 0.629120 0.007235
v 0.020254 0.629120 -0.000000
v 0.019186 0.629120 -0.007235
v 0.015984 0.629120 -0.013653
v 0.013748 0.637682 0.011177
v 0.016686 0.637682 0.005875
v 0.017665 0.637682 -0.000000
v 0.016686 0.637682 -0.005875
v 0.013748 0.637682 -0.011177
v 0.013787 0.639691 0.011207
v 0.016733 0.639691 0.005890
v 0.017716 0.639691 -0.000000
v 0.016733 0.639691 -0.005890
v 0.013787 0.639691 -0.011207
v 0.013830 0.641700 0.011234
v 0.016788 0.641700 0.005904
v 0.017774 0.641700 -0.000000
v 0.016788 0.641700 -0.005904
v 0.013830 0.641700 -0.011235
v 0.013873 0.643708 0.011262
v 0.016843 0.643708 0.005918
v 0.017832 0.643708 -0.000000
v 0.016842 0.643708 -0.005919
v 0.013873 0.643708 -0.011262
v 0.013912 0.645717 0.011292
v 0.016890 0.645717 0.005934
v 0.017883 0.645717 -0.000000
v 0.016890 0.645717 -0.005934
v 0.013912 0.645717 -0.011292
v 0.015462 0.649735 0.013009
v 0.018623 0.649735 0.006877
v 0.019677 0.649735 -0.000000
v 0.018623 0.649735 -0.006877
v 0.015462 0.649735 -0.013009
v 0.017432 0.651744 0.014520
v 0.021044 0.651744 0.007663
v 0.022248 0.651744 -0.000000
v 0.021044 0.651744 -0.007663
v 0.017432 0.651744 -0.014520
v 0.019627 0.653753 0.015944
v 0.023825 0.653753 0.008379
v 0.025224 0.653753 -0.000000
v 0.023825 0.653753 -0.008379
v 0.019627 0.653753 -0.015944
v 0.021823 0.655762 0.017368
v 0.026606 0.655762 0.009096
v 0.028200 0.655762 -0.000000
v 0.026606 0.655762 -0.009096
v 0.021823 0.655762 -0.017368
v 0.023793 0.657771 0.018878
v 0.029027 0.657771 0.009882
v 0.030771 0.657771 -0.000000
v 0.029027 0.657771 -0.009882
v 0.023793 0.657771 -0.018878
v 0.025313 0.660927 0.020562
v 0.030727 0.660927 0.010807
v 0.032531 0.660927 -0.000000
v 0.030727 0.660927 -0.010807
v 0.025313 0.660927 -0.020562
v 0.025313 0.662075 0.020562
v 0.030727 0.662075 0.010807
v 0.032531 0.662075 -0.000000
v 0.030727 0.662075 -0.010807
v 0.025313 0.662075 -0.020562
v 0.025313 0.663223 0.020562
v 0.030727 0.663223 0.010807
v 0.032531 0.663223 -0.000000
v 0.030727 0.663223 -0.010807
v 0.025313 0.663223 -0.020562
v 0.025313 0.664371 0.020562
v 0.030727 0.664371 0.010807
v 0.032531 0.664371 -0.000000
v 0.030727 0.664371 -0.010807
v 0.025313 0.664371 -0.020562
v 0.025313 0.665519 0.020562
v 0.030727 0.665519 0.010807
v 0.032531 0.665519 -0.000000
v 0.030727 0.665519 -0.010807
v 0.025313 0.665519 -0.020562
v 0.023763 0.668197 0.018845
v 0.028993 0.668197 0.009864
v 0.030737 0.668197 -0.000000
v 0.028993 0.668198 -0.009864
v 0.023763 0.668197 -0.018845
v 0.021754 0.669728 0.017305
v 0.026525 0.669728 0.009063
v 0.028115 0.669728 -0.000000
v 0.026525 0.669728 -0.009063
v 0.021754 0.669728 -0.017305
v 0.019516 0.671259 0.015853
v 0.023690 0.671259 0.008332
v 0.025081 0.671259 -0.000000
v 0.023690 0.671259 -0.008332
v 0.019516 0.671259 -0.015853
v 0.017277 0.672789 0.014401
v 0.020854 0.672789 0.007601
v 0.022046 0.672789 -0.000000
v 0.020854 0.672789 -0.007601
v 0.017277 0.672789 -0.014401
v 0.015268 0.674320 0.012861
v 0.018386 0.674320 0.006800
v 0.019425 0.674320 -0.000000
v 0.018386 0.674320 -0.006800
v 0.015268 0.674320 -0.012861
v 0.011960 0.676281 0.009196
v 0.014686 0.676281 0.004787
v 0.015594 0.676281 -0.000000
v 0.014686 0.676281 -0.004787
v 0.011960 0.676281 -0.009196
v 0.009681 0.676711 0.007448
v 0.011886 0.676711 0.003878
v 0.012620 0.676711 -0.000000
v 0.011886 0.676711 -0.003878
v 0.009681 0.676711 -0.007448
v 0.007141 0.677142 0.005801
v 0.008668 0.677142 0.003049
v 0.009177 0.677142 -0.000000
v 0.008668 0.677142 -0.003049
v 0.007141 0.677142 -0.005801
v 0.004601 0.677572 0.004153
v 0.005451 0.677572 0.002220
v 0.005734 0.677572 -0.000000
v 0.005451 0.677572 -0.002220
v 0.004601 0.677572 -0.004154
v 0.002322 0.678003 0.002406
v 0.002651 0.678003 0.001310
v 0.002760 0.678003 -0.000000
v 0.002651 0.678003 -0.001310
v 0.002322 0.678003 -0.002406
v 0.005095 0.169786 -0.015743
v -0.000359 0.169786 -0.014112
v -0.006419 0.169786 -0.011118
v -0.012041 0.169786 -0.007367
v -0.016181 0.169786 -0.003460
v 0.007451 0.169786 -0.033698
v -0.004222 0.169786 -0.032269
v -0.015795 0.169786 -0.027358
v -0.025835 0.169786 -0.019791
v -0.032909 0.169786 -0.010396
v 0.008439 0.169786 -0.052760
v -0.009837 0.169786 -0.052450
v -0.026649 0.169786 -0.046158
v -0.040504 0.169786 -0.034744
v -0.049911 0.169786 -0.019071
v 0.009428 0.169786 -0.071822
v -0.015452 0.169786 -0.072631
v -0.037503 0.169786 -0.064957
v -0.055174 0.169786 -0.049698
v -0.066913 0.169786 -0.027747
v 0.011784 0.169786 -0.089778
v -0.019315 0.169786 -0.090788
v -0.046879 0.169786 -0.081197
v -0.068967 0.169786 -0.062122
v -0.083642 0.169786 -0.034683
v 0.016879 0.174186 -0.105520
v -0.019675 0.174186 -0.104900
v -0.053298 0.174186 -0.092315
v -0.081008 0.174186 -0.069489
v -0.099822 0.174186 -0.038143
v 0.016879 0.178586 -0.105520
v -0.019675 0.178586 -0.104900
v -0.053298 0.178586 -0.092315
v -0.081008 0.178586 -0.069489
v -0.099822 0.178586 -0.038143
v 0.016879 0.182987 -0.105520
v -0.019675 0.182987 -0.104900
v -0.053298 0.182987 -0.092315
v -0.081008 0.182987 -0.069489
v -0.099822 0.182987 -0.038143
v 0.016879 0.187387 -0.105520
v -0.019675 0.187387 -0.104900
v -0.053298 0.187387 -0.092315
v -0.081008 0.187387 -0.069489
v -0.099822 0.187387 -0.038143
v 0.016879 0.191787 -0.105520
v -0.019675 0.191787 -0.104900
v -0.053298 0.191787 -0.092315
v -0.081008 0.191787 -0.069489
v -0.099822 0.191787 -0.038143
v 0.015961 0.196762 -0.102685
v -0.019610 0.196762 -0.102358
v -0.052142 0.196762 -0.090313
v -0.078840 0.196762 -0.068162
v -0.096908 0.196762 -0.037520
v 0.015537 0.197336 -0.099451
v -0.018914 0.197336 -0.099088
v -0.050453 0.197336 -0.087388
v -0.076355 0.197336 -0.065924
v -0.093895 0.197336 -0.036270
v 0.015359 0.197910 -0.096018
v -0.017903 0.197910 -0.095453
v -0.048498 0.197910 -0.084002
v -0.073713 0.197910 -0.063231
v -0.090833 0.197910 -0.034708
v 0.015181 0.198484 -0.092585
v -0.016891 0.198484 -0.091818
v -0.046543 0.198484 -0.080616
v -0.071071 0.198484 -0.060538
v -0.087771 0.198484 -0.033145
v 0.014756 0.199058 -0.089351
v -0.016196 0.199058 -0.088548
v -0.044855 0.199058 -0.077691
v -0.068587 0.199058 -0.058300
v -0.084758 0.199058 -0.031896
v 0.014633 0.201880 -0.088970
v -0.016187 0.201880 -0.088207
v -0.044700 0.201880 -0.077422
v -0.068296 0.201880 -0.058122
v -0.084367 0.201880 -0.031812
v 0.015001 0.204128 -0.091769
v -0.016789 0.204128 -0.091038
v -0.046161 0.204128 -0.079954
v -0.070446 0.204128 -0.060059
v -0.086975 0.204128 -0.032894
v 0.015155 0.206376 -0.094741
v -0.017665 0.206376 -0.094184
v -0.047854 0.206376 -0.082885
v -0.072733 0.206376 -0.062390
v -0.089626 0.206376 -0.034247
v 0.015309 0.208624 -0.097713
v -0.018540 0.208624 -0.097331
v -0.049546 0.208624 -0.085816
v -0.075021 0.208624 -0.064722
v -0.092276 0.208624 -0.035599
v 0.015676 0.210872 -0.100513
v -0.019143 0.210872 -0.100162
v -0.051008 0.210872 -0.088348
v -0.077171 0.210872 -0.066659
v -0.094885 0.210872 -0.036681
v 0.016553 0.215942 -0.103221
v -0.019204 0.215942 -0.102590
v -0.052112 0.215942 -0.090261
v -0.079243 0.215942 -0.067926
v -0.097668 0.215942 -0.037276
v 0.016591 0.218764 -0.103511
v -0.019267 0.218764 -0.102882
v -0.052263 0.218764 -0.090523
v -0.079465 0.218764 -0.068127
v -0.097938 0.218764 -0.037388
v 0.016607 0.221586 -0.103818
v -0.019357 0.221586 -0.103208
v -0.052438 0.221586 -0.090826
v -0.079702 0.221586 -0.068368
v -0.098212 0.221586 -0.037528
v 0.016622 0.224408 -0.104126
v -0.019448 0.224408 -0.103533
v -0.052613 0.224408 -0.091129
v -0.079939 0.224408 -0.068609
v -0.098487 0.224408 -0.037668
v 0.016660 0.227230 -0.104415
v -0.019510 0.227230 -0.103826
v -0.052765 0.227230 -0.091391
v -0.080161 0.227230 -0.068809
v -0.098756 0.227230 -0.037779
v 0.016291 0.233161 -0.103273
v -0.019484 0.233161 -0.102802
v -0.052299 0.233161 -0.090584
v -0.079287 0.233161 -0.068275
v -0.097582 0.233161 -0.037528
v 0.016082 0.236270 -0.101680
v -0.019141 0.236270 -0.101191
v -0.051467 0.236270 -0.089144
v -0.078063 0.236270 -0.067173
v -0.096098 0.236270 -0.036913
v 0.015994 0.239378 -0.099989
v -0.018643 0.239378 -0.099401
v -0.050504 0.239378 -0.087476
v -0.076762 0.239378 -0.065846
v -0.094590 0.239378 -0.036143
v 0.015906 0.242487 -0.098298
v -0.018145 0.242487 -0.097611
v -0.049541 0.242487 -0.085808
v -0.075461 0.242487 -0.064520
v -0.093082 0.242487 -0.035374
v 0.015697 0.245596 -0.096705
v -0.017802 0.245596 -0.096000
v -0.048710 0.245596 -0.084368
v -0.074237 0.245596 -0.063417
v -0.091598 0.245596 -0.034759
v 0.013848 0.253249 -0.090992
v -0.017672 0.253249 -0.090879
v -0.046380 0.253249 -0.080333
v -0.069867 0.253249 -0.060744
v -0.085726 0.253249 -0.033503
v 0.013202 0.257793 -0.086069
v -0.016613 0.257793 -0.085900
v -0.043809 0.257793 -0.075880
v -0.066085 0.257793 -0.057337
v -0.081139 0.257793 -0.031601
v 0.012931 0.262337 -0.080842
v -0.015073 0.262337 -0.080367
v -0.040833 0.262337 -0.070725
v -0.062063 0.262337 -0.053237
v -0.076477 0.262337 -0.029222
v 0.012660 0.266881 -0.075616
v -0.013534 0.266881 -0.074833
v -0.037857 0.266881 -0.065571
v -0.058041 0.266881 -0.049137
v -0.071815 0.266881 -0.026844
v 0.012014 0.271425 -0.070692
v -0.012474 0.271425 -0.069855
v -0.035286 0.271425 -0.061118
v -0.054259 0.271425 -0.045731
v -0.067228 0.271425 -0.024942
v 0.010604 0.277356 -0.066333
v -0.012375 0.277356 -0.065947
v -0.033509 0.277356 -0.058039
v -0.050925 0.277356 -0.043691
v -0.062748 0.277356 -0.023984
v 0.010597 0.278743 -0.066285
v -0.012365 0.278743 -0.065899
v -0.033484 0.278743 -0.057996
v -0.050887 0.278743 -0.043657
v -0.062703 0.278743 -0.023965
v 0.010595 0.280130 -0.066234
v -0.012349 0.280130 -0.065844
v -0.033455 0.280130 -0.057945
v -0.050848 0.280130 -0.043617
v -0.062657 0.280130 -0.023942
v 0.010592 0.281517 -0.066183
v -0.012334 0.281517 -0.065790
v -0.033425 0.281517 -0.057895
v -0.050809 0.281517 -0.043577
v -0.062612 0.281517 -0.023919
v 0.010586 0.282904 -0.066134
v -0.012324 0.282904 -0.065741
v -0.033400 0.282904 -0.057851
v -0.050772 0.282904 -0.043544
v -0.062567 0.282904 -0.023900
v 0.011243 0.285774 -0.068166
v -0.012370 0.285774 -0.067562
v -0.034228 0.285774 -0.059286
v -0.052325 0.285774 -0.044494
v -0.064655 0.285774 -0.024346
v 0.011553 0.287256 -0.070531
v -0.012879 0.287256 -0.069954
v -0.035463 0.287256 -0.061425
v -0.054142 0.287256 -0.046131
v -0.066858 0.287256 -0.025260
v 0.011684 0.288739 -0.073042
v -0.013619 0.288739 -0.072612
v -0.036893 0.288739 -0.063901
v -0.056074 0.288739 -0.048100
v -0.069098 0.288739 -0.026403
v 0.011814 0.290222 -0.075552
v -0.014358 0.290222 -0.075270
v -0.038323 0.290222 -0.066377
v -0.058007 0.290222 -0.050070
v -0.071337 0.290222 -0.027545
v 0.012124 0.291705 -0.077918
v -0.014867 0.291705 -0.077662
v -0.039558 0.291705 -0.068516
v -0.059824 0.291705 -0.051707
v -0.073541 0.291705 -0.028459
v 0.012398 0.294335 -0.078764
v -0.014887 0.294335 -0.078421
v -0.039903 0.294335 -0.069114
v -0.060471 0.294335 -0.052103
v -0.074410 0.294335 -0.028645
v 0.012214 0.295483 -0.077364
v -0.014585 0.295483 -0.077005
v -0.039172 0.295483 -0.067848
v -0.059396 0.295483 -0.051134
v -0.073106 0.295483 -0.028104
v 0.012137 0.296631 -0.075878
v -0.014148 0.296631 -0.075432
v -0.038326 0.296631 -0.066383
v -0.058252 0.296631 -0.049968
v -0.071781 0.296631 -0.027428
v 0.012060 0.297779 -0.074392
v -0.013710 0.297779 -0.073859
v -0.037480 0.297779 -0.064917
v -0.057108 0.297779 -0.048803
v -0.070455 0.297779 -0.026752
v 0.011877 0.298927 -0.072992
v -0.013409 0.298927 -0.072443
v -0.036749 0.298927 -0.063651
v -0.056033 0.298927 -0.047834
v -0.069151 0.298927 -0.026211
v 0.010932 0.300505 -0.070072
v -0.013342 0.300505 -0.069826
v -0.035558 0.300505 -0.061589
v -0.053800 0.300505 -0.046468
v -0.066150 0.300505 -0.025569
v 0.010678 0.300936 -0.068142
v -0.012927 0.300936 -0.067873
v -0.034550 0.300936 -0.059843
v -0.052317 0.300936 -0.045132
v -0.064351 0.300936 -0.024823
v 0.010572 0.301366 -0.066092
v -0.012323 0.301366 -0.065703
v -0.033383 0.301366 -0.057821
v -0.050739 0.301366 -0.043524
v -0.062523 0.301366 -0.023891
v 0.010466 0.301797 -0.064042
v -0.011719 0.301797 -0.063533
v -0.032216 0.301797 -0.055800
v -0.049162 0.301797 -0.041916
v -0.060695 0.301797 -0.022958
v 0.010212 0.302227 -0.062112
v -0.011304 0.302227 -0.061581
v -0.031208 0.302227 -0.054053
v -0.047679 0.302227 -0.040580
v -0.058896 0.302227 -0.022212
v 0.008583 0.309210 -0.057076
v -0.011189 0.309210 -0.057067
v -0.029154 0.309210 -0.050497
v -0.043827 0.309210 -0.038223
v -0.053720 0.309210 -0.021105
v 0.008082 0.315763 -0.053263
v -0.010369 0.315763 -0.053211
v -0.027163 0.315763 -0.047048
v -0.040897 0.315763 -0.035585
v -0.050168 0.315763 -0.019632
v 0.007872 0.322316 -0.049214
v -0.009176 0.322316 -0.048925
v -0.024858 0.322316 -0.043056
v -0.037782 0.322316 -0.032409
v -0.046557 0.322316 -0.017790
v 0.007662 0.328869 -0.045166
v -0.007984 0.328869 -0.044639
v -0.022553 0.328869 -0.039063
v -0.034667 0.328869 -0.029234
v -0.042946 0.328869 -0.015947
v 0.007162 0.335421 -0.041353
v -0.007163 0.335421 -0.040783
v -0.020562 0.335421 -0.035614
v -0.031738 0.335421 -0.026595
v -0.039394 0.335421 -0.014474
v 0.005651 0.350044 -0.036685
v -0.007057 0.350044 -0.036599
v -0.018658 0.350044 -0.032318
v -0.028167 0.350044 -0.024411
v -0.034596 0.350044 -0.013448
v 0.005453 0.358114 -0.035174
v -0.006732 0.358114 -0.035071
v -0.017869 0.358114 -0.030951
v -0.027006 0.358114 -0.023365
v -0.033188 0.358114 -0.012865
v 0.005370 0.366184 -0.033569
v -0.006259 0.366184 -0.033372
v -0.016956 0.366184 -0.029368
v -0.025771 0.366184 -0.022107
v -0.031757 0.366184 -0.012134
v 0.005287 0.374253 -0.031965
v -0.005786 0.374253 -0.031673
v -0.016042 0.374253 -0.027786
v -0.024537 0.374253 -0.020848
v -0.030326 0.374253 -0.011404
v 0.005088 0.382323 -0.030454
v -0.005461 0.382323 -0.030145
v -0.015253 0.382323 -0.026419
v -0.023376 0.382323 -0.019802
v -0.028918 0.382323 -0.010820
v 0.004879 0.397568 -0.029806
v -0.005447 0.397568 -0.029564
v -0.014989 0.397568 -0.025962
v -0.022880 0.397568 -0.019499
v -0.028252 0.397568 -0.010678
v 0.004980 0.404742 -0.030578
v -0.005613 0.404742 -0.030345
v -0.015392 0.404742 -0.026660
v -0.023473 0.404742 -0.020034
v -0.028971 0.404742 -0.010976
v 0.005022 0.411917 -0.031398
v -0.005854 0.411917 -0.031213
v -0.015859 0.411917 -0.027469
v -0.024104 0.411917 -0.020677
v -0.029703 0.411917 -0.011350
v 0.005065 0.419091 -0.032218
v -0.006096 0.419091 -0.032081
v -0.016326 0.419091 -0.028277
v -0.024735 0.419091 -0.021320
v -0.030434 0.419091 -0.011723
v 0.005166 0.426266 -0.032990
v -0.006262 0.426266 -0.032862
v -0.016729 0.426266 -0.028976
v -0.025329 0.426266 -0.021854
v -0.031153 0.426266 -0.012021
v 0.006700 0.433297 -0.037730
v -0.006370 0.433297 -0.037111
v -0.018662 0.433297 -0.032323
v -0.028954 0.433297 -0.024072
v -0.036025 0.433297 -0.013063
v 0.007308 0.433153 -0.042364
v -0.007367 0.433153 -0.041797
v -0.021081 0.433153 -0.036514
v -0.032514 0.433153 -0.027278
v -0.040342 0.433153 -0.014853
v 0.007563 0.433010 -0.047283
v -0.008816 0.433010 -0.047005
v -0.023882 0.433010 -0.041366
v -0.036299 0.433010 -0.031137
v -0.044730 0.433010 -0.017091
v 0.007818 0.432866 -0.052202
v -0.010265 0.432866 -0.052213
v -0.026683 0.432866 -0.046217
v -0.040085 0.432866 -0.034996
v -0.049117 0.432866 -0.019330
v 0.008426 0.432723 -0.056836
v -0.011262 0.432723 -0.056899
v -0.029103 0.432723 -0.050408
v -0.043644 0.432723 -0.038203
v -0.053434 0.432723 -0.021120
v 0.010138 0.433727 -0.062126
v -0.011383 0.433727 -0.061640
v -0.031260 0.433727 -0.054144
v -0.047691 0.433727 -0.040678
v -0.058871 0.433727 -0.022283
v 0.010322 0.434875 -0.063525
v -0.011684 0.434875 -0.063056
v -0.031991 0.434875 -0.055410
v -0.048766 0.434875 -0.041646
v -0.060175 0.434875 -0.022824
v 0.010399 0.436023 -0.065011
v -0.012122 0.436023 -0.064629
v -0.032837 0.436023 -0.056876
v -0.049910 0.436023 -0.042812
v -0.061501 0.436023 -0.023500
v 0.010476 0.437171 -0.066497
v -0.012559 0.437171 -0.066202
v -0.033683 0.437171 -0.058341
v -0.051053 0.437171 -0.043978
v -0.062826 0.437171 -0.024176
v 0.010660 0.438319 -0.067897
v -0.012860 0.438319 -0.067618
v -0.034414 0.438319 -0.059607
v -0.052128 0.438319 -0.044946
v -0.064130 0.438319 -0.024717
v 0.011084 0.440950 -0.069209
v -0.012890 0.440950 -0.068794
v -0.034949 0.440950 -0.060534
v -0.053132 0.440950 -0.045560
v -0.065479 0.440950 -0.025005
v 0.011097 0.442432 -0.069306
v -0.012911 0.442432 -0.068891
v -0.034999 0.442432 -0.060621
v -0.053206 0.442432 -0.045627
v -0.065569 0.442432 -0.025043
v 0.011102 0.443915 -0.069408
v -0.012941 0.443915 -0.069000
v -0.035058 0.443915 -0.060722
v -0.053285 0.443915 -0.045708
v -0.065660 0.443915 -0.025089
v 0.011108 0.445398 -0.069511
v -0.012972 0.445398 -0.069108
v -0.035116 0.445398 -0.060823
v -0.053364 0.445398 -0.045788
v -0.065752 0.445398 -0.025136
v 0.011120 0.446880 -0.069607
v -0.012992 0.446880 -0.069206
v -0.035167 0.446880 -0.060910
v -0.053438 0.446880 -0.045855
v -0.065841 0.446880 -0.025173
v 0.010751 0.449798 -0.068464
v -0.012966 0.449798 -0.068182
v -0.034701 0.449798 -0.060103
v -0.052564 0.449798 -0.045320
v -0.064667 0.449798 -0.024922
v 0.010567 0.451233 -0.067065
v -0.012665 0.451233 -0.066766
v -0.033970 0.451233 -0.058837
v -0.051489 0.451233 -0.044351
v -0.063363 0.451233 -0.024381
v 0.010490 0.452668 -0.065579
v -0.012227 0.452668 -0.065193
v -0.033124 0.452668 -0.057372
v -0.050345 0.452668 -0.043186
v -0.062038 0.452668 -0.023705
v 0.010413 0.454103 -0.064093
v -0.011790 0.454103 -0.063620
v -0.032277 0.454103 -0.055906
v -0.049201 0.454103 -0.042020
v -0.060712 0.454103 -0.023029
v 0.010229 0.455538 -0.062693
v -0.011488 0.455538 -0.062204
v -0.031547 0.455538 -0.054640
v -0.048126 0.455538 -0.041051
v -0.059408 0.455538 -0.022488
v 0.009435 0.457116 -0.060238
v -0.011432 0.457116 -0.060004
v -0.030546 0.457116 -0.052907
v -0.046249 0.457116 -0.039903
v -0.056885 0.457116 -0.021949
v 0.009251 0.457260 -0.058839
v -0.011131 0.457260 -0.058589
v -0.029815 0.457260 -0.051641
v -0.045173 0.457260 -0.038934
v -0.055581 0.457260 -0.021408
v 0.009174 0.457403 -0.057353
v -0.010694 0.457403 -0.057015
v -0.028969 0.457403 -0.050175
v -0.044030 0.457403 -0.037769
v -0.054256 0.457403 -0.020731
v 0.009097 0.457547 -0.055867
v -0.010256 0.457547 -0.055442
v -0.028123 0.457547 -0.048710
v -0.042886 0.457547 -0.036603
v -0.052930 0.457547 -0.020055
v 0.008913 0.457690 -0.054467
v -0.009955 0.457690 -0.054027
v -0.027392 0.457690 -0.047444
v -0.041811 0.457690 -0.035634
v -0.051626 0.457690 -0.019514
v 0.008858 0.458838 -0.054298
v -0.009951 0.458838 -0.053875
v -0.027323 0.458838 -0.047324
v -0.041682 0.458838 -0.035555
v -0.051452 0.458838 -0.019477
v 0.009017 0.459842 -0.055504
v -0.010210 0.459842 -0.055095
v -0.027953 0.459842 -0.048416
v -0.042608 0.459842 -0.036390
v -0.052576 0.459842 -0.019943
v 0.009083 0.460847 -0.056785
v -0.010588 0.460847 -0.056451
v -0.028682 0.460847 -0.049679
v -0.043594 0.460847 -0.037395
v -0.053719 0.460847 -0.020526
v 0.009150 0.461851 -0.058066
v -0.010965 0.461851 -0.057808
v -0.029412 0.461851 -0.050942
v -0.044580 0.461851 -0.038400
v -0.054862 0.461851 -0.021109
v 0.009308 0.462856 -0.059273
v -0.011225 0.462856 -0.059028
v -0.030042 0.462856 -0.052034
v -0.045507 0.462856 -0.039235
v -0.055986 0.462856 -0.021576
v 0.009335 0.465008 -0.059358
v -0.011227 0.465008 -0.059104
v -0.030076 0.465008 -0.052094
v -0.045572 0.465008 -0.039275
v -0.056073 0.465008 -0.021594
v 0.009190 0.466156 -0.058248
v -0.010988 0.466156 -0.057981
v -0.029496 0.466156 -0.051090
v -0.044719 0.466156 -0.038506
v -0.055039 0.466156 -0.021165
v 0.009129 0.467304 -0.057069
v -0.010641 0.467304 -0.056733
v -0.028825 0.467304 -0.049927
v -0.043812 0.467304 -0.037582
v -0.053987 0.467304 -0.020629
v 0.009068 0.468452 -0.055890
v -0.010293 0.468452 -0.055486
v -0.028154 0.468452 -0.048765
v -0.042905 0.468452 -0.036657
v -0.052936 0.468452 -0.020093
v 0.008922 0.469600 -0.054780
v -0.010055 0.469600 -0.054363
v -0.027575 0.469600 -0.047761
v -0.042052 0.469600 -0.035889
v -0.051902 0.469600 -0.019664
v 0.007826 0.471417 -0.051395
v -0.009977 0.471417 -0.051328
v -0.026194 0.471417 -0.045370
v -0.039463 0.471417 -0.034305
v -0.048422 0.471417 -0.018920
v 0.007465 0.472087 -0.048643
v -0.009385 0.472087 -0.048546
v -0.024758 0.472087 -0.042881
v -0.037349 0.472087 -0.032401
v -0.045859 0.472087 -0.017857
v 0.007314 0.472757 -0.045723
v -0.008525 0.472757 -0.045454
v -0.023094 0.472757 -0.040001
v -0.035102 0.472757 -0.030110
v -0.043254 0.472757 -0.016528
v 0.007162 0.473426 -0.042802
v -0.007665 0.473426 -0.042362
v -0.021431 0.473426 -0.037120
v -0.032854 0.473426 -0.027819
v -0.040649 0.473426 -0.015198
v 0.006801 0.474096 -0.040051
v -0.007073 0.474096 -0.039579
v -0.019995 0.474096 -0.034632
v -0.030740 0.474096 -0.025915
v -0.038085 0.474096 -0.014135
v 0.006021 0.477683 -0.037638
v -0.007018 0.477683 -0.037417
v -0.019011 0.477683 -0.032928
v -0.028895 0.477683 -0.024786
v -0.035606 0.477683 -0.013605
v 0.006021 0.480601 -0.037638
v -0.007018 0.480601 -0.037417
v -0.019011 0.480601 -0.032928
v -0.028895 0.480601 -0.024786
v -0.035606 0.480601 -0.013605
v 0.006021 0.483518 -0.037638
v -0.007018 0.483518 -0.037417
v -0.019011 0.483518 -0.032928
v -0.028895 0.483518 -0.024786
v -0.035606 0.483518 -0.013605
v 0.006021 0.486436 -0.037638
v -0.007018 0.486436 -0.037417
v -0.019011 0.486436 -0.032928
v -0.028895 0.486436 -0.024786
v -0.035606 0.486436 -0.013605
v 0.006021 0.489354 -0.037638
v -0.007018 0.489354 -0.037417
v -0.019011 0.489354 -0.032928
v -0.028895 0.489354 -0.024786
v -0.035606 0.489354 -0.013605
v 0.006459 0.492893 -0.038993
v -0.007049 0.492893 -0.038631
v -0.019563 0.492893 -0.033885
v -0.029931 0.492893 -0.025420
v -0.036998 0.492893 -0.013903
v 0.006662 0.493515 -0.040537
v -0.007381 0.493515 -0.040193
v -0.020370 0.493515 -0.035282
v -0.031118 0.493515 -0.026489
v -0.038437 0.493515 -0.014500
v 0.006747 0.494137 -0.042177
v -0.007864 0.494137 -0.041929
v -0.021303 0.494137 -0.036899
v -0.032379 0.494137 -0.027775
v -0.039899 0.494137 -0.015246
v 0.006832 0.494758 -0.043817
v -0.008347 0.494758 -0.043665
v -0.022237 0.494758 -0.038516
v -0.033641 0.494758 -0.029061
v -0.041362 0.494758 -0.015992
v 0.007034 0.495380 -0.045361
v -0.008679 0.495380 -0.045227
v -0.023044 0.495380 -0.039913
v -0.034828 0.495380 -0.030130
v -0.042801 0.495380 -0.016589
v 0.007089 0.497054 -0.045531
v -0.008683 0.497054 -0.045379
v -0.023113 0.497054 -0.040032
v -0.034957 0.497054 -0.030209
v -0.042975 0.497054 -0.016626
v 0.006912 0.498107 -0.044179
v -0.008392 0.498107 -0.044012
v -0.022407 0.498107 -0.038810
v -0.033919 0.498107 -0.029274
v -0.041716 0.498107 -0.016104
v 0.006837 0.499159 -0.042744
v -0.007970 0.499159 -0.042493
v -0.021590 0.499159 -0.037395
v -0.032815 0.499159 -0.028149
v -0.040436 0.499159 -0.015451
v 0.006763 0.500211 -0.041310
v -0.007547 0.500211 -0.040974
v -0.020773 0.500211 -0.035980
v -0.031711 0.500211 -0.027023
v -0.039156 0.500211 -0.014798
v 0.006586 0.501263 -0.039958
v -0.007256 0.501263 -0.039607
v -0.020067 0.501263 -0.034758
v -0.030673 0.501263 -0.026088
v -0.037897 0.501263 -0.014276
v 0.006955 0.504420 -0.041101
v -0.007282 0.504420 -0.040631
v -0.020533 0.504420 -0.035565
v -0.031547 0.504420 -0.026623
v -0.039072 0.504420 -0.014527
v 0.007304 0.506525 -0.043755
v -0.007854 0.506525 -0.043316
v -0.021919 0.506525 -0.037966
v -0.033586 0.506525 -0.028459
v -0.041545 0.506525 -0.015553
v 0.007450 0.508629 -0.046574
v -0.008684 0.508629 -0.046300
v -0.023524 0.508629 -0.040745
v -0.035755 0.508629 -0.030670
v -0.044059 0.508629 -0.016835
v 0.007596 0.510734 -0.049392
v -0.009514 0.510734 -0.049284
v -0.025129 0.510734 -0.043525
v -0.037924 0.510734 -0.032881
v -0.046573 0.510734 -0.018118
v 0.007944 0.512838 -0.052047
v -0.010085 0.512838 -0.051968
v -0.026515 0.512838 -0.045926
v -0.039963 0.512838 -0.034718
v -0.049046 0.512838 -0.019143
v 0.009284 0.518611 -0.056187
v -0.010180 0.518611 -0.055679
v -0.028203 0.518611 -0.048850
v -0.043130 0.518611 -0.036656
v -0.053301 0.518611 -0.020053
v 0.009556 0.522279 -0.058255
v -0.010624 0.522279 -0.057770
v -0.029283 0.522279 -0.050720
v -0.044718 0.522279 -0.038086
v -0.055228 0.522279 -0.020852
v 0.009669 0.525947 -0.060450
v -0.011271 0.525947 -0.060094
v -0.030533 0.525947 -0.052885
v -0.046408 0.525947 -0.039808
v -0.057186 0.525947 -0.021851
v 0.009783 0.529615 -0.062645
v -0.011918 0.529615 -0.062418
v -0.031783 0.529615 -0.055050
v -0.048097 0.529615 -0.041530
v -0.059143 0.529615 -0.022850
v 0.010055 0.533283 -0.064712
v -0.012362 0.533283 -0.064509
v -0.032863 0.533283 -0.056920
v -0.049685 0.533283 -0.042961
v -0.061070 0.533283 -0.023649
v 0.010477 0.540395 -0.066017
v -0.012392 0.540395 -0.065679
v -0.033395 0.540395 -0.057841
v -0.050683 0.540395 -0.043571
v -0.062411 0.540395 -0.023935
v 0.010401 0.543839 -0.065438
v -0.012268 0.543839 -0.065093
v -0.033092 0.543839 -0.057317
v -0.050238 0.543839 -0.043171
v -0.061871 0.543839 -0.023712
v 0.010369 0.547283 -0.064823
v -0.012086 0.547283 -0.064442
v -0.032742 0.547283 -0.056711
v -0.049765 0.547283 -0.042688
v -0.061323 0.547283 -0.023432
v 0.010337 0.550727 -0.064208
v -0.011905 0.550727 -0.063791
v -0.032392 0.550727 -0.056105
v -0.049292 0.550727 -0.042206
v -0.060774 0.550727 -0.023152
v 0.010261 0.554170 -0.063629
v -0.011781 0.554170 -0.063205
v -0.032090 0.554170 -0.055581
v -0.048847 0.554170 -0.041805
v -0.060235 0.554170 -0.022928
v 0.008933 0.564071 -0.059524
v -0.011687 0.564071 -0.059526
v -0.030416 0.564071 -0.052682
v -0.045707 0.564071 -0.039884
v -0.056016 0.564071 -0.022026
v 0.008394 0.570528 -0.055421
v -0.010804 0.570528 -0.055377
v -0.028273 0.570528 -0.048971
v -0.042555 0.570528 -0.037045
v -0.052193 0.570528 -0.020441
v 0.008168 0.576985 -0.051066
v -0.009521 0.576985 -0.050766
v -0.025793 0.576985 -0.044675
v -0.039204 0.576985 -0.033629
v -0.048308 0.576985 -0.018459
v 0.007943 0.583442 -0.046710
v -0.008238 0.583442 -0.046154
v -0.023313 0.583442 -0.040380
v -0.035852 0.583442 -0.030212
v -0.044424 0.583442 -0.016477
v 0.007404 0.589900 -0.042608
v -0.007356 0.589900 -0.042006
v -0.021171 0.589900 -0.036669
v -0.032700 0.589900 -0.027373
v -0.040601 0.589900 -0.014892
v 0.005199 0.602909 -0.035794
v -0.007200 0.602909 -0.035898
v -0.018393 0.602909 -0.031857
v -0.027488 0.602909 -0.024185
v -0.033598 0.602909 -0.013394
v 0.004718 0.609462 -0.032126
v -0.006411 0.609462 -0.032188
v -0.016477 0.609462 -0.028539
v -0.024670 0.609462 -0.021646
v -0.030181 0.609462 -0.011977
v 0.004516 0.616015 -0.028232
v -0.005264 0.616015 -0.028066
v -0.014260 0.616015 -0.024699
v -0.021673 0.616015 -0.018591
v -0.026707 0.616015 -0.010205
v 0.004314 0.622568 -0.024337
v -0.004117 0.622568 -0.023943
v -0.012042 0.622568 -0.020858
v -0.018676 0.622568 -0.015536
v -0.023234 0.622568 -0.008433
v 0.003832 0.629120 -0.020669
v -0.003327 0.629120 -0.020233
v -0.010127 0.629120 -0.017540
v -0.015858 0.629120 -0.012998
v -0.019816 0.629120 -0.007015
v 0.002805 0.637682 -0.017495
v -0.003255 0.637682 -0.017388
v -0.008832 0.637682 -0.015298
v -0.013431 0.637682 -0.011513
v -0.016554 0.637682 -0.006318
v 0.002812 0.639691 -0.017543
v -0.003265 0.639691 -0.017437
v -0.008858 0.639691 -0.015342
v -0.013468 0.639691 -0.011546
v -0.016599 0.639691 -0.006337
v 0.002814 0.641700 -0.017594
v -0.003280 0.641700 -0.017491
v -0.008887 0.641700 -0.015393
v -0.013507 0.641700 -0.011586
v -0.016644 0.641700 -0.006360
v 0.002817 0.643708 -0.017646
v -0.003296 0.643708 -0.017545
v -0.008916 0.643708 -0.015443
v -0.013547 0.643708 -0.011627
v -0.016690 0.643708 -0.006383
v 0.002823 0.645717 -0.017694
v -0.003306 0.645717 -0.017594
v -0.008941 0.645717 -0.015487
v -0.013584 0.645717 -0.011660
v -0.016735 0.645717 -0.006402
v 0.003535 0.649735 -0.019895
v -0.003356 0.649735 -0.019567
v -0.009839 0.649735 -0.017041
v -0.015267 0.649735 -0.012690
v -0.018997 0.649735 -0.006885
v 0.003859 0.651744 -0.022356
v -0.003886 0.651744 -0.022056
v -0.011124 0.651744 -0.019267
v -0.017158 0.651744 -0.014393
v -0.021290 0.651744 -0.007836
v 0.003994 0.653753 -0.024969
v -0.004656 0.653753 -0.024823
v -0.012612 0.653753 -0.021845
v -0.019169 0.653753 -0.016443
v -0.023621 0.653753 -0.009026
v 0.004130 0.655762 -0.027583
v -0.005425 0.655762 -0.027589
v -0.014100 0.655762 -0.024422
v -0.021180 0.655762 -0.018493
v -0.025952 0.655762 -0.010215
v 0.004453 0.657771 -0.030044
v -0.005955 0.657771 -0.030079
v -0.015385 0.657771 -0.026648
v -0.023071 0.657771 -0.020197
v -0.028245 0.657771 -0.011166
v 0.005151 0.660927 -0.032203
v -0.006004 0.660927 -0.032013
v -0.016266 0.660927 -0.028173
v -0.024722 0.660927 -0.021207
v -0.030464 0.660927 -0.011640
v 0.005151 0.662075 -0.032203
v -0.006004 0.662075 -0.032013
v -0.016266 0.662075 -0.028173
v -0.024722 0.662075 -0.021207
v -0.030464 0.662075 -0.011640
v 0.005151 0.663223 -0.032203
v -0.006004 0.663223 -0.032013
v -0.016266 0.663223 -0.028173
v -0.024722 0.663223 -0.021207
v -0.030464 0.663223 -0.011640
v 0.005151 0.664371 -0.032203
v -0.006004 0.664371 -0.032013
v -0.016266 0.664371 -0.028173
v -0.024722 0.664371 -0.021207
v -0.030464 0.664371 -0.011640
v 0.005151 0.665519 -0.032203
v -0.006004 0.665519 -0.032013
v -0.016266 0.665519 -0.028173
v -0.024722 0.665519 -0.021207
v -0.030464 0.665519 -0.011640
v 0.004439 0.668197 -0.030002
v -0.005954 0.668197 -0.030041
v -0.015368 0.668197 -0.026619
v -0.023039 0.668198 -0.020177
v -0.028202 0.668197 -0.011157
v 0.004109 0.669728 -0.027492
v -0.005414 0.669728 -0.027503
v -0.014058 0.669728 -0.024349
v -0.021111 0.669728 -0.018440
v -0.025864 0.669728 -0.010187
v 0.003971 0.671259 -0.024828
v -0.004629 0.671259 -0.024682
v -0.012540 0.671259 -0.021721
v -0.019060 0.671259 -0.016350
v -0.023487 0.671259 -0.008975
v 0.003833 0.672789 -0.022163
v -0.003844 0.672789 -0.021861
v -0.011023 0.672789 -0.019093
v -0.017010 0.672789 -0.014260
v -0.021110 0.672789 -0.007762
v 0.003504 0.674320 -0.019653
v -0.003304 0.674320 -0.019323
v -0.009713 0.674320 -0.016823
v -0.015082 0.674320 -0.012523
v -0.018772 0.674320 -0.006792
v 0.001984 0.676281 -0.014956
v -0.003197 0.676281 -0.015112
v -0.007797 0.676281 -0.013505
v -0.011489 0.676281 -0.010325
v -0.013944 0.676281 -0.005760
v 0.001610 0.676711 -0.012108
v -0.002584 0.676711 -0.012232
v -0.006310 0.676711 -0.010929
v -0.009301 0.676711 -0.008354
v -0.011291 0.676711 -0.004660
v 0.001453 0.677142 -0.009085
v -0.001694 0.677142 -0.009031
v -0.004589 0.677142 -0.007948
v -0.006974 0.677142 -0.005983
v -0.008594 0.677142 -0.003284
v 0.001296 0.677572 -0.006061
v -0.000803 0.677572 -0.005831
v -0.002867 0.677572 -0.004966
v -0.004648 0.677572 -0.003611
v -0.005898 0.677572 -0.001908
v 0.000923 0.678003 -0.003214
v -0.000191 0.678003 -0.002951
v -0.001380 0.678003 -0.002391
v -0.002460 0.678003 -0.001640
v -0.003244 0.678003 -0.000808
vt 0.022015 0.055556
vt 0.022015 0.111111
vt 0.044031 0.111111
vt 0.044031 0.055556
vt 0.022015 0.166667
vt 0.044031 0.166667
vt 0.022015 0.222222
vt 0.044031 0.222222
vt 0.022015 0.277778
vt 0.044031 0.277778
vt 0.066046 0.111111
vt 0.066046 0.055556
vt 0.066046 0.166667
vt 0.066046 0.222222
vt 0.066046 0.277778
vt 0.088062 0.111111
vt 0.088062 0.055556
vt 0.088062 0.166667
vt 0.088062 0.222222
vt 0.088062 0.277778
vt 0.110077 0.111111
vt 0.110077 0.055556
vt 0.110077 0.166667
vt 0.110077 0.222222
vt 0.110077 0.277778
vt 0.000000 0.000000
vt 0.000000 0.055556
vt 0.022015 0.000000
vt 0.022015 0.333333
vt 0.000000 0.277778
vt 0.000000 0.333333
vt 0.132093 0.333333
vt 0.132093 0.277778
vt 0.110077 0.333333
vt 0.110077 0.000000
vt 0.132093 0.055556
vt 0.132093 0.000000
vt 0.000000 0.111111
vt 0.044031 0.333333
vt 0.132093 0.222222
vt 0.088062 0.000000
vt 0.000000 0.166667
vt 0.066046 0.333333
vt 0.132093 0.166667
vt 0.066046 0.000000
vt 0.000000 0.222222
vt 0.088062 0.333333
vt 0.132093 0.111111
vt 0.044031 0.000000
vt 0.137537 0.055556
vt 0.137537 0.111111
vt 0.142982 0.111111
vt 0.142982 0.055556
vt 0.137537 0.166667
vt 0.142982 0.166667
vt 0.137537 0.222222
vt 0.142982 0.222222
vt 0.137537 0.277778
vt 0.142982 0.277778
vt 0.148427 0.111111
vt 0.148427 0.055556
vt 0.148427 0.166667
vt 0.148427 0.222222
vt 0.148427 0.277778
vt 0.153872 0.111111
vt 0.153872 0.055556
vt 0.153872 0.166667
vt 0.153872 0.222222
vt 0.153872 0.277778
vt 0.159316 0.111111
vt 0.159316 0.055556
vt 0.159316 0.166667
vt 0.159316 0.222222
vt 0.159316 0.277778
vt 0.137537 0.000000
vt 0.137537 0.333333
vt 0.164761 0.333333
vt 0.164761 0.277778
vt 0.159316 0.333333
vt 0.159316 0.000000
vt 0.164761 0.055556
vt 0.164761 0.000000
vt 0.142982 0.333333
vt 0.164761 0.222222
vt 0.153872 0.000000
vt 0.148427 0.333333
vt 0.164761 0.166667
vt 0.148427 0.000000
vt 0.153872 0.333333
vt 0.164761 0.111111
vt 0.142982 0.000000
vt 0.168789 0.055556
vt 0.168789 0.111111
vt 0.172817 0.111111
vt 0.172817 0.055556
vt 0.168789 0.166667
vt 0.172817 0.166667
vt 0.168789 0.222222
vt 0.172817 0.222222
vt 0.168789 0.277778
vt 0.172817 0.277778
vt 0.176846 0.111111
vt 0.176846 0.055556
vt 0.176846 0.166667
vt 0.176846 0.222222
vt 0.176846 0.277778
vt 0.180874 0.111111
vt 0.180874 0.055556
vt 0.180874 0.166667
vt 0.180874 0.222222
vt 0.180874 0.277778
vt 0.184902 0.111111
vt 0.184902 0.055556
vt 0.184902 0.166667
vt 0.184902 0.222222
vt 0.184902 0.277778
vt 0.168789 0.000000
vt 0.168789 0.333333
vt 0.188930 0.333333
vt 0.188930 0.277778
vt 0.184902 0.333333
vt 0.184902 0.000000
vt 0.188930 0.055556
vt 0.188930 0.000000
vt 0.172817 0.333333
vt 0.188930 0.222222
vt 0.180874 0.000000
vt 0.176846 0.333333
vt 0.188930 0.166667
vt 0.176846 0.000000
vt 0.180874 0.333333
vt 0.188930 0.111111
vt 0.172817 0.000000
vt 0.193348 0.055556
vt 0.193348 0.111111
vt 0.197766 0.111111
vt 0.197766 0.055556
vt 0.193348 0.166667
vt 0.197766 0.166667
vt 0.193348 0.222222
vt 0.197766 0.222222
vt 0.193348 0.277778
vt 0.197766 0.277778
vt 0.202184 0.111111
vt 0.202184 0.055556
vt 0.202184 0.166667
vt 0.202184 0.222222
vt 0.202184 0.277778
vt 0.206603 0.111111
vt 0.206603 0.055556
vt 0.206603 0.166667
vt 0.206603 0.222222
vt 0.206603 0.277778
vt 0.211021 0.111111
vt 0.211021 0.055556
vt 0.211021 0.166667
vt 0.211021 0.222222
vt 0.211021 0.277778
vt 0.193348 0.000000
vt 0.193348 0.333333
vt 0.215439 0.333333
vt 0.215439 0.277778
vt 0.211021 0.333333
vt 0.211021 0.000000
vt 0.215439 0.055556
vt 0.215439 0.000000
vt 0.197766 0.333333
vt 0.215439 0.222222
vt 0.206603 0.000000
vt 0.202184 0.333333
vt 0.215439 0.166667
vt 0.202184 0.000000
vt 0.206603 0.333333
vt 0.215439 0.111111
vt 0.197766 0.000000
vt 0.218948 0.055556
vt 0.218948 0.111111
vt 0.222458 0.111111
vt 0.222458 0.055556
vt 0.218948 0.166667
vt 0.222458 0.166667
vt 0.218948 0.222222
vt 0.222458 0.222222
vt 0.218948 0.277778
vt 0.222458 0.277778
vt 0.225968 0.111111
vt 0.225968 0.055556
vt 0.225968 0.166667
vt 0.225968 0.222222
vt 0.225968 0.277778
vt 0.229478 0.111111
vt 0.229478 0.055556
vt 0.229478 0.166667
vt 0.229478 0.222222
vt 0.229478 0.277778
vt 0.232987 0.111111
vt 0.232987 0.055556
vt 0.232987 0.166667
vt 0.232987 0.222222
vt 0.232987 0.277778
vt 0.218948 0.000000
vt 0.218948 0.333333
vt 0.236497 0.333333
vt 0.236497 0.277778
vt 0.232987 0.333333
vt 0.232987 0.000000
vt 0.236497 0.055556
vt 0.236497 0.000000
vt 0.222458 0.333333
vt 0.236497 0.222222
vt 0.229478 0.000000
vt 0.225968 0.333333
vt 0.236497 0.166667
vt 0.225968 0.000000
vt 0.229478 0.333333
vt 0.236497 0.111111
vt 0.222458 0.000000
vt 0.240811 0.055556
vt 0.240811 0.111111
vt 0.245125 0.111111
vt 0.245125 0.055556
vt 0.240811 0.166667
vt 0.245125 0.166667
vt 0.240811 0.222222
vt 0.245125 0.222222
vt 0.240811 0.277778
vt 0.245125 0.277778
vt 0.249439 0.111111
vt 0.249439 0.055556
vt 0.249439 0.166667
vt 0.249439 0.222222
vt 0.249439 0.277778
vt 0.253754 0.111111
vt 0.253754 0.055556
vt 0.253754 0.166667
vt 0.253754 0.222222
vt 0.253754 0.277778
vt 0.258068 0.111111
vt 0.258068 0.055556
vt 0.258068 0.166667
vt 0.258068 0.222222
vt 0.258068 0.277778
vt 0.240811 0.000000
vt 0.240811 0.333333
vt 0.262382 0.333333
vt 0.262382 0.277778
vt 0.258068 0.333333
vt 0.258068 0.000000
vt 0.262382 0.055556
vt 0.262382 0.000000
vt 0.245125 0.333333
vt 0.262382 0.222222
vt 0.253754 0.000000
vt 0.249439 0.333333
vt 0.262382 0.166667
vt 0.249439 0.000000
vt 0.253754 0.333333
vt 0.262382 0.111111
vt 0.245125 0.000000
vt 0.270631 0.055556
vt 0.270631 0.111111
vt 0.278880 0.111111
vt 0.278880 0.055556
vt 0.270631 0.166667
vt 0.278880 0.166667
vt 0.270631 0.222222
vt 0.278880 0.222222
vt 0.270631 0.277778
vt 0.278880 0.277778
vt 0.287129 0.111111
vt 0.287129 0.055556
vt 0.287129 0.166667
vt 0.287129 0.222222
vt 0.287129 0.277778
vt 0.295379 0.111111
vt 0.295379 0.055556
vt 0.295379 0.166667
vt 0.295379 0.222222
vt 0.295379 0.277778
vt 0.303628 0.111111
vt 0.303628 0.055556
vt 0.303628 0.166667
vt 0.303628 0.222222
vt 0.303628 0.277778
vt 0.270631 0.000000
vt 0.270631 0.333333
vt 0.311877 0.333333
vt 0.311877 0.277778
vt 0.303628 0.333333
vt 0.303628 0.000000
vt 0.311877 0.055556
vt 0.311877 0.000000
vt 0.278880 0.333333
vt 0.311877 0.222222
vt 0.295379 0.000000
vt 0.287129 0.333333
vt 0.311877 0.166667
vt 0.287129 0.000000
vt 0.295379 0.333333
vt 0.311877 0.111111
vt 0.278880 0.000000
vt 0.313594 0.055556
vt 0.313594 0.111111
vt 0.315311 0.111111
vt 0.315311 0.055556
vt 0.313594 0.166667
vt 0.315311 0.166667
vt 0.313594 0.222222
vt 0.315311 0.222222
vt 0.313594 0.277778
vt 0.315311 0.277778
vt 0.317029 0.111111
vt 0.317029 0.055556
vt 0.317029 0.166667
vt 0.317029 0.222222
vt 0.317029 0.277778
vt 0.318746 0.111111
vt 0.318746 0.055556
vt 0.318746 0.166667
vt 0.318746 0.222222
vt 0.318746 0.277778
vt 0.320463 0.111111
vt 0.320463 0.055556
vt 0.320463 0.166667
vt 0.320463 0.222222
vt 0.320463 0.277778
vt 0.313594 0.000000
vt 0.313594 0.333333
vt 0.322181 0.333333
vt 0.322181 0.277778
vt 0.320463 0.333333
vt 0.320463 0.000000
vt 0.322181 0.055556
vt 0.322181 0.000000
vt 0.315311 0.333333
vt 0.322181 0.222222
vt 0.318746 0.000000
vt 0.317029 0.333333
vt 0.322181 0.166667
vt 0.317029 0.000000
vt 0.318746 0.333333
vt 0.322181 0.111111
vt 0.315311 0.000000
vt 0.325612 0.055556
vt 0.325612 0.111111
vt 0.329044 0.111111
vt 0.329044 0.055556
vt 0.325612 0.166667
vt 0.329044 0.166667
vt 0.325612 0.222222
vt 0.329044 0.222222
vt 0.325612 0.277778
vt 0.329044 0.277778
vt 0.332475 0.111111
vt 0.332475 0.055556
vt 0.332475 0.166667
vt 0.332475 0.222222
vt 0.332475 0.277778
vt 0.335907 0.111111
vt 0.335907 0.055556
vt 0.335907 0.166667
vt 0.335907 0.222222
vt 0.335907 0.277778
vt 0.339338 0.111111
vt 0.339338 0.055556
vt 0.339338 0.166667
vt 0.339338 0.222222
vt 0.339338 0.277778
vt 0.325612 0.000000
vt 0.325612 0.333333
vt 0.342770 0.333333
vt 0.342770 0.277778
vt 0.339338 0.333333
vt 0.339338 0.000000
vt 0.342770 0.055556
vt 0.342770 0.000000
vt 0.329044 0.333333
vt 0.342770 0.222222
vt 0.335907 0.000000
vt 0.332475 0.333333
vt 0.342770 0.166667
vt 0.332475 0.000000
vt 0.335907 0.333333
vt 0.342770 0.111111
vt 0.329044 0.000000
vt 0.344997 0.055556
vt 0.344997 0.111111
vt 0.347225 0.111111
vt 0.347225 0.055556
vt 0.344997 0.166667
vt 0.347225 0.166667
vt 0.344997 0.222222
vt 0.347225 0.222222
vt 0.344997 0.277778
vt 0.347225 0.277778
vt 0.349453 0.111111
vt 0.349453 0.055556
vt 0.349453 0.166667
vt 0.349453 0.222222
vt 0.349453 0.277778
vt 0.351681 0.111111
vt 0.351681 0.055556
vt 0.351681 0.166667
vt 0.351681 0.222222
vt 0.351681 0.277778
vt 0.353908 0.111111
vt 0.353908 0.055556
vt 0.353908 0.166667
vt 0.353908 0.222222
vt 0.353908 0.277778
vt 0.344997 0.000000
vt 0.344997 0.333333
vt 0.356136 0.333333
vt 0.356136 0.277778
vt 0.353908 0.333333
vt 0.353908 0.000000
vt 0.356136 0.055556
vt 0.356136 0.000000
vt 0.347225 0.333333
vt 0.356136 0.222222
vt 0.351681 0.000000
vt 0.349453 0.333333
vt 0.356136 0.166667
vt 0.349453 0.000000
vt 0.351681 0.333333
vt 0.356136 0.111111
vt 0.347225 0.000000
vt 0.358562 0.055556
vt 0.358562 0.111111
vt 0.360989 0.111111
vt 0.360989 0.055556
vt 0.358562 0.166667
vt 0.360989 0.166667
vt 0.358562 0.222222
vt 0.360989 0.222222
vt 0.358562 0.277778
vt 0.360989 0.277778
vt 0.363415 0.111111
vt 0.363415 0.055556
vt 0.363415 0.166667
vt 0.363415 0.222222
vt 0.363415 0.277778
vt 0.365842 0.111111
vt 0.365842 0.055556
vt 0.365842 0.166667
vt 0.365842 0.222222
vt 0.365842 0.277778
vt 0.368268 0.111111
vt 0.368268 0.055556
vt 0.368268 0.166667
vt 0.368268 0.222222
vt 0.368268 0.277778
vt 0.358562 0.000000
vt 0.358562 0.333333
vt 0.370695 0.333333
vt 0.370695 0.277778
vt 0.368268 0.333333
vt 0.368268 0.000000
vt 0.370695 0.055556
vt 0.370695 0.000000
vt 0.360989 0.333333
vt 0.370695 0.222222
vt 0.365842 0.000000
vt 0.363415 0.333333
vt 0.370695 0.166667
vt 0.363415 0.000000
vt 0.365842 0.333333
vt 0.370695 0.111111
vt 0.360989 0.000000
vt 0.380054 0.055556
vt 0.380054 0.111111
vt 0.389413 0.111111
vt 0.389413 0.055556
vt 0.380054 0.166667
vt 0.389413 0.166667
vt 0.380054 0.222222
vt 0.389413 0.222222
vt 0.380054 0.277778
vt 0.389413 0.277778
vt 0.398772 0.111111
vt 0.398772 0.055556
vt 0.398772 0.166667
vt 0.398772 0.222222
vt 0.398772 0.277778
vt 0.408132 0.111111
vt 0.408132 0.055556
vt 0.408132 0.166667
vt 0.408132 0.222222
vt 0.408132 0.277778
vt 0.417491 0.111111
vt 0.417491 0.055556
vt 0.417491 0.166667
vt 0.417491 0.222222
vt 0.417491 0.277778
vt 0.380054 0.000000
vt 0.380054 0.333333
vt 0.426850 0.333333
vt 0.426850 0.277778
vt 0.417491 0.333333
vt 0.417491 0.000000
vt 0.426850 0.055556
vt 0.426850 0.000000
vt 0.389413 0.333333
vt 0.426850 0.222222
vt 0.408132 0.000000
vt 0.398772 0.333333
vt 0.426850 0.166667
vt 0.398772 0.000000
vt 0.408132 0.333333
vt 0.426850 0.111111
vt 0.389413 0.000000
vt 0.437006 0.055556
vt 0.437006 0.111111
vt 0.447161 0.111111
vt 0.447161 0.055556
vt 0.437006 0.166667
vt 0.447161 0.166667
vt 0.437006 0.222222
vt 0.447161 0.222222
vt 0.437006 0.277778
vt 0.447161 0.277778
vt 0.457317 0.111111
vt 0.457317 0.055556
vt 0.457317 0.166667
vt 0.457317 0.222222
vt 0.457317 0.277778
vt 0.467472 0.111111
vt 0.467472 0.055556
vt 0.467472 0.166667
vt 0.467472 0.222222
vt 0.467472 0.277778
vt 0.477628 0.111111
vt 0.477628 0.055556
vt 0.477628 0.166667
vt 0.477628 0.222222
vt 0.477628 0.277778
vt 0.437006 0.000000
vt 0.437006 0.333333
vt 0.487783 0.333333
vt 0.487783 0.277778
vt 0.477628 0.333333
vt 0.477628 0.000000
vt 0.487783 0.055556
vt 0.487783 0.000000
vt 0.447161 0.333333
vt 0.487783 0.222222
vt 0.467472 0.000000
vt 0.457317 0.333333
vt 0.487783 0.166667
vt 0.457317 0.000000
vt 0.467472 0.333333
vt 0.487783 0.111111
vt 0.447161 0.000000
vt 0.496711 0.055556
vt 0.496711 0.111111
vt 0.505638 0.111111
vt 0.505638 0.055556
vt 0.496711 0.166667
vt 0.505638 0.166667
vt 0.496711 0.222222
vt 0.505638 0.222222
vt 0.496711 0.277778
vt 0.505638 0.277778
vt 0.514566 0.111111
vt 0.514566 0.055556
vt 0.514566 0.166667
vt 0.514566 0.222222
vt 0.514566 0.277778
vt 0.523493 0.111111
vt 0.523493 0.055556
vt 0.523493 0.166667
vt 0.523493 0.222222
vt 0.523493 0.277778
vt 0.532421 0.111111
vt 0.532421 0.055556
vt 0.532421 0.166667
vt 0.532421 0.222222
vt 0.532421 0.277778
vt 0.496711 0.000000
vt 0.496711 0.333333
vt 0.541348 0.333333
vt 0.541348 0.277778
vt 0.532421 0.333333
vt 0.532421 0.000000
vt 0.541348 0.055556
vt 0.541348 0.000000
vt 0.505638 0.333333
vt 0.541348 0.222222
vt 0.523493 0.000000
vt 0.514566 0.333333
vt 0.541348 0.166667
vt 0.514566 0.000000
vt 0.523493 0.333333
vt 0.541348 0.111111
vt 0.505638 0.000000
vt 0.547032 0.055556
vt 0.547032 0.111111
vt 0.552717 0.111111
vt 0.552717 0.055556
vt 0.547032 0.166667
vt 0.552717 0.166667
vt 0.547032 0.222222
vt 0.552717 0.222222
vt 0.547032 0.277778
vt 0.552717 0.277778
vt 0.558401 0.111111
vt 0.558401 0.055556
vt 0.558401 0.166667
vt 0.558401 0.222222
vt 0.558401 0.277778
vt 0.564085 0.111111
vt 0.564085 0.055556
vt 0.564085 0.166667
vt 0.564085 0.222222
vt 0.564085 0.277778
vt 0.569769 0.111111
vt 0.569769 0.055556
vt 0.569769 0.166667
vt 0.569769 0.222222
vt 0.569769 0.277778
vt 0.547032 0.000000
vt 0.547032 0.333333
vt 0.575453 0.333333
vt 0.575453 0.277778
vt 0.569769 0.333333
vt 0.569769 0.000000
vt 0.575453 0.055556
vt 0.575453 0.000000
vt 0.552717 0.333333
vt 0.575453 0.222222
vt 0.564085 0.000000
vt 0.558401 0.333333
vt 0.575453 0.166667
vt 0.558401 0.000000
vt 0.564085 0.333333
vt 0.575453 0.111111
vt 0.552717 0.000000
vt 0.577681 0.055556
vt 0.577681 0.111111
vt 0.579909 0.111111
vt 0.579909 0.055556
vt 0.577681 0.166667
vt 0.579909 0.166667
vt 0.577681 0.222222
vt 0.579909 0.222222
vt 0.577681 0.277778
vt 0.579909 0.277778
vt 0.582136 0.111111
vt 0.582136 0.055556
vt 0.582136 0.166667
vt 0.582136 0.222222
vt 0.582136 0.277778
vt 0.584364 0.111111
vt 0.584364 0.055556
vt 0.584364 0.166667
vt 0.584364 0.222222
vt 0.584364 0.277778
vt 0.586592 0.111111
vt 0.586592 0.055556
vt 0.586592 0.166667
vt 0.586592 0.222222
vt 0.586592 0.277778
vt 0.577681 0.000000
vt 0.577681 0.333333
vt 0.588820 0.333333
vt 0.588820 0.277778
vt 0.586592 0.333333
vt 0.586592 0.000000
vt 0.588820 0.055556
vt 0.588820 0.000000
vt 0.579909 0.333333
vt 0.588820 0.222222
vt 0.584364 0.000000
vt 0.582136 0.333333
vt 0.588820 0.166667
vt 0.582136 0.000000
vt 0.584364 0.333333
vt 0.588820 0.111111
vt 0.579909 0.000000
vt 0.590658 0.055556
vt 0.590658 0.111111
vt 0.592496 0.111111
vt 0.592496 0.055556
vt 0.590658 0.166667
vt 0.592496 0.166667
vt 0.590658 0.222222
vt 0.592496 0.222222
vt 0.590658 0.277778
vt 0.592496 0.277778
vt 0.594335 0.111111
vt 0.594335 0.055556
vt 0.594335 0.166667
vt 0.594335 0.222222
vt 0.594335 0.277778
vt 0.596173 0.111111
vt 0.596173 0.055556
vt 0.596173 0.166667
vt 0.596173 0.222222
vt 0.596173 0.277778
vt 0.598012 0.111111
vt 0.598012 0.055556
vt 0.598012 0.166667
vt 0.598012 0.222222
vt 0.598012 0.277778
vt 0.590658 0.000000
vt 0.590658 0.333333
vt 0.599850 0.333333
vt 0.599850 0.277778
vt 0.598012 0.333333
vt 0.598012 0.000000
vt 0.599850 0.055556
vt 0.599850 0.000000
vt 0.592496 0.333333
vt 0.599850 0.222222
vt 0.596173 0.000000
vt 0.594335 0.333333
vt 0.599850 0.166667
vt 0.594335 0.000000
vt 0.596173 0.333333
vt 0.599850 0.111111
vt 0.592496 0.000000
vt 0.602320 0.055556
vt 0.602320 0.111111
vt 0.604789 0.111111
vt 0.604789 0.055556
vt 0.602320 0.166667
vt 0.604789 0.166667
vt 0.602320 0.222222
vt 0.604789 0.222222
vt 0.602320 0.277778
vt 0.604789 0.277778
vt 0.607258 0.111111
vt 0.607258 0.055556
vt 0.607258 0.166667
vt 0.607258 0.222222
vt 0.607258 0.277778
vt 0.609728 0.111111
vt 0.609728 0.055556
vt 0.609728 0.166667
vt 0.609728 0.222222
vt 0.609728 0.277778
vt 0.612197 0.111111
vt 0.612197 0.055556
vt 0.612197 0.166667
vt 0.612197 0.222222
vt 0.612197 0.277778
vt 0.602320 0.000000
vt 0.602320 0.333333
vt 0.614666 0.333333
vt 0.614666 0.277778
vt 0.612197 0.333333
vt 0.612197 0.000000
vt 0.614666 0.055556
vt 0.614666 0.000000
vt 0.604789 0.333333
vt 0.614666 0.222222
vt 0.609728 0.000000
vt 0.607258 0.333333
vt 0.614666 0.166667
vt 0.607258 0.000000
vt 0.609728 0.333333
vt 0.614666 0.111111
vt 0.604789 0.000000
vt 0.616392 0.055556
vt 0.616392 0.111111
vt 0.618117 0.111111
vt 0.618117 0.055556
vt 0.616392 0.166667
vt 0.618117 0.166667
vt 0.616392 0.222222
vt 0.618117 0.222222
vt 0.616392 0.277778
vt 0.618117 0.277778
vt 0.619842 0.111111
vt 0.619842 0.055556
vt 0.619842 0.166667
vt 0.619842 0.222222
vt 0.619842 0.277778
vt 0.621568 0.111111
vt 0.621568 0.055556
vt 0.621568 0.166667
vt 0.621568 0.222222
vt 0.621568 0.277778
vt 0.623293 0.111111
vt 0.623293 0.055556
vt 0.623293 0.166667
vt 0.623293 0.222222
vt 0.623293 0.277778
vt 0.616392 0.000000
vt 0.616392 0.333333
vt 0.625019 0.333333
vt 0.625019 0.277778
vt 0.623293 0.333333
vt 0.623293 0.000000
vt 0.625019 0.055556
vt 0.625019 0.000000
vt 0.618117 0.333333
vt 0.625019 0.222222
vt 0.621568 0.000000
vt 0.619842 0.333333
vt 0.625019 0.166667
vt 0.619842 0.000000
vt 0.621568 0.333333
vt 0.625019 0.111111
vt 0.618117 0.000000
vt 0.626951 0.055556
vt 0.626951 0.111111
vt 0.628883 0.111111
vt 0.628883 0.055556
vt 0.626951 0.166667
vt 0.628883 0.166667
vt 0.626951 0.222222
vt 0.628883 0.222222
vt 0.626951 0.277778
vt 0.628883 0.277778
vt 0.630816 0.111111
vt 0.630816 0.055556
vt 0.630816 0.166667
vt 0.630816 0.222222
vt 0.630816 0.277778
vt 0.632748 0.111111
vt 0.632748 0.055556
vt 0.632748 0.166667
vt 0.632748 0.222222
vt 0.632748 0.277778
vt 0.634680 0.111111
vt 0.634680 0.055556
vt 0.634680 0.166667
vt 0.634680 0.222222
vt 0.634680 0.277778
vt 0.626951 0.000000
vt 0.626951 0.333333
vt 0.636612 0.333333
vt 0.636612 0.277778
vt 0.634680 0.333333
vt 0.634680 0.000000
vt 0.636612 0.055556
vt 0.636612 0.000000
vt 0.628883 0.333333
vt 0.636612 0.222222
vt 0.632748 0.000000
vt 0.630816 0.333333
vt 0.636612 0.166667
vt 0.630816 0.000000
vt 0.632748 0.333333
vt 0.636612 0.111111
vt 0.628883 0.000000
vt 0.638580 0.055556
vt 0.638580 0.111111
vt 0.640547 0.111111
vt 0.640547 0.055556
vt 0.638580 0.166667
vt 0.640547 0.166667
vt 0.638580 0.222222
vt 0.640547 0.222222
vt 0.638580 0.277778
vt 0.640547 0.277778
vt 0.642514 0.111111
vt 0.642514 0.055556
vt 0.642514 0.166667
vt 0.642514 0.222222
vt 0.642514 0.277778
vt 0.644481 0.111111
vt 0.644481 0.055556
vt 0.644481 0.166667
vt 0.644481 0.222222
vt 0.644481 0.277778
vt 0.646449 0.111111
vt 0.646449 0.055556
vt 0.646449 0.166667
vt 0.646449 0.222222
vt 0.646449 0.277778
vt 0.638580 0.000000
vt 0.638580 0.333333
vt 0.648416 0.333333
vt 0.648416 0.277778
vt 0.646449 0.333333
vt 0.646449 0.000000
vt 0.648416 0.055556
vt 0.648416 0.000000
vt 0.640547 0.333333
vt 0.648416 0.222222
vt 0.644481 0.000000
vt 0.642514 0.333333
vt 0.648416 0.166667
vt 0.642514 0.000000
vt 0.644481 0.333333
vt 0.648416 0.111111
vt 0.640547 0.000000
vt 0.651890 0.055556
vt 0.651890 0.111111
vt 0.655363 0.111111
vt 0.655363 0.055556
vt 0.651890 0.166667
vt 0.655363 0.166667
vt 0.651890 0.222222
vt 0.655363 0.222222
vt 0.651890 0.277778
vt 0.655363 0.277778
vt 0.658837 0.111111
vt 0.658837 0.055556
vt 0.658837 0.166667
vt 0.658837 0.222222
vt 0.658837 0.277778
vt 0.662310 0.111111
vt 0.662310 0.055556
vt 0.662310 0.166667
vt 0.662310 0.222222
vt 0.662310 0.277778
vt 0.665784 0.111111
vt 0.665784 0.055556
vt 0.665784 0.166667
vt 0.665784 0.222222
vt 0.665784 0.277778
vt 0.651890 0.000000
vt 0.651890 0.333333
vt 0.669258 0.333333
vt 0.669258 0.277778
vt 0.665784 0.333333
vt 0.665784 0.000000
vt 0.669258 0.055556
vt 0.669258 0.000000
vt 0.655363 0.333333
vt 0.669258 0.222222
vt 0.662310 0.000000
vt 0.658837 0.333333
vt 0.669258 0.166667
vt 0.658837 0.000000
vt 0.662310 0.333333
vt 0.669258 0.111111
vt 0.655363 0.000000
vt 0.672868 0.055556
vt 0.672868 0.111111
vt 0.676478 0.111111
vt 0.676478 0.055556
vt 0.672868 0.166667
vt 0.676478 0.166667
vt 0.672868 0.222222
vt 0.676478 0.222222
vt 0.672868 0.277778
vt 0.676478 0.277778
vt 0.680088 0.111111
vt 0.680088 0.055556
vt 0.680088 0.166667
vt 0.680088 0.222222
vt 0.680088 0.277778
vt 0.683698 0.111111
vt 0.683698 0.055556
vt 0.683698 0.166667
vt 0.683698 0.222222
vt 0.683698 0.277778
vt 0.687308 0.111111
vt 0.687308 0.055556
vt 0.687308 0.166667
vt 0.687308 0.222222
vt 0.687308 0.277778
vt 0.672868 0.000000
vt 0.672868 0.333333
vt 0.690918 0.333333
vt 0.690918 0.277778
vt 0.687308 0.333333
vt 0.687308 0.000000
vt 0.690918 0.055556
vt 0.690918 0.000000
vt 0.676478 0.333333
vt 0.690918 0.222222
vt 0.683698 0.000000
vt 0.680088 0.333333
vt 0.690918 0.166667
vt 0.680088 0.000000
vt 0.683698 0.333333
vt 0.690918 0.111111
vt 0.676478 0.000000
vt 0.692962 0.055556
vt 0.692962 0.111111
vt 0.695006 0.111111
vt 0.695006 0.055556
vt 0.692962 0.166667
vt 0.695006 0.166667
vt 0.692962 0.222222
vt 0.695006 0.222222
vt 0.692962 0.277778
vt 0.695006 0.277778
vt 0.697050 0.111111
vt 0.697050 0.055556
vt 0.697050 0.166667
vt 0.697050 0.222222
vt 0.697050 0.277778
vt 0.699094 0.111111
vt 0.699094 0.055556
vt 0.699094 0.166667
vt 0.699094 0.222222
vt 0.699094 0.277778
vt 0.701139 0.111111
vt 0.701139 0.055556
vt 0.701139 0.166667
vt 0.701139 0.222222
vt 0.701139 0.277778
vt 0.692962 0.000000
vt 0.692962 0.333333
vt 0.703183 0.333333
vt 0.703183 0.277778
vt 0.701139 0.333333
vt 0.701139 0.000000
vt 0.703183 0.055556
vt 0.703183 0.000000
vt 0.695006 0.333333
vt 0.703183 0.222222
vt 0.699094 0.000000
vt 0.697050 0.333333
vt 0.703183 0.166667
vt 0.697050 0.000000
vt 0.699094 0.333333
vt 0.703183 0.111111
vt 0.695006 0.000000
vt 0.705290 0.055556
vt 0.705290 0.111111
vt 0.707397 0.111111
vt 0.707397 0.055556
vt 0.705290 0.166667
vt 0.707397 0.166667
vt 0.705290 0.222222
vt 0.707397 0.222222
vt 0.705290 0.277778
vt 0.707397 0.277778
vt 0.709505 0.111111
vt 0.709505 0.055556
vt 0.709505 0.166667
vt 0.709505 0.222222
vt 0.709505 0.277778
vt 0.711612 0.111111
vt 0.711612 0.055556
vt 0.711612 0.166667
vt 0.711612 0.222222
vt 0.711612 0.277778
vt 0.713720 0.111111
vt 0.713720 0.055556
vt 0.713720 0.166667
vt 0.713720 0.222222
vt 0.713720 0.277778
vt 0.705290 0.000000
vt 0.705290 0.333333
vt 0.715827 0.333333
vt 0.715827 0.277778
vt 0.713720 0.333333
vt 0.713720 0.000000
vt 0.715827 0.055556
vt 0.715827 0.000000
vt 0.707397 0.333333
vt 0.715827 0.222222
vt 0.711612 0.000000
vt 0.709505 0.333333
vt 0.715827 0.166667
vt 0.709505 0.000000
vt 0.711612 0.333333
vt 0.715827 0.111111
vt 0.707397 0.000000
vt 0.719995 0.055556
vt 0.719995 0.111111
vt 0.724164 0.111111
vt 0.724164 0.055556
vt 0.719995 0.166667
vt 0.724164 0.166667
vt 0.719995 0.222222
vt 0.724164 0.222222
vt 0.719995 0.277778
vt 0.724164 0.277778
vt 0.728332 0.111111
vt 0.728332 0.055556
vt 0.728332 0.166667
vt 0.728332 0.222222
vt 0.728332 0.277778
vt 0.732501 0.111111
vt 0.732501 0.055556
vt 0.732501 0.166667
vt 0.732501 0.222222
vt 0.732501 0.277778
vt 0.736669 0.111111
vt 0.736669 0.055556
vt 0.736669 0.166667
vt 0.736669 0.222222
vt 0.736669 0.277778
vt 0.719995 0.000000
vt 0.719995 0.333333
vt 0.740837 0.333333
vt 0.740837 0.277778
vt 0.736669 0.333333
vt 0.736669 0.000000
vt 0.740837 0.055556
vt 0.740837 0.000000
vt 0.724164 0.333333
vt 0.740837 0.222222
vt 0.732501 0.000000
vt 0.728332 0.333333
vt 0.740837 0.166667
vt 0.728332 0.000000
vt 0.732501 0.333333
vt 0.740837 0.111111
vt 0.724164 0.000000
vt 0.746036 0.055556
vt 0.746036 0.111111
vt 0.751235 0.111111
vt 0.751235 0.055556
vt 0.746036 0.166667
vt 0.751235 0.166667
vt 0.746036 0.222222
vt 0.751235 0.222222
vt 0.746036 0.277778
vt 0.751235 0.277778
vt 0.756433 0.111111
vt 0.756433 0.055556
vt 0.756433 0.166667
vt 0.756433 0.222222
vt 0.756433 0.277778
vt 0.761632 0.111111
vt 0.761632 0.055556
vt 0.761632 0.166667
vt 0.761632 0.222222
vt 0.761632 0.277778
vt 0.766831 0.111111
vt 0.766831 0.055556
vt 0.766831 0.166667
vt 0.766831 0.222222
vt 0.766831 0.277778
vt 0.746036 0.000000
vt 0.746036 0.333333
vt 0.772030 0.333333
vt 0.772030 0.277778
vt 0.766831 0.333333
vt 0.766831 0.000000
vt 0.772030 0.055556
vt 0.772030 0.000000
vt 0.751235 0.333333
vt 0.772030 0.222222
vt 0.761632 0.000000
vt 0.756433 0.333333
vt 0.772030 0.166667
vt 0.756433 0.000000
vt 0.761632 0.333333
vt 0.772030 0.111111
vt 0.751235 0.000000
vt 0.776349 0.055556
vt 0.776349 0.111111
vt 0.780669 0.111111
vt 0.780669 0.055556
vt 0.776349 0.166667
vt 0.780669 0.166667
vt 0.776349 0.222222
vt 0.780669 0.222222
vt 0.776349 0.277778
vt 0.780669 0.277778
vt 0.784989 0.111111
vt 0.784989 0.055556
vt 0.784989 0.166667
vt 0.784989 0.222222
vt 0.784989 0.277778
vt 0.789309 0.111111
vt 0.789309 0.055556
vt 0.789309 0.166667
vt 0.789309 0.222222
vt 0.789309 0.277778
vt 0.793629 0.111111
vt 0.793629 0.055556
vt 0.793629 0.166667
vt 0.793629 0.222222
vt 0.793629 0.277778
vt 0.776349 0.000000
vt 0.776349 0.333333
vt 0.797948 0.333333
vt 0.797948 0.277778
vt 0.793629 0.333333
vt 0.793629 0.000000
vt 0.797948 0.055556
vt 0.797948 0.000000
vt 0.780669 0.333333
vt 0.797948 0.222222
vt 0.789309 0.000000
vt 0.784989 0.333333
vt 0.797948 0.166667
vt 0.784989 0.000000
vt 0.789309 0.333333
vt 0.797948 0.111111
vt 0.780669 0.000000
vt 0.807390 0.055556
vt 0.807390 0.111111
vt 0.816831 0.111111
vt 0.816831 0.055556
vt 0.807390 0.166667
vt 0.816831 0.166667
vt 0.807390 0.222222
vt 0.816831 0.222222
vt 0.807390 0.277778
vt 0.816831 0.277778
vt 0.826272 0.111111
vt 0.826272 0.055556
vt 0.826272 0.166667
vt 0.826272 0.222222
vt 0.826272 0.277778
vt 0.835713 0.111111
vt 0.835713 0.055556
vt 0.835713 0.166667
vt 0.835713 0.222222
vt 0.835713 0.277778
vt 0.845155 0.111111
vt 0.845155 0.055556
vt 0.845155 0.166667
vt 0.845155 0.222222
vt 0.845155 0.277778
vt 0.807390 0.000000
vt 0.807390 0.333333
vt 0.854596 0.333333
vt 0.854596 0.277778
vt 0.845155 0.333333
vt 0.845155 0.000000
vt 0.854596 0.055556
vt 0.854596 0.000000
vt 0.816831 0.333333
vt 0.854596 0.222222
vt 0.835713 0.000000
vt 0.826272 0.333333
vt 0.854596 0.166667
vt 0.826272 0.000000
vt 0.835713 0.333333
vt 0.854596 0.111111
vt 0.816831 0.000000
vt 0.863868 0.055556
vt 0.863868 0.111111
vt 0.873139 0.111111
vt 0.873139 0.055556
vt 0.863868 0.166667
vt 0.873139 0.166667
vt 0.863868 0.222222
vt 0.873139 0.222222
vt 0.863868 0.277778
vt 0.873139 0.277778
vt 0.882411 0.111111
vt 0.882411 0.055556
vt 0.882411 0.166667
vt 0.882411 0.222222
vt 0.882411 0.277778
vt 0.891683 0.111111
vt 0.891683 0.055556
vt 0.891683 0.166667
vt 0.891683 0.222222
vt 0.891683 0.277778
vt 0.900955 0.111111
vt 0.900955 0.055556
vt 0.900955 0.166667
vt 0.900955 0.222222
vt 0.900955 0.277778
vt 0.863868 0.000000
vt 0.863868 0.333333
vt 0.910227 0.333333
vt 0.910227 0.277778
vt 0.900955 0.333333
vt 0.900955 0.000000
vt 0.910227 0.055556
vt 0.910227 0.000000
vt 0.873139 0.333333
vt 0.910227 0.222222
vt 0.891683 0.000000
vt 0.882411 0.333333
vt 0.910227 0.166667
vt 0.882411 0.000000
vt 0.891683 0.333333
vt 0.910227 0.111111
vt 0.873139 0.000000
vt 0.912713 0.055556
vt 0.912713 0.111111
vt 0.915200 0.111111
vt 0.915200 0.055556
vt 0.912713 0.166667
vt 0.915200 0.166667
vt 0.912713 0.222222
vt 0.915200 0.222222
vt 0.912713 0.277778
vt 0.915200 0.277778
vt 0.917686 0.111111
vt 0.917686 0.055556
vt 0.917686 0.166667
vt 0.917686 0.222222
vt 0.917686 0.277778
vt 0.920172 0.111111
vt 0.920172 0.055556
vt 0.920172 0.166667
vt 0.920172 0.222222
vt 0.920172 0.277778
vt 0.922659 0.111111
vt 0.922659 0.055556
vt 0.922659 0.166667
vt 0.922659 0.222222
vt 0.922659 0.277778
vt 0.912713 0.000000
vt 0.912713 0.333333
vt 0.925145 0.333333
vt 0.925145 0.277778
vt 0.922659 0.333333
vt 0.922659 0.000000
vt 0.925145 0.055556
vt 0.925145 0.000000
vt 0.915200 0.333333
vt 0.925145 0.222222
vt 0.920172 0.000000
vt 0.917686 0.333333
vt 0.925145 0.166667
vt 0.917686 0.000000
vt 0.920172 0.333333
vt 0.925145 0.111111
vt 0.915200 0.000000
vt 0.929055 0.055556
vt 0.929055 0.111111
vt 0.932965 0.111111
vt 0.932965 0.055556
vt 0.929055 0.166667
vt 0.932965 0.166667
vt 0.929055 0.222222
vt 0.932965 0.222222
vt 0.929055 0.277778
vt 0.932965 0.277778
vt 0.936875 0.111111
vt 0.936875 0.055556
vt 0.936875 0.166667
vt 0.936875 0.222222
vt 0.936875 0.277778
vt 0.940785 0.111111
vt 0.940785 0.055556
vt 0.940785 0.166667
vt 0.940785 0.222222
vt 0.940785 0.277778
vt 0.944695 0.111111
vt 0.944695 0.055556
vt 0.944695 0.166667
vt 0.944695 0.222222
vt 0.944695 0.277778
vt 0.929055 0.000000
vt 0.929055 0.333333
vt 0.948605 0.333333
vt 0.948605 0.277778
vt 0.944695 0.333333
vt 0.944695 0.000000
vt 0.948605 0.055556
vt 0.948605 0.000000
vt 0.932965 0.333333
vt 0.948605 0.222222
vt 0.940785 0.000000
vt 0.936875 0.333333
vt 0.948605 0.166667
vt 0.936875 0.000000
vt 0.940785 0.333333
vt 0.948605 0.111111
vt 0.932965 0.000000
vt 0.950025 0.055556
vt 0.950025 0.111111
vt 0.951446 0.111111
vt 0.951446 0.055556
vt 0.950025 0.166667
vt 0.951446 0.166667
vt 0.950025 0.222222
vt 0.951446 0.222222
vt 0.950025 0.277778
vt 0.951446 0.277778
vt 0.952866 0.111111
vt 0.952866 0.055556
vt 0.952866 0.166667
vt 0.952866 0.222222
vt 0.952866 0.277778
vt 0.954286 0.111111
vt 0.954286 0.055556
vt 0.954286 0.166667
vt 0.954286 0.222222
vt 0.954286 0.277778
vt 0.955707 0.111111
vt 0.955707 0.055556
vt 0.955707 0.166667
vt 0.955707 0.222222
vt 0.955707 0.277778
vt 0.950025 0.000000
vt 0.950025 0.333333
vt 0.957127 0.333333
vt 0.957127 0.277778
vt 0.955707 0.333333
vt 0.955707 0.000000
vt 0.957127 0.055556
vt 0.957127 0.000000
vt 0.951446 0.333333
vt 0.957127 0.222222
vt 0.954286 0.000000
vt 0.952866 0.333333
vt 0.957127 0.166667
vt 0.952866 0.000000
vt 0.954286 0.333333
vt 0.957127 0.111111
vt 0.951446 0.000000
vt 0.960740 0.055556
vt 0.960740 0.111111
vt 0.964354 0.111111
vt 0.964354 0.055556
vt 0.960740 0.166667
vt 0.964354 0.166667
vt 0.960740 0.222222
vt 0.964354 0.222222
vt 0.960740 0.277778
vt 0.964354 0.277778
vt 0.967967 0.111111
vt 0.967967 0.055556
vt 0.967967 0.166667
vt 0.967967 0.222222
vt 0.967967 0.277778
vt 0.971581 0.111111
vt 0.971581 0.055556
vt 0.971581 0.166667
vt 0.971581 0.222222
vt 0.971581 0.277778
vt 0.975194 0.111111
vt 0.975194 0.055556
vt 0.975194 0.166667
vt 0.975194 0.222222
vt 0.975194 0.277778
vt 0.960740 0.000000
vt 0.960740 0.333333
vt 0.978808 0.333333
vt 0.978808 0.277778
vt 0.975194 0.333333
vt 0.975194 0.000000
vt 0.978808 0.055556
vt 0.978808 0.000000
vt 0.964354 0.333333
vt 0.978808 0.222222
vt 0.971581 0.000000
vt 0.967967 0.333333
vt 0.978808 0.166667
vt 0.967967 0.000000
vt 0.971581 0.333333
vt 0.978808 0.111111
vt 0.964354 0.000000
vt 0.982340 0.055556
vt 0.982340 0.111111
vt 0.985872 0.111111
vt 0.985872 0.055556
vt 0.982340 0.166667
vt 0.985872 0.166667
vt 0.982340 0.222222
vt 0.985872 0.222222
vt 0.982340 0.277778
vt 0.985872 0.277778
vt 0.989404 0.111111
vt 0.989404 0.055556
vt 0.989404 0.166667
vt 0.989404 0.222222
vt 0.989404 0.277778
vt 0.992936 0.111111
vt 0.992936 0.055556
vt 0.992936 0.166667
vt 0.992936 0.222222
vt 0.992936 0.277778
vt 0.996468 0.111111
vt 0.996468 0.055556
vt 0.996468 0.166667
vt 0.996468 0.222222
vt 0.996468 0.277778
vt 0.982340 0.000000
vt 0.982340 0.333333
vt 1.000000 0.333333
vt 1.000000 0.277778
vt 0.996468 0.333333
vt 0.996468 0.000000
vt 1.000000 0.055556
vt 1.000000 0.000000
vt 0.985872 0.333333
vt 1.000000 0.222222
vt 0.992936 0.000000
vt 0.989404 0.333333
vt 1.000000 0.166667
vt 0.989404 0.000000
vt 0.992936 0.333333
vt 1.000000 0.111111
vt 0.985872 0.000000
vt 0.022015 0.388889
vt 0.022015 0.444444
vt 0.044031 0.444444
vt 0.044031 0.388889
vt 0.022015 0.500000
vt 0.044031 0.500000
vt 0.022015 0.555556
vt 0.044031 0.555556
vt 0.022015 0.611111
vt 0.044031 0.611111
vt 0.066046 0.444444
vt 0.066046 0.388889
vt 0.066046 0.500000
vt 0.066046 0.555556
vt 0.066046 0.611111
vt 0.088062 0.444444
vt 0.088062 0.388889
vt 0.088062 0.500000
vt 0.088062 0.555556
vt 0.088062 0.611111
vt 0.110077 0.444444
vt 0.110077 0.388889
vt 0.110077 0.500000
vt 0.110077 0.555556
vt 0.110077 0.611111
vt 0.000000 0.388889
vt 0.022015 0.666667
vt 0.000000 0.611111
vt 0.000000 0.666667
vt 0.132093 0.666667
vt 0.132093 0.611111
vt 0.110077 0.666667
vt 0.132093 0.388889
vt 0.000000 0.444444
vt 0.044031 0.666667
vt 0.132093 0.555556
vt 0.000000 0.500000
vt 0.066046 0.666667
vt 0.132093 0.500000
vt 0.000000 0.555556
vt 0.088062 0.666667
vt 0.132093 0.444444
vt 0.137537 0.388889
vt 0.137537 0.444444
vt 0.142982 0.444444
vt 0.142982 0.388889
vt 0.137537 0.500000
vt 0.142982 0.500000
vt 0.137537 0.555556
vt 0.142982 0.555556
vt 0.137537 0.611111
vt 0.142982 0.611111
vt 0.148427 0.444444
vt 0.148427 0.388889
vt 0.148427 0.500000
vt 0.148427 0.555556
vt 0.148427 0.611111
vt 0.153872 0.444444
vt 0.153872 0.388889
vt 0.153872 0.500000
vt 0.153872 0.555556
vt 0.153872 0.611111
vt 0.159316 0.444444
vt 0.159316 0.388889
vt 0.159316 0.500000
vt 0.159316 0.555556
vt 0.159316 0.611111
vt 0.137537 0.666667
vt 0.164761 0.666667
vt 0.164761 0.611111
vt 0.159316 0.666667
vt 0.164761 0.388889
vt 0.142982 0.666667
vt 0.164761 0.555556
vt 0.148427 0.666667
vt 0.164761 0.500000
vt 0.153872 0.666667
vt 0.164761 0.444444
vt 0.168789 0.388889
vt 0.168789 0.444444
vt 0.172817 0.444444
vt 0.172817 0.388889
vt 0.168789 0.500000
vt 0.172817 0.500000
vt 0.168789 0.555556
vt 0.172817 0.555556
vt 0.168789 0.611111
vt 0.172817 0.611111
vt 0.176846 0.444444
vt 0.176846 0.388889
vt 0.176846 0.500000
vt 0.176846 0.555556
vt 0.176846 0.611111
vt 0.180874 0.444444
vt 0.180874 0.388889
vt 0.180874 0.500000
vt 0.180874 0.555556
vt 0.180874 0.611111
vt 0.184902 0.444444
vt 0.184902 0.388889
vt 0.184902 0.500000
vt 0.184902 0.555556
vt 0.184902 0.611111
vt 0.168789 0.666667
vt 0.188930 0.666667
vt 0.188930 0.611111
vt 0.184902 0.666667
vt 0.188930 0.388889
vt 0.172817 0.666667
vt 0.188930 0.555556
vt 0.176846 0.666667
vt 0.188930 0.500000
vt 0.180874 0.666667
vt 0.188930 0.444444
vt 0.193348 0.388889
vt 0.193348 0.444444
vt 0.197766 0.444444
vt 0.197766 0.388889
vt 0.193348 0.500000
vt 0.197766 0.500000
vt 0.193348 0.555556
vt 0.197766 0.555556
vt 0.193348 0.611111
vt 0.197766 0.611111
vt 0.202184 0.444444
vt 0.202184 0.388889
vt 0.202184 0.500000
vt 0.202184 0.555556
vt 0.202184 0.611111
vt 0.206603 0.444444
vt 0.206603 0.388889
vt 0.206603 0.500000
vt 0.206603 0.555556
vt 0.206603 0.611111
vt 0.211021 0.444444
vt 0.211021 0.388889
vt 0.211021 0.500000
vt 0.211021 0.555556
vt 0.211021 0.611111
vt 0.193348 0.666667
vt 0.215439 0.666667
vt 0.215439 0.611111
vt 0.211021 0.666667
vt 0.215439 0.388889
vt 0.197766 0.666667
vt 0.215439 0.555556
vt 0.202184 0.666667
vt 0.215439 0.500000
vt 0.206603 0.666667
vt 0.215439 0.444444
vt 0.218948 0.388889
vt 0.218948 0.444444
vt 0.222458 0.444444
vt 0.222458 0.388889
vt 0.218948 0.500000
vt 0.222458 0.500000
vt 0.218948 0.555556
vt 0.222458 0.555556
vt 0.218948 0.611111
vt 0.222458 0.611111
vt 0.225968 0.444444
vt 0.225968 0.388889
vt 0.225968 0.500000
vt 0.225968 0.555556
vt 0.225968 0.611111
vt 0.229478 0.444444
vt 0.229478 0.388889
vt 0.229478 0.500000
vt 0.229478 0.555556
vt 0.229478 0.611111
vt 0.232987 0.444444
vt 0.232987 0.388889
vt 0.232987 0.500000
vt 0.232987 0.555556
vt 0.232987 0.611111
vt 0.218948 0.666667
vt 0.236497 0.666667
vt 0.236497 0.611111
vt 0.232987 0.666667
vt 0.236497 0.388889
vt 0.222458 0.666667
vt 0.236497 0.555556
vt 0.225968 0.666667
vt 0.236497 0.500000
vt 0.229478 0.666667
vt 0.236497 0.444444
vt 0.240811 0.388889
vt 0.240811 0.444444
vt 0.245125 0.444444
vt 0.245125 0.388889
vt 0.240811 0.500000
vt 0.245125 0.500000
vt 0.240811 0.555556
vt 0.245125 0.555556
vt 0.240811 0.611111
vt 0.245125 0.611111
vt 0.249439 0.444444
vt 0.249439 0.388889
vt 0.249439 0.500000
vt 0.249439 0.555556
vt 0.249439 0.611111
vt 0.253754 0.444444
vt 0.253754 0.388889
vt 0.253754 0.500000
vt 0.253754 0.555556
vt 0.253754 0.611111
vt 0.258068 0.444444
vt 0.258068 0.388889
vt 0.258068 0.500000
vt 0.258068 0.555556
vt 0.258068 0.611111
vt 0.240811 0.666667
vt 0.262382 0.666667
vt 0.262382 0.611111
vt 0.258068 0.666667
vt 0.262382 0.388889
vt 0.245125 0.666667
vt 0.262382 0.555556
vt 0.249439 0.666667
vt 0.262382 0.500000
vt 0.253754 0.666667
vt 0.262382 0.444444
vt 0.270631 0.388889
vt 0.270631 0.444444
vt 0.278880 0.444444
vt 0.278880 0.388889
vt 0.270631 0.500000
vt 0.278880 0.500000
vt 0.270631 0.555556
vt 0.278880 0.555556
vt 0.270631 0.611111
vt 0.278880 0.611111
vt 0.287129 0.444444
vt 0.287129 0.388889
vt 0.287129 0.500000
vt 0.287129 0.555556
vt 0.287129 0.611111
vt 0.295379 0.444444
vt 0.295379 0.388889
vt 0.295379 0.500000
vt 0.295379 0.555556
vt 0.295379 0.611111
vt 0.303628 0.444444
vt 0.303628 0.388889
vt 0.303628 0.500000
vt 0.303628 0.555556
vt 0.303628 0.611111
vt 0.270631 0.666667
vt 0.311877 0.666667
vt 0.311877 0.611111
vt 0.303628 0.666667
vt 0.311877 0.388889
vt 0.278880 0.666667
vt 0.311877 0.555556
vt 0.287129 0.666667
vt 0.311877 0.500000
vt 0.295379 0.666667
vt 0.311877 0.444444
vt 0.313594 0.388889
vt 0.313594 0.444444
vt 0.315311 0.444444
vt 0.315311 0.388889
vt 0.313594 0.500000
vt 0.315311 0.500000
vt 0.313594 0.555556
vt 0.315311 0.555556
vt 0.313594 0.611111
vt 0.315311 0.611111
vt 0.317029 0.444444
vt 0.317029 0.388889
vt 0.317029 0.500000
vt 0.317029 0.555556
vt 0.317029 0.611111
vt 0.318746 0.444444
vt 0.318746 0.388889
vt 0.318746 0.500000
vt 0.318746 0.555556
vt 0.318746 0.611111
vt 0.320463 0.444444
vt 0.320463 0.388889
vt 0.320463 0.500000
vt 0.320463 0.555556
vt 0.320463 0.611111
vt 0.313594 0.666667
vt 0.322181 0.666667
vt 0.322181 0.611111
vt 0.320463 0.666667
vt 0.322181 0.388889
vt 0.315311 0.666667
vt 0.322181 0.555556
vt 0.317029 0.666667
vt 0.322181 0.500000
vt 0.318746 0.666667
vt 0.322181 0.444444
vt 0.325612 0.388889
vt 0.325612 0.444444
vt 0.329044 0.444444
vt 0.329044 0.388889
vt 0.325612 0.500000
vt 0.329044 0.500000
vt 0.325612 0.555556
vt 0.329044 0.555556
vt 0.325612 0.611111
vt 0.329044 0.611111
vt 0.332475 0.444444
vt 0.332475 0.388889
vt 0.332475 0.500000
vt 0.332475 0.555556
vt 0.332475 0.611111
vt 0.335907 0.444444
vt 0.335907 0.388889
vt 0.335907 0.500000
vt 0.335907 0.555556
vt 0.335907 0.611111
vt 0.339338 0.444444
vt 0.339338 0.388889
vt 0.339338 0.500000
vt 0.339338 0.555556
vt 0.339338 0.611111
vt 0.325612 0.666667
vt 0.342770 0.666667
vt 0.342770 0.611111
vt 0.339338 0.666667
vt 0.342770 0.388889
vt 0.329044 0.666667
vt 0.342770 0.555556
vt 0.332475 0.666667
vt 0.342770 0.500000
vt 0.335907 0.666667
vt 0.342770 0.444444
vt 0.344997 0.388889
vt 0.344997 0.444444
vt 0.347225 0.444444
vt 0.347225 0.388889
vt 0.344997 0.500000
vt 0.347225 0.500000
vt 0.344997 0.555556
vt 0.347225 0.555556
vt 0.344997 0.611111
vt 0.347225 0.611111
vt 0.349453 0.444444
vt 0.349453 0.388889
vt 0.349453 0.500000
vt 0.349453 0.555556
vt 0.349453 0.611111
vt 0.351681 0.444444
vt 0.351681 0.388889
vt 0.351681 0.500000
vt 0.351681 0.555556
vt 0.351681 0.611111
vt 0.353908 0.444444
vt 0.353908 0.388889
vt 0.353908 0.500000
vt 0.353908 0.555556
vt 0.353908 0.611111
vt 0.344997 0.666667
vt 0.356136 0.666667
vt 0.356136 0.611111
vt 0.353908 0.666667
vt 0.356136 0.388889
vt 0.347225 0.666667
vt 0.356136 0.555556
vt 0.349453 0.666667
vt 0.356136 0.500000
vt 0.351681 0.666667
vt 0.356136 0.444444
vt 0.358562 0.388889
vt 0.358562 0.444444
vt 0.360989 0.444444
vt 0.360989 0.388889
vt 0.358562 0.500000
vt 0.360989 0.500000
vt 0.358562 0.555556
vt 0.360989 0.555556
vt 0.358562 0.611111
vt 0.360989 0.611111
vt 0.363415 0.444444
vt 0.363415 0.388889
vt 0.363415 0.500000
vt 0.363415 0.555556
vt 0.363415 0.611111
vt 0.365842 0.444444
vt 0.365842 0.388889
vt 0.365842 0.500000
vt 0.365842 0.555556
vt 0.365842 0.611111
vt 0.368268 0.444444
vt 0.368268 0.388889
vt 0.368268 0.500000
vt 0.368268 0.555556
vt 0.368268 0.611111
vt 0.358562 0.666667
vt 0.370695 0.666667
vt 0.370695 0.611111
vt 0.368268 0.666667
vt 0.370695 0.388889
vt 0.360989 0.666667
vt 0.370695 0.555556
vt 0.363415 0.666667
vt 0.370695 0.500000
vt 0.365842 0.666667
vt 0.370695 0.444444
vt 0.380054 0.388889
vt 0.380054 0.444444
vt 0.389413 0.444444
vt 0.389413 0.388889
vt 0.380054 0.500000
vt 0.389413 0.500000
vt 0.380054 0.555556
vt 0.389413 0.555556
vt 0.380054 0.611111
vt 0.389413 0.611111
vt 0.398772 0.444444
vt 0.398772 0.388889
vt 0.398772 0.500000
vt 0.398772 0.555556
vt 0.398772 0.611111
vt 0.408132 0.444444
vt 0.408132 0.388889
vt 0.408132 0.500000
vt 0.408132 0.555556
vt 0.408132 0.611111
vt 0.417491 0.444444
vt 0.417491 0.388889
vt 0.417491 0.500000
vt 0.417491 0.555556
vt 0.417491 0.611111
vt 0.380054 0.666667
vt 0.426850 0.666667
vt 0.426850 0.611111
vt 0.417491 0.666667
vt 0.426850 0.388889
vt 0.389413 0.666667
vt 0.426850 0.555556
vt 0.398772 0.666667
vt 0.426850 0.500000
vt 0.408132 0.666667
vt 0.426850 0.444444
vt 0.437006 0.388889
vt 0.437006 0.444444
vt 0.447161 0.444444
vt 0.447161 0.388889
vt 0.437006 0.500000
vt 0.447161 0.500000
vt 0.437006 0.555556
vt 0.447161 0.555556
vt 0.437006 0.611111
vt 0.447161 0.611111
vt 0.457317 0.444444
vt 0.457317 0.388889
vt 0.457317 0.500000
vt 0.457317 0.555556
vt 0.457317 0.611111
vt 0.467472 0.444444
vt 0.467472 0.388889
vt 0.467472 0.500000
vt 0.467472 0.555556
vt 0.467472 0.611111
vt 0.477628 0.444444
vt 0.477628 0.388889
vt 0.477628 0.500000
vt 0.477628 0.555556
vt 0.477628 0.611111
vt 0.437006 0.666667
vt 0.487783 0.666667
vt 0.487783 0.611111
vt 0.477628 0.666667
vt 0.487783 0.388889
vt 0.447161 0.666667
vt 0.487783 0.555556
vt 0.457317 0.666667
vt 0.487783 0.500000
vt 0.467472 0.666667
vt 0.487783 0.444444
vt 0.496711 0.388889
vt 0.496711 0.444444
vt 0.505638 0.444444
vt 0.505638 0.388889
vt 0.496711 0.500000
vt 0.505638 0.500000
vt 0.496711 0.555556
vt 0.505638 0.555556
vt 0.496711 0.611111
vt 0.505638 0.611111
vt 0.514566 0.444444
vt 0.514566 0.388889
vt 0.514566 0.500000
vt 0.514566 0.555556
vt 0.514566 0.611111
vt 0.523493 0.444444
vt 0.523493 0.388889
vt 0.523493 0.500000
vt 0.523493 0.555556
vt 0.523493 0.611111
vt 0.532421 0.444444
vt 0.532421 0.388889
vt 0.532421 0.500000
vt 0.532421 0.555556
vt 0.532421 0.611111
vt 0.496711 0.666667
vt 0.541348 0.666667
vt 0.541348 0.611111
vt 0.532421 0.666667
vt 0.541348 0.388889
vt 0.505638 0.666667
vt 0.541348 0.555556
vt 0.514566 0.666667
vt 0.541348 0.500000
vt 0.523493 0.666667
vt 0.541348 0.444444
vt 0.547032 0.388889
vt 0.547032 0.444444
vt 0.552717 0.444444
vt 0.552717 0.388889
vt 0.547032 0.500000
vt 0.552717 0.500000
vt 0.547032 0.555556
vt 0.552717 0.555556
vt 0.547032 0.611111
vt 0.552717 0.611111
vt 0.558401 0.444444
vt 0.558401 0.388889
vt 0.558401 0.500000
vt 0.558401 0.555556
vt 0.558401 0.611111
vt 0.564085 0.444444
vt 0.564085 0.388889
vt 0.564085 0.500000
vt 0.564085 0.555556
vt 0.564085 0.611111
vt 0.569769 0.444444
vt 0.569769 0.388889
vt 0.569769 0.500000
vt 0.569769 0.555556
vt 0.569769 0.611111
vt 0.547032 0.666667
vt 0.575453 0.666667
vt 0.575453 0.611111
vt 0.569769 0.666667
vt 0.575453 0.388889
vt 0.552717 0.666667
vt 0.575453 0.555556
vt 0.558401 0.666667
vt 0.575453 0.500000
vt 0.564085 0.666667
vt 0.575453 0.444444
vt 0.577681 0.388889
vt 0.577681 0.444444
vt 0.579909 0.444444
vt 0.579909 0.388889
vt 0.577681 0.500000
vt 0.579909 0.500000
vt 0.577681 0.555556
vt 0.579909 0.555556
vt 0.577681 0.611111
vt 0.579909 0.611111
vt 0.582136 0.444444
vt 0.582136 0.388889
vt 0.582136 0.500000
vt 0.582136 0.555556
vt 0.582136 0.611111
vt 0.584364 0.444444
vt 0.584364 0.388889
vt 0.584364 0.500000
vt 0.584364 0.555556
vt 0.584364 0.611111
vt 0.586592 0.444444
vt 0.586592 0.388889
vt 0.586592 0.500000
vt 0.586592 0.555556
vt 0.586592 0.611111
vt 0.577681 0.666667
vt 0.588820 0.666667
vt 0.588820 0.611111
vt 0.586592 0.666667
vt 0.588820 0.388889
vt 0.579909 0.666667
vt 0.588820 0.555556
vt 0.582136 0.666667
vt 0.588820 0.500000
vt 0.584364 0.666667
vt 0.588820 0.444444
vt 0.590658 0.388889
vt 0.590658 0.444444
vt 0.592496 0.444444
vt 0.592496 0.388889
vt 0.590658 0.500000
vt 0.592496 0.500000
vt 0.590658 0.555556
vt 0.592496 0.555556
vt 0.590658 0.611111
vt 0.592496 0.611111
vt 0.594335 0.444444
vt 0.594335 0.388889
vt 0.594335 0.500000
vt 0.594335 0.555556
vt 0.594335 0.611111
vt 0.596173 0.444444
vt 0.596173 0.388889
vt 0.596173 0.500000
vt 0.596173 0.555556
vt 0.596173 0.611111
vt 0.598012 0.444444
vt 0.598012 0.388889
vt 0.598012 0.500000
vt 0.598012 0.555556
vt 0.598012 0.611111
vt 0.590658 0.666667
vt 0.599850 0.666667
vt 0.599850 0.611111
vt 0.598012 0.666667
vt 0.599850 0.388889
vt 0.592496 0.666667
vt 0.599850 0.555556
vt 0.594335 0.666667
vt 0.599850 0.500000
vt 0.596173 0.666667
vt 0.599850 0.444444
vt 0.602320 0.388889
vt 0.602320 0.444444
vt 0.604789 0.444444
vt 0.604789 0.388889
vt 0.602320 0.500000
vt 0.604789 0.500000
vt 0.602320 0.555556
vt 0.604789 0.555556
vt 0.602320 0.611111
vt 0.604789 0.611111
vt 0.607258 0.444444
vt 0.607258 0.388889
vt 0.607258 0.500000
vt 0.607258 0.555556
vt 0.607258 0.611111
vt 0.609728 0.444444
vt 0.609728 0.388889
vt 0.609728 0.500000
vt 0.609728 0.555556
vt 0.609728 0.611111
vt 0.612197 0.444444
vt 0.612197 0.388889
vt 0.612197 0.500000
vt 0.612197 0.555556
vt 0.612197 0.611111
vt 0.602320 0.666667
vt 0.614666 0.666667
vt 0.614666 0.611111
vt 0.612197 0.666667
vt 0.614666 0.388889
vt 0.604789 0.666667
vt 0.614666 0.555556
vt 0.607258 0.666667
vt 0.614666 0.500000
vt 0.609728 0.666667
vt 0.614666 0.444444
vt 0.616392 0.388889
vt 0.616392 0.444444
vt 0.618117 0.444444
vt 0.618117 0.388889
vt 0.616392 0.500000
vt 0.618117 0.500000
vt 0.616392 0.555556
vt 0.618117 0.555556
vt 0.616392 0.611111
vt 0.618117 0.611111
vt 0.619842 0.444444
vt 0.619842 0.388889
vt 0.619842 0.500000
vt 0.619842 0.555556
vt 0.619842 0.611111
vt 0.621568 0.444444
vt 0.621568 0.388889
vt 0.621568 0.500000
vt 0.621568 0.555556
vt 0.621568 0.611111
vt 0.623293 0.444444
vt 0.623293 0.388889
vt 0.623293 0.500000
vt 0.623293 0.555556
vt 0.623293 0.611111
vt 0.616392 0.666667
vt 0.625019 0.666667
vt 0.625019 0.611111
vt 0.623293 0.666667
vt 0.625019 0.388889
vt 0.618117 0.666667
vt 0.625019 0.555556
vt 0.619842 0.666667
vt 0.625019 0.500000
vt 0.621568 0.666667
vt 0.625019 0.444444
vt 0.626951 0.388889
vt 0.626951 0.444444
vt 0.628883 0.444444
vt 0.628883 0.388889
vt 0.626951 0.500000
vt 0.628883 0.500000
vt 0.626951 0.555556
vt 0.628883 0.555556
vt 0.626951 0.611111
vt 0.628883 0.611111
vt 0.630816 0.444444
vt 0.630816 0.388889
vt 0.630816 0.500000
vt 0.630816 0.555556
vt 0.630816 0.611111
vt 0.632748 0.444444
vt 0.632748 0.388889
vt 0.632748 0.500000
vt 0.632748 0.555556
vt 0.632748 0.611111
vt 0.634680 0.444444
vt 0.634680 0.388889
vt 0.634680 0.500000
vt 0.634680 0.555556
vt 0.634680 0.611111
vt 0.626951 0.666667
vt 0.636612 0.666667
vt 0.636612 0.611111
vt 0.634680 0.666667
vt 0.636612 0.388889
vt 0.628883 0.666667
vt 0.636612 0.555556
vt 0.630816 0.666667
vt 0.636612 0.500000
vt 0.632748 0.666667
vt 0.636612 0.444444
vt 0.638580 0.388889
vt 0.638580 0.444444
vt 0.640547 0.444444
vt 0.640547 0.388889
vt 0.638580 0.500000
vt 0.640547 0.500000
vt 0.638580 0.555556
vt 0.640547 0.555556
vt 0.638580 0.611111
vt 0.640547 0.611111
vt 0.642514 0.444444
vt 0.642514 0.388889
vt 0.642514 0.500000
vt 0.642514 0.555556
vt 0.642514 0.611111
vt 0.644481 0.444444
vt 0.644481 0.388889
vt 0.644481 0.500000
vt 0.644481 0.555556
vt 0.644481 0.611111
vt 0.646449 0.444444
vt 0.646449 0.388889
vt 0.646449 0.500000
vt 0.646449 0.555556
vt 0.646449 0.611111
vt 0.638580 0.666667
vt 0.648416 0.666667
vt 0.648416 0.611111
vt 0.646449 0.666667
vt 0.648416 0.388889
vt 0.640547 0.666667
vt 0.648416 0.555556
vt 0.642514 0.666667
vt 0.648416 0.500000
vt 0.644481 0.666667
vt 0.648416 0.444444
vt 0.651890 0.388889
vt 0.651890 0.444444
vt 0.655363 0.444444
vt 0.655363 0.388889
vt 0.651890 0.500000
vt 0.655363 0.500000
vt 0.651890 0.555556
vt 0.655363 0.555556
vt 0.651890 0.611111
vt 0.655363 0.611111
vt 0.658837 0.444444
vt 0.658837 0.388889
vt 0.658837 0.500000
vt 0.658837 0.555556
vt 0.658837 0.611111
vt 0.662310 0.444444
vt 0.662310 0.388889
vt 0.662310 0.500000
vt 0.662310 0.555556
vt 0.662310 0.611111
vt 0.665784 0.444444
vt 0.665784 0.388889
vt 0.665784 0.500000
vt 0.665784 0.555556
vt 0.665784 0.611111
vt 0.651890 0.666667
vt 0.669258 0.666667
vt 0.669258 0.611111
vt 0.665784 0.666667
vt 0.669258 0.388889
vt 0.655363 0.666667
vt 0.669258 0.555556
vt 0.658837 0.666667
vt 0.669258 0.500000
vt 0.662310 0.666667
vt 0.669258 0.444444
vt 0.672868 0.388889
vt 0.672868 0.444444
vt 0.676478 0.444444
vt 0.676478 0.388889
vt 0.672868 0.500000
vt 0.676478 0.500000
vt 0.672868 0.555556
vt 0.676478 0.555556
vt 0.672868 0.611111
vt 0.676478 0.611111
vt 0.680088 0.444444
vt 0.680088 0.388889
vt 0.680088 0.500000
vt 0.680088 0.555556
vt 0.680088 0.611111
vt 0.683698 0.444444
vt 0.683698 0.388889
vt 0.683698 0.500000
vt 0.683698 0.555556
vt 0.683698 0.611111
vt 0.687308 0.444444
vt 0.687308 0.388889
vt 0.687308 0.500000
vt 0.687308 0.555556
vt 0.687308 0.611111
vt 0.672868 0.666667
vt 0.690918 0.666667
vt 0.690918 0.611111
vt 0.687308 0.666667
vt 0.690918 0.388889
vt 0.676478 0.666667
vt 0.690918 0.555556
vt 0.680088 0.666667
vt 0.690918 0.500000
vt 0.683698 0.666667
vt 0.690918 0.444444
vt 0.692962 0.388889
vt 0.692962 0.444444
vt 0.695006 0.444444
vt 0.695006 0.388889
vt 0.692962 0.500000
vt 0.695006 0.500000
vt 0.692962 0.555556
vt 0.695006 0.555556
vt 0.692962 0.611111
vt 0.695006 0.611111
vt 0.697050 0.444444
vt 0.697050 0.388889
vt 0.697050 0.500000
vt 0.697050 0.555556
vt 0.697050 0.611111
vt 0.699094 0.444444
vt 0.699094 0.388889
vt 0.699094 0.500000
vt 0.699094 0.555556
vt 0.699094 0.611111
vt 0.701139 0.444444
vt 0.701139 0.388889
vt 0.701139 0.500000
vt 0.701139 0.555556
vt 0.701139 0.611111
vt 0.692962 0.666667
vt 0.703183 0.666667
vt 0.703183 0.611111
vt 0.701139 0.666667
vt 0.703183 0.388889
vt 0.695006 0.666667
vt 0.703183 0.555556
vt 0.697050 0.666667
vt 0.703183 0.500000
vt 0.699094 0.666667
vt 0.703183 0.444444
vt 0.705290 0.388889
vt 0.705290 0.444444
vt 0.707397 0.444444
vt 0.707397 0.388889
vt 0.705290 0.500000
vt 0.707397 0.500000
vt 0.705290 0.555556
vt 0.707397 0.555556
vt 0.705290 0.611111
vt 0.707397 0.611111
vt 0.709505 0.444444
vt 0.709505 0.388889
vt 0.709505 0.500000
vt 0.709505 0.555556
vt 0.709505 0.611111
vt 0.711612 0.444444
vt 0.711612 0.388889
vt 0.711612 0.500000
vt 0.711612 0.555556
vt 0.711612 0.611111
vt 0.713720 0.444444
vt 0.713720 0.388889
vt 0.713720 0.500000
vt 0.713720 0.555556
vt 0.713720 0.611111
vt 0.705290 0.666667
vt 0.715827 0.666667
vt 0.715827 0.611111
vt 0.713720 0.666667
vt 0.715827 0.388889
vt 0.707397 0.666667
vt 0.715827 0.555556
vt 0.709505 0.666667
vt 0.715827 0.500000
vt 0.711612 0.666667
vt 0.715827 0.444444
vt 0.719995 0.388889
vt 0.719995 0.444444
vt 0.724164 0.444444
vt 0.724164 0.388889
vt 0.719995 0.500000
vt 0.724164 0.500000
vt 0.719995 0.555556
vt 0.724164 0.555556
vt 0.719995 0.611111
vt 0.724164 0.611111
vt 0.728332 0.444444
vt 0.728332 0.388889
vt 0.728332 0.500000
vt 0.728332 0.555556
vt 0.728332 0.611111
vt 0.732501 0.444444
vt 0.732501 0.388889
vt 0.732501 0.500000
vt 0.732501 0.555556
vt 0.732501 0.611111
vt 0.736669 0.444444
vt 0.736669 0.388889
vt 0.736669 0.500000
vt 0.736669 0.555556
vt 0.736669 0.611111
vt 0.719995 0.666667
vt 0.740837 0.666667
vt 0.740837 0.611111
vt 0.736669 0.666667
vt 0.740837 0.388889
vt 0.724164 0.666667
vt 0.740837 0.555556
vt 0.728332 0.666667
vt 0.740837 0.500000
vt 0.732501 0.666667
vt 0.740837 0.444444
vt 0.746036 0.388889
vt 0.746036 0.444444
vt 0.751235 0.444444
vt 0.751235 0.388889
vt 0.746036 0.500000
vt 0.751235 0.500000
vt 0.746036 0.555556
vt 0.751235 0.555556
vt 0.746036 0.611111
vt 0.751235 0.611111
vt 0.756433 0.444444
vt 0.756433 0.388889
vt 0.756433 0.500000
vt 0.756433 0.555556
vt 0.756433 0.611111
vt 0.761632 0.444444
vt 0.761632 0.388889
vt 0.761632 0.500000
vt 0.761632 0.555556
vt 0.761632 0.611111
vt 0.766831 0.444444
vt 0.766831 0.388889
vt 0.766831 0.500000
vt 0.766831 0.555556
vt 0.766831 0.611111
vt 0.746036 0.666667
vt 0.772030 0.666667
vt 0.772030 0.611111
vt 0.766831 0.666667
vt 0.772030 0.388889
vt 0.751235 0.666667
vt 0.772030 0.555556
vt 0.756433 0.666667
vt 0.772030 0.500000
vt 0.761632 0.666667
vt 0.772030 0.444444
vt 0.776349 0.388889
vt 0.776349 0.444444
vt 0.780669 0.444444
vt 0.780669 0.388889
vt 0.776349 0.500000
vt 0.780669 0.500000
vt 0.776349 0.555556
vt 0.780669 0.555556
vt 0.776349 0.611111
vt 0.780669 0.611111
vt 0.784989 0.444444
vt 0.784989 0.388889
vt 0.784989 0.500000
vt 0.784989 0.555556
vt 0.784989 0.611111
vt 0.789309 0.444444
vt 0.789309 0.388889
vt 0.789309 0.500000
vt 0.789309 0.555556
vt 0.789309 0.611111
vt 0.793629 0.444444
vt 0.793629 0.388889
vt 0.793629 0.500000
vt 0.793629 0.555556
vt 0.793629 0.611111
vt 0.776349 0.666667
vt 0.797948 0.666667
vt 0.797948 0.611111
vt 0.793629 0.666667
vt 0.797948 0.388889
vt 0.780669 0.666667
vt 0.797948 0.555556
vt 0.784989 0.666667
vt 0.797948 0.500000
vt 0.789309 0.666667
vt 0.797948 0.444444
vt 0.807390 0.388889
vt 0.807390 0.444444
vt 0.816831 0.444444
vt 0.816831 0.388889
vt 0.807390 0.500000
vt 0.816831 0.500000
vt 0.807390 0.555556
vt 0.816831 0.555556
vt 0.807390 0.611111
vt 0.816831 0.611111
vt 0.826272 0.444444
vt 0.826272 0.388889
vt 0.826272 0.500000
vt 0.826272 0.555556
vt 0.826272 0.611111
vt 0.835713 0.444444
vt 0.835713 0.388889
vt 0.835713 0.500000
vt 0.835713 0.555556
vt 0.835713 0.611111
vt 0.845155 0.444444
vt 0.845155 0.388889
vt 0.845155 0.500000
vt 0.845155 0.555556
vt 0.845155 0.611111
vt 0.807390 0.666667
vt 0.854596 0.666667
vt 0.854596 0.611111
vt 0.845155 0.666667
vt 0.854596 0.388889
vt 0.816831 0.666667
vt 0.854596 0.555556
vt 0.826272 0.666667
vt 0.854596 0.500000
vt 0.835713 0.666667
vt 0.854596 0.444444
vt 0.863868 0.388889
vt 0.863868 0.444444
vt 0.873139 0.444444
vt 0.873139 0.388889
vt 0.863868 0.500000
vt 0.873139 0.500000
vt 0.863868 0.555556
vt 0.873139 0.555556
vt 0.863868 0.611111
vt 0.873139 0.611111
vt 0.882411 0.444444
vt 0.882411 0.388889
vt 0.882411 0.500000
vt 0.882411 0.555556
vt 0.882411 0.611111
vt 0.891683 0.444444
vt 0.891683 0.388889
vt 0.891683 0.500000
vt 0.891683 0.555556
vt 0.891683 0.611111
vt 0.900955 0.444444
vt 0.900955 0.388889
vt 0.900955 0.500000
vt 0.900955 0.555556
vt 0.900955 0.611111
vt 0.863868 0.666667
vt 0.910227 0.666667
vt 0.910227 0.611111
vt 0.900955 0.666667
vt 0.910227 0.388889
vt 0.873139 0.666667
vt 0.910227 0.555556
vt 0.882411 0.666667
vt 0.910227 0.500000
vt 0.891683 0.666667
vt 0.910227 0.444444
vt 0.912713 0.388889
vt 0.912713 0.444444
vt 0.915200 0.444444
vt 0.915200 0.388889
vt 0.912713 0.500000
vt 0.915200 0.500000
vt 0.912713 0.555556
vt 0.915200 0.555556
vt 0.912713 0.611111
vt 0.915200 0.611111
vt 0.917686 0.444444
vt 0.917686 0.388889
vt 0.917686 0.500000
vt 0.917686 0.555556
vt 0.917686 0.611111
vt 0.920172 0.444444
vt 0.920172 0.388889
vt 0.920172 0.500000
vt 0.920172 0.555556
vt 0.920172 0.611111
vt 0.922659 0.444444
vt 0.922659 0.388889
vt 0.922659 0.500000
vt 0.922659 0.555556
vt 0.922659 0.611111
vt 0.912713 0.666667
vt 0.925145 0.666667
vt 0.925145 0.611111
vt 0.922659 0.666667
vt 0.925145 0.388889
vt 0.915200 0.666667
vt 0.925145 0.555556
vt 0.917686 0.666667
vt 0.925145 0.500000
vt 0.920172 0.666667
vt 0.925145 0.444444
vt 0.929055 0.388889
vt 0.929055 0.444444
vt 0.932965 0.444444
vt 0.932965 0.388889
vt 0.929055 0.500000
vt 0.932965 0.500000
vt 0.929055 0.555556
vt 0.932965 0.555556
vt 0.929055 0.611111
vt 0.932965 0.611111
vt 0.936875 0.444444
vt 0.936875 0.388889
vt 0.936875 0.500000
vt 0.936875 0.555556
vt 0.936875 0.611111
vt 0.940785 0.444444
vt 0.940785 0.388889
vt 0.940785 0.500000
vt 0.940785 0.555556
vt 0.940785 0.611111
vt 0.944695 0.444444
vt 0.944695 0.388889
vt 0.944695 0.500000
vt 0.944695 0.555556
vt 0.944695 0.611111
vt 0.929055 0.666667
vt 0.948605 0.666667
vt 0.948605 0.611111
vt 0.944695 0.666667
vt 0.948605 0.388889
vt 0.932965 0.666667
vt 0.948605 0.555556
vt 0.936875 0.666667
vt 0.948605 0.500000
vt 0.940785 0.666667
vt 0.948605 0.444444
vt 0.950025 0.388889
vt 0.950025 0.444444
vt 0.951446 0.444444
vt 0.951446 0.388889
vt 0.950025 0.500000
vt 0.951446 0.500000
vt 0.950025 0.555556
vt 0.951446 0.555556
vt 0.950025 0.611111
vt 0.951446 0.611111
vt 0.952866 0.444444
vt 0.952866 0.388889
vt 0.952866 0.500000
vt 0.952866 0.555556
vt 0.952866 0.611111
vt 0.954286 0.444444
vt 0.954286 0.388889
vt 0.954286 0.500000
vt 0.954286 0.555556
vt 0.954286 0.611111
vt 0.955707 0.444444
vt 0.955707 0.388889
vt 0.955707 0.500000
vt 0.955707 0.555556
vt 0.955707 0.611111
vt 0.950025 0.666667
vt 0.957127 0.666667
vt 0.957127 0.611111
vt 0.955707 0.666667
vt 0.957127 0.388889
vt 0.951446 0.666667
vt 0.957127 0.555556
vt 0.952866 0.666667
vt 0.957127 0.500000
vt 0.954286 0.666667
vt 0.957127 0.444444
vt 0.960740 0.388889
vt 0.960740 0.444444
vt 0.964354 0.444444
vt 0.964354 0.388889
vt 0.960740 0.500000
vt 0.964354 0.500000
vt 0.960740 0.555556
vt 0.964354 0.555556
vt 0.960740 0.611111
vt 0.964354 0.611111
vt 0.967967 0.444444
vt 0.967967 0.388889
vt 0.967967 0.500000
vt 0.967967 0.555556
vt 0.967967 0.611111
vt 0.971581 0.444444
vt 0.971581 0.388889
vt 0.971581 0.500000
vt 0.971581 0.555556
vt 0.971581 0.611111
vt 0.975194 0.444444
vt 0.975194 0.388889
vt 0.975194 0.500000
vt 0.975194 0.555556
vt 0.975194 0.611111
vt 0.960740 0.666667
vt 0.978808 0.666667
vt 0.978808 0.611111
vt 0.975194 0.666667
vt 0.978808 0.388889
vt 0.964354 0.666667
vt 0.978808 0.555556
vt 0.967967 0.666667
vt 0.978808 0.500000
vt 0.971581 0.666667
vt 0.978808 0.444444
vt 0.982340 0.388889
vt 0.982340 0.444444
vt 0.985872 0.444444
vt 0.985872 0.388889
vt 0.982340 0.500000
vt 0.985872 0.500000
vt 0.982340 0.555556
vt 0.985872 0.555556
vt 0.982340 0.611111
vt 0.985872 0.611111
vt 0.989404 0.444444
vt 0.989404 0.388889
vt 0.989404 0.500000
vt 0.989404 0.555556
vt 0.989404 0.611111
vt 0.992936 0.444444
vt 0.992936 0.388889
vt 0.992936 0.500000
vt 0.992936 0.555556
vt 0.992936 0.611111
vt 0.996468 0.444444
vt 0.996468 0.388889
vt 0.996468 0.500000
vt 0.996468 0.555556
vt 0.996468 0.611111
vt 0.982340 0.666667
vt 1.000000 0.666667
vt 1.000000 0.611111
vt 0.996468 0.666667
vt 1.000000 0.388889
vt 0.985872 0.666667
vt 1.000000 0.555556
vt 0.989404 0.666667
vt 1.000000 0.500000
vt 0.992936 0.666667
vt 1.000000 0.444444
vt 0.022015 0.722222
vt 0.022015 0.777778
vt 0.044031 0.777778
vt 0.044031 0.722222
vt 0.022015 0.833333
vt 0.044031 0.833333
vt 0.022015 0.888889
vt 0.044031 0.888889
vt 0.022015 0.944444
vt 0.044031 0.944444
vt 0.066046 0.777778
vt 0.066046 0.722222
vt 0.066046 0.833333
vt 0.066046 0.888889
vt 0.066046 0.944444
vt 0.088062 0.777778
vt 0.088062 0.722222
vt 0.088062 0.833333
vt 0.088062 0.888889
vt 0.088062 0.944444
vt 0.110077 0.777778
vt 0.110077 0.722222
vt 0.110077 0.833333
vt 0.110077 0.888889
vt 0.110077 0.944444
vt 0.000000 0.722222
vt 0.022015 1.000000
vt 0.000000 0.944444
vt 0.000000 1.000000
vt 0.132093 1.000000
vt 0.132093 0.944444
vt 0.110077 1.000000
vt 0.132093 0.722222
vt 0.000000 0.777778
vt 0.044031 1.000000
vt 0.132093 0.888889
vt 0.000000 0.833333
vt 0.066046 1.000000
vt 0.132093 0.833333
vt 0.000000 0.888889
vt 0.088062 1.000000
vt 0.132093 0.777778
vt 0.137537 0.722222
vt 0.137537 0.777778
vt 0.142982 0.777778
vt 0.142982 0.722222
vt 0.137537 0.833333
vt 0.142982 0.833333
vt 0.137537 0.888889
vt 0.142982 0.888889
vt 0.137537 0.944444
vt 0.142982 0.944444
vt 0.148427 0.777778
vt 0.148427 0.722222
vt 0.148427 0.833333
vt 0.148427 0.888889
vt 0.148427 0.944444
vt 0.153872 0.777778
vt 0.153872 0.722222
vt 0.153872 0.833333
vt 0.153872 0.888889
vt 0.153872 0.944444
vt 0.159316 0.777778
vt 0.159316 0.722222
vt 0.159316 0.833333
vt 0.159316 0.888889
vt 0.159316 0.944444
vt 0.137537 1.000000
vt 0.164761 1.000000
vt 0.164761 0.944444
vt 0.159316 1.000000
vt 0.164761 0.722222
vt 0.142982 1.000000
vt 0.164761 0.888889
vt 0.148427 1.000000
vt 0.164761 0.833333
vt 0.153872 1.000000
vt 0.164761 0.777778
vt 0.168789 0.722222
vt 0.168789 0.777778
vt 0.172817 0.777778
vt 0.172817 0.722222
vt 0.168789 0.833333
vt 0.172817 0.833333
vt 0.168789 0.888889
vt 0.172817 0.888889
vt 0.168789 0.944444
vt 0.172817 0.944444
vt 0.176846 0.777778
vt 0.176846 0.722222
vt 0.176846 0.833333
vt 0.176846 0.888889
vt 0.176846 0.944444
vt 0.180874 0.777778
vt 0.180874 0.722222
vt 0.180874 0.833333
vt 0.180874 0.888889
vt 0.180874 0.944444
vt 0.184902 0.777778
vt 0.184902 0.722222
vt 0.184902 0.833333
vt 0.184902 0.888889
vt 0.184902 0.944444
vt 0.168789 1.000000
vt 0.188930 1.000000
vt 0.188930 0.944444
vt 0.184902 1.000000
vt 0.188930 0.722222
vt 0.172817 1.000000
vt 0.188930 0.888889
vt 0.176846 1.000000
vt 0.188930 0.833333
vt 0.180874 1.000000
vt 0.188930 0.777778
vt 0.193348 0.722222
vt 0.193348 0.777778
vt 0.197766 0.777778
vt 0.197766 0.722222
vt 0.193348 0.833333
vt 0.197766 0.833333
vt 0.193348 0.888889
vt 0.197766 0.888889
vt 0.193348 0.944444
vt 0.197766 0.944444
vt 0.202184 0.777778
vt 0.202184 0.722222
vt 0.202184 0.833333
vt 0.202184 0.888889
vt 0.202184 0.944444
vt 0.206603 0.777778
vt 0.206603 0.722222
vt 0.206603 0.833333
vt 0.206603 0.888889
vt 0.206603 0.944444
vt 0.211021 0.777778
vt 0.211021 0.722222
vt 0.211021 0.833333
vt 0.211021 0.888889
vt 0.211021 0.944444
vt 0.193348 1.000000
vt 0.215439 1.000000
vt 0.215439 0.944444
vt 0.211021 1.000000
vt 0.215439 0.722222
vt 0.197766 1.000000
vt 0.215439 0.888889
vt 0.202184 1.000000
vt 0.215439 0.833333
vt 0.206603 1.000000
vt 0.215439 0.777778
vt 0.218948 0.722222
vt 0.218948 0.777778
vt 0.222458 0.777778
vt 0.222458 0.722222
vt 0.218948 0.833333
vt 0.222458 0.833333
vt 0.218948 0.888889
vt 0.222458 0.888889
vt 0.218948 0.944444
vt 0.222458 0.944444
vt 0.225968 0.777778
vt 0.225968 0.722222
vt 0.225968 0.833333
vt 0.225968 0.888889
vt 0.225968 0.944444
vt 0.229478 0.777778
vt 0.229478 0.722222
vt 0.229478 0.833333
vt 0.229478 0.888889
vt 0.229478 0.944444
vt 0.232987 0.777778
vt 0.232987 0.722222
vt 0.232987 0.833333
vt 0.232987 0.888889
vt 0.232987 0.944444
vt 0.218948 1.000000
vt 0.236497 1.000000
vt 0.236497 0.944444
vt 0.232987 1.000000
vt 0.236497 0.722222
vt 0.222458 1.000000
vt 0.236497 0.888889
vt 0.225968 1.000000
vt 0.236497 0.833333
vt 0.229478 1.000000
vt 0.236497 0.777778
vt 0.240811 0.722222
vt 0.240811 0.777778
vt 0.245125 0.777778
vt 0.245125 0.722222
vt 0.240811 0.833333
vt 0.245125 0.833333
vt 0.240811 0.888889
vt 0.245125 0.888889
vt 0.240811 0.944444
vt 0.245125 0.944444
vt 0.249439 0.777778
vt 0.249439 0.722222
vt 0.249439 0.833333
vt 0.249439 0.888889
vt 0.249439 0.944444
vt 0.253754 0.777778
vt 0.253754 0.722222
vt 0.253754 0.833333
vt 0.253754 0.888889
vt 0.253754 0.944444
vt 0.258068 0.777778
vt 0.258068 0.722222
vt 0.258068 0.833333
vt 0.258068 0.888889
vt 0.258068 0.944444
vt 0.240811 1.000000
vt 0.262382 1.000000
vt 0.262382 0.944444
vt 0.258068 1.000000
vt 0.262382 0.722222
vt 0.245125 1.000000
vt 0.262382 0.888889
vt 0.249439 1.000000
vt 0.262382 0.833333
vt 0.253754 1.000000
vt 0.262382 0.777778
vt 0.270631 0.722222
vt 0.270631 0.777778
vt 0.278880 0.777778
vt 0.278880 0.722222
vt 0.270631 0.833333
vt 0.278880 0.833333
vt 0.270631 0.888889
vt 0.278880 0.888889
vt 0.270631 0.944444
vt 0.278880 0.944444
vt 0.287129 0.777778
vt 0.287129 0.722222
vt 0.287129 0.833333
vt 0.287129 0.888889
vt 0.287129 0.944444
vt 0.295379 0.777778
vt 0.295379 0.722222
vt 0.295379 0.833333
vt 0.295379 0.888889
vt 0.295379 0.944444
vt 0.303628 0.777778
vt 0.303628 0.722222
vt 0.303628 0.833333
vt 0.303628 0.888889
vt 0.303628 0.944444
vt 0.270631 1.000000
vt 0.311877 1.000000
vt 0.311877 0.944444
vt 0.303628 1.000000
vt 0.311877 0.722222
vt 0.278880 1.000000
vt 0.311877 0.888889
vt 0.287129 1.000000
vt 0.311877 0.833333
vt 0.295379 1.000000
vt 0.311877 0.777778
vt 0.313594 0.722222
vt 0.313594 0.777778
vt 0.315311 0.777778
vt 0.315311 0.722222
vt 0.313594 0.833333
vt 0.315311 0.833333
vt 0.313594 0.888889
vt 0.315311 0.888889
vt 0.313594 0.944444
vt 0.315311 0.944444
vt 0.317029 0.777778
vt 0.317029 0.722222
vt 0.317029 0.833333
vt 0.317029 0.888889
vt 0.317029 0.944444
vt 0.318746 0.777778
vt 0.318746 0.722222
vt 0.318746 0.833333
vt 0.318746 0.888889
vt 0.318746 0.944444
vt 0.320463 0.777778
vt 0.320463 0.722222
vt 0.320463 0.833333
vt 0.320463 0.888889
vt 0.320463 0.944444
vt 0.313594 1.000000
vt 0.322181 1.000000
vt 0.322181 0.944444
vt 0.320463 1.000000
vt 0.322181 0.722222
vt 0.315311 1.000000
vt 0.322181 0.888889
vt 0.317029 1.000000
vt 0.322181 0.833333
vt 0.318746 1.000000
vt 0.322181 0.777778
vt 0.325612 0.722222
vt 0.325612 0.777778
vt 0.329044 0.777778
vt 0.329044 0.722222
vt 0.325612 0.833333
vt 0.329044 0.833333
vt 0.325612 0.888889
vt 0.329044 0.888889
vt 0.325612 0.944444
vt 0.329044 0.944444
vt 0.332475 0.777778
vt 0.332475 0.722222
vt 0.332475 0.833333
vt 0.332475 0.888889
vt 0.332475 0.944444
vt 0.335907 0.777778
vt 0.335907 0.722222
vt 0.335907 0.833333
vt 0.335907 0.888889
vt 0.335907 0.944444
vt 0.339338 0.777778
vt 0.339338 0.722222
vt 0.339338 0.833333
vt 0.339338 0.888889
vt 0.339338 0.944444
vt 0.325612 1.000000
vt 0.342770 1.000000
vt 0.342770 0.944444
vt 0.339338 1.000000
vt 0.342770 0.722222
vt 0.329044 1.000000
vt 0.342770 0.888889
vt 0.332475 1.000000
vt 0.342770 0.833333
vt 0.335907 1.000000
vt 0.342770 0.777778
vt 0.344997 0.722222
vt 0.344997 0.777778
vt 0.347225 0.777778
vt 0.347225 0.722222
vt 0.344997 0.833333
vt 0.347225 0.833333
vt 0.344997 0.888889
vt 0.347225 0.888889
vt 0.344997 0.944444
vt 0.347225 0.944444
vt 0.349453 0.777778
vt 0.349453 0.722222
vt 0.349453 0.833333
vt 0.349453 0.888889
vt 0.349453 0.944444
vt 0.351681 0.777778
vt 0.351681 0.722222
vt 0.351681 0.833333
vt 0.351681 0.888889
vt 0.351681 0.944444
vt 0.353908 0.777778
vt 0.353908 0.722222
vt 0.353908 0.833333
vt 0.353908 0.888889
vt 0.353908 0.944444
vt 0.344997 1.000000
vt 0.356136 1.000000
vt 0.356136 0.944444
vt 0.353908 1.000000
vt 0.356136 0.722222
vt 0.347225 1.000000
vt 0.356136 0.888889
vt 0.349453 1.000000
vt 0.356136 0.833333
vt 0.351681 1.000000
vt 0.356136 0.777778
vt 0.358562 0.722222
vt 0.358562 0.777778
vt 0.360989 0.777778
vt 0.360989 0.722222
vt 0.358562 0.833333
vt 0.360989 0.833333
vt 0.358562 0.888889
vt 0.360989 0.888889
vt 0.358562 0.944444
vt 0.360989 0.944444
vt 0.363415 0.777778
vt 0.363415 0.722222
vt 0.363415 0.833333
vt 0.363415 0.888889
vt 0.363415 0.944444
vt 0.365842 0.777778
vt 0.365842 0.722222
vt 0.365842 0.833333
vt 0.365842 0.888889
vt 0.365842 0.944444
vt 0.368268 0.777778
vt 0.368268 0.722222
vt 0.368268 0.833333
vt 0.368268 0.888889
vt 0.368268 0.944444
vt 0.358562 1.000000
vt 0.370695 1.000000
vt 0.370695 0.944444
vt 0.368268 1.000000
vt 0.370695 0.722222
vt 0.360989 1.000000
vt 0.370695 0.888889
vt 0.363415 1.000000
vt 0.370695 0.833333
vt 0.365842 1.000000
vt 0.370695 0.777778
vt 0.380054 0.722222
vt 0.380054 0.777778
vt 0.389413 0.777778
vt 0.389413 0.722222
vt 0.380054 0.833333
vt 0.389413 0.833333
vt 0.380054 0.888889
vt 0.389413 0.888889
vt 0.380054 0.944444
vt 0.389413 0.944444
vt 0.398772 0.777778
vt 0.398772 0.722222
vt 0.398772 0.833333
vt 0.398772 0.888889
vt 0.398772 0.944444
vt 0.408132 0.777778
vt 0.408132 0.722222
vt 0.408132 0.833333
vt 0.408132 0.888889
vt 0.408132 0.944444
vt 0.417491 0.777778
vt 0.417491 0.722222
vt 0.417491 0.833333
vt 0.417491 0.888889
vt 0.417491 0.944444
vt 0.380054 1.000000
vt 0.426850 1.000000
vt 0.426850 0.944444
vt 0.417491 1.000000
vt 0.426850 0.722222
vt 0.389413 1.000000
vt 0.426850 0.888889
vt 0.398772 1.000000
vt 0.426850 0.833333
vt 0.408132 1.000000
vt 0.426850 0.777778
vt 0.437006 0.722222
vt 0.437006 0.777778
vt 0.447161 0.777778
vt 0.447161 0.722222
vt 0.437006 0.833333
vt 0.447161 0.833333
vt 0.437006 0.888889
vt 0.447161 0.888889
vt 0.437006 0.944444
vt 0.447161 0.944444
vt 0.457317 0.777778
vt 0.457317 0.722222
vt 0.457317 0.833333
vt 0.457317 0.888889
vt 0.457317 0.944444
vt 0.467472 0.777778
vt 0.467472 0.722222
vt 0.467472 0.833333
vt 0.467472 0.888889
vt 0.467472 0.944444
vt 0.477628 0.777778
vt 0.477628 0.722222
vt 0.477628 0.833333
vt 0.477628 0.888889
vt 0.477628 0.944444
vt 0.437006 1.000000
vt 0.487783 1.000000
vt 0.487783 0.944444
vt 0.477628 1.000000
vt 0.487783 0.722222
vt 0.447161 1.000000
vt 0.487783 0.888889
vt 0.457317 1.000000
vt 0.487783 0.833333
vt 0.467472 1.000000
vt 0.487783 0.777778
vt 0.496711 0.722222
vt 0.496711 0.777778
vt 0.505638 0.777778
vt 0.505638 0.722222
vt 0.496711 0.833333
vt 0.505638 0.833333
vt 0.496711 0.888889
vt 0.505638 0.888889
vt 0.496711 0.944444
vt 0.505638 0.944444
vt 0.514566 0.777778
vt 0.514566 0.722222
vt 0.514566 0.833333
vt 0.514566 0.888889
vt 0.514566 0.944444
vt 0.523493 0.777778
vt 0.523493 0.722222
vt 0.523493 0.833333
vt 0.523493 0.888889
vt 0.523493 0.944444
vt 0.532421 0.777778
vt 0.532421 0.722222
vt 0.532421 0.833333
vt 0.532421 0.888889
vt 0.532421 0.944444
vt 0.496711 1.000000
vt 0.541348 1.000000
vt 0.541348 0.944444
vt 0.532421 1.000000
vt 0.541348 0.722222
vt 0.505638 1.000000
vt 0.541348 0.888889
vt 0.514566 1.000000
vt 0.541348 0.833333
vt 0.523493 1.000000
vt 0.541348 0.777778
vt 0.547032 0.722222
vt 0.547032 0.777778
vt 0.552717 0.777778
vt 0.552717 0.722222
vt 0.547032 0.833333
vt 0.552717 0.833333
vt 0.547032 0.888889
vt 0.552717 0.888889
vt 0.547032 0.944444
vt 0.552717 0.944444
vt 0.558401 0.777778
vt 0.558401 0.722222
vt 0.558401 0.833333
vt 0.558401 0.888889
vt 0.558401 0.944444
vt 0.564085 0.777778
vt 0.564085 0.722222
vt 0.564085 0.833333
vt 0.564085 0.888889
vt 0.564085 0.944444
vt 0.569769 0.777778
vt 0.569769 0.722222
vt 0.569769 0.833333
vt 0.569769 0.888889
vt 0.569769 0.944444
vt 0.547032 1.000000
vt 0.575453 1.000000
vt 0.575453 0.944444
vt 0.569769 1.000000
vt 0.575453 0.722222
vt 0.552717 1.000000
vt 0.575453 0.888889
vt 0.558401 1.000000
vt 0.575453 0.833333
vt 0.564085 1.000000
vt 0.575453 0.777778
vt 0.577681 0.722222
vt 0.577681 0.777778
vt 0.579909 0.777778
vt 0.579909 0.722222
vt 0.577681 0.833333
vt 0.579909 0.833333
vt 0.577681 0.888889
vt 0.579909 0.888889
vt 0.577681 0.944444
vt 0.579909 0.944444
vt 0.582136 0.777778
vt 0.582136 0.722222
vt 0.582136 0.833333
vt 0.582136 0.888889
vt 0.582136 0.944444
vt 0.584364 0.777778
vt 0.584364 0.722222
vt 0.584364 0.833333
vt 0.584364 0.888889
vt 0.584364 0.944444
vt 0.586592 0.777778
vt 0.586592 0.722222
vt 0.586592 0.833333
vt 0.586592 0.888889
vt 0.586592 0.944444
vt 0.577681 1.000000
vt 0.588820 1.000000
vt 0.588820 0.944444
vt 0.586592 1.000000
vt 0.588820 0.722222
vt 0.579909 1.000000
vt 0.588820 0.888889
vt 0.582136 1.000000
vt 0.588820 0.833333
vt 0.584364 1.000000
vt 0.588820 0.777778
vt 0.590658 0.722222
vt 0.590658 0.777778
vt 0.592496 0.777778
vt 0.592496 0.722222
vt 0.590658 0.833333
vt 0.592496 0.833333
vt 0.590658 0.888889
vt 0.592496 0.888889
vt 0.590658 0.944444
vt 0.592496 0.944444
vt 0.594335 0.777778
vt 0.594335 0.722222
vt 0.594335 0.833333
vt 0.594335 0.888889
vt 0.594335 0.944444
vt 0.596173 0.777778
vt 0.596173 0.722222
vt 0.596173 0.833333
vt 0.596173 0.888889
vt 0.596173 0.944444
vt 0.598012 0.777778
vt 0.598012 0.722222
vt 0.598012 0.833333
vt 0.598012 0.888889
vt 0.598012 0.944444
vt 0.590658 1.000000
vt 0.599850 1.000000
vt 0.599850 0.944444
vt 0.598012 1.000000
vt 0.599850 0.722222
vt 0.592496 1.000000
vt 0.599850 0.888889
vt 0.594335 1.000000
vt 0.599850 0.833333
vt 0.596173 1.000000
vt 0.599850 0.777778
vt 0.602320 0.722222
vt 0.602320 0.777778
vt 0.604789 0.777778
vt 0.604789 0.722222
vt 0.602320 0.833333
vt 0.604789 0.833333
vt 0.602320 0.888889
vt 0.604789 0.888889
vt 0.602320 0.944444
vt 0.604789 0.944444
vt 0.607258 0.777778
vt 0.607258 0.722222
vt 0.607258 0.833333
vt 0.607258 0.888889
vt 0.607258 0.944444
vt 0.609728 0.777778
vt 0.609728 0.722222
vt 0.609728 0.833333
vt 0.609728 0.888889
vt 0.609728 0.944444
vt 0.612197 0.777778
vt 0.612197 0.722222
vt 0.612197 0.833333
vt 0.612197 0.888889
vt 0.612197 0.944444
vt 0.602320 1.000000
vt 0.614666 1.000000
vt 0.614666 0.944444
vt 0.612197 1.000000
vt 0.614666 0.722222
vt 0.604789 1.000000
vt 0.614666 0.888889
vt 0.607258 1.000000
vt 0.614666 0.833333
vt 0.609728 1.000000
vt 0.614666 0.777778
vt 0.616392 0.722222
vt 0.616392 0.777778
vt 0.618117 0.777778
vt 0.618117 0.722222
vt 0.616392 0.833333
vt 0.618117 0.833333
vt 0.616392 0.888889
vt 0.618117 0.888889
vt 0.616392 0.944444
vt 0.618117 0.944444
vt 0.619842 0.777778
vt 0.619842 0.722222
vt 0.619842 0.833333
vt 0.619842 0.888889
vt 0.619842 0.944444
vt 0.621568 0.777778
vt 0.621568 0.722222
vt 0.621568 0.833333
vt 0.621568 0.888889
vt 0.621568 0.944444
vt 0.623293 0.777778
vt 0.623293 0.722222
vt 0.623293 0.833333
vt 0.623293 0.888889
vt 0.623293 0.944444
vt 0.616392 1.000000
vt 0.625019 1.000000
vt 0.625019 0.944444
vt 0.623293 1.000000
vt 0.625019 0.722222
vt 0.618117 1.000000
vt 0.625019 0.888889
vt 0.619842 1.000000
vt 0.625019 0.833333
vt 0.621568 1.000000
vt 0.625019 0.777778
vt 0.626951 0.722222
vt 0.626951 0.777778
vt 0.628883 0.777778
vt 0.628883 0.722222
vt 0.626951 0.833333
vt 0.628883 0.833333
vt 0.626951 0.888889
vt 0.628883 0.888889
vt 0.626951 0.944444
vt 0.628883 0.944444
vt 0.630816 0.777778
vt 0.630816 0.722222
vt 0.630816 0.833333
vt 0.630816 0.888889
vt 0.630816 0.944444
vt 0.632748 0.777778
vt 0.632748 0.722222
vt 0.632748 0.833333
vt 0.632748 0.888889
vt 0.632748 0.944444
vt 0.634680 0.777778
vt 0.634680 0.722222
vt 0.634680 0.833333
vt 0.634680 0.888889
vt 0.634680 0.944444
vt 0.626951 1.000000
vt 0.636612 1.000000
vt 0.636612 0.944444
vt 0.634680 1.000000
vt 0.636612 0.722222
vt 0.628883 1.000000
vt 0.636612 0.888889
vt 0.630816 1.000000
vt 0.636612 0.833333
vt 0.632748 1.000000
vt 0.636612 0.777778
vt 0.638580 0.722222
vt 0.638580 0.777778
vt 0.640547 0.777778
vt 0.640547 0.722222
vt 0.638580 0.833333
vt 0.640547 0.833333
vt 0.638580 0.888889
vt 0.640547 0.888889
vt 0.638580 0.944444
vt 0.640547 0.944444
vt 0.642514 0.777778
vt 0.642514 0.722222
vt 0.642514 0.833333
vt 0.642514 0.888889
vt 0.642514 0.944444
vt 0.644481 0.777778
vt 0.644481 0.722222
vt 0.644481 0.833333
vt 0.644481 0.888889
vt 0.644481 0.944444
vt 0.646449 0.777778
vt 0.646449 0.722222
vt 0.646449 0.833333
vt 0.646449 0.888889
vt 0.646449 0.944444
vt 0.638580 1.000000
vt 0.648416 1.000000
vt 0.648416 0.944444
vt 0.646449 1.000000
vt 0.648416 0.722222
vt 0.640547 1.000000
vt 0.648416 0.888889
vt 0.642514 1.000000
vt 0.648416 0.833333
vt 0.644481 1.000000
vt 0.648416 0.777778
vt 0.651890 0.722222
vt 0.651890 0.777778
vt 0.655363 0.777778
vt 0.655363 0.722222
vt 0.651890 0.833333
vt 0.655363 0.833333
vt 0.651890 0.888889
vt 0.655363 0.888889
vt 0.651890 0.944444
vt 0.655363 0.944444
vt 0.658837 0.777778
vt 0.658837 0.722222
vt 0.658837 0.833333
vt 0.658837 0.888889
vt 0.658837 0.944444
vt 0.662310 0.777778
vt 0.662310 0.722222
vt 0.662310 0.833333
vt 0.662310 0.888889
vt 0.662310 0.944444
vt 0.665784 0.777778
vt 0.665784 0.722222
vt 0.665784 0.833333
vt 0.665784 0.888889
vt 0.665784 0.944444
vt 0.651890 1.000000
vt 0.669258 1.000000
vt 0.669258 0.944444
vt 0.665784 1.000000
vt 0.669258 0.722222
vt 0.655363 1.000000
vt 0.669258 0.888889
vt 0.658837 1.000000
vt 0.669258 0.833333
vt 0.662310 1.000000
vt 0.669258 0.777778
vt 0.672868 0.722222
vt 0.672868 0.777778
vt 0.676478 0.777778
vt 0.676478 0.722222
vt 0.672868 0.833333
vt 0.676478 0.833333
vt 0.672868 0.888889
vt 0.676478 0.888889
vt 0.672868 0.944444
vt 0.676478 0.944444
vt 0.680088 0.777778
vt 0.680088 0.722222
vt 0.680088 0.833333
vt 0.680088 0.888889
vt 0.680088 0.944444
vt 0.683698 0.777778
vt 0.683698 0.722222
vt 0.683698 0.833333
vt 0.683698 0.888889
vt 0.683698 0.944444
vt 0.687308 0.777778
vt 0.687308 0.722222
vt 0.687308 0.833333
vt 0.687308 0.888889
vt 0.687308 0.944444
vt 0.672868 1.000000
vt 0.690918 1.000000
vt 0.690918 0.944444
vt 0.687308 1.000000
vt 0.690918 0.722222
vt 0.676478 1.000000
vt 0.690918 0.888889
vt 0.680088 1.000000
vt 0.690918 0.833333
vt 0.683698 1.000000
vt 0.690918 0.777778
vt 0.692962 0.722222
vt 0.692962 0.777778
vt 0.695006 0.777778
vt 0.695006 0.722222
vt 0.692962 0.833333
vt 0.695006 0.833333
vt 0.692962 0.888889
vt 0.695006 0.888889
vt 0.692962 0.944444
vt 0.695006 0.944444
vt 0.697050 0.777778
vt 0.697050 0.722222
vt 0.697050 0.833333
vt 0.697050 0.888889
vt 0.697050 0.944444
vt 0.699094 0.777778
vt 0.699094 0.722222
vt 0.699094 0.833333
vt 0.699094 0.888889
vt 0.699094 0.944444
vt 0.701139 0.777778
vt 0.701139 0.722222
vt 0.701139 0.833333
vt 0.701139 0.888889
vt 0.701139 0.944444
vt 0.692962 1.000000
vt 0.703183 1.000000
vt 0.703183 0.944444
vt 0.701139 1.000000
vt 0.703183 0.722222
vt 0.695006 1.000000
vt 0.703183 0.888889
vt 0.697050 1.000000
vt 0.703183 0.833333
vt 0.699094 1.000000
vt 0.703183 0.777778
vt 0.705290 0.722222
vt 0.705290 0.777778
vt 0.707397 0.777778
vt 0.707397 0.722222
vt 0.705290 0.833333
vt 0.707397 0.833333
vt 0.705290 0.888889
vt 0.707397 0.888889
vt 0.705290 0.944444
vt 0.707397 0.944444
vt 0.709505 0.777778
vt 0.709505 0.722222
vt 0.709505 0.833333
vt 0.709505 0.888889
vt 0.709505 0.944444
vt 0.711612 0.777778
vt 0.711612 0.722222
vt 0.711612 0.833333
vt 0.711612 0.888889
vt 0.711612 0.944444
vt 0.713720 0.777778
vt 0.713720 0.722222
vt 0.713720 0.833333
vt 0.713720 0.888889
vt 0.713720 0.944444
vt 0.705290 1.000000
vt 0.715827 1.000000
vt 0.715827 0.944444
vt 0.713720 1.000000
vt 0.715827 0.722222
vt 0.707397 1.000000
vt 0.715827 0.888889
vt 0.709505 1.000000
vt 0.715827 0.833333
vt 0.711612 1.000000
vt 0.715827 0.777778
vt 0.719995 0.722222
vt 0.719995 0.777778
vt 0.724164 0.777778
vt 0.724164 0.722222
vt 0.719995 0.833333
vt 0.724164 0.833333
vt 0.719995 0.888889
vt 0.724164 0.888889
vt 0.719995 0.944444
vt 0.724164 0.944444
vt 0.728332 0.777778
vt 0.728332 0.722222
vt 0.728332 0.833333
vt 0.728332 0.888889
vt 0.728332 0.944444
vt 0.732501 0.777778
vt 0.732501 0.722222
vt 0.732501 0.833333
vt 0.732501 0.888889
vt 0.732501 0.944444
vt 0.736669 0.777778
vt 0.736669 0.722222
vt 0.736669 0.833333
vt 0.736669 0.888889
vt 0.736669 0.944444
vt 0.719995 1.000000
vt 0.740837 1.000000
vt 0.740837 0.944444
vt 0.736669 1.000000
vt 0.740837 0.722222
vt 0.724164 1.000000
vt 0.740837 0.888889
vt 0.728332 1.000000
vt 0.740837 0.833333
vt 0.732501 1.000000
vt 0.740837 0.777778
vt 0.746036 0.722222
vt 0.746036 0.777778
vt 0.751235 0.777778
vt 0.751235 0.722222
vt 0.746036 0.833333
vt 0.751235 0.833333
vt 0.746036 0.888889
vt 0.751235 0.888889
vt 0.746036 0.944444
vt 0.751235 0.944444
vt 0.756433 0.777778
vt 0.756433 0.722222
vt 0.756433 0.833333
vt 0.756433 0.888889
vt 0.756433 0.944444
vt 0.761632 0.777778
vt 0.761632 0.722222
vt 0.761632 0.833333
vt 0.761632 0.888889
vt 0.761632 0.944444
vt 0.766831 0.777778
vt 0.766831 0.722222
vt 0.766831 0.833333
vt 0.766831 0.888889
vt 0.766831 0.944444
vt 0.746036 1.000000
vt 0.772030 1.000000
vt 0.772030 0.944444
vt 0.766831 1.000000
vt 0.772030 0.722222
vt 0.751235 1.000000
vt 0.772030 0.888889
vt 0.756433 1.000000
vt 0.772030 0.833333
vt 0.761632 1.000000
vt 0.772030 0.777778
vt 0.776349 0.722222
vt 0.776349 0.777778
vt 0.780669 0.777778
vt 0.780669 0.722222
vt 0.776349 0.833333
vt 0.780669 0.833333
vt 0.776349 0.888889
vt 0.780669 0.888889
vt 0.776349 0.944444
vt 0.780669 0.944444
vt 0.784989 0.777778
vt 0.784989 0.722222
vt 0.784989 0.833333
vt 0.784989 0.888889
vt 0.784989 0.944444
vt 0.789309 0.777778
vt 0.789309 0.722222
vt 0.789309 0.833333
vt 0.789309 0.888889
vt 0.789309 0.944444
vt 0.793629 0.777778
vt 0.793629 0.722222
vt 0.793629 0.833333
vt 0.793629 0.888889
vt 0.793629 0.944444
vt 0.776349 1.000000
vt 0.797948 1.000000
vt 0.797948 0.944444
vt 0.793629 1.000000
vt 0.797948 0.722222
vt 0.780669 1.000000
vt 0.797948 0.888889
vt 0.784989 1.000000
vt 0.797948 0.833333
vt 0.789309 1.000000
vt 0.797948 0.777778
vt 0.807390 0.722222
vt 0.807390 0.777778
vt 0.816831 0.777778
vt 0.816831 0.722222
vt 0.807390 0.833333
vt 0.816831 0.833333
vt 0.807390 0.888889
vt 0.816831 0.888889
vt 0.807390 0.944444
vt 0.816831 0.944444
vt 0.826272 0.777778
vt 0.826272 0.722222
vt 0.826272 0.833333
vt 0.826272 0.888889
vt 0.826272 0.944444
vt 0.835713 0.777778
vt 0.835713 0.722222
vt 0.835713 0.833333
vt 0.835713 0.888889
vt 0.835713 0.944444
vt 0.845155 0.777778
vt 0.845155 0.722222
vt 0.845155 0.833333
vt 0.845155 0.888889
vt 0.845155 0.944444
vt 0.807390 1.000000
vt 0.854596 1.000000
vt 0.854596 0.944444
vt 0.845155 1.000000
vt 0.854596 0.722222
vt 0.816831 1.000000
vt 0.854596 0.888889
vt 0.826272 1.000000
vt 0.854596 0.833333
vt 0.835713 1.000000
vt 0.854596 0.777778
vt 0.863868 0.722222
vt 0.863868 0.777778
vt 0.873139 0.777778
vt 0.873139 0.722222
vt 0.863868 0.833333
vt 0.873139 0.833333
vt 0.863868 0.888889
vt 0.873139 0.888889
vt 0.863868 0.944444
vt 0.873139 0.944444
vt 0.882411 0.777778
vt 0.882411 0.722222
vt 0.882411 0.833333
vt 0.882411 0.888889
vt 0.882411 0.944444
vt 0.891683 0.777778
vt 0.891683 0.722222
vt 0.891683 0.833333
vt 0.891683 0.888889
vt 0.891683 0.944444
vt 0.900955 0.777778
vt 0.900955 0.722222
vt 0.900955 0.833333
vt 0.900955 0.888889
vt 0.900955 0.944444
vt 0.863868 1.000000
vt 0.910227 1.000000
vt 0.910227 0.944444
vt 0.900955 1.000000
vt 0.910227 0.722222
vt 0.873139 1.000000
vt 0.910227 0.888889
vt 0.882411 1.000000
vt 0.910227 0.833333
vt 0.891683 1.000000
vt 0.910227 0.777778
vt 0.912713 0.722222
vt 0.912713 0.777778
vt 0.915200 0.777778
vt 0.915200 0.722222
vt 0.912713 0.833333
vt 0.915200 0.833333
vt 0.912713 0.888889
vt 0.915200 0.888889
vt 0.912713 0.944444
vt 0.915200 0.944444
vt 0.917686 0.777778
vt 0.917686 0.722222
vt 0.917686 0.833333
vt 0.917686 0.888889
vt 0.917686 0.944444
vt 0.920172 0.777778
vt 0.920172 0.722222
vt 0.920172 0.833333
vt 0.920172 0.888889
vt 0.920172 0.944444
vt 0.922659 0.777778
vt 0.922659 0.722222
vt 0.922659 0.833333
vt 0.922659 0.888889
vt 0.922659 0.944444
vt 0.912713 1.000000
vt 0.925145 1.000000
vt 0.925145 0.944444
vt 0.922659 1.000000
vt 0.925145 0.722222
vt 0.915200 1.000000
vt 0.925145 0.888889
vt 0.917686 1.000000
vt 0.925145 0.833333
vt 0.920172 1.000000
vt 0.925145 0.777778
vt 0.929055 0.722222
vt 0.929055 0.777778
vt 0.932965 0.777778
vt 0.932965 0.722222
vt 0.929055 0.833333
vt 0.932965 0.833333
vt 0.929055 0.888889
vt 0.932965 0.888889
vt 0.929055 0.944444
vt 0.932965 0.944444
vt 0.936875 0.777778
vt 0.936875 0.722222
vt 0.936875 0.833333
vt 0.936875 0.888889
vt 0.936875 0.944444
vt 0.940785 0.777778
vt 0.940785 0.722222
vt 0.940785 0.833333
vt 0.940785 0.888889
vt 0.940785 0.944444
vt 0.944695 0.777778
vt 0.944695 0.722222
vt 0.944695 0.833333
vt 0.944695 0.888889
vt 0.944695 0.944444
vt 0.929055 1.000000
vt 0.948605 1.000000
vt 0.948605 0.944444
vt 0.944695 1.000000
vt 0.948605 0.722222
vt 0.932965 1.000000
vt 0.948605 0.888889
vt 0.936875 1.000000
vt 0.948605 0.833333
vt 0.940785 1.000000
vt 0.948605 0.777778
vt 0.950025 0.722222
vt 0.950025 0.777778
vt 0.951446 0.777778
vt 0.951446 0.722222
vt 0.950025 0.833333
vt 0.951446 0.833333
vt 0.950025 0.888889
vt 0.951446 0.888889
vt 0.950025 0.944444
vt 0.951446 0.944444
vt 0.952866 0.777778
vt 0.952866 0.722222
vt 0.952866 0.833333
vt 0.952866 0.888889
vt 0.952866 0.944444
vt 0.954286 0.777778
vt 0.954286 0.722222
vt 0.954286 0.833333
vt 0.954286 0.888889
vt 0.954286 0.944444
vt 0.955707 0.777778
vt 0.955707 0.722222
vt 0.955707 0.833333
vt 0.955707 0.888889
vt 0.955707 0.944444
vt 0.950025 1.000000
vt 0.957127 1.000000
vt 0.957127 0.944444
vt 0.955707 1.000000
vt 0.957127 0.722222
vt 0.951446 1.000000
vt 0.957127 0.888889
vt 0.952866 1.000000
vt 0.957127 0.833333
vt 0.954286 1.000000
vt 0.957127 0.777778
vt 0.960740 0.722222
vt 0.960740 0.777778
vt 0.964354 0.777778
vt 0.964354 0.722222
vt 0.960740 0.833333
vt 0.964354 0.833333
vt 0.960740 0.888889
vt 0.964354 0.888889
vt 0.960740 0.944444
vt 0.964354 0.944444
vt 0.967967 0.777778
vt 0.967967 0.722222
vt 0.967967 0.833333
vt 0.967967 0.888889
vt 0.967967 0.944444
vt 0.971581 0.777778
vt 0.971581 0.722222
vt 0.971581 0.833333
vt 0.971581 0.888889
vt 0.971581 0.944444
vt 0.975194 0.777778
vt 0.975194 0.722222
vt 0.975194 0.833333
vt 0.975194 0.888889
vt 0.975194 0.944444
vt 0.960740 1.000000
vt 0.978808 1.000000
vt 0.978808 0.944444
vt 0.975194 1.000000
vt 0.978808 0.722222
vt 0.964354 1.000000
vt 0.978808 0.888889
vt 0.967967 1.000000
vt 0.978808 0.833333
vt 0.971581 1.000000
vt 0.978808 0.777778
vt 0.982340 0.722222
vt 0.982340 0.777778
vt 0.985872 0.777778
vt 0.985872 0.722222
vt 0.982340 0.833333
vt 0.985872 0.833333
vt 0.982340 0.888889
vt 0.985872 0.888889
vt 0.982340 0.944444
vt 0.985872 0.944444
vt 0.989404 0.777778
vt 0.989404 0.722222
vt 0.989404 0.833333
vt 0.989404 0.888889
vt 0.989404 0.944444
vt 0.992936 0.777778
vt 0.992936 0.722222
vt 0.992936 0.833333
vt 0.992936 0.888889
vt 0.992936 0.944444
vt 0.996468 0.777778
vt 0.996468 0.722222
vt 0.996468 0.833333
vt 0.996468 0.888889
vt 0.996468 0.944444
vt 0.982340 1.000000
vt 1.000000 1.000000
vt 1.000000 0.944444
vt 0.996468 1.000000
vt 1.000000 0.722222
vt 0.985872 1.000000
vt 1.000000 0.888889
vt 0.989404 1.000000
vt 1.000000 0.833333
vt 0.992936 1.000000
vt 1.000000 0.777778
vn -0.0000 -1.0000 0.0000
vn -0.9358 -0.0000 0.3525
vn -0.7576 0.0000 0.6527
vn -0.5000 0.0000 0.8660
vn -0.1865 0.0000 0.9825
vn 0.1627 0.0000 0.9867
vn -1.0000 -0.0000 -0.0000
vn 0.5000 0.0000 0.8660
vn -0.1724 0.9827 0.0674
vn -0.1487 0.9801 0.1316
vn -0.1230 0.9868 0.1050
vn -0.1588 0.9856 0.0589
vn -0.1025 0.9787 0.1776
vn -0.0793 0.9873 0.1374
vn -0.0396 0.9801 0.1946
vn -0.0294 0.9868 0.1591
vn 0.0279 0.9827 0.1830
vn 0.0284 0.9856 0.1670
vn -0.1161 0.9883 0.0987
vn -0.1549 0.9863 0.0569
vn -0.0735 0.9891 0.1274
vn -0.0274 0.9883 0.1499
vn 0.0282 0.9863 0.1626
vn -0.1217 0.9871 0.1042
vn -0.1583 0.9856 0.0586
vn -0.0783 0.9877 0.1356
vn -0.0294 0.9871 0.1575
vn 0.0284 0.9856 0.1664
vn -0.1456 0.9814 0.1250
vn -0.1701 0.9834 0.0638
vn -0.0992 0.9801 0.1718
vn -0.0355 0.9814 0.1886
vn 0.0298 0.9834 0.1792
vn -0.1812 0.9834 -0.0000
vn -0.1806 0.9813 0.0659
vn -0.1787 0.9839 -0.0000
vn 0.0893 0.9839 0.1547
vn 0.0333 0.9813 0.1894
vn 0.0906 0.9834 0.1569
vn 0.0905 0.9835 0.1568
vn 0.0258 0.9808 0.1931
vn 0.0889 0.9841 0.1540
vn -0.1778 0.9841 -0.0000
vn -0.1801 0.9808 0.0742
vn -0.1811 0.9835 0.0000
vn -0.1674 0.9757 0.1410
vn 0.0871 0.9847 0.1509
vn -0.0479 0.9750 0.2169
vn -0.1737 0.9848 -0.0000
vn -0.1174 0.9720 0.2034
vn 0.0863 0.9850 0.1495
vn -0.1175 0.9720 0.2036
vn -0.1726 0.9850 -0.0000
vn -0.0384 0.9757 0.2155
vn 0.0869 0.9848 0.1504
vn -0.1639 0.9750 0.1499
vn -0.1742 0.9847 -0.0000
vn -0.6005 -0.7672 0.2252
vn -0.5015 -0.7502 0.4309
vn -0.4491 -0.8061 0.3855
vn -0.5738 -0.7905 0.2140
vn -0.3362 -0.7402 0.5823
vn -0.2914 -0.8126 0.5047
vn -0.1224 -0.7502 0.6497
vn -0.1093 -0.8061 0.5816
vn 0.1052 -0.7672 0.6327
vn 0.1016 -0.7905 0.6039
vn -0.4349 -0.8203 0.3714
vn -0.5658 -0.7975 0.2095
vn -0.2791 -0.8297 0.4834
vn -0.1042 -0.8203 0.5623
vn 0.1014 -0.7975 0.5947
vn -0.4520 -0.8038 0.3868
vn -0.5748 -0.7897 0.2143
vn -0.2935 -0.8096 0.5084
vn -0.1090 -0.8038 0.5848
vn 0.1019 -0.7897 0.6050
vn -0.5051 -0.7417 0.4413
vn -0.6037 -0.7626 0.2325
vn -0.3409 -0.7315 0.5905
vn -0.1297 -0.7417 0.6581
vn 0.1005 -0.7626 0.6391
vn -0.6401 -0.7683 -0.0000
vn -0.6191 -0.7449 0.2488
vn -0.6331 -0.7741 0.0000
vn 0.3165 -0.7741 0.5483
vn 0.0941 -0.7449 0.6605
vn 0.3201 -0.7683 0.5544
vn 0.3201 -0.7681 0.5545
vn 0.1146 -0.7483 0.6534
vn 0.3173 -0.7729 0.5496
vn -0.6346 -0.7729 -0.0000
vn -0.6231 -0.7483 0.2275
vn -0.6403 -0.7681 -0.0000
vn -0.5334 -0.6977 0.4782
vn 0.3119 -0.7815 0.5403
vn -0.1257 -0.7017 0.7013
vn -0.6249 -0.7807 0.0000
vn -0.3691 -0.6746 0.6393
vn 0.3106 -0.7836 0.5380
vn -0.3689 -0.6749 0.6390
vn -0.6213 -0.7836 0.0000
vn -0.1474 -0.6978 0.7010
vn 0.3124 -0.7807 0.5412
vn -0.5445 -0.7017 0.4595
vn -0.6239 -0.7815 0.0000
vn -0.9315 -0.0978 0.3502
vn -0.7546 -0.0931 0.6495
vn -0.7530 -0.1114 0.6485
vn -0.9306 -0.1058 0.3503
vn -0.4979 -0.0908 0.8624
vn -0.4967 -0.1140 0.8604
vn -0.1852 -0.0931 0.9783
vn -0.1852 -0.1114 0.9764
vn 0.1624 -0.0978 0.9819
vn 0.1620 -0.1058 0.9811
vn -0.7524 -0.1175 0.6481
vn -0.9303 -0.1084 0.3503
vn -0.4963 -0.1216 0.8596
vn -0.1851 -0.1175 0.9757
vn 0.1618 -0.1084 0.9808
vn -0.7529 -0.1113 0.6487
vn -0.9306 -0.1057 0.3506
vn -0.4968 -0.1138 0.8604
vn -0.1853 -0.1113 0.9764
vn 0.1617 -0.1057 0.9812
vn -0.7540 -0.0928 0.6503
vn -0.9311 -0.0976 0.3514
vn -0.4979 -0.0905 0.8625
vn -0.1862 -0.0928 0.9781
vn 0.1613 -0.0976 0.9821
vn -0.9951 -0.0984 -0.0000
vn -0.9311 -0.0922 0.3528
vn -0.9950 -0.1001 -0.0000
vn 0.4975 -0.1001 0.8617
vn 0.1600 -0.0922 0.9828
vn 0.4976 -0.0984 0.8618
vn 0.1637 -0.0923 0.9822
vn 0.4975 -0.1000 0.8617
vn -0.9950 -0.1000 -0.0000
vn -0.9325 -0.0923 0.3493
vn -0.7540 -0.0806 0.6519
vn 0.4974 -0.1026 0.8615
vn -0.1843 -0.0807 0.9796
vn -0.9947 -0.1025 -0.0000
vn -0.4986 -0.0751 0.8636
vn 0.4973 -0.1034 0.8614
vn -0.9946 -0.1034 0.0000
vn -0.1875 -0.0806 0.9789
vn 0.4974 -0.1025 0.8615
vn -0.7562 -0.0807 0.6494
vn -0.9947 -0.1026 -0.0000
vn -0.8401 0.4382 0.3196
vn -0.6864 0.4188 0.5946
vn -0.6623 0.4870 0.5694
vn -0.8271 0.4685 0.3105
vn -0.4561 0.4096 0.7900
vn -0.4344 0.4950 0.7525
vn -0.1717 0.4188 0.8917
vn -0.1619 0.4870 0.8582
vn 0.1433 0.4382 0.8874
vn 0.1446 0.4685 0.8716
vn -0.6533 0.5084 0.5610
vn -0.8226 0.4781 0.3080
vn -0.4266 0.5217 0.7388
vn -0.1592 0.5084 0.8463
vn 0.1446 0.4781 0.8663
vn -0.6614 0.4888 0.5689
vn -0.8269 0.4691 0.3102
vn -0.4337 0.4976 0.7512
vn -0.1619 0.4888 0.8572
vn 0.1448 0.4691 0.8712
vn -0.6870 0.4236 0.5904
vn -0.8403 0.4411 0.3151
vn -0.4550 0.4146 0.7881
vn -0.1678 0.4236 0.8901
vn 0.1473 0.4411 0.8853
vn -0.8967 0.4426 0.0000
vn -0.8512 0.4207 0.3137
vn -0.8939 0.4483 0.0000
vn 0.4469 0.4483 0.7741
vn 0.1539 0.4207 0.8941
vn 0.4484 0.4426 0.7766
vn 0.4483 0.4427 0.7765
vn 0.1381 0.4187 0.8975
vn 0.4467 0.4491 0.7738
vn -0.8935 0.4491 0.0000
vn -0.8464 0.4187 0.3292
vn -0.8967 0.4427 -0.0000
vn -0.7063 0.3751 0.6004
vn 0.4446 0.4574 0.7701
vn -0.1815 0.3733 0.9098
vn -0.8890 0.4579 -0.0000
vn -0.4680 0.3521 0.8106
vn 0.4438 0.4606 0.7687
vn -0.4680 0.3520 0.8106
vn -0.8876 0.4606 -0.0000
vn -0.1668 0.3751 0.9118
vn 0.4445 0.4579 0.7699
vn -0.6972 0.3733 0.6121
vn -0.8893 0.4574 -0.0000
vn -0.6523 0.7163 0.2479
vn -0.5439 0.6943 0.4713
vn -0.4935 0.7619 0.4195
vn -0.6249 0.7459 0.2304
vn -0.3650 0.6835 0.6321
vn -0.3200 0.7684 0.5542
vn -0.1362 0.6943 0.7067
vn -0.1166 0.7619 0.6372
vn 0.1115 0.7163 0.6888
vn 0.1129 0.7459 0.6564
vn -0.4754 0.7804 0.4062
vn -0.6151 0.7547 0.2282
vn -0.3058 0.7911 0.5297
vn -0.1141 0.7804 0.6148
vn 0.1100 0.7547 0.6468
vn -0.4875 0.7642 0.4222
vn -0.6218 0.7470 0.2353
vn -0.3181 0.7715 0.5510
vn -0.1219 0.7642 0.6333
vn 0.1071 0.7470 0.6561
vn -0.5374 0.7025 0.4665
vn -0.6473 0.7212 0.2469
vn -0.3610 0.6919 0.6253
vn -0.1353 0.7025 0.6987
vn 0.1099 0.7212 0.6840
vn -0.6919 0.7220 -0.0000
vn -0.6709 0.7005 0.2432
vn -0.6865 0.7272 -0.0000
vn 0.3432 0.7272 0.5945
vn 0.1249 0.7005 0.7026
vn 0.3459 0.7220 0.5992
vn 0.3458 0.7224 0.5989
vn 0.0994 0.6968 0.7103
vn 0.3423 0.7289 0.5929
vn -0.6847 0.7289 -0.0000
vn -0.6648 0.6968 0.2691
vn -0.6915 0.7224 -0.0000
vn -0.5812 0.6508 0.4885
vn 0.3386 0.7358 0.5865
vn -0.1584 0.6465 0.7463
vn -0.6758 0.7371 -0.0000
vn -0.3912 0.6228 0.6775
vn 0.3368 0.7391 0.5833
vn -0.3915 0.6221 0.6780
vn -0.6736 0.7391 -0.0000
vn -0.1324 0.6508 0.7476
vn 0.3379 0.7371 0.5853
vn -0.5671 0.6465 0.5103
vn -0.6772 0.7358 -0.0000
vn -0.9352 0.0333 0.3525
vn -0.7571 0.0316 0.6525
vn -0.7570 0.0380 0.6523
vn -0.9352 0.0360 0.3523
vn -0.4998 0.0308 0.8656
vn -0.4996 0.0388 0.8654
vn -0.1866 0.0316 0.9819
vn -0.1864 0.0380 0.9817
vn 0.1623 0.0333 0.9862
vn 0.1625 0.0360 0.9861
vn -0.7570 0.0401 0.6522
vn -0.9352 0.0370 0.3522
vn -0.4996 0.0415 0.8653
vn -0.1863 0.0401 0.9817
vn 0.1626 0.0370 0.9860
vn -0.7571 0.0380 0.6522
vn -0.9352 0.0360 0.3522
vn -0.4996 0.0389 0.8654
vn -0.1863 0.0380 0.9818
vn 0.1626 0.0360 0.9860
vn -0.7573 0.0317 0.6522
vn -0.9354 0.0333 0.3521
vn -0.4998 0.0309 0.8656
vn -0.1862 0.0317 0.9820
vn 0.1628 0.0333 0.9861
vn -0.9994 0.0335 -0.0000
vn -0.9356 0.0314 0.3517
vn -0.9994 0.0341 -0.0000
vn 0.4997 0.0341 0.8655
vn 0.1632 0.0314 0.9861
vn 0.4997 0.0335 0.8655
vn 0.1620 0.0314 0.9863
vn -0.9351 0.0314 0.3529
vn -0.7577 0.0274 0.6521
vn 0.4997 0.0349 0.8655
vn -0.1869 0.0274 0.9820
vn -0.9994 0.0349 0.0000
vn -0.4998 0.0255 0.8657
vn 0.4997 0.0352 0.8655
vn -0.9994 0.0352 -0.0000
vn -0.1859 0.0274 0.9822
vn -0.7570 0.0274 0.6529
vn -0.5116 -0.8375 0.1920
vn -0.4302 -0.8236 0.3697
vn -0.3774 -0.8676 0.3239
vn -0.4850 -0.8557 0.1806
vn -0.2897 -0.8151 0.5017
vn -0.2443 -0.8725 0.4231
vn -0.1051 -0.8236 0.5574
vn -0.0917 -0.8676 0.4888
vn 0.0896 -0.8375 0.5391
vn 0.0861 -0.8557 0.5103
vn -0.3638 -0.8783 0.3102
vn -0.4772 -0.8610 0.1762
vn -0.2325 -0.8853 0.4027
vn -0.0868 -0.8783 0.4702
vn 0.0860 -0.8610 0.5013
vn -0.3805 -0.8657 0.3253
vn -0.4861 -0.8550 0.1808
vn -0.2465 -0.8700 0.4269
vn -0.0914 -0.8657 0.4921
vn 0.0865 -0.8550 0.5114
vn -0.4349 -0.8159 0.3811
vn -0.5155 -0.8334 0.1993
vn -0.2951 -0.8072 0.5112
vn -0.1126 -0.8159 0.5672
vn 0.0852 -0.8334 0.5461
vn -0.5453 -0.8383 -0.0000
vn -0.5315 -0.8192 0.2153
vn -0.5381 -0.8429 -0.0000
vn 0.2690 -0.8429 0.4660
vn 0.0793 -0.8192 0.5679
vn 0.2726 -0.8383 0.4722
vn 0.2727 -0.8381 0.4724
vn 0.0985 -0.8223 0.5605
vn 0.2699 -0.8418 0.4674
vn -0.5398 -0.8418 -0.0000
vn -0.5346 -0.8223 0.1949
vn -0.5454 -0.8381 -0.0000
vn -0.4648 -0.7799 0.4191
vn 0.2644 -0.8487 0.4580
vn -0.1092 -0.7837 0.6115
vn -0.5300 -0.8480 0.0000
vn -0.3248 -0.7603 0.5625
vn 0.2632 -0.8503 0.4558
vn -0.3246 -0.7606 0.5622
vn -0.5263 -0.8503 0.0000
vn -0.1306 -0.7799 0.6121
vn 0.2650 -0.8480 0.4590
vn -0.4749 -0.7837 0.4004
vn -0.5289 -0.8487 -0.0000
vn -0.6107 0.7558 0.2361
vn -0.5104 0.7347 0.4469
vn -0.4576 0.7978 0.3927
vn -0.5820 0.7834 0.2179
vn -0.3447 0.7245 0.5969
vn -0.2976 0.8036 0.5154
vn -0.1318 0.7347 0.6654
vn -0.1113 0.7978 0.5926
vn 0.1009 0.7558 0.6469
vn 0.1023 0.7834 0.6130
vn -0.4410 0.8146 0.3767
vn -0.5733 0.7913 0.2124
vn -0.2831 0.8242 0.4904
vn -0.1057 0.8146 0.5703
vn 0.1027 0.7913 0.6027
vn -0.4557 0.8001 0.3901
vn -0.5817 0.7842 0.2160
vn -0.2954 0.8068 0.5117
vn -0.1100 0.8001 0.5897
vn 0.1038 0.7842 0.6118
vn -0.5080 0.7434 0.4352
vn -0.6083 0.7605 0.2270
vn -0.3400 0.7333 0.5888
vn -0.1229 0.7434 0.6575
vn 0.1076 0.7605 0.6403
vn -0.6482 0.7615 -0.0000
vn -0.6303 0.7413 0.2308
vn -0.6425 0.7663 -0.0000
vn 0.3212 0.7663 0.5564
vn 0.1153 0.7413 0.6612
vn 0.3241 0.7615 0.5613
vn 0.3240 0.7616 0.5613
vn 0.0962 0.7379 0.6680
vn 0.3206 0.7674 0.5552
vn -0.6411 0.7674 0.0000
vn -0.6266 0.7379 0.2507
vn -0.6481 0.7616 0.0000
vn -0.5498 0.6941 0.4648
vn 0.3164 0.7743 0.5480
vn -0.1480 0.6903 0.7082
vn -0.6320 0.7750 0.0000
vn -0.3725 0.6671 0.6452
vn 0.3146 0.7772 0.5450
vn -0.3726 0.6669 0.6453
vn -0.6293 0.7772 -0.0000
vn -0.1277 0.6941 0.7085
vn 0.3160 0.7750 0.5473
vn -0.5393 0.6903 0.4823
vn -0.6328 0.7743 -0.0000
vn -0.2144 0.9731 0.0838
vn -0.1846 0.9691 0.1634
vn -0.1533 0.9794 0.1310
vn -0.1978 0.9775 0.0735
vn -0.1272 0.9671 0.2203
vn -0.0989 0.9802 0.1714
vn -0.0492 0.9691 0.2415
vn -0.0368 0.9794 0.1983
vn 0.0346 0.9731 0.2276
vn 0.0352 0.9775 0.2080
vn -0.1448 0.9818 0.1232
vn -0.1931 0.9786 0.0709
vn -0.0918 0.9830 0.1590
vn -0.0343 0.9818 0.1870
vn 0.0352 0.9786 0.2027
vn -0.1518 0.9798 0.1299
vn -0.1973 0.9776 0.0729
vn -0.0977 0.9807 0.1692
vn -0.0366 0.9798 0.1964
vn 0.0355 0.9776 0.2073
vn -0.1810 0.9712 0.1552
vn -0.2117 0.9741 0.0792
vn -0.1232 0.9692 0.2133
vn -0.0439 0.9711 0.2344
vn 0.0373 0.9741 0.2230
vn -0.2255 0.9742 -0.0000
vn -0.2245 0.9710 0.0820
vn -0.2224 0.9750 -0.0000
vn 0.1112 0.9750 0.1926
vn 0.0413 0.9710 0.2354
vn 0.1127 0.9742 0.1953
vn 0.1127 0.9743 0.1952
vn 0.0322 0.9703 0.2399
vn 0.1107 0.9752 0.1917
vn -0.2214 0.9752 -0.0000
vn -0.2239 0.9703 0.0920
vn -0.2254 0.9743 -0.0000
vn -0.2074 0.9625 0.1748
vn 0.1085 0.9762 0.1879
vn -0.0590 0.9614 0.2687
vn -0.2164 0.9763 -0.0000
vn -0.1452 0.9569 0.2516
vn 0.1075 0.9766 0.1862
vn -0.1454 0.9568 0.2518
vn -0.2150 0.9766 -0.0000
vn -0.0477 0.9625 0.2671
vn 0.1082 0.9763 0.1874
vn -0.2032 0.9614 0.1854
vn -0.2170 0.9762 -0.0000
vn -0.8197 0.4842 0.3059
vn -0.6730 0.4636 0.5763
vn -0.6443 0.5349 0.5465
vn -0.8043 0.5157 0.2954
vn -0.4455 0.4538 0.7717
vn -0.4198 0.5432 0.7271
vn -0.1626 0.4636 0.8710
vn -0.1511 0.5349 0.8313
vn 0.1449 0.4842 0.8629
vn 0.1463 0.5157 0.8442
vn -0.6304 0.5569 0.5408
vn -0.7967 0.5258 0.2979
vn -0.4107 0.5705 0.7113
vn -0.1532 0.5569 0.8163
vn 0.1403 0.5258 0.8389
vn -0.6354 0.5368 0.5550
vn -0.7990 0.5169 0.3073
vn -0.4190 0.5456 0.7258
vn -0.1629 0.5368 0.8278
vn 0.1334 0.5169 0.8456
vn -0.6646 0.4687 0.5819
vn -0.8143 0.4877 0.3148
vn -0.4443 0.4589 0.7695
vn -0.1716 0.4687 0.8665
vn 0.1346 0.4877 0.8626
vn -0.8723 0.4889 0.0000
vn -0.8317 0.4662 0.3016
vn -0.8691 0.4946 0.0000
vn 0.4346 0.4946 0.7527
vn 0.1546 0.4662 0.8711
vn 0.4362 0.4889 0.7555
vn 0.4360 0.4894 0.7552
vn 0.1267 0.4635 0.8770
vn 0.4341 0.4963 0.7518
vn -0.8681 0.4963 -0.0000
vn -0.8229 0.4635 0.3288
vn -0.8721 0.4894 0.0000
vn -0.6950 0.4180 0.5850
vn 0.4319 0.5040 0.7480
vn -0.1851 0.4149 0.8908
vn -0.8628 0.5055 -0.0000
vn -0.4597 0.3932 0.7963
vn 0.4308 0.5078 0.7461
vn -0.4599 0.3924 0.7966
vn -0.8615 0.5078 -0.0000
vn -0.1591 0.4180 0.8944
vn 0.4314 0.5055 0.7472
vn -0.6789 0.4149 0.6057
vn -0.8637 0.5040 -0.0000
vn -0.9225 0.1760 0.3435
vn -0.7492 0.1675 0.6408
vn -0.7451 0.2002 0.6362
vn -0.9204 0.1904 0.3416
vn -0.4933 0.1634 0.8544
vn -0.4894 0.2045 0.8477
vn -0.1804 0.1675 0.9692
vn -0.1784 0.2002 0.9634
vn 0.1638 0.1760 0.9707
vn 0.1643 0.1904 0.9679
vn -0.7407 0.2110 0.6378
vn -0.9179 0.1952 0.3454
vn -0.4880 0.2182 0.8452
vn -0.1820 0.2110 0.9604
vn 0.1598 0.1952 0.9677
vn -0.7393 0.2005 0.6429
vn -0.9169 0.1906 0.3506
vn -0.4894 0.2049 0.8476
vn -0.1871 0.2005 0.9617
vn 0.1549 0.1906 0.9694
vn -0.7437 0.1682 0.6470
vn -0.9193 0.1766 0.3517
vn -0.4932 0.1641 0.8543
vn -0.1885 0.1682 0.9676
vn 0.1551 0.1766 0.9720
vn -0.9841 0.1775 0.0000
vn -0.9250 0.1670 0.3414
vn -0.9836 0.1803 -0.0000
vn 0.4918 0.1803 0.8518
vn 0.1668 0.1670 0.9718
vn 0.4921 0.1775 0.8523
vn 0.4920 0.1776 0.8523
vn 0.1524 0.1665 0.9742
vn 0.4918 0.1807 0.8518
vn -0.9835 0.1807 0.0000
vn -0.9199 0.1665 0.3551
vn -0.9841 0.1776 0.0000
vn -0.7533 0.1462 0.6412
vn 0.4914 0.1847 0.8511
vn -0.1915 0.1457 0.9706
vn -0.9827 0.1851 -0.0000
vn -0.4953 0.1363 0.8579
vn 0.4912 0.1864 0.8509
vn -0.4953 0.1361 0.8580
vn -0.9825 0.1864 -0.0000
vn -0.1786 0.1462 0.9730
vn 0.4914 0.1851 0.8511
vn -0.7448 0.1457 0.6512
vn -0.9828 0.1847 -0.0000
vn -0.9300 -0.1025 0.3530
vn -0.7524 -0.0976 0.6514
vn -0.7508 -0.1168 0.6501
vn -0.9291 -0.1109 0.3528
vn -0.4977 -0.0952 0.8621
vn -0.4964 -0.1194 0.8598
vn -0.1879 -0.0976 0.9773
vn -0.1876 -0.1168 0.9753
vn 0.1593 -0.1025 0.9819
vn 0.1591 -0.1109 0.9810
vn -0.7519 -0.1231 0.6477
vn -0.9298 -0.1137 0.3501
vn -0.4959 -0.1274 0.8590
vn -0.1849 -0.1231 0.9750
vn 0.1617 -0.1137 0.9803
vn -0.7540 -0.1167 0.6464
vn -0.9310 -0.1108 0.3479
vn -0.4964 -0.1193 0.8598
vn -0.1828 -0.1167 0.9762
vn 0.1642 -0.1108 0.9802
vn -0.7553 -0.0973 0.6481
vn -0.9317 -0.1023 0.3486
vn -0.4977 -0.0949 0.8621
vn -0.1836 -0.0973 0.9782
vn 0.1639 -0.1023 0.9812
vn -0.9947 -0.1032 -0.0000
vn -0.9299 -0.0967 0.3549
vn -0.9945 -0.1050 0.0000
vn 0.4972 -0.1050 0.8612
vn 0.1576 -0.0967 0.9828
vn 0.4973 -0.1032 0.8614
vn 0.4973 -0.1031 0.8614
vn 0.1657 -0.0968 0.9814
vn 0.4972 -0.1048 0.8613
vn -0.9945 -0.1048 0.0000
vn -0.9328 -0.0968 0.3472
vn -0.9947 -0.1031 0.0000
vn -0.7524 -0.0844 0.6533
vn 0.4971 -0.1076 0.8610
vn -0.1824 -0.0846 0.9796
vn -0.9942 -0.1075 -0.0000
vn -0.4984 -0.0788 0.8633
vn 0.4971 -0.1084 0.8609
vn -0.9941 -0.1084 -0.0000
vn -0.1896 -0.0844 0.9782
vn 0.4971 -0.1075 0.8610
vn -0.7572 -0.0846 0.6477
vn -0.9942 -0.1076 0.0000
vn 0.0300 -0.9995 -0.0117
vn 0.0257 -0.9994 -0.0225
vn 0.0214 -0.9996 -0.0186
vn 0.0279 -0.9996 -0.0106
vn 0.0177 -0.9994 -0.0307
vn 0.0138 -0.9996 -0.0240
vn 0.0067 -0.9994 -0.0335
vn 0.0054 -0.9996 -0.0278
vn -0.0049 -0.9995 -0.0318
vn -0.0047 -0.9996 -0.0295
vn 0.0205 -0.9996 -0.0174
vn 0.0274 -0.9996 -0.0100
vn 0.0130 -0.9997 -0.0225
vn 0.0048 -0.9996 -0.0264
vn -0.0050 -0.9996 -0.0288
vn 0.0219 -0.9996 -0.0184
vn 0.0282 -0.9996 -0.0102
vn 0.0140 -0.9996 -0.0243
vn 0.0050 -0.9996 -0.0281
vn -0.0052 -0.9996 -0.0295
vn 0.0266 -0.9994 -0.0233
vn 0.0307 -0.9995 -0.0118
vn 0.0183 -0.9993 -0.0317
vn 0.0069 -0.9994 -0.0347
vn -0.0052 -0.9995 -0.0324
vn 0.0321 -0.9995 0.0000
vn 0.0319 -0.9994 -0.0136
vn 0.0315 -0.9995 0.0000
vn -0.0157 -0.9995 -0.0272
vn -0.0042 -0.9994 -0.0344
vn -0.0160 -0.9995 -0.0278
vn -0.0161 -0.9995 -0.0278
vn -0.0061 -0.9994 -0.0336
vn -0.0158 -0.9995 -0.0274
vn 0.0317 -0.9995 0.0000
vn 0.0321 -0.9994 -0.0115
vn 0.0291 -0.9992 -0.0271
vn -0.0154 -0.9995 -0.0266
vn 0.0067 -0.9992 -0.0385
vn 0.0309 -0.9995 0.0000
vn 0.0211 -0.9991 -0.0366
vn -0.0153 -0.9995 -0.0265
vn 0.0210 -0.9991 -0.0365
vn 0.0306 -0.9995 0.0000
vn 0.0089 -0.9992 -0.0388
vn -0.0154 -0.9995 -0.0268
vn 0.0300 -0.9992 -0.0250
vn 0.0307 -0.9995 -0.0000
vn -0.6082 -0.7605 0.2273
vn -0.5078 -0.7433 0.4354
vn -0.4556 -0.8001 0.3903
vn -0.5816 -0.7842 0.2162
vn -0.3400 -0.7333 0.5888
vn -0.2954 -0.8068 0.5117
vn -0.1232 -0.7433 0.6575
vn -0.1102 -0.8001 0.5897
vn 0.1073 -0.7605 0.6404
vn 0.1036 -0.7842 0.6118
vn -0.4410 -0.8146 0.3767
vn -0.5733 -0.7913 0.2124
vn -0.2831 -0.8242 0.4904
vn -0.1057 -0.8146 0.5703
vn 0.1027 -0.7913 0.6027
vn -0.4577 -0.7978 0.3925
vn -0.5821 -0.7834 0.2176
vn -0.2976 -0.8036 0.5154
vn -0.1111 -0.7978 0.5927
vn 0.1026 -0.7834 0.6130
vn -0.5105 -0.7347 0.4467
vn -0.6108 -0.7558 0.2359
vn -0.3446 -0.7245 0.5969
vn -0.1316 -0.7347 0.6655
vn 0.1011 -0.7558 0.6469
vn -0.6481 -0.7616 0.0000
vn -0.6265 -0.7379 0.2509
vn -0.6411 -0.7674 0.0000
vn 0.3206 -0.7674 0.5552
vn 0.0960 -0.7379 0.6680
vn 0.3240 -0.7616 0.5613
vn 0.3241 -0.7615 0.5614
vn 0.1155 -0.7413 0.6612
vn 0.3212 -0.7663 0.5564
vn -0.6425 -0.7663 0.0000
vn -0.6303 -0.7413 0.2306
vn -0.6482 -0.7615 0.0000
vn -0.5392 -0.6903 0.4825
vn 0.3160 -0.7750 0.5473
vn -0.1275 -0.6941 0.7085
vn -0.6328 -0.7743 0.0000
vn -0.3726 -0.6669 0.6453
vn 0.3146 -0.7772 0.5450
vn -0.3725 -0.6671 0.6451
vn -0.6293 -0.7772 0.0000
vn -0.1482 -0.6903 0.7082
vn 0.3164 -0.7743 0.5480
vn -0.5499 -0.6941 0.4647
vn -0.6319 -0.7750 0.0000
vn -0.9342 -0.0622 0.3514
vn -0.7565 -0.0592 0.6513
vn -0.7558 -0.0709 0.6510
vn -0.9338 -0.0673 0.3515
vn -0.4992 -0.0577 0.8646
vn -0.4987 -0.0726 0.8637
vn -0.1858 -0.0592 0.9808
vn -0.1859 -0.0709 0.9800
vn 0.1628 -0.0622 0.9847
vn 0.1625 -0.0673 0.9844
vn -0.7555 -0.0748 0.6508
vn -0.9336 -0.0690 0.3516
vn -0.4985 -0.0775 0.8634
vn -0.1859 -0.0748 0.9797
vn 0.1623 -0.0690 0.9843
vn -0.7556 -0.0709 0.6511
vn -0.9337 -0.0673 0.3518
vn -0.4987 -0.0725 0.8637
vn -0.1861 -0.0709 0.9800
vn 0.1622 -0.0673 0.9845
vn -0.7560 -0.0591 0.6518
vn -0.9339 -0.0621 0.3522
vn -0.4992 -0.0576 0.8646
vn -0.1865 -0.0591 0.9807
vn 0.1619 -0.0621 0.9848
vn -0.9980 -0.0626 0.0000
vn -0.9338 -0.0587 0.3530
vn -0.9980 -0.0637 -0.0000
vn 0.4990 -0.0637 0.8643
vn 0.1612 -0.0587 0.9852
vn 0.4990 -0.0626 0.8643
vn 0.1635 -0.0587 0.9848
vn -0.9346 -0.0587 0.3508
vn -0.7559 -0.0512 0.6526
vn 0.4989 -0.0653 0.8642
vn -0.1852 -0.0513 0.9814
vn -0.9979 -0.0653 0.0000
vn -0.4994 -0.0477 0.8650
vn 0.4989 -0.0658 0.8641
vn -0.9978 -0.0658 -0.0000
vn -0.1872 -0.0512 0.9810
vn -0.7573 -0.0513 0.6511
vn -0.6853 0.6790 0.2634
vn -0.5686 0.6563 0.4959
vn -0.5210 0.7271 0.4470
vn -0.6594 0.7102 0.2467
vn -0.3819 0.6454 0.6615
vn -0.3395 0.7342 0.5880
vn -0.1452 0.6563 0.7404
vn -0.1266 0.7272 0.6747
vn 0.1145 0.6790 0.7252
vn 0.1160 0.7102 0.6944
vn -0.5052 0.7470 0.4321
vn -0.6511 0.7194 0.2419
vn -0.3258 0.7586 0.5642
vn -0.1216 0.7470 0.6536
vn 0.1161 0.7194 0.6848
vn -0.5190 0.7296 0.4452
vn -0.6589 0.7110 0.2456
vn -0.3376 0.7376 0.5847
vn -0.1261 0.7296 0.6721
vn 0.1167 0.7110 0.6934
vn -0.5670 0.6647 0.4865
vn -0.6835 0.6837 0.2557
vn -0.3783 0.6539 0.6552
vn -0.1379 0.6647 0.7343
vn 0.1203 0.6837 0.7198
vn -0.7287 0.6848 0.0000
vn -0.7037 0.6621 0.2577
vn -0.7234 0.6904 0.0000
vn 0.3617 0.6904 0.6265
vn 0.1287 0.6621 0.7383
vn 0.3643 0.6848 0.6311
vn 0.3643 0.6850 0.6310
vn 0.1089 0.6588 0.7444
vn 0.3611 0.6916 0.6255
vn -0.7223 0.6916 -0.0000
vn -0.6991 0.6588 0.2779
vn -0.7286 0.6850 -0.0000
vn -0.6046 0.6107 0.5114
vn 0.3573 0.6995 0.6189
vn -0.1608 0.6071 0.7782
vn -0.7138 0.7003 0.0000
vn -0.4065 0.5824 0.7040
vn 0.3557 0.7028 0.6161
vn -0.4065 0.5821 0.7042
vn -0.7114 0.7028 0.0000
vn -0.1406 0.6107 0.7793
vn 0.3569 0.7003 0.6182
vn -0.5935 0.6071 0.5283
vn -0.7146 0.6995 0.0000
vn -0.1007 0.9941 0.0395
vn -0.0870 0.9932 0.0772
vn -0.0716 0.9955 0.0613
vn -0.0926 0.9951 0.0345
vn -0.0601 0.9927 0.1042
vn -0.0462 0.9957 0.0800
vn -0.0234 0.9932 0.1140
vn -0.0173 0.9955 0.0927
vn 0.0161 0.9941 0.1070
vn 0.0164 0.9951 0.0974
vn -0.0676 0.9961 0.0575
vn -0.0903 0.9954 0.0331
vn -0.0428 0.9963 0.0741
vn -0.0160 0.9961 0.0873
vn 0.0165 0.9954 0.0948
vn -0.0710 0.9956 0.0606
vn -0.0924 0.9951 0.0341
vn -0.0456 0.9958 0.0790
vn -0.0170 0.9956 0.0918
vn 0.0167 0.9951 0.0970
vn -0.0852 0.9937 0.0730
vn -0.0994 0.9944 0.0371
vn -0.0581 0.9932 0.1006
vn -0.0206 0.9937 0.1103
vn 0.0176 0.9944 0.1046
vn -0.1058 0.9944 0.0000
vn -0.1056 0.9937 0.0386
vn -0.1043 0.9945 0.0000
vn 0.0521 0.9945 0.0903
vn 0.0194 0.9937 0.1108
vn 0.0529 0.9944 0.0916
vn 0.0152 0.9935 0.1130
vn 0.0519 0.9946 0.0899
vn -0.1038 0.9946 0.0000
vn -0.1054 0.9935 0.0434
vn -0.0983 0.9917 0.0829
vn 0.0508 0.9948 0.0880
vn -0.0281 0.9915 0.1274
vn -0.1014 0.9948 0.0000
vn -0.0691 0.9904 0.1197
vn 0.0504 0.9949 0.0872
vn -0.0692 0.9904 0.1198
vn -0.1007 0.9949 -0.0000
vn -0.0226 0.9917 0.1265
vn 0.0507 0.9948 0.0878
vn -0.0963 0.9915 0.0880
vn -0.1017 0.9948 0.0000
vn -0.6135 -0.7557 0.2292
vn -0.5120 -0.7384 0.4390
vn -0.4599 -0.7958 0.3940
vn -0.5869 -0.7797 0.2182
vn -0.3427 -0.7282 0.5935
vn -0.2983 -0.8026 0.5166
vn -0.1242 -0.7384 0.6628
vn -0.1113 -0.7958 0.5953
vn 0.1082 -0.7557 0.6459
vn 0.1045 -0.7797 0.6174
vn -0.4454 -0.8105 0.3804
vn -0.5786 -0.7869 0.2144
vn -0.2860 -0.8203 0.4954
vn -0.1068 -0.8105 0.5759
vn 0.1036 -0.7869 0.6083
vn -0.4620 -0.7934 0.3962
vn -0.5874 -0.7789 0.2197
vn -0.3004 -0.7994 0.5203
vn -0.1121 -0.7934 0.5982
vn 0.1035 -0.7789 0.6185
vn -0.5146 -0.7298 0.4502
vn -0.6160 -0.7510 0.2378
vn -0.3473 -0.7194 0.6015
vn -0.1326 -0.7298 0.6707
vn 0.1020 -0.7510 0.6523
vn -0.6537 -0.7568 0.0000
vn -0.6316 -0.7329 0.2528
vn -0.6467 -0.7627 0.0000
vn 0.3234 -0.7627 0.5601
vn 0.0969 -0.7329 0.6734
vn 0.3268 -0.7568 0.5661
vn 0.3269 -0.7567 0.5662
vn 0.1164 -0.7363 0.6666
vn 0.3241 -0.7616 0.5613
vn -0.6355 -0.7363 0.2325
vn -0.6538 -0.7567 0.0000
vn -0.5431 -0.6849 0.4857
vn 0.3188 -0.7704 0.5522
vn -0.1284 -0.6887 0.7136
vn -0.6385 -0.7697 0.0000
vn -0.3750 -0.6614 0.6496
vn 0.3175 -0.7726 0.5499
vn -0.3749 -0.6616 0.6494
vn -0.6349 -0.7726 0.0000
vn -0.1491 -0.6849 0.7132
vn 0.3192 -0.7697 0.5529
vn -0.5538 -0.6887 0.4680
vn -0.6376 -0.7704 0.0000
vn -0.6880 0.6758 0.2646
vn -0.5707 0.6531 0.4978
vn -0.5233 0.7242 0.4491
vn -0.6622 0.7071 0.2480
vn -0.3833 0.6422 0.6639
vn -0.3410 0.7313 0.5907
vn -0.1458 0.6531 0.7431
vn -0.1273 0.7242 0.6778
vn 0.1148 0.6758 0.7281
vn 0.1163 0.7071 0.6974
vn -0.5076 0.7442 0.4342
vn -0.6540 0.7164 0.2430
vn -0.3274 0.7558 0.5670
vn -0.1222 0.7442 0.6567
vn 0.1165 0.7164 0.6879
vn -0.5215 0.7267 0.4472
vn -0.6618 0.7080 0.2466
vn -0.3392 0.7347 0.5875
vn -0.1265 0.7267 0.6752
vn 0.1174 0.7080 0.6964
vn -0.5692 0.6615 0.4882
vn -0.6863 0.6805 0.2566
vn -0.3796 0.6507 0.6576
vn -0.1382 0.6615 0.7371
vn 0.1210 0.6805 0.7227
vn -0.7316 0.6817 -0.0000
vn -0.7063 0.6589 0.2588
vn -0.7264 0.6873 -0.0000
vn 0.3632 0.6873 0.6291
vn 0.1290 0.6589 0.7411
vn 0.3658 0.6817 0.6336
vn 0.3658 0.6818 0.6335
vn 0.1095 0.6556 0.7472
vn 0.3626 0.6885 0.6281
vn -0.7253 0.6885 -0.0000
vn -0.7018 0.6555 0.2787
vn -0.7315 0.6818 -0.0000
vn -0.6064 0.6073 0.5132
vn 0.3588 0.6965 0.6215
vn -0.1611 0.6038 0.7807
vn -0.7169 0.6972 -0.0000
vn -0.4076 0.5790 0.7061
vn 0.3572 0.6997 0.6187
vn -0.4077 0.5788 0.7062
vn -0.7144 0.6997 -0.0000
vn -0.1412 0.6073 0.7818
vn 0.3584 0.6972 0.6208
vn -0.5956 0.6038 0.5298
vn -0.7176 0.6965 -0.0000
vn -0.2331 0.9683 0.0902
vn -0.2008 0.9636 0.1765
vn -0.1672 0.9757 0.1419
vn -0.2153 0.9733 0.0791
vn -0.1379 0.9612 0.2389
vn -0.1076 0.9766 0.1863
vn -0.0525 0.9636 0.2622
vn -0.0393 0.9757 0.2158
vn 0.0385 0.9683 0.2470
vn 0.0391 0.9733 0.2261
vn -0.1576 0.9784 0.1340
vn -0.2100 0.9747 0.0771
vn -0.0999 0.9798 0.1730
vn -0.0373 0.9784 0.2034
vn 0.0382 0.9747 0.2203
vn -0.1646 0.9761 0.1419
vn -0.2140 0.9735 0.0802
vn -0.1063 0.9772 0.1841
vn -0.0406 0.9761 0.2135
vn 0.0376 0.9735 0.2255
vn -0.1959 0.9659 0.1695
vn -0.2295 0.9694 0.0872
vn -0.1338 0.9635 0.2317
vn -0.0489 0.9659 0.2544
vn 0.0392 0.9694 0.2423
vn -0.2450 0.9695 -0.0000
vn -0.2439 0.9658 0.0884
vn -0.2417 0.9704 -0.0000
vn 0.1208 0.9704 0.2093
vn 0.0454 0.9658 0.2554
vn 0.1225 0.9695 0.2122
vn 0.1224 0.9696 0.2120
vn 0.0340 0.9648 0.2606
vn 0.1202 0.9707 0.2082
vn -0.2404 0.9707 -0.0000
vn -0.2427 0.9648 0.1009
vn -0.2448 0.9696 0.0000
vn -0.2252 0.9558 0.1889
vn 0.1180 0.9718 0.2043
vn -0.0649 0.9545 0.2912
vn -0.2350 0.9720 0.0000
vn -0.1572 0.9493 0.2723
vn 0.1168 0.9723 0.2023
vn -0.1575 0.9491 0.2728
vn -0.2337 0.9723 0.0000
vn -0.0510 0.9558 0.2895
vn 0.1175 0.9720 0.2035
vn -0.2197 0.9545 0.2018
vn -0.2359 0.9718 0.0000
vn -0.3617 -0.9223 0.1359
vn -0.3071 -0.9143 0.2640
vn -0.2622 -0.9384 0.2249
vn -0.3394 -0.9322 0.1261
vn -0.2082 -0.9092 0.3606
vn -0.1692 -0.9410 0.2931
vn -0.0751 -0.9143 0.3979
vn -0.0637 -0.9384 0.3396
vn 0.0632 -0.9223 0.3812
vn 0.0605 -0.9321 0.3570
vn -0.2513 -0.9440 0.2140
vn -0.3330 -0.9349 0.1225
vn -0.1598 -0.9476 0.2768
vn -0.0596 -0.9440 0.3246
vn 0.0604 -0.9349 0.3496
vn -0.2650 -0.9374 0.2261
vn -0.3404 -0.9317 0.1263
vn -0.1711 -0.9396 0.2964
vn -0.0634 -0.9374 0.3425
vn 0.0608 -0.9317 0.3580
vn -0.3123 -0.9093 0.2749
vn -0.3658 -0.9198 0.1421
vn -0.2137 -0.9041 0.3701
vn -0.0819 -0.9093 0.4079
vn 0.0599 -0.9198 0.3878
vn -0.3854 -0.9228 0.0000
vn -0.3798 -0.9119 0.1556
vn -0.3792 -0.9253 0.0000
vn 0.1896 -0.9253 0.3284
vn 0.0552 -0.9119 0.4067
vn 0.1927 -0.9228 0.3338
vn 0.1928 -0.9227 0.3339
vn 0.0704 -0.9138 0.3999
vn 0.1904 -0.9247 0.3298
vn -0.3808 -0.9247 0.0000
vn -0.3816 -0.9138 0.1390
vn -0.3856 -0.9227 0.0000
vn -0.3393 -0.8886 0.3085
vn 0.1857 -0.9284 0.3217
vn -0.0795 -0.8912 0.4465
vn -0.3725 -0.9280 -0.0000
vn -0.2405 -0.8767 0.4165
vn 0.1847 -0.9293 0.3199
vn -0.2403 -0.8769 0.4162
vn -0.3694 -0.9293 -0.0000
vn -0.0976 -0.8886 0.4481
vn 0.1862 -0.9280 0.3226
vn -0.3469 -0.8912 0.2921
vn -0.3714 -0.9285 0.0000
vn -0.5929 0.7723 0.2283
vn -0.4966 0.7517 0.4339
vn -0.4431 0.8124 0.3790
vn -0.5638 0.7988 0.2100
vn -0.3353 0.7417 0.5808
vn -0.2876 0.8180 0.4981
vn -0.1275 0.7517 0.6470
vn -0.1067 0.8124 0.5732
vn 0.0987 0.7723 0.6276
vn 0.1001 0.7987 0.5933
vn -0.4259 0.8285 0.3636
vn -0.5547 0.8063 0.2053
vn -0.2732 0.8376 0.4731
vn -0.1020 0.8285 0.5507
vn 0.0995 0.8063 0.5831
vn -0.4400 0.8146 0.3778
vn -0.5627 0.7996 0.2099
vn -0.2855 0.8210 0.4944
vn -0.1072 0.8146 0.5700
vn 0.0996 0.7996 0.5923
vn -0.4927 0.7602 0.4236
vn -0.5895 0.7769 0.2213
vn -0.3305 0.7503 0.5725
vn -0.1205 0.7602 0.6384
vn 0.1031 0.7769 0.6211
vn -0.6286 0.7777 0.0000
vn -0.6124 0.7584 0.2234
vn -0.6229 0.7823 0.0000
vn 0.3114 0.7823 0.5394
vn 0.1127 0.7584 0.6420
vn 0.3143 0.7777 0.5444
vn 0.3142 0.7779 0.5442
vn 0.0921 0.7550 0.6493
vn 0.3107 0.7836 0.5381
vn -0.6213 0.7836 0.0000
vn -0.6083 0.7550 0.2449
vn -0.6284 0.7779 0.0000
vn -0.5363 0.7126 0.4524
vn 0.3066 0.7900 0.5310
vn -0.1456 0.7086 0.6904
vn -0.6121 0.7908 -0.0000
vn -0.3637 0.6862 0.6300
vn 0.3047 0.7928 0.5278
vn -0.3639 0.6858 0.6302
vn -0.6095 0.7928 0.0000
vn -0.1236 0.7126 0.6906
vn 0.3060 0.7908 0.5300
vn -0.5251 0.7086 0.4713
vn -0.6131 0.7900 0.0000
vn -0.5948 -0.7714 0.2262
vn -0.4962 -0.7542 0.4300
vn -0.4440 -0.8096 0.3838
vn -0.5683 -0.7944 0.2143
vn -0.3340 -0.7442 0.5784
vn -0.2890 -0.8160 0.5005
vn -0.1242 -0.7542 0.6447
vn -0.1104 -0.8096 0.5765
vn 0.1015 -0.7714 0.6283
vn 0.0985 -0.7944 0.5993
vn -0.4312 -0.8237 0.3681
vn -0.5612 -0.8012 0.2077
vn -0.2766 -0.8330 0.4791
vn -0.1032 -0.8237 0.5575
vn 0.1007 -0.8012 0.5899
vn -0.4494 -0.8074 0.3822
vn -0.5710 -0.7934 0.2107
vn -0.2910 -0.8132 0.5041
vn -0.1063 -0.8074 0.5803
vn 0.1030 -0.7934 0.5999
vn -0.5026 -0.7460 0.4368
vn -0.5998 -0.7667 0.2289
vn -0.3386 -0.7359 0.5864
vn -0.1270 -0.7460 0.6537
vn 0.1017 -0.7667 0.6339
vn -0.6351 -0.7724 0.0000
vn -0.6139 -0.7490 0.2493
vn -0.6280 -0.7783 0.0000
vn 0.3140 -0.7783 0.5438
vn 0.0910 -0.7490 0.6563
vn 0.3176 -0.7724 0.5500
vn 0.3177 -0.7721 0.5503
vn 0.1152 -0.7526 0.6484
vn 0.3149 -0.7767 0.5455
vn -0.6298 -0.7767 0.0000
vn -0.6191 -0.7526 0.2244
vn -0.6355 -0.7721 0.0000
vn -0.5287 -0.7021 0.4770
vn 0.3094 -0.7856 0.5358
vn -0.1234 -0.7064 0.6970
vn -0.6202 -0.7845 -0.0000
vn -0.3670 -0.6791 0.6357
vn 0.3082 -0.7875 0.5338
vn -0.3667 -0.6798 0.6352
vn -0.6164 -0.7875 -0.0000
vn -0.1487 -0.7021 0.6964
vn 0.3101 -0.7845 0.5371
vn -0.5419 -0.7064 0.4554
vn -0.6187 -0.7856 0.0000
vn -0.8228 -0.4758 0.3109
vn -0.6730 -0.4574 0.5812
vn -0.6443 -0.5248 0.5563
vn -0.8077 -0.5046 0.3049
vn -0.4471 -0.4478 0.7743
vn -0.4229 -0.5336 0.7324
vn -0.1668 -0.4574 0.8735
vn -0.1597 -0.5248 0.8361
vn 0.1421 -0.4758 0.8680
vn 0.1398 -0.5046 0.8519
vn -0.6364 -0.5447 0.5461
vn -0.8036 -0.5137 0.3006
vn -0.4148 -0.5582 0.7185
vn -0.1548 -0.5447 0.8242
vn 0.1415 -0.5137 0.8462
vn -0.6476 -0.5228 0.5544
vn -0.8094 -0.5038 0.3018
vn -0.4237 -0.5310 0.7339
vn -0.1563 -0.5228 0.8380
vn 0.1433 -0.5038 0.8518
vn -0.6751 -0.4521 0.5830
vn -0.8243 -0.4725 0.3120
vn -0.4484 -0.4425 0.7766
vn -0.1673 -0.4521 0.8761
vn 0.1420 -0.4725 0.8698
vn -0.8787 -0.4774 0.0000
vn -0.8303 -0.4522 0.3258
vn -0.8750 -0.4841 0.0000
vn 0.4375 -0.4841 0.7578
vn 0.1330 -0.4522 0.8819
vn 0.4393 -0.4774 0.7610
vn 0.4394 -0.4772 0.7611
vn 0.1528 -0.4545 0.8775
vn 0.4378 -0.4830 0.7583
vn -0.8756 -0.4830 -0.0000
vn -0.8363 -0.4545 0.3065
vn -0.8788 -0.4772 -0.0000
vn -0.6857 -0.4045 0.6051
vn 0.4350 -0.4932 0.7534
vn -0.1628 -0.4069 0.8989
vn -0.8704 -0.4923 0.0000
vn -0.4620 -0.3822 0.8003
vn 0.4342 -0.4958 0.7521
vn -0.4620 -0.3825 0.8002
vn -0.8684 -0.4958 0.0000
vn -0.1812 -0.4045 0.8964
vn 0.4352 -0.4923 0.7538
vn -0.6970 -0.4069 0.5904
vn -0.8699 -0.4932 -0.0000
vn -0.9238 0.1586 0.3485
vn -0.7487 0.1508 0.6455
vn -0.7455 0.1805 0.6416
vn -0.9221 0.1716 0.3468
vn -0.4946 0.1472 0.8566
vn -0.4914 0.1844 0.8512
vn -0.1847 0.1508 0.9712
vn -0.1829 0.1805 0.9664
vn 0.1601 0.1586 0.9743
vn 0.1607 0.1716 0.9720
vn -0.7439 0.1903 0.6406
vn -0.9213 0.1760 0.3467
vn -0.4902 0.1968 0.8491
vn -0.1828 0.1903 0.9645
vn 0.1604 0.1760 0.9712
vn -0.7450 0.1808 0.6421
vn -0.9219 0.1717 0.3474
vn -0.4914 0.1848 0.8511
vn -0.1836 0.1808 0.9662
vn 0.1601 0.1717 0.9720
vn -0.7489 0.1515 0.6451
vn -0.9240 0.1590 0.3477
vn -0.4945 0.1479 0.8565
vn -0.1842 0.1515 0.9711
vn 0.1609 0.1590 0.9741
vn -0.9871 0.1600 0.0000
vn -0.9263 0.1503 0.3455
vn -0.9867 0.1626 0.0000
vn 0.4933 0.1626 0.8545
vn 0.1640 0.1503 0.9749
vn 0.4936 0.1600 0.8549
vn 0.1572 0.1500 0.9761
vn 0.4933 0.1627 0.8545
vn -0.9867 0.1627 -0.0000
vn -0.9239 0.1500 0.3519
vn -0.7529 0.1315 0.6448
vn 0.4930 0.1666 0.8539
vn -0.1880 0.1312 0.9734
vn -0.9860 0.1667 0.0000
vn -0.4962 0.1226 0.8595
vn 0.4929 0.1679 0.8537
vn -0.4962 0.1225 0.8595
vn -0.9858 0.1679 0.0000
vn -0.1820 0.1315 0.9745
vn 0.4930 0.1667 0.8539
vn -0.7489 0.1312 0.6495
vn -0.9860 0.1666 0.0000
vn -0.8019 0.5170 0.2995
vn -0.6595 0.4956 0.5651
vn -0.6276 0.5685 0.5319
vn -0.7846 0.5491 0.2879
vn -0.4371 0.4854 0.7571
vn -0.4084 0.5768 0.7074
vn -0.1596 0.4956 0.8537
vn -0.1469 0.5685 0.8094
vn 0.1416 0.5170 0.8442
vn 0.1430 0.5491 0.8234
vn -0.6125 0.5907 0.5252
vn -0.7765 0.5594 0.2901
vn -0.3984 0.6043 0.6900
vn -0.1486 0.5907 0.7931
vn 0.1370 0.5594 0.8175
vn -0.6185 0.5706 0.5403
vn -0.7792 0.5504 0.2997
vn -0.4075 0.5794 0.7059
vn -0.1587 0.5706 0.8058
vn 0.1300 0.5504 0.8247
vn -0.6509 0.5013 0.5702
vn -0.7962 0.5208 0.3081
vn -0.4356 0.4910 0.7544
vn -0.1683 0.5013 0.8488
vn 0.1313 0.5208 0.8435
vn -0.8530 0.5220 0.0000
vn -0.8149 0.4988 0.2951
vn -0.8494 0.5277 0.0000
vn 0.4247 0.5277 0.7356
vn 0.1519 0.4988 0.8533
vn 0.4265 0.5220 0.7387
vn 0.4263 0.5224 0.7384
vn 0.1230 0.4958 0.8597
vn 0.4241 0.5296 0.7346
vn -0.8482 0.5296 0.0000
vn -0.8060 0.4958 0.3233
vn -0.8527 0.5224 0.0000
vn -0.6839 0.4490 0.5750
vn 0.4217 0.5373 0.7304
vn -0.1831 0.4456 0.8763
vn -0.8423 0.5389 0.0000
vn -0.4530 0.4231 0.7847
vn 0.4205 0.5412 0.7283
vn -0.4532 0.4222 0.7850
vn -0.8409 0.5412 -0.0000
vn -0.1560 0.4490 0.8798
vn 0.4212 0.5389 0.7295
vn -0.6673 0.4456 0.5968
vn -0.8434 0.5373 0.0000
vn -0.8285 0.4700 0.3044
vn -0.6810 0.4500 0.5777
vn -0.6540 0.5203 0.5492
vn -0.8140 0.5009 0.2941
vn -0.4489 0.4403 0.7776
vn -0.4244 0.5286 0.7351
vn -0.1598 0.4499 0.8786
vn -0.1486 0.5203 0.8410
vn 0.1507 0.4700 0.8697
vn 0.1523 0.5009 0.8520
vn -0.6376 0.5421 0.5473
vn -0.8049 0.5112 0.3014
vn -0.4157 0.5556 0.7201
vn -0.1552 0.5421 0.8259
vn 0.1415 0.5112 0.8478
vn -0.6379 0.5219 0.5663
vn -0.8041 0.5025 0.3176
vn -0.4239 0.5305 0.7341
vn -0.1715 0.5219 0.8356
vn 0.1270 0.5025 0.8552
vn -0.6642 0.4541 0.5938
vn -0.8178 0.4734 0.3273
vn -0.4479 0.4444 0.7758
vn -0.1822 0.4541 0.8721
vn 0.1255 0.4734 0.8719
vn -0.8803 0.4745 -0.0000
vn -0.8394 0.4523 0.3015
vn -0.8773 0.4800 0.0000
vn 0.4386 0.4800 0.7597
vn 0.1586 0.4523 0.8777
vn 0.4401 0.4745 0.7623
vn 0.4399 0.4753 0.7619
vn 0.1194 0.4492 0.8854
vn 0.4379 0.4825 0.7585
vn -0.8759 0.4825 0.0000
vn -0.8265 0.4492 0.3393
vn -0.8798 0.4753 0.0000
vn -0.7012 0.4050 0.5867
vn 0.4361 0.4892 0.7553
vn -0.1935 0.4011 0.8953
vn -0.8708 0.4916 0.0000
vn -0.4624 0.3806 0.8008
vn 0.4349 0.4933 0.7533
vn -0.4626 0.3793 0.8013
vn -0.8699 0.4933 -0.0000
vn -0.1575 0.4050 0.9007
vn 0.4354 0.4916 0.7542
vn -0.6786 0.4011 0.6153
vn -0.8722 0.4892 0.0000
vn -0.9355 -0.0230 0.3525
vn -0.7573 -0.0219 0.6527
vn -0.7572 -0.0262 0.6527
vn -0.9355 -0.0249 0.3526
vn -0.4999 -0.0213 0.8658
vn -0.4998 -0.0268 0.8657
vn -0.1866 -0.0219 0.9822
vn -0.1866 -0.0262 0.9821
vn 0.1625 -0.0230 0.9864
vn 0.1624 -0.0249 0.9864
vn -0.7573 -0.0277 0.6525
vn -0.9355 -0.0255 0.3523
vn -0.4998 -0.0287 0.8657
vn -0.1864 -0.0277 0.9821
vn 0.1626 -0.0255 0.9864
vn -0.7575 -0.0262 0.6523
vn -0.9356 -0.0249 0.3521
vn -0.1862 -0.0262 0.9822
vn 0.1629 -0.0249 0.9863
vn -0.7575 -0.0218 0.6524
vn -0.9356 -0.0230 0.3522
vn -0.1863 -0.0218 0.9823
vn 0.1628 -0.0230 0.9864
vn -0.9997 -0.0231 0.0000
vn -0.9354 -0.0217 0.3530
vn -0.9997 -0.0235 0.0000
vn 0.4999 -0.0235 0.8658
vn 0.1620 -0.0217 0.9866
vn 0.4999 -0.0231 0.8658
vn 0.1633 -0.0217 0.9863
vn -0.9358 -0.0217 0.3518
vn -0.7571 -0.0189 0.6530
vn 0.4999 -0.0241 0.8658
vn -0.1859 -0.0189 0.9824
vn -0.9997 -0.0241 0.0000
vn -0.4999 -0.0176 0.8659
vn 0.4999 -0.0243 0.8658
vn -0.9997 -0.0243 0.0000
vn -0.1870 -0.0189 0.9822
vn -0.7578 -0.0189 0.6522
vn -0.6031 -0.7623 0.2350
vn -0.5014 -0.7444 0.4409
vn -0.4502 -0.8014 0.3939
vn -0.5770 -0.7860 0.2219
vn -0.3395 -0.7341 0.5880
vn -0.2947 -0.8078 0.5104
vn -0.1311 -0.7444 0.6547
vn -0.1160 -0.8014 0.5868
vn 0.0980 -0.7623 0.6398
vn 0.0963 -0.7860 0.6107
vn -0.4397 -0.8160 0.3754
vn -0.5716 -0.7928 0.2117
vn -0.2822 -0.8255 0.4888
vn -0.1052 -0.8160 0.5685
vn 0.1025 -0.7928 0.6008
vn -0.4595 -0.7992 0.3875
vn -0.5825 -0.7847 0.2120
vn -0.2965 -0.8052 0.5136
vn -0.1058 -0.7992 0.5916
vn 0.1077 -0.7847 0.6105
vn -0.5122 -0.7366 0.4417
vn -0.6110 -0.7575 0.2301
vn -0.3437 -0.7263 0.5953
vn -0.1264 -0.7366 0.6644
vn 0.1062 -0.7575 0.6442
vn -0.6459 -0.7634 0.0000
vn -0.6224 -0.7392 0.2573
vn -0.6385 -0.7696 0.0000
vn 0.3193 -0.7696 0.5530
vn 0.0883 -0.7392 0.6677
vn 0.3230 -0.7634 0.5594
vn 0.3233 -0.7629 0.5599
vn 0.1189 -0.7431 0.6586
vn 0.3205 -0.7675 0.5551
vn -0.6410 -0.7675 -0.0000
vn -0.6298 -0.7431 0.2263
vn -0.6465 -0.7629 0.0000
vn -0.5340 -0.6913 0.4868
vn 0.3147 -0.7771 0.5450
vn -0.1233 -0.6962 0.7071
vn -0.6315 -0.7754 -0.0000
vn -0.3720 -0.6681 0.6444
vn 0.3137 -0.7787 0.5434
vn -0.3715 -0.6692 0.6435
vn -0.6274 -0.7787 -0.0000
vn -0.1545 -0.6913 0.7059
vn 0.3157 -0.7754 0.5469
vn -0.5507 -0.6962 0.4604
vn -0.6294 -0.7771 0.0000
vn -0.5070 0.8403 0.1919
vn -0.4291 0.8234 0.3714
vn -0.3749 0.8716 0.3158
vn -0.4779 0.8611 0.1736
vn -0.2898 0.8148 0.5020
vn -0.2413 0.8759 0.4179
vn -0.1071 0.8234 0.5573
vn -0.0860 0.8716 0.4826
vn 0.0873 0.8403 0.5350
vn 0.0886 0.8611 0.5007
vn -0.3562 0.8838 0.3035
vn -0.4674 0.8670 0.1725
vn -0.2275 0.8905 0.3940
vn -0.0848 0.8837 0.4602
vn 0.0843 0.8670 0.4911
vn -0.3668 0.8733 0.3207
vn -0.4731 0.8621 0.1816
vn -0.2394 0.8780 0.4146
vn -0.0943 0.8733 0.4779
vn 0.0793 0.8621 0.5005
vn -0.4185 0.8304 0.3679
vn -0.4991 0.8444 0.1946
vn -0.2848 0.8219 0.4933
vn -0.1094 0.8304 0.5464
vn 0.0810 0.8444 0.5295
vn -0.5350 0.8449 -0.0000
vn -0.5254 0.8297 0.1886
vn -0.5295 0.8483 0.0000
vn 0.2647 0.8483 0.4586
vn 0.0994 0.8297 0.5494
vn 0.2675 0.8448 0.4633
vn 0.2672 0.8452 0.4628
vn 0.0719 0.8263 0.5587
vn 0.2634 0.8500 0.4563
vn -0.5269 0.8500 0.0000
vn -0.5198 0.8263 0.2170
vn -0.5344 0.8452 -0.0000
vn -0.4684 0.7923 0.3911
vn 0.2599 0.8542 0.4502
vn -0.1338 0.7877 0.6014
vn -0.5177 0.8556 0.0000
vn -0.3192 0.7696 0.5529
vn 0.2579 0.8567 0.4467
vn -0.3198 0.7686 0.5540
vn -0.5158 0.8567 -0.0000
vn -0.1045 0.7922 0.6012
vn 0.2589 0.8556 0.4483
vn -0.4539 0.7877 0.4166
vn -0.5199 0.8542 0.0000
vn -0.1487 0.9874 0.0544
vn -0.1292 0.9855 0.1101
vn -0.1074 0.9904 0.0872
vn -0.1373 0.9894 0.0470
vn -0.0878 0.9844 0.1521
vn -0.0677 0.9908 0.1173
vn -0.0307 0.9855 0.1670
vn -0.0218 0.9904 0.1365
vn 0.0272 0.9874 0.1559
vn 0.0279 0.9894 0.1425
vn -0.0991 0.9915 0.0844
vn -0.1323 0.9900 0.0489
vn -0.0628 0.9921 0.1088
vn -0.0236 0.9915 0.1280
vn 0.0238 0.9900 0.1390
vn -0.0993 0.9905 0.0952
vn -0.1315 0.9896 0.0585
vn -0.0673 0.9909 0.1166
vn -0.0328 0.9905 0.1336
vn 0.0151 0.9896 0.1431
vn -0.1157 0.9857 0.1227
vn -0.1384 0.9877 0.0735
vn -0.0868 0.9848 0.1503
vn -0.0484 0.9857 0.1615
vn 0.0056 0.9877 0.1565
vn -0.1552 0.9879 -0.0000
vn -0.1552 0.9864 0.0541
vn -0.1532 0.9882 -0.0000
vn 0.0766 0.9882 0.1326
vn 0.0307 0.9864 0.1615
vn 0.0776 0.9879 0.1344
vn 0.0764 0.9883 0.1323
vn -0.0045 0.9851 0.1720
vn 0.0747 0.9888 0.1293
vn -0.1493 0.9888 0.0000
vn -0.1467 0.9851 0.0900
vn -0.1528 0.9883 -0.0000
vn -0.1447 0.9823 0.1187
vn 0.0748 0.9887 0.1296
vn -0.0630 0.9805 0.1861
vn -0.1469 0.9891 0.0000
vn -0.1006 0.9796 0.1742
vn 0.0738 0.9891 0.1278
vn -0.1026 0.9787 0.1776
vn -0.1476 0.9891 0.0000
vn -0.0304 0.9823 0.1847
vn 0.0735 0.9891 0.1272
vn -0.1297 0.9805 0.1477
vn -0.1496 0.9887 -0.0000
vn 0.7732 0.0000 0.6342
vn 0.9441 0.0000 0.3298
vn 1.0000 0.0000 0.0000
vn 0.9441 0.0000 -0.3298
vn 0.7732 -0.0000 -0.6342
vn 0.5000 0.0000 -0.8660
vn 0.1445 0.9827 0.1156
vn 0.1883 0.9801 0.0630
vn 0.1525 0.9868 0.0540
vn 0.1304 0.9856 0.1081
vn 0.2051 0.9787 0.0000
vn 0.1587 0.9873 -0.0000
vn 0.1883 0.9801 -0.0630
vn 0.1525 0.9868 -0.0540
vn 0.1445 0.9827 -0.1156
vn 0.1304 0.9856 -0.1081
vn 0.1435 0.9883 0.0512
vn 0.1267 0.9863 0.1058
vn 0.1471 0.9891 -0.0000
vn 0.1435 0.9883 -0.0512
vn 0.1267 0.9863 -0.1058
vn 0.1511 0.9871 0.0533
vn 0.1299 0.9856 0.1078
vn 0.1566 0.9877 -0.0000
vn 0.1511 0.9871 -0.0533
vn 0.1299 0.9856 -0.1078
vn 0.1810 0.9814 0.0636
vn 0.1403 0.9834 0.1154
vn 0.1984 0.9801 -0.0000
vn 0.1810 0.9814 -0.0636
vn 0.1403 0.9834 -0.1154
vn 0.1474 0.9813 0.1235
vn 0.0893 0.9839 -0.1547
vn 0.1474 0.9813 -0.1235
vn 0.0906 0.9834 -0.1569
vn 0.0905 0.9835 -0.1568
vn 0.1544 0.9808 -0.1189
vn 0.0889 0.9841 -0.1540
vn 0.1543 0.9808 0.1189
vn 0.2059 0.9757 0.0745
vn 0.0871 0.9847 -0.1509
vn 0.2118 0.9750 -0.0670
vn 0.2349 0.9720 0.0000
vn 0.0863 0.9850 -0.1495
vn 0.2351 0.9720 -0.0000
vn 0.2058 0.9757 -0.0745
vn 0.0869 0.9848 -0.1504
vn 0.2118 0.9750 0.0670
vn 0.4953 -0.7672 0.4074
vn 0.6239 -0.7502 0.2188
vn 0.5584 -0.8061 0.1962
vn 0.4722 -0.7905 0.3900
vn 0.6724 -0.7402 0.0000
vn 0.5828 -0.8126 0.0000
vn 0.6239 -0.7502 -0.2188
vn 0.5584 -0.8061 -0.1962
vn 0.4953 -0.7672 -0.4074
vn 0.4722 -0.7905 -0.3900
vn 0.5391 -0.8203 0.1909
vn 0.4643 -0.7975 0.3852
vn 0.5582 -0.8297 0.0000
vn 0.5391 -0.8203 -0.1909
vn 0.4643 -0.7975 -0.3852
vn 0.5610 -0.8038 0.1980
vn 0.4730 -0.7897 0.3907
vn 0.5870 -0.8096 0.0000
vn 0.5610 -0.8038 -0.1980
vn 0.4730 -0.7897 -0.3907
vn 0.6347 -0.7417 0.2167
vn 0.5032 -0.7626 0.4065
vn 0.6818 -0.7315 -0.0000
vn 0.6347 -0.7417 -0.2167
vn 0.5032 -0.7626 -0.4065
vn 0.5250 -0.7449 0.4118
vn 0.3165 -0.7741 -0.5483
vn 0.5250 -0.7449 -0.4118
vn 0.3201 -0.7683 -0.5544
vn 0.3201 -0.7681 -0.5545
vn 0.5086 -0.7483 -0.4259
vn 0.3173 -0.7729 -0.5496
vn 0.5086 -0.7483 0.4259
vn 0.6808 -0.6977 0.2228
vn 0.3119 -0.7815 -0.5403
vn 0.6702 -0.7017 -0.2418
vn 0.7382 -0.6746 -0.0000
vn 0.3106 -0.7836 -0.5380
vn 0.7379 -0.6749 -0.0000
vn 0.6808 -0.6977 -0.2228
vn 0.3124 -0.7807 -0.5412
vn 0.6702 -0.7017 0.2418
vn 0.7691 -0.0978 0.6316
vn 0.9398 -0.0931 0.3287
vn 0.9381 -0.1114 0.3278
vn 0.7687 -0.1058 0.6308
vn 0.9959 -0.0908 0.0000
vn 0.9935 -0.1140 0.0000
vn 0.9398 -0.0931 -0.3287
vn 0.9381 -0.1114 -0.3278
vn 0.7691 -0.0978 -0.6316
vn 0.7687 -0.1058 -0.6308
vn 0.9375 -0.1175 0.3276
vn 0.7685 -0.1084 0.6306
vn 0.9926 -0.1216 0.0000
vn 0.9375 -0.1175 -0.3275
vn 0.7685 -0.1084 -0.6306
vn 0.9382 -0.1113 0.3277
vn 0.7689 -0.1057 0.6306
vn 0.9935 -0.1138 0.0000
vn 0.9382 -0.1113 -0.3277
vn 0.7689 -0.1057 -0.6306
vn 0.9402 -0.0928 0.3278
vn 0.7699 -0.0976 0.6307
vn 0.9959 -0.0905 -0.0000
vn 0.9402 -0.0928 -0.3278
vn 0.7699 -0.0976 -0.6307
vn 0.7711 -0.0922 0.6300
vn 0.4975 -0.1001 -0.8617
vn 0.7711 -0.0922 -0.6300
vn 0.4976 -0.0984 -0.8618
vn 0.7687 -0.0923 -0.6329
vn 0.4975 -0.1000 -0.8617
vn 0.7687 -0.0923 0.6329
vn 0.9416 -0.0805 0.3271
vn 0.4974 -0.1026 -0.8615
vn 0.9405 -0.0806 -0.3302
vn 0.9972 -0.0751 0.0000
vn 0.4973 -0.1034 -0.8614
vn 0.9416 -0.0806 -0.3271
vn 0.4974 -0.1025 -0.8615
vn 0.9405 -0.0807 0.3302
vn 0.6969 0.4382 0.5678
vn 0.8581 0.4188 0.2971
vn 0.8242 0.4870 0.2889
vn 0.6825 0.4685 0.5610
vn 0.9122 0.4096 0.0000
vn 0.8689 0.4950 -0.0000
vn 0.8581 0.4188 -0.2971
vn 0.8242 0.4870 -0.2889
vn 0.6969 0.4382 -0.5678
vn 0.6825 0.4685 -0.5610
vn 0.8125 0.5084 0.2853
vn 0.6780 0.4781 0.5584
vn 0.8531 0.5217 0.0000
vn 0.8125 0.5084 -0.2853
vn 0.6780 0.4781 -0.5584
vn 0.8233 0.4888 0.2884
vn 0.6821 0.4691 0.5610
vn 0.8674 0.4976 0.0000
vn 0.8233 0.4888 -0.2884
vn 0.6821 0.4691 -0.5610
vn 0.8548 0.4236 0.2997
vn 0.6930 0.4411 0.5702
vn 0.9100 0.4146 0.0000
vn 0.8548 0.4236 -0.2997
vn 0.6930 0.4411 -0.5702
vn 0.6973 0.4207 0.5803
vn 0.4469 0.4483 -0.7741
vn 0.6973 0.4207 -0.5803
vn 0.4484 0.4426 -0.7766
vn 0.4483 0.4427 -0.7765
vn 0.7082 0.4187 -0.5684
vn 0.4467 0.4491 -0.7738
vn 0.7082 0.4187 0.5684
vn 0.8731 0.3751 0.3114
vn 0.4446 0.4574 -0.7701
vn 0.8786 0.3733 -0.2977
vn 0.9359 0.3521 0.0000
vn 0.4438 0.4606 -0.7687
vn 0.9360 0.3520 -0.0000
vn 0.8731 0.3751 -0.3114
vn 0.4445 0.4579 -0.7699
vn 0.8787 0.3733 0.2977
vn 0.5408 0.7163 0.4409
vn 0.6801 0.6943 0.2354
vn 0.6101 0.7619 0.2176
vn 0.5120 0.7459 0.4260
vn 0.7299 0.6835 -0.0000
vn 0.6399 0.7684 -0.0000
vn 0.6801 0.6943 -0.2354
vn 0.6101 0.7619 -0.2176
vn 0.5408 0.7163 -0.4409
vn 0.5120 0.7459 -0.4260
vn 0.5895 0.7804 0.2086
vn 0.5052 0.7547 0.4186
vn 0.6117 0.7911 -0.0000
vn 0.5895 0.7804 -0.2086
vn 0.5052 0.7547 -0.4186
vn 0.6094 0.7642 0.2111
vn 0.5147 0.7470 0.4208
vn 0.6362 0.7715 -0.0000
vn 0.6094 0.7642 -0.2111
vn 0.5147 0.7470 -0.4208
vn 0.6727 0.7025 0.2322
vn 0.5374 0.7212 0.4371
vn 0.7220 0.6919 -0.0000
vn 0.6727 0.7025 -0.2322
vn 0.5374 0.7212 -0.4371
vn 0.5460 0.7005 0.4595
vn 0.3432 0.7272 -0.5945
vn 0.5460 0.7005 -0.4595
vn 0.3459 0.7220 -0.5992
vn 0.3458 0.7224 -0.5989
vn 0.5655 0.6968 -0.4412
vn 0.3423 0.7289 -0.5929
vn 0.5655 0.6968 0.4412
vn 0.7137 0.6508 0.2591
vn 0.3386 0.7358 -0.5865
vn 0.7255 0.6465 -0.2360
vn 0.7824 0.6228 -0.0000
vn 0.3368 0.7391 -0.5833
vn 0.7829 0.6221 -0.0000
vn 0.7137 0.6508 -0.2591
vn 0.3379 0.7371 -0.5853
vn 0.7255 0.6465 0.2360
vn 0.7729 0.0333 0.6337
vn 0.9437 0.0316 0.3294
vn 0.9434 0.0380 0.3295
vn 0.7727 0.0360 0.6338
vn 0.9995 0.0308 0.0000
vn 0.9992 0.0388 0.0000
vn 0.9437 0.0316 -0.3294
vn 0.9434 0.0380 -0.3295
vn 0.7729 0.0333 -0.6337
vn 0.7727 0.0360 -0.6338
vn 0.9433 0.0401 0.3295
vn 0.7726 0.0370 0.6338
vn 0.9991 0.0415 0.0000
vn 0.9433 0.0401 -0.3295
vn 0.7726 0.0370 -0.6338
vn 0.9434 0.0380 0.3296
vn 0.7726 0.0360 0.6339
vn 0.9992 0.0389 0.0000
vn 0.9434 0.0380 -0.3296
vn 0.7726 0.0360 -0.6339
vn 0.9435 0.0317 0.3298
vn 0.7726 0.0333 0.6340
vn 0.9995 0.0309 0.0000
vn 0.9435 0.0317 -0.3298
vn 0.7726 0.0333 -0.6340
vn 0.7724 0.0314 0.6344
vn 0.4997 0.0341 -0.8655
vn 0.7724 0.0314 -0.6344
vn 0.4997 0.0335 -0.8655
vn 0.7732 0.0314 -0.6334
vn 0.7732 0.0314 0.6334
vn 0.9435 0.0274 0.3301
vn 0.4997 0.0349 -0.8655
vn 0.9439 0.0274 -0.3291
vn 0.9997 0.0255 0.0000
vn 0.4997 0.0352 -0.8655
vn 0.9435 0.0274 -0.3301
vn 0.9439 0.0274 0.3291
vn 0.4221 -0.8375 0.3471
vn 0.5353 -0.8236 0.1877
vn 0.4692 -0.8676 0.1650
vn 0.3989 -0.8557 0.3298
vn 0.5793 -0.8151 -0.0000
vn 0.4886 -0.8725 0.0000
vn 0.5352 -0.8236 -0.1877
vn 0.4692 -0.8676 -0.1650
vn 0.4221 -0.8375 -0.3471
vn 0.3989 -0.8557 -0.3298
vn 0.4506 -0.8783 0.1599
vn 0.3912 -0.8610 0.3251
vn 0.4650 -0.8853 0.0000
vn 0.4506 -0.8783 -0.1599
vn 0.3912 -0.8610 -0.3251
vn 0.4719 -0.8657 0.1669
vn 0.3997 -0.8550 0.3306
vn 0.4930 -0.8700 0.0000
vn 0.4719 -0.8657 -0.1669
vn 0.3997 -0.8550 -0.3306
vn 0.5475 -0.8159 0.1860
vn 0.4304 -0.8334 0.3468
vn 0.5903 -0.8072 0.0000
vn 0.5475 -0.8159 -0.1860
vn 0.4304 -0.8334 -0.3468
vn 0.4522 -0.8192 0.3526
vn 0.2690 -0.8429 -0.4660
vn 0.4522 -0.8192 -0.3526
vn 0.2726 -0.8383 -0.4722
vn 0.2727 -0.8382 -0.4724
vn 0.4361 -0.8223 -0.3655
vn 0.2699 -0.8418 -0.4674
vn 0.4361 -0.8223 0.3656
vn 0.5954 -0.7799 0.1929
vn 0.2644 -0.8487 -0.4580
vn 0.5842 -0.7837 -0.2111
vn 0.6496 -0.7603 -0.0000
vn 0.2632 -0.8503 -0.4558
vn 0.6492 -0.7606 -0.0000
vn 0.5954 -0.7799 -0.1929
vn 0.2650 -0.8480 -0.4590
vn 0.5842 -0.7837 0.2111
vn 0.5098 0.7558 0.4108
vn 0.6422 0.7347 0.2186
vn 0.5689 0.7978 0.2000
vn 0.4797 0.7834 0.3951
vn 0.6893 0.7245 0.0000
vn 0.5951 0.8036 0.0000
vn 0.6422 0.7347 -0.2186
vn 0.5689 0.7978 -0.2000
vn 0.5098 0.7558 -0.4108
vn 0.4797 0.7834 -0.3951
vn 0.5467 0.8146 0.1936
vn 0.4706 0.7913 0.3903
vn 0.5663 0.8242 -0.0000
vn 0.5467 0.8146 -0.1936
vn 0.4706 0.7913 -0.3903
vn 0.5657 0.8001 0.1996
vn 0.4779 0.7842 0.3958
vn 0.5908 0.8068 -0.0000
vn 0.5657 0.8001 -0.1996
vn 0.4779 0.7842 -0.3958
vn 0.6309 0.7434 0.2223
vn 0.5008 0.7605 0.4133
vn 0.6799 0.7333 0.0000
vn 0.6309 0.7434 -0.2223
vn 0.5008 0.7605 -0.4133
vn 0.5150 0.7413 0.4304
vn 0.3212 0.7663 -0.5564
vn 0.5150 0.7413 -0.4304
vn 0.3241 0.7615 -0.5613
vn 0.3240 0.7616 -0.5613
vn 0.5304 0.7379 -0.4173
vn 0.3206 0.7674 -0.5552
vn 0.5304 0.7379 0.4173
vn 0.6774 0.6941 0.2437
vn 0.3164 0.7743 -0.5480
vn 0.6873 0.6903 -0.2259
vn 0.7450 0.6671 0.0000
vn 0.3146 0.7772 -0.5450
vn 0.7451 0.6669 0.0000
vn 0.6774 0.6941 -0.2437
vn 0.3160 0.7750 -0.5473
vn 0.6873 0.6903 0.2259
vn 0.1798 0.9731 0.1438
vn 0.2338 0.9691 0.0782
vn 0.1901 0.9794 0.0673
vn 0.1626 0.9775 0.1345
vn 0.2544 0.9671 -0.0000
vn 0.1979 0.9802 -0.0000
vn 0.2338 0.9691 -0.0782
vn 0.1901 0.9794 -0.0673
vn 0.1798 0.9731 -0.1438
vn 0.1626 0.9775 -0.1345
vn 0.1791 0.9818 0.0638
vn 0.1580 0.9786 0.1318
vn 0.1836 0.9830 -0.0000
vn 0.1791 0.9818 -0.0638
vn 0.1580 0.9786 -0.1318
vn 0.1884 0.9798 0.0665
vn 0.1618 0.9776 0.1344
vn 0.1953 0.9807 -0.0000
vn 0.1884 0.9798 -0.0665
vn 0.1618 0.9776 -0.1344
vn 0.2249 0.9712 0.0791
vn 0.1744 0.9741 0.1437
vn 0.2463 0.9692 -0.0000
vn 0.2249 0.9712 -0.0792
vn 0.1744 0.9741 -0.1437
vn 0.1832 0.9710 0.1535
vn 0.1112 0.9750 -0.1926
vn 0.1832 0.9710 -0.1535
vn 0.1127 0.9742 -0.1953
vn 0.1127 0.9743 -0.1952
vn 0.1916 0.9703 -0.1479
vn 0.1107 0.9752 -0.1917
vn 0.1916 0.9703 0.1479
vn 0.2551 0.9625 0.0922
vn 0.1085 0.9762 -0.1879
vn 0.2622 0.9614 -0.0832
vn 0.2905 0.9569 -0.0000
vn 0.1075 0.9766 -0.1862
vn 0.2907 0.9568 -0.0000
vn 0.2551 0.9625 -0.0922
vn 0.1082 0.9763 -0.1874
vn 0.2622 0.9614 0.0832
vn 0.6748 0.4842 0.5569
vn 0.8356 0.4636 0.2946
vn 0.7955 0.5349 0.2848
vn 0.6580 0.5157 0.5488
vn 0.8911 0.4538 0.0000
vn 0.8396 0.5432 -0.0000
vn 0.8356 0.4636 -0.2946
vn 0.7955 0.5349 -0.2848
vn 0.6748 0.4842 -0.5569
vn 0.6580 0.5157 -0.5488
vn 0.7835 0.5569 0.2755
vn 0.6564 0.5258 0.5410
vn 0.8213 0.5705 -0.0000
vn 0.7835 0.5569 -0.2755
vn 0.6564 0.5258 -0.5410
vn 0.7984 0.5368 0.2728
vn 0.6656 0.5169 0.5383
vn 0.8381 0.5456 -0.0000
vn 0.7984 0.5368 -0.2728
vn 0.6656 0.5168 -0.5383
vn 0.8362 0.4687 0.2846
vn 0.6798 0.4877 0.5478
vn 0.8885 0.4589 -0.0000
vn 0.8362 0.4687 -0.2846
vn 0.6798 0.4877 -0.5478
vn 0.6770 0.4662 0.5694
vn 0.4346 0.4946 -0.7527
vn 0.6770 0.4662 -0.5694
vn 0.4362 0.4889 -0.7555
vn 0.4360 0.4894 -0.7552
vn 0.6962 0.4635 -0.5482
vn 0.4341 0.4963 -0.7518
vn 0.6962 0.4635 0.5482
vn 0.8541 0.4180 0.3094
vn 0.4319 0.5040 -0.7480
vn 0.8640 0.4149 -0.2851
vn 0.9195 0.3932 0.0000
vn 0.4308 0.5078 -0.7461
vn 0.9198 0.3924 -0.0000
vn 0.8541 0.4180 -0.3094
vn 0.4314 0.5055 -0.7472
vn 0.8640 0.4149 0.2851
vn 0.7587 0.1760 0.6272
vn 0.9296 0.1675 0.3284
vn 0.9235 0.2002 0.3272
vn 0.7560 0.1904 0.6262
vn 0.9866 0.1634 0.0000
vn 0.9789 0.2045 0.0000
vn 0.9296 0.1675 -0.3284
vn 0.9235 0.2002 -0.3272
vn 0.7587 0.1760 -0.6272
vn 0.7560 0.1904 -0.6262
vn 0.9227 0.2110 0.3226
vn 0.7581 0.1952 0.6222
vn 0.9759 0.2182 0.0000
vn 0.9227 0.2110 -0.3226
vn 0.7581 0.1952 -0.6222
vn 0.9264 0.2005 0.3188
vn 0.7621 0.1906 0.6188
vn 0.9788 0.2049 0.0000
vn 0.9264 0.2005 -0.3188
vn 0.7621 0.1906 -0.6188
vn 0.9322 0.1682 0.3206
vn 0.7642 0.1766 0.6203
vn 0.9864 0.1641 0.0000
vn 0.9322 0.1682 -0.3206
vn 0.7642 0.1766 -0.6203
vn 0.7582 0.1670 0.6303
vn 0.4918 0.1803 -0.8518
vn 0.7582 0.1670 -0.6303
vn 0.4921 0.1775 -0.8523
vn 0.4920 0.1776 -0.8523
vn 0.7675 0.1665 -0.6191
vn 0.4918 0.1807 -0.8518
vn 0.7675 0.1665 0.6191
vn 0.9319 0.1462 0.3318
vn 0.4914 0.1847 -0.8511
vn 0.9363 0.1457 -0.3195
vn 0.9907 0.1363 0.0000
vn 0.4912 0.1864 -0.8509
vn 0.9907 0.1361 -0.0000
vn 0.9319 0.1462 -0.3318
vn 0.4914 0.1851 -0.8511
vn 0.9363 0.1457 0.3195
vn 0.7707 -0.1025 0.6289
vn 0.9404 -0.0976 0.3259
vn 0.9384 -0.1168 0.3252
vn 0.7701 -0.1109 0.6283
vn 0.9955 -0.0952 0.0000
vn 0.9928 -0.1194 0.0000
vn 0.9404 -0.0976 -0.3259
vn 0.9384 -0.1168 -0.3252
vn 0.7707 -0.1025 -0.6289
vn 0.7701 -0.1109 -0.6283
vn 0.9368 -0.1231 0.3273
vn 0.7681 -0.1137 0.6302
vn 0.9918 -0.1274 0.0000
vn 0.9368 -0.1231 -0.3273
vn 0.7681 -0.1137 -0.6302
vn 0.9368 -0.1167 0.3298
vn 0.7667 -0.1108 0.6323
vn 0.9929 -0.1193 0.0000
vn 0.9368 -0.1167 -0.3298
vn 0.7667 -0.1108 -0.6323
vn 0.9389 -0.0973 0.3301
vn 0.7677 -0.1023 0.6325
vn 0.9955 -0.0949 0.0000
vn 0.9389 -0.0973 -0.3301
vn 0.7677 -0.1023 -0.6325
vn 0.7723 -0.0967 0.6279
vn 0.4972 -0.1050 -0.8612
vn 0.7723 -0.0967 -0.6279
vn 0.4973 -0.1032 -0.8614
vn 0.4973 -0.1031 -0.8614
vn 0.7671 -0.0968 -0.6342
vn 0.4972 -0.1048 -0.8613
vn 0.7671 -0.0968 0.6342
vn 0.9420 -0.0844 0.3249
vn 0.4971 -0.1076 -0.8610
vn 0.9395 -0.0846 -0.3318
vn 0.9969 -0.0788 0.0000
vn 0.4971 -0.1084 -0.8609
vn 0.9420 -0.0844 -0.3249
vn 0.4971 -0.1075 -0.8610
vn 0.9395 -0.0846 0.3318
vn -0.0251 -0.9995 -0.0202
vn -0.0323 -0.9994 -0.0110
vn -0.0268 -0.9996 -0.0092
vn -0.0231 -0.9996 -0.0188
vn -0.0354 -0.9994 0.0000
vn -0.0277 -0.9996 -0.0000
vn -0.0323 -0.9994 0.0110
vn -0.0268 -0.9996 0.0092
vn -0.0251 -0.9995 0.0202
vn -0.0231 -0.9996 0.0188
vn -0.0253 -0.9996 -0.0090
vn -0.0224 -0.9996 -0.0187
vn -0.0259 -0.9997 0.0000
vn -0.0253 -0.9996 0.0090
vn -0.0224 -0.9996 0.0187
vn -0.0269 -0.9996 -0.0097
vn -0.0230 -0.9996 -0.0193
vn -0.0280 -0.9996 -0.0000
vn -0.0269 -0.9996 0.0097
vn -0.0230 -0.9996 0.0193
vn -0.0335 -0.9994 -0.0114
vn -0.0255 -0.9995 -0.0207
vn -0.0366 -0.9993 -0.0000
vn -0.0335 -0.9994 0.0114
vn -0.0255 -0.9995 0.0207
vn -0.0277 -0.9994 -0.0209
vn -0.0157 -0.9995 0.0272
vn -0.0277 -0.9994 0.0209
vn -0.0160 -0.9995 0.0278
vn -0.0161 -0.9995 0.0278
vn -0.0261 -0.9994 0.0221
vn -0.0158 -0.9995 0.0274
vn -0.0261 -0.9994 -0.0221
vn -0.0381 -0.9992 -0.0117
vn -0.0154 -0.9995 0.0266
vn -0.0367 -0.9992 0.0135
vn -0.0422 -0.9991 0.0000
vn -0.0153 -0.9995 0.0265
vn -0.0421 -0.9991 -0.0000
vn -0.0381 -0.9992 0.0117
vn -0.0154 -0.9995 0.0268
vn -0.0367 -0.9992 -0.0135
vn 0.5010 -0.7605 0.4131
vn 0.6310 -0.7433 0.2221
vn 0.5658 -0.8001 0.1994
vn 0.4780 -0.7842 0.3956
vn 0.6799 -0.7333 -0.0000
vn 0.5908 -0.8068 -0.0000
vn 0.6310 -0.7433 -0.2221
vn 0.5658 -0.8001 -0.1994
vn 0.5010 -0.7605 -0.4131
vn 0.4780 -0.7842 -0.3956
vn 0.5467 -0.8146 0.1936
vn 0.4706 -0.7913 0.3903
vn 0.5663 -0.8242 0.0000
vn 0.5467 -0.8146 -0.1936
vn 0.4706 -0.7913 -0.3903
vn 0.5688 -0.7978 0.2002
vn 0.4795 -0.7834 0.3953
vn 0.5951 -0.8036 -0.0000
vn 0.5688 -0.7978 -0.2002
vn 0.4795 -0.7834 -0.3953
vn 0.6421 -0.7347 0.2188
vn 0.5097 -0.7558 0.4110
vn 0.6893 -0.7245 -0.0000
vn 0.6421 -0.7347 -0.2188
vn 0.5097 -0.7558 -0.4110
vn 0.5305 -0.7379 0.4171
vn 0.3206 -0.7674 -0.5552
vn 0.5305 -0.7379 -0.4171
vn 0.3240 -0.7616 -0.5612
vn 0.3241 -0.7615 -0.5613
vn 0.5149 -0.7413 -0.4305
vn 0.3212 -0.7663 -0.5564
vn 0.5149 -0.7413 0.4306
vn 0.6874 -0.6903 0.2258
vn 0.3160 -0.7750 -0.5473
vn 0.6773 -0.6941 -0.2439
vn 0.7452 -0.6669 0.0000
vn 0.3146 -0.7772 -0.5450
vn 0.7450 -0.6671 -0.0000
vn 0.6874 -0.6903 -0.2257
vn 0.3164 -0.7743 -0.5480
vn 0.6773 -0.6941 0.2439
vn 0.7714 -0.0622 0.6333
vn 0.9423 -0.0592 0.3295
vn 0.9416 -0.0709 0.3290
vn 0.7713 -0.0673 0.6329
vn 0.9983 -0.0577 0.0000
vn 0.9974 -0.0726 0.0000
vn 0.9423 -0.0592 -0.3295
vn 0.9416 -0.0709 -0.3290
vn 0.7714 -0.0622 -0.6333
vn 0.7713 -0.0673 -0.6329
vn 0.9414 -0.0749 0.3289
vn 0.7713 -0.0690 0.6327
vn 0.9970 -0.0775 0.0000
vn 0.9414 -0.0749 -0.3289
vn 0.7713 -0.0690 -0.6327
vn 0.9417 -0.0709 0.3288
vn 0.7715 -0.0673 0.6327
vn 0.9974 -0.0725 -0.0000
vn 0.9417 -0.0709 -0.3289
vn 0.7715 -0.0673 -0.6327
vn 0.9425 -0.0591 0.3288
vn 0.7720 -0.0621 0.6326
vn 0.9983 -0.0576 -0.0000
vn 0.9425 -0.0591 -0.3288
vn 0.7720 -0.0621 -0.6326
vn 0.7726 -0.0587 0.6322
vn 0.4990 -0.0637 -0.8643
vn 0.7726 -0.0587 -0.6322
vn 0.4990 -0.0626 -0.8643
vn 0.7711 -0.0587 -0.6340
vn 0.7711 -0.0587 0.6340
vn 0.9432 -0.0512 0.3283
vn 0.4989 -0.0653 -0.8642
vn 0.9425 -0.0513 -0.3302
vn 0.9989 -0.0477 -0.0000
vn 0.4989 -0.0658 -0.8641
vn 0.9989 -0.0478 -0.0000
vn 0.9432 -0.0512 -0.3283
vn 0.9425 -0.0513 0.3303
vn 0.5708 0.6790 0.4618
vn 0.7138 0.6563 0.2445
vn 0.6476 0.7271 0.2277
vn 0.5434 0.7102 0.4477
vn 0.7639 0.6454 -0.0000
vn 0.6789 0.7342 0.0000
vn 0.7138 0.6563 -0.2445
vn 0.6476 0.7271 -0.2277
vn 0.5708 0.6790 -0.4618
vn 0.5434 0.7102 -0.4477
vn 0.6268 0.7470 0.2215
vn 0.5351 0.7194 0.4429
vn 0.6515 0.7586 0.0000
vn 0.6268 0.7470 -0.2215
vn 0.5351 0.7194 -0.4429
vn 0.6451 0.7296 0.2269
vn 0.5422 0.7110 0.4478
vn 0.6752 0.7376 0.0000
vn 0.6451 0.7296 -0.2269
vn 0.5422 0.7110 -0.4478
vn 0.7048 0.6647 0.2477
vn 0.5632 0.6837 0.4641
vn 0.7565 0.6539 -0.0000
vn 0.7048 0.6647 -0.2477
vn 0.5632 0.6837 -0.4641
vn 0.5750 0.6621 0.4806
vn 0.3617 0.6904 -0.6265
vn 0.5750 0.6621 -0.4806
vn 0.3643 0.6848 -0.6311
vn 0.3643 0.6850 -0.6310
vn 0.5903 0.6588 -0.4665
vn 0.3611 0.6916 -0.6255
vn 0.5903 0.6588 0.4665
vn 0.7452 0.6107 0.2679
vn 0.3573 0.6995 -0.6189
vn 0.7543 0.6071 -0.2499
vn 0.8129 0.5824 -0.0000
vn 0.3557 0.7028 -0.6161
vn 0.8131 0.5821 -0.0000
vn 0.7452 0.6107 -0.2679
vn 0.3569 0.7003 -0.6182
vn 0.7543 0.6071 0.2499
vn 0.0846 0.9941 0.0674
vn 0.1104 0.9932 0.0368
vn 0.0889 0.9955 0.0314
vn 0.0761 0.9951 0.0629
vn 0.1203 0.9927 -0.0000
vn 0.0924 0.9957 0.0000
vn 0.1104 0.9932 -0.0368
vn 0.0889 0.9955 -0.0314
vn 0.0846 0.9941 -0.0675
vn 0.0761 0.9951 -0.0629
vn 0.0835 0.9961 0.0298
vn 0.0739 0.9954 0.0617
vn 0.0856 0.9963 -0.0000
vn 0.0835 0.9961 -0.0298
vn 0.0739 0.9954 -0.0617
vn 0.0880 0.9956 0.0312
vn 0.0757 0.9951 0.0630
vn 0.0912 0.9958 0.0000
vn 0.0880 0.9956 -0.0312
vn 0.0757 0.9951 -0.0630
vn 0.1058 0.9937 0.0373
vn 0.0818 0.9944 0.0675
vn 0.1162 0.9932 0.0000
vn 0.1058 0.9937 -0.0373
vn 0.0818 0.9944 -0.0675
vn 0.0863 0.9937 0.0722
vn 0.0521 0.9945 -0.0903
vn 0.0863 0.9937 -0.0722
vn 0.0529 0.9944 -0.0916
vn 0.0903 0.9935 -0.0696
vn 0.0519 0.9946 -0.0899
vn 0.0903 0.9935 0.0696
vn 0.1209 0.9917 0.0436
vn 0.0508 0.9948 -0.0880
vn 0.1244 0.9915 -0.0394
vn 0.1382 0.9904 -0.0000
vn 0.0504 0.9949 -0.0872
vn 0.1383 0.9904 0.0000
vn 0.1209 0.9917 -0.0437
vn 0.0507 0.9948 -0.0878
vn 0.1244 0.9915 0.0394
vn 0.5053 -0.7557 0.4167
vn 0.6361 -0.7384 0.2239
vn 0.5712 -0.7958 0.2013
vn 0.4824 -0.7797 0.3992
vn 0.6853 -0.7282 0.0000
vn 0.5965 -0.8026 -0.0000
vn 0.6361 -0.7384 -0.2239
vn 0.5712 -0.7958 -0.2013
vn 0.5053 -0.7557 -0.4167
vn 0.4824 -0.7797 -0.3992
vn 0.5521 -0.8105 0.1955
vn 0.4750 -0.7869 0.3939
vn 0.5720 -0.8203 -0.0000
vn 0.5521 -0.8105 -0.1955
vn 0.4750 -0.7869 -0.3939
vn 0.5742 -0.7934 0.2020
vn 0.4839 -0.7789 0.3989
vn 0.6008 -0.7994 0.0000
vn 0.5742 -0.7934 -0.2020
vn 0.4839 -0.7789 -0.3989
vn 0.6472 -0.7298 0.2205
vn 0.5139 -0.7510 0.4145
vn 0.6946 -0.7194 -0.0000
vn 0.6472 -0.7298 -0.2205
vn 0.5139 -0.7510 -0.4145
vn 0.5347 -0.7329 0.4206
vn 0.3234 -0.7627 -0.5601
vn 0.5347 -0.7329 -0.4206
vn 0.3268 -0.7568 -0.5661
vn 0.3269 -0.7567 -0.5662
vn 0.5191 -0.7363 -0.4341
vn 0.3241 -0.7616 -0.5613
vn 0.5191 -0.7363 0.4341
vn 0.6922 -0.6849 0.2275
vn 0.3188 -0.7704 -0.5522
vn 0.6822 -0.6887 -0.2456
vn 0.7501 -0.6614 0.0000
vn 0.3175 -0.7726 -0.5499
vn 0.7499 -0.6616 -0.0000
vn 0.6922 -0.6849 -0.2275
vn 0.3192 -0.7697 -0.5529
vn 0.6822 -0.6887 0.2456
vn 0.5731 0.6758 0.4635
vn 0.7165 0.6531 0.2453
vn 0.6506 0.7242 0.2286
vn 0.5458 0.7071 0.4495
vn 0.7666 0.6422 -0.0000
vn 0.6821 0.7313 0.0000
vn 0.7165 0.6531 -0.2453
vn 0.6506 0.7242 -0.2286
vn 0.5731 0.6758 -0.4635
vn 0.5458 0.7071 -0.4495
vn 0.6298 0.7442 0.2225
vn 0.5375 0.7164 0.4449
vn 0.6548 0.7558 0.0000
vn 0.6298 0.7442 -0.2225
vn 0.5375 0.7164 -0.4449
vn 0.6480 0.7267 0.2281
vn 0.5444 0.7080 0.4499
vn 0.6784 0.7347 -0.0000
vn 0.6480 0.7267 -0.2281
vn 0.5444 0.7080 -0.4499
vn 0.7075 0.6615 0.2489
vn 0.5654 0.6805 0.4661
vn 0.7593 0.6507 -0.0000
vn 0.7075 0.6615 -0.2489
vn 0.5654 0.6805 -0.4661
vn 0.5773 0.6589 0.4823
vn 0.3632 0.6873 -0.6291
vn 0.5773 0.6589 -0.4823
vn 0.3658 0.6817 -0.6336
vn 0.3658 0.6818 -0.6335
vn 0.5923 0.6556 -0.4684
vn 0.3626 0.6885 -0.6281
vn 0.5923 0.6555 0.4684
vn 0.7476 0.6074 0.2686
vn 0.3588 0.6965 -0.6215
vn 0.7566 0.6038 -0.2509
vn 0.8153 0.5791 -0.0000
vn 0.3572 0.6997 -0.6187
vn 0.8155 0.5788 -0.0000
vn 0.7476 0.6073 -0.2686
vn 0.3584 0.6972 -0.6208
vn 0.7566 0.6038 0.2508
vn 0.1947 0.9683 0.1568
vn 0.2533 0.9636 0.0856
vn 0.2065 0.9757 0.0739
vn 0.1762 0.9733 0.1469
vn 0.2758 0.9612 0.0000
vn 0.2151 0.9766 0.0000
vn 0.2533 0.9636 -0.0856
vn 0.2065 0.9757 -0.0739
vn 0.1947 0.9683 -0.1568
vn 0.1762 0.9733 -0.1469
vn 0.1948 0.9784 0.0695
vn 0.1717 0.9747 0.1433
vn 0.1998 0.9798 0.0000
vn 0.1948 0.9784 -0.0694
vn 0.1717 0.9747 -0.1433
vn 0.2052 0.9761 0.0716
vn 0.1765 0.9735 0.1453
vn 0.2125 0.9772 0.0000
vn 0.2052 0.9761 -0.0716
vn 0.1765 0.9735 -0.1453
vn 0.2447 0.9659 0.0849
vn 0.1903 0.9694 0.1551
vn 0.2675 0.9635 0.0000
vn 0.2447 0.9659 -0.0849
vn 0.1903 0.9694 -0.1551
vn 0.1985 0.9658 0.1671
vn 0.1208 0.9704 -0.2093
vn 0.1985 0.9658 -0.1671
vn 0.1225 0.9695 -0.2122
vn 0.1224 0.9696 -0.2120
vn 0.2087 0.9648 -0.1598
vn 0.1202 0.9707 -0.2082
vn 0.2087 0.9648 0.1598
vn 0.2762 0.9558 0.1006
vn 0.1180 0.9718 -0.2043
vn 0.2846 0.9545 -0.0894
vn 0.3145 0.9493 0.0000
vn 0.1168 0.9723 -0.2024
vn 0.3150 0.9491 0.0000
vn 0.2762 0.9558 -0.1006
vn 0.1175 0.9720 -0.2035
vn 0.2846 0.9545 0.0894
vn 0.9441 -0.0000 0.3297
vn 0.2985 -0.9223 0.2453
vn 0.3822 -0.9143 0.1339
vn 0.3259 -0.9384 0.1146
vn 0.2789 -0.9321 0.2309
vn 0.4163 -0.9092 0.0000
vn 0.3384 -0.9410 0.0000
vn 0.3822 -0.9143 -0.1339
vn 0.3259 -0.9384 -0.1146
vn 0.2985 -0.9223 -0.2453
vn 0.2789 -0.9322 -0.2309
vn 0.3109 -0.9440 0.1106
vn 0.2726 -0.9349 0.2271
vn 0.3196 -0.9476 0.0000
vn 0.3109 -0.9440 -0.1106
vn 0.2726 -0.9349 -0.2271
vn 0.3283 -0.9374 0.1164
vn 0.2796 -0.9317 0.2317
vn 0.3422 -0.9396 -0.0000
vn 0.3283 -0.9374 -0.1164
vn 0.2796 -0.9317 -0.2317
vn 0.3942 -0.9093 0.1330
vn 0.3059 -0.9198 0.2457
vn 0.4274 -0.9041 0.0000
vn 0.3942 -0.9093 -0.1330
vn 0.3059 -0.9198 -0.2457
vn 0.3246 -0.9119 0.2511
vn 0.1896 -0.9253 -0.3284
vn 0.3246 -0.9119 -0.2511
vn 0.1927 -0.9228 -0.3338
vn 0.1928 -0.9227 -0.3339
vn 0.3111 -0.9138 -0.2610
vn 0.1904 -0.9247 -0.3298
vn 0.3111 -0.9138 0.2610
vn 0.4369 -0.8886 0.1396
vn 0.1857 -0.9285 -0.3217
vn 0.4264 -0.8912 -0.1544
vn 0.4810 -0.8767 0.0000
vn 0.1847 -0.9293 -0.3199
vn 0.4806 -0.8769 0.0000
vn 0.4369 -0.8886 -0.1396
vn 0.1862 -0.9280 -0.3226
vn 0.4264 -0.8912 0.1544
vn 0.4942 0.7723 0.3993
vn 0.6241 0.7517 0.2131
vn 0.5498 0.8124 0.1942
vn 0.4638 0.7988 0.3833
vn 0.6707 0.7417 -0.0000
vn 0.5752 0.8180 0.0000
vn 0.6241 0.7517 -0.2131
vn 0.5498 0.8124 -0.1942
vn 0.4942 0.7723 -0.3993
vn 0.4638 0.7988 -0.3833
vn 0.5279 0.8285 0.1870
vn 0.4552 0.8063 0.3777
vn 0.5463 0.8376 0.0000
vn 0.5279 0.8285 -0.1870
vn 0.4552 0.8063 -0.3777
vn 0.5472 0.8146 0.1921
vn 0.4631 0.7996 0.3824
vn 0.5709 0.8210 -0.0000
vn 0.5472 0.8146 -0.1921
vn 0.4631 0.7996 -0.3824
vn 0.6131 0.7602 0.2149
vn 0.4864 0.7769 0.3999
vn 0.6610 0.7503 -0.0000
vn 0.6131 0.7602 -0.2149
vn 0.4864 0.7769 -0.3999
vn 0.4996 0.7584 0.4186
vn 0.3114 0.7823 -0.5394
vn 0.4996 0.7584 -0.4186
vn 0.3143 0.7777 -0.5444
vn 0.3142 0.7779 -0.5442
vn 0.5162 0.7550 -0.4044
vn 0.3107 0.7836 -0.5381
vn 0.5162 0.7550 0.4044
vn 0.6599 0.7126 0.2382
vn 0.3066 0.7900 -0.5310
vn 0.6707 0.7086 -0.2191
vn 0.7274 0.6862 -0.0000
vn 0.3047 0.7928 -0.5278
vn 0.7277 0.6859 -0.0000
vn 0.6599 0.7126 -0.2382
vn 0.3060 0.7908 -0.5300
vn 0.6707 0.7086 0.2191
vn 0.4933 -0.7714 0.4021
vn 0.6205 -0.7542 0.2148
vn 0.5544 -0.8096 0.1926
vn 0.4697 -0.7944 0.3850
vn 0.6679 -0.7442 0.0000
vn 0.5780 -0.8160 0.0000
vn 0.6205 -0.7542 -0.2148
vn 0.5544 -0.8096 -0.1926
vn 0.4933 -0.7714 -0.4021
vn 0.4697 -0.7944 -0.3850
vn 0.5344 -0.8237 0.1894
vn 0.4605 -0.8012 0.3821
vn 0.5532 -0.8330 0.0000
vn 0.5344 -0.8237 -0.1894
vn 0.4605 -0.8012 -0.3821
vn 0.5557 -0.8074 0.1981
vn 0.4680 -0.7934 0.3892
vn 0.5820 -0.8132 -0.0000
vn 0.5557 -0.8074 -0.1981
vn 0.4680 -0.7934 -0.3892
vn 0.6296 -0.7460 0.2169
vn 0.4982 -0.7667 0.4050
vn 0.6771 -0.7359 -0.0000
vn 0.6296 -0.7460 -0.2169
vn 0.4982 -0.7667 -0.4050
vn 0.5228 -0.7490 0.4070
vn 0.3140 -0.7783 -0.5438
vn 0.5228 -0.7490 -0.4070
vn 0.3176 -0.7724 -0.5501
vn 0.3177 -0.7721 -0.5503
vn 0.5039 -0.7526 -0.4239
vn 0.3149 -0.7767 -0.5455
vn 0.5039 -0.7526 0.4239
vn 0.6775 -0.7021 0.2194
vn 0.3094 -0.7856 -0.5358
vn 0.6653 -0.7064 -0.2416
vn 0.7340 -0.6791 0.0000
vn 0.3082 -0.7875 -0.5338
vn 0.7334 -0.6798 -0.0000
vn 0.6775 -0.7021 -0.2194
vn 0.3101 -0.7845 -0.5371
vn 0.6653 -0.7064 0.2416
vn 0.6806 -0.4758 0.5571
vn 0.8398 -0.4574 0.2923
vn 0.8040 -0.5248 0.2798
vn 0.6679 -0.5046 0.5471
vn 0.8941 -0.4478 0.0000
vn 0.8457 -0.5336 0.0000
vn 0.8398 -0.4574 -0.2923
vn 0.8040 -0.5248 -0.2798
vn 0.6806 -0.4758 -0.5571
vn 0.6679 -0.5046 -0.5471
vn 0.7912 -0.5447 0.2781
vn 0.6621 -0.5137 0.5456
vn 0.8297 -0.5582 -0.0000
vn 0.7912 -0.5447 -0.2781
vn 0.6621 -0.5137 -0.5456
vn 0.8039 -0.5228 0.2836
vn 0.6661 -0.5038 0.5500
vn 0.8474 -0.5310 -0.0000
vn 0.8039 -0.5228 -0.2836
vn 0.6661 -0.5038 -0.5500
vn 0.8424 -0.4521 0.2931
vn 0.6823 -0.4725 0.5579
vn 0.8968 -0.4425 0.0000
vn 0.8424 -0.4521 -0.2931
vn 0.6823 -0.4725 -0.5579
vn 0.6973 -0.4522 0.5562
vn 0.4375 -0.4841 -0.7578
vn 0.6973 -0.4522 -0.5562
vn 0.4393 -0.4774 -0.7610
vn 0.4394 -0.4772 -0.7611
vn 0.6836 -0.4545 -0.5711
vn 0.4378 -0.4830 -0.7583
vn 0.6836 -0.4545 0.5710
vn 0.8669 -0.4045 0.2912
vn 0.4350 -0.4932 -0.7534
vn 0.8598 -0.4069 -0.3085
vn 0.9241 -0.3822 0.0000
vn 0.4342 -0.4958 -0.7521
vn 0.9239 -0.3825 0.0000
vn 0.8669 -0.4045 -0.2912
vn 0.4352 -0.4923 -0.7538
vn 0.8598 -0.4069 0.3085
vn 0.7637 0.1586 0.6258
vn 0.9334 0.1508 0.3257
vn 0.9284 0.1805 0.3248
vn 0.7614 0.1716 0.6252
vn 0.9891 0.1472 -0.0000
vn 0.9829 0.1844 -0.0000
vn 0.9334 0.1508 -0.3257
vn 0.9284 0.1805 -0.3248
vn 0.7637 0.1586 -0.6258
vn 0.7614 0.1716 -0.6252
vn 0.9267 0.1903 0.3239
vn 0.7609 0.1760 0.6245
vn 0.9804 0.1968 -0.0000
vn 0.9267 0.1903 -0.3239
vn 0.7609 0.1760 -0.6245
vn 0.9286 0.1808 0.3241
vn 0.7618 0.1717 0.6247
vn 0.9828 0.1848 0.0000
vn 0.9286 0.1808 -0.3241
vn 0.7618 0.1717 -0.6247
vn 0.9331 0.1515 0.3261
vn 0.7632 0.1590 0.6263
vn 0.9890 0.1479 -0.0000
vn 0.9331 0.1515 -0.3261
vn 0.7632 0.1590 -0.6263
vn 0.7623 0.1503 0.6295
vn 0.4933 0.1626 -0.8545
vn 0.7623 0.1503 -0.6295
vn 0.4936 0.1600 -0.8549
vn 0.7667 0.1500 -0.6242
vn 0.4933 0.1627 -0.8545
vn 0.7667 0.1500 0.6242
vn 0.9349 0.1315 0.3296
vn 0.4930 0.1666 -0.8539
vn 0.9370 0.1312 -0.3238
vn 0.9925 0.1226 -0.0000
vn 0.4929 0.1679 -0.8537
vn 0.9925 0.1225 0.0000
vn 0.9349 0.1315 -0.3296
vn 0.4930 0.1667 -0.8539
vn 0.9370 0.1312 0.3238
vn 0.6603 0.5170 0.5447
vn 0.8192 0.4956 0.2886
vn 0.7744 0.5685 0.2775
vn 0.6416 0.5491 0.5355
vn 0.8743 0.4854 -0.0000
vn 0.8169 0.5768 0.0000
vn 0.8192 0.4956 -0.2886
vn 0.7744 0.5685 -0.2775
vn 0.6603 0.5170 -0.5447
vn 0.6416 0.5491 -0.5355
vn 0.7611 0.5907 0.2679
vn 0.6394 0.5594 0.5274
vn 0.7968 0.6043 0.0000
vn 0.7611 0.5907 -0.2679
vn 0.6394 0.5594 -0.5274
vn 0.7772 0.5706 0.2654
vn 0.6492 0.5504 0.5250
vn 0.8151 0.5794 -0.0000
vn 0.7772 0.5706 -0.2654
vn 0.6492 0.5504 -0.5250
vn 0.8192 0.5013 0.2786
vn 0.6649 0.5208 0.5355
vn 0.8711 0.4910 -0.0000
vn 0.8192 0.5013 -0.2786
vn 0.6649 0.5208 -0.5355
vn 0.6631 0.4988 0.5582
vn 0.4247 0.5277 -0.7356
vn 0.6631 0.4988 -0.5582
vn 0.4265 0.5220 -0.7387
vn 0.4263 0.5224 -0.7384
vn 0.6830 0.4958 -0.5364
vn 0.4241 0.5296 -0.7346
vn 0.6830 0.4958 0.5364
vn 0.8399 0.4490 0.3048
vn 0.4217 0.5373 -0.7304
vn 0.8505 0.4456 -0.2795
vn 0.9061 0.4231 -0.0000
vn 0.4205 0.5412 -0.7283
vn 0.9065 0.4222 -0.0000
vn 0.8399 0.4490 -0.3048
vn 0.4212 0.5389 -0.7295
vn 0.8505 0.4456 0.2795
vn 0.6779 0.4700 0.5653
vn 0.8408 0.4500 0.3009
vn 0.8026 0.5203 0.2918
vn 0.6617 0.5009 0.5579
vn 0.8978 0.4403 0.0000
vn 0.8488 0.5286 0.0000
vn 0.8408 0.4500 -0.3009
vn 0.8026 0.5203 -0.2918
vn 0.6779 0.4700 -0.5653
vn 0.6617 0.5009 -0.5579
vn 0.7928 0.5421 0.2786
vn 0.6635 0.5112 0.5464
vn 0.8314 0.5556 0.0000
vn 0.7928 0.5421 -0.2786
vn 0.6635 0.5112 -0.5464
vn 0.8094 0.5219 0.2693
vn 0.6771 0.5025 0.5376
vn 0.8477 0.5305 -0.0000
vn 0.8094 0.5219 -0.2693
vn 0.6771 0.5025 -0.5376
vn 0.8464 0.4541 0.2783
vn 0.6923 0.4734 0.5446
vn 0.8958 0.4444 -0.0000
vn 0.8464 0.4541 -0.2783
vn 0.6923 0.4734 -0.5446
vn 0.6808 0.4523 0.5762
vn 0.4386 0.4800 -0.7597
vn 0.6808 0.4523 -0.5762
vn 0.4401 0.4745 -0.7623
vn 0.4399 0.4753 -0.7619
vn 0.7071 0.4492 -0.5461
vn 0.4379 0.4825 -0.7585
vn 0.7071 0.4492 0.5461
vn 0.8587 0.4050 0.3139
vn 0.4361 0.4892 -0.7553
vn 0.8722 0.4011 -0.2801
vn 0.9247 0.3806 0.0000
vn 0.4349 0.4933 -0.7533
vn 0.9253 0.3793 -0.0000
vn 0.8587 0.4050 -0.3139
vn 0.4354 0.4916 -0.7542
vn 0.8722 0.4011 0.2801
vn 0.7731 -0.0230 0.6339
vn 0.9439 -0.0219 0.3295
vn 0.9438 -0.0262 0.3294
vn 0.7731 -0.0249 0.6338
vn 0.9998 -0.0213 -0.0000
vn 0.9996 -0.0268 0.0000
vn 0.9439 -0.0219 -0.3295
vn 0.9438 -0.0262 -0.3294
vn 0.7730 -0.0230 -0.6339
vn 0.7731 -0.0249 -0.6338
vn 0.9437 -0.0277 0.3296
vn 0.7729 -0.0255 0.6340
vn 0.9996 -0.0287 -0.0000
vn 0.9437 -0.0277 -0.3296
vn 0.7729 -0.0255 -0.6340
vn 0.9437 -0.0262 0.3298
vn 0.7728 -0.0249 0.6342
vn 0.9437 -0.0262 -0.3299
vn 0.7728 -0.0249 -0.6342
vn 0.9438 -0.0218 0.3298
vn 0.7729 -0.0230 0.6342
vn 0.9438 -0.0218 -0.3298
vn 0.7729 -0.0230 -0.6342
vn 0.7734 -0.0217 0.6336
vn 0.4999 -0.0235 -0.8658
vn 0.7734 -0.0217 -0.6336
vn 0.4999 -0.0231 -0.8658
vn 0.7726 -0.0217 -0.6346
vn 0.7726 -0.0217 0.6346
vn 0.9441 -0.0189 0.3291
vn 0.4999 -0.0241 -0.8658
vn 0.9437 -0.0189 -0.3302
vn 0.9998 -0.0176 -0.0000
vn 0.4998 -0.0243 -0.8658
vn 0.9441 -0.0189 -0.3292
vn 0.9437 -0.0189 0.3302
vn 0.5051 -0.7623 0.4048
vn 0.6325 -0.7444 0.2138
vn 0.5662 -0.8014 0.1930
vn 0.4807 -0.7860 0.3888
vn 0.6790 -0.7341 -0.0000
vn 0.5894 -0.8078 -0.0000
vn 0.6325 -0.7444 -0.2138
vn 0.5662 -0.8014 -0.1930
vn 0.5051 -0.7623 -0.4048
vn 0.4807 -0.7860 -0.3888
vn 0.5449 -0.8160 0.1931
vn 0.4691 -0.7928 0.3891
vn 0.5644 -0.8255 -0.0000
vn 0.5449 -0.8160 -0.1931
vn 0.4691 -0.7928 -0.3891
vn 0.5653 -0.7992 0.2042
vn 0.4748 -0.7847 0.3985
vn 0.5930 -0.8052 -0.0000
vn 0.5653 -0.7992 -0.2042
vn 0.4748 -0.7847 -0.3985
vn 0.6386 -0.7366 0.2228
vn 0.5048 -0.7575 0.4141
vn 0.6874 -0.7263 0.0000
vn 0.6386 -0.7366 -0.2228
vn 0.5047 -0.7575 -0.4141
vn 0.5341 -0.7392 0.4104
vn 0.3193 -0.7696 -0.5530
vn 0.5341 -0.7392 -0.4104
vn 0.3230 -0.7634 -0.5594
vn 0.3233 -0.7629 -0.5599
vn 0.5109 -0.7431 -0.4322
vn 0.3205 -0.7675 -0.5551
vn 0.5109 -0.7431 0.4322
vn 0.6886 -0.6913 0.2191
vn 0.3147 -0.7771 -0.5450
vn 0.6741 -0.6963 -0.2467
vn 0.7440 -0.6681 -0.0000
vn 0.3137 -0.7787 -0.5434
vn 0.7430 -0.6693 0.0000
vn 0.6886 -0.6913 -0.2191
vn 0.3157 -0.7754 -0.5469
vn 0.6741 -0.6963 0.2467
vn 0.7731 0.0000 -0.6342
vn 0.9441 -0.0000 -0.3297
vn 0.4196 0.8403 0.3431
vn 0.5362 0.8234 0.1859
vn 0.4610 0.8716 0.1668
vn 0.3893 0.8611 0.3271
vn 0.5797 0.8148 0.0000
vn 0.4826 0.8759 -0.0000
vn 0.5362 0.8234 -0.1859
vn 0.4610 0.8716 -0.1668
vn 0.4196 0.8403 -0.3431
vn 0.3893 0.8611 -0.3271
vn 0.4409 0.8838 0.1567
vn 0.3831 0.8670 0.3185
vn 0.4549 0.8905 -0.0000
vn 0.4410 0.8838 -0.1567
vn 0.3831 0.8670 -0.3185
vn 0.4611 0.8733 0.1573
vn 0.3938 0.8621 0.3189
vn 0.4787 0.8780 0.0000
vn 0.4611 0.8733 -0.1573
vn 0.3938 0.8621 -0.3189
vn 0.5279 0.8304 0.1785
vn 0.4180 0.8444 0.3349
vn 0.5696 0.8219 -0.0000
vn 0.5278 0.8304 -0.1785
vn 0.4180 0.8444 -0.3349
vn 0.4261 0.8297 0.3607
vn 0.2647 0.8483 -0.4586
vn 0.4261 0.8297 -0.3607
vn 0.2675 0.8448 -0.4633
vn 0.2672 0.8452 -0.4628
vn 0.4478 0.8263 -0.3416
vn 0.2634 0.8500 -0.4563
vn 0.4478 0.8263 0.3416
vn 0.5729 0.7923 0.2101
vn 0.2599 0.8542 -0.4502
vn 0.5877 0.7877 -0.1848
vn 0.6385 0.7696 0.0000
vn 0.2579 0.8567 -0.4467
vn 0.6397 0.7686 -0.0000
vn 0.5729 0.7922 -0.2101
vn 0.2588 0.8556 -0.4483
vn 0.5877 0.7877 0.1848
vn 0.1214 0.9874 0.1015
vn 0.1600 0.9855 0.0569
vn 0.1292 0.9904 0.0494
vn 0.1094 0.9894 0.0954
vn 0.1757 0.9844 0.0000
vn 0.1354 0.9908 0.0000
vn 0.1600 0.9855 -0.0569
vn 0.1292 0.9904 -0.0494
vn 0.1214 0.9874 -0.1015
vn 0.1094 0.9894 -0.0954
vn 0.1227 0.9915 0.0436
vn 0.1085 0.9900 0.0902
vn 0.1257 0.9921 0.0000
vn 0.1227 0.9915 -0.0436
vn 0.1085 0.9900 -0.0901
vn 0.1321 0.9905 0.0384
vn 0.1164 0.9896 0.0846
vn 0.1347 0.9909 0.0000
vn 0.1321 0.9905 -0.0384
vn 0.1164 0.9896 -0.0846
vn 0.1640 0.9857 0.0389
vn 0.1328 0.9877 0.0831
vn 0.1736 0.9848 -0.0000
vn 0.1640 0.9857 -0.0388
vn 0.1328 0.9877 -0.0831
vn 0.1245 0.9864 0.1074
vn 0.0766 0.9882 -0.1326
vn 0.1245 0.9864 -0.1074
vn 0.0776 0.9879 -0.1344
vn 0.0764 0.9883 -0.1323
vn 0.1512 0.9851 -0.0821
vn 0.0746 0.9888 -0.1293
vn 0.1513 0.9851 0.0821
vn 0.1752 0.9823 0.0660
vn 0.0748 0.9887 -0.1295
vn 0.1927 0.9805 -0.0385
vn 0.2011 0.9796 0.0000
vn 0.0738 0.9891 -0.1278
vn 0.2052 0.9787 -0.0000
vn 0.1752 0.9823 -0.0660
vn 0.0735 0.9891 -0.1273
vn 0.1928 0.9805 0.0385
vn 0.1627 0.0000 -0.9867
vn -0.1865 0.0000 -0.9825
vn -0.5000 0.0000 -0.8660
vn -0.7576 0.0000 -0.6527
vn -0.9358 -0.0000 -0.3525
vn 0.0279 0.9827 -0.1830
vn -0.0396 0.9801 -0.1946
vn -0.0294 0.9868 -0.1591
vn 0.0284 0.9856 -0.1670
vn -0.1025 0.9787 -0.1776
vn -0.0793 0.9873 -0.1374
vn -0.1487 0.9801 -0.1316
vn -0.1230 0.9868 -0.1050
vn -0.1724 0.9827 -0.0674
vn -0.1588 0.9856 -0.0589
vn -0.0275 0.9883 -0.1499
vn 0.0282 0.9863 -0.1626
vn -0.0735 0.9891 -0.1274
vn -0.1161 0.9883 -0.0987
vn -0.1549 0.9863 -0.0569
vn -0.0294 0.9871 -0.1575
vn 0.0284 0.9856 -0.1664
vn -0.0783 0.9877 -0.1356
vn -0.1217 0.9871 -0.1042
vn -0.1583 0.9856 -0.0586
vn -0.0355 0.9814 -0.1886
vn 0.0298 0.9834 -0.1792
vn -0.0992 0.9801 -0.1718
vn -0.1456 0.9814 -0.1250
vn -0.1701 0.9834 -0.0638
vn 0.0333 0.9813 -0.1894
vn -0.1806 0.9813 -0.0659
vn -0.1801 0.9808 -0.0742
vn 0.0258 0.9808 -0.1931
vn -0.0384 0.9757 -0.2155
vn -0.1639 0.9750 -0.1499
vn -0.1174 0.9720 -0.2034
vn -0.1175 0.9720 -0.2036
vn -0.1674 0.9757 -0.1410
vn -0.0479 0.9750 -0.2169
vn 0.1052 -0.7672 -0.6327
vn -0.1224 -0.7502 -0.6497
vn -0.1093 -0.8061 -0.5816
vn 0.1016 -0.7905 -0.6039
vn -0.3362 -0.7402 -0.5823
vn -0.2914 -0.8126 -0.5047
vn -0.5015 -0.7502 -0.4309
vn -0.4491 -0.8061 -0.3855
vn -0.6005 -0.7673 -0.2252
vn -0.5738 -0.7905 -0.2139
vn -0.1042 -0.8203 -0.5623
vn 0.1014 -0.7975 -0.5947
vn -0.2791 -0.8297 -0.4834
vn -0.4349 -0.8203 -0.3714
vn -0.5658 -0.7975 -0.2095
vn -0.1090 -0.8038 -0.5848
vn 0.1019 -0.7897 -0.6050
vn -0.2935 -0.8096 -0.5084
vn -0.4520 -0.8038 -0.3868
vn -0.5748 -0.7897 -0.2143
vn -0.1297 -0.7417 -0.6581
vn 0.1005 -0.7626 -0.6390
vn -0.3409 -0.7315 -0.5904
vn -0.5051 -0.7417 -0.4413
vn -0.6037 -0.7626 -0.2325
vn 0.0941 -0.7449 -0.6605
vn -0.6191 -0.7449 -0.2488
vn -0.6231 -0.7483 -0.2275
vn 0.1146 -0.7483 -0.6534
vn -0.1474 -0.6977 -0.7010
vn -0.5445 -0.7017 -0.4595
vn -0.3691 -0.6746 -0.6393
vn -0.3689 -0.6749 -0.6390
vn -0.5334 -0.6977 -0.4782
vn -0.1257 -0.7017 -0.7013
vn 0.1624 -0.0978 -0.9819
vn -0.1852 -0.0931 -0.9783
vn -0.1852 -0.1114 -0.9764
vn 0.1620 -0.1058 -0.9811
vn -0.4979 -0.0908 -0.8624
vn -0.4967 -0.1140 -0.8604
vn -0.7546 -0.0931 -0.6495
vn -0.7530 -0.1114 -0.6485
vn -0.9315 -0.0978 -0.3502
vn -0.9306 -0.1058 -0.3503
vn -0.1851 -0.1175 -0.9757
vn 0.1618 -0.1084 -0.9808
vn -0.4963 -0.1216 -0.8596
vn -0.7524 -0.1175 -0.6481
vn -0.9303 -0.1084 -0.3503
vn -0.1853 -0.1113 -0.9764
vn 0.1617 -0.1057 -0.9812
vn -0.4968 -0.1138 -0.8604
vn -0.7529 -0.1113 -0.6487
vn -0.9306 -0.1057 -0.3506
vn -0.1862 -0.0928 -0.9781
vn 0.1613 -0.0976 -0.9821
vn -0.4979 -0.0905 -0.8625
vn -0.7540 -0.0928 -0.6503
vn -0.9311 -0.0976 -0.3514
vn 0.1600 -0.0922 -0.9828
vn -0.9311 -0.0922 -0.3528
vn -0.9325 -0.0923 -0.3493
vn 0.1637 -0.0923 -0.9822
vn -0.1875 -0.0806 -0.9790
vn -0.7562 -0.0807 -0.6494
vn -0.4986 -0.0751 -0.8636
vn -0.7540 -0.0806 -0.6519
vn -0.1843 -0.0807 -0.9796
vn 0.1433 0.4382 -0.8874
vn -0.1717 0.4188 -0.8917
vn -0.1619 0.4870 -0.8583
vn 0.1446 0.4685 -0.8716
vn -0.4561 0.4096 -0.7900
vn -0.4344 0.4950 -0.7525
vn -0.6864 0.4188 -0.5946
vn -0.6623 0.4870 -0.5694
vn -0.8401 0.4382 -0.3196
vn -0.8271 0.4685 -0.3105
vn -0.1592 0.5084 -0.8463
vn 0.1446 0.4781 -0.8663
vn -0.4266 0.5217 -0.7388
vn -0.6533 0.5084 -0.5610
vn -0.8226 0.4781 -0.3080
vn -0.1619 0.4888 -0.8572
vn 0.1448 0.4691 -0.8712
vn -0.4337 0.4976 -0.7512
vn -0.6614 0.4888 -0.5689
vn -0.8269 0.4691 -0.3102
vn -0.1678 0.4236 -0.8901
vn 0.1473 0.4411 -0.8853
vn -0.4550 0.4146 -0.7881
vn -0.6870 0.4236 -0.5904
vn -0.8403 0.4411 -0.3151
vn 0.1539 0.4207 -0.8941
vn -0.8512 0.4207 -0.3137
vn -0.8464 0.4187 -0.3292
vn 0.1381 0.4187 -0.8976
vn -0.1668 0.3751 -0.9118
vn -0.6972 0.3733 -0.6121
vn -0.4680 0.3521 -0.8106
vn -0.4680 0.3520 -0.8106
vn -0.7063 0.3751 -0.6004
vn -0.1815 0.3733 -0.9098
vn 0.1115 0.7163 -0.6888
vn -0.1362 0.6943 -0.7067
vn -0.1166 0.7619 -0.6372
vn 0.1129 0.7459 -0.6564
vn -0.3650 0.6835 -0.6321
vn -0.3200 0.7684 -0.5542
vn -0.5439 0.6943 -0.4713
vn -0.4935 0.7619 -0.4195
vn -0.6523 0.7163 -0.2479
vn -0.6249 0.7459 -0.2304
vn -0.1141 0.7804 -0.6148
vn 0.1100 0.7547 -0.6468
vn -0.3058 0.7911 -0.5297
vn -0.4754 0.7804 -0.4062
vn -0.6151 0.7547 -0.2282
vn -0.1219 0.7642 -0.6333
vn 0.1071 0.7470 -0.6561
vn -0.3181 0.7715 -0.5510
vn -0.4875 0.7642 -0.4222
vn -0.6218 0.7470 -0.2353
vn -0.1353 0.7025 -0.6987
vn 0.1099 0.7212 -0.6840
vn -0.3610 0.6919 -0.6253
vn -0.5374 0.7025 -0.4665
vn -0.6473 0.7212 -0.2469
vn 0.1249 0.7005 -0.7026
vn -0.6709 0.7005 -0.2432
vn -0.6648 0.6968 -0.2691
vn 0.0994 0.6968 -0.7103
vn -0.1324 0.6508 -0.7476
vn -0.5671 0.6465 -0.5103
vn -0.3912 0.6228 -0.6775
vn -0.3915 0.6221 -0.6780
vn -0.5812 0.6508 -0.4885
vn -0.1584 0.6465 -0.7463
vn 0.1623 0.0333 -0.9862
vn -0.1866 0.0316 -0.9819
vn -0.1864 0.0380 -0.9817
vn 0.1625 0.0360 -0.9861
vn -0.4998 0.0308 -0.8656
vn -0.4996 0.0388 -0.8654
vn -0.7571 0.0316 -0.6525
vn -0.7570 0.0380 -0.6523
vn -0.9352 0.0333 -0.3525
vn -0.9352 0.0360 -0.3523
vn -0.1863 0.0401 -0.9817
vn 0.1626 0.0370 -0.9860
vn -0.4996 0.0415 -0.8653
vn -0.7570 0.0401 -0.6522
vn -0.9352 0.0370 -0.3522
vn -0.1863 0.0380 -0.9818
vn 0.1626 0.0360 -0.9860
vn -0.4996 0.0389 -0.8654
vn -0.7571 0.0380 -0.6522
vn -0.9352 0.0360 -0.3522
vn -0.1862 0.0317 -0.9820
vn 0.1628 0.0333 -0.9861
vn -0.4998 0.0309 -0.8656
vn -0.7573 0.0317 -0.6522
vn -0.9354 0.0333 -0.3521
vn 0.1632 0.0314 -0.9861
vn -0.9356 0.0314 -0.3517
vn -0.9351 0.0314 -0.3529
vn 0.1620 0.0314 -0.9863
vn -0.1859 0.0274 -0.9822
vn -0.7570 0.0274 -0.6529
vn -0.4998 0.0255 -0.8657
vn -0.7577 0.0274 -0.6521
vn -0.1869 0.0274 -0.9820
vn 0.0896 -0.8375 -0.5391
vn -0.1051 -0.8236 -0.5574
vn -0.0917 -0.8676 -0.4888
vn 0.0861 -0.8557 -0.5103
vn -0.2897 -0.8151 -0.5017
vn -0.2443 -0.8725 -0.4231
vn -0.4302 -0.8236 -0.3697
vn -0.3774 -0.8676 -0.3238
vn -0.5116 -0.8375 -0.1920
vn -0.4850 -0.8557 -0.1805
vn -0.0868 -0.8783 -0.4702
vn 0.0860 -0.8610 -0.5013
vn -0.2325 -0.8853 -0.4027
vn -0.3638 -0.8783 -0.3102
vn -0.4772 -0.8610 -0.1762
vn -0.0914 -0.8657 -0.4922
vn 0.0865 -0.8550 -0.5114
vn -0.2465 -0.8700 -0.4269
vn -0.3805 -0.8657 -0.3253
vn -0.4861 -0.8550 -0.1808
vn -0.1126 -0.8159 -0.5672
vn 0.0852 -0.8334 -0.5461
vn -0.2951 -0.8072 -0.5112
vn -0.4349 -0.8159 -0.3811
vn -0.5155 -0.8334 -0.1993
vn 0.0793 -0.8192 -0.5679
vn -0.5315 -0.8192 -0.2153
vn -0.5346 -0.8223 -0.1949
vn 0.0985 -0.8223 -0.5605
vn -0.1306 -0.7799 -0.6121
vn -0.4749 -0.7837 -0.4003
vn -0.3248 -0.7603 -0.5625
vn -0.3246 -0.7606 -0.5622
vn -0.4648 -0.7799 -0.4191
vn -0.1092 -0.7837 -0.6115
vn 0.1009 0.7558 -0.6469
vn -0.1318 0.7347 -0.6654
vn -0.1113 0.7978 -0.5926
vn 0.1023 0.7834 -0.6130
vn -0.3447 0.7245 -0.5970
vn -0.2976 0.8036 -0.5154
vn -0.5104 0.7347 -0.4469
vn -0.4576 0.7978 -0.3927
vn -0.6107 0.7558 -0.2361
vn -0.5820 0.7834 -0.2179
vn -0.1057 0.8146 -0.5703
vn 0.1027 0.7913 -0.6027
vn -0.2831 0.8242 -0.4904
vn -0.4410 0.8146 -0.3767
vn -0.5733 0.7913 -0.2124
vn -0.1100 0.8001 -0.5897
vn 0.1038 0.7842 -0.6118
vn -0.2954 0.8068 -0.5117
vn -0.4557 0.8001 -0.3901
vn -0.5817 0.7842 -0.2160
vn -0.1229 0.7434 -0.6575
vn 0.1076 0.7605 -0.6403
vn -0.3400 0.7333 -0.5888
vn -0.5080 0.7434 -0.4352
vn -0.6083 0.7605 -0.2270
vn 0.1153 0.7413 -0.6612
vn -0.6303 0.7413 -0.2308
vn -0.6266 0.7379 -0.2507
vn 0.0962 0.7379 -0.6680
vn -0.1277 0.6941 -0.7085
vn -0.5393 0.6903 -0.4823
vn -0.3725 0.6671 -0.6452
vn -0.3726 0.6669 -0.6453
vn -0.5498 0.6941 -0.4648
vn -0.1480 0.6903 -0.7082
vn 0.0346 0.9731 -0.2276
vn -0.0492 0.9691 -0.2415
vn -0.0368 0.9794 -0.1983
vn 0.0352 0.9775 -0.2081
vn -0.1272 0.9671 -0.2203
vn -0.0989 0.9802 -0.1714
vn -0.1846 0.9691 -0.1634
vn -0.1533 0.9794 -0.1310
vn -0.2144 0.9731 -0.0838
vn -0.1978 0.9775 -0.0735
vn -0.0343 0.9818 -0.1870
vn 0.0352 0.9786 -0.2027
vn -0.0918 0.9830 -0.1590
vn -0.1448 0.9818 -0.1232
vn -0.1931 0.9786 -0.0709
vn -0.0366 0.9798 -0.1964
vn 0.0355 0.9776 -0.2074
vn -0.0977 0.9807 -0.1692
vn -0.1518 0.9798 -0.1299
vn -0.1973 0.9776 -0.0729
vn -0.0439 0.9712 -0.2344
vn 0.0373 0.9741 -0.2230
vn -0.1232 0.9692 -0.2133
vn -0.1810 0.9712 -0.1552
vn -0.2117 0.9741 -0.0792
vn 0.0413 0.9710 -0.2354
vn -0.2245 0.9710 -0.0819
vn -0.2239 0.9703 -0.0920
vn 0.0322 0.9703 -0.2399
vn -0.0477 0.9625 -0.2671
vn -0.2032 0.9614 -0.1855
vn -0.1452 0.9569 -0.2516
vn -0.1454 0.9568 -0.2518
vn -0.2074 0.9625 -0.1748
vn -0.0590 0.9614 -0.2687
vn 0.1449 0.4842 -0.8629
vn -0.1626 0.4636 -0.8710
vn -0.1511 0.5349 -0.8313
vn 0.1463 0.5157 -0.8442
vn -0.4455 0.4538 -0.7717
vn -0.4198 0.5432 -0.7271
vn -0.6730 0.4636 -0.5763
vn -0.6443 0.5349 -0.5465
vn -0.8197 0.4842 -0.3059
vn -0.8043 0.5157 -0.2954
vn -0.1532 0.5569 -0.8163
vn 0.1403 0.5258 -0.8389
vn -0.4107 0.5705 -0.7113
vn -0.6304 0.5569 -0.5408
vn -0.7967 0.5258 -0.2979
vn -0.1629 0.5368 -0.8278
vn 0.1334 0.5169 -0.8456
vn -0.4190 0.5456 -0.7258
vn -0.6354 0.5368 -0.5550
vn -0.7990 0.5169 -0.3073
vn -0.1716 0.4687 -0.8665
vn 0.1346 0.4877 -0.8626
vn -0.4443 0.4589 -0.7695
vn -0.6646 0.4687 -0.5819
vn -0.8143 0.4877 -0.3148
vn 0.1546 0.4662 -0.8711
vn -0.8317 0.4662 -0.3016
vn -0.8229 0.4635 -0.3288
vn 0.1267 0.4635 -0.8770
vn -0.1591 0.4180 -0.8944
vn -0.6789 0.4149 -0.6057
vn -0.4597 0.3932 -0.7963
vn -0.4599 0.3924 -0.7966
vn -0.6950 0.4180 -0.5850
vn -0.1851 0.4149 -0.8908
vn 0.1638 0.1760 -0.9707
vn -0.1804 0.1675 -0.9692
vn -0.1784 0.2002 -0.9634
vn 0.1643 0.1904 -0.9679
vn -0.4933 0.1634 -0.8544
vn -0.4894 0.2045 -0.8477
vn -0.7492 0.1675 -0.6408
vn -0.7451 0.2002 -0.6362
vn -0.9225 0.1760 -0.3435
vn -0.9204 0.1904 -0.3416
vn -0.1820 0.2110 -0.9604
vn 0.1598 0.1952 -0.9677
vn -0.4880 0.2182 -0.8452
vn -0.7407 0.2110 -0.6378
vn -0.9179 0.1952 -0.3454
vn -0.1871 0.2005 -0.9617
vn 0.1549 0.1906 -0.9694
vn -0.4894 0.2049 -0.8476
vn -0.7393 0.2005 -0.6429
vn -0.9169 0.1906 -0.3506
vn -0.1885 0.1682 -0.9676
vn 0.1551 0.1766 -0.9720
vn -0.4932 0.1641 -0.8543
vn -0.7437 0.1682 -0.6470
vn -0.9193 0.1766 -0.3517
vn 0.1668 0.1670 -0.9718
vn -0.9250 0.1670 -0.3414
vn -0.9199 0.1665 -0.3551
vn 0.1524 0.1665 -0.9742
vn -0.1786 0.1462 -0.9730
vn -0.7448 0.1457 -0.6512
vn -0.4953 0.1363 -0.8579
vn -0.4953 0.1361 -0.8580
vn -0.7533 0.1462 -0.6412
vn -0.1915 0.1457 -0.9706
vn 0.1593 -0.1025 -0.9819
vn -0.1879 -0.0976 -0.9773
vn -0.1876 -0.1168 -0.9753
vn 0.1591 -0.1109 -0.9810
vn -0.4977 -0.0952 -0.8621
vn -0.4964 -0.1194 -0.8598
vn -0.7524 -0.0976 -0.6514
vn -0.7508 -0.1168 -0.6501
vn -0.9300 -0.1025 -0.3530
vn -0.9291 -0.1109 -0.3528
vn -0.1849 -0.1231 -0.9750
vn 0.1617 -0.1137 -0.9803
vn -0.4959 -0.1274 -0.8590
vn -0.7519 -0.1231 -0.6477
vn -0.9298 -0.1137 -0.3501
vn -0.1828 -0.1167 -0.9762
vn 0.1642 -0.1108 -0.9802
vn -0.4964 -0.1193 -0.8598
vn -0.7540 -0.1167 -0.6464
vn -0.9310 -0.1108 -0.3479
vn -0.1836 -0.0973 -0.9782
vn 0.1639 -0.1023 -0.9812
vn -0.4977 -0.0949 -0.8621
vn -0.7553 -0.0973 -0.6481
vn -0.9317 -0.1023 -0.3486
vn 0.1576 -0.0967 -0.9828
vn -0.9299 -0.0967 -0.3549
vn -0.9328 -0.0968 -0.3472
vn 0.1657 -0.0968 -0.9814
vn -0.1896 -0.0844 -0.9782
vn -0.7572 -0.0846 -0.6477
vn -0.4984 -0.0788 -0.8633
vn -0.7524 -0.0844 -0.6533
vn -0.1824 -0.0846 -0.9796
vn -0.0049 -0.9995 0.0318
vn 0.0067 -0.9994 0.0335
vn 0.0054 -0.9996 0.0278
vn -0.0047 -0.9996 0.0295
vn 0.0177 -0.9994 0.0307
vn 0.0138 -0.9996 0.0240
vn 0.0257 -0.9994 0.0225
vn 0.0214 -0.9996 0.0186
vn 0.0300 -0.9995 0.0117
vn 0.0279 -0.9996 0.0106
vn 0.0048 -0.9996 0.0264
vn -0.0050 -0.9996 0.0288
vn 0.0130 -0.9997 0.0225
vn 0.0205 -0.9996 0.0174
vn 0.0274 -0.9996 0.0100
vn 0.0050 -0.9996 0.0282
vn -0.0052 -0.9996 0.0295
vn 0.0140 -0.9996 0.0243
vn 0.0219 -0.9996 0.0184
vn 0.0282 -0.9996 0.0102
vn 0.0069 -0.9994 0.0347
vn -0.0052 -0.9995 0.0324
vn 0.0183 -0.9993 0.0317
vn 0.0266 -0.9994 0.0233
vn 0.0307 -0.9995 0.0118
vn -0.0042 -0.9994 0.0344
vn 0.0319 -0.9994 0.0135
vn 0.0321 -0.9994 0.0116
vn -0.0061 -0.9994 0.0336
vn 0.0089 -0.9992 0.0388
vn 0.0300 -0.9992 0.0250
vn 0.0211 -0.9991 0.0366
vn 0.0210 -0.9991 0.0365
vn 0.0291 -0.9992 0.0271
vn 0.0067 -0.9992 0.0385
vn 0.1073 -0.7605 -0.6404
vn -0.1232 -0.7433 -0.6575
vn -0.1102 -0.8001 -0.5897
vn 0.1036 -0.7842 -0.6118
vn -0.3400 -0.7333 -0.5888
vn -0.2954 -0.8068 -0.5117
vn -0.5078 -0.7433 -0.4354
vn -0.4556 -0.8001 -0.3903
vn -0.6082 -0.7605 -0.2273
vn -0.5816 -0.7842 -0.2162
vn -0.1057 -0.8146 -0.5703
vn 0.1027 -0.7913 -0.6027
vn -0.2831 -0.8242 -0.4904
vn -0.4410 -0.8146 -0.3767
vn -0.5733 -0.7913 -0.2124
vn -0.1110 -0.7978 -0.5927
vn 0.1026 -0.7834 -0.6129
vn -0.2976 -0.8036 -0.5154
vn -0.4577 -0.7978 -0.3925
vn -0.5821 -0.7834 -0.2176
vn -0.1316 -0.7347 -0.6655
vn 0.1011 -0.7558 -0.6469
vn -0.3446 -0.7245 -0.5969
vn -0.5105 -0.7347 -0.4467
vn -0.6108 -0.7558 -0.2359
vn 0.0960 -0.7379 -0.6680
vn -0.6265 -0.7379 -0.2509
vn -0.6303 -0.7413 -0.2306
vn 0.1155 -0.7413 -0.6612
vn -0.1482 -0.6903 -0.7082
vn -0.5499 -0.6941 -0.4647
vn -0.3726 -0.6669 -0.6453
vn -0.3725 -0.6671 -0.6451
vn -0.5392 -0.6903 -0.4825
vn -0.1275 -0.6941 -0.7085
vn 0.1628 -0.0622 -0.9847
vn -0.1858 -0.0592 -0.9808
vn -0.1859 -0.0709 -0.9800
vn 0.1625 -0.0673 -0.9844
vn -0.4992 -0.0577 -0.8646
vn -0.4987 -0.0726 -0.8637
vn -0.7565 -0.0592 -0.6513
vn -0.7558 -0.0709 -0.6510
vn -0.9342 -0.0622 -0.3514
vn -0.9338 -0.0673 -0.3515
vn -0.1859 -0.0748 -0.9797
vn 0.1623 -0.0690 -0.9843
vn -0.4985 -0.0775 -0.8634
vn -0.7555 -0.0748 -0.6509
vn -0.9336 -0.0690 -0.3516
vn -0.1861 -0.0709 -0.9800
vn 0.1622 -0.0673 -0.9845
vn -0.4987 -0.0725 -0.8637
vn -0.7556 -0.0709 -0.6511
vn -0.9337 -0.0673 -0.3518
vn -0.1865 -0.0591 -0.9807
vn 0.1619 -0.0621 -0.9848
vn -0.4992 -0.0576 -0.8646
vn -0.7561 -0.0591 -0.6518
vn -0.9339 -0.0621 -0.3522
vn 0.1612 -0.0587 -0.9852
vn -0.9338 -0.0587 -0.3530
vn -0.9346 -0.0587 -0.3508
vn 0.1635 -0.0587 -0.9848
vn -0.1872 -0.0512 -0.9810
vn -0.7573 -0.0513 -0.6511
vn -0.4994 -0.0477 -0.8650
vn -0.7559 -0.0512 -0.6526
vn -0.1852 -0.0513 -0.9814
vn 0.1145 0.6790 -0.7252
vn -0.1452 0.6563 -0.7404
vn -0.1266 0.7271 -0.6747
vn 0.1160 0.7102 -0.6944
vn -0.3819 0.6454 -0.6615
vn -0.3395 0.7342 -0.5880
vn -0.5686 0.6563 -0.4959
vn -0.5210 0.7271 -0.4470
vn -0.6853 0.6790 -0.2634
vn -0.6594 0.7102 -0.2467
vn -0.1216 0.7470 -0.6536
vn 0.1160 0.7194 -0.6848
vn -0.3258 0.7586 -0.5642
vn -0.5052 0.7470 -0.4321
vn -0.6511 0.7194 -0.2419
vn -0.1261 0.7296 -0.6721
vn 0.1167 0.7110 -0.6934
vn -0.3376 0.7376 -0.5847
vn -0.5190 0.7296 -0.4452
vn -0.6589 0.7110 -0.2456
vn -0.1379 0.6647 -0.7343
vn 0.1203 0.6837 -0.7198
vn -0.3783 0.6539 -0.6552
vn -0.5670 0.6647 -0.4865
vn -0.6835 0.6837 -0.2557
vn 0.1287 0.6621 -0.7383
vn -0.7037 0.6621 -0.2577
vn -0.6991 0.6588 -0.2779
vn 0.1089 0.6588 -0.7444
vn -0.1406 0.6107 -0.7793
vn -0.5935 0.6071 -0.5283
vn -0.4065 0.5824 -0.7040
vn -0.4065 0.5821 -0.7042
vn -0.6046 0.6107 -0.5114
vn -0.1608 0.6071 -0.7782
vn 0.0161 0.9941 -0.1070
vn -0.0234 0.9932 -0.1140
vn -0.0173 0.9955 -0.0927
vn 0.0164 0.9951 -0.0974
vn -0.0601 0.9927 -0.1042
vn -0.0462 0.9957 -0.0800
vn -0.0870 0.9932 -0.0772
vn -0.0716 0.9955 -0.0613
vn -0.1007 0.9941 -0.0395
vn -0.0926 0.9951 -0.0345
vn -0.0160 0.9961 -0.0872
vn 0.0165 0.9954 -0.0948
vn -0.0428 0.9963 -0.0741
vn -0.0676 0.9961 -0.0575
vn -0.0903 0.9954 -0.0331
vn -0.0170 0.9956 -0.0918
vn 0.0167 0.9951 -0.0970
vn -0.0456 0.9958 -0.0790
vn -0.0710 0.9956 -0.0606
vn -0.0924 0.9951 -0.0341
vn -0.0206 0.9937 -0.1103
vn 0.0176 0.9944 -0.1046
vn -0.0581 0.9932 -0.1006
vn -0.0852 0.9937 -0.0730
vn -0.0994 0.9944 -0.0371
vn 0.0194 0.9937 -0.1108
vn -0.1056 0.9937 -0.0386
vn -0.1054 0.9935 -0.0434
vn 0.0152 0.9935 -0.1130
vn -0.0226 0.9917 -0.1265
vn -0.0963 0.9915 -0.0880
vn -0.0691 0.9904 -0.1197
vn -0.0692 0.9904 -0.1198
vn -0.0983 0.9917 -0.0829
vn -0.0281 0.9915 -0.1274
vn 0.1082 -0.7557 -0.6459
vn -0.1242 -0.7384 -0.6629
vn -0.1113 -0.7958 -0.5953
vn 0.1045 -0.7797 -0.6174
vn -0.3427 -0.7282 -0.5935
vn -0.2983 -0.8026 -0.5166
vn -0.5120 -0.7384 -0.4390
vn -0.4599 -0.7958 -0.3940
vn -0.6135 -0.7557 -0.2292
vn -0.5869 -0.7797 -0.2182
vn -0.1068 -0.8105 -0.5759
vn 0.1036 -0.7869 -0.6083
vn -0.2860 -0.8203 -0.4954
vn -0.4454 -0.8105 -0.3804
vn -0.5786 -0.7869 -0.2144
vn -0.1121 -0.7934 -0.5983
vn 0.1035 -0.7789 -0.6185
vn -0.3004 -0.7994 -0.5203
vn -0.4620 -0.7934 -0.3962
vn -0.5874 -0.7789 -0.2197
vn -0.1326 -0.7298 -0.6707
vn 0.1020 -0.7510 -0.6524
vn -0.3473 -0.7194 -0.6015
vn -0.5146 -0.7298 -0.4502
vn -0.6160 -0.7510 -0.2378
vn 0.0969 -0.7329 -0.6734
vn -0.6316 -0.7329 -0.2528
vn -0.6355 -0.7363 -0.2325
vn 0.1164 -0.7363 -0.6666
vn -0.1491 -0.6849 -0.7132
vn -0.5538 -0.6887 -0.4680
vn -0.3750 -0.6614 -0.6496
vn -0.3749 -0.6616 -0.6494
vn -0.5431 -0.6849 -0.4857
vn -0.1284 -0.6887 -0.7136
vn 0.1148 0.6758 -0.7281
vn -0.1458 0.6531 -0.7431
vn -0.1273 0.7242 -0.6778
vn 0.1163 0.7071 -0.6974
vn -0.3833 0.6422 -0.6639
vn -0.3410 0.7313 -0.5907
vn -0.5707 0.6531 -0.4978
vn -0.5233 0.7242 -0.4491
vn -0.6880 0.6758 -0.2646
vn -0.6622 0.7071 -0.2480
vn -0.1222 0.7442 -0.6567
vn 0.1165 0.7164 -0.6879
vn -0.3274 0.7559 -0.5670
vn -0.5076 0.7442 -0.4342
vn -0.6540 0.7164 -0.2430
vn -0.1265 0.7267 -0.6752
vn 0.1174 0.7080 -0.6964
vn -0.3392 0.7347 -0.5875
vn -0.5215 0.7267 -0.4472
vn -0.6618 0.7080 -0.2466
vn -0.1382 0.6615 -0.7371
vn 0.1210 0.6805 -0.7227
vn -0.3796 0.6507 -0.6576
vn -0.5692 0.6615 -0.4882
vn -0.6863 0.6805 -0.2566
vn 0.1290 0.6589 -0.7411
vn -0.7063 0.6589 -0.2588
vn -0.7018 0.6555 -0.2787
vn 0.1095 0.6555 -0.7472
vn -0.1412 0.6074 -0.7818
vn -0.5956 0.6038 -0.5298
vn -0.4076 0.5790 -0.7061
vn -0.4077 0.5788 -0.7062
vn -0.6065 0.6073 -0.5132
vn -0.1611 0.6038 -0.7807
vn 0.0385 0.9683 -0.2470
vn -0.0525 0.9636 -0.2622
vn -0.0393 0.9757 -0.2158
vn 0.0391 0.9733 -0.2261
vn -0.1379 0.9612 -0.2389
vn -0.1076 0.9766 -0.1863
vn -0.2008 0.9636 -0.1765
vn -0.1672 0.9757 -0.1419
vn -0.2331 0.9683 -0.0902
vn -0.2153 0.9733 -0.0791
vn -0.0373 0.9784 -0.2034
vn 0.0382 0.9747 -0.2204
vn -0.0999 0.9798 -0.1730
vn -0.1576 0.9784 -0.1340
vn -0.2100 0.9747 -0.0771
vn -0.0406 0.9761 -0.2135
vn 0.0376 0.9735 -0.2255
vn -0.1063 0.9772 -0.1841
vn -0.1646 0.9761 -0.1419
vn -0.2140 0.9735 -0.0802
vn -0.0489 0.9659 -0.2544
vn 0.0392 0.9694 -0.2423
vn -0.1338 0.9635 -0.2317
vn -0.1959 0.9659 -0.1695
vn -0.2295 0.9694 -0.0872
vn 0.0454 0.9658 -0.2554
vn -0.2439 0.9658 -0.0884
vn -0.2427 0.9648 -0.1009
vn 0.0340 0.9648 -0.2606
vn -0.0510 0.9558 -0.2895
vn -0.2197 0.9545 -0.2018
vn -0.1572 0.9493 -0.2723
vn -0.1575 0.9491 -0.2728
vn -0.2252 0.9558 -0.1889
vn -0.0649 0.9545 -0.2912
vn 0.0632 -0.9223 -0.3812
vn -0.0751 -0.9143 -0.3980
vn -0.0637 -0.9384 -0.3396
vn 0.0605 -0.9321 -0.3570
vn -0.2082 -0.9092 -0.3606
vn -0.1692 -0.9410 -0.2931
vn -0.3071 -0.9143 -0.2640
vn -0.2622 -0.9384 -0.2249
vn -0.3617 -0.9223 -0.1359
vn -0.3394 -0.9322 -0.1261
vn -0.0596 -0.9440 -0.3246
vn 0.0604 -0.9349 -0.3496
vn -0.1598 -0.9476 -0.2768
vn -0.2513 -0.9440 -0.2139
vn -0.3330 -0.9349 -0.1225
vn -0.0634 -0.9374 -0.3425
vn 0.0608 -0.9317 -0.3580
vn -0.1711 -0.9396 -0.2964
vn -0.2650 -0.9374 -0.2261
vn -0.3404 -0.9317 -0.1263
vn -0.0819 -0.9093 -0.4079
vn 0.0599 -0.9198 -0.3878
vn -0.2137 -0.9041 -0.3701
vn -0.3123 -0.9093 -0.2749
vn -0.3658 -0.9198 -0.1421
vn 0.0552 -0.9119 -0.4067
vn -0.3798 -0.9119 -0.1556
vn -0.3816 -0.9138 -0.1390
vn 0.0704 -0.9138 -0.3999
vn -0.0976 -0.8886 -0.4481
vn -0.3469 -0.8912 -0.2921
vn -0.2405 -0.8767 -0.4165
vn -0.2403 -0.8769 -0.4162
vn -0.3393 -0.8886 -0.3085
vn -0.0795 -0.8912 -0.4465
vn 0.0987 0.7723 -0.6276
vn -0.1275 0.7517 -0.6470
vn -0.1067 0.8124 -0.5732
vn 0.1001 0.7987 -0.5933
vn -0.3353 0.7417 -0.5808
vn -0.2876 0.8180 -0.4981
vn -0.4966 0.7517 -0.4339
vn -0.4431 0.8124 -0.3790
vn -0.5929 0.7723 -0.2283
vn -0.5638 0.7988 -0.2100
vn -0.1020 0.8285 -0.5507
vn 0.0995 0.8063 -0.5831
vn -0.2732 0.8376 -0.4731
vn -0.4259 0.8285 -0.3636
vn -0.5547 0.8063 -0.2053
vn -0.1072 0.8146 -0.5700
vn 0.0996 0.7996 -0.5923
vn -0.2855 0.8210 -0.4944
vn -0.4400 0.8146 -0.3778
vn -0.5627 0.7996 -0.2099
vn -0.1205 0.7602 -0.6384
vn 0.1031 0.7769 -0.6211
vn -0.3305 0.7503 -0.5725
vn -0.4927 0.7602 -0.4235
vn -0.5895 0.7769 -0.2213
vn 0.1127 0.7584 -0.6420
vn -0.6124 0.7584 -0.2234
vn -0.6083 0.7550 -0.2448
vn 0.0921 0.7550 -0.6493
vn -0.1236 0.7126 -0.6906
vn -0.5251 0.7087 -0.4713
vn -0.3637 0.6862 -0.6300
vn -0.3639 0.6858 -0.6302
vn -0.5363 0.7126 -0.4523
vn -0.1456 0.7086 -0.6904
vn 0.1015 -0.7714 -0.6283
vn -0.1242 -0.7542 -0.6447
vn -0.1104 -0.8096 -0.5765
vn 0.0985 -0.7944 -0.5993
vn -0.3340 -0.7442 -0.5784
vn -0.2890 -0.8160 -0.5005
vn -0.4962 -0.7542 -0.4300
vn -0.4440 -0.8096 -0.3838
vn -0.5949 -0.7714 -0.2262
vn -0.5683 -0.7944 -0.2143
vn -0.1032 -0.8237 -0.5575
vn 0.1007 -0.8012 -0.5899
vn -0.2766 -0.8330 -0.4791
vn -0.4312 -0.8237 -0.3681
vn -0.5612 -0.8012 -0.2077
vn -0.1063 -0.8074 -0.5803
vn 0.1030 -0.7934 -0.5999
vn -0.2910 -0.8132 -0.5041
vn -0.4494 -0.8074 -0.3822
vn -0.5710 -0.7934 -0.2107
vn -0.1270 -0.7460 -0.6537
vn 0.1017 -0.7667 -0.6339
vn -0.3386 -0.7359 -0.5864
vn -0.5026 -0.7460 -0.4368
vn -0.5998 -0.7667 -0.2289
vn 0.0910 -0.7490 -0.6563
vn -0.6139 -0.7490 -0.2493
vn -0.6191 -0.7526 -0.2244
vn 0.1152 -0.7526 -0.6484
vn -0.1487 -0.7021 -0.6964
vn -0.5419 -0.7064 -0.4554
vn -0.3670 -0.6791 -0.6357
vn -0.3667 -0.6798 -0.6352
vn -0.5287 -0.7021 -0.4770
vn -0.1234 -0.7064 -0.6970
vn 0.1421 -0.4758 -0.8680
vn -0.1668 -0.4574 -0.8735
vn -0.1597 -0.5248 -0.8361
vn 0.1398 -0.5046 -0.8519
vn -0.4471 -0.4478 -0.7743
vn -0.4229 -0.5336 -0.7324
vn -0.6730 -0.4574 -0.5812
vn -0.6443 -0.5248 -0.5563
vn -0.8228 -0.4758 -0.3109
vn -0.8077 -0.5046 -0.3049
vn -0.1548 -0.5447 -0.8242
vn 0.1415 -0.5137 -0.8462
vn -0.4148 -0.5582 -0.7185
vn -0.6364 -0.5447 -0.5461
vn -0.8036 -0.5137 -0.3006
vn -0.1563 -0.5228 -0.8380
vn 0.1433 -0.5038 -0.8518
vn -0.4237 -0.5310 -0.7339
vn -0.6476 -0.5228 -0.5544
vn -0.8094 -0.5038 -0.3018
vn -0.1673 -0.4521 -0.8761
vn 0.1420 -0.4725 -0.8698
vn -0.4484 -0.4425 -0.7766
vn -0.6751 -0.4521 -0.5830
vn -0.8243 -0.4725 -0.3120
vn 0.1330 -0.4522 -0.8819
vn -0.8303 -0.4522 -0.3258
vn -0.8363 -0.4545 -0.3065
vn 0.1527 -0.4545 -0.8775
vn -0.1812 -0.4045 -0.8964
vn -0.6970 -0.4069 -0.5904
vn -0.4620 -0.3822 -0.8003
vn -0.4620 -0.3825 -0.8002
vn -0.6857 -0.4045 -0.6051
vn -0.1628 -0.4069 -0.8989
vn 0.1601 0.1586 -0.9743
vn -0.1847 0.1508 -0.9712
vn -0.1829 0.1805 -0.9664
vn 0.1607 0.1716 -0.9720
vn -0.4946 0.1471 -0.8566
vn -0.4914 0.1844 -0.8512
vn -0.7487 0.1508 -0.6455
vn -0.7455 0.1805 -0.6416
vn -0.9238 0.1586 -0.3485
vn -0.9221 0.1716 -0.3468
vn -0.1828 0.1903 -0.9645
vn 0.1604 0.1760 -0.9712
vn -0.4902 0.1968 -0.8491
vn -0.7439 0.1903 -0.6406
vn -0.9213 0.1760 -0.3467
vn -0.1836 0.1808 -0.9662
vn 0.1601 0.1717 -0.9720
vn -0.4914 0.1848 -0.8511
vn -0.7450 0.1808 -0.6421
vn -0.9219 0.1717 -0.3474
vn -0.1842 0.1515 -0.9711
vn 0.1609 0.1590 -0.9741
vn -0.4945 0.1479 -0.8565
vn -0.7489 0.1515 -0.6451
vn -0.9240 0.1590 -0.3477
vn 0.1640 0.1503 -0.9749
vn -0.9263 0.1503 -0.3455
vn -0.9239 0.1500 -0.3519
vn 0.1572 0.1500 -0.9761
vn -0.1820 0.1315 -0.9745
vn -0.7489 0.1312 -0.6495
vn -0.4962 0.1226 -0.8595
vn -0.4962 0.1225 -0.8595
vn -0.7529 0.1315 -0.6449
vn -0.1880 0.1312 -0.9734
vn 0.1416 0.5170 -0.8442
vn -0.1596 0.4956 -0.8537
vn -0.1469 0.5685 -0.8094
vn 0.1430 0.5491 -0.8234
vn -0.4371 0.4854 -0.7571
vn -0.4084 0.5768 -0.7074
vn -0.6595 0.4956 -0.5651
vn -0.6276 0.5685 -0.5319
vn -0.8019 0.5170 -0.2995
vn -0.7846 0.5491 -0.2879
vn -0.1486 0.5907 -0.7931
vn 0.1370 0.5594 -0.8175
vn -0.3984 0.6043 -0.6900
vn -0.6125 0.5907 -0.5252
vn -0.7765 0.5594 -0.2901
vn -0.1587 0.5706 -0.8058
vn 0.1300 0.5504 -0.8247
vn -0.4075 0.5794 -0.7059
vn -0.6185 0.5706 -0.5403
vn -0.7792 0.5504 -0.2997
vn -0.1683 0.5013 -0.8488
vn 0.1313 0.5208 -0.8435
vn -0.4356 0.4910 -0.7544
vn -0.6509 0.5013 -0.5702
vn -0.7962 0.5208 -0.3081
vn 0.1519 0.4988 -0.8533
vn -0.8149 0.4988 -0.2951
vn -0.8060 0.4958 -0.3233
vn 0.1230 0.4958 -0.8597
vn -0.1560 0.4490 -0.8798
vn -0.6673 0.4456 -0.5968
vn -0.4530 0.4231 -0.7847
vn -0.4532 0.4222 -0.7850
vn -0.6839 0.4490 -0.5750
vn -0.1831 0.4456 -0.8763
vn 0.1507 0.4700 -0.8697
vn -0.1598 0.4500 -0.8786
vn -0.1486 0.5203 -0.8410
vn 0.1523 0.5009 -0.8520
vn -0.4489 0.4403 -0.7776
vn -0.4244 0.5286 -0.7351
vn -0.6810 0.4499 -0.5777
vn -0.6540 0.5203 -0.5492
vn -0.8285 0.4700 -0.3044
vn -0.8140 0.5009 -0.2941
vn -0.1552 0.5421 -0.8259
vn 0.1414 0.5112 -0.8478
vn -0.4157 0.5556 -0.7201
vn -0.6376 0.5421 -0.5473
vn -0.8049 0.5112 -0.3014
vn -0.1715 0.5219 -0.8356
vn 0.1270 0.5025 -0.8552
vn -0.4239 0.5305 -0.7341
vn -0.6379 0.5219 -0.5663
vn -0.8041 0.5025 -0.3176
vn -0.1822 0.4541 -0.8721
vn 0.1255 0.4734 -0.8719
vn -0.4479 0.4444 -0.7758
vn -0.6642 0.4541 -0.5938
vn -0.8178 0.4734 -0.3273
vn 0.1586 0.4523 -0.8777
vn -0.8394 0.4523 -0.3015
vn -0.8265 0.4492 -0.3393
vn 0.1194 0.4492 -0.8854
vn -0.1575 0.4050 -0.9007
vn -0.6786 0.4011 -0.6153
vn -0.4624 0.3806 -0.8008
vn -0.4626 0.3793 -0.8013
vn -0.7012 0.4050 -0.5867
vn -0.1935 0.4011 -0.8953
vn 0.1625 -0.0230 -0.9864
vn -0.1866 -0.0219 -0.9822
vn -0.1866 -0.0262 -0.9821
vn 0.1624 -0.0249 -0.9864
vn -0.4999 -0.0213 -0.8658
vn -0.4998 -0.0268 -0.8657
vn -0.7573 -0.0219 -0.6527
vn -0.7572 -0.0262 -0.6526
vn -0.9355 -0.0230 -0.3525
vn -0.9355 -0.0249 -0.3526
vn -0.1864 -0.0277 -0.9821
vn 0.1626 -0.0255 -0.9864
vn -0.4998 -0.0287 -0.8657
vn -0.7573 -0.0277 -0.6525
vn -0.9355 -0.0255 -0.3523
vn -0.1862 -0.0262 -0.9822
vn 0.1629 -0.0249 -0.9863
vn -0.7575 -0.0262 -0.6523
vn -0.9356 -0.0249 -0.3521
vn -0.1863 -0.0218 -0.9823
vn 0.1628 -0.0230 -0.9864
vn -0.7575 -0.0218 -0.6524
vn -0.9356 -0.0230 -0.3522
vn 0.1620 -0.0217 -0.9866
vn -0.9354 -0.0217 -0.3530
vn -0.9358 -0.0217 -0.3518
vn 0.1633 -0.0217 -0.9863
vn -0.1870 -0.0189 -0.9822
vn -0.7578 -0.0189 -0.6522
vn -0.4999 -0.0176 -0.8659
vn -0.7571 -0.0189 -0.6530
vn -0.1859 -0.0189 -0.9824
vn 0.0980 -0.7623 -0.6398
vn -0.1311 -0.7444 -0.6547
vn -0.1160 -0.8014 -0.5868
vn 0.0963 -0.7860 -0.6107
vn -0.3395 -0.7341 -0.5880
vn -0.2947 -0.8078 -0.5104
vn -0.5014 -0.7444 -0.4409
vn -0.4502 -0.8014 -0.3939
vn -0.6031 -0.7623 -0.2350
vn -0.5770 -0.7860 -0.2219
vn -0.1052 -0.8160 -0.5685
vn 0.1025 -0.7928 -0.6008
vn -0.2822 -0.8255 -0.4888
vn -0.4397 -0.8160 -0.3754
vn -0.5716 -0.7928 -0.2117
vn -0.1058 -0.7992 -0.5917
vn 0.1077 -0.7847 -0.6105
vn -0.2965 -0.8052 -0.5136
vn -0.4595 -0.7992 -0.3875
vn -0.5825 -0.7847 -0.2120
vn -0.1264 -0.7366 -0.6644
vn 0.1062 -0.7575 -0.6442
vn -0.3437 -0.7263 -0.5953
vn -0.5122 -0.7366 -0.4416
vn -0.6110 -0.7575 -0.2301
vn 0.0883 -0.7392 -0.6677
vn -0.6224 -0.7392 -0.2573
vn -0.6298 -0.7431 -0.2263
vn 0.1189 -0.7431 -0.6585
vn -0.1545 -0.6913 -0.7059
vn -0.5507 -0.6963 -0.4604
vn -0.3720 -0.6681 -0.6444
vn -0.3715 -0.6693 -0.6435
vn -0.5340 -0.6913 -0.4868
vn -0.1233 -0.6963 -0.7071
vn 0.0873 0.8404 -0.5350
vn -0.1071 0.8234 -0.5573
vn -0.0860 0.8716 -0.4826
vn 0.0886 0.8611 -0.5007
vn -0.2898 0.8148 -0.5020
vn -0.2413 0.8759 -0.4179
vn -0.4291 0.8234 -0.3714
vn -0.3749 0.8716 -0.3158
vn -0.5070 0.8403 -0.1919
vn -0.4779 0.8611 -0.1736
vn -0.0848 0.8837 -0.4602
vn 0.0843 0.8670 -0.4911
vn -0.2275 0.8905 -0.3940
vn -0.3562 0.8838 -0.3035
vn -0.4674 0.8670 -0.1725
vn -0.0943 0.8733 -0.4780
vn 0.0793 0.8621 -0.5005
vn -0.2394 0.8780 -0.4146
vn -0.3668 0.8733 -0.3206
vn -0.4731 0.8621 -0.1815
vn -0.1094 0.8304 -0.5464
vn 0.0810 0.8444 -0.5295
vn -0.2848 0.8219 -0.4933
vn -0.4185 0.8304 -0.3679
vn -0.4991 0.8444 -0.1946
vn 0.0994 0.8297 -0.5493
vn -0.5254 0.8297 -0.1886
vn -0.5198 0.8263 -0.2170
vn 0.0719 0.8263 -0.5587
vn -0.1045 0.7923 -0.6012
vn -0.4539 0.7877 -0.4165
vn -0.3192 0.7696 -0.5529
vn -0.3198 0.7686 -0.5540
vn -0.4684 0.7922 -0.3911
vn -0.1338 0.7877 -0.6014
vn 0.0272 0.9874 -0.1559
vn -0.0307 0.9855 -0.1670
vn -0.0218 0.9904 -0.1366
vn 0.0279 0.9894 -0.1425
vn -0.0878 0.9844 -0.1521
vn -0.0677 0.9908 -0.1173
vn -0.1292 0.9855 -0.1101
vn -0.1074 0.9904 -0.0872
vn -0.1487 0.9874 -0.0544
vn -0.1373 0.9894 -0.0470
vn -0.0236 0.9915 -0.1280
vn 0.0238 0.9900 -0.1390
vn -0.0628 0.9921 -0.1088
vn -0.0991 0.9915 -0.0844
vn -0.1323 0.9900 -0.0489
vn -0.0328 0.9905 -0.1336
vn 0.0151 0.9896 -0.1431
vn -0.0673 0.9909 -0.1166
vn -0.0993 0.9905 -0.0952
vn -0.1315 0.9896 -0.0585
vn -0.0484 0.9857 -0.1615
vn 0.0056 0.9877 -0.1566
vn -0.0868 0.9848 -0.1503
vn -0.1156 0.9857 -0.1226
vn -0.1384 0.9877 -0.0734
vn 0.0307 0.9864 -0.1615
vn -0.1552 0.9864 -0.0541
vn -0.1467 0.9851 -0.0899
vn -0.0045 0.9851 -0.1720
vn -0.0304 0.9823 -0.1847
vn -0.1297 0.9805 -0.1476
vn -0.1006 0.9796 -0.1742
vn -0.1026 0.9787 -0.1777
vn -0.1447 0.9823 -0.1187
vn -0.0631 0.9805 -0.1862
usemtl cristal_2
s 1
f 1174/1/1 1175/2/1 1180/3/1 1179/4/1
f 1175/2/1 1176/5/1 1181/6/1 1180/3/1
f 1176/5/1 1177/7/1 1182/8/1 1181/6/1
f 1177/7/1 1178/9/1 1183/10/1 1182/8/1
f 1179/4/1 1180/3/1 1185/11/1 1184/12/1
f 1180/3/1 1181/6/1 1186/13/1 1185/11/1
f 1181/6/1 1182/8/1 1187/14/1 1186/13/1
f 1182/8/1 1183/10/1 1188/15/1 1187/14/1
f 1184/12/1 1185/11/1 1190/16/1 1189/17/1
f 1185/11/1 1186/13/1 1191/18/1 1190/16/1
f 1186/13/1 1187/14/1 1192/19/1 1191/18/1
f 1187/14/1 1188/15/1 1193/20/1 1192/19/1
f 1189/17/1 1190/16/1 1195/21/1 1194/22/1
f 1190/16/1 1191/18/1 1196/23/1 1195/21/1
f 1191/18/1 1192/19/1 1197/24/1 1196/23/1
f 1192/19/1 1193/20/1 1198/25/1 1197/24/1
f 1/26/1 109/27/1 1174/1/1 128/28/1
f 114/29/1 1178/9/1 113/30/1 37/31/1
f 38/32/1 119/33/1 1198/25/1 118/34/1
f 124/35/1 1194/22/1 123/36/1 2/37/1
f 109/27/1 110/38/1 1175/2/1 1174/1/1
f 115/39/1 1183/10/1 1178/9/1 114/29/1
f 119/33/1 120/40/1 1197/24/1 1198/25/1
f 125/41/1 1189/17/1 1194/22/1 124/35/1
f 110/38/1 111/42/1 1176/5/1 1175/2/1
f 116/43/1 1188/15/1 1183/10/1 115/39/1
f 120/40/1 121/44/1 1196/23/1 1197/24/1
f 126/45/1 1184/12/1 1189/17/1 125/41/1
f 111/42/1 112/46/1 1177/7/1 1176/5/1
f 117/47/1 1193/20/1 1188/15/1 116/43/1
f 121/44/1 122/48/1 1195/21/1 1196/23/1
f 127/49/1 1179/4/1 1184/12/1 126/45/1
f 112/46/1 113/30/1 1178/9/1 1177/7/1
f 118/34/1 1198/25/1 1193/20/1 117/47/1
f 122/48/1 123/36/1 1194/22/1 1195/21/1
f 128/28/1 1174/1/1 1179/4/1 127/49/1
f 1199/50/2 1200/51/3 1205/52/3 1204/53/2
f 1200/51/3 1201/54/4 1206/55/4 1205/52/3
f 1201/54/4 1202/56/5 1207/57/5 1206/55/4
f 1202/56/5 1203/58/6 1208/59/6 1207/57/5
f 1204/53/2 1205/52/3 1210/60/3 1209/61/2
f 1205/52/3 1206/55/4 1211/62/4 1210/60/3
f 1206/55/4 1207/57/5 1212/63/5 1211/62/4
f 1207/57/5 1208/59/6 1213/64/6 1212/63/5
f 1209/61/2 1210/60/3 1215/65/3 1214/66/2
f 1210/60/3 1211/62/4 1216/67/4 1215/65/3
f 1211/62/4 1212/63/5 1217/68/5 1216/67/4
f 1212/63/5 1213/64/6 1218/69/6 1217/68/5
f 1214/66/2 1215/65/3 1220/70/3 1219/71/2
f 1215/65/3 1216/67/4 1221/72/4 1220/70/3
f 1216/67/4 1217/68/5 1222/73/5 1221/72/4
f 1217/68/5 1218/69/6 1223/74/6 1222/73/5
f 2/37/7 123/36/2 1199/50/2 143/75/7
f 129/76/8 1203/58/6 119/33/6 38/32/8
f 39/77/8 134/78/6 1223/74/6 133/79/8
f 139/80/7 1219/71/2 138/81/2 3/82/7
f 123/36/2 122/48/3 1200/51/3 1199/50/2
f 130/83/8 1208/59/6 1203/58/6 129/76/8
f 134/78/6 135/84/5 1222/73/5 1223/74/6
f 140/85/7 1214/66/2 1219/71/2 139/80/7
f 122/48/3 121/44/4 1201/54/4 1200/51/3
f 131/86/8 1213/64/6 1208/59/6 130/83/8
f 135/84/5 136/87/4 1221/72/4 1222/73/5
f 141/88/7 1209/61/2 1214/66/2 140/85/7
f 121/44/4 120/40/5 1202/56/5 1201/54/4
f 132/89/8 1218/69/6 1213/64/6 131/86/8
f 136/87/4 137/90/3 1220/70/3 1221/72/4
f 142/91/7 1204/53/2 1209/61/2 141/88/7
f 120/40/5 119/33/6 1203/58/6 1202/56/5
f 133/79/8 1223/74/6 1218/69/6 132/89/8
f 137/90/3 138/81/2 1219/71/2 1220/70/3
f 143/75/7 1199/50/2 1204/53/2 142/91/7
f 1224/92/9 1225/93/10 1230/94/11 1229/95/12
f 1225/93/10 1226/96/13 1231/97/14 1230/94/11
f 1226/96/13 1227/98/15 1232/99/16 1231/97/14
f 1227/98/15 1228/100/17 1233/101/18 1232/99/16
f 1229/95/12 1230/94/11 1235/102/19 1234/103/20
f 1230/94/11 1231/97/14 1236/104/21 1235/102/19
f 1231/97/14 1232/99/16 1237/105/22 1236/104/21
f 1232/99/16 1233/101/18 1238/106/23 1237/105/22
f 1234/103/20 1235/102/19 1240/107/24 1239/108/25
f 1235/102/19 1236/104/21 1241/109/26 1240/107/24
f 1236/104/21 1237/105/22 1242/110/27 1241/109/26
f 1237/105/22 1238/106/23 1243/111/28 1242/110/27
f 1239/108/25 1240/107/24 1245/112/29 1244/113/30
f 1240/107/24 1241/109/26 1246/114/31 1245/112/29
f 1241/109/26 1242/110/27 1247/115/32 1246/114/31
f 1242/110/27 1243/111/28 1248/116/33 1247/115/32
f 3/82/34 138/81/35 1224/92/9 158/117/36
f 144/118/37 1228/100/17 134/78/38 39/77/39
f 40/119/40 149/120/41 1248/116/33 148/121/42
f 154/122/43 1244/113/30 153/123/44 4/124/45
f 138/81/35 137/90/46 1225/93/10 1224/92/9
f 145/125/47 1233/101/18 1228/100/17 144/118/37
f 149/120/41 150/126/48 1247/115/32 1248/116/33
f 155/127/49 1239/108/25 1244/113/30 154/122/43
f 137/90/46 136/87/50 1226/96/13 1225/93/10
f 146/128/51 1238/106/23 1233/101/18 145/125/47
f 150/126/48 151/129/52 1246/114/31 1247/115/32
f 156/130/53 1234/103/20 1239/108/25 155/127/49
f 136/87/50 135/84/54 1227/98/15 1226/96/13
f 147/131/55 1243/111/28 1238/106/23 146/128/51
f 151/129/52 152/132/56 1245/112/29 1246/114/31
f 157/133/57 1229/95/12 1234/103/20 156/130/53
f 135/84/54 134/78/38 1228/100/17 1227/98/15
f 148/121/42 1248/116/33 1243/111/28 147/131/55
f 152/132/56 153/123/44 1244/113/30 1245/112/29
f 158/117/36 1224/92/9 1229/95/12 157/133/57
f 1249/134/58 1250/135/59 1255/136/60 1254/137/61
f 1250/135/59 1251/138/62 1256/139/63 1255/136/60
f 1251/138/62 1252/140/64 1257/141/65 1256/139/63
f 1252/140/64 1253/142/66 1258/143/67 1257/141/65
f 1254/137/61 1255/136/60 1260/144/68 1259/145/69
f 1255/136/60 1256/139/63 1261/146/70 1260/144/68
f 1256/139/63 1257/141/65 1262/147/71 1261/146/70
f 1257/141/65 1258/143/67 1263/148/72 1262/147/71
f 1259/145/69 1260/144/68 1265/149/73 1264/150/74
f 1260/144/68 1261/146/70 1266/151/75 1265/149/73
f 1261/146/70 1262/147/71 1267/152/76 1266/151/75
f 1262/147/71 1263/148/72 1268/153/77 1267/152/76
f 1264/150/74 1265/149/73 1270/154/78 1269/155/79
f 1265/149/73 1266/151/75 1271/156/80 1270/154/78
f 1266/151/75 1267/152/76 1272/157/81 1271/156/80
f 1267/152/76 1268/153/77 1273/158/82 1272/157/81
f 4/124/83 153/123/84 1249/134/58 173/159/85
f 159/160/86 1253/142/66 149/120/87 40/119/88
f 41/161/89 164/162/90 1273/158/82 163/163/91
f 169/164/92 1269/155/79 168/165/93 5/166/94
f 153/123/84 152/132/95 1250/135/59 1249/134/58
f 160/167/96 1258/143/67 1253/142/66 159/160/86
f 164/162/90 165/168/97 1272/157/81 1273/158/82
f 170/169/98 1264/150/74 1269/155/79 169/164/92
f 152/132/95 151/129/99 1251/138/62 1250/135/59
f 161/170/100 1263/148/72 1258/143/67 160/167/96
f 165/168/97 166/171/101 1271/156/80 1272/157/81
f 171/172/102 1259/145/69 1264/150/74 170/169/98
f 151/129/99 150/126/103 1252/140/64 1251/138/62
f 162/173/104 1268/153/77 1263/148/72 161/170/100
f 166/171/101 167/174/105 1270/154/78 1271/156/80
f 172/175/106 1254/137/61 1259/145/69 171/172/102
f 150/126/103 149/120/87 1253/142/66 1252/140/64
f 163/163/91 1273/158/82 1268/153/77 162/173/104
f 167/174/105 168/165/93 1269/155/79 1270/154/78
f 173/159/85 1249/134/58 1254/137/61 172/175/106
f 1274/176/107 1275/177/108 1280/178/109 1279/179/110
f 1275/177/108 1276/180/111 1281/181/112 1280/178/109
f 1276/180/111 1277/182/113 1282/183/114 1281/181/112
f 1277/182/113 1278/184/115 1283/185/116 1282/183/114
f 1279/179/110 1280/178/109 1285/186/117 1284/187/118
f 1280/178/109 1281/181/112 1286/188/119 1285/186/117
f 1281/181/112 1282/183/114 1287/189/120 1286/188/119
f 1282/183/114 1283/185/116 1288/190/121 1287/189/120
f 1284/187/118 1285/186/117 1290/191/122 1289/192/123
f 1285/186/117 1286/188/119 1291/193/124 1290/191/122
f 1286/188/119 1287/189/120 1292/194/125 1291/193/124
f 1287/189/120 1288/190/121 1293/195/126 1292/194/125
f 1289/192/123 1290/191/122 1295/196/127 1294/197/128
f 1290/191/122 1291/193/124 1296/198/129 1295/196/127
f 1291/193/124 1292/194/125 1297/199/130 1296/198/129
f 1292/194/125 1293/195/126 1298/200/131 1297/199/130
f 5/166/132 168/165/133 1274/176/107 188/201/134
f 174/202/135 1278/184/115 164/162/136 41/161/137
f 42/203/137 179/204/138 1298/200/131 178/205/139
f 184/206/140 1294/197/128 183/207/141 6/208/132
f 168/165/133 167/174/142 1275/177/108 1274/176/107
f 175/209/143 1283/185/116 1278/184/115 174/202/135
f 179/204/138 180/210/144 1297/199/130 1298/200/131
f 185/211/145 1289/192/123 1294/197/128 184/206/140
f 167/174/142 166/171/146 1276/180/111 1275/177/108
f 176/212/147 1288/190/121 1283/185/116 175/209/143
f 180/210/144 181/213/146 1296/198/129 1297/199/130
f 186/214/148 1284/187/118 1289/192/123 185/211/145
f 166/171/146 165/168/149 1277/182/113 1276/180/111
f 177/215/150 1293/195/126 1288/190/121 176/212/147
f 181/213/146 182/216/151 1295/196/127 1296/198/129
f 187/217/152 1279/179/110 1284/187/118 186/214/148
f 165/168/149 164/162/136 1278/184/115 1277/182/113
f 178/205/139 1298/200/131 1293/195/126 177/215/150
f 182/216/151 183/207/141 1294/197/128 1295/196/127
f 188/201/134 1274/176/107 1279/179/110 187/217/152
f 1299/218/153 1300/219/154 1305/220/155 1304/221/156
f 1300/219/154 1301/222/157 1306/223/158 1305/220/155
f 1301/222/157 1302/224/159 1307/225/160 1306/223/158
f 1302/224/159 1303/226/161 1308/227/162 1307/225/160
f 1304/221/156 1305/220/155 1310/228/163 1309/229/164
f 1305/220/155 1306/223/158 1311/230/165 1310/228/163
f 1306/223/158 1307/225/160 1312/231/166 1311/230/165
f 1307/225/160 1308/227/162 1313/232/167 1312/231/166
f 1309/229/164 1310/228/163 1315/233/168 1314/234/169
f 1310/228/163 1311/230/165 1316/235/170 1315/233/168
f 1311/230/165 1312/231/166 1317/236/171 1316/235/170
f 1312/231/166 1313/232/167 1318/237/172 1317/236/171
f 1314/234/169 1315/233/168 1320/238/173 1319/239/174
f 1315/233/168 1316/235/170 1321/240/175 1320/238/173
f 1316/235/170 1317/236/171 1322/241/176 1321/240/175
f 1317/236/171 1318/237/172 1323/242/177 1322/241/176
f 6/208/178 183/207/179 1299/218/153 203/243/180
f 189/244/181 1303/226/161 179/204/182 42/203/183
f 43/245/184 194/246/185 1323/242/177 193/247/186
f 199/248/187 1319/239/174 198/249/188 7/250/189
f 183/207/179 182/216/190 1300/219/154 1299/218/153
f 190/251/191 1308/227/162 1303/226/161 189/244/181
f 194/246/185 195/252/192 1322/241/176 1323/242/177
f 200/253/193 1314/234/169 1319/239/174 199/248/187
f 182/216/190 181/213/194 1301/222/157 1300/219/154
f 191/254/195 1313/232/167 1308/227/162 190/251/191
f 195/252/192 196/255/196 1321/240/175 1322/241/176
f 201/256/197 1309/229/164 1314/234/169 200/253/193
f 181/213/194 180/210/198 1302/224/159 1301/222/157
f 192/257/199 1318/237/172 1313/232/167 191/254/195
f 196/255/196 197/258/200 1320/238/173 1321/240/175
f 202/259/201 1304/221/156 1309/229/164 201/256/197
f 180/210/198 179/204/182 1303/226/161 1302/224/159
f 193/247/186 1323/242/177 1318/237/172 192/257/199
f 197/258/200 198/249/188 1319/239/174 1320/238/173
f 203/243/180 1299/218/153 1304/221/156 202/259/201
f 1324/260/202 1325/261/203 1330/262/204 1329/263/205
f 1325/261/203 1326/264/206 1331/265/207 1330/262/204
f 1326/264/206 1327/266/208 1332/267/209 1331/265/207
f 1327/266/208 1328/268/210 1333/269/211 1332/267/209
f 1329/263/205 1330/262/204 1335/270/212 1334/271/213
f 1330/262/204 1331/265/207 1336/272/214 1335/270/212
f 1331/265/207 1332/267/209 1337/273/215 1336/272/214
f 1332/267/209 1333/269/211 1338/274/216 1337/273/215
f 1334/271/213 1335/270/212 1340/275/217 1339/276/218
f 1335/270/212 1336/272/214 1341/277/219 1340/275/217
f 1336/272/214 1337/273/215 1342/278/220 1341/277/219
f 1337/273/215 1338/274/216 1343/279/221 1342/278/220
f 1339/276/218 1340/275/217 1345/280/222 1344/281/223
f 1340/275/217 1341/277/219 1346/282/224 1345/280/222
f 1341/277/219 1342/278/220 1347/283/225 1346/282/224
f 1342/278/220 1343/279/221 1348/284/226 1347/283/225
f 7/250/227 198/249/228 1324/260/202 218/285/229
f 204/286/230 1328/268/210 194/246/231 43/245/232
f 44/287/233 209/288/234 1348/284/226 208/289/235
f 214/290/236 1344/281/223 213/291/237 8/292/238
f 198/249/228 197/258/239 1325/261/203 1324/260/202
f 205/293/240 1333/269/211 1328/268/210 204/286/230
f 209/288/234 210/294/241 1347/283/225 1348/284/226
f 215/295/242 1339/276/218 1344/281/223 214/290/236
f 197/258/239 196/255/243 1326/264/206 1325/261/203
f 206/296/244 1338/274/216 1333/269/211 205/293/240
f 210/294/241 211/297/245 1346/282/224 1347/283/225
f 216/298/246 1334/271/213 1339/276/218 215/295/242
f 196/255/243 195/252/247 1327/266/208 1326/264/206
f 207/299/248 1343/279/221 1338/274/216 206/296/244
f 211/297/245 212/300/249 1345/280/222 1346/282/224
f 217/301/250 1329/263/205 1334/271/213 216/298/246
f 195/252/247 194/246/231 1328/268/210 1327/266/208
f 208/289/235 1348/284/226 1343/279/221 207/299/248
f 212/300/249 213/291/237 1344/281/223 1345/280/222
f 218/285/229 1324/260/202 1329/263/205 217/301/250
f 1349/302/251 1350/303/252 1355/304/253 1354/305/254
f 1350/303/252 1351/306/255 1356/307/256 1355/304/253
f 1351/306/255 1352/308/257 1357/309/258 1356/307/256
f 1352/308/257 1353/310/259 1358/311/260 1357/309/258
f 1354/305/254 1355/304/253 1360/312/261 1359/313/262
f 1355/304/253 1356/307/256 1361/314/263 1360/312/261
f 1356/307/256 1357/309/258 1362/315/264 1361/314/263
f 1357/309/258 1358/311/260 1363/316/265 1362/315/264
f 1359/313/262 1360/312/261 1365/317/266 1364/318/267
f 1360/312/261 1361/314/263 1366/319/268 1365/317/266
f 1361/314/263 1362/315/264 1367/320/269 1366/319/268
f 1362/315/264 1363/316/265 1368/321/270 1367/320/269
f 1364/318/267 1365/317/266 1370/322/271 1369/323/272
f 1365/317/266 1366/319/268 1371/324/273 1370/322/271
f 1366/319/268 1367/320/269 1372/325/274 1371/324/273
f 1367/320/269 1368/321/270 1373/326/275 1372/325/274
f 8/292/276 213/291/277 1349/302/251 233/327/278
f 219/328/279 1353/310/259 209/288/280 44/287/281
f 45/329/281 224/330/282 1373/326/275 223/331/279
f 229/332/278 1369/323/272 228/333/283 9/334/276
f 213/291/277 212/300/284 1350/303/252 1349/302/251
f 220/335/285 1358/311/260 1353/310/259 219/328/279
f 224/330/282 225/336/286 1372/325/274 1373/326/275
f 230/337/287 1364/318/267 1369/323/272 229/332/278
f 212/300/284 211/297/288 1351/306/255 1350/303/252
f 221/338/289 1363/316/265 1358/311/260 220/335/285
f 225/336/286 226/339/288 1371/324/273 1372/325/274
f 231/340/290 1359/313/262 1364/318/267 230/337/287
f 211/297/288 210/294/291 1352/308/257 1351/306/255
f 222/341/285 1368/321/270 1363/316/265 221/338/289
f 226/339/288 227/342/292 1370/322/271 1371/324/273
f 232/343/287 1354/305/254 1359/313/262 231/340/290
f 210/294/291 209/288/280 1353/310/259 1352/308/257
f 223/331/279 1373/326/275 1368/321/270 222/341/285
f 227/342/292 228/333/283 1369/323/272 1370/322/271
f 233/327/278 1349/302/251 1354/305/254 232/343/287
f 1374/344/293 1375/345/294 1380/346/295 1379/347/296
f 1375/345/294 1376/348/297 1381/349/298 1380/346/295
f 1376/348/297 1377/350/299 1382/351/300 1381/349/298
f 1377/350/299 1378/352/301 1383/353/302 1382/351/300
f 1379/347/296 1380/346/295 1385/354/303 1384/355/304
f 1380/346/295 1381/349/298 1386/356/305 1385/354/303
f 1381/349/298 1382/351/300 1387/357/306 1386/356/305
f 1382/351/300 1383/353/302 1388/358/307 1387/357/306
f 1384/355/304 1385/354/303 1390/359/308 1389/360/309
f 1385/354/303 1386/356/305 1391/361/310 1390/359/308
f 1386/356/305 1387/357/306 1392/362/311 1391/361/310
f 1387/357/306 1388/358/307 1393/363/312 1392/362/311
f 1389/360/309 1390/359/308 1395/364/313 1394/365/314
f 1390/359/308 1391/361/310 1396/366/315 1395/364/313
f 1391/361/310 1392/362/311 1397/367/316 1396/366/315
f 1392/362/311 1393/363/312 1398/368/317 1397/367/316
f 9/334/318 228/333/319 1374/344/293 248/369/320
f 234/370/321 1378/352/301 224/330/322 45/329/323
f 46/371/324 239/372/325 1398/368/317 238/373/326
f 244/374/327 1394/365/314 243/375/328 10/376/329
f 228/333/319 227/342/330 1375/345/294 1374/344/293
f 235/377/331 1383/353/302 1378/352/301 234/370/321
f 239/372/325 240/378/332 1397/367/316 1398/368/317
f 245/379/333 1389/360/309 1394/365/314 244/374/327
f 227/342/330 226/339/334 1376/348/297 1375/345/294
f 236/380/335 1388/358/307 1383/353/302 235/377/331
f 240/378/332 241/381/336 1396/366/315 1397/367/316
f 246/382/337 1384/355/304 1389/360/309 245/379/333
f 226/339/334 225/336/338 1377/350/299 1376/348/297
f 237/383/339 1393/363/312 1388/358/307 236/380/335
f 241/381/336 242/384/340 1395/364/313 1396/366/315
f 247/385/341 1379/347/296 1384/355/304 246/382/337
f 225/336/338 224/330/322 1378/352/301 1377/350/299
f 238/373/326 1398/368/317 1393/363/312 237/383/339
f 242/384/340 243/375/328 1394/365/314 1395/364/313
f 248/369/320 1374/344/293 1379/347/296 247/385/341
f 1399/386/342 1400/387/343 1405/388/344 1404/389/345
f 1400/387/343 1401/390/346 1406/391/347 1405/388/344
f 1401/390/346 1402/392/348 1407/393/349 1406/391/347
f 1402/392/348 1403/394/350 1408/395/351 1407/393/349
f 1404/389/345 1405/388/344 1410/396/352 1409/397/353
f 1405/388/344 1406/391/347 1411/398/354 1410/396/352
f 1406/391/347 1407/393/349 1412/399/355 1411/398/354
f 1407/393/349 1408/395/351 1413/400/356 1412/399/355
f 1409/397/353 1410/396/352 1415/401/357 1414/402/358
f 1410/396/352 1411/398/354 1416/403/359 1415/401/357
f 1411/398/354 1412/399/355 1417/404/360 1416/403/359
f 1412/399/355 1413/400/356 1418/405/361 1417/404/360
f 1414/402/358 1415/401/357 1420/406/362 1419/407/363
f 1415/401/357 1416/403/359 1421/408/364 1420/406/362
f 1416/403/359 1417/404/360 1422/409/365 1421/408/364
f 1417/404/360 1418/405/361 1423/410/366 1422/409/365
f 10/376/367 243/375/368 1399/386/342 263/411/369
f 249/412/370 1403/394/350 239/372/371 46/371/372
f 47/413/373 254/414/374 1423/410/366 253/415/375
f 259/416/376 1419/407/363 258/417/377 11/418/378
f 243/375/368 242/384/379 1400/387/343 1399/386/342
f 250/419/380 1408/395/351 1403/394/350 249/412/370
f 254/414/374 255/420/381 1422/409/365 1423/410/366
f 260/421/382 1414/402/358 1419/407/363 259/416/376
f 242/384/379 241/381/383 1401/390/346 1400/387/343
f 251/422/384 1413/400/356 1408/395/351 250/419/380
f 255/420/381 256/423/385 1421/408/364 1422/409/365
f 261/424/386 1409/397/353 1414/402/358 260/421/382
f 241/381/383 240/378/387 1402/392/348 1401/390/346
f 252/425/388 1418/405/361 1413/400/356 251/422/384
f 256/423/385 257/426/389 1420/406/362 1421/408/364
f 262/427/390 1404/389/345 1409/397/353 261/424/386
f 240/378/387 239/372/371 1403/394/350 1402/392/348
f 253/415/375 1423/410/366 1418/405/361 252/425/388
f 257/426/389 258/417/377 1419/407/363 1420/406/362
f 263/411/369 1399/386/342 1404/389/345 262/427/390
f 1424/428/391 1425/429/392 1430/430/393 1429/431/394
f 1425/429/392 1426/432/395 1431/433/396 1430/430/393
f 1426/432/395 1427/434/397 1432/435/398 1431/433/396
f 1427/434/397 1428/436/399 1433/437/400 1432/435/398
f 1429/431/394 1430/430/393 1435/438/401 1434/439/402
f 1430/430/393 1431/433/396 1436/440/403 1435/438/401
f 1431/433/396 1432/435/398 1437/441/404 1436/440/403
f 1432/435/398 1433/437/400 1438/442/405 1437/441/404
f 1434/439/402 1435/438/401 1440/443/406 1439/444/407
f 1435/438/401 1436/440/403 1441/445/408 1440/443/406
f 1436/440/403 1437/441/404 1442/446/409 1441/445/408
f 1437/441/404 1438/442/405 1443/447/410 1442/446/409
f 1439/444/407 1440/443/406 1445/448/411 1444/449/412
f 1440/443/406 1441/445/408 1446/450/413 1445/448/411
f 1441/445/408 1442/446/409 1447/451/414 1446/450/413
f 1442/446/409 1443/447/410 1448/452/415 1447/451/414
f 11/418/416 258/417/417 1424/428/391 278/453/418
f 264/454/419 1428/436/399 254/414/420 47/413/421
f 48/455/422 269/456/423 1448/452/415 268/457/424
f 274/458/425 1444/449/412 273/459/426 12/460/427
f 258/417/417 257/426/428 1425/429/392 1424/428/391
f 265/461/429 1433/437/400 1428/436/399 264/454/419
f 269/456/423 270/462/430 1447/451/414 1448/452/415
f 275/463/431 1439/444/407 1444/449/412 274/458/425
f 257/426/428 256/423/432 1426/432/395 1425/429/392
f 266/464/433 1438/442/405 1433/437/400 265/461/429
f 270/462/430 271/465/434 1446/450/413 1447/451/414
f 276/466/435 1434/439/402 1439/444/407 275/463/431
f 256/423/432 255/420/436 1427/434/397 1426/432/395
f 267/467/437 1443/447/410 1438/442/405 266/464/433
f 271/465/434 272/468/438 1445/448/411 1446/450/413
f 277/469/439 1429/431/394 1434/439/402 276/466/435
f 255/420/436 254/414/420 1428/436/399 1427/434/397
f 268/457/424 1448/452/415 1443/447/410 267/467/437
f 272/468/438 273/459/426 1444/449/412 1445/448/411
f 278/453/418 1424/428/391 1429/431/394 277/469/439
f 1449/470/440 1450/471/441 1455/472/442 1454/473/443
f 1450/471/441 1451/474/444 1456/475/445 1455/472/442
f 1451/474/444 1452/476/446 1457/477/447 1456/475/445
f 1452/476/446 1453/478/448 1458/479/449 1457/477/447
f 1454/473/443 1455/472/442 1460/480/450 1459/481/451
f 1455/472/442 1456/475/445 1461/482/452 1460/480/450
f 1456/475/445 1457/477/447 1462/483/453 1461/482/452
f 1457/477/447 1458/479/449 1463/484/454 1462/483/453
f 1459/481/451 1460/480/450 1465/485/455 1464/486/456
f 1460/480/450 1461/482/452 1466/487/457 1465/485/455
f 1461/482/452 1462/483/453 1467/488/458 1466/487/457
f 1462/483/453 1463/484/454 1468/489/459 1467/488/458
f 1464/486/456 1465/485/455 1470/490/460 1469/491/461
f 1465/485/455 1466/487/457 1471/492/462 1470/490/460
f 1466/487/457 1467/488/458 1472/493/463 1471/492/462
f 1467/488/458 1468/489/459 1473/494/464 1472/493/463
f 12/460/465 273/459/466 1449/470/440 293/495/467
f 279/496/468 1453/478/448 269/456/469 48/455/470
f 49/497/471 284/498/472 1473/494/464 283/499/473
f 289/500/474 1469/491/461 288/501/475 13/502/476
f 273/459/466 272/468/477 1450/471/441 1449/470/440
f 280/503/478 1458/479/449 1453/478/448 279/496/468
f 284/498/472 285/504/479 1472/493/463 1473/494/464
f 290/505/480 1464/486/456 1469/491/461 289/500/474
f 272/468/477 271/465/481 1451/474/444 1450/471/441
f 281/506/482 1463/484/454 1458/479/449 280/503/478
f 285/504/479 286/507/483 1471/492/462 1472/493/463
f 291/508/484 1459/481/451 1464/486/456 290/505/480
f 271/465/481 270/462/485 1452/476/446 1451/474/444
f 282/509/486 1468/489/459 1463/484/454 281/506/482
f 286/507/483 287/510/487 1470/490/460 1471/492/462
f 292/511/488 1454/473/443 1459/481/451 291/508/484
f 270/462/485 269/456/469 1453/478/448 1452/476/446
f 283/499/473 1473/494/464 1468/489/459 282/509/486
f 287/510/487 288/501/475 1469/491/461 1470/490/460
f 293/495/467 1449/470/440 1454/473/443 292/511/488
f 1474/512/489 1475/513/490 1480/514/491 1479/515/492
f 1475/513/490 1476/516/493 1481/517/494 1480/514/491
f 1476/516/493 1477/518/495 1482/519/496 1481/517/494
f 1477/518/495 1478/520/497 1483/521/498 1482/519/496
f 1479/515/492 1480/514/491 1485/522/499 1484/523/500
f 1480/514/491 1481/517/494 1486/524/501 1485/522/499
f 1481/517/494 1482/519/496 1487/525/502 1486/524/501
f 1482/519/496 1483/521/498 1488/526/503 1487/525/502
f 1484/523/500 1485/522/499 1490/527/504 1489/528/505
f 1485/522/499 1486/524/501 1491/529/506 1490/527/504
f 1486/524/501 1487/525/502 1492/530/507 1491/529/506
f 1487/525/502 1488/526/503 1493/531/508 1492/530/507
f 1489/528/505 1490/527/504 1495/532/509 1494/533/510
f 1490/527/504 1491/529/506 1496/534/511 1495/532/509
f 1491/529/506 1492/530/507 1497/535/512 1496/534/511
f 1492/530/507 1493/531/508 1498/536/513 1497/535/512
f 13/502/514 288/501/515 1474/512/489 308/537/516
f 294/538/517 1478/520/497 284/498/518 49/497/519
f 50/539/520 299/540/521 1498/536/513 298/541/522
f 304/542/523 1494/533/510 303/543/524 14/544/525
f 288/501/515 287/510/526 1475/513/490 1474/512/489
f 295/545/527 1483/521/498 1478/520/497 294/538/517
f 299/540/521 300/546/528 1497/535/512 1498/536/513
f 305/547/529 1489/528/505 1494/533/510 304/542/523
f 287/510/526 286/507/530 1476/516/493 1475/513/490
f 296/548/531 1488/526/503 1483/521/498 295/545/527
f 300/546/528 301/549/532 1496/534/511 1497/535/512
f 306/550/533 1484/523/500 1489/528/505 305/547/529
f 286/507/530 285/504/534 1477/518/495 1476/516/493
f 297/551/535 1493/531/508 1488/526/503 296/548/531
f 301/549/532 302/552/536 1495/532/509 1496/534/511
f 307/553/537 1479/515/492 1484/523/500 306/550/533
f 285/504/534 284/498/518 1478/520/497 1477/518/495
f 298/541/522 1498/536/513 1493/531/508 297/551/535
f 302/552/536 303/543/524 1494/533/510 1495/532/509
f 308/537/516 1474/512/489 1479/515/492 307/553/537
f 1499/554/538 1500/555/539 1505/556/540 1504/557/541
f 1500/555/539 1501/558/542 1506/559/543 1505/556/540
f 1501/558/542 1502/560/544 1507/561/545 1506/559/543
f 1502/560/544 1503/562/546 1508/563/547 1507/561/545
f 1504/557/541 1505/556/540 1510/564/548 1509/565/549
f 1505/556/540 1506/559/543 1511/566/550 1510/564/548
f 1506/559/543 1507/561/545 1512/567/551 1511/566/550
f 1507/561/545 1508/563/547 1513/568/552 1512/567/551
f 1509/565/549 1510/564/548 1515/569/553 1514/570/554
f 1510/564/548 1511/566/550 1516/571/555 1515/569/553
f 1511/566/550 1512/567/551 1517/572/556 1516/571/555
f 1512/567/551 1513/568/552 1518/573/557 1517/572/556
f 1514/570/554 1515/569/553 1520/574/558 1519/575/559
f 1515/569/553 1516/571/555 1521/576/560 1520/574/558
f 1516/571/555 1517/572/556 1522/577/561 1521/576/560
f 1517/572/556 1518/573/557 1523/578/562 1522/577/561
f 14/544/563 303/543/564 1499/554/538 323/579/565
f 309/580/566 1503/562/546 299/540/567 50/539/568
f 51/581/569 314/582/570 1523/578/562 313/583/571
f 319/584/572 1519/575/559 318/585/573 15/586/574
f 303/543/564 302/552/575 1500/555/539 1499/554/538
f 310/587/576 1508/563/547 1503/562/546 309/580/566
f 314/582/570 315/588/577 1522/577/561 1523/578/562
f 320/589/578 1514/570/554 1519/575/559 319/584/572
f 302/552/575 301/549/579 1501/558/542 1500/555/539
f 311/590/580 1513/568/552 1508/563/547 310/587/576
f 315/588/577 316/591/579 1521/576/560 1522/577/561
f 321/592/581 1509/565/549 1514/570/554 320/589/578
f 301/549/579 300/546/582 1502/560/544 1501/558/542
f 312/593/583 1518/573/557 1513/568/552 311/590/580
f 316/591/579 317/594/584 1520/574/558 1521/576/560
f 322/595/585 1504/557/541 1509/565/549 321/592/581
f 300/546/582 299/540/567 1503/562/546 1502/560/544
f 313/583/571 1523/578/562 1518/573/557 312/593/583
f 317/594/584 318/585/573 1519/575/559 1520/574/558
f 323/579/565 1499/554/538 1504/557/541 322/595/585
f 1524/596/586 1525/597/587 1530/598/588 1529/599/589
f 1525/597/587 1526/600/590 1531/601/591 1530/598/588
f 1526/600/590 1527/602/592 1532/603/593 1531/601/591
f 1527/602/592 1528/604/594 1533/605/595 1532/603/593
f 1529/599/589 1530/598/588 1535/606/596 1534/607/597
f 1530/598/588 1531/601/591 1536/608/598 1535/606/596
f 1531/601/591 1532/603/593 1537/609/599 1536/608/598
f 1532/603/593 1533/605/595 1538/610/600 1537/609/599
f 1534/607/597 1535/606/596 1540/611/601 1539/612/602
f 1535/606/596 1536/608/598 1541/613/603 1540/611/601
f 1536/608/598 1537/609/599 1542/614/604 1541/613/603
f 1537/609/599 1538/610/600 1543/615/605 1542/614/604
f 1539/612/602 1540/611/601 1545/616/606 1544/617/607
f 1540/611/601 1541/613/603 1546/618/608 1545/616/606
f 1541/613/603 1542/614/604 1547/619/609 1546/618/608
f 1542/614/604 1543/615/605 1548/620/610 1547/619/609
f 15/586/611 318/585/612 1524/596/586 338/621/613
f 324/622/614 1528/604/594 314/582/615 51/581/616
f 52/623/617 329/624/618 1548/620/610 328/625/619
f 334/626/620 1544/617/607 333/627/621 16/628/611
f 318/585/612 317/594/622 1525/597/587 1524/596/586
f 325/629/623 1533/605/595 1528/604/594 324/622/614
f 329/624/618 330/630/624 1547/619/609 1548/620/610
f 335/631/625 1539/612/602 1544/617/607 334/626/620
f 317/594/622 316/591/626 1526/600/590 1525/597/587
f 326/632/627 1538/610/600 1533/605/595 325/629/623
f 330/630/624 331/633/628 1546/618/608 1547/619/609
f 336/634/629 1534/607/597 1539/612/602 335/631/625
f 316/591/626 315/588/630 1527/602/592 1526/600/590
f 327/635/631 1543/615/605 1538/610/600 326/632/627
f 331/633/628 332/636/632 1545/616/606 1546/618/608
f 337/637/633 1529/599/589 1534/607/597 336/634/629
f 315/588/630 314/582/615 1528/604/594 1527/602/592
f 328/625/619 1548/620/610 1543/615/605 327/635/631
f 332/636/632 333/627/621 1544/617/607 1545/616/606
f 338/621/613 1524/596/586 1529/599/589 337/637/633
f 1549/638/634 1550/639/635 1555/640/636 1554/641/637
f 1550/639/635 1551/642/638 1556/643/639 1555/640/636
f 1551/642/638 1552/644/640 1557/645/641 1556/643/639
f 1552/644/640 1553/646/642 1558/647/643 1557/645/641
f 1554/641/637 1555/640/636 1560/648/644 1559/649/645
f 1555/640/636 1556/643/639 1561/650/646 1560/648/644
f 1556/643/639 1557/645/641 1562/651/647 1561/650/646
f 1557/645/641 1558/647/643 1563/652/648 1562/651/647
f 1559/649/645 1560/648/644 1565/653/649 1564/654/650
f 1560/648/644 1561/650/646 1566/655/651 1565/653/649
f 1561/650/646 1562/651/647 1567/656/652 1566/655/651
f 1562/651/647 1563/652/648 1568/657/653 1567/656/652
f 1564/654/650 1565/653/649 1570/658/654 1569/659/655
f 1565/653/649 1566/655/651 1571/660/656 1570/658/654
f 1566/655/651 1567/656/652 1572/661/657 1571/660/656
f 1567/656/652 1568/657/653 1573/662/658 1572/661/657
f 16/628/659 333/627/660 1549/638/634 353/663/661
f 339/664/662 1553/646/642 329/624/663 52/623/664
f 53/665/665 344/666/666 1573/662/658 343/667/667
f 349/668/668 1569/659/655 348/669/669 17/670/670
f 333/627/660 332/636/671 1550/639/635 1549/638/634
f 340/671/672 1558/647/643 1553/646/642 339/664/662
f 344/666/666 345/672/673 1572/661/657 1573/662/658
f 350/673/674 1564/654/650 1569/659/655 349/668/668
f 332/636/671 331/633/675 1551/642/638 1550/639/635
f 341/674/676 1563/652/648 1558/647/643 340/671/672
f 345/672/673 346/675/677 1571/660/656 1572/661/657
f 351/676/678 1559/649/645 1564/654/650 350/673/674
f 331/633/675 330/630/679 1552/644/640 1551/642/638
f 342/677/680 1568/657/653 1563/652/648 341/674/676
f 346/675/677 347/678/681 1570/658/654 1571/660/656
f 352/679/682 1554/641/637 1559/649/645 351/676/678
f 330/630/679 329/624/663 1553/646/642 1552/644/640
f 343/667/667 1573/662/658 1568/657/653 342/677/680
f 347/678/681 348/669/669 1569/659/655 1570/658/654
f 353/663/661 1549/638/634 1554/641/637 352/679/682
f 1574/680/683 1575/681/684 1580/682/685 1579/683/686
f 1575/681/684 1576/684/687 1581/685/688 1580/682/685
f 1576/684/687 1577/686/689 1582/687/690 1581/685/688
f 1577/686/689 1578/688/691 1583/689/692 1582/687/690
f 1579/683/686 1580/682/685 1585/690/693 1584/691/694
f 1580/682/685 1581/685/688 1586/692/695 1585/690/693
f 1581/685/688 1582/687/690 1587/693/696 1586/692/695
f 1582/687/690 1583/689/692 1588/694/697 1587/693/696
f 1584/691/694 1585/690/693 1590/695/698 1589/696/699
f 1585/690/693 1586/692/695 1591/697/700 1590/695/698
f 1586/692/695 1587/693/696 1592/698/701 1591/697/700
f 1587/693/696 1588/694/697 1593/699/702 1592/698/701
f 1589/696/699 1590/695/698 1595/700/703 1594/701/704
f 1590/695/698 1591/697/700 1596/702/705 1595/700/703
f 1591/697/700 1592/698/701 1597/703/706 1596/702/705
f 1592/698/701 1593/699/702 1598/704/707 1597/703/706
f 17/670/708 348/669/709 1574/680/683 368/705/710
f 354/706/711 1578/688/691 344/666/712 53/665/713
f 54/707/713 359/708/714 1598/704/707 358/709/711
f 364/710/710 1594/701/704 363/711/715 18/712/708
f 348/669/709 347/678/716 1575/681/684 1574/680/683
f 355/713/717 1583/689/692 1578/688/691 354/706/711
f 359/708/714 360/714/718 1597/703/706 1598/704/707
f 365/715/719 1589/696/699 1594/701/704 364/710/710
f 347/678/716 346/675/720 1576/684/687 1575/681/684
f 356/716/721 1588/694/697 1583/689/692 355/713/717
f 360/714/718 361/717/720 1596/702/705 1597/703/706
f 366/718/722 1584/691/694 1589/696/699 365/715/719
f 346/675/720 345/672/723 1577/686/689 1576/684/687
f 357/719/717 1593/699/702 1588/694/697 356/716/721
f 361/717/720 362/720/724 1595/700/703 1596/702/705
f 367/721/719 1579/683/686 1584/691/694 366/718/722
f 345/672/723 344/666/712 1578/688/691 1577/686/689
f 358/709/711 1598/704/707 1593/699/702 357/719/717
f 362/720/724 363/711/715 1594/701/704 1595/700/703
f 368/705/710 1574/680/683 1579/683/686 367/721/719
f 1599/722/725 1600/723/726 1605/724/727 1604/725/728
f 1600/723/726 1601/726/729 1606/727/730 1605/724/727
f 1601/726/729 1602/728/731 1607/729/732 1606/727/730
f 1602/728/731 1603/730/733 1608/731/734 1607/729/732
f 1604/725/728 1605/724/727 1610/732/735 1609/733/736
f 1605/724/727 1606/727/730 1611/734/737 1610/732/735
f 1606/727/730 1607/729/732 1612/735/738 1611/734/737
f 1607/729/732 1608/731/734 1613/736/739 1612/735/738
f 1609/733/736 1610/732/735 1615/737/740 1614/738/741
f 1610/732/735 1611/734/737 1616/739/742 1615/737/740
f 1611/734/737 1612/735/738 1617/740/743 1616/739/742
f 1612/735/738 1613/736/739 1618/741/744 1617/740/743
f 1614/738/741 1615/737/740 1620/742/745 1619/743/746
f 1615/737/740 1616/739/742 1621/744/747 1620/742/745
f 1616/739/742 1617/740/743 1622/745/748 1621/744/747
f 1617/740/743 1618/741/744 1623/746/749 1622/745/748
f 18/712/750 363/711/751 1599/722/725 383/747/752
f 369/748/753 1603/730/733 359/708/754 54/707/755
f 55/749/756 374/750/757 1623/746/749 373/751/758
f 379/752/759 1619/743/746 378/753/760 19/754/761
f 363/711/751 362/720/762 1600/723/726 1599/722/725
f 370/755/763 1608/731/734 1603/730/733 369/748/753
f 374/750/757 375/756/764 1622/745/748 1623/746/749
f 380/757/765 1614/738/741 1619/743/746 379/752/759
f 362/720/762 361/717/766 1601/726/729 1600/723/726
f 371/758/767 1613/736/739 1608/731/734 370/755/763
f 375/756/764 376/759/768 1621/744/747 1622/745/748
f 381/760/769 1609/733/736 1614/738/741 380/757/765
f 361/717/766 360/714/770 1602/728/731 1601/726/729
f 372/761/771 1618/741/744 1613/736/739 371/758/767
f 376/759/768 377/762/772 1620/742/745 1621/744/747
f 382/763/773 1604/725/728 1609/733/736 381/760/769
f 360/714/770 359/708/754 1603/730/733 1602/728/731
f 373/751/758 1623/746/749 1618/741/744 372/761/771
f 377/762/772 378/753/760 1619/743/746 1620/742/745
f 383/747/752 1599/722/725 1604/725/728 382/763/773
f 1624/764/774 1625/765/775 1630/766/776 1629/767/777
f 1625/765/775 1626/768/778 1631/769/779 1630/766/776
f 1626/768/778 1627/770/780 1632/771/781 1631/769/779
f 1627/770/780 1628/772/782 1633/773/783 1632/771/781
f 1629/767/777 1630/766/776 1635/774/784 1634/775/785
f 1630/766/776 1631/769/779 1636/776/786 1635/774/784
f 1631/769/779 1632/771/781 1637/777/787 1636/776/786
f 1632/771/781 1633/773/783 1638/778/788 1637/777/787
f 1634/775/785 1635/774/784 1640/779/789 1639/780/790
f 1635/774/784 1636/776/786 1641/781/791 1640/779/789
f 1636/776/786 1637/777/787 1642/782/792 1641/781/791
f 1637/777/787 1638/778/788 1643/783/793 1642/782/792
f 1639/780/790 1640/779/789 1645/784/794 1644/785/795
f 1640/779/789 1641/781/791 1646/786/796 1645/784/794
f 1641/781/791 1642/782/792 1647/787/797 1646/786/796
f 1642/782/792 1643/783/793 1648/788/798 1647/787/797
f 19/754/799 378/753/800 1624/764/774 398/789/801
f 384/790/802 1628/772/782 374/750/803 55/749/804
f 56/791/804 389/792/805 1648/788/798 388/793/806
f 394/794/807 1644/785/795 393/795/808 20/796/799
f 378/753/800 377/762/809 1625/765/775 1624/764/774
f 385/797/810 1633/773/783 1628/772/782 384/790/802
f 389/792/805 390/798/811 1647/787/797 1648/788/798
f 395/799/812 1639/780/790 1644/785/795 394/794/807
f 377/762/809 376/759/813 1626/768/778 1625/765/775
f 386/800/814 1638/778/788 1633/773/783 385/797/810
f 390/798/811 391/801/815 1646/786/796 1647/787/797
f 396/802/816 1634/775/785 1639/780/790 395/799/812
f 376/759/813 375/756/817 1627/770/780 1626/768/778
f 387/803/818 1643/783/793 1638/778/788 386/800/814
f 391/801/815 392/804/819 1645/784/794 1646/786/796
f 397/805/820 1629/767/777 1634/775/785 396/802/816
f 375/756/817 374/750/803 1628/772/782 1627/770/780
f 388/793/806 1648/788/798 1643/783/793 387/803/818
f 392/804/819 393/795/808 1644/785/795 1645/784/794
f 398/789/801 1624/764/774 1629/767/777 397/805/820
f 1649/806/821 1650/807/822 1655/808/823 1654/809/824
f 1650/807/822 1651/810/825 1656/811/826 1655/808/823
f 1651/810/825 1652/812/827 1657/813/828 1656/811/826
f 1652/812/827 1653/814/829 1658/815/830 1657/813/828
f 1654/809/824 1655/808/823 1660/816/831 1659/817/832
f 1655/808/823 1656/811/826 1661/818/833 1660/816/831
f 1656/811/826 1657/813/828 1662/819/834 1661/818/833
f 1657/813/828 1658/815/830 1663/820/835 1662/819/834
f 1659/817/832 1660/816/831 1665/821/836 1664/822/837
f 1660/816/831 1661/818/833 1666/823/838 1665/821/836
f 1661/818/833 1662/819/834 1667/824/839 1666/823/838
f 1662/819/834 1663/820/835 1668/825/840 1667/824/839
f 1664/822/837 1665/821/836 1670/826/841 1669/827/842
f 1665/821/836 1666/823/838 1671/828/843 1670/826/841
f 1666/823/838 1667/824/839 1672/829/844 1671/828/843
f 1667/824/839 1668/825/840 1673/830/845 1672/829/844
f 20/796/846 393/795/847 1649/806/821 413/831/848
f 399/832/849 1653/814/829 389/792/850 56/791/851
f 57/833/852 404/834/853 1673/830/845 403/835/854
f 409/836/659 1669/827/842 408/837/855 21/838/856
f 393/795/847 392/804/857 1650/807/822 1649/806/821
f 400/839/858 1658/815/830 1653/814/829 399/832/849
f 404/834/853 405/840/859 1672/829/844 1673/830/845
f 410/841/860 1664/822/837 1669/827/842 409/836/659
f 392/804/857 391/801/861 1651/810/825 1650/807/822
f 401/842/862 1663/820/835 1658/815/830 400/839/858
f 405/840/859 406/843/863 1671/828/843 1672/829/844
f 411/844/864 1659/817/832 1664/822/837 410/841/860
f 391/801/861 390/798/865 1652/812/827 1651/810/825
f 402/845/866 1668/825/840 1663/820/835 401/842/862
f 406/843/863 407/846/867 1670/826/841 1671/828/843
f 412/847/868 1654/809/824 1659/817/832 411/844/864
f 390/798/865 389/792/850 1653/814/829 1652/812/827
f 403/835/854 1673/830/845 1668/825/840 402/845/866
f 407/846/867 408/837/855 1669/827/842 1670/826/841
f 413/831/848 1649/806/821 1654/809/824 412/847/868
f 1674/848/869 1675/849/870 1680/850/871 1679/851/872
f 1675/849/870 1676/852/873 1681/853/874 1680/850/871
f 1676/852/873 1677/854/875 1682/855/876 1681/853/874
f 1677/854/875 1678/856/877 1683/857/878 1682/855/876
f 1679/851/872 1680/850/871 1685/858/879 1684/859/880
f 1680/850/871 1681/853/874 1686/860/881 1685/858/879
f 1681/853/874 1682/855/876 1687/861/882 1686/860/881
f 1682/855/876 1683/857/878 1688/862/883 1687/861/882
f 1684/859/880 1685/858/879 1690/863/884 1689/864/885
f 1685/858/879 1686/860/881 1691/865/886 1690/863/884
f 1686/860/881 1687/861/882 1692/866/887 1691/865/886
f 1687/861/882 1688/862/883 1693/867/888 1692/866/887
f 1689/864/885 1690/863/884 1695/868/889 1694/869/890
f 1690/863/884 1691/865/886 1696/870/891 1695/868/889
f 1691/865/886 1692/866/887 1697/871/892 1696/870/891
f 1692/866/887 1693/867/888 1698/872/893 1697/871/892
f 21/838/894 408/837/895 1674/848/869 428/873/896
f 414/874/897 1678/856/877 404/834/898 57/833/899
f 58/875/900 419/876/901 1698/872/893 418/877/902
f 424/878/903 1694/869/890 423/879/904 22/880/905
f 408/837/895 407/846/906 1675/849/870 1674/848/869
f 415/881/907 1683/857/878 1678/856/877 414/874/897
f 419/876/901 420/882/908 1697/871/892 1698/872/893
f 425/883/909 1689/864/885 1694/869/890 424/878/903
f 407/846/906 406/843/910 1676/852/873 1675/849/870
f 416/884/911 1688/862/883 1683/857/878 415/881/907
f 420/882/908 421/885/912 1696/870/891 1697/871/892
f 426/886/913 1684/859/880 1689/864/885 425/883/909
f 406/843/910 405/840/914 1677/854/875 1676/852/873
f 417/887/915 1693/867/888 1688/862/883 416/884/911
f 421/885/912 422/888/916 1695/868/889 1696/870/891
f 427/889/917 1679/851/872 1684/859/880 426/886/913
f 405/840/914 404/834/898 1678/856/877 1677/854/875
f 418/877/902 1698/872/893 1693/867/888 417/887/915
f 422/888/916 423/879/904 1694/869/890 1695/868/889
f 428/873/896 1674/848/869 1679/851/872 427/889/917
f 1699/890/918 1700/891/919 1705/892/920 1704/893/921
f 1700/891/919 1701/894/922 1706/895/923 1705/892/920
f 1701/894/922 1702/896/924 1707/897/925 1706/895/923
f 1702/896/924 1703/898/926 1708/899/927 1707/897/925
f 1704/893/921 1705/892/920 1710/900/928 1709/901/929
f 1705/892/920 1706/895/923 1711/902/930 1710/900/928
f 1706/895/923 1707/897/925 1712/903/931 1711/902/930
f 1707/897/925 1708/899/927 1713/904/932 1712/903/931
f 1709/901/929 1710/900/928 1715/905/933 1714/906/934
f 1710/900/928 1711/902/930 1716/907/935 1715/905/933
f 1711/902/930 1712/903/931 1717/908/936 1716/907/935
f 1712/903/931 1713/904/932 1718/909/937 1717/908/936
f 1714/906/934 1715/905/933 1720/910/938 1719/911/939
f 1715/905/933 1716/907/935 1721/912/940 1720/910/938
f 1716/907/935 1717/908/936 1722/913/941 1721/912/940
f 1717/908/936 1718/909/937 1723/914/942 1722/913/941
f 22/880/943 423/879/944 1699/890/918 443/915/945
f 429/916/946 1703/898/926 419/876/947 58/875/948
f 59/917/949 434/918/950 1723/914/942 433/919/951
f 439/920/952 1719/911/939 438/921/953 23/922/954
f 423/879/944 422/888/955 1700/891/919 1699/890/918
f 430/923/956 1708/899/927 1703/898/926 429/916/946
f 434/918/950 435/924/957 1722/913/941 1723/914/942
f 440/925/958 1714/906/934 1719/911/939 439/920/952
f 422/888/955 421/885/959 1701/894/922 1700/891/919
f 431/926/960 1713/904/932 1708/899/927 430/923/956
f 435/924/957 436/927/961 1721/912/940 1722/913/941
f 441/928/962 1709/901/929 1714/906/934 440/925/958
f 421/885/959 420/882/963 1702/896/924 1701/894/922
f 432/929/964 1718/909/937 1713/904/932 431/926/960
f 436/927/961 437/930/965 1720/910/938 1721/912/940
f 442/931/966 1704/893/921 1709/901/929 441/928/962
f 420/882/963 419/876/947 1703/898/926 1702/896/924
f 433/919/951 1723/914/942 1718/909/937 432/929/964
f 437/930/965 438/921/953 1719/911/939 1720/910/938
f 443/915/945 1699/890/918 1704/893/921 442/931/966
f 1724/932/2 1725/933/3 1730/934/3 1729/935/2
f 1725/933/3 1726/936/4 1731/937/4 1730/934/3
f 1726/936/4 1727/938/5 1732/939/5 1731/937/4
f 1727/938/5 1728/940/6 1733/941/6 1732/939/5
f 1729/935/2 1730/934/3 1735/942/3 1734/943/2
f 1730/934/3 1731/937/4 1736/944/4 1735/942/3
f 1731/937/4 1732/939/5 1737/945/5 1736/944/4
f 1732/939/5 1733/941/6 1738/946/6 1737/945/5
f 1734/943/2 1735/942/3 1740/947/3 1739/948/2
f 1735/942/3 1736/944/4 1741/949/4 1740/947/3
f 1736/944/4 1737/945/5 1742/950/5 1741/949/4
f 1737/945/5 1738/946/6 1743/951/6 1742/950/5
f 1739/948/2 1740/947/3 1745/952/3 1744/953/2
f 1740/947/3 1741/949/4 1746/954/4 1745/952/3
f 1741/949/4 1742/950/5 1747/955/5 1746/954/4
f 1742/950/5 1743/951/6 1748/956/6 1747/955/5
f 23/922/7 438/921/2 1724/932/2 458/957/7
f 444/958/8 1728/940/6 434/918/6 59/917/8
f 60/959/8 449/960/6 1748/956/6 448/961/8
f 454/962/7 1744/953/2 453/963/2 24/964/7
f 438/921/2 437/930/3 1725/933/3 1724/932/2
f 445/965/8 1733/941/6 1728/940/6 444/958/8
f 449/960/6 450/966/5 1747/955/5 1748/956/6
f 455/967/7 1739/948/2 1744/953/2 454/962/7
f 437/930/3 436/927/4 1726/936/4 1725/933/3
f 446/968/8 1738/946/6 1733/941/6 445/965/8
f 450/966/5 451/969/4 1746/954/4 1747/955/5
f 456/970/7 1734/943/2 1739/948/2 455/967/7
f 436/927/4 435/924/5 1727/938/5 1726/936/4
f 447/971/8 1743/951/6 1738/946/6 446/968/8
f 451/969/4 452/972/3 1745/952/3 1746/954/4
f 457/973/7 1729/935/2 1734/943/2 456/970/7
f 435/924/5 434/918/6 1728/940/6 1727/938/5
f 448/961/8 1748/956/6 1743/951/6 447/971/8
f 452/972/3 453/963/2 1744/953/2 1745/952/3
f 458/957/7 1724/932/2 1729/935/2 457/973/7
f 1749/974/967 1750/975/968 1755/976/969 1754/977/970
f 1750/975/968 1751/978/971 1756/979/972 1755/976/969
f 1751/978/971 1752/980/973 1757/981/974 1756/979/972
f 1752/980/973 1753/982/975 1758/983/976 1757/981/974
f 1754/977/970 1755/976/969 1760/984/977 1759/985/978
f 1755/976/969 1756/979/972 1761/986/979 1760/984/977
f 1756/979/972 1757/981/974 1762/987/980 1761/986/979
f 1757/981/974 1758/983/976 1763/988/981 1762/987/980
f 1759/985/978 1760/984/977 1765/989/982 1764/990/983
f 1760/984/977 1761/986/979 1766/991/984 1765/989/982
f 1761/986/979 1762/987/980 1767/992/985 1766/991/984
f 1762/987/980 1763/988/981 1768/993/986 1767/992/985
f 1764/990/983 1765/989/982 1770/994/987 1769/995/988
f 1765/989/982 1766/991/984 1771/996/989 1770/994/987
f 1766/991/984 1767/992/985 1772/997/990 1771/996/989
f 1767/992/985 1768/993/986 1773/998/991 1772/997/990
f 24/964/992 453/963/993 1749/974/967 473/999/994
f 459/1000/995 1753/982/975 449/960/996 60/959/997
f 61/1001/998 464/1002/999 1773/998/991 463/1003/1000
f 469/1004/1001 1769/995/988 468/1005/1002 25/1006/1003
f 453/963/993 452/972/1004 1750/975/968 1749/974/967
f 460/1007/1005 1758/983/976 1753/982/975 459/1000/995
f 464/1002/999 465/1008/1006 1772/997/990 1773/998/991
f 470/1009/1007 1764/990/983 1769/995/988 469/1004/1001
f 452/972/1004 451/969/1008 1751/978/971 1750/975/968
f 461/1010/1009 1763/988/981 1758/983/976 460/1007/1005
f 465/1008/1006 466/1011/1010 1771/996/989 1772/997/990
f 471/1012/1011 1759/985/978 1764/990/983 470/1009/1007
f 451/969/1008 450/966/1012 1752/980/973 1751/978/971
f 462/1013/1013 1768/993/986 1763/988/981 461/1010/1009
f 466/1011/1010 467/1014/1014 1770/994/987 1771/996/989
f 472/1015/1015 1754/977/970 1759/985/978 471/1012/1011
f 450/966/1012 449/960/996 1753/982/975 1752/980/973
f 463/1003/1000 1773/998/991 1768/993/986 462/1013/1013
f 467/1014/1014 468/1005/1002 1769/995/988 1770/994/987
f 473/999/994 1749/974/967 1754/977/970 472/1015/1015
f 1774/1016/1016 1775/1017/1017 1780/1018/1018 1779/1019/1019
f 1775/1017/1017 1776/1020/1020 1781/1021/1021 1780/1018/1018
f 1776/1020/1020 1777/1022/1022 1782/1023/1023 1781/1021/1021
f 1777/1022/1022 1778/1024/1024 1783/1025/1025 1782/1023/1023
f 1779/1019/1019 1780/1018/1018 1785/1026/1026 1784/1027/1027
f 1780/1018/1018 1781/1021/1021 1786/1028/1028 1785/1026/1026
f 1781/1021/1021 1782/1023/1023 1787/1029/1029 1786/1028/1028
f 1782/1023/1023 1783/1025/1025 1788/1030/1030 1787/1029/1029
f 1784/1027/1027 1785/1026/1026 1790/1031/1031 1789/1032/1032
f 1785/1026/1026 1786/1028/1028 1791/1033/1033 1790/1031/1031
f 1786/1028/1028 1787/1029/1029 1792/1034/1034 1791/1033/1033
f 1787/1029/1029 1788/1030/1030 1793/1035/1035 1792/1034/1034
f 1789/1032/1032 1790/1031/1031 1795/1036/1036 1794/1037/1037
f 1790/1031/1031 1791/1033/1033 1796/1038/1038 1795/1036/1036
f 1791/1033/1033 1792/1034/1034 1797/1039/1039 1796/1038/1038
f 1792/1034/1034 1793/1035/1035 1798/1040/1040 1797/1039/1039
f 25/1006/1041 468/1005/1042 1774/1016/1016 488/1041/1043
f 474/1042/1044 1778/1024/1024 464/1002/1045 61/1001/1046
f 62/1043/1047 479/1044/1048 1798/1040/1040 478/1045/1049
f 484/1046/1050 1794/1037/1037 483/1047/1051 26/1048/1052
f 468/1005/1042 467/1014/1053 1775/1017/1017 1774/1016/1016
f 475/1049/1054 1783/1025/1025 1778/1024/1024 474/1042/1044
f 479/1044/1048 480/1050/1055 1797/1039/1039 1798/1040/1040
f 485/1051/1056 1789/1032/1032 1794/1037/1037 484/1046/1050
f 467/1014/1053 466/1011/1057 1776/1020/1020 1775/1017/1017
f 476/1052/1058 1788/1030/1030 1783/1025/1025 475/1049/1054
f 480/1050/1055 481/1053/1059 1796/1038/1038 1797/1039/1039
f 486/1054/1060 1784/1027/1027 1789/1032/1032 485/1051/1056
f 466/1011/1057 465/1008/1061 1777/1022/1022 1776/1020/1020
f 477/1055/1062 1793/1035/1035 1788/1030/1030 476/1052/1058
f 481/1053/1059 482/1056/1063 1795/1036/1036 1796/1038/1038
f 487/1057/1064 1779/1019/1019 1784/1027/1027 486/1054/1060
f 465/1008/1061 464/1002/1045 1778/1024/1024 1777/1022/1022
f 478/1045/1049 1798/1040/1040 1793/1035/1035 477/1055/1062
f 482/1056/1063 483/1047/1051 1794/1037/1037 1795/1036/1036
f 488/1041/1043 1774/1016/1016 1779/1019/1019 487/1057/1064
f 1799/1058/1065 1800/1059/1066 1805/1060/1067 1804/1061/1068
f 1800/1059/1066 1801/1062/1069 1806/1063/1070 1805/1060/1067
f 1801/1062/1069 1802/1064/1071 1807/1065/1072 1806/1063/1070
f 1802/1064/1071 1803/1066/1073 1808/1067/1074 1807/1065/1072
f 1804/1061/1068 1805/1060/1067 1810/1068/1075 1809/1069/1076
f 1805/1060/1067 1806/1063/1070 1811/1070/1077 1810/1068/1075
f 1806/1063/1070 1807/1065/1072 1812/1071/1078 1811/1070/1077
f 1807/1065/1072 1808/1067/1074 1813/1072/1079 1812/1071/1078
f 1809/1069/1076 1810/1068/1075 1815/1073/1080 1814/1074/1081
f 1810/1068/1075 1811/1070/1077 1816/1075/1082 1815/1073/1080
f 1811/1070/1077 1812/1071/1078 1817/1076/1083 1816/1075/1082
f 1812/1071/1078 1813/1072/1079 1818/1077/1084 1817/1076/1083
f 1814/1074/1081 1815/1073/1080 1820/1078/1085 1819/1079/1086
f 1815/1073/1080 1816/1075/1082 1821/1080/1087 1820/1078/1085
f 1816/1075/1082 1817/1076/1083 1822/1081/1088 1821/1080/1087
f 1817/1076/1083 1818/1077/1084 1823/1082/1089 1822/1081/1088
f 26/1048/1090 483/1047/1091 1799/1058/1065 503/1083/1092
f 489/1084/1093 1803/1066/1073 479/1044/1094 62/1043/1095
f 63/1085/1096 494/1086/1097 1823/1082/1089 493/1087/1098
f 499/1088/1099 1819/1079/1086 498/1089/1100 27/1090/1101
f 483/1047/1091 482/1056/1102 1800/1059/1066 1799/1058/1065
f 490/1091/1103 1808/1067/1074 1803/1066/1073 489/1084/1093
f 494/1086/1097 495/1092/1104 1822/1081/1088 1823/1082/1089
f 500/1093/1105 1814/1074/1081 1819/1079/1086 499/1088/1099
f 482/1056/1102 481/1053/1106 1801/1062/1069 1800/1059/1066
f 491/1094/1107 1813/1072/1079 1808/1067/1074 490/1091/1103
f 495/1092/1104 496/1095/1108 1821/1080/1087 1822/1081/1088
f 501/1096/1109 1809/1069/1076 1814/1074/1081 500/1093/1105
f 481/1053/1106 480/1050/1110 1802/1064/1071 1801/1062/1069
f 492/1097/1111 1818/1077/1084 1813/1072/1079 491/1094/1107
f 496/1095/1108 497/1098/1112 1820/1078/1085 1821/1080/1087
f 502/1099/1113 1804/1061/1068 1809/1069/1076 501/1096/1109
f 480/1050/1110 479/1044/1094 1803/1066/1073 1802/1064/1071
f 493/1087/1098 1823/1082/1089 1818/1077/1084 492/1097/1111
f 497/1098/1112 498/1089/1100 1819/1079/1086 1820/1078/1085
f 503/1083/1092 1799/1058/1065 1804/1061/1068 502/1099/1113
f 1824/1100/1114 1825/1101/1115 1830/1102/1116 1829/1103/1117
f 1825/1101/1115 1826/1104/1118 1831/1105/1119 1830/1102/1116
f 1826/1104/1118 1827/1106/1120 1832/1107/1121 1831/1105/1119
f 1827/1106/1120 1828/1108/1122 1833/1109/1123 1832/1107/1121
f 1829/1103/1117 1830/1102/1116 1835/1110/1124 1834/1111/1125
f 1830/1102/1116 1831/1105/1119 1836/1112/1126 1835/1110/1124
f 1831/1105/1119 1832/1107/1121 1837/1113/1127 1836/1112/1126
f 1832/1107/1121 1833/1109/1123 1838/1114/1128 1837/1113/1127
f 1834/1111/1125 1835/1110/1124 1840/1115/1129 1839/1116/1130
f 1835/1110/1124 1836/1112/1126 1841/1117/1131 1840/1115/1129
f 1836/1112/1126 1837/1113/1127 1842/1118/1132 1841/1117/1131
f 1837/1113/1127 1838/1114/1128 1843/1119/1133 1842/1118/1132
f 1839/1116/1130 1840/1115/1129 1845/1120/1134 1844/1121/1135
f 1840/1115/1129 1841/1117/1131 1846/1122/1136 1845/1120/1134
f 1841/1117/1131 1842/1118/1132 1847/1123/1137 1846/1122/1136
f 1842/1118/1132 1843/1119/1133 1848/1124/1138 1847/1123/1137
f 27/1090/1139 498/1089/1140 1824/1100/1114 518/1125/1141
f 504/1126/1142 1828/1108/1122 494/1086/1143 63/1085/1144
f 64/1127/1145 509/1128/1146 1848/1124/1138 508/1129/1147
f 514/1130/1148 1844/1121/1135 513/1131/1149 28/1132/1150
f 498/1089/1140 497/1098/1151 1825/1101/1115 1824/1100/1114
f 505/1133/1152 1833/1109/1123 1828/1108/1122 504/1126/1142
f 509/1128/1146 510/1134/1153 1847/1123/1137 1848/1124/1138
f 515/1135/1154 1839/1116/1130 1844/1121/1135 514/1130/1148
f 497/1098/1151 496/1095/1155 1826/1104/1118 1825/1101/1115
f 506/1136/1156 1838/1114/1128 1833/1109/1123 505/1133/1152
f 510/1134/1153 511/1137/1157 1846/1122/1136 1847/1123/1137
f 516/1138/1158 1834/1111/1125 1839/1116/1130 515/1135/1154
f 496/1095/1155 495/1092/1159 1827/1106/1120 1826/1104/1118
f 507/1139/1160 1843/1119/1133 1838/1114/1128 506/1136/1156
f 511/1137/1157 512/1140/1161 1845/1120/1134 1846/1122/1136
f 517/1141/1162 1829/1103/1117 1834/1111/1125 516/1138/1158
f 495/1092/1159 494/1086/1143 1828/1108/1122 1827/1106/1120
f 508/1129/1147 1848/1124/1138 1843/1119/1133 507/1139/1160
f 512/1140/1161 513/1131/1149 1844/1121/1135 1845/1120/1134
f 518/1125/1141 1824/1100/1114 1829/1103/1117 517/1141/1162
f 1849/1142/1163 1850/1143/1164 1855/1144/1165 1854/1145/1166
f 1850/1143/1164 1851/1146/1167 1856/1147/1168 1855/1144/1165
f 1851/1146/1167 1852/1148/1169 1857/1149/1170 1856/1147/1168
f 1852/1148/1169 1853/1150/1171 1858/1151/1172 1857/1149/1170
f 1854/1145/1166 1855/1144/1165 1860/1152/1173 1859/1153/1174
f 1855/1144/1165 1856/1147/1168 1861/1154/1175 1860/1152/1173
f 1856/1147/1168 1857/1149/1170 1862/1155/1176 1861/1154/1175
f 1857/1149/1170 1858/1151/1172 1863/1156/1177 1862/1155/1176
f 1859/1153/1174 1860/1152/1173 1865/1157/1178 1864/1158/1179
f 1860/1152/1173 1861/1154/1175 1866/1159/1180 1865/1157/1178
f 1861/1154/1175 1862/1155/1176 1867/1160/1181 1866/1159/1180
f 1862/1155/1176 1863/1156/1177 1868/1161/1182 1867/1160/1181
f 1864/1158/1179 1865/1157/1178 1870/1162/1183 1869/1163/1184
f 1865/1157/1178 1866/1159/1180 1871/1164/1185 1870/1162/1183
f 1866/1159/1180 1867/1160/1181 1872/1165/1186 1871/1164/1185
f 1867/1160/1181 1868/1161/1182 1873/1166/1187 1872/1165/1186
f 28/1132/1188 513/1131/1189 1849/1142/1163 533/1167/1190
f 519/1168/1191 1853/1150/1171 509/1128/1192 64/1127/1193
f 65/1169/1193 524/1170/1194 1873/1166/1187 523/1171/1195
f 529/1172/1196 1869/1163/1184 528/1173/1197 29/1174/1188
f 513/1131/1189 512/1140/1198 1850/1143/1164 1849/1142/1163
f 520/1175/1199 1858/1151/1172 1853/1150/1171 519/1168/1191
f 524/1170/1194 525/1176/1200 1872/1165/1186 1873/1166/1187
f 530/1177/1201 1864/1158/1179 1869/1163/1184 529/1172/1196
f 512/1140/1198 511/1137/1202 1851/1146/1167 1850/1143/1164
f 521/1178/1203 1863/1156/1177 1858/1151/1172 520/1175/1199
f 525/1176/1200 526/1179/1204 1871/1164/1185 1872/1165/1186
f 531/1180/1205 1859/1153/1174 1864/1158/1179 530/1177/1201
f 511/1137/1202 510/1134/1206 1852/1148/1169 1851/1146/1167
f 522/1181/1207 1868/1161/1182 1863/1156/1177 521/1178/1203
f 526/1179/1204 527/1182/1208 1870/1162/1183 1871/1164/1185
f 532/1183/1209 1854/1145/1166 1859/1153/1174 531/1180/1205
f 510/1134/1206 509/1128/1192 1853/1150/1171 1852/1148/1169
f 523/1171/1195 1873/1166/1187 1868/1161/1182 522/1181/1207
f 527/1182/1208 528/1173/1197 1869/1163/1184 1870/1162/1183
f 533/1167/1190 1849/1142/1163 1854/1145/1166 532/1183/1209
f 1874/1184/1210 1875/1185/1211 1880/1186/1212 1879/1187/1213
f 1875/1185/1211 1876/1188/1214 1881/1189/1215 1880/1186/1212
f 1876/1188/1214 1877/1190/1216 1882/1191/1217 1881/1189/1215
f 1877/1190/1216 1878/1192/1218 1883/1193/1219 1882/1191/1217
f 1879/1187/1213 1880/1186/1212 1885/1194/1220 1884/1195/1221
f 1880/1186/1212 1881/1189/1215 1886/1196/1222 1885/1194/1220
f 1881/1189/1215 1882/1191/1217 1887/1197/1223 1886/1196/1222
f 1882/1191/1217 1883/1193/1219 1888/1198/1224 1887/1197/1223
f 1884/1195/1221 1885/1194/1220 1890/1199/1225 1889/1200/1226
f 1885/1194/1220 1886/1196/1222 1891/1201/1227 1890/1199/1225
f 1886/1196/1222 1887/1197/1223 1892/1202/1228 1891/1201/1227
f 1887/1197/1223 1888/1198/1224 1893/1203/1229 1892/1202/1228
f 1889/1200/1226 1890/1199/1225 1895/1204/1230 1894/1205/1231
f 1890/1199/1225 1891/1201/1227 1896/1206/1232 1895/1204/1230
f 1891/1201/1227 1892/1202/1228 1897/1207/1233 1896/1206/1232
f 1892/1202/1228 1893/1203/1229 1898/1208/1234 1897/1207/1233
f 29/1174/1235 528/1173/1236 1874/1184/1210 548/1209/1237
f 534/1210/1238 1878/1192/1218 524/1170/1239 65/1169/1240
f 66/1211/1241 539/1212/1242 1898/1208/1234 538/1213/1243
f 544/1214/1244 1894/1205/1231 543/1215/1245 30/1216/1246
f 528/1173/1236 527/1182/1247 1875/1185/1211 1874/1184/1210
f 535/1217/1248 1883/1193/1219 1878/1192/1218 534/1210/1238
f 539/1212/1242 540/1218/1249 1897/1207/1233 1898/1208/1234
f 545/1219/1250 1889/1200/1226 1894/1205/1231 544/1214/1244
f 527/1182/1247 526/1179/1251 1876/1188/1214 1875/1185/1211
f 536/1220/1252 1888/1198/1224 1883/1193/1219 535/1217/1248
f 540/1218/1249 541/1221/1253 1896/1206/1232 1897/1207/1233
f 546/1222/1254 1884/1195/1221 1889/1200/1226 545/1219/1250
f 526/1179/1251 525/1176/1255 1877/1190/1216 1876/1188/1214
f 537/1223/1256 1893/1203/1229 1888/1198/1224 536/1220/1252
f 541/1221/1253 542/1224/1257 1895/1204/1230 1896/1206/1232
f 547/1225/1258 1879/1187/1213 1884/1195/1221 546/1222/1254
f 525/1176/1255 524/1170/1239 1878/1192/1218 1877/1190/1216
f 538/1213/1243 1898/1208/1234 1893/1203/1229 537/1223/1256
f 542/1224/1257 543/1215/1245 1894/1205/1231 1895/1204/1230
f 548/1209/1237 1874/1184/1210 1879/1187/1213 547/1225/1258
f 1899/1226/1259 1900/1227/1260 1905/1228/1261 1904/1229/1262
f 1900/1227/1260 1901/1230/1263 1906/1231/1264 1905/1228/1261
f 1901/1230/1263 1902/1232/1265 1907/1233/1266 1906/1231/1264
f 1902/1232/1265 1903/1234/1267 1908/1235/1268 1907/1233/1266
f 1904/1229/1262 1905/1228/1261 1910/1236/1269 1909/1237/1270
f 1905/1228/1261 1906/1231/1264 1911/1238/1271 1910/1236/1269
f 1906/1231/1264 1907/1233/1266 1912/1239/1272 1911/1238/1271
f 1907/1233/1266 1908/1235/1268 1913/1240/1273 1912/1239/1272
f 1909/1237/1270 1910/1236/1269 1915/1241/1274 1914/1242/1275
f 1910/1236/1269 1911/1238/1271 1916/1243/1276 1915/1241/1274
f 1911/1238/1271 1912/1239/1272 1917/1244/1277 1916/1243/1276
f 1912/1239/1272 1913/1240/1273 1918/1245/1278 1917/1244/1277
f 1914/1242/1275 1915/1241/1274 1920/1246/1279 1919/1247/1280
f 1915/1241/1274 1916/1243/1276 1921/1248/1281 1920/1246/1279
f 1916/1243/1276 1917/1244/1277 1922/1249/1282 1921/1248/1281
f 1917/1244/1277 1918/1245/1278 1923/1250/1283 1922/1249/1282
f 30/1216/1284 543/1215/1285 1899/1226/1259 563/1251/1286
f 549/1252/1287 1903/1234/1267 539/1212/1288 66/1211/1289
f 67/1253/1290 554/1254/1291 1923/1250/1283 553/1255/1292
f 559/1256/1293 1919/1247/1280 558/1257/1294 31/1258/1295
f 543/1215/1285 542/1224/1296 1900/1227/1260 1899/1226/1259
f 550/1259/1297 1908/1235/1268 1903/1234/1267 549/1252/1287
f 554/1254/1291 555/1260/1298 1922/1249/1282 1923/1250/1283
f 560/1261/1299 1914/1242/1275 1919/1247/1280 559/1256/1293
f 542/1224/1296 541/1221/1300 1901/1230/1263 1900/1227/1260
f 551/1262/1301 1913/1240/1273 1908/1235/1268 550/1259/1297
f 555/1260/1298 556/1263/1302 1921/1248/1281 1922/1249/1282
f 561/1264/1303 1909/1237/1270 1914/1242/1275 560/1261/1299
f 541/1221/1300 540/1218/1304 1902/1232/1265 1901/1230/1263
f 552/1265/1305 1918/1245/1278 1913/1240/1273 551/1262/1301
f 556/1263/1302 557/1266/1306 1920/1246/1279 1921/1248/1281
f 562/1267/1307 1904/1229/1262 1909/1237/1270 561/1264/1303
f 540/1218/1304 539/1212/1288 1903/1234/1267 1902/1232/1265
f 553/1255/1292 1923/1250/1283 1918/1245/1278 552/1265/1305
f 557/1266/1306 558/1257/1294 1919/1247/1280 1920/1246/1279
f 563/1251/1286 1899/1226/1259 1904/1229/1262 562/1267/1307
f 1924/1268/1308 1925/1269/1309 1930/1270/1310 1929/1271/1311
f 1925/1269/1309 1926/1272/1312 1931/1273/1313 1930/1270/1310
f 1926/1272/1312 1927/1274/1314 1932/1275/1315 1931/1273/1313
f 1927/1274/1314 1928/1276/1316 1933/1277/1317 1932/1275/1315
f 1929/1271/1311 1930/1270/1310 1935/1278/1318 1934/1279/1319
f 1930/1270/1310 1931/1273/1313 1936/1280/1320 1935/1278/1318
f 1931/1273/1313 1932/1275/1315 1937/1281/1321 1936/1280/1320
f 1932/1275/1315 1933/1277/1317 1938/1282/1322 1937/1281/1321
f 1934/1279/1319 1935/1278/1318 1940/1283/1323 1939/1284/1324
f 1935/1278/1318 1936/1280/1320 1941/1285/1313 1940/1283/1323
f 1936/1280/1320 1937/1281/1321 1942/1286/1325 1941/1285/1313
f 1937/1281/1321 1938/1282/1322 1943/1287/1326 1942/1286/1325
f 1939/1284/1324 1940/1283/1323 1945/1288/1327 1944/1289/1328
f 1940/1283/1323 1941/1285/1313 1946/1290/1312 1945/1288/1327
f 1941/1285/1313 1942/1286/1325 1947/1291/1329 1946/1290/1312
f 1942/1286/1325 1943/1287/1326 1948/1292/1330 1947/1291/1329
f 31/1258/1331 558/1257/1332 1924/1268/1308 578/1293/1333
f 564/1294/1334 1928/1276/1316 554/1254/1335 67/1253/1336
f 68/1295/1336 569/1296/1337 1948/1292/1330 568/1297/1334
f 574/1298/1333 1944/1289/1328 573/1299/1338 32/1300/1331
f 558/1257/1332 557/1266/1339 1925/1269/1309 1924/1268/1308
f 565/1301/1340 1933/1277/1317 1928/1276/1316 564/1294/1334
f 569/1296/1337 570/1302/1341 1947/1291/1329 1948/1292/1330
f 575/1303/1342 1939/1284/1324 1944/1289/1328 574/1298/1333
f 557/1266/1339 556/1263/1343 1926/1272/1312 1925/1269/1309
f 566/1304/1344 1938/1282/1322 1933/1277/1317 565/1301/1340
f 570/1302/1341 571/1305/1343 1946/1290/1312 1947/1291/1329
f 576/1306/1345 1934/1279/1319 1939/1284/1324 575/1303/1342
f 556/1263/1343 555/1260/1346 1927/1274/1314 1926/1272/1312
f 567/1307/1340 1943/1287/1326 1938/1282/1322 566/1304/1344
f 571/1305/1343 572/1308/1347 1945/1288/1327 1946/1290/1312
f 577/1309/1342 1929/1271/1311 1934/1279/1319 576/1306/1345
f 555/1260/1346 554/1254/1335 1928/1276/1316 1927/1274/1314
f 568/1297/1334 1948/1292/1330 1943/1287/1326 567/1307/1340
f 572/1308/1347 573/1299/1338 1944/1289/1328 1945/1288/1327
f 578/1293/1333 1924/1268/1308 1929/1271/1311 577/1309/1342
f 1949/1310/1348 1950/1311/1349 1955/1312/1350 1954/1313/1351
f 1950/1311/1349 1951/1314/1352 1956/1315/1353 1955/1312/1350
f 1951/1314/1352 1952/1316/1354 1957/1317/1355 1956/1315/1353
f 1952/1316/1354 1953/1318/1356 1958/1319/1357 1957/1317/1355
f 1954/1313/1351 1955/1312/1350 1960/1320/1358 1959/1321/1359
f 1955/1312/1350 1956/1315/1353 1961/1322/1360 1960/1320/1358
f 1956/1315/1353 1957/1317/1355 1962/1323/1361 1961/1322/1360
f 1957/1317/1355 1958/1319/1357 1963/1324/1362 1962/1323/1361
f 1959/1321/1359 1960/1320/1358 1965/1325/1363 1964/1326/1364
f 1960/1320/1358 1961/1322/1360 1966/1327/1365 1965/1325/1363
f 1961/1322/1360 1962/1323/1361 1967/1328/1366 1966/1327/1365
f 1962/1323/1361 1963/1324/1362 1968/1329/1367 1967/1328/1366
f 1964/1326/1364 1965/1325/1363 1970/1330/1368 1969/1331/1369
f 1965/1325/1363 1966/1327/1365 1971/1332/1370 1970/1330/1368
f 1966/1327/1365 1967/1328/1366 1972/1333/1371 1971/1332/1370
f 1967/1328/1366 1968/1329/1367 1973/1334/1372 1972/1333/1371
f 32/1300/1373 573/1299/1374 1949/1310/1348 593/1335/1375
f 579/1336/1376 1953/1318/1356 569/1296/1377 68/1295/1378
f 69/1337/1379 584/1338/1380 1973/1334/1372 583/1339/1381
f 589/1340/1382 1969/1331/1369 588/1341/1383 33/1342/1384
f 573/1299/1374 572/1308/1385 1950/1311/1349 1949/1310/1348
f 580/1343/1386 1958/1319/1357 1953/1318/1356 579/1336/1376
f 584/1338/1380 585/1344/1387 1972/1333/1371 1973/1334/1372
f 590/1345/1388 1964/1326/1364 1969/1331/1369 589/1340/1382
f 572/1308/1385 571/1305/1389 1951/1314/1352 1950/1311/1349
f 581/1346/1390 1963/1324/1362 1958/1319/1357 580/1343/1386
f 585/1344/1387 586/1347/1391 1971/1332/1370 1972/1333/1371
f 591/1348/1392 1959/1321/1359 1964/1326/1364 590/1345/1388
f 571/1305/1389 570/1302/1393 1952/1316/1354 1951/1314/1352
f 582/1349/1394 1968/1329/1367 1963/1324/1362 581/1346/1390
f 586/1347/1391 587/1350/1395 1970/1330/1368 1971/1332/1370
f 592/1351/1396 1954/1313/1351 1959/1321/1359 591/1348/1392
f 570/1302/1393 569/1296/1377 1953/1318/1356 1952/1316/1354
f 583/1339/1381 1973/1334/1372 1968/1329/1367 582/1349/1394
f 587/1350/1395 588/1341/1383 1969/1331/1369 1970/1330/1368
f 593/1335/1375 1949/1310/1348 1954/1313/1351 592/1351/1396
f 1974/1352/2 1975/1353/3 1980/1354/3 1979/1355/2
f 1975/1353/3 1976/1356/4 1981/1357/4 1980/1354/3
f 1976/1356/4 1977/1358/5 1982/1359/5 1981/1357/4
f 1977/1358/5 1978/1360/6 1983/1361/6 1982/1359/5
f 1979/1355/2 1980/1354/3 1985/1362/3 1984/1363/2
f 1980/1354/3 1981/1357/4 1986/1364/4 1985/1362/3
f 1981/1357/4 1982/1359/5 1987/1365/5 1986/1364/4
f 1982/1359/5 1983/1361/6 1988/1366/6 1987/1365/5
f 1984/1363/2 1985/1362/3 1990/1367/3 1989/1368/2
f 1985/1362/3 1986/1364/4 1991/1369/4 1990/1367/3
f 1986/1364/4 1987/1365/5 1992/1370/5 1991/1369/4
f 1987/1365/5 1988/1366/6 1993/1371/6 1992/1370/5
f 1989/1368/2 1990/1367/3 1995/1372/3 1994/1373/2
f 1990/1367/3 1991/1369/4 1996/1374/4 1995/1372/3
f 1991/1369/4 1992/1370/5 1997/1375/5 1996/1374/4
f 1992/1370/5 1993/1371/6 1998/1376/6 1997/1375/5
f 33/1342/7 588/1341/2 1974/1352/2 608/1377/7
f 594/1378/8 1978/1360/6 584/1338/6 69/1337/8
f 70/1379/8 599/1380/6 1998/1376/6 598/1381/8
f 604/1382/7 1994/1373/2 603/1383/2 34/1384/7
f 588/1341/2 587/1350/3 1975/1353/3 1974/1352/2
f 595/1385/8 1983/1361/6 1978/1360/6 594/1378/8
f 599/1380/6 600/1386/5 1997/1375/5 1998/1376/6
f 605/1387/7 1989/1368/2 1994/1373/2 604/1382/7
f 587/1350/3 586/1347/4 1976/1356/4 1975/1353/3
f 596/1388/8 1988/1366/6 1983/1361/6 595/1385/8
f 600/1386/5 601/1389/4 1996/1374/4 1997/1375/5
f 606/1390/7 1984/1363/2 1989/1368/2 605/1387/7
f 586/1347/4 585/1344/5 1977/1358/5 1976/1356/4
f 597/1391/8 1993/1371/6 1988/1366/6 596/1388/8
f 601/1389/4 602/1392/3 1995/1372/3 1996/1374/4
f 607/1393/7 1979/1355/2 1984/1363/2 606/1390/7
f 585/1344/5 584/1338/6 1978/1360/6 1977/1358/5
f 598/1381/8 1998/1376/6 1993/1371/6 597/1391/8
f 602/1392/3 603/1383/2 1994/1373/2 1995/1372/3
f 608/1377/7 1974/1352/2 1979/1355/2 607/1393/7
f 1999/1394/1397 2000/1395/1398 2005/1396/1399 2004/1397/1400
f 2000/1395/1398 2001/1398/1401 2006/1399/1402 2005/1396/1399
f 2001/1398/1401 2002/1400/1403 2007/1401/1404 2006/1399/1402
f 2002/1400/1403 2003/1402/1405 2008/1403/1406 2007/1401/1404
f 2004/1397/1400 2005/1396/1399 2010/1404/1407 2009/1405/1408
f 2005/1396/1399 2006/1399/1402 2011/1406/1409 2010/1404/1407
f 2006/1399/1402 2007/1401/1404 2012/1407/1410 2011/1406/1409
f 2007/1401/1404 2008/1403/1406 2013/1408/1411 2012/1407/1410
f 2009/1405/1408 2010/1404/1407 2015/1409/1412 2014/1410/1413
f 2010/1404/1407 2011/1406/1409 2016/1411/1414 2015/1409/1412
f 2011/1406/1409 2012/1407/1410 2017/1412/1415 2016/1411/1414
f 2012/1407/1410 2013/1408/1411 2018/1413/1416 2017/1412/1415
f 2014/1410/1413 2015/1409/1412 2020/1414/1417 2019/1415/1418
f 2015/1409/1412 2016/1411/1414 2021/1416/1419 2020/1414/1417
f 2016/1411/1414 2017/1412/1415 2022/1417/1420 2021/1416/1419
f 2017/1412/1415 2018/1413/1416 2023/1418/1421 2022/1417/1420
f 34/1384/1422 603/1383/1423 1999/1394/1397 623/1419/1424
f 609/1420/1425 2003/1402/1405 599/1380/1426 70/1379/1427
f 71/1421/1428 614/1422/1429 2023/1418/1421 613/1423/1430
f 619/1424/1431 2019/1415/1418 618/1425/1432 35/1426/1433
f 603/1383/1423 602/1392/1434 2000/1395/1398 1999/1394/1397
f 610/1427/1435 2008/1403/1406 2003/1402/1405 609/1420/1425
f 614/1422/1429 615/1428/1436 2022/1417/1420 2023/1418/1421
f 620/1429/1437 2014/1410/1413 2019/1415/1418 619/1424/1431
f 602/1392/1434 601/1389/1438 2001/1398/1401 2000/1395/1398
f 611/1430/1439 2013/1408/1411 2008/1403/1406 610/1427/1435
f 615/1428/1436 616/1431/1440 2021/1416/1419 2022/1417/1420
f 621/1432/1441 2009/1405/1408 2014/1410/1413 620/1429/1437
f 601/1389/1438 600/1386/1442 2002/1400/1403 2001/1398/1401
f 612/1433/1443 2018/1413/1416 2013/1408/1411 611/1430/1439
f 616/1431/1440 617/1434/1444 2020/1414/1417 2021/1416/1419
f 622/1435/1445 2004/1397/1400 2009/1405/1408 621/1432/1441
f 600/1386/1442 599/1380/1426 2003/1402/1405 2002/1400/1403
f 613/1423/1430 2023/1418/1421 2018/1413/1416 612/1433/1443
f 617/1434/1444 618/1425/1432 2019/1415/1418 2020/1414/1417
f 623/1419/1424 1999/1394/1397 2004/1397/1400 622/1435/1445
f 2024/1436/1446 2025/1437/1447 2030/1438/1448 2029/1439/1449
f 2025/1437/1447 2026/1440/1450 2031/1441/1451 2030/1438/1448
f 2026/1440/1450 2027/1442/1452 2032/1443/1453 2031/1441/1451
f 2027/1442/1452 2028/1444/1454 2033/1445/1455 2032/1443/1453
f 2029/1439/1449 2030/1438/1448 2035/1446/1456 2034/1447/1457
f 2030/1438/1448 2031/1441/1451 2036/1448/1458 2035/1446/1456
f 2031/1441/1451 2032/1443/1453 2037/1449/1459 2036/1448/1458
f 2032/1443/1453 2033/1445/1455 2038/1450/1460 2037/1449/1459
f 2034/1447/1457 2035/1446/1456 2040/1451/1461 2039/1452/1462
f 2035/1446/1456 2036/1448/1458 2041/1453/1463 2040/1451/1461
f 2036/1448/1458 2037/1449/1459 2042/1454/1464 2041/1453/1463
f 2037/1449/1459 2038/1450/1460 2043/1455/1465 2042/1454/1464
f 2039/1452/1462 2040/1451/1461 2045/1456/1466 2044/1457/1467
f 2040/1451/1461 2041/1453/1463 2046/1458/1468 2045/1456/1466
f 2041/1453/1463 2042/1454/1464 2047/1459/1469 2046/1458/1468
f 2042/1454/1464 2043/1455/1465 2048/1460/1470 2047/1459/1469
f 35/1426/1471 618/1425/1472 2024/1436/1446 638/1461/1473
f 624/1462/1474 2028/1444/1454 614/1422/1475 71/1421/1476
f 72/1463/1477 629/1464/1478 2048/1460/1470 628/1465/1479
f 634/1466/1480 2044/1457/1467 633/1467/1481 36/1468/1482
f 618/1425/1472 617/1434/1483 2025/1437/1447 2024/1436/1446
f 625/1469/1484 2033/1445/1455 2028/1444/1454 624/1462/1474
f 629/1464/1478 630/1470/1485 2047/1459/1469 2048/1460/1470
f 635/1471/1486 2039/1452/1462 2044/1457/1467 634/1466/1480
f 617/1434/1483 616/1431/1487 2026/1440/1450 2025/1437/1447
f 626/1472/1488 2038/1450/1460 2033/1445/1455 625/1469/1484
f 630/1470/1485 631/1473/1489 2046/1458/1468 2047/1459/1469
f 636/1474/1490 2034/1447/1457 2039/1452/1462 635/1471/1486
f 616/1431/1487 615/1428/1491 2027/1442/1452 2026/1440/1450
f 627/1475/1492 2043/1455/1465 2038/1450/1460 626/1472/1488
f 631/1473/1489 632/1476/1493 2045/1456/1466 2046/1458/1468
f 637/1477/1494 2029/1439/1449 2034/1447/1457 636/1474/1490
f 615/1428/1491 614/1422/1475 2028/1444/1454 2027/1442/1452
f 628/1465/1479 2048/1460/1470 2043/1455/1465 627/1475/1492
f 632/1476/1493 633/1467/1481 2044/1457/1467 2045/1456/1466
f 638/1461/1473 2024/1436/1446 2029/1439/1449 637/1477/1494
f 2049/1478/1 2050/1479/1 2055/1480/1 2054/1481/1
f 2050/1479/1 2051/1482/1 2056/1483/1 2055/1480/1
f 2051/1482/1 2052/1484/1 2057/1485/1 2056/1483/1
f 2052/1484/1 2053/1486/1 2058/1487/1 2057/1485/1
f 2054/1481/1 2055/1480/1 2060/1488/1 2059/1489/1
f 2055/1480/1 2056/1483/1 2061/1490/1 2060/1488/1
f 2056/1483/1 2057/1485/1 2062/1491/1 2061/1490/1
f 2057/1485/1 2058/1487/1 2063/1492/1 2062/1491/1
f 2059/1489/1 2060/1488/1 2065/1493/1 2064/1494/1
f 2060/1488/1 2061/1490/1 2066/1495/1 2065/1493/1
f 2061/1490/1 2062/1491/1 2067/1496/1 2066/1495/1
f 2062/1491/1 2063/1492/1 2068/1497/1 2067/1496/1
f 2064/1494/1 2065/1493/1 2070/1498/1 2069/1499/1
f 2065/1493/1 2066/1495/1 2071/1500/1 2070/1498/1
f 2066/1495/1 2067/1496/1 2072/1501/1 2071/1500/1
f 2067/1496/1 2068/1497/1 2073/1502/1 2072/1501/1
f 37/31/1 639/1503/1 2049/1478/1 114/29/1
f 644/1504/1 2053/1486/1 643/1505/1 73/1506/1
f 74/1507/1 649/1508/1 2073/1502/1 648/1509/1
f 118/34/1 2069/1499/1 653/1510/1 38/32/1
f 639/1503/1 640/1511/1 2050/1479/1 2049/1478/1
f 645/1512/1 2058/1487/1 2053/1486/1 644/1504/1
f 649/1508/1 650/1513/1 2072/1501/1 2073/1502/1
f 117/47/1 2064/1494/1 2069/1499/1 118/34/1
f 640/1511/1 641/1514/1 2051/1482/1 2050/1479/1
f 646/1515/1 2063/1492/1 2058/1487/1 645/1512/1
f 650/1513/1 651/1516/1 2071/1500/1 2072/1501/1
f 116/43/1 2059/1489/1 2064/1494/1 117/47/1
f 641/1514/1 642/1517/1 2052/1484/1 2051/1482/1
f 647/1518/1 2068/1497/1 2063/1492/1 646/1515/1
f 651/1516/1 652/1519/1 2070/1498/1 2071/1500/1
f 115/39/1 2054/1481/1 2059/1489/1 116/43/1
f 642/1517/1 643/1505/1 2053/1486/1 2052/1484/1
f 648/1509/1 2073/1502/1 2068/1497/1 647/1518/1
f 652/1519/1 653/1510/1 2069/1499/1 2070/1498/1
f 114/29/1 2049/1478/1 2054/1481/1 115/39/1
f 2074/1520/1495 2075/1521/1496 2080/1522/1496 2079/1523/1495
f 2075/1521/1496 2076/1524/1497 2081/1525/1497 2080/1522/1496
f 2076/1524/1497 2077/1526/1498 2082/1527/1498 2081/1525/1497
f 2077/1526/1498 2078/1528/1499 2083/1529/1499 2082/1527/1498
f 2079/1523/1495 2080/1522/1496 2085/1530/1496 2084/1531/1495
f 2080/1522/1496 2081/1525/1497 2086/1532/1497 2085/1530/1496
f 2081/1525/1497 2082/1527/1498 2087/1533/1498 2086/1532/1497
f 2082/1527/1498 2083/1529/1499 2088/1534/1499 2087/1533/1498
f 2084/1531/1495 2085/1530/1496 2090/1535/1496 2089/1536/1495
f 2085/1530/1496 2086/1532/1497 2091/1537/1497 2090/1535/1496
f 2086/1532/1497 2087/1533/1498 2092/1538/1498 2091/1537/1497
f 2087/1533/1498 2088/1534/1499 2093/1539/1499 2092/1538/1498
f 2089/1536/1495 2090/1535/1496 2095/1540/1496 2094/1541/1495
f 2090/1535/1496 2091/1537/1497 2096/1542/1497 2095/1540/1496
f 2091/1537/1497 2092/1538/1498 2097/1543/1498 2096/1542/1497
f 2092/1538/1498 2093/1539/1499 2098/1544/1499 2097/1543/1498
f 38/32/8 653/1510/1495 2074/1520/1495 129/76/8
f 654/1545/1500 2078/1528/1499 649/1508/1499 74/1507/1500
f 75/1546/1500 659/1547/1499 2098/1544/1499 658/1548/1500
f 133/79/8 2094/1541/1495 663/1549/1495 39/77/8
f 653/1510/1495 652/1519/1496 2075/1521/1496 2074/1520/1495
f 655/1550/1500 2083/1529/1499 2078/1528/1499 654/1545/1500
f 659/1547/1499 660/1551/1498 2097/1543/1498 2098/1544/1499
f 132/89/8 2089/1536/1495 2094/1541/1495 133/79/8
f 652/1519/1496 651/1516/1497 2076/1524/1497 2075/1521/1496
f 656/1552/1500 2088/1534/1499 2083/1529/1499 655/1550/1500
f 660/1551/1498 661/1553/1497 2096/1542/1497 2097/1543/1498
f 131/86/8 2084/1531/1495 2089/1536/1495 132/89/8
f 651/1516/1497 650/1513/1498 2077/1526/1498 2076/1524/1497
f 657/1554/1500 2093/1539/1499 2088/1534/1499 656/1552/1500
f 661/1553/1497 662/1555/1496 2095/1540/1496 2096/1542/1497
f 130/83/8 2079/1523/1495 2084/1531/1495 131/86/8
f 650/1513/1498 649/1508/1499 2078/1528/1499 2077/1526/1498
f 658/1548/1500 2098/1544/1499 2093/1539/1499 657/1554/1500
f 662/1555/1496 663/1549/1495 2094/1541/1495 2095/1540/1496
f 129/76/8 2074/1520/1495 2079/1523/1495 130/83/8
f 2099/1556/1501 2100/1557/1502 2105/1558/1503 2104/1559/1504
f 2100/1557/1502 2101/1560/1505 2106/1561/1506 2105/1558/1503
f 2101/1560/1505 2102/1562/1507 2107/1563/1508 2106/1561/1506
f 2102/1562/1507 2103/1564/1509 2108/1565/1510 2107/1563/1508
f 2104/1559/1504 2105/1558/1503 2110/1566/1511 2109/1567/1512
f 2105/1558/1503 2106/1561/1506 2111/1568/1513 2110/1566/1511
f 2106/1561/1506 2107/1563/1508 2112/1569/1514 2111/1568/1513
f 2107/1563/1508 2108/1565/1510 2113/1570/1515 2112/1569/1514
f 2109/1567/1512 2110/1566/1511 2115/1571/1516 2114/1572/1517
f 2110/1566/1511 2111/1568/1513 2116/1573/1518 2115/1571/1516
f 2111/1568/1513 2112/1569/1514 2117/1574/1519 2116/1573/1518
f 2112/1569/1514 2113/1570/1515 2118/1575/1520 2117/1574/1519
f 2114/1572/1517 2115/1571/1516 2120/1576/1521 2119/1577/1522
f 2115/1571/1516 2116/1573/1518 2121/1578/1523 2120/1576/1521
f 2116/1573/1518 2117/1574/1519 2122/1579/1524 2121/1578/1523
f 2117/1574/1519 2118/1575/1520 2123/1580/1525 2122/1579/1524
f 39/77/39 663/1549/1526 2099/1556/1501 144/118/37
f 664/1581/1527 2103/1564/1509 659/1547/1528 75/1546/1529
f 76/1582/1530 669/1583/1531 2123/1580/1525 668/1584/1532
f 148/121/42 2119/1577/1522 673/1585/1533 40/119/40
f 663/1549/1526 662/1555/1534 2100/1557/1502 2099/1556/1501
f 665/1586/1535 2108/1565/1510 2103/1564/1509 664/1581/1527
f 669/1583/1531 670/1587/1536 2122/1579/1524 2123/1580/1525
f 147/131/55 2114/1572/1517 2119/1577/1522 148/121/42
f 662/1555/1534 661/1553/1537 2101/1560/1505 2100/1557/1502
f 666/1588/1538 2113/1570/1515 2108/1565/1510 665/1586/1535
f 670/1587/1536 671/1589/1539 2121/1578/1523 2122/1579/1524
f 146/128/51 2109/1567/1512 2114/1572/1517 147/131/55
f 661/1553/1537 660/1551/1540 2102/1562/1507 2101/1560/1505
f 667/1590/1541 2118/1575/1520 2113/1570/1515 666/1588/1538
f 671/1589/1539 672/1591/1542 2120/1576/1521 2121/1578/1523
f 145/125/47 2104/1559/1504 2109/1567/1512 146/128/51
f 660/1551/1540 659/1547/1528 2103/1564/1509 2102/1562/1507
f 668/1584/1532 2123/1580/1525 2118/1575/1520 667/1590/1541
f 672/1591/1542 673/1585/1533 2119/1577/1522 2120/1576/1521
f 144/118/37 2099/1556/1501 2104/1559/1504 145/125/47
f 2124/1592/1543 2125/1593/1544 2130/1594/1545 2129/1595/1546
f 2125/1593/1544 2126/1596/1547 2131/1597/1548 2130/1594/1545
f 2126/1596/1547 2127/1598/1549 2132/1599/1550 2131/1597/1548
f 2127/1598/1549 2128/1600/1551 2133/1601/1552 2132/1599/1550
f 2129/1595/1546 2130/1594/1545 2135/1602/1553 2134/1603/1554
f 2130/1594/1545 2131/1597/1548 2136/1604/1555 2135/1602/1553
f 2131/1597/1548 2132/1599/1550 2137/1605/1556 2136/1604/1555
f 2132/1599/1550 2133/1601/1552 2138/1606/1557 2137/1605/1556
f 2134/1603/1554 2135/1602/1553 2140/1607/1558 2139/1608/1559
f 2135/1602/1553 2136/1604/1555 2141/1609/1560 2140/1607/1558
f 2136/1604/1555 2137/1605/1556 2142/1610/1561 2141/1609/1560
f 2137/1605/1556 2138/1606/1557 2143/1611/1562 2142/1610/1561
f 2139/1608/1559 2140/1607/1558 2145/1612/1563 2144/1613/1564
f 2140/1607/1558 2141/1609/1560 2146/1614/1565 2145/1612/1563
f 2141/1609/1560 2142/1610/1561 2147/1615/1566 2146/1614/1565
f 2142/1610/1561 2143/1611/1562 2148/1616/1567 2147/1615/1566
f 40/119/88 673/1585/1568 2124/1592/1543 159/160/86
f 674/1617/1569 2128/1600/1551 669/1583/1570 76/1582/1571
f 77/1618/1572 679/1619/1573 2148/1616/1567 678/1620/1574
f 163/163/91 2144/1613/1564 683/1621/1575 41/161/89
f 673/1585/1568 672/1591/1576 2125/1593/1544 2124/1592/1543
f 675/1622/1577 2133/1601/1552 2128/1600/1551 674/1617/1569
f 679/1619/1573 680/1623/1578 2147/1615/1566 2148/1616/1567
f 162/173/104 2139/1608/1559 2144/1613/1564 163/163/91
f 672/1591/1576 671/1589/1579 2126/1596/1547 2125/1593/1544
f 676/1624/1580 2138/1606/1557 2133/1601/1552 675/1622/1577
f 680/1623/1578 681/1625/1581 2146/1614/1565 2147/1615/1566
f 161/170/100 2134/1603/1554 2139/1608/1559 162/173/104
f 671/1589/1579 670/1587/1582 2127/1598/1549 2126/1596/1547
f 677/1626/1583 2143/1611/1562 2138/1606/1557 676/1624/1580
f 681/1625/1581 682/1627/1584 2145/1612/1563 2146/1614/1565
f 160/167/96 2129/1595/1546 2134/1603/1554 161/170/100
f 670/1587/1582 669/1583/1570 2128/1600/1551 2127/1598/1549
f 678/1620/1574 2148/1616/1567 2143/1611/1562 677/1626/1583
f 682/1627/1584 683/1621/1575 2144/1613/1564 2145/1612/1563
f 159/160/86 2124/1592/1543 2129/1595/1546 160/167/96
f 2149/1628/1585 2150/1629/1586 2155/1630/1587 2154/1631/1588
f 2150/1629/1586 2151/1632/1589 2156/1633/1590 2155/1630/1587
f 2151/1632/1589 2152/1634/1591 2157/1635/1592 2156/1633/1590
f 2152/1634/1591 2153/1636/1593 2158/1637/1594 2157/1635/1592
f 2154/1631/1588 2155/1630/1587 2160/1638/1595 2159/1639/1596
f 2155/1630/1587 2156/1633/1590 2161/1640/1597 2160/1638/1595
f 2156/1633/1590 2157/1635/1592 2162/1641/1598 2161/1640/1597
f 2157/1635/1592 2158/1637/1594 2163/1642/1599 2162/1641/1598
f 2159/1639/1596 2160/1638/1595 2165/1643/1600 2164/1644/1601
f 2160/1638/1595 2161/1640/1597 2166/1645/1602 2165/1643/1600
f 2161/1640/1597 2162/1641/1598 2167/1646/1603 2166/1645/1602
f 2162/1641/1598 2163/1642/1599 2168/1647/1604 2167/1646/1603
f 2164/1644/1601 2165/1643/1600 2170/1648/1605 2169/1649/1606
f 2165/1643/1600 2166/1645/1602 2171/1650/1607 2170/1648/1605
f 2166/1645/1602 2167/1646/1603 2172/1651/1608 2171/1650/1607
f 2167/1646/1603 2168/1647/1604 2173/1652/1609 2172/1651/1608
f 41/161/137 683/1621/1610 2149/1628/1585 174/202/135
f 684/1653/1611 2153/1636/1593 679/1619/1612 77/1618/1613
f 78/1654/1613 689/1655/1614 2173/1652/1609 688/1656/1615
f 178/205/139 2169/1649/1606 693/1657/1616 42/203/137
f 683/1621/1610 682/1627/1617 2150/1629/1586 2149/1628/1585
f 685/1658/1618 2158/1637/1594 2153/1636/1593 684/1653/1611
f 689/1655/1614 690/1659/1619 2172/1651/1608 2173/1652/1609
f 177/215/150 2164/1644/1601 2169/1649/1606 178/205/139
f 682/1627/1617 681/1625/1620 2151/1632/1589 2150/1629/1586
f 686/1660/1621 2163/1642/1599 2158/1637/1594 685/1658/1618
f 690/1659/1619 691/1661/1620 2171/1650/1607 2172/1651/1608
f 176/212/147 2159/1639/1596 2164/1644/1601 177/215/150
f 681/1625/1620 680/1623/1622 2152/1634/1591 2151/1632/1589
f 687/1662/1623 2168/1647/1604 2163/1642/1599 686/1660/1621
f 691/1661/1620 692/1663/1624 2170/1648/1605 2171/1650/1607
f 175/209/143 2154/1631/1588 2159/1639/1596 176/212/147
f 680/1623/1622 679/1619/1612 2153/1636/1593 2152/1634/1591
f 688/1656/1615 2173/1652/1609 2168/1647/1604 687/1662/1623
f 692/1663/1624 693/1657/1616 2169/1649/1606 2170/1648/1605
f 174/202/135 2149/1628/1585 2154/1631/1588 175/209/143
f 2174/1664/1625 2175/1665/1626 2180/1666/1627 2179/1667/1628
f 2175/1665/1626 2176/1668/1629 2181/1669/1630 2180/1666/1627
f 2176/1668/1629 2177/1670/1631 2182/1671/1632 2181/1669/1630
f 2177/1670/1631 2178/1672/1633 2183/1673/1634 2182/1671/1632
f 2179/1667/1628 2180/1666/1627 2185/1674/1635 2184/1675/1636
f 2180/1666/1627 2181/1669/1630 2186/1676/1637 2185/1674/1635
f 2181/1669/1630 2182/1671/1632 2187/1677/1638 2186/1676/1637
f 2182/1671/1632 2183/1673/1634 2188/1678/1639 2187/1677/1638
f 2184/1675/1636 2185/1674/1635 2190/1679/1640 2189/1680/1641
f 2185/1674/1635 2186/1676/1637 2191/1681/1642 2190/1679/1640
f 2186/1676/1637 2187/1677/1638 2192/1682/1643 2191/1681/1642
f 2187/1677/1638 2188/1678/1639 2193/1683/1644 2192/1682/1643
f 2189/1680/1641 2190/1679/1640 2195/1684/1645 2194/1685/1646
f 2190/1679/1640 2191/1681/1642 2196/1686/1647 2195/1684/1645
f 2191/1681/1642 2192/1682/1643 2197/1687/1648 2196/1686/1647
f 2192/1682/1643 2193/1683/1644 2198/1688/1649 2197/1687/1648
f 42/203/183 693/1657/1650 2174/1664/1625 189/244/181
f 694/1689/1651 2178/1672/1633 689/1655/1652 78/1654/1653
f 79/1690/1654 699/1691/1655 2198/1688/1649 698/1692/1656
f 193/247/186 2194/1685/1646 703/1693/1657 43/245/184
f 693/1657/1650 692/1663/1658 2175/1665/1626 2174/1664/1625
f 695/1694/1659 2183/1673/1634 2178/1672/1633 694/1689/1651
f 699/1691/1655 700/1695/1660 2197/1687/1648 2198/1688/1649
f 192/257/199 2189/1680/1641 2194/1685/1646 193/247/186
f 692/1663/1658 691/1661/1661 2176/1668/1629 2175/1665/1626
f 696/1696/1662 2188/1678/1639 2183/1673/1634 695/1694/1659
f 700/1695/1660 701/1697/1663 2196/1686/1647 2197/1687/1648
f 191/254/195 2184/1675/1636 2189/1680/1641 192/257/199
f 691/1661/1661 690/1659/1664 2177/1670/1631 2176/1668/1629
f 697/1698/1665 2193/1683/1644 2188/1678/1639 696/1696/1662
f 701/1697/1663 702/1699/1666 2195/1684/1645 2196/1686/1647
f 190/251/191 2179/1667/1628 2184/1675/1636 191/254/195
f 690/1659/1664 689/1655/1652 2178/1672/1633 2177/1670/1631
f 698/1692/1656 2198/1688/1649 2193/1683/1644 697/1698/1665
f 702/1699/1666 703/1693/1657 2194/1685/1646 2195/1684/1645
f 189/244/181 2174/1664/1625 2179/1667/1628 190/251/191
f 2199/1700/1667 2200/1701/1668 2205/1702/1669 2204/1703/1670
f 2200/1701/1668 2201/1704/1671 2206/1705/1672 2205/1702/1669
f 2201/1704/1671 2202/1706/1673 2207/1707/1674 2206/1705/1672
f 2202/1706/1673 2203/1708/1675 2208/1709/1676 2207/1707/1674
f 2204/1703/1670 2205/1702/1669 2210/1710/1677 2209/1711/1678
f 2205/1702/1669 2206/1705/1672 2211/1712/1679 2210/1710/1677
f 2206/1705/1672 2207/1707/1674 2212/1713/1680 2211/1712/1679
f 2207/1707/1674 2208/1709/1676 2213/1714/1681 2212/1713/1680
f 2209/1711/1678 2210/1710/1677 2215/1715/1682 2214/1716/1683
f 2210/1710/1677 2211/1712/1679 2216/1717/1684 2215/1715/1682
f 2211/1712/1679 2212/1713/1680 2217/1718/1685 2216/1717/1684
f 2212/1713/1680 2213/1714/1681 2218/1719/1686 2217/1718/1685
f 2214/1716/1683 2215/1715/1682 2220/1720/1687 2219/1721/1688
f 2215/1715/1682 2216/1717/1684 2221/1722/1689 2220/1720/1687
f 2216/1717/1684 2217/1718/1685 2222/1723/1690 2221/1722/1689
f 2217/1718/1685 2218/1719/1686 2223/1724/1691 2222/1723/1690
f 43/245/232 703/1693/1692 2199/1700/1667 204/286/230
f 704/1725/1693 2203/1708/1675 699/1691/1694 79/1690/1695
f 80/1726/1696 709/1727/1697 2223/1724/1691 708/1728/1698
f 208/289/235 2219/1721/1688 713/1729/1699 44/287/233
f 703/1693/1692 702/1699/1700 2200/1701/1668 2199/1700/1667
f 705/1730/1701 2208/1709/1676 2203/1708/1675 704/1725/1693
f 709/1727/1697 710/1731/1702 2222/1723/1690 2223/1724/1691
f 207/299/248 2214/1716/1683 2219/1721/1688 208/289/235
f 702/1699/1700 701/1697/1703 2201/1704/1671 2200/1701/1668
f 706/1732/1704 2213/1714/1681 2208/1709/1676 705/1730/1701
f 710/1731/1702 711/1733/1705 2221/1722/1689 2222/1723/1690
f 206/296/244 2209/1711/1678 2214/1716/1683 207/299/248
f 701/1697/1703 700/1695/1706 2202/1706/1673 2201/1704/1671
f 707/1734/1707 2218/1719/1686 2213/1714/1681 706/1732/1704
f 711/1733/1705 712/1735/1708 2220/1720/1687 2221/1722/1689
f 205/293/240 2204/1703/1670 2209/1711/1678 206/296/244
f 700/1695/1706 699/1691/1694 2203/1708/1675 2202/1706/1673
f 708/1728/1698 2223/1724/1691 2218/1719/1686 707/1734/1707
f 712/1735/1708 713/1729/1699 2219/1721/1688 2220/1720/1687
f 204/286/230 2199/1700/1667 2204/1703/1670 205/293/240
f 2224/1736/1709 2225/1737/1710 2230/1738/1711 2229/1739/1712
f 2225/1737/1710 2226/1740/1713 2231/1741/1714 2230/1738/1711
f 2226/1740/1713 2227/1742/1715 2232/1743/1716 2231/1741/1714
f 2227/1742/1715 2228/1744/1717 2233/1745/1718 2232/1743/1716
f 2229/1739/1712 2230/1738/1711 2235/1746/1719 2234/1747/1720
f 2230/1738/1711 2231/1741/1714 2236/1748/1721 2235/1746/1719
f 2231/1741/1714 2232/1743/1716 2237/1749/1722 2236/1748/1721
f 2232/1743/1716 2233/1745/1718 2238/1750/1723 2237/1749/1722
f 2234/1747/1720 2235/1746/1719 2240/1751/1724 2239/1752/1725
f 2235/1746/1719 2236/1748/1721 2241/1753/1726 2240/1751/1724
f 2236/1748/1721 2237/1749/1722 2242/1754/1727 2241/1753/1726
f 2237/1749/1722 2238/1750/1723 2243/1755/1728 2242/1754/1727
f 2239/1752/1725 2240/1751/1724 2245/1756/1729 2244/1757/1730
f 2240/1751/1724 2241/1753/1726 2246/1758/1731 2245/1756/1729
f 2241/1753/1726 2242/1754/1727 2247/1759/1732 2246/1758/1731
f 2242/1754/1727 2243/1755/1728 2248/1760/1733 2247/1759/1732
f 44/287/281 713/1729/1734 2224/1736/1709 219/328/279
f 714/1761/1735 2228/1744/1717 709/1727/1736 80/1726/1737
f 81/1762/1737 719/1763/1738 2248/1760/1733 718/1764/1735
f 223/331/279 2244/1757/1730 723/1765/1739 45/329/281
f 713/1729/1734 712/1735/1740 2225/1737/1710 2224/1736/1709
f 715/1766/1741 2233/1745/1718 2228/1744/1717 714/1761/1735
f 719/1763/1738 720/1767/1742 2247/1759/1732 2248/1760/1733
f 222/341/285 2239/1752/1725 2244/1757/1730 223/331/279
f 712/1735/1740 711/1733/1743 2226/1740/1713 2225/1737/1710
f 716/1768/1744 2238/1750/1723 2233/1745/1718 715/1766/1741
f 720/1767/1742 721/1769/1743 2246/1758/1731 2247/1759/1732
f 221/338/289 2234/1747/1720 2239/1752/1725 222/341/285
f 711/1733/1743 710/1731/1745 2227/1742/1715 2226/1740/1713
f 717/1770/1741 2243/1755/1728 2238/1750/1723 716/1768/1744
f 721/1769/1743 722/1771/1746 2245/1756/1729 2246/1758/1731
f 220/335/285 2229/1739/1712 2234/1747/1720 221/338/289
f 710/1731/1745 709/1727/1736 2228/1744/1717 2227/1742/1715
f 718/1764/1735 2248/1760/1733 2243/1755/1728 717/1770/1741
f 722/1771/1746 723/1765/1739 2244/1757/1730 2245/1756/1729
f 219/328/279 2224/1736/1709 2229/1739/1712 220/335/285
f 2249/1772/1747 2250/1773/1748 2255/1774/1749 2254/1775/1750
f 2250/1773/1748 2251/1776/1751 2256/1777/1752 2255/1774/1749
f 2251/1776/1751 2252/1778/1753 2257/1779/1754 2256/1777/1752
f 2252/1778/1753 2253/1780/1755 2258/1781/1756 2257/1779/1754
f 2254/1775/1750 2255/1774/1749 2260/1782/1757 2259/1783/1758
f 2255/1774/1749 2256/1777/1752 2261/1784/1759 2260/1782/1757
f 2256/1777/1752 2257/1779/1754 2262/1785/1760 2261/1784/1759
f 2257/1779/1754 2258/1781/1756 2263/1786/1761 2262/1785/1760
f 2259/1783/1758 2260/1782/1757 2265/1787/1762 2264/1788/1763
f 2260/1782/1757 2261/1784/1759 2266/1789/1764 2265/1787/1762
f 2261/1784/1759 2262/1785/1760 2267/1790/1765 2266/1789/1764
f 2262/1785/1760 2263/1786/1761 2268/1791/1766 2267/1790/1765
f 2264/1788/1763 2265/1787/1762 2270/1792/1767 2269/1793/1768
f 2265/1787/1762 2266/1789/1764 2271/1794/1769 2270/1792/1767
f 2266/1789/1764 2267/1790/1765 2272/1795/1770 2271/1794/1769
f 2267/1790/1765 2268/1791/1766 2273/1796/1771 2272/1795/1770
f 45/329/323 723/1765/1772 2249/1772/1747 234/370/321
f 724/1797/1773 2253/1780/1755 719/1763/1774 81/1762/1775
f 82/1798/1776 729/1799/1777 2273/1796/1771 728/1800/1778
f 238/373/326 2269/1793/1768 733/1801/1779 46/371/324
f 723/1765/1772 722/1771/1780 2250/1773/1748 2249/1772/1747
f 725/1802/1781 2258/1781/1756 2253/1780/1755 724/1797/1773
f 729/1799/1777 730/1803/1782 2272/1795/1770 2273/1796/1771
f 237/383/339 2264/1788/1763 2269/1793/1768 238/373/326
f 722/1771/1780 721/1769/1783 2251/1776/1751 2250/1773/1748
f 726/1804/1784 2263/1786/1761 2258/1781/1756 725/1802/1781
f 730/1803/1782 731/1805/1785 2271/1794/1769 2272/1795/1770
f 236/380/335 2259/1783/1758 2264/1788/1763 237/383/339
f 721/1769/1783 720/1767/1786 2252/1778/1753 2251/1776/1751
f 727/1806/1787 2268/1791/1766 2263/1786/1761 726/1804/1784
f 731/1805/1785 732/1807/1788 2270/1792/1767 2271/1794/1769
f 235/377/331 2254/1775/1750 2259/1783/1758 236/380/335
f 720/1767/1786 719/1763/1774 2253/1780/1755 2252/1778/1753
f 728/1800/1778 2273/1796/1771 2268/1791/1766 727/1806/1787
f 732/1807/1788 733/1801/1779 2269/1793/1768 2270/1792/1767
f 234/370/321 2249/1772/1747 2254/1775/1750 235/377/331
f 2274/1808/1789 2275/1809/1790 2280/1810/1791 2279/1811/1792
f 2275/1809/1790 2276/1812/1793 2281/1813/1794 2280/1810/1791
f 2276/1812/1793 2277/1814/1795 2282/1815/1796 2281/1813/1794
f 2277/1814/1795 2278/1816/1797 2283/1817/1798 2282/1815/1796
f 2279/1811/1792 2280/1810/1791 2285/1818/1799 2284/1819/1800
f 2280/1810/1791 2281/1813/1794 2286/1820/1801 2285/1818/1799
f 2281/1813/1794 2282/1815/1796 2287/1821/1802 2286/1820/1801
f 2282/1815/1796 2283/1817/1798 2288/1822/1803 2287/1821/1802
f 2284/1819/1800 2285/1818/1799 2290/1823/1804 2289/1824/1805
f 2285/1818/1799 2286/1820/1801 2291/1825/1806 2290/1823/1804
f 2286/1820/1801 2287/1821/1802 2292/1826/1807 2291/1825/1806
f 2287/1821/1802 2288/1822/1803 2293/1827/1808 2292/1826/1807
f 2289/1824/1805 2290/1823/1804 2295/1828/1809 2294/1829/1810
f 2290/1823/1804 2291/1825/1806 2296/1830/1811 2295/1828/1809
f 2291/1825/1806 2292/1826/1807 2297/1831/1812 2296/1830/1811
f 2292/1826/1807 2293/1827/1808 2298/1832/1813 2297/1831/1812
f 46/371/372 733/1801/1814 2274/1808/1789 249/412/370
f 734/1833/1815 2278/1816/1797 729/1799/1816 82/1798/1817
f 83/1834/1818 739/1835/1819 2298/1832/1813 738/1836/1820
f 253/415/375 2294/1829/1810 743/1837/1821 47/413/373
f 733/1801/1814 732/1807/1822 2275/1809/1790 2274/1808/1789
f 735/1838/1823 2283/1817/1798 2278/1816/1797 734/1833/1815
f 739/1835/1819 740/1839/1824 2297/1831/1812 2298/1832/1813
f 252/425/388 2289/1824/1805 2294/1829/1810 253/415/375
f 732/1807/1822 731/1805/1825 2276/1812/1793 2275/1809/1790
f 736/1840/1826 2288/1822/1803 2283/1817/1798 735/1838/1823
f 740/1839/1824 741/1841/1827 2296/1830/1811 2297/1831/1812
f 251/422/384 2284/1819/1800 2289/1824/1805 252/425/388
f 731/1805/1825 730/1803/1828 2277/1814/1795 2276/1812/1793
f 737/1842/1829 2293/1827/1808 2288/1822/1803 736/1840/1826
f 741/1841/1827 742/1843/1830 2295/1828/1809 2296/1830/1811
f 250/419/380 2279/1811/1792 2284/1819/1800 251/422/384
f 730/1803/1828 729/1799/1816 2278/1816/1797 2277/1814/1795
f 738/1836/1820 2298/1832/1813 2293/1827/1808 737/1842/1829
f 742/1843/1830 743/1837/1821 2294/1829/1810 2295/1828/1809
f 249/412/370 2274/1808/1789 2279/1811/1792 250/419/380
f 2299/1844/1831 2300/1845/1832 2305/1846/1833 2304/1847/1834
f 2300/1845/1832 2301/1848/1835 2306/1849/1836 2305/1846/1833
f 2301/1848/1835 2302/1850/1837 2307/1851/1838 2306/1849/1836
f 2302/1850/1837 2303/1852/1839 2308/1853/1840 2307/1851/1838
f 2304/1847/1834 2305/1846/1833 2310/1854/1841 2309/1855/1842
f 2305/1846/1833 2306/1849/1836 2311/1856/1843 2310/1854/1841
f 2306/1849/1836 2307/1851/1838 2312/1857/1844 2311/1856/1843
f 2307/1851/1838 2308/1853/1840 2313/1858/1845 2312/1857/1844
f 2309/1855/1842 2310/1854/1841 2315/1859/1846 2314/1860/1847
f 2310/1854/1841 2311/1856/1843 2316/1861/1848 2315/1859/1846
f 2311/1856/1843 2312/1857/1844 2317/1862/1849 2316/1861/1848
f 2312/1857/1844 2313/1858/1845 2318/1863/1850 2317/1862/1849
f 2314/1860/1847 2315/1859/1846 2320/1864/1851 2319/1865/1852
f 2315/1859/1846 2316/1861/1848 2321/1866/1853 2320/1864/1851
f 2316/1861/1848 2317/1862/1849 2322/1867/1854 2321/1866/1853
f 2317/1862/1849 2318/1863/1850 2323/1868/1855 2322/1867/1854
f 47/413/421 743/1837/1856 2299/1844/1831 264/454/419
f 744/1869/1857 2303/1852/1839 739/1835/1858 83/1834/1859
f 84/1870/1860 749/1871/1861 2323/1868/1855 748/1872/1862
f 268/457/424 2319/1865/1852 753/1873/1863 48/455/422
f 743/1837/1856 742/1843/1864 2300/1845/1832 2299/1844/1831
f 745/1874/1865 2308/1853/1840 2303/1852/1839 744/1869/1857
f 749/1871/1861 750/1875/1866 2322/1867/1854 2323/1868/1855
f 267/467/437 2314/1860/1847 2319/1865/1852 268/457/424
f 742/1843/1864 741/1841/1867 2301/1848/1835 2300/1845/1832
f 746/1876/1868 2313/1858/1845 2308/1853/1840 745/1874/1865
f 750/1875/1866 751/1877/1869 2321/1866/1853 2322/1867/1854
f 266/464/433 2309/1855/1842 2314/1860/1847 267/467/437
f 741/1841/1867 740/1839/1870 2302/1850/1837 2301/1848/1835
f 747/1878/1871 2318/1863/1850 2313/1858/1845 746/1876/1868
f 751/1877/1869 752/1879/1872 2320/1864/1851 2321/1866/1853
f 265/461/429 2304/1847/1834 2309/1855/1842 266/464/433
f 740/1839/1870 739/1835/1858 2303/1852/1839 2302/1850/1837
f 748/1872/1862 2323/1868/1855 2318/1863/1850 747/1878/1871
f 752/1879/1872 753/1873/1863 2319/1865/1852 2320/1864/1851
f 264/454/419 2299/1844/1831 2304/1847/1834 265/461/429
f 2324/1880/1873 2325/1881/1874 2330/1882/1875 2329/1883/1876
f 2325/1881/1874 2326/1884/1877 2331/1885/1878 2330/1882/1875
f 2326/1884/1877 2327/1886/1879 2332/1887/1880 2331/1885/1878
f 2327/1886/1879 2328/1888/1881 2333/1889/1882 2332/1887/1880
f 2329/1883/1876 2330/1882/1875 2335/1890/1883 2334/1891/1884
f 2330/1882/1875 2331/1885/1878 2336/1892/1885 2335/1890/1883
f 2331/1885/1878 2332/1887/1880 2337/1893/1886 2336/1892/1885
f 2332/1887/1880 2333/1889/1882 2338/1894/1887 2337/1893/1886
f 2334/1891/1884 2335/1890/1883 2340/1895/1888 2339/1896/1889
f 2335/1890/1883 2336/1892/1885 2341/1897/1890 2340/1895/1888
f 2336/1892/1885 2337/1893/1886 2342/1898/1891 2341/1897/1890
f 2337/1893/1886 2338/1894/1887 2343/1899/1892 2342/1898/1891
f 2339/1896/1889 2340/1895/1888 2345/1900/1893 2344/1901/1894
f 2340/1895/1888 2341/1897/1890 2346/1902/1895 2345/1900/1893
f 2341/1897/1890 2342/1898/1891 2347/1903/1896 2346/1902/1895
f 2342/1898/1891 2343/1899/1892 2348/1904/1897 2347/1903/1896
f 48/455/470 753/1873/1898 2324/1880/1873 279/496/468
f 754/1905/1899 2328/1888/1881 749/1871/1900 84/1870/1901
f 85/1906/1902 759/1907/1903 2348/1904/1897 758/1908/1904
f 283/499/473 2344/1901/1894 763/1909/1905 49/497/471
f 753/1873/1898 752/1879/1906 2325/1881/1874 2324/1880/1873
f 755/1910/1907 2333/1889/1882 2328/1888/1881 754/1905/1899
f 759/1907/1903 760/1911/1908 2347/1903/1896 2348/1904/1897
f 282/509/486 2339/1896/1889 2344/1901/1894 283/499/473
f 752/1879/1906 751/1877/1909 2326/1884/1877 2325/1881/1874
f 756/1912/1910 2338/1894/1887 2333/1889/1882 755/1910/1907
f 760/1911/1908 761/1913/1911 2346/1902/1895 2347/1903/1896
f 281/506/482 2334/1891/1884 2339/1896/1889 282/509/486
f 751/1877/1909 750/1875/1912 2327/1886/1879 2326/1884/1877
f 757/1914/1913 2343/1899/1892 2338/1894/1887 756/1912/1910
f 761/1913/1911 762/1915/1914 2345/1900/1893 2346/1902/1895
f 280/503/478 2329/1883/1876 2334/1891/1884 281/506/482
f 750/1875/1912 749/1871/1900 2328/1888/1881 2327/1886/1879
f 758/1908/1904 2348/1904/1897 2343/1899/1892 757/1914/1913
f 762/1915/1914 763/1909/1905 2344/1901/1894 2345/1900/1893
f 279/496/468 2324/1880/1873 2329/1883/1876 280/503/478
f 2349/1916/1915 2350/1917/1916 2355/1918/1917 2354/1919/1918
f 2350/1917/1916 2351/1920/1919 2356/1921/1920 2355/1918/1917
f 2351/1920/1919 2352/1922/1921 2357/1923/1922 2356/1921/1920
f 2352/1922/1921 2353/1924/1923 2358/1925/1924 2357/1923/1922
f 2354/1919/1918 2355/1918/1917 2360/1926/1925 2359/1927/1926
f 2355/1918/1917 2356/1921/1920 2361/1928/1927 2360/1926/1925
f 2356/1921/1920 2357/1923/1922 2362/1929/1928 2361/1928/1927
f 2357/1923/1922 2358/1925/1924 2363/1930/1929 2362/1929/1928
f 2359/1927/1926 2360/1926/1925 2365/1931/1930 2364/1932/1931
f 2360/1926/1925 2361/1928/1927 2366/1933/1932 2365/1931/1930
f 2361/1928/1927 2362/1929/1928 2367/1934/1933 2366/1933/1932
f 2362/1929/1928 2363/1930/1929 2368/1935/1934 2367/1934/1933
f 2364/1932/1931 2365/1931/1930 2370/1936/1935 2369/1937/1936
f 2365/1931/1930 2366/1933/1932 2371/1938/1937 2370/1936/1935
f 2366/1933/1932 2367/1934/1933 2372/1939/1938 2371/1938/1937
f 2367/1934/1933 2368/1935/1934 2373/1940/1939 2372/1939/1938
f 49/497/519 763/1909/1940 2349/1916/1915 294/538/517
f 764/1941/1941 2353/1924/1923 759/1907/1942 85/1906/1943
f 86/1942/1944 769/1943/1945 2373/1940/1939 768/1944/1946
f 298/541/522 2369/1937/1936 773/1945/1947 50/539/520
f 763/1909/1940 762/1915/1948 2350/1917/1916 2349/1916/1915
f 765/1946/1949 2358/1925/1924 2353/1924/1923 764/1941/1941
f 769/1943/1945 770/1947/1950 2372/1939/1938 2373/1940/1939
f 297/551/535 2364/1932/1931 2369/1937/1936 298/541/522
f 762/1915/1948 761/1913/1951 2351/1920/1919 2350/1917/1916
f 766/1948/1952 2363/1930/1929 2358/1925/1924 765/1946/1949
f 770/1947/1950 771/1949/1953 2371/1938/1937 2372/1939/1938
f 296/548/531 2359/1927/1926 2364/1932/1931 297/551/535
f 761/1913/1951 760/1911/1954 2352/1922/1921 2351/1920/1919
f 767/1950/1955 2368/1935/1934 2363/1930/1929 766/1948/1952
f 771/1949/1953 772/1951/1956 2370/1936/1935 2371/1938/1937
f 295/545/527 2354/1919/1918 2359/1927/1926 296/548/531
f 760/1911/1954 759/1907/1942 2353/1924/1923 2352/1922/1921
f 768/1944/1946 2373/1940/1939 2368/1935/1934 767/1950/1955
f 772/1951/1956 773/1945/1947 2369/1937/1936 2370/1936/1935
f 294/538/517 2349/1916/1915 2354/1919/1918 295/545/527
f 2374/1952/1957 2375/1953/1958 2380/1954/1959 2379/1955/1960
f 2375/1953/1958 2376/1956/1961 2381/1957/1962 2380/1954/1959
f 2376/1956/1961 2377/1958/1963 2382/1959/1964 2381/1957/1962
f 2377/1958/1963 2378/1960/1965 2383/1961/1966 2382/1959/1964
f 2379/1955/1960 2380/1954/1959 2385/1962/1967 2384/1963/1968
f 2380/1954/1959 2381/1957/1962 2386/1964/1969 2385/1962/1967
f 2381/1957/1962 2382/1959/1964 2387/1965/1970 2386/1964/1969
f 2382/1959/1964 2383/1961/1966 2388/1966/1971 2387/1965/1970
f 2384/1963/1968 2385/1962/1967 2390/1967/1972 2389/1968/1973
f 2385/1962/1967 2386/1964/1969 2391/1969/1974 2390/1967/1972
f 2386/1964/1969 2387/1965/1970 2392/1970/1975 2391/1969/1974
f 2387/1965/1970 2388/1966/1971 2393/1971/1976 2392/1970/1975
f 2389/1968/1973 2390/1967/1972 2395/1972/1977 2394/1973/1978
f 2390/1967/1972 2391/1969/1974 2396/1974/1979 2395/1972/1977
f 2391/1969/1974 2392/1970/1975 2397/1975/1980 2396/1974/1979
f 2392/1970/1975 2393/1971/1976 2398/1976/1981 2397/1975/1980
f 50/539/568 773/1945/1982 2374/1952/1957 309/580/566
f 774/1977/1983 2378/1960/1965 769/1943/1984 86/1942/1985
f 87/1978/1986 779/1979/1987 2398/1976/1981 778/1980/1988
f 313/583/571 2394/1973/1978 783/1981/1989 51/581/569
f 773/1945/1982 772/1951/1990 2375/1953/1958 2374/1952/1957
f 775/1982/1991 2383/1961/1966 2378/1960/1965 774/1977/1983
f 779/1979/1987 780/1983/1992 2397/1975/1980 2398/1976/1981
f 312/593/583 2389/1968/1973 2394/1973/1978 313/583/571
f 772/1951/1990 771/1949/1993 2376/1956/1961 2375/1953/1958
f 776/1984/1994 2388/1966/1971 2383/1961/1966 775/1982/1991
f 780/1983/1992 781/1985/1993 2396/1974/1979 2397/1975/1980
f 311/590/580 2384/1963/1968 2389/1968/1973 312/593/583
f 771/1949/1993 770/1947/1995 2377/1958/1963 2376/1956/1961
f 777/1986/1996 2393/1971/1976 2388/1966/1971 776/1984/1994
f 781/1985/1993 782/1987/1997 2395/1972/1977 2396/1974/1979
f 310/587/576 2379/1955/1960 2384/1963/1968 311/590/580
f 770/1947/1995 769/1943/1984 2378/1960/1965 2377/1958/1963
f 778/1980/1988 2398/1976/1981 2393/1971/1976 777/1986/1996
f 782/1987/1997 783/1981/1989 2394/1973/1978 2395/1972/1977
f 309/580/566 2374/1952/1957 2379/1955/1960 310/587/576
f 2399/1988/1998 2400/1989/1999 2405/1990/2000 2404/1991/2001
f 2400/1989/1999 2401/1992/2002 2406/1993/2003 2405/1990/2000
f 2401/1992/2002 2402/1994/2004 2407/1995/2005 2406/1993/2003
f 2402/1994/2004 2403/1996/2006 2408/1997/2007 2407/1995/2005
f 2404/1991/2001 2405/1990/2000 2410/1998/2008 2409/1999/2009
f 2405/1990/2000 2406/1993/2003 2411/2000/2010 2410/1998/2008
f 2406/1993/2003 2407/1995/2005 2412/2001/2011 2411/2000/2010
f 2407/1995/2005 2408/1997/2007 2413/2002/2012 2412/2001/2011
f 2409/1999/2009 2410/1998/2008 2415/2003/2013 2414/2004/2014
f 2410/1998/2008 2411/2000/2010 2416/2005/2015 2415/2003/2013
f 2411/2000/2010 2412/2001/2011 2417/2006/2016 2416/2005/2015
f 2412/2001/2011 2413/2002/2012 2418/2007/2017 2417/2006/2016
f 2414/2004/2014 2415/2003/2013 2420/2008/2018 2419/2009/2019
f 2415/2003/2013 2416/2005/2015 2421/2010/2020 2420/2008/2018
f 2416/2005/2015 2417/2006/2016 2422/2011/2021 2421/2010/2020
f 2417/2006/2016 2418/2007/2017 2423/2012/2022 2422/2011/2021
f 51/581/616 783/1981/2023 2399/1988/1998 324/622/614
f 784/2013/2024 2403/1996/2006 779/1979/2025 87/1978/2026
f 88/2014/2027 789/2015/2028 2423/2012/2022 788/2016/2029
f 328/625/619 2419/2009/2019 793/2017/2030 52/623/617
f 783/1981/2023 782/1987/2031 2400/1989/1999 2399/1988/1998
f 785/2018/2032 2408/1997/2007 2403/1996/2006 784/2013/2024
f 789/2015/2028 790/2019/2033 2422/2011/2021 2423/2012/2022
f 327/635/631 2414/2004/2014 2419/2009/2019 328/625/619
f 782/1987/2031 781/1985/2034 2401/1992/2002 2400/1989/1999
f 786/2020/2035 2413/2002/2012 2408/1997/2007 785/2018/2032
f 790/2019/2033 791/2021/2036 2421/2010/2020 2422/2011/2021
f 326/632/627 2409/1999/2009 2414/2004/2014 327/635/631
f 781/1985/2034 780/1983/2037 2402/1994/2004 2401/1992/2002
f 787/2022/2038 2418/2007/2017 2413/2002/2012 786/2020/2035
f 791/2021/2036 792/2023/2039 2420/2008/2018 2421/2010/2020
f 325/629/623 2404/1991/2001 2409/1999/2009 326/632/627
f 780/1983/2037 779/1979/2025 2403/1996/2006 2402/1994/2004
f 788/2016/2029 2423/2012/2022 2418/2007/2017 787/2022/2038
f 792/2023/2039 793/2017/2030 2419/2009/2019 2420/2008/2018
f 324/622/614 2399/1988/1998 2404/1991/2001 325/629/623
f 2424/2024/2040 2425/2025/2041 2430/2026/2042 2429/2027/2043
f 2425/2025/2041 2426/2028/2044 2431/2029/2045 2430/2026/2042
f 2426/2028/2044 2427/2030/2046 2432/2031/2047 2431/2029/2045
f 2427/2030/2046 2428/2032/2048 2433/2033/2049 2432/2031/2047
f 2429/2027/2043 2430/2026/2042 2435/2034/2050 2434/2035/2051
f 2430/2026/2042 2431/2029/2045 2436/2036/2052 2435/2034/2050
f 2431/2029/2045 2432/2031/2047 2437/2037/2053 2436/2036/2052
f 2432/2031/2047 2433/2033/2049 2438/2038/2054 2437/2037/2053
f 2434/2035/2051 2435/2034/2050 2440/2039/2055 2439/2040/2056
f 2435/2034/2050 2436/2036/2052 2441/2041/2057 2440/2039/2055
f 2436/2036/2052 2437/2037/2053 2442/2042/2058 2441/2041/2057
f 2437/2037/2053 2438/2038/2054 2443/2043/2059 2442/2042/2058
f 2439/2040/2056 2440/2039/2055 2445/2044/2060 2444/2045/2061
f 2440/2039/2055 2441/2041/2057 2446/2046/2062 2445/2044/2060
f 2441/2041/2057 2442/2042/2058 2447/2047/2063 2446/2046/2062
f 2442/2042/2058 2443/2043/2059 2448/2048/2064 2447/2047/2063
f 52/623/664 793/2017/2065 2424/2024/2040 339/664/662
f 794/2049/2066 2428/2032/2048 789/2015/2067 88/2014/2068
f 89/2050/2069 799/2051/2070 2448/2048/2064 798/2052/2071
f 343/667/667 2444/2045/2061 803/2053/2072 53/665/665
f 793/2017/2065 792/2023/2073 2425/2025/2041 2424/2024/2040
f 795/2054/2074 2433/2033/2049 2428/2032/2048 794/2049/2066
f 799/2051/2070 800/2055/2075 2447/2047/2063 2448/2048/2064
f 342/677/680 2439/2040/2056 2444/2045/2061 343/667/667
f 792/2023/2073 791/2021/2076 2426/2028/2044 2425/2025/2041
f 796/2056/2077 2438/2038/2054 2433/2033/2049 795/2054/2074
f 800/2055/2075 801/2057/2078 2446/2046/2062 2447/2047/2063
f 341/674/676 2434/2035/2051 2439/2040/2056 342/677/680
f 791/2021/2076 790/2019/2079 2427/2030/2046 2426/2028/2044
f 797/2058/2080 2443/2043/2059 2438/2038/2054 796/2056/2077
f 801/2057/2078 802/2059/2081 2445/2044/2060 2446/2046/2062
f 340/671/672 2429/2027/2043 2434/2035/2051 341/674/676
f 790/2019/2079 789/2015/2067 2428/2032/2048 2427/2030/2046
f 798/2052/2071 2448/2048/2064 2443/2043/2059 797/2058/2080
f 802/2059/2081 803/2053/2072 2444/2045/2061 2445/2044/2060
f 339/664/662 2424/2024/2040 2429/2027/2043 340/671/672
f 2449/2060/2082 2450/2061/2083 2455/2062/2084 2454/2063/2085
f 2450/2061/2083 2451/2064/2086 2456/2065/2087 2455/2062/2084
f 2451/2064/2086 2452/2066/2088 2457/2067/2089 2456/2065/2087
f 2452/2066/2088 2453/2068/2090 2458/2069/2091 2457/2067/2089
f 2454/2063/2085 2455/2062/2084 2460/2070/2092 2459/2071/2093
f 2455/2062/2084 2456/2065/2087 2461/2072/2094 2460/2070/2092
f 2456/2065/2087 2457/2067/2089 2462/2073/2095 2461/2072/2094
f 2457/2067/2089 2458/2069/2091 2463/2074/2096 2462/2073/2095
f 2459/2071/2093 2460/2070/2092 2465/2075/2097 2464/2076/2098
f 2460/2070/2092 2461/2072/2094 2466/2077/2099 2465/2075/2097
f 2461/2072/2094 2462/2073/2095 2467/2078/2100 2466/2077/2099
f 2462/2073/2095 2463/2074/2096 2468/2079/2101 2467/2078/2100
f 2464/2076/2098 2465/2075/2097 2470/2080/2102 2469/2081/2103
f 2465/2075/2097 2466/2077/2099 2471/2082/2104 2470/2080/2102
f 2466/2077/2099 2467/2078/2100 2472/2083/2105 2471/2082/2104
f 2467/2078/2100 2468/2079/2101 2473/2084/2106 2472/2083/2105
f 53/665/713 803/2053/2107 2449/2060/2082 354/706/711
f 804/2085/2108 2453/2068/2090 799/2051/2109 89/2050/2110
f 90/2086/2110 809/2087/2111 2473/2084/2106 808/2088/2108
f 358/709/711 2469/2081/2103 813/2089/2112 54/707/713
f 803/2053/2107 802/2059/2113 2450/2061/2083 2449/2060/2082
f 805/2090/2114 2458/2069/2091 2453/2068/2090 804/2085/2108
f 809/2087/2111 810/2091/2115 2472/2083/2105 2473/2084/2106
f 357/719/717 2464/2076/2098 2469/2081/2103 358/709/711
f 802/2059/2113 801/2057/2116 2451/2064/2086 2450/2061/2083
f 806/2092/2117 2463/2074/2096 2458/2069/2091 805/2090/2114
f 810/2091/2115 811/2093/2118 2471/2082/2104 2472/2083/2105
f 356/716/721 2459/2071/2093 2464/2076/2098 357/719/717
f 801/2057/2116 800/2055/2119 2452/2066/2088 2451/2064/2086
f 807/2094/2114 2468/2079/2101 2463/2074/2096 806/2092/2117
f 811/2093/2118 812/2095/2120 2470/2080/2102 2471/2082/2104
f 355/713/717 2454/2063/2085 2459/2071/2093 356/716/721
f 800/2055/2119 799/2051/2109 2453/2068/2090 2452/2066/2088
f 808/2088/2108 2473/2084/2106 2468/2079/2101 807/2094/2114
f 812/2095/2120 813/2089/2112 2469/2081/2103 2470/2080/2102
f 354/706/711 2449/2060/2082 2454/2063/2085 355/713/717
f 2474/2096/2121 2475/2097/2122 2480/2098/2123 2479/2099/2124
f 2475/2097/2122 2476/2100/2125 2481/2101/2126 2480/2098/2123
f 2476/2100/2125 2477/2102/2127 2482/2103/2128 2481/2101/2126
f 2477/2102/2127 2478/2104/2129 2483/2105/2130 2482/2103/2128
f 2479/2099/2124 2480/2098/2123 2485/2106/2131 2484/2107/2132
f 2480/2098/2123 2481/2101/2126 2486/2108/2133 2485/2106/2131
f 2481/2101/2126 2482/2103/2128 2487/2109/2134 2486/2108/2133
f 2482/2103/2128 2483/2105/2130 2488/2110/2135 2487/2109/2134
f 2484/2107/2132 2485/2106/2131 2490/2111/2136 2489/2112/2137
f 2485/2106/2131 2486/2108/2133 2491/2113/2138 2490/2111/2136
f 2486/2108/2133 2487/2109/2134 2492/2114/2139 2491/2113/2138
f 2487/2109/2134 2488/2110/2135 2493/2115/2140 2492/2114/2139
f 2489/2112/2137 2490/2111/2136 2495/2116/2141 2494/2117/2142
f 2490/2111/2136 2491/2113/2138 2496/2118/2143 2495/2116/2141
f 2491/2113/2138 2492/2114/2139 2497/2119/2144 2496/2118/2143
f 2492/2114/2139 2493/2115/2140 2498/2120/2145 2497/2119/2144
f 54/707/755 813/2089/2146 2474/2096/2121 369/748/753
f 814/2121/2147 2478/2104/2129 809/2087/2148 90/2086/2149
f 91/2122/2150 819/2123/2151 2498/2120/2145 818/2124/2152
f 373/751/758 2494/2117/2142 823/2125/2153 55/749/756
f 813/2089/2146 812/2095/2154 2475/2097/2122 2474/2096/2121
f 815/2126/2155 2483/2105/2130 2478/2104/2129 814/2121/2147
f 819/2123/2151 820/2127/2156 2497/2119/2144 2498/2120/2145
f 372/761/771 2489/2112/2137 2494/2117/2142 373/751/758
f 812/2095/2154 811/2093/2157 2476/2100/2125 2475/2097/2122
f 816/2128/2158 2488/2110/2135 2483/2105/2130 815/2126/2155
f 820/2127/2156 821/2129/2159 2496/2118/2143 2497/2119/2144
f 371/758/767 2484/2107/2132 2489/2112/2137 372/761/771
f 811/2093/2157 810/2091/2160 2477/2102/2127 2476/2100/2125
f 817/2130/2161 2493/2115/2140 2488/2110/2135 816/2128/2158
f 821/2129/2159 822/2131/2162 2495/2116/2141 2496/2118/2143
f 370/755/763 2479/2099/2124 2484/2107/2132 371/758/767
f 810/2091/2160 809/2087/2148 2478/2104/2129 2477/2102/2127
f 818/2124/2152 2498/2120/2145 2493/2115/2140 817/2130/2161
f 822/2131/2162 823/2125/2153 2494/2117/2142 2495/2116/2141
f 369/748/753 2474/2096/2121 2479/2099/2124 370/755/763
f 2499/2132/2163 2500/2133/2164 2505/2134/2165 2504/2135/2166
f 2500/2133/2164 2501/2136/2167 2506/2137/2168 2505/2134/2165
f 2501/2136/2167 2502/2138/2169 2507/2139/2170 2506/2137/2168
f 2502/2138/2169 2503/2140/2171 2508/2141/2172 2507/2139/2170
f 2504/2135/2166 2505/2134/2165 2510/2142/2173 2509/2143/2174
f 2505/2134/2165 2506/2137/2168 2511/2144/2175 2510/2142/2173
f 2506/2137/2168 2507/2139/2170 2512/2145/2176 2511/2144/2175
f 2507/2139/2170 2508/2141/2172 2513/2146/2177 2512/2145/2176
f 2509/2143/2174 2510/2142/2173 2515/2147/2178 2514/2148/2179
f 2510/2142/2173 2511/2144/2175 2516/2149/2180 2515/2147/2178
f 2511/2144/2175 2512/2145/2176 2517/2150/2181 2516/2149/2180
f 2512/2145/2176 2513/2146/2177 2518/2151/2182 2517/2150/2181
f 2514/2148/2179 2515/2147/2178 2520/2152/2183 2519/2153/2184
f 2515/2147/2178 2516/2149/2180 2521/2154/2185 2520/2152/2183
f 2516/2149/2180 2517/2150/2181 2522/2155/2186 2521/2154/2185
f 2517/2150/2181 2518/2151/2182 2523/2156/2187 2522/2155/2186
f 55/749/804 823/2125/2188 2499/2132/2163 384/790/802
f 824/2157/2189 2503/2140/2171 819/2123/2190 91/2122/2191
f 92/2158/2191 829/2159/2192 2523/2156/2187 828/2160/2193
f 388/793/806 2519/2153/2184 833/2161/2194 56/791/804
f 823/2125/2188 822/2131/2195 2500/2133/2164 2499/2132/2163
f 825/2162/2196 2508/2141/2172 2503/2140/2171 824/2157/2189
f 829/2159/2192 830/2163/2197 2522/2155/2186 2523/2156/2187
f 387/803/818 2514/2148/2179 2519/2153/2184 388/793/806
f 822/2131/2195 821/2129/2198 2501/2136/2167 2500/2133/2164
f 826/2164/2199 2513/2146/2177 2508/2141/2172 825/2162/2196
f 830/2163/2197 831/2165/2200 2521/2154/2185 2522/2155/2186
f 386/800/814 2509/2143/2174 2514/2148/2179 387/803/818
f 821/2129/2198 820/2127/2201 2502/2138/2169 2501/2136/2167
f 827/2166/2202 2518/2151/2182 2513/2146/2177 826/2164/2199
f 831/2165/2200 832/2167/2203 2520/2152/2183 2521/2154/2185
f 385/797/810 2504/2135/2166 2509/2143/2174 386/800/814
f 820/2127/2201 819/2123/2190 2503/2140/2171 2502/2138/2169
f 828/2160/2193 2523/2156/2187 2518/2151/2182 827/2166/2202
f 832/2167/2203 833/2161/2194 2519/2153/2184 2520/2152/2183
f 384/790/802 2499/2132/2163 2504/2135/2166 385/797/810
f 2524/2168/2204 2525/2169/2205 2530/2170/2206 2529/2171/2207
f 2525/2169/2205 2526/2172/2208 2531/2173/2209 2530/2170/2206
f 2526/2172/2208 2527/2174/2210 2532/2175/2211 2531/2173/2209
f 2527/2174/2210 2528/2176/2212 2533/2177/2213 2532/2175/2211
f 2529/2171/2207 2530/2170/2206 2535/2178/2214 2534/2179/2215
f 2530/2170/2206 2531/2173/2209 2536/2180/2216 2535/2178/2214
f 2531/2173/2209 2532/2175/2211 2537/2181/2217 2536/2180/2216
f 2532/2175/2211 2533/2177/2213 2538/2182/2218 2537/2181/2217
f 2534/2179/2215 2535/2178/2214 2540/2183/2219 2539/2184/2220
f 2535/2178/2214 2536/2180/2216 2541/2185/2221 2540/2183/2219
f 2536/2180/2216 2537/2181/2217 2542/2186/2222 2541/2185/2221
f 2537/2181/2217 2538/2182/2218 2543/2187/2223 2542/2186/2222
f 2539/2184/2220 2540/2183/2219 2545/2188/2224 2544/2189/2225
f 2540/2183/2219 2541/2185/2221 2546/2190/2226 2545/2188/2224
f 2541/2185/2221 2542/2186/2222 2547/2191/2227 2546/2190/2226
f 2542/2186/2222 2543/2187/2223 2548/2192/2228 2547/2191/2227
f 56/791/851 833/2161/2229 2524/2168/2204 399/832/849
f 834/2193/2230 2528/2176/2212 829/2159/2231 92/2158/2232
f 93/2194/2233 839/2195/2234 2548/2192/2228 838/2196/2235
f 403/835/854 2544/2189/2225 843/2197/2236 57/833/852
f 833/2161/2229 832/2167/2237 2525/2169/2205 2524/2168/2204
f 835/2198/2238 2533/2177/2213 2528/2176/2212 834/2193/2230
f 839/2195/2234 840/2199/2239 2547/2191/2227 2548/2192/2228
f 402/845/866 2539/2184/2220 2544/2189/2225 403/835/854
f 832/2167/2237 831/2165/2240 2526/2172/2208 2525/2169/2205
f 836/2200/2241 2538/2182/2218 2533/2177/2213 835/2198/2238
f 840/2199/2239 841/2201/2242 2546/2190/2226 2547/2191/2227
f 401/842/862 2534/2179/2215 2539/2184/2220 402/845/866
f 831/2165/2240 830/2163/2243 2527/2174/2210 2526/2172/2208
f 837/2202/2244 2543/2187/2223 2538/2182/2218 836/2200/2241
f 841/2201/2242 842/2203/2245 2545/2188/2224 2546/2190/2226
f 400/839/858 2529/2171/2207 2534/2179/2215 401/842/862
f 830/2163/2243 829/2159/2231 2528/2176/2212 2527/2174/2210
f 838/2196/2235 2548/2192/2228 2543/2187/2223 837/2202/2244
f 842/2203/2245 843/2197/2236 2544/2189/2225 2545/2188/2224
f 399/832/849 2524/2168/2204 2529/2171/2207 400/839/858
f 2549/2204/2246 2550/2205/2247 2555/2206/2248 2554/2207/2249
f 2550/2205/2247 2551/2208/2250 2556/2209/2251 2555/2206/2248
f 2551/2208/2250 2552/2210/2252 2557/2211/2253 2556/2209/2251
f 2552/2210/2252 2553/2212/2254 2558/2213/2255 2557/2211/2253
f 2554/2207/2249 2555/2206/2248 2560/2214/2256 2559/2215/2257
f 2555/2206/2248 2556/2209/2251 2561/2216/2258 2560/2214/2256
f 2556/2209/2251 2557/2211/2253 2562/2217/2259 2561/2216/2258
f 2557/2211/2253 2558/2213/2255 2563/2218/2260 2562/2217/2259
f 2559/2215/2257 2560/2214/2256 2565/2219/2261 2564/2220/2262
f 2560/2214/2256 2561/2216/2258 2566/2221/2263 2565/2219/2261
f 2561/2216/2258 2562/2217/2259 2567/2222/2264 2566/2221/2263
f 2562/2217/2259 2563/2218/2260 2568/2223/2265 2567/2222/2264
f 2564/2220/2262 2565/2219/2261 2570/2224/2266 2569/2225/2267
f 2565/2219/2261 2566/2221/2263 2571/2226/2268 2570/2224/2266
f 2566/2221/2263 2567/2222/2264 2572/2227/2269 2571/2226/2268
f 2567/2222/2264 2568/2223/2265 2573/2228/2270 2572/2227/2269
f 57/833/899 843/2197/2271 2549/2204/2246 414/874/897
f 844/2229/2272 2553/2212/2254 839/2195/2273 93/2194/2274
f 94/2230/2275 849/2231/2276 2573/2228/2270 848/2232/2277
f 418/877/902 2569/2225/2267 853/2233/2278 58/875/900
f 843/2197/2271 842/2203/2279 2550/2205/2247 2549/2204/2246
f 845/2234/2280 2558/2213/2255 2553/2212/2254 844/2229/2272
f 849/2231/2276 850/2235/2281 2572/2227/2269 2573/2228/2270
f 417/887/915 2564/2220/2262 2569/2225/2267 418/877/902
f 842/2203/2279 841/2201/2282 2551/2208/2250 2550/2205/2247
f 846/2236/2283 2563/2218/2260 2558/2213/2255 845/2234/2280
f 850/2235/2281 851/2237/2284 2571/2226/2268 2572/2227/2269
f 416/884/911 2559/2215/2257 2564/2220/2262 417/887/915
f 841/2201/2282 840/2199/2285 2552/2210/2252 2551/2208/2250
f 847/2238/2286 2568/2223/2265 2563/2218/2260 846/2236/2283
f 851/2237/2284 852/2239/2287 2570/2224/2266 2571/2226/2268
f 415/881/907 2554/2207/2249 2559/2215/2257 416/884/911
f 840/2199/2285 839/2195/2273 2553/2212/2254 2552/2210/2252
f 848/2232/2277 2573/2228/2270 2568/2223/2265 847/2238/2286
f 852/2239/2287 853/2233/2278 2569/2225/2267 2570/2224/2266
f 414/874/897 2549/2204/2246 2554/2207/2249 415/881/907
f 2574/2240/2288 2575/2241/2289 2580/2242/2290 2579/2243/2291
f 2575/2241/2289 2576/2244/2292 2581/2245/2293 2580/2242/2290
f 2576/2244/2292 2577/2246/2294 2582/2247/2295 2581/2245/2293
f 2577/2246/2294 2578/2248/2296 2583/2249/2297 2582/2247/2295
f 2579/2243/2291 2580/2242/2290 2585/2250/2298 2584/2251/2299
f 2580/2242/2290 2581/2245/2293 2586/2252/2300 2585/2250/2298
f 2581/2245/2293 2582/2247/2295 2587/2253/2301 2586/2252/2300
f 2582/2247/2295 2583/2249/2297 2588/2254/2302 2587/2253/2301
f 2584/2251/2299 2585/2250/2298 2590/2255/2303 2589/2256/2304
f 2585/2250/2298 2586/2252/2300 2591/2257/2305 2590/2255/2303
f 2586/2252/2300 2587/2253/2301 2592/2258/2306 2591/2257/2305
f 2587/2253/2301 2588/2254/2302 2593/2259/2307 2592/2258/2306
f 2589/2256/2304 2590/2255/2303 2595/2260/2308 2594/2261/2309
f 2590/2255/2303 2591/2257/2305 2596/2262/2310 2595/2260/2308
f 2591/2257/2305 2592/2258/2306 2597/2263/2311 2596/2262/2310
f 2592/2258/2306 2593/2259/2307 2598/2264/2312 2597/2263/2311
f 58/875/948 853/2233/2313 2574/2240/2288 429/916/946
f 854/2265/2314 2578/2248/2296 849/2231/2315 94/2230/2316
f 95/2266/2317 859/2267/2318 2598/2264/2312 858/2268/2319
f 433/919/951 2594/2261/2309 863/2269/2320 59/917/949
f 853/2233/2313 852/2239/2321 2575/2241/2289 2574/2240/2288
f 855/2270/2322 2583/2249/2297 2578/2248/2296 854/2265/2314
f 859/2267/2318 860/2271/2323 2597/2263/2311 2598/2264/2312
f 432/929/964 2589/2256/2304 2594/2261/2309 433/919/951
f 852/2239/2321 851/2237/2324 2576/2244/2292 2575/2241/2289
f 856/2272/2325 2588/2254/2302 2583/2249/2297 855/2270/2322
f 860/2271/2323 861/2273/2326 2596/2262/2310 2597/2263/2311
f 431/926/960 2584/2251/2299 2589/2256/2304 432/929/964
f 851/2237/2324 850/2235/2327 2577/2246/2294 2576/2244/2292
f 857/2274/2328 2593/2259/2307 2588/2254/2302 856/2272/2325
f 861/2273/2326 862/2275/2329 2595/2260/2308 2596/2262/2310
f 430/923/956 2579/2243/2291 2584/2251/2299 431/926/960
f 850/2235/2327 849/2231/2315 2578/2248/2296 2577/2246/2294
f 858/2268/2319 2598/2264/2312 2593/2259/2307 857/2274/2328
f 862/2275/2329 863/2269/2320 2594/2261/2309 2595/2260/2308
f 429/916/946 2574/2240/2288 2579/2243/2291 430/923/956
f 2599/2276/1495 2600/2277/1496 2605/2278/1496 2604/2279/1495
f 2600/2277/1496 2601/2280/1497 2606/2281/1497 2605/2278/1496
f 2601/2280/1497 2602/2282/1498 2607/2283/1498 2606/2281/1497
f 2602/2282/1498 2603/2284/1499 2608/2285/1499 2607/2283/1498
f 2604/2279/1495 2605/2278/1496 2610/2286/1496 2609/2287/1495
f 2605/2278/1496 2606/2281/1497 2611/2288/1497 2610/2286/1496
f 2606/2281/1497 2607/2283/1498 2612/2289/1498 2611/2288/1497
f 2607/2283/1498 2608/2285/1499 2613/2290/1499 2612/2289/1498
f 2609/2287/1495 2610/2286/1496 2615/2291/1496 2614/2292/1495
f 2610/2286/1496 2611/2288/1497 2616/2293/1497 2615/2291/1496
f 2611/2288/1497 2612/2289/1498 2617/2294/1498 2616/2293/1497
f 2612/2289/1498 2613/2290/1499 2618/2295/1499 2617/2294/1498
f 2614/2292/1495 2615/2291/1496 2620/2296/1496 2619/2297/1495
f 2615/2291/1496 2616/2293/1497 2621/2298/1497 2620/2296/1496
f 2616/2293/1497 2617/2294/1498 2622/2299/1498 2621/2298/1497
f 2617/2294/1498 2618/2295/1499 2623/2300/1499 2622/2299/1498
f 59/917/8 863/2269/1495 2599/2276/1495 444/958/8
f 864/2301/1500 2603/2284/1499 859/2267/1499 95/2266/1500
f 96/2302/1500 869/2303/1499 2623/2300/1499 868/2304/1500
f 448/961/8 2619/2297/1495 873/2305/1495 60/959/8
f 863/2269/1495 862/2275/1496 2600/2277/1496 2599/2276/1495
f 865/2306/1500 2608/2285/1499 2603/2284/1499 864/2301/1500
f 869/2303/1499 870/2307/1498 2622/2299/1498 2623/2300/1499
f 447/971/8 2614/2292/1495 2619/2297/1495 448/961/8
f 862/2275/1496 861/2273/1497 2601/2280/1497 2600/2277/1496
f 866/2308/1500 2613/2290/1499 2608/2285/1499 865/2306/1500
f 870/2307/1498 871/2309/1497 2621/2298/1497 2622/2299/1498
f 446/968/8 2609/2287/1495 2614/2292/1495 447/971/8
f 861/2273/1497 860/2271/1498 2602/2282/1498 2601/2280/1497
f 867/2310/1500 2618/2295/1499 2613/2290/1499 866/2308/1500
f 871/2309/1497 872/2311/2330 2620/2296/1496 2621/2298/1497
f 445/965/8 2604/2279/1495 2609/2287/1495 446/968/8
f 860/2271/1498 859/2267/1499 2603/2284/1499 2602/2282/1498
f 868/2304/1500 2623/2300/1499 2618/2295/1499 867/2310/1500
f 872/2311/2330 873/2305/1495 2619/2297/1495 2620/2296/1496
f 444/958/8 2599/2276/1495 2604/2279/1495 445/965/8
f 2624/2312/2331 2625/2313/2332 2630/2314/2333 2629/2315/2334
f 2625/2313/2332 2626/2316/2335 2631/2317/2336 2630/2314/2333
f 2626/2316/2335 2627/2318/2337 2632/2319/2338 2631/2317/2336
f 2627/2318/2337 2628/2320/2339 2633/2321/2340 2632/2319/2338
f 2629/2315/2334 2630/2314/2333 2635/2322/2341 2634/2323/2342
f 2630/2314/2333 2631/2317/2336 2636/2324/2343 2635/2322/2341
f 2631/2317/2336 2632/2319/2338 2637/2325/2344 2636/2324/2343
f 2632/2319/2338 2633/2321/2340 2638/2326/2345 2637/2325/2344
f 2634/2323/2342 2635/2322/2341 2640/2327/2346 2639/2328/2347
f 2635/2322/2341 2636/2324/2343 2641/2329/2348 2640/2327/2346
f 2636/2324/2343 2637/2325/2344 2642/2330/2349 2641/2329/2348
f 2637/2325/2344 2638/2326/2345 2643/2331/2350 2642/2330/2349
f 2639/2328/2347 2640/2327/2346 2645/2332/2351 2644/2333/2352
f 2640/2327/2346 2641/2329/2348 2646/2334/2353 2645/2332/2351
f 2641/2329/2348 2642/2330/2349 2647/2335/2354 2646/2334/2353
f 2642/2330/2349 2643/2331/2350 2648/2336/2355 2647/2335/2354
f 60/959/997 873/2305/2356 2624/2312/2331 459/1000/995
f 874/2337/2357 2628/2320/2339 869/2303/2358 96/2302/2359
f 97/2338/2360 879/2339/2361 2648/2336/2355 878/2340/2362
f 463/1003/1000 2644/2333/2352 883/2341/2363 61/1001/998
f 873/2305/2356 872/2311/2364 2625/2313/2332 2624/2312/2331
f 875/2342/2365 2633/2321/2340 2628/2320/2339 874/2337/2357
f 879/2339/2361 880/2343/2366 2647/2335/2354 2648/2336/2355
f 462/1013/1013 2639/2328/2347 2644/2333/2352 463/1003/1000
f 872/2311/2364 871/2309/2367 2626/2316/2335 2625/2313/2332
f 876/2344/2368 2638/2326/2345 2633/2321/2340 875/2342/2365
f 880/2343/2366 881/2345/2369 2646/2334/2353 2647/2335/2354
f 461/1010/1009 2634/2323/2342 2639/2328/2347 462/1013/1013
f 871/2309/2367 870/2307/2370 2627/2318/2337 2626/2316/2335
f 877/2346/2371 2643/2331/2350 2638/2326/2345 876/2344/2368
f 881/2345/2369 882/2347/2372 2645/2332/2351 2646/2334/2353
f 460/1007/1005 2629/2315/2334 2634/2323/2342 461/1010/1009
f 870/2307/2370 869/2303/2358 2628/2320/2339 2627/2318/2337
f 878/2340/2362 2648/2336/2355 2643/2331/2350 877/2346/2371
f 882/2347/2372 883/2341/2363 2644/2333/2352 2645/2332/2351
f 459/1000/995 2624/2312/2331 2629/2315/2334 460/1007/1005
f 2649/2348/2373 2650/2349/2374 2655/2350/2375 2654/2351/2376
f 2650/2349/2374 2651/2352/2377 2656/2353/2378 2655/2350/2375
f 2651/2352/2377 2652/2354/2379 2657/2355/2380 2656/2353/2378
f 2652/2354/2379 2653/2356/2381 2658/2357/2382 2657/2355/2380
f 2654/2351/2376 2655/2350/2375 2660/2358/2383 2659/2359/2384
f 2655/2350/2375 2656/2353/2378 2661/2360/2385 2660/2358/2383
f 2656/2353/2378 2657/2355/2380 2662/2361/2386 2661/2360/2385
f 2657/2355/2380 2658/2357/2382 2663/2362/2387 2662/2361/2386
f 2659/2359/2384 2660/2358/2383 2665/2363/2388 2664/2364/2389
f 2660/2358/2383 2661/2360/2385 2666/2365/2390 2665/2363/2388
f 2661/2360/2385 2662/2361/2386 2667/2366/2391 2666/2365/2390
f 2662/2361/2386 2663/2362/2387 2668/2367/2392 2667/2366/2391
f 2664/2364/2389 2665/2363/2388 2670/2368/2393 2669/2369/2394
f 2665/2363/2388 2666/2365/2390 2671/2370/2395 2670/2368/2393
f 2666/2365/2390 2667/2366/2391 2672/2371/2396 2671/2370/2395
f 2667/2366/2391 2668/2367/2392 2673/2372/2397 2672/2371/2396
f 61/1001/1046 883/2341/2398 2649/2348/2373 474/1042/1044
f 884/2373/2399 2653/2356/2381 879/2339/2400 97/2338/2401
f 98/2374/2402 889/2375/2403 2673/2372/2397 888/2376/2404
f 478/1045/1049 2669/2369/2394 893/2377/2405 62/1043/1047
f 883/2341/2398 882/2347/2406 2650/2349/2374 2649/2348/2373
f 885/2378/2407 2658/2357/2382 2653/2356/2381 884/2373/2399
f 889/2375/2403 890/2379/2408 2672/2371/2396 2673/2372/2397
f 477/1055/1062 2664/2364/2389 2669/2369/2394 478/1045/1049
f 882/2347/2406 881/2345/2409 2651/2352/2377 2650/2349/2374
f 886/2380/2410 2663/2362/2387 2658/2357/2382 885/2378/2407
f 890/2379/2408 891/2381/2411 2671/2370/2395 2672/2371/2396
f 476/1052/1058 2659/2359/2384 2664/2364/2389 477/1055/1062
f 881/2345/2409 880/2343/2412 2652/2354/2379 2651/2352/2377
f 887/2382/2413 2668/2367/2392 2663/2362/2387 886/2380/2410
f 891/2381/2411 892/2383/2414 2670/2368/2393 2671/2370/2395
f 475/1049/1054 2654/2351/2376 2659/2359/2384 476/1052/1058
f 880/2343/2412 879/2339/2400 2653/2356/2381 2652/2354/2379
f 888/2376/2404 2673/2372/2397 2668/2367/2392 887/2382/2413
f 892/2383/2414 893/2377/2405 2669/2369/2394 2670/2368/2393
f 474/1042/1044 2649/2348/2373 2654/2351/2376 475/1049/1054
f 2674/2384/2415 2675/2385/2416 2680/2386/2417 2679/2387/2418
f 2675/2385/2416 2676/2388/2419 2681/2389/2420 2680/2386/2417
f 2676/2388/2419 2677/2390/2421 2682/2391/2422 2681/2389/2420
f 2677/2390/2421 2678/2392/2423 2683/2393/2424 2682/2391/2422
f 2679/2387/2418 2680/2386/2417 2685/2394/2425 2684/2395/2426
f 2680/2386/2417 2681/2389/2420 2686/2396/2427 2685/2394/2425
f 2681/2389/2420 2682/2391/2422 2687/2397/2428 2686/2396/2427
f 2682/2391/2422 2683/2393/2424 2688/2398/2429 2687/2397/2428
f 2684/2395/2426 2685/2394/2425 2690/2399/2430 2689/2400/2431
f 2685/2394/2425 2686/2396/2427 2691/2401/2432 2690/2399/2430
f 2686/2396/2427 2687/2397/2428 2692/2402/2433 2691/2401/2432
f 2687/2397/2428 2688/2398/2429 2693/2403/2434 2692/2402/2433
f 2689/2400/2431 2690/2399/2430 2695/2404/2435 2694/2405/2436
f 2690/2399/2430 2691/2401/2432 2696/2406/2437 2695/2404/2435
f 2691/2401/2432 2692/2402/2433 2697/2407/2438 2696/2406/2437
f 2692/2402/2433 2693/2403/2434 2698/2408/2439 2697/2407/2438
f 62/1043/1095 893/2377/2440 2674/2384/2415 489/1084/1093
f 894/2409/2441 2678/2392/2423 889/2375/2442 98/2374/2443
f 99/2410/2444 899/2411/2445 2698/2408/2439 898/2412/2446
f 493/1087/1098 2694/2405/2436 903/2413/2447 63/1085/1096
f 893/2377/2440 892/2383/2448 2675/2385/2416 2674/2384/2415
f 895/2414/2449 2683/2393/2424 2678/2392/2423 894/2409/2441
f 899/2411/2445 900/2415/2450 2697/2407/2438 2698/2408/2439
f 492/1097/1111 2689/2400/2431 2694/2405/2436 493/1087/1098
f 892/2383/2448 891/2381/2451 2676/2388/2419 2675/2385/2416
f 896/2416/2452 2688/2398/2429 2683/2393/2424 895/2414/2449
f 900/2415/2450 901/2417/2453 2696/2406/2437 2697/2407/2438
f 491/1094/1107 2684/2395/2426 2689/2400/2431 492/1097/1111
f 891/2381/2451 890/2379/2454 2677/2390/2421 2676/2388/2419
f 897/2418/2455 2693/2403/2434 2688/2398/2429 896/2416/2452
f 901/2417/2453 902/2419/2456 2695/2404/2435 2696/2406/2437
f 490/1091/1103 2679/2387/2418 2684/2395/2426 491/1094/1107
f 890/2379/2454 889/2375/2442 2678/2392/2423 2677/2390/2421
f 898/2412/2446 2698/2408/2439 2693/2403/2434 897/2418/2455
f 902/2419/2456 903/2413/2447 2694/2405/2436 2695/2404/2435
f 489/1084/1093 2674/2384/2415 2679/2387/2418 490/1091/1103
f 2699/2420/2457 2700/2421/2458 2705/2422/2459 2704/2423/2460
f 2700/2421/2458 2701/2424/2461 2706/2425/2462 2705/2422/2459
f 2701/2424/2461 2702/2426/2463 2707/2427/2464 2706/2425/2462
f 2702/2426/2463 2703/2428/2465 2708/2429/2466 2707/2427/2464
f 2704/2423/2460 2705/2422/2459 2710/2430/2467 2709/2431/2468
f 2705/2422/2459 2706/2425/2462 2711/2432/2469 2710/2430/2467
f 2706/2425/2462 2707/2427/2464 2712/2433/2470 2711/2432/2469
f 2707/2427/2464 2708/2429/2466 2713/2434/2471 2712/2433/2470
f 2709/2431/2468 2710/2430/2467 2715/2435/2472 2714/2436/2473
f 2710/2430/2467 2711/2432/2469 2716/2437/2474 2715/2435/2472
f 2711/2432/2469 2712/2433/2470 2717/2438/2475 2716/2437/2474
f 2712/2433/2470 2713/2434/2471 2718/2439/2476 2717/2438/2475
f 2714/2436/2473 2715/2435/2472 2720/2440/2477 2719/2441/2478
f 2715/2435/2472 2716/2437/2474 2721/2442/2479 2720/2440/2477
f 2716/2437/2474 2717/2438/2475 2722/2443/2480 2721/2442/2479
f 2717/2438/2475 2718/2439/2476 2723/2444/2481 2722/2443/2480
f 63/1085/1144 903/2413/2482 2699/2420/2457 504/1126/1142
f 904/2445/2483 2703/2428/2465 899/2411/2484 99/2410/2485
f 100/2446/2486 909/2447/2487 2723/2444/2481 908/2448/2488
f 508/1129/1147 2719/2441/2478 913/2449/2489 64/1127/1145
f 903/2413/2482 902/2419/2490 2700/2421/2458 2699/2420/2457
f 905/2450/2491 2708/2429/2466 2703/2428/2465 904/2445/2483
f 909/2447/2487 910/2451/2492 2722/2443/2480 2723/2444/2481
f 507/1139/1160 2714/2436/2473 2719/2441/2478 508/1129/1147
f 902/2419/2490 901/2417/2493 2701/2424/2461 2700/2421/2458
f 906/2452/2494 2713/2434/2471 2708/2429/2466 905/2450/2491
f 910/2451/2492 911/2453/2495 2721/2442/2479 2722/2443/2480
f 506/1136/1156 2709/2431/2468 2714/2436/2473 507/1139/1160
f 901/2417/2493 900/2415/2496 2702/2426/2463 2701/2424/2461
f 907/2454/2497 2718/2439/2476 2713/2434/2471 906/2452/2494
f 911/2453/2495 912/2455/2498 2720/2440/2477 2721/2442/2479
f 505/1133/1152 2704/2423/2460 2709/2431/2468 506/1136/1156
f 900/2415/2496 899/2411/2484 2703/2428/2465 2702/2426/2463
f 908/2448/2488 2723/2444/2481 2718/2439/2476 907/2454/2497
f 912/2455/2498 913/2449/2489 2719/2441/2478 2720/2440/2477
f 504/1126/1142 2699/2420/2457 2704/2423/2460 505/1133/1152
f 2724/2456/2499 2725/2457/2500 2730/2458/2501 2729/2459/2502
f 2725/2457/2500 2726/2460/2503 2731/2461/2504 2730/2458/2501
f 2726/2460/2503 2727/2462/2505 2732/2463/2506 2731/2461/2504
f 2727/2462/2505 2728/2464/2507 2733/2465/2508 2732/2463/2506
f 2729/2459/2502 2730/2458/2501 2735/2466/2509 2734/2467/2510
f 2730/2458/2501 2731/2461/2504 2736/2468/2511 2735/2466/2509
f 2731/2461/2504 2732/2463/2506 2737/2469/2512 2736/2468/2511
f 2732/2463/2506 2733/2465/2508 2738/2470/2513 2737/2469/2512
f 2734/2467/2510 2735/2466/2509 2740/2471/2514 2739/2472/2515
f 2735/2466/2509 2736/2468/2511 2741/2473/2516 2740/2471/2514
f 2736/2468/2511 2737/2469/2512 2742/2474/2517 2741/2473/2516
f 2737/2469/2512 2738/2470/2513 2743/2475/2518 2742/2474/2517
f 2739/2472/2515 2740/2471/2514 2745/2476/2519 2744/2477/2520
f 2740/2471/2514 2741/2473/2516 2746/2478/2521 2745/2476/2519
f 2741/2473/2516 2742/2474/2517 2747/2479/2522 2746/2478/2521
f 2742/2474/2517 2743/2475/2518 2748/2480/2523 2747/2479/2522
f 64/1127/1193 913/2449/2524 2724/2456/2499 519/1168/1191
f 914/2481/2525 2728/2464/2507 909/2447/2526 100/2446/2527
f 101/2482/2527 919/2483/2528 2748/2480/2523 918/2484/2529
f 523/1171/1195 2744/2477/2520 923/2485/2530 65/1169/1193
f 913/2449/2524 912/2455/2531 2725/2457/2500 2724/2456/2499
f 915/2486/2532 2733/2465/2508 2728/2464/2507 914/2481/2525
f 919/2483/2528 920/2487/2533 2747/2479/2522 2748/2480/2523
f 522/1181/1207 2739/2472/2515 2744/2477/2520 523/1171/1195
f 912/2455/2531 911/2453/2534 2726/2460/2503 2725/2457/2500
f 916/2488/2535 2738/2470/2513 2733/2465/2508 915/2486/2532
f 920/2487/2533 921/2489/2536 2746/2478/2521 2747/2479/2522
f 521/1178/1203 2734/2467/2510 2739/2472/2515 522/1181/1207
f 911/2453/2534 910/2451/2537 2727/2462/2505 2726/2460/2503
f 917/2490/2538 2743/2475/2518 2738/2470/2513 916/2488/2535
f 921/2489/2536 922/2491/2539 2745/2476/2519 2746/2478/2521
f 520/1175/1199 2729/2459/2502 2734/2467/2510 521/1178/1203
f 910/2451/2537 909/2447/2526 2728/2464/2507 2727/2462/2505
f 918/2484/2529 2748/2480/2523 2743/2475/2518 917/2490/2538
f 922/2491/2539 923/2485/2530 2744/2477/2520 2745/2476/2519
f 519/1168/1191 2724/2456/2499 2729/2459/2502 520/1175/1199
f 2749/2492/2540 2750/2493/2541 2755/2494/2542 2754/2495/2543
f 2750/2493/2541 2751/2496/2544 2756/2497/2545 2755/2494/2542
f 2751/2496/2544 2752/2498/2546 2757/2499/2547 2756/2497/2545
f 2752/2498/2546 2753/2500/2548 2758/2501/2549 2757/2499/2547
f 2754/2495/2543 2755/2494/2542 2760/2502/2550 2759/2503/2551
f 2755/2494/2542 2756/2497/2545 2761/2504/2552 2760/2502/2550
f 2756/2497/2545 2757/2499/2547 2762/2505/2553 2761/2504/2552
f 2757/2499/2547 2758/2501/2549 2763/2506/2554 2762/2505/2553
f 2759/2503/2551 2760/2502/2550 2765/2507/2555 2764/2508/2556
f 2760/2502/2550 2761/2504/2552 2766/2509/2557 2765/2507/2555
f 2761/2504/2552 2762/2505/2553 2767/2510/2558 2766/2509/2557
f 2762/2505/2553 2763/2506/2554 2768/2511/2559 2767/2510/2558
f 2764/2508/2556 2765/2507/2555 2770/2512/2560 2769/2513/2561
f 2765/2507/2555 2766/2509/2557 2771/2514/2562 2770/2512/2560
f 2766/2509/2557 2767/2510/2558 2772/2515/2563 2771/2514/2562
f 2767/2510/2558 2768/2511/2559 2773/2516/2564 2772/2515/2563
f 65/1169/1240 923/2485/2565 2749/2492/2540 534/1210/1238
f 924/2517/2566 2753/2500/2548 919/2483/2567 101/2482/2568
f 102/2518/2569 929/2519/2570 2773/2516/2564 928/2520/2571
f 538/1213/1243 2769/2513/2561 933/2521/2572 66/1211/1241
f 923/2485/2565 922/2491/2573 2750/2493/2541 2749/2492/2540
f 925/2522/2574 2758/2501/2549 2753/2500/2548 924/2517/2566
f 929/2519/2570 930/2523/2575 2772/2515/2563 2773/2516/2564
f 537/1223/1256 2764/2508/2556 2769/2513/2561 538/1213/1243
f 922/2491/2573 921/2489/2576 2751/2496/2544 2750/2493/2541
f 926/2524/2577 2763/2506/2554 2758/2501/2549 925/2522/2574
f 930/2523/2575 931/2525/2578 2771/2514/2562 2772/2515/2563
f 536/1220/1252 2759/2503/2551 2764/2508/2556 537/1223/1256
f 921/2489/2576 920/2487/2579 2752/2498/2546 2751/2496/2544
f 927/2526/2580 2768/2511/2559 2763/2506/2554 926/2524/2577
f 931/2525/2578 932/2527/2581 2770/2512/2560 2771/2514/2562
f 535/1217/1248 2754/2495/2543 2759/2503/2551 536/1220/1252
f 920/2487/2579 919/2483/2567 2753/2500/2548 2752/2498/2546
f 928/2520/2571 2773/2516/2564 2768/2511/2559 927/2526/2580
f 932/2527/2581 933/2521/2572 2769/2513/2561 2770/2512/2560
f 534/1210/1238 2749/2492/2540 2754/2495/2543 535/1217/1248
f 2774/2528/2582 2775/2529/2583 2780/2530/2584 2779/2531/2585
f 2775/2529/2583 2776/2532/2586 2781/2533/2587 2780/2530/2584
f 2776/2532/2586 2777/2534/2588 2782/2535/2589 2781/2533/2587
f 2777/2534/2588 2778/2536/2590 2783/2537/2591 2782/2535/2589
f 2779/2531/2585 2780/2530/2584 2785/2538/2592 2784/2539/2593
f 2780/2530/2584 2781/2533/2587 2786/2540/2594 2785/2538/2592
f 2781/2533/2587 2782/2535/2589 2787/2541/2595 2786/2540/2594
f 2782/2535/2589 2783/2537/2591 2788/2542/2596 2787/2541/2595
f 2784/2539/2593 2785/2538/2592 2790/2543/2597 2789/2544/2598
f 2785/2538/2592 2786/2540/2594 2791/2545/2599 2790/2543/2597
f 2786/2540/2594 2787/2541/2595 2792/2546/2600 2791/2545/2599
f 2787/2541/2595 2788/2542/2596 2793/2547/2601 2792/2546/2600
f 2789/2544/2598 2790/2543/2597 2795/2548/2602 2794/2549/2603
f 2790/2543/2597 2791/2545/2599 2796/2550/2604 2795/2548/2602
f 2791/2545/2599 2792/2546/2600 2797/2551/2605 2796/2550/2604
f 2792/2546/2600 2793/2547/2601 2798/2552/2606 2797/2551/2605
f 66/1211/1289 933/2521/2607 2774/2528/2582 549/1252/1287
f 934/2553/2608 2778/2536/2590 929/2519/2609 102/2518/2610
f 103/2554/2611 939/2555/2612 2798/2552/2606 938/2556/2613
f 553/1255/1292 2794/2549/2603 943/2557/2614 67/1253/1290
f 933/2521/2607 932/2527/2615 2775/2529/2583 2774/2528/2582
f 935/2558/2616 2783/2537/2591 2778/2536/2590 934/2553/2608
f 939/2555/2612 940/2559/2617 2797/2551/2605 2798/2552/2606
f 552/1265/1305 2789/2544/2598 2794/2549/2603 553/1255/1292
f 932/2527/2615 931/2525/2618 2776/2532/2586 2775/2529/2583
f 936/2560/2619 2788/2542/2596 2783/2537/2591 935/2558/2616
f 940/2559/2617 941/2561/2620 2796/2550/2604 2797/2551/2605
f 551/1262/1301 2784/2539/2593 2789/2544/2598 552/1265/1305
f 931/2525/2618 930/2523/2621 2777/2534/2588 2776/2532/2586
f 937/2562/2622 2793/2547/2601 2788/2542/2596 936/2560/2619
f 941/2561/2620 942/2563/2623 2795/2548/2602 2796/2550/2604
f 550/1259/1297 2779/2531/2585 2784/2539/2593 551/1262/1301
f 930/2523/2621 929/2519/2609 2778/2536/2590 2777/2534/2588
f 938/2556/2613 2798/2552/2606 2793/2547/2601 937/2562/2622
f 942/2563/2623 943/2557/2614 2794/2549/2603 2795/2548/2602
f 549/1252/1287 2774/2528/2582 2779/2531/2585 550/1259/1297
f 2799/2564/2624 2800/2565/2625 2805/2566/2626 2804/2567/2627
f 2800/2565/2625 2801/2568/2628 2806/2569/2629 2805/2566/2626
f 2801/2568/2628 2802/2570/2630 2807/2571/2631 2806/2569/2629
f 2802/2570/2630 2803/2572/2632 2808/2573/2633 2807/2571/2631
f 2804/2567/2627 2805/2566/2626 2810/2574/2634 2809/2575/2635
f 2805/2566/2626 2806/2569/2629 2811/2576/2636 2810/2574/2634
f 2806/2569/2629 2807/2571/2631 2812/2577/2637 2811/2576/2636
f 2807/2571/2631 2808/2573/2633 2813/2578/2638 2812/2577/2637
f 2809/2575/2635 2810/2574/2634 2815/2579/2639 2814/2580/2640
f 2810/2574/2634 2811/2576/2636 2816/2581/2629 2815/2579/2639
f 2811/2576/2636 2812/2577/2637 2817/2582/2641 2816/2581/2629
f 2812/2577/2637 2813/2578/2638 2818/2583/2642 2817/2582/2641
f 2814/2580/2640 2815/2579/2639 2820/2584/2643 2819/2585/2644
f 2815/2579/2639 2816/2581/2629 2821/2586/2628 2820/2584/2643
f 2816/2581/2629 2817/2582/2641 2822/2587/2645 2821/2586/2628
f 2817/2582/2641 2818/2583/2642 2823/2588/2646 2822/2587/2645
f 67/1253/1336 943/2557/2647 2799/2564/2624 564/1294/1334
f 944/2589/2648 2803/2572/2632 939/2555/2649 103/2554/2650
f 104/2590/2650 949/2591/2651 2823/2588/2646 948/2592/2648
f 568/1297/1334 2819/2585/2644 953/2593/2652 68/1295/1336
f 943/2557/2647 942/2563/2653 2800/2565/2625 2799/2564/2624
f 945/2594/2654 2808/2573/2633 2803/2572/2632 944/2589/2648
f 949/2591/2651 950/2595/2655 2822/2587/2645 2823/2588/2646
f 567/1307/1340 2814/2580/2640 2819/2585/2644 568/1297/1334
f 942/2563/2653 941/2561/2656 2801/2568/2628 2800/2565/2625
f 946/2596/2657 2813/2578/2638 2808/2573/2633 945/2594/2654
f 950/2595/2655 951/2597/2656 2821/2586/2628 2822/2587/2645
f 566/1304/1344 2809/2575/2635 2814/2580/2640 567/1307/1340
f 941/2561/2656 940/2559/2658 2802/2570/2630 2801/2568/2628
f 947/2598/2654 2818/2583/2642 2813/2578/2638 946/2596/2657
f 951/2597/2656 952/2599/2659 2820/2584/2643 2821/2586/2628
f 565/1301/1340 2804/2567/2627 2809/2575/2635 566/1304/1344
f 940/2559/2658 939/2555/2649 2803/2572/2632 2802/2570/2630
f 948/2592/2648 2823/2588/2646 2818/2583/2642 947/2598/2654
f 952/2599/2659 953/2593/2652 2819/2585/2644 2820/2584/2643
f 564/1294/1334 2799/2564/2624 2804/2567/2627 565/1301/1340
f 2824/2600/2660 2825/2601/2661 2830/2602/2662 2829/2603/2663
f 2825/2601/2661 2826/2604/2664 2831/2605/2665 2830/2602/2662
f 2826/2604/2664 2827/2606/2666 2832/2607/2667 2831/2605/2665
f 2827/2606/2666 2828/2608/2668 2833/2609/2669 2832/2607/2667
f 2829/2603/2663 2830/2602/2662 2835/2610/2670 2834/2611/2671
f 2830/2602/2662 2831/2605/2665 2836/2612/2672 2835/2610/2670
f 2831/2605/2665 2832/2607/2667 2837/2613/2673 2836/2612/2672
f 2832/2607/2667 2833/2609/2669 2838/2614/2674 2837/2613/2673
f 2834/2611/2671 2835/2610/2670 2840/2615/2675 2839/2616/2676
f 2835/2610/2670 2836/2612/2672 2841/2617/2677 2840/2615/2675
f 2836/2612/2672 2837/2613/2673 2842/2618/2678 2841/2617/2677
f 2837/2613/2673 2838/2614/2674 2843/2619/2679 2842/2618/2678
f 2839/2616/2676 2840/2615/2675 2845/2620/2680 2844/2621/2681
f 2840/2615/2675 2841/2617/2677 2846/2622/2682 2845/2620/2680
f 2841/2617/2677 2842/2618/2678 2847/2623/2683 2846/2622/2682
f 2842/2618/2678 2843/2619/2679 2848/2624/2684 2847/2623/2683
f 68/1295/1378 953/2593/2685 2824/2600/2660 579/1336/1376
f 954/2625/2686 2828/2608/2668 949/2591/2687 104/2590/2688
f 105/2626/2689 959/2627/2690 2848/2624/2684 958/2628/2691
f 583/1339/1381 2844/2621/2681 963/2629/2692 69/1337/1379
f 953/2593/2685 952/2599/2693 2825/2601/2661 2824/2600/2660
f 955/2630/2694 2833/2609/2669 2828/2608/2668 954/2625/2686
f 959/2627/2690 960/2631/2695 2847/2623/2683 2848/2624/2684
f 582/1349/1394 2839/2616/2676 2844/2621/2681 583/1339/1381
f 952/2599/2693 951/2597/2696 2826/2604/2664 2825/2601/2661
f 956/2632/2697 2838/2614/2674 2833/2609/2669 955/2630/2694
f 960/2631/2695 961/2633/2698 2846/2622/2682 2847/2623/2683
f 581/1346/1390 2834/2611/2671 2839/2616/2676 582/1349/1394
f 951/2597/2696 950/2595/2699 2827/2606/2666 2826/2604/2664
f 957/2634/2700 2843/2619/2679 2838/2614/2674 956/2632/2697
f 961/2633/2698 962/2635/2701 2845/2620/2680 2846/2622/2682
f 580/1343/1386 2829/2603/2663 2834/2611/2671 581/1346/1390
f 950/2595/2699 949/2591/2687 2828/2608/2668 2827/2606/2666
f 958/2628/2691 2848/2624/2684 2843/2619/2679 957/2634/2700
f 962/2635/2701 963/2629/2692 2844/2621/2681 2845/2620/2680
f 579/1336/1376 2824/2600/2660 2829/2603/2663 580/1343/1386
f 2849/2636/1495 2850/2637/1496 2855/2638/1496 2854/2639/1495
f 2850/2637/1496 2851/2640/1497 2856/2641/1497 2855/2638/1496
f 2851/2640/1497 2852/2642/1498 2857/2643/1498 2856/2641/1497
f 2852/2642/1498 2853/2644/1499 2858/2645/1499 2857/2643/1498
f 2854/2639/1495 2855/2638/1496 2860/2646/1496 2859/2647/1495
f 2855/2638/1496 2856/2641/1497 2861/2648/1497 2860/2646/1496
f 2856/2641/1497 2857/2643/1498 2862/2649/1498 2861/2648/1497
f 2857/2643/1498 2858/2645/1499 2863/2650/1499 2862/2649/1498
f 2859/2647/1495 2860/2646/1496 2865/2651/1496 2864/2652/1495
f 2860/2646/1496 2861/2648/1497 2866/2653/1497 2865/2651/1496
f 2861/2648/1497 2862/2649/1498 2867/2654/1498 2866/2653/1497
f 2862/2649/1498 2863/2650/1499 2868/2655/1499 2867/2654/1498
f 2864/2652/1495 2865/2651/1496 2870/2656/1496 2869/2657/1495
f 2865/2651/1496 2866/2653/1497 2871/2658/1497 2870/2656/1496
f 2866/2653/1497 2867/2654/1498 2872/2659/1498 2871/2658/1497
f 2867/2654/1498 2868/2655/1499 2873/2660/1499 2872/2659/1498
f 69/1337/8 963/2629/1495 2849/2636/1495 594/1378/8
f 964/2661/1500 2853/2644/1499 959/2627/1499 105/2626/1500
f 106/2662/1500 969/2663/2702 2873/2660/1499 968/2664/1500
f 598/1381/8 2869/2657/1495 973/2665/1495 70/1379/8
f 963/2629/1495 962/2635/2330 2850/2637/1496 2849/2636/1495
f 965/2666/1500 2858/2645/1499 2853/2644/1499 964/2661/1500
f 969/2663/2702 970/2667/1498 2872/2659/1498 2873/2660/1499
f 597/1391/8 2864/2652/1495 2869/2657/1495 598/1381/8
f 962/2635/2330 961/2633/1497 2851/2640/1497 2850/2637/1496
f 966/2668/1500 2863/2650/1499 2858/2645/1499 965/2666/1500
f 970/2667/1498 971/2669/1497 2871/2658/1497 2872/2659/1498
f 596/1388/8 2859/2647/1495 2864/2652/1495 597/1391/8
f 961/2633/1497 960/2631/2703 2852/2642/1498 2851/2640/1497
f 967/2670/1500 2868/2655/1499 2863/2650/1499 966/2668/1500
f 971/2669/1497 972/2671/2330 2870/2656/1496 2871/2658/1497
f 595/1385/8 2854/2639/1495 2859/2647/1495 596/1388/8
f 960/2631/2703 959/2627/1499 2853/2644/1499 2852/2642/1498
f 968/2664/1500 2873/2660/1499 2868/2655/1499 967/2670/1500
f 972/2671/2330 973/2665/1495 2869/2657/1495 2870/2656/1496
f 594/1378/8 2849/2636/1495 2854/2639/1495 595/1385/8
f 2874/2672/2704 2875/2673/2705 2880/2674/2706 2879/2675/2707
f 2875/2673/2705 2876/2676/2708 2881/2677/2709 2880/2674/2706
f 2876/2676/2708 2877/2678/2710 2882/2679/2711 2881/2677/2709
f 2877/2678/2710 2878/2680/2712 2883/2681/2713 2882/2679/2711
f 2879/2675/2707 2880/2674/2706 2885/2682/2714 2884/2683/2715
f 2880/2674/2706 2881/2677/2709 2886/2684/2716 2885/2682/2714
f 2881/2677/2709 2882/2679/2711 2887/2685/2717 2886/2684/2716
f 2882/2679/2711 2883/2681/2713 2888/2686/2718 2887/2685/2717
f 2884/2683/2715 2885/2682/2714 2890/2687/2719 2889/2688/2720
f 2885/2682/2714 2886/2684/2716 2891/2689/2721 2890/2687/2719
f 2886/2684/2716 2887/2685/2717 2892/2690/2722 2891/2689/2721
f 2887/2685/2717 2888/2686/2718 2893/2691/2723 2892/2690/2722
f 2889/2688/2720 2890/2687/2719 2895/2692/2724 2894/2693/2725
f 2890/2687/2719 2891/2689/2721 2896/2694/2726 2895/2692/2724
f 2891/2689/2721 2892/2690/2722 2897/2695/2727 2896/2694/2726
f 2892/2690/2722 2893/2691/2723 2898/2696/2728 2897/2695/2727
f 70/1379/1427 973/2665/2729 2874/2672/2704 609/1420/1425
f 974/2697/2730 2878/2680/2712 969/2663/2731 106/2662/2732
f 107/2698/2733 979/2699/2734 2898/2696/2728 978/2700/2735
f 613/1423/1430 2894/2693/2725 983/2701/2736 71/1421/1428
f 973/2665/2729 972/2671/2737 2875/2673/2705 2874/2672/2704
f 975/2702/2738 2883/2681/2713 2878/2680/2712 974/2697/2730
f 979/2699/2734 980/2703/2739 2897/2695/2727 2898/2696/2728
f 612/1433/1443 2889/2688/2720 2894/2693/2725 613/1423/1430
f 972/2671/2737 971/2669/2740 2876/2676/2708 2875/2673/2705
f 976/2704/2741 2888/2686/2718 2883/2681/2713 975/2702/2738
f 980/2703/2739 981/2705/2742 2896/2694/2726 2897/2695/2727
f 611/1430/1439 2884/2683/2715 2889/2688/2720 612/1433/1443
f 971/2669/2740 970/2667/2743 2877/2678/2710 2876/2676/2708
f 977/2706/2744 2893/2691/2723 2888/2686/2718 976/2704/2741
f 981/2705/2742 982/2707/2745 2895/2692/2724 2896/2694/2726
f 610/1427/1435 2879/2675/2707 2884/2683/2715 611/1430/1439
f 970/2667/2743 969/2663/2731 2878/2680/2712 2877/2678/2710
f 978/2700/2735 2898/2696/2728 2893/2691/2723 977/2706/2744
f 982/2707/2745 983/2701/2736 2894/2693/2725 2895/2692/2724
f 609/1420/1425 2874/2672/2704 2879/2675/2707 610/1427/1435
f 2899/2708/2746 2900/2709/2747 2905/2710/2748 2904/2711/2749
f 2900/2709/2747 2901/2712/2750 2906/2713/2751 2905/2710/2748
f 2901/2712/2750 2902/2714/2752 2907/2715/2753 2906/2713/2751
f 2902/2714/2752 2903/2716/2754 2908/2717/2755 2907/2715/2753
f 2904/2711/2749 2905/2710/2748 2910/2718/2756 2909/2719/2757
f 2905/2710/2748 2906/2713/2751 2911/2720/2758 2910/2718/2756
f 2906/2713/2751 2907/2715/2753 2912/2721/2759 2911/2720/2758
f 2907/2715/2753 2908/2717/2755 2913/2722/2760 2912/2721/2759
f 2909/2719/2757 2910/2718/2756 2915/2723/2761 2914/2724/2762
f 2910/2718/2756 2911/2720/2758 2916/2725/2763 2915/2723/2761
f 2911/2720/2758 2912/2721/2759 2917/2726/2764 2916/2725/2763
f 2912/2721/2759 2913/2722/2760 2918/2727/2765 2917/2726/2764
f 2914/2724/2762 2915/2723/2761 2920/2728/2766 2919/2729/2767
f 2915/2723/2761 2916/2725/2763 2921/2730/2768 2920/2728/2766
f 2916/2725/2763 2917/2726/2764 2922/2731/2769 2921/2730/2768
f 2917/2726/2764 2918/2727/2765 2923/2732/2770 2922/2731/2769
f 71/1421/1476 983/2701/2771 2899/2708/2746 624/1462/1474
f 984/2733/2772 2903/2716/2754 979/2699/2773 107/2698/2774
f 108/2734/2775 989/2735/2776 2923/2732/2770 988/2736/2777
f 628/1465/1479 2919/2729/2767 993/2737/2778 72/1463/1477
f 983/2701/2771 982/2707/2779 2900/2709/2747 2899/2708/2746
f 985/2738/2780 2908/2717/2755 2903/2716/2754 984/2733/2772
f 989/2735/2776 990/2739/2781 2922/2731/2769 2923/2732/2770
f 627/1475/1492 2914/2724/2762 2919/2729/2767 628/1465/1479
f 982/2707/2779 981/2705/2782 2901/2712/2750 2900/2709/2747
f 986/2740/2783 2913/2722/2760 2908/2717/2755 985/2738/2780
f 990/2739/2781 991/2741/2784 2921/2730/2768 2922/2731/2769
f 626/1472/1488 2909/2719/2757 2914/2724/2762 627/1475/1492
f 981/2705/2782 980/2703/2785 2902/2714/2752 2901/2712/2750
f 987/2742/2786 2918/2727/2765 2913/2722/2760 986/2740/2783
f 991/2741/2784 992/2743/2787 2920/2728/2766 2921/2730/2768
f 625/1469/1484 2904/2711/2749 2909/2719/2757 626/1472/1488
f 980/2703/2785 979/2699/2773 2903/2716/2754 2902/2714/2752
f 988/2736/2777 2923/2732/2770 2918/2727/2765 987/2742/2786
f 992/2743/2787 993/2737/2778 2919/2729/2767 2920/2728/2766
f 624/1462/1474 2899/2708/2746 2904/2711/2749 625/1469/1484
f 2924/2744/1 2925/2745/1 2930/2746/1 2929/2747/1
f 2925/2745/1 2926/2748/1 2931/2749/1 2930/2746/1
f 2926/2748/1 2927/2750/1 2932/2751/1 2931/2749/1
f 2927/2750/1 2928/2752/1 2933/2753/1 2932/2751/1
f 2929/2747/1 2930/2746/1 2935/2754/1 2934/2755/1
f 2930/2746/1 2931/2749/1 2936/2756/1 2935/2754/1
f 2931/2749/1 2932/2751/1 2937/2757/1 2936/2756/1
f 2932/2751/1 2933/2753/1 2938/2758/1 2937/2757/1
f 2934/2755/1 2935/2754/1 2940/2759/1 2939/2760/1
f 2935/2754/1 2936/2756/1 2941/2761/1 2940/2759/1
f 2936/2756/1 2937/2757/1 2942/2762/1 2941/2761/1
f 2937/2757/1 2938/2758/1 2943/2763/1 2942/2762/1
f 2939/2760/1 2940/2759/1 2945/2764/1 2944/2765/1
f 2940/2759/1 2941/2761/1 2946/2766/1 2945/2764/1
f 2941/2761/1 2942/2762/1 2947/2767/1 2946/2766/1
f 2942/2762/1 2943/2763/1 2948/2768/1 2947/2767/1
f 73/1506/1 994/2769/1 2924/2744/1 644/1504/1
f 128/2770/1 2928/2752/1 998/2771/1 1/2772/1
f 2/2773/1 999/2774/1 2948/2768/1 124/2775/1
f 648/1509/1 2944/2765/1 1003/2776/1 74/1507/1
f 994/2769/1 995/2777/1 2925/2745/1 2924/2744/1
f 127/2778/1 2933/2753/1 2928/2752/1 128/2770/1
f 999/2774/1 1000/2779/1 2947/2767/1 2948/2768/1
f 647/1518/1 2939/2760/1 2944/2765/1 648/1509/1
f 995/2777/1 996/2780/1 2926/2748/1 2925/2745/1
f 126/2781/1 2938/2758/1 2933/2753/1 127/2778/1
f 1000/2779/1 1001/2782/1 2946/2766/1 2947/2767/1
f 646/1515/1 2934/2755/1 2939/2760/1 647/1518/1
f 996/2780/1 997/2783/1 2927/2750/1 2926/2748/1
f 125/2784/1 2943/2763/1 2938/2758/1 126/2781/1
f 1001/2782/1 1002/2785/1 2945/2764/1 2946/2766/1
f 645/1512/1 2929/2747/1 2934/2755/1 646/1515/1
f 997/2783/1 998/2771/1 2928/2752/1 2927/2750/1
f 124/2775/1 2948/2768/1 2943/2763/1 125/2784/1
f 1002/2785/1 1003/2776/1 2944/2765/1 2945/2764/1
f 644/1504/1 2924/2744/1 2929/2747/1 645/1512/1
f 2949/2786/2788 2950/2787/2789 2955/2788/2789 2954/2789/2788
f 2950/2787/2789 2951/2790/2790 2956/2791/2790 2955/2788/2789
f 2951/2790/2790 2952/2792/2791 2957/2793/2791 2956/2791/2790
f 2952/2792/2791 2953/2794/2792 2958/2795/2792 2957/2793/2791
f 2954/2789/2788 2955/2788/2789 2960/2796/2789 2959/2797/2788
f 2955/2788/2789 2956/2791/2790 2961/2798/2790 2960/2796/2789
f 2956/2791/2790 2957/2793/2791 2962/2799/2791 2961/2798/2790
f 2957/2793/2791 2958/2795/2792 2963/2800/2792 2962/2799/2791
f 2959/2797/2788 2960/2796/2789 2965/2801/2789 2964/2802/2788
f 2960/2796/2789 2961/2798/2790 2966/2803/2790 2965/2801/2789
f 2961/2798/2790 2962/2799/2791 2967/2804/2791 2966/2803/2790
f 2962/2799/2791 2963/2800/2792 2968/2805/2792 2967/2804/2791
f 2964/2802/2788 2965/2801/2789 2970/2806/2789 2969/2807/2788
f 2965/2801/2789 2966/2803/2790 2971/2808/2790 2970/2806/2789
f 2966/2803/2790 2967/2804/2791 2972/2809/2791 2971/2808/2790
f 2967/2804/2791 2968/2805/2792 2973/2810/2792 2972/2809/2791
f 74/1507/1500 1003/2776/2788 2949/2786/2788 654/1545/1500
f 143/2811/7 2953/2794/2792 999/2774/2792 2/2773/7
f 3/2812/7 1004/2813/2792 2973/2810/2792 139/2814/7
f 658/1548/1500 2969/2807/2788 1008/2815/2788 75/1546/1500
f 1003/2776/2788 1002/2785/2789 2950/2787/2789 2949/2786/2788
f 142/2816/7 2958/2795/2792 2953/2794/2792 143/2811/7
f 1004/2813/2792 1005/2817/2791 2972/2809/2791 2973/2810/2792
f 657/1554/1500 2964/2802/2788 2969/2807/2788 658/1548/1500
f 1002/2785/2789 1001/2782/2790 2951/2790/2790 2950/2787/2789
f 141/2818/7 2963/2800/2792 2958/2795/2792 142/2816/7
f 1005/2817/2791 1006/2819/2790 2971/2808/2790 2972/2809/2791
f 656/1552/1500 2959/2797/2788 2964/2802/2788 657/1554/1500
f 1001/2782/2790 1000/2779/2791 2952/2792/2791 2951/2790/2790
f 140/2820/7 2968/2805/2792 2963/2800/2792 141/2818/7
f 1006/2819/2790 1007/2821/2789 2970/2806/2789 2971/2808/2790
f 655/1550/1500 2954/2789/2788 2959/2797/2788 656/1552/1500
f 1000/2779/2791 999/2774/2792 2953/2794/2792 2952/2792/2791
f 139/2814/7 2973/2810/2792 2968/2805/2792 140/2820/7
f 1007/2821/2789 1008/2815/2788 2969/2807/2788 2970/2806/2789
f 654/1545/1500 2949/2786/2788 2954/2789/2788 655/1550/1500
f 2974/2822/2793 2975/2823/2794 2980/2824/2795 2979/2825/2796
f 2975/2823/2794 2976/2826/2797 2981/2827/2798 2980/2824/2795
f 2976/2826/2797 2977/2828/2799 2982/2829/2800 2981/2827/2798
f 2977/2828/2799 2978/2830/2801 2983/2831/2802 2982/2829/2800
f 2979/2825/2796 2980/2824/2795 2985/2832/2803 2984/2833/2804
f 2980/2824/2795 2981/2827/2798 2986/2834/2805 2985/2832/2803
f 2981/2827/2798 2982/2829/2800 2987/2835/2806 2986/2834/2805
f 2982/2829/2800 2983/2831/2802 2988/2836/2807 2987/2835/2806
f 2984/2833/2804 2985/2832/2803 2990/2837/2808 2989/2838/2809
f 2985/2832/2803 2986/2834/2805 2991/2839/2810 2990/2837/2808
f 2986/2834/2805 2987/2835/2806 2992/2840/2811 2991/2839/2810
f 2987/2835/2806 2988/2836/2807 2993/2841/2812 2992/2840/2811
f 2989/2838/2809 2990/2837/2808 2995/2842/2813 2994/2843/2814
f 2990/2837/2808 2991/2839/2810 2996/2844/2815 2995/2842/2813
f 2991/2839/2810 2992/2840/2811 2997/2845/2816 2996/2844/2815
f 2992/2840/2811 2993/2841/2812 2998/2846/2817 2997/2845/2816
f 75/1546/1529 1008/2815/2818 2974/2822/2793 664/1581/1527
f 158/2847/36 2978/2830/2801 1004/2813/2819 3/2812/34
f 4/2848/45 1009/2849/2820 2998/2846/2817 154/2850/43
f 668/1584/1532 2994/2843/2814 1013/2851/2821 76/1582/1530
f 1008/2815/2818 1007/2821/2822 2975/2823/2794 2974/2822/2793
f 157/2852/57 2983/2831/2802 2978/2830/2801 158/2847/36
f 1009/2849/2820 1010/2853/2823 2997/2845/2816 2998/2846/2817
f 667/1590/1541 2989/2838/2809 2994/2843/2814 668/1584/1532
f 1007/2821/2822 1006/2819/2824 2976/2826/2797 2975/2823/2794
f 156/2854/53 2988/2836/2807 2983/2831/2802 157/2852/57
f 1010/2853/2823 1011/2855/2825 2996/2844/2815 2997/2845/2816
f 666/1588/1538 2984/2833/2804 2989/2838/2809 667/1590/1541
f 1006/2819/2824 1005/2817/2826 2977/2828/2799 2976/2826/2797
f 155/2856/49 2993/2841/2812 2988/2836/2807 156/2854/53
f 1011/2855/2825 1012/2857/2827 2995/2842/2813 2996/2844/2815
f 665/1586/1535 2979/2825/2796 2984/2833/2804 666/1588/1538
f 1005/2817/2826 1004/2813/2819 2978/2830/2801 2977/2828/2799
f 154/2850/43 2998/2846/2817 2993/2841/2812 155/2856/49
f 1012/2857/2827 1013/2851/2821 2994/2843/2814 2995/2842/2813
f 664/1581/1527 2974/2822/2793 2979/2825/2796 665/1586/1535
f 2999/2858/2828 3000/2859/2829 3005/2860/2830 3004/2861/2831
f 3000/2859/2829 3001/2862/2832 3006/2863/2833 3005/2860/2830
f 3001/2862/2832 3002/2864/2834 3007/2865/2835 3006/2863/2833
f 3002/2864/2834 3003/2866/2836 3008/2867/2837 3007/2865/2835
f 3004/2861/2831 3005/2860/2830 3010/2868/2838 3009/2869/2839
f 3005/2860/2830 3006/2863/2833 3011/2870/2840 3010/2868/2838
f 3006/2863/2833 3007/2865/2835 3012/2871/2841 3011/2870/2840
f 3007/2865/2835 3008/2867/2837 3013/2872/2842 3012/2871/2841
f 3009/2869/2839 3010/2868/2838 3015/2873/2843 3014/2874/2844
f 3010/2868/2838 3011/2870/2840 3016/2875/2845 3015/2873/2843
f 3011/2870/2840 3012/2871/2841 3017/2876/2846 3016/2875/2845
f 3012/2871/2841 3013/2872/2842 3018/2877/2847 3017/2876/2846
f 3014/2874/2844 3015/2873/2843 3020/2878/2848 3019/2879/2849
f 3015/2873/2843 3016/2875/2845 3021/2880/2850 3020/2878/2848
f 3016/2875/2845 3017/2876/2846 3022/2881/2851 3021/2880/2850
f 3017/2876/2846 3018/2877/2847 3023/2882/2852 3022/2881/2851
f 76/1582/1571 1013/2851/2853 2999/2858/2828 674/1617/1569
f 173/2883/85 3003/2866/2836 1009/2849/2854 4/2848/83
f 5/2884/94 1014/2885/2855 3023/2882/2852 169/2886/92
f 678/1620/1574 3019/2879/2849 1018/2887/2856 77/1618/1572
f 1013/2851/2853 1012/2857/2857 3000/2859/2829 2999/2858/2828
f 172/2888/106 3008/2867/2837 3003/2866/2836 173/2883/85
f 1014/2885/2855 1015/2889/2858 3022/2881/2851 3023/2882/2852
f 677/1626/1583 3014/2874/2844 3019/2879/2849 678/1620/1574
f 1012/2857/2857 1011/2855/2859 3001/2862/2832 3000/2859/2829
f 171/2890/102 3013/2872/2842 3008/2867/2837 172/2888/106
f 1015/2889/2858 1016/2891/2860 3021/2880/2850 3022/2881/2851
f 676/1624/1580 3009/2869/2839 3014/2874/2844 677/1626/1583
f 1011/2855/2859 1010/2853/2861 3002/2864/2834 3001/2862/2832
f 170/2892/98 3018/2877/2847 3013/2872/2842 171/2890/102
f 1016/2891/2860 1017/2893/2862 3020/2878/2848 3021/2880/2850
f 675/1622/1577 3004/2861/2831 3009/2869/2839 676/1624/1580
f 1010/2853/2861 1009/2849/2854 3003/2866/2836 3002/2864/2834
f 169/2886/92 3023/2882/2852 3018/2877/2847 170/2892/98
f 1017/2893/2862 1018/2887/2856 3019/2879/2849 3020/2878/2848
f 674/1617/1569 2999/2858/2828 3004/2861/2831 675/1622/1577
f 3024/2894/2863 3025/2895/2864 3030/2896/2865 3029/2897/2866
f 3025/2895/2864 3026/2898/2867 3031/2899/2868 3030/2896/2865
f 3026/2898/2867 3027/2900/2869 3032/2901/2870 3031/2899/2868
f 3027/2900/2869 3028/2902/2871 3033/2903/2872 3032/2901/2870
f 3029/2897/2866 3030/2896/2865 3035/2904/2873 3034/2905/2874
f 3030/2896/2865 3031/2899/2868 3036/2906/2875 3035/2904/2873
f 3031/2899/2868 3032/2901/2870 3037/2907/2876 3036/2906/2875
f 3032/2901/2870 3033/2903/2872 3038/2908/2877 3037/2907/2876
f 3034/2905/2874 3035/2904/2873 3040/2909/2878 3039/2910/2879
f 3035/2904/2873 3036/2906/2875 3041/2911/2880 3040/2909/2878
f 3036/2906/2875 3037/2907/2876 3042/2912/2881 3041/2911/2880
f 3037/2907/2876 3038/2908/2877 3043/2913/2882 3042/2912/2881
f 3039/2910/2879 3040/2909/2878 3045/2914/2883 3044/2915/2884
f 3040/2909/2878 3041/2911/2880 3046/2916/2885 3045/2914/2883
f 3041/2911/2880 3042/2912/2881 3047/2917/2886 3046/2916/2885
f 3042/2912/2881 3043/2913/2882 3048/2918/2887 3047/2917/2886
f 77/1618/1613 1018/2887/2888 3024/2894/2863 684/1653/1611
f 188/2919/134 3028/2902/2871 1014/2885/2889 5/2884/132
f 6/2920/132 1019/2921/2890 3048/2918/2887 184/2922/140
f 688/1656/1615 3044/2915/2884 1023/2923/2891 78/1654/1613
f 1018/2887/2888 1017/2893/2892 3025/2895/2864 3024/2894/2863
f 187/2924/152 3033/2903/2872 3028/2902/2871 188/2919/134
f 1019/2921/2890 1020/2925/2893 3047/2917/2886 3048/2918/2887
f 687/1662/1623 3039/2910/2879 3044/2915/2884 688/1656/1615
f 1017/2893/2892 1016/2891/2894 3026/2898/2867 3025/2895/2864
f 186/2926/148 3038/2908/2877 3033/2903/2872 187/2924/152
f 1020/2925/2893 1021/2927/2894 3046/2916/2885 3047/2917/2886
f 686/1660/1621 3034/2905/2874 3039/2910/2879 687/1662/1623
f 1016/2891/2894 1015/2889/2895 3027/2900/2869 3026/2898/2867
f 185/2928/145 3043/2913/2882 3038/2908/2877 186/2926/148
f 1021/2927/2894 1022/2929/2896 3045/2914/2883 3046/2916/2885
f 685/1658/1618 3029/2897/2866 3034/2905/2874 686/1660/1621
f 1015/2889/2895 1014/2885/2889 3028/2902/2871 3027/2900/2869
f 184/2922/140 3048/2918/2887 3043/2913/2882 185/2928/145
f 1022/2929/2896 1023/2923/2891 3044/2915/2884 3045/2914/2883
f 684/1653/1611 3024/2894/2863 3029/2897/2866 685/1658/1618
f 3049/2930/2897 3050/2931/2898 3055/2932/2899 3054/2933/2900
f 3050/2931/2898 3051/2934/2901 3056/2935/2902 3055/2932/2899
f 3051/2934/2901 3052/2936/2903 3057/2937/2904 3056/2935/2902
f 3052/2936/2903 3053/2938/2905 3058/2939/2906 3057/2937/2904
f 3054/2933/2900 3055/2932/2899 3060/2940/2907 3059/2941/2908
f 3055/2932/2899 3056/2935/2902 3061/2942/2909 3060/2940/2907
f 3056/2935/2902 3057/2937/2904 3062/2943/2910 3061/2942/2909
f 3057/2937/2904 3058/2939/2906 3063/2944/2911 3062/2943/2910
f 3059/2941/2908 3060/2940/2907 3065/2945/2912 3064/2946/2913
f 3060/2940/2907 3061/2942/2909 3066/2947/2914 3065/2945/2912
f 3061/2942/2909 3062/2943/2910 3067/2948/2915 3066/2947/2914
f 3062/2943/2910 3063/2944/2911 3068/2949/2916 3067/2948/2915
f 3064/2946/2913 3065/2945/2912 3070/2950/2917 3069/2951/2918
f 3065/2945/2912 3066/2947/2914 3071/2952/2919 3070/2950/2917
f 3066/2947/2914 3067/2948/2915 3072/2953/2920 3071/2952/2919
f 3067/2948/2915 3068/2949/2916 3073/2954/2921 3072/2953/2920
f 78/1654/1653 1023/2923/2922 3049/2930/2897 694/1689/1651
f 203/2955/180 3053/2938/2905 1019/2921/2923 6/2920/178
f 7/2956/189 1024/2957/2924 3073/2954/2921 199/2958/187
f 698/1692/1656 3069/2951/2918 1028/2959/2925 79/1690/1654
f 1023/2923/2922 1022/2929/2926 3050/2931/2898 3049/2930/2897
f 202/2960/201 3058/2939/2906 3053/2938/2905 203/2955/180
f 1024/2957/2924 1025/2961/2927 3072/2953/2920 3073/2954/2921
f 697/1698/1665 3064/2946/2913 3069/2951/2918 698/1692/1656
f 1022/2929/2926 1021/2927/2928 3051/2934/2901 3050/2931/2898
f 201/2962/197 3063/2944/2911 3058/2939/2906 202/2960/201
f 1025/2961/2927 1026/2963/2929 3071/2952/2919 3072/2953/2920
f 696/1696/1662 3059/2941/2908 3064/2946/2913 697/1698/1665
f 1021/2927/2928 1020/2925/2930 3052/2936/2903 3051/2934/2901
f 200/2964/193 3068/2949/2916 3063/2944/2911 201/2962/197
f 1026/2963/2929 1027/2965/2931 3070/2950/2917 3071/2952/2919
f 695/1694/1659 3054/2933/2900 3059/2941/2908 696/1696/1662
f 1020/2925/2930 1019/2921/2923 3053/2938/2905 3052/2936/2903
f 199/2958/187 3073/2954/2921 3068/2949/2916 200/2964/193
f 1027/2965/2931 1028/2959/2925 3069/2951/2918 3070/2950/2917
f 694/1689/1651 3049/2930/2897 3054/2933/2900 695/1694/1659
f 3074/2966/2932 3075/2967/2933 3080/2968/2934 3079/2969/2935
f 3075/2967/2933 3076/2970/2936 3081/2971/2937 3080/2968/2934
f 3076/2970/2936 3077/2972/2938 3082/2973/2939 3081/2971/2937
f 3077/2972/2938 3078/2974/2940 3083/2975/2941 3082/2973/2939
f 3079/2969/2935 3080/2968/2934 3085/2976/2942 3084/2977/2943
f 3080/2968/2934 3081/2971/2937 3086/2978/2944 3085/2976/2942
f 3081/2971/2937 3082/2973/2939 3087/2979/2945 3086/2978/2944
f 3082/2973/2939 3083/2975/2941 3088/2980/2946 3087/2979/2945
f 3084/2977/2943 3085/2976/2942 3090/2981/2947 3089/2982/2948
f 3085/2976/2942 3086/2978/2944 3091/2983/2949 3090/2981/2947
f 3086/2978/2944 3087/2979/2945 3092/2984/2950 3091/2983/2949
f 3087/2979/2945 3088/2980/2946 3093/2985/2951 3092/2984/2950
f 3089/2982/2948 3090/2981/2947 3095/2986/2952 3094/2987/2953
f 3090/2981/2947 3091/2983/2949 3096/2988/2954 3095/2986/2952
f 3091/2983/2949 3092/2984/2950 3097/2989/2955 3096/2988/2954
f 3092/2984/2950 3093/2985/2951 3098/2990/2956 3097/2989/2955
f 79/1690/1695 1028/2959/2957 3074/2966/2932 704/1725/1693
f 218/2991/229 3078/2974/2940 1024/2957/2958 7/2956/227
f 8/2992/238 1029/2993/2959 3098/2990/2956 214/2994/236
f 708/1728/1698 3094/2987/2953 1033/2995/2960 80/1726/1696
f 1028/2959/2957 1027/2965/2961 3075/2967/2933 3074/2966/2932
f 217/2996/250 3083/2975/2941 3078/2974/2940 218/2991/229
f 1029/2993/2959 1030/2997/2962 3097/2989/2955 3098/2990/2956
f 707/1734/1707 3089/2982/2948 3094/2987/2953 708/1728/1698
f 1027/2965/2961 1026/2963/2963 3076/2970/2936 3075/2967/2933
f 216/2998/246 3088/2980/2946 3083/2975/2941 217/2996/250
f 1030/2997/2962 1031/2999/2964 3096/2988/2954 3097/2989/2955
f 706/1732/1704 3084/2977/2943 3089/2982/2948 707/1734/1707
f 1026/2963/2963 1025/2961/2965 3077/2972/2938 3076/2970/2936
f 215/3000/242 3093/2985/2951 3088/2980/2946 216/2998/246
f 1031/2999/2964 1032/3001/2966 3095/2986/2952 3096/2988/2954
f 705/1730/1701 3079/2969/2935 3084/2977/2943 706/1732/1704
f 1025/2961/2965 1024/2957/2958 3078/2974/2940 3077/2972/2938
f 214/2994/236 3098/2990/2956 3093/2985/2951 215/3000/242
f 1032/3001/2966 1033/2995/2960 3094/2987/2953 3095/2986/2952
f 704/1725/1693 3074/2966/2932 3079/2969/2935 705/1730/1701
f 3099/3002/2967 3100/3003/2968 3105/3004/2969 3104/3005/2970
f 3100/3003/2968 3101/3006/2971 3106/3007/2972 3105/3004/2969
f 3101/3006/2971 3102/3008/2973 3107/3009/2974 3106/3007/2972
f 3102/3008/2973 3103/3010/2975 3108/3011/2976 3107/3009/2974
f 3104/3005/2970 3105/3004/2969 3110/3012/2977 3109/3013/2978
f 3105/3004/2969 3106/3007/2972 3111/3014/2979 3110/3012/2977
f 3106/3007/2972 3107/3009/2974 3112/3015/2980 3111/3014/2979
f 3107/3009/2974 3108/3011/2976 3113/3016/2981 3112/3015/2980
f 3109/3013/2978 3110/3012/2977 3115/3017/2982 3114/3018/2983
f 3110/3012/2977 3111/3014/2979 3116/3019/2984 3115/3017/2982
f 3111/3014/2979 3112/3015/2980 3117/3020/2985 3116/3019/2984
f 3112/3015/2980 3113/3016/2981 3118/3021/2986 3117/3020/2985
f 3114/3018/2983 3115/3017/2982 3120/3022/2987 3119/3023/2988
f 3115/3017/2982 3116/3019/2984 3121/3024/2989 3120/3022/2987
f 3116/3019/2984 3117/3020/2985 3122/3025/2990 3121/3024/2989
f 3117/3020/2985 3118/3021/2986 3123/3026/2991 3122/3025/2990
f 80/1726/1737 1033/2995/2992 3099/3002/2967 714/1761/1735
f 233/3027/278 3103/3010/2975 1029/2993/2993 8/2992/276
f 9/3028/276 1034/3029/2994 3123/3026/2991 229/3030/278
f 718/1764/1735 3119/3023/2988 1038/3031/2995 81/1762/1737
f 1033/2995/2992 1032/3001/2996 3100/3003/2968 3099/3002/2967
f 232/3032/287 3108/3011/2976 3103/3010/2975 233/3027/278
f 1034/3029/2994 1035/3033/2997 3122/3025/2990 3123/3026/2991
f 717/1770/1741 3114/3018/2983 3119/3023/2988 718/1764/1735
f 1032/3001/2996 1031/2999/2998 3101/3006/2971 3100/3003/2968
f 231/3034/290 3113/3016/2981 3108/3011/2976 232/3032/287
f 1035/3033/2997 1036/3035/2998 3121/3024/2989 3122/3025/2990
f 716/1768/1744 3109/3013/2978 3114/3018/2983 717/1770/1741
f 1031/2999/2998 1030/2997/2999 3102/3008/2973 3101/3006/2971
f 230/3036/287 3118/3021/2986 3113/3016/2981 231/3034/290
f 1036/3035/2998 1037/3037/3000 3120/3022/2987 3121/3024/2989
f 715/1766/1741 3104/3005/2970 3109/3013/2978 716/1768/1744
f 1030/2997/2999 1029/2993/2993 3103/3010/2975 3102/3008/2973
f 229/3030/278 3123/3026/2991 3118/3021/2986 230/3036/287
f 1037/3037/3000 1038/3031/2995 3119/3023/2988 3120/3022/2987
f 714/1761/1735 3099/3002/2967 3104/3005/2970 715/1766/1741
f 3124/3038/3001 3125/3039/3002 3130/3040/3003 3129/3041/3004
f 3125/3039/3002 3126/3042/3005 3131/3043/3006 3130/3040/3003
f 3126/3042/3005 3127/3044/3007 3132/3045/3008 3131/3043/3006
f 3127/3044/3007 3128/3046/3009 3133/3047/3010 3132/3045/3008
f 3129/3041/3004 3130/3040/3003 3135/3048/3011 3134/3049/3012
f 3130/3040/3003 3131/3043/3006 3136/3050/3013 3135/3048/3011
f 3131/3043/3006 3132/3045/3008 3137/3051/3014 3136/3050/3013
f 3132/3045/3008 3133/3047/3010 3138/3052/3015 3137/3051/3014
f 3134/3049/3012 3135/3048/3011 3140/3053/3016 3139/3054/3017
f 3135/3048/3011 3136/3050/3013 3141/3055/3018 3140/3053/3016
f 3136/3050/3013 3137/3051/3014 3142/3056/3019 3141/3055/3018
f 3137/3051/3014 3138/3052/3015 3143/3057/3020 3142/3056/3019
f 3139/3054/3017 3140/3053/3016 3145/3058/3021 3144/3059/3022
f 3140/3053/3016 3141/3055/3018 3146/3060/3023 3145/3058/3021
f 3141/3055/3018 3142/3056/3019 3147/3061/3024 3146/3060/3023
f 3142/3056/3019 3143/3057/3020 3148/3062/3025 3147/3061/3024
f 81/1762/1775 1038/3031/3026 3124/3038/3001 724/1797/1773
f 248/3063/320 3128/3046/3009 1034/3029/3027 9/3028/318
f 10/3064/329 1039/3065/3028 3148/3062/3025 244/3066/327
f 728/1800/1778 3144/3059/3022 1043/3067/3029 82/1798/1776
f 1038/3031/3026 1037/3037/3030 3125/3039/3002 3124/3038/3001
f 247/3068/341 3133/3047/3010 3128/3046/3009 248/3063/320
f 1039/3065/3028 1040/3069/3031 3147/3061/3024 3148/3062/3025
f 727/1806/1787 3139/3054/3017 3144/3059/3022 728/1800/1778
f 1037/3037/3030 1036/3035/3032 3126/3042/3005 3125/3039/3002
f 246/3070/337 3138/3052/3015 3133/3047/3010 247/3068/341
f 1040/3069/3031 1041/3071/3033 3146/3060/3023 3147/3061/3024
f 726/1804/1784 3134/3049/3012 3139/3054/3017 727/1806/1787
f 1036/3035/3032 1035/3033/3034 3127/3044/3007 3126/3042/3005
f 245/3072/333 3143/3057/3020 3138/3052/3015 246/3070/337
f 1041/3071/3033 1042/3073/3035 3145/3058/3021 3146/3060/3023
f 725/1802/1781 3129/3041/3004 3134/3049/3012 726/1804/1784
f 1035/3033/3034 1034/3029/3027 3128/3046/3009 3127/3044/3007
f 244/3066/327 3148/3062/3025 3143/3057/3020 245/3072/333
f 1042/3073/3035 1043/3067/3029 3144/3059/3022 3145/3058/3021
f 724/1797/1773 3124/3038/3001 3129/3041/3004 725/1802/1781
f 3149/3074/3036 3150/3075/3037 3155/3076/3038 3154/3077/3039
f 3150/3075/3037 3151/3078/3040 3156/3079/3041 3155/3076/3038
f 3151/3078/3040 3152/3080/3042 3157/3081/3043 3156/3079/3041
f 3152/3080/3042 3153/3082/3044 3158/3083/3045 3157/3081/3043
f 3154/3077/3039 3155/3076/3038 3160/3084/3046 3159/3085/3047
f 3155/3076/3038 3156/3079/3041 3161/3086/3048 3160/3084/3046
f 3156/3079/3041 3157/3081/3043 3162/3087/3049 3161/3086/3048
f 3157/3081/3043 3158/3083/3045 3163/3088/3050 3162/3087/3049
f 3159/3085/3047 3160/3084/3046 3165/3089/3051 3164/3090/3052
f 3160/3084/3046 3161/3086/3048 3166/3091/3053 3165/3089/3051
f 3161/3086/3048 3162/3087/3049 3167/3092/3054 3166/3091/3053
f 3162/3087/3049 3163/3088/3050 3168/3093/3055 3167/3092/3054
f 3164/3090/3052 3165/3089/3051 3170/3094/3056 3169/3095/3057
f 3165/3089/3051 3166/3091/3053 3171/3096/3058 3170/3094/3056
f 3166/3091/3053 3167/3092/3054 3172/3097/3059 3171/3096/3058
f 3167/3092/3054 3168/3093/3055 3173/3098/3060 3172/3097/3059
f 82/1798/1817 1043/3067/3061 3149/3074/3036 734/1833/1815
f 263/3099/369 3153/3082/3044 1039/3065/3062 10/3064/367
f 11/3100/378 1044/3101/3063 3173/3098/3060 259/3102/376
f 738/1836/1820 3169/3095/3057 1048/3103/3064 83/1834/1818
f 1043/3067/3061 1042/3073/3065 3150/3075/3037 3149/3074/3036
f 262/3104/390 3158/3083/3045 3153/3082/3044 263/3099/369
f 1044/3101/3063 1045/3105/3066 3172/3097/3059 3173/3098/3060
f 737/1842/1829 3164/3090/3052 3169/3095/3057 738/1836/1820
f 1042/3073/3065 1041/3071/3067 3151/3078/3040 3150/3075/3037
f 261/3106/386 3163/3088/3050 3158/3083/3045 262/3104/390
f 1045/3105/3066 1046/3107/3068 3171/3096/3058 3172/3097/3059
f 736/1840/1826 3159/3085/3047 3164/3090/3052 737/1842/1829
f 1041/3071/3067 1040/3069/3069 3152/3080/3042 3151/3078/3040
f 260/3108/382 3168/3093/3055 3163/3088/3050 261/3106/386
f 1046/3107/3068 1047/3109/3070 3170/3094/3056 3171/3096/3058
f 735/1838/1823 3154/3077/3039 3159/3085/3047 736/1840/1826
f 1040/3069/3069 1039/3065/3062 3153/3082/3044 3152/3080/3042
f 259/3102/376 3173/3098/3060 3168/3093/3055 260/3108/382
f 1047/3109/3070 1048/3103/3064 3169/3095/3057 3170/3094/3056
f 734/1833/1815 3149/3074/3036 3154/3077/3039 735/1838/1823
f 3174/3110/3071 3175/3111/3072 3180/3112/3073 3179/3113/3074
f 3175/3111/3072 3176/3114/3075 3181/3115/3076 3180/3112/3073
f 3176/3114/3075 3177/3116/3077 3182/3117/3078 3181/3115/3076
f 3177/3116/3077 3178/3118/3079 3183/3119/3080 3182/3117/3078
f 3179/3113/3074 3180/3112/3073 3185/3120/3081 3184/3121/3082
f 3180/3112/3073 3181/3115/3076 3186/3122/3083 3185/3120/3081
f 3181/3115/3076 3182/3117/3078 3187/3123/3084 3186/3122/3083
f 3182/3117/3078 3183/3119/3080 3188/3124/3085 3187/3123/3084
f 3184/3121/3082 3185/3120/3081 3190/3125/3086 3189/3126/3087
f 3185/3120/3081 3186/3122/3083 3191/3127/3088 3190/3125/3086
f 3186/3122/3083 3187/3123/3084 3192/3128/3089 3191/3127/3088
f 3187/3123/3084 3188/3124/3085 3193/3129/3090 3192/3128/3089
f 3189/3126/3087 3190/3125/3086 3195/3130/3091 3194/3131/3092
f 3190/3125/3086 3191/3127/3088 3196/3132/3093 3195/3130/3091
f 3191/3127/3088 3192/3128/3089 3197/3133/3094 3196/3132/3093
f 3192/3128/3089 3193/3129/3090 3198/3134/3095 3197/3133/3094
f 83/1834/1859 1048/3103/3096 3174/3110/3071 744/1869/1857
f 278/3135/418 3178/3118/3079 1044/3101/3097 11/3100/416
f 12/3136/427 1049/3137/3098 3198/3134/3095 274/3138/425
f 748/1872/1862 3194/3131/3092 1053/3139/3099 84/1870/1860
f 1048/3103/3096 1047/3109/3100 3175/3111/3072 3174/3110/3071
f 277/3140/439 3183/3119/3080 3178/3118/3079 278/3135/418
f 1049/3137/3098 1050/3141/3101 3197/3133/3094 3198/3134/3095
f 747/1878/1871 3189/3126/3087 3194/3131/3092 748/1872/1862
f 1047/3109/3100 1046/3107/3102 3176/3114/3075 3175/3111/3072
f 276/3142/435 3188/3124/3085 3183/3119/3080 277/3140/439
f 1050/3141/3101 1051/3143/3103 3196/3132/3093 3197/3133/3094
f 746/1876/1868 3184/3121/3082 3189/3126/3087 747/1878/1871
f 1046/3107/3102 1045/3105/3104 3177/3116/3077 3176/3114/3075
f 275/3144/431 3193/3129/3090 3188/3124/3085 276/3142/435
f 1051/3143/3103 1052/3145/3105 3195/3130/3091 3196/3132/3093
f 745/1874/1865 3179/3113/3074 3184/3121/3082 746/1876/1868
f 1045/3105/3104 1044/3101/3097 3178/3118/3079 3177/3116/3077
f 274/3138/425 3198/3134/3095 3193/3129/3090 275/3144/431
f 1052/3145/3105 1053/3139/3099 3194/3131/3092 3195/3130/3091
f 744/1869/1857 3174/3110/3071 3179/3113/3074 745/1874/1865
f 3199/3146/3106 3200/3147/3107 3205/3148/3108 3204/3149/3109
f 3200/3147/3107 3201/3150/3110 3206/3151/3111 3205/3148/3108
f 3201/3150/3110 3202/3152/3112 3207/3153/3113 3206/3151/3111
f 3202/3152/3112 3203/3154/3114 3208/3155/3115 3207/3153/3113
f 3204/3149/3109 3205/3148/3108 3210/3156/3116 3209/3157/3117
f 3205/3148/3108 3206/3151/3111 3211/3158/3118 3210/3156/3116
f 3206/3151/3111 3207/3153/3113 3212/3159/3119 3211/3158/3118
f 3207/3153/3113 3208/3155/3115 3213/3160/3120 3212/3159/3119
f 3209/3157/3117 3210/3156/3116 3215/3161/3121 3214/3162/3122
f 3210/3156/3116 3211/3158/3118 3216/3163/3123 3215/3161/3121
f 3211/3158/3118 3212/3159/3119 3217/3164/3124 3216/3163/3123
f 3212/3159/3119 3213/3160/3120 3218/3165/3125 3217/3164/3124
f 3214/3162/3122 3215/3161/3121 3220/3166/3126 3219/3167/3127
f 3215/3161/3121 3216/3163/3123 3221/3168/3128 3220/3166/3126
f 3216/3163/3123 3217/3164/3124 3222/3169/3129 3221/3168/3128
f 3217/3164/3124 3218/3165/3125 3223/3170/3130 3222/3169/3129
f 84/1870/1901 1053/3139/3131 3199/3146/3106 754/1905/1899
f 293/3171/467 3203/3154/3114 1049/3137/3132 12/3136/465
f 13/3172/476 1054/3173/3133 3223/3170/3130 289/3174/474
f 758/1908/1904 3219/3167/3127 1058/3175/3134 85/1906/1902
f 1053/3139/3131 1052/3145/3135 3200/3147/3107 3199/3146/3106
f 292/3176/488 3208/3155/3115 3203/3154/3114 293/3171/467
f 1054/3173/3133 1055/3177/3136 3222/3169/3129 3223/3170/3130
f 757/1914/1913 3214/3162/3122 3219/3167/3127 758/1908/1904
f 1052/3145/3135 1051/3143/3137 3201/3150/3110 3200/3147/3107
f 291/3178/484 3213/3160/3120 3208/3155/3115 292/3176/488
f 1055/3177/3136 1056/3179/3138 3221/3168/3128 3222/3169/3129
f 756/1912/1910 3209/3157/3117 3214/3162/3122 757/1914/1913
f 1051/3143/3137 1050/3141/3139 3202/3152/3112 3201/3150/3110
f 290/3180/480 3218/3165/3125 3213/3160/3120 291/3178/484
f 1056/3179/3138 1057/3181/3140 3220/3166/3126 3221/3168/3128
f 755/1910/1907 3204/3149/3109 3209/3157/3117 756/1912/1910
f 1050/3141/3139 1049/3137/3132 3203/3154/3114 3202/3152/3112
f 289/3174/474 3223/3170/3130 3218/3165/3125 290/3180/480
f 1057/3181/3140 1058/3175/3134 3219/3167/3127 3220/3166/3126
f 754/1905/1899 3199/3146/3106 3204/3149/3109 755/1910/1907
f 3224/3182/3141 3225/3183/3142 3230/3184/3143 3229/3185/3144
f 3225/3183/3142 3226/3186/3145 3231/3187/3146 3230/3184/3143
f 3226/3186/3145 3227/3188/3147 3232/3189/3148 3231/3187/3146
f 3227/3188/3147 3228/3190/3149 3233/3191/3150 3232/3189/3148
f 3229/3185/3144 3230/3184/3143 3235/3192/3151 3234/3193/3152
f 3230/3184/3143 3231/3187/3146 3236/3194/3153 3235/3192/3151
f 3231/3187/3146 3232/3189/3148 3237/3195/3154 3236/3194/3153
f 3232/3189/3148 3233/3191/3150 3238/3196/3155 3237/3195/3154
f 3234/3193/3152 3235/3192/3151 3240/3197/3156 3239/3198/3157
f 3235/3192/3151 3236/3194/3153 3241/3199/3158 3240/3197/3156
f 3236/3194/3153 3237/3195/3154 3242/3200/3159 3241/3199/3158
f 3237/3195/3154 3238/3196/3155 3243/3201/3160 3242/3200/3159
f 3239/3198/3157 3240/3197/3156 3245/3202/3161 3244/3203/3162
f 3240/3197/3156 3241/3199/3158 3246/3204/3163 3245/3202/3161
f 3241/3199/3158 3242/3200/3159 3247/3205/3164 3246/3204/3163
f 3242/3200/3159 3243/3201/3160 3248/3206/3165 3247/3205/3164
f 85/1906/1943 1058/3175/3166 3224/3182/3141 764/1941/1941
f 308/3207/516 3228/3190/3149 1054/3173/3167 13/3172/514
f 14/3208/525 1059/3209/3168 3248/3206/3165 304/3210/523
f 768/1944/1946 3244/3203/3162 1063/3211/3169 86/1942/1944
f 1058/3175/3166 1057/3181/3170 3225/3183/3142 3224/3182/3141
f 307/3212/537 3233/3191/3150 3228/3190/3149 308/3207/516
f 1059/3209/3168 1060/3213/3171 3247/3205/3164 3248/3206/3165
f 767/1950/1955 3239/3198/3157 3244/3203/3162 768/1944/1946
f 1057/3181/3170 1056/3179/3172 3226/3186/3145 3225/3183/3142
f 306/3214/533 3238/3196/3155 3233/3191/3150 307/3212/537
f 1060/3213/3171 1061/3215/3173 3246/3204/3163 3247/3205/3164
f 766/1948/1952 3234/3193/3152 3239/3198/3157 767/1950/1955
f 1056/3179/3172 1055/3177/3174 3227/3188/3147 3226/3186/3145
f 305/3216/529 3243/3201/3160 3238/3196/3155 306/3214/533
f 1061/3215/3173 1062/3217/3175 3245/3202/3161 3246/3204/3163
f 765/1946/1949 3229/3185/3144 3234/3193/3152 766/1948/1952
f 1055/3177/3174 1054/3173/3167 3228/3190/3149 3227/3188/3147
f 304/3210/523 3248/3206/3165 3243/3201/3160 305/3216/529
f 1062/3217/3175 1063/3211/3169 3244/3203/3162 3245/3202/3161
f 764/1941/1941 3224/3182/3141 3229/3185/3144 765/1946/1949
f 3249/3218/3176 3250/3219/3177 3255/3220/3178 3254/3221/3179
f 3250/3219/3177 3251/3222/3180 3256/3223/3181 3255/3220/3178
f 3251/3222/3180 3252/3224/3182 3257/3225/3183 3256/3223/3181
f 3252/3224/3182 3253/3226/3184 3258/3227/3185 3257/3225/3183
f 3254/3221/3179 3255/3220/3178 3260/3228/3186 3259/3229/3187
f 3255/3220/3178 3256/3223/3181 3261/3230/3188 3260/3228/3186
f 3256/3223/3181 3257/3225/3183 3262/3231/3189 3261/3230/3188
f 3257/3225/3183 3258/3227/3185 3263/3232/3190 3262/3231/3189
f 3259/3229/3187 3260/3228/3186 3265/3233/3191 3264/3234/3192
f 3260/3228/3186 3261/3230/3188 3266/3235/3193 3265/3233/3191
f 3261/3230/3188 3262/3231/3189 3267/3236/3194 3266/3235/3193
f 3262/3231/3189 3263/3232/3190 3268/3237/3195 3267/3236/3194
f 3264/3234/3192 3265/3233/3191 3270/3238/3196 3269/3239/3197
f 3265/3233/3191 3266/3235/3193 3271/3240/3198 3270/3238/3196
f 3266/3235/3193 3267/3236/3194 3272/3241/3199 3271/3240/3198
f 3267/3236/3194 3268/3237/3195 3273/3242/3200 3272/3241/3199
f 86/1942/1985 1063/3211/3201 3249/3218/3176 774/1977/1983
f 323/3243/565 3253/3226/3184 1059/3209/3202 14/3208/563
f 15/3244/574 1064/3245/3203 3273/3242/3200 319/3246/572
f 778/1980/1988 3269/3239/3197 1068/3247/3204 87/1978/1986
f 1063/3211/3201 1062/3217/3205 3250/3219/3177 3249/3218/3176
f 322/3248/585 3258/3227/3185 3253/3226/3184 323/3243/565
f 1064/3245/3203 1065/3249/3206 3272/3241/3199 3273/3242/3200
f 777/1986/1996 3264/3234/3192 3269/3239/3197 778/1980/1988
f 1062/3217/3205 1061/3215/3207 3251/3222/3180 3250/3219/3177
f 321/3250/581 3263/3232/3190 3258/3227/3185 322/3248/585
f 1065/3249/3206 1066/3251/3207 3271/3240/3198 3272/3241/3199
f 776/1984/1994 3259/3229/3187 3264/3234/3192 777/1986/1996
f 1061/3215/3207 1060/3213/3208 3252/3224/3182 3251/3222/3180
f 320/3252/578 3268/3237/3195 3263/3232/3190 321/3250/581
f 1066/3251/3207 1067/3253/3209 3270/3238/3196 3271/3240/3198
f 775/1982/1991 3254/3221/3179 3259/3229/3187 776/1984/1994
f 1060/3213/3208 1059/3209/3202 3253/3226/3184 3252/3224/3182
f 319/3246/572 3273/3242/3200 3268/3237/3195 320/3252/578
f 1067/3253/3209 1068/3247/3204 3269/3239/3197 3270/3238/3196
f 774/1977/1983 3249/3218/3176 3254/3221/3179 775/1982/1991
f 3274/3254/3210 3275/3255/3211 3280/3256/3212 3279/3257/3213
f 3275/3255/3211 3276/3258/3214 3281/3259/3215 3280/3256/3212
f 3276/3258/3214 3277/3260/3216 3282/3261/3217 3281/3259/3215
f 3277/3260/3216 3278/3262/3218 3283/3263/3219 3282/3261/3217
f 3279/3257/3213 3280/3256/3212 3285/3264/3220 3284/3265/3221
f 3280/3256/3212 3281/3259/3215 3286/3266/3222 3285/3264/3220
f 3281/3259/3215 3282/3261/3217 3287/3267/3223 3286/3266/3222
f 3282/3261/3217 3283/3263/3219 3288/3268/3224 3287/3267/3223
f 3284/3265/3221 3285/3264/3220 3290/3269/3225 3289/3270/3226
f 3285/3264/3220 3286/3266/3222 3291/3271/3227 3290/3269/3225
f 3286/3266/3222 3287/3267/3223 3292/3272/3228 3291/3271/3227
f 3287/3267/3223 3288/3268/3224 3293/3273/3229 3292/3272/3228
f 3289/3270/3226 3290/3269/3225 3295/3274/3230 3294/3275/3231
f 3290/3269/3225 3291/3271/3227 3296/3276/3232 3295/3274/3230
f 3291/3271/3227 3292/3272/3228 3297/3277/3233 3296/3276/3232
f 3292/3272/3228 3293/3273/3229 3298/3278/3234 3297/3277/3233
f 87/1978/2026 1068/3247/3235 3274/3254/3210 784/2013/2024
f 338/3279/613 3278/3262/3218 1064/3245/3236 15/3244/611
f 16/3280/611 1069/3281/3237 3298/3278/3234 334/3282/620
f 788/2016/2029 3294/3275/3231 1073/3283/3238 88/2014/2027
f 1068/3247/3235 1067/3253/3239 3275/3255/3211 3274/3254/3210
f 337/3284/633 3283/3263/3219 3278/3262/3218 338/3279/613
f 1069/3281/3237 1070/3285/3240 3297/3277/3233 3298/3278/3234
f 787/2022/2038 3289/3270/3226 3294/3275/3231 788/2016/2029
f 1067/3253/3239 1066/3251/3241 3276/3258/3214 3275/3255/3211
f 336/3286/629 3288/3268/3224 3283/3263/3219 337/3284/633
f 1070/3285/3240 1071/3287/3242 3296/3276/3232 3297/3277/3233
f 786/2020/2035 3284/3265/3221 3289/3270/3226 787/2022/2038
f 1066/3251/3241 1065/3249/3243 3277/3260/3216 3276/3258/3214
f 335/3288/625 3293/3273/3229 3288/3268/3224 336/3286/629
f 1071/3287/3242 1072/3289/3244 3295/3274/3230 3296/3276/3232
f 785/2018/2032 3279/3257/3213 3284/3265/3221 786/2020/2035
f 1065/3249/3243 1064/3245/3236 3278/3262/3218 3277/3260/3216
f 334/3282/620 3298/3278/3234 3293/3273/3229 335/3288/625
f 1072/3289/3244 1073/3283/3238 3294/3275/3231 3295/3274/3230
f 784/2013/2024 3274/3254/3210 3279/3257/3213 785/2018/2032
f 3299/3290/3245 3300/3291/3246 3305/3292/3247 3304/3293/3248
f 3300/3291/3246 3301/3294/3249 3306/3295/3250 3305/3292/3247
f 3301/3294/3249 3302/3296/3251 3307/3297/3252 3306/3295/3250
f 3302/3296/3251 3303/3298/3253 3308/3299/3254 3307/3297/3252
f 3304/3293/3248 3305/3292/3247 3310/3300/3255 3309/3301/3256
f 3305/3292/3247 3306/3295/3250 3311/3302/3257 3310/3300/3255
f 3306/3295/3250 3307/3297/3252 3312/3303/3258 3311/3302/3257
f 3307/3297/3252 3308/3299/3254 3313/3304/3259 3312/3303/3258
f 3309/3301/3256 3310/3300/3255 3315/3305/3260 3314/3306/3261
f 3310/3300/3255 3311/3302/3257 3316/3307/3262 3315/3305/3260
f 3311/3302/3257 3312/3303/3258 3317/3308/3263 3316/3307/3262
f 3312/3303/3258 3313/3304/3259 3318/3309/3264 3317/3308/3263
f 3314/3306/3261 3315/3305/3260 3320/3310/3265 3319/3311/3266
f 3315/3305/3260 3316/3307/3262 3321/3312/3267 3320/3310/3265
f 3316/3307/3262 3317/3308/3263 3322/3313/3268 3321/3312/3267
f 3317/3308/3263 3318/3309/3264 3323/3314/3269 3322/3313/3268
f 88/2014/2068 1073/3283/3270 3299/3290/3245 794/2049/2066
f 353/3315/661 3303/3298/3253 1069/3281/3271 16/3280/659
f 17/3316/670 1074/3317/3272 3323/3314/3269 349/3318/668
f 798/2052/2071 3319/3311/3266 1078/3319/3273 89/2050/2069
f 1073/3283/3270 1072/3289/3274 3300/3291/3246 3299/3290/3245
f 352/3320/682 3308/3299/3254 3303/3298/3253 353/3315/661
f 1074/3317/3272 1075/3321/3275 3322/3313/3268 3323/3314/3269
f 797/2058/2080 3314/3306/3261 3319/3311/3266 798/2052/2071
f 1072/3289/3274 1071/3287/3276 3301/3294/3249 3300/3291/3246
f 351/3322/678 3313/3304/3259 3308/3299/3254 352/3320/682
f 1075/3321/3275 1076/3323/3277 3321/3312/3267 3322/3313/3268
f 796/2056/2077 3309/3301/3256 3314/3306/3261 797/2058/2080
f 1071/3287/3276 1070/3285/3278 3302/3296/3251 3301/3294/3249
f 350/3324/674 3318/3309/3264 3313/3304/3259 351/3322/678
f 1076/3323/3277 1077/3325/3279 3320/3310/3265 3321/3312/3267
f 795/2054/2074 3304/3293/3248 3309/3301/3256 796/2056/2077
f 1070/3285/3278 1069/3281/3271 3303/3298/3253 3302/3296/3251
f 349/3318/668 3323/3314/3269 3318/3309/3264 350/3324/674
f 1077/3325/3279 1078/3319/3273 3319/3311/3266 3320/3310/3265
f 794/2049/2066 3299/3290/3245 3304/3293/3248 795/2054/2074
f 3324/3326/3280 3325/3327/3281 3330/3328/3282 3329/3329/3283
f 3325/3327/3281 3326/3330/3284 3331/3331/3285 3330/3328/3282
f 3326/3330/3284 3327/3332/3286 3332/3333/3287 3331/3331/3285
f 3327/3332/3286 3328/3334/3288 3333/3335/3289 3332/3333/3287
f 3329/3329/3283 3330/3328/3282 3335/3336/3290 3334/3337/3291
f 3330/3328/3282 3331/3331/3285 3336/3338/3292 3335/3336/3290
f 3331/3331/3285 3332/3333/3287 3337/3339/3293 3336/3338/3292
f 3332/3333/3287 3333/3335/3289 3338/3340/3294 3337/3339/3293
f 3334/3337/3291 3335/3336/3290 3340/3341/3295 3339/3342/3296
f 3335/3336/3290 3336/3338/3292 3341/3343/3297 3340/3341/3295
f 3336/3338/3292 3337/3339/3293 3342/3344/3298 3341/3343/3297
f 3337/3339/3293 3338/3340/3294 3343/3345/3299 3342/3344/3298
f 3339/3342/3296 3340/3341/3295 3345/3346/3300 3344/3347/3301
f 3340/3341/3295 3341/3343/3297 3346/3348/3302 3345/3346/3300
f 3341/3343/3297 3342/3344/3298 3347/3349/3303 3346/3348/3302
f 3342/3344/3298 3343/3345/3299 3348/3350/3304 3347/3349/3303
f 89/2050/2110 1078/3319/3305 3324/3326/3280 804/2085/2108
f 368/3351/710 3328/3334/3288 1074/3317/3306 17/3316/708
f 18/3352/708 1079/3353/3307 3348/3350/3304 364/3354/710
f 808/2088/2108 3344/3347/3301 1083/3355/3308 90/2086/2110
f 1078/3319/3305 1077/3325/3309 3325/3327/3281 3324/3326/3280
f 367/3356/719 3333/3335/3289 3328/3334/3288 368/3351/710
f 1079/3353/3307 1080/3357/3310 3347/3349/3303 3348/3350/3304
f 807/2094/2114 3339/3342/3296 3344/3347/3301 808/2088/2108
f 1077/3325/3309 1076/3323/3311 3326/3330/3284 3325/3327/3281
f 366/3358/722 3338/3340/3294 3333/3335/3289 367/3356/719
f 1080/3357/3310 1081/3359/3311 3346/3348/3302 3347/3349/3303
f 806/2092/2117 3334/3337/3291 3339/3342/3296 807/2094/2114
f 1076/3323/3311 1075/3321/3312 3327/3332/3286 3326/3330/3284
f 365/3360/719 3343/3345/3299 3338/3340/3294 366/3358/722
f 1081/3359/3311 1082/3361/3313 3345/3346/3300 3346/3348/3302
f 805/2090/2114 3329/3329/3283 3334/3337/3291 806/2092/2117
f 1075/3321/3312 1074/3317/3306 3328/3334/3288 3327/3332/3286
f 364/3354/710 3348/3350/3304 3343/3345/3299 365/3360/719
f 1082/3361/3313 1083/3355/3308 3344/3347/3301 3345/3346/3300
f 804/2085/2108 3324/3326/3280 3329/3329/3283 805/2090/2114
f 3349/3362/3314 3350/3363/3315 3355/3364/3316 3354/3365/3317
f 3350/3363/3315 3351/3366/3318 3356/3367/3319 3355/3364/3316
f 3351/3366/3318 3352/3368/3320 3357/3369/3321 3356/3367/3319
f 3352/3368/3320 3353/3370/3322 3358/3371/3323 3357/3369/3321
f 3354/3365/3317 3355/3364/3316 3360/3372/3324 3359/3373/3325
f 3355/3364/3316 3356/3367/3319 3361/3374/3326 3360/3372/3324
f 3356/3367/3319 3357/3369/3321 3362/3375/3327 3361/3374/3326
f 3357/3369/3321 3358/3371/3323 3363/3376/3328 3362/3375/3327
f 3359/3373/3325 3360/3372/3324 3365/3377/3329 3364/3378/3330
f 3360/3372/3324 3361/3374/3326 3366/3379/3331 3365/3377/3329
f 3361/3374/3326 3362/3375/3327 3367/3380/3332 3366/3379/3331
f 3362/3375/3327 3363/3376/3328 3368/3381/3333 3367/3380/3332
f 3364/3378/3330 3365/3377/3329 3370/3382/3334 3369/3383/3335
f 3365/3377/3329 3366/3379/3331 3371/3384/3336 3370/3382/3334
f 3366/3379/3331 3367/3380/3332 3372/3385/3337 3371/3384/3336
f 3367/3380/3332 3368/3381/3333 3373/3386/3338 3372/3385/3337
f 90/2086/2149 1083/3355/3339 3349/3362/3314 814/2121/2147
f 383/3387/752 3353/3370/3322 1079/3353/3340 18/3352/750
f 19/3388/761 1084/3389/3341 3373/3386/3338 379/3390/759
f 818/2124/2152 3369/3383/3335 1088/3391/3342 91/2122/2150
f 1083/3355/3339 1082/3361/3343 3350/3363/3315 3349/3362/3314
f 382/3392/773 3358/3371/3323 3353/3370/3322 383/3387/752
f 1084/3389/3341 1085/3393/3344 3372/3385/3337 3373/3386/3338
f 817/2130/2161 3364/3378/3330 3369/3383/3335 818/2124/2152
f 1082/3361/3343 1081/3359/3345 3351/3366/3318 3350/3363/3315
f 381/3394/769 3363/3376/3328 3358/3371/3323 382/3392/773
f 1085/3393/3344 1086/3395/3346 3371/3384/3336 3372/3385/3337
f 816/2128/2158 3359/3373/3325 3364/3378/3330 817/2130/2161
f 1081/3359/3345 1080/3357/3347 3352/3368/3320 3351/3366/3318
f 380/3396/765 3368/3381/3333 3363/3376/3328 381/3394/769
f 1086/3395/3346 1087/3397/3348 3370/3382/3334 3371/3384/3336
f 815/2126/2155 3354/3365/3317 3359/3373/3325 816/2128/2158
f 1080/3357/3347 1079/3353/3340 3353/3370/3322 3352/3368/3320
f 379/3390/759 3373/3386/3338 3368/3381/3333 380/3396/765
f 1087/3397/3348 1088/3391/3342 3369/3383/3335 3370/3382/3334
f 814/2121/2147 3349/3362/3314 3354/3365/3317 815/2126/2155
f 3374/3398/3349 3375/3399/3350 3380/3400/3351 3379/3401/3352
f 3375/3399/3350 3376/3402/3353 3381/3403/3354 3380/3400/3351
f 3376/3402/3353 3377/3404/3355 3382/3405/3356 3381/3403/3354
f 3377/3404/3355 3378/3406/3357 3383/3407/3358 3382/3405/3356
f 3379/3401/3352 3380/3400/3351 3385/3408/3359 3384/3409/3360
f 3380/3400/3351 3381/3403/3354 3386/3410/3361 3385/3408/3359
f 3381/3403/3354 3382/3405/3356 3387/3411/3362 3386/3410/3361
f 3382/3405/3356 3383/3407/3358 3388/3412/3363 3387/3411/3362
f 3384/3409/3360 3385/3408/3359 3390/3413/3364 3389/3414/3365
f 3385/3408/3359 3386/3410/3361 3391/3415/3366 3390/3413/3364
f 3386/3410/3361 3387/3411/3362 3392/3416/3367 3391/3415/3366
f 3387/3411/3362 3388/3412/3363 3393/3417/3368 3392/3416/3367
f 3389/3414/3365 3390/3413/3364 3395/3418/3369 3394/3419/3370
f 3390/3413/3364 3391/3415/3366 3396/3420/3371 3395/3418/3369
f 3391/3415/3366 3392/3416/3367 3397/3421/3372 3396/3420/3371
f 3392/3416/3367 3393/3417/3368 3398/3422/3373 3397/3421/3372
f 91/2122/2191 1088/3391/3374 3374/3398/3349 824/2157/2189
f 398/3423/801 3378/3406/3357 1084/3389/3375 19/3388/799
f 20/3424/799 1089/3425/3376 3398/3422/3373 394/3426/807
f 828/2160/2193 3394/3419/3370 1093/3427/3377 92/2158/2191
f 1088/3391/3374 1087/3397/3378 3375/3399/3350 3374/3398/3349
f 397/3428/820 3383/3407/3358 3378/3406/3357 398/3423/801
f 1089/3425/3376 1090/3429/3379 3397/3421/3372 3398/3422/3373
f 827/2166/2202 3389/3414/3365 3394/3419/3370 828/2160/2193
f 1087/3397/3378 1086/3395/3380 3376/3402/3353 3375/3399/3350
f 396/3430/816 3388/3412/3363 3383/3407/3358 397/3428/820
f 1090/3429/3379 1091/3431/3381 3396/3420/3371 3397/3421/3372
f 826/2164/2199 3384/3409/3360 3389/3414/3365 827/2166/2202
f 1086/3395/3380 1085/3393/3382 3377/3404/3355 3376/3402/3353
f 395/3432/812 3393/3417/3368 3388/3412/3363 396/3430/816
f 1091/3431/3381 1092/3433/3383 3395/3418/3369 3396/3420/3371
f 825/2162/2196 3379/3401/3352 3384/3409/3360 826/2164/2199
f 1085/3393/3382 1084/3389/3375 3378/3406/3357 3377/3404/3355
f 394/3426/807 3398/3422/3373 3393/3417/3368 395/3432/812
f 1092/3433/3383 1093/3427/3377 3394/3419/3370 3395/3418/3369
f 824/2157/2189 3374/3398/3349 3379/3401/3352 825/2162/2196
f 3399/3434/3384 3400/3435/3385 3405/3436/3386 3404/3437/3387
f 3400/3435/3385 3401/3438/3388 3406/3439/3389 3405/3436/3386
f 3401/3438/3388 3402/3440/3390 3407/3441/3391 3406/3439/3389
f 3402/3440/3390 3403/3442/3392 3408/3443/3393 3407/3441/3391
f 3404/3437/3387 3405/3436/3386 3410/3444/3394 3409/3445/3395
f 3405/3436/3386 3406/3439/3389 3411/3446/3396 3410/3444/3394
f 3406/3439/3389 3407/3441/3391 3412/3447/3397 3411/3446/3396
f 3407/3441/3391 3408/3443/3393 3413/3448/3398 3412/3447/3397
f 3409/3445/3395 3410/3444/3394 3415/3449/3399 3414/3450/3400
f 3410/3444/3394 3411/3446/3396 3416/3451/3401 3415/3449/3399
f 3411/3446/3396 3412/3447/3397 3417/3452/3402 3416/3451/3401
f 3412/3447/3397 3413/3448/3398 3418/3453/3403 3417/3452/3402
f 3414/3450/3400 3415/3449/3399 3420/3454/3404 3419/3455/3405
f 3415/3449/3399 3416/3451/3401 3421/3456/3406 3420/3454/3404
f 3416/3451/3401 3417/3452/3402 3422/3457/3407 3421/3456/3406
f 3417/3452/3402 3418/3453/3403 3423/3458/3408 3422/3457/3407
f 92/2158/2232 1093/3427/3409 3399/3434/3384 834/2193/2230
f 413/3459/848 3403/3442/3392 1089/3425/3410 20/3424/846
f 21/3460/856 1094/3461/3411 3423/3458/3408 409/3462/659
f 838/2196/2235 3419/3455/3405 1098/3463/3412 93/2194/2233
f 1093/3427/3409 1092/3433/3413 3400/3435/3385 3399/3434/3384
f 412/3464/868 3408/3443/3393 3403/3442/3392 413/3459/848
f 1094/3461/3411 1095/3465/3414 3422/3457/3407 3423/3458/3408
f 837/2202/2244 3414/3450/3400 3419/3455/3405 838/2196/2235
f 1092/3433/3413 1091/3431/3415 3401/3438/3388 3400/3435/3385
f 411/3466/864 3413/3448/3398 3408/3443/3393 412/3464/868
f 1095/3465/3414 1096/3467/3416 3421/3456/3406 3422/3457/3407
f 836/2200/2241 3409/3445/3395 3414/3450/3400 837/2202/2244
f 1091/3431/3415 1090/3429/3417 3402/3440/3390 3401/3438/3388
f 410/3468/860 3418/3453/3403 3413/3448/3398 411/3466/864
f 1096/3467/3416 1097/3469/3418 3420/3454/3404 3421/3456/3406
f 835/2198/2238 3404/3437/3387 3409/3445/3395 836/2200/2241
f 1090/3429/3417 1089/3425/3410 3403/3442/3392 3402/3440/3390
f 409/3462/659 3423/3458/3408 3418/3453/3403 410/3468/860
f 1097/3469/3418 1098/3463/3412 3419/3455/3405 3420/3454/3404
f 834/2193/2230 3399/3434/3384 3404/3437/3387 835/2198/2238
f 3424/3470/3419 3425/3471/3420 3430/3472/3421 3429/3473/3422
f 3425/3471/3420 3426/3474/3423 3431/3475/3424 3430/3472/3421
f 3426/3474/3423 3427/3476/3425 3432/3477/3426 3431/3475/3424
f 3427/3476/3425 3428/3478/3427 3433/3479/3428 3432/3477/3426
f 3429/3473/3422 3430/3472/3421 3435/3480/3429 3434/3481/3430
f 3430/3472/3421 3431/3475/3424 3436/3482/3431 3435/3480/3429
f 3431/3475/3424 3432/3477/3426 3437/3483/3432 3436/3482/3431
f 3432/3477/3426 3433/3479/3428 3438/3484/3433 3437/3483/3432
f 3434/3481/3430 3435/3480/3429 3440/3485/3434 3439/3486/3435
f 3435/3480/3429 3436/3482/3431 3441/3487/3436 3440/3485/3434
f 3436/3482/3431 3437/3483/3432 3442/3488/3437 3441/3487/3436
f 3437/3483/3432 3438/3484/3433 3443/3489/3438 3442/3488/3437
f 3439/3486/3435 3440/3485/3434 3445/3490/3439 3444/3491/3440
f 3440/3485/3434 3441/3487/3436 3446/3492/3441 3445/3490/3439
f 3441/3487/3436 3442/3488/3437 3447/3493/3442 3446/3492/3441
f 3442/3488/3437 3443/3489/3438 3448/3494/3443 3447/3493/3442
f 93/2194/2274 1098/3463/3444 3424/3470/3419 844/2229/2272
f 428/3495/896 3428/3478/3427 1094/3461/3445 21/3460/894
f 22/3496/905 1099/3497/3446 3448/3494/3443 424/3498/903
f 848/2232/2277 3444/3491/3440 1103/3499/3447 94/2230/2275
f 1098/3463/3444 1097/3469/3448 3425/3471/3420 3424/3470/3419
f 427/3500/917 3433/3479/3428 3428/3478/3427 428/3495/896
f 1099/3497/3446 1100/3501/3449 3447/3493/3442 3448/3494/3443
f 847/2238/2286 3439/3486/3435 3444/3491/3440 848/2232/2277
f 1097/3469/3448 1096/3467/3450 3426/3474/3423 3425/3471/3420
f 426/3502/913 3438/3484/3433 3433/3479/3428 427/3500/917
f 1100/3501/3449 1101/3503/3451 3446/3492/3441 3447/3493/3442
f 846/2236/2283 3434/3481/3430 3439/3486/3435 847/2238/2286
f 1096/3467/3450 1095/3465/3452 3427/3476/3425 3426/3474/3423
f 425/3504/909 3443/3489/3438 3438/3484/3433 426/3502/913
f 1101/3503/3451 1102/3505/3453 3445/3490/3439 3446/3492/3441
f 845/2234/2280 3429/3473/3422 3434/3481/3430 846/2236/2283
f 1095/3465/3452 1094/3461/3445 3428/3478/3427 3427/3476/3425
f 424/3498/903 3448/3494/3443 3443/3489/3438 425/3504/909
f 1102/3505/3453 1103/3499/3447 3444/3491/3440 3445/3490/3439
f 844/2229/2272 3424/3470/3419 3429/3473/3422 845/2234/2280
f 3449/3506/3454 3450/3507/3455 3455/3508/3456 3454/3509/3457
f 3450/3507/3455 3451/3510/3458 3456/3511/3459 3455/3508/3456
f 3451/3510/3458 3452/3512/3460 3457/3513/3461 3456/3511/3459
f 3452/3512/3460 3453/3514/3462 3458/3515/3463 3457/3513/3461
f 3454/3509/3457 3455/3508/3456 3460/3516/3464 3459/3517/3465
f 3455/3508/3456 3456/3511/3459 3461/3518/3466 3460/3516/3464
f 3456/3511/3459 3457/3513/3461 3462/3519/3467 3461/3518/3466
f 3457/3513/3461 3458/3515/3463 3463/3520/3468 3462/3519/3467
f 3459/3517/3465 3460/3516/3464 3465/3521/3469 3464/3522/3470
f 3460/3516/3464 3461/3518/3466 3466/3523/3471 3465/3521/3469
f 3461/3518/3466 3462/3519/3467 3467/3524/3472 3466/3523/3471
f 3462/3519/3467 3463/3520/3468 3468/3525/3473 3467/3524/3472
f 3464/3522/3470 3465/3521/3469 3470/3526/3474 3469/3527/3475
f 3465/3521/3469 3466/3523/3471 3471/3528/3476 3470/3526/3474
f 3466/3523/3471 3467/3524/3472 3472/3529/3477 3471/3528/3476
f 3467/3524/3472 3468/3525/3473 3473/3530/3478 3472/3529/3477
f 94/2230/2316 1103/3499/3479 3449/3506/3454 854/2265/2314
f 443/3531/945 3453/3514/3462 1099/3497/3480 22/3496/943
f 23/3532/954 1104/3533/3481 3473/3530/3478 439/3534/952
f 858/2268/2319 3469/3527/3475 1108/3535/3482 95/2266/2317
f 1103/3499/3479 1102/3505/3483 3450/3507/3455 3449/3506/3454
f 442/3536/966 3458/3515/3463 3453/3514/3462 443/3531/945
f 1104/3533/3481 1105/3537/3484 3472/3529/3477 3473/3530/3478
f 857/2274/2328 3464/3522/3470 3469/3527/3475 858/2268/2319
f 1102/3505/3483 1101/3503/3485 3451/3510/3458 3450/3507/3455
f 441/3538/962 3463/3520/3468 3458/3515/3463 442/3536/966
f 1105/3537/3484 1106/3539/3486 3471/3528/3476 3472/3529/3477
f 856/2272/2325 3459/3517/3465 3464/3522/3470 857/2274/2328
f 1101/3503/3485 1100/3501/3487 3452/3512/3460 3451/3510/3458
f 440/3540/958 3468/3525/3473 3463/3520/3468 441/3538/962
f 1106/3539/3486 1107/3541/3488 3470/3526/3474 3471/3528/3476
f 855/2270/2322 3454/3509/3457 3459/3517/3465 856/2272/2325
f 1100/3501/3487 1099/3497/3480 3453/3514/3462 3452/3512/3460
f 439/3534/952 3473/3530/3478 3468/3525/3473 440/3540/958
f 1107/3541/3488 1108/3535/3482 3469/3527/3475 3470/3526/3474
f 854/2265/2314 3449/3506/3454 3454/3509/3457 855/2270/2322
f 3474/3542/2788 3475/3543/2789 3480/3544/2789 3479/3545/2788
f 3475/3543/2789 3476/3546/2790 3481/3547/2790 3480/3544/2789
f 3476/3546/2790 3477/3548/2791 3482/3549/2791 3481/3547/2790
f 3477/3548/2791 3478/3550/2792 3483/3551/2792 3482/3549/2791
f 3479/3545/2788 3480/3544/2789 3485/3552/2789 3484/3553/2788
f 3480/3544/2789 3481/3547/2790 3486/3554/2790 3485/3552/2789
f 3481/3547/2790 3482/3549/2791 3487/3555/2791 3486/3554/2790
f 3482/3549/2791 3483/3551/2792 3488/3556/2792 3487/3555/2791
f 3484/3553/2788 3485/3552/2789 3490/3557/2789 3489/3558/2788
f 3485/3552/2789 3486/3554/2790 3491/3559/2790 3490/3557/2789
f 3486/3554/2790 3487/3555/2791 3492/3560/2791 3491/3559/2790
f 3487/3555/2791 3488/3556/2792 3493/3561/2792 3492/3560/2791
f 3489/3558/2788 3490/3557/2789 3495/3562/2789 3494/3563/2788
f 3490/3557/2789 3491/3559/2790 3496/3564/2790 3495/3562/2789
f 3491/3559/2790 3492/3560/2791 3497/3565/2791 3496/3564/2790
f 3492/3560/2791 3493/3561/2792 3498/3566/2792 3497/3565/2791
f 95/2266/1500 1108/3535/2788 3474/3542/2788 864/2301/1500
f 458/3567/7 3478/3550/2792 1104/3533/2792 23/3532/7
f 24/3568/7 1109/3569/2792 3498/3566/2792 454/3570/7
f 868/2304/1500 3494/3563/2788 1113/3571/2788 96/2302/1500
f 1108/3535/2788 1107/3541/2789 3475/3543/2789 3474/3542/2788
f 457/3572/7 3483/3551/2792 3478/3550/2792 458/3567/7
f 1109/3569/2792 1110/3573/2791 3497/3565/2791 3498/3566/2792
f 867/2310/1500 3489/3558/2788 3494/3563/2788 868/2304/1500
f 1107/3541/2789 1106/3539/2790 3476/3546/2790 3475/3543/2789
f 456/3574/7 3488/3556/2792 3483/3551/2792 457/3572/7
f 1110/3573/2791 1111/3575/2790 3496/3564/2790 3497/3565/2791
f 866/2308/1500 3484/3553/2788 3489/3558/2788 867/2310/1500
f 1106/3539/2790 1105/3537/2791 3477/3548/2791 3476/3546/2790
f 455/3576/7 3493/3561/2792 3488/3556/2792 456/3574/7
f 1111/3575/2790 1112/3577/2789 3495/3562/2789 3496/3564/2790
f 865/2306/1500 3479/3545/2788 3484/3553/2788 866/2308/1500
f 1105/3537/2791 1104/3533/2792 3478/3550/2792 3477/3548/2791
f 454/3570/7 3498/3566/2792 3493/3561/2792 455/3576/7
f 1112/3577/2789 1113/3571/2788 3494/3563/2788 3495/3562/2789
f 864/2301/1500 3474/3542/2788 3479/3545/2788 865/2306/1500
f 3499/3578/3489 3500/3579/3490 3505/3580/3491 3504/3581/3492
f 3500/3579/3490 3501/3582/3493 3506/3583/3494 3505/3580/3491
f 3501/3582/3493 3502/3584/3495 3507/3585/3496 3506/3583/3494
f 3502/3584/3495 3503/3586/3497 3508/3587/3498 3507/3585/3496
f 3504/3581/3492 3505/3580/3491 3510/3588/3499 3509/3589/3500
f 3505/3580/3491 3506/3583/3494 3511/3590/3501 3510/3588/3499
f 3506/3583/3494 3507/3585/3496 3512/3591/3502 3511/3590/3501
f 3507/3585/3496 3508/3587/3498 3513/3592/3503 3512/3591/3502
f 3509/3589/3500 3510/3588/3499 3515/3593/3504 3514/3594/3505
f 3510/3588/3499 3511/3590/3501 3516/3595/3506 3515/3593/3504
f 3511/3590/3501 3512/3591/3502 3517/3596/3507 3516/3595/3506
f 3512/3591/3502 3513/3592/3503 3518/3597/3508 3517/3596/3507
f 3514/3594/3505 3515/3593/3504 3520/3598/3509 3519/3599/3510
f 3515/3593/3504 3516/3595/3506 3521/3600/3511 3520/3598/3509
f 3516/3595/3506 3517/3596/3507 3522/3601/3512 3521/3600/3511
f 3517/3596/3507 3518/3597/3508 3523/3602/3513 3522/3601/3512
f 96/2302/2359 1113/3571/3514 3499/3578/3489 874/2337/2357
f 473/3603/994 3503/3586/3497 1109/3569/3515 24/3568/992
f 25/3604/1003 1114/3605/3516 3523/3602/3513 469/3606/1001
f 878/2340/2362 3519/3599/3510 1118/3607/3517 97/2338/2360
f 1113/3571/3514 1112/3577/3518 3500/3579/3490 3499/3578/3489
f 472/3608/1015 3508/3587/3498 3503/3586/3497 473/3603/994
f 1114/3605/3516 1115/3609/3519 3522/3601/3512 3523/3602/3513
f 877/2346/2371 3514/3594/3505 3519/3599/3510 878/2340/2362
f 1112/3577/3518 1111/3575/3520 3501/3582/3493 3500/3579/3490
f 471/3610/1011 3513/3592/3503 3508/3587/3498 472/3608/1015
f 1115/3609/3519 1116/3611/3521 3521/3600/3511 3522/3601/3512
f 876/2344/2368 3509/3589/3500 3514/3594/3505 877/2346/2371
f 1111/3575/3520 1110/3573/3522 3502/3584/3495 3501/3582/3493
f 470/3612/1007 3518/3597/3508 3513/3592/3503 471/3610/1011
f 1116/3611/3521 1117/3613/3523 3520/3598/3509 3521/3600/3511
f 875/2342/2365 3504/3581/3492 3509/3589/3500 876/2344/2368
f 1110/3573/3522 1109/3569/3515 3503/3586/3497 3502/3584/3495
f 469/3606/1001 3523/3602/3513 3518/3597/3508 470/3612/1007
f 1117/3613/3523 1118/3607/3517 3519/3599/3510 3520/3598/3509
f 874/2337/2357 3499/3578/3489 3504/3581/3492 875/2342/2365
f 3524/3614/3524 3525/3615/3525 3530/3616/3526 3529/3617/3527
f 3525/3615/3525 3526/3618/3528 3531/3619/3529 3530/3616/3526
f 3526/3618/3528 3527/3620/3530 3532/3621/3531 3531/3619/3529
f 3527/3620/3530 3528/3622/3532 3533/3623/3533 3532/3621/3531
f 3529/3617/3527 3530/3616/3526 3535/3624/3534 3534/3625/3535
f 3530/3616/3526 3531/3619/3529 3536/3626/3536 3535/3624/3534
f 3531/3619/3529 3532/3621/3531 3537/3627/3537 3536/3626/3536
f 3532/3621/3531 3533/3623/3533 3538/3628/3538 3537/3627/3537
f 3534/3625/3535 3535/3624/3534 3540/3629/3539 3539/3630/3540
f 3535/3624/3534 3536/3626/3536 3541/3631/3541 3540/3629/3539
f 3536/3626/3536 3537/3627/3537 3542/3632/3542 3541/3631/3541
f 3537/3627/3537 3538/3628/3538 3543/3633/3543 3542/3632/3542
f 3539/3630/3540 3540/3629/3539 3545/3634/3544 3544/3635/3545
f 3540/3629/3539 3541/3631/3541 3546/3636/3546 3545/3634/3544
f 3541/3631/3541 3542/3632/3542 3547/3637/3547 3546/3636/3546
f 3542/3632/3542 3543/3633/3543 3548/3638/3548 3547/3637/3547
f 97/2338/2401 1118/3607/3549 3524/3614/3524 884/2373/2399
f 488/3639/1043 3528/3622/3532 1114/3605/3550 25/3604/1041
f 26/3640/1052 1119/3641/3551 3548/3638/3548 484/3642/1050
f 888/2376/2404 3544/3635/3545 1123/3643/3552 98/2374/2402
f 1118/3607/3549 1117/3613/3553 3525/3615/3525 3524/3614/3524
f 487/3644/1064 3533/3623/3533 3528/3622/3532 488/3639/1043
f 1119/3641/3551 1120/3645/3554 3547/3637/3547 3548/3638/3548
f 887/2382/2413 3539/3630/3540 3544/3635/3545 888/2376/2404
f 1117/3613/3553 1116/3611/3555 3526/3618/3528 3525/3615/3525
f 486/3646/1060 3538/3628/3538 3533/3623/3533 487/3644/1064
f 1120/3645/3554 1121/3647/3556 3546/3636/3546 3547/3637/3547
f 886/2380/2410 3534/3625/3535 3539/3630/3540 887/2382/2413
f 1116/3611/3555 1115/3609/3557 3527/3620/3530 3526/3618/3528
f 485/3648/1056 3543/3633/3543 3538/3628/3538 486/3646/1060
f 1121/3647/3556 1122/3649/3558 3545/3634/3544 3546/3636/3546
f 885/2378/2407 3529/3617/3527 3534/3625/3535 886/2380/2410
f 1115/3609/3557 1114/3605/3550 3528/3622/3532 3527/3620/3530
f 484/3642/1050 3548/3638/3548 3543/3633/3543 485/3648/1056
f 1122/3649/3558 1123/3643/3552 3544/3635/3545 3545/3634/3544
f 884/2373/2399 3524/3614/3524 3529/3617/3527 885/2378/2407
f 3549/3650/3559 3550/3651/3560 3555/3652/3561 3554/3653/3562
f 3550/3651/3560 3551/3654/3563 3556/3655/3564 3555/3652/3561
f 3551/3654/3563 3552/3656/3565 3557/3657/3566 3556/3655/3564
f 3552/3656/3565 3553/3658/3567 3558/3659/3568 3557/3657/3566
f 3554/3653/3562 3555/3652/3561 3560/3660/3569 3559/3661/3570
f 3555/3652/3561 3556/3655/3564 3561/3662/3571 3560/3660/3569
f 3556/3655/3564 3557/3657/3566 3562/3663/3572 3561/3662/3571
f 3557/3657/3566 3558/3659/3568 3563/3664/3573 3562/3663/3572
f 3559/3661/3570 3560/3660/3569 3565/3665/3574 3564/3666/3575
f 3560/3660/3569 3561/3662/3571 3566/3667/3576 3565/3665/3574
f 3561/3662/3571 3562/3663/3572 3567/3668/3577 3566/3667/3576
f 3562/3663/3572 3563/3664/3573 3568/3669/3578 3567/3668/3577
f 3564/3666/3575 3565/3665/3574 3570/3670/3579 3569/3671/3580
f 3565/3665/3574 3566/3667/3576 3571/3672/3581 3570/3670/3579
f 3566/3667/3576 3567/3668/3577 3572/3673/3582 3571/3672/3581
f 3567/3668/3577 3568/3669/3578 3573/3674/3583 3572/3673/3582
f 98/2374/2443 1123/3643/3584 3549/3650/3559 894/2409/2441
f 503/3675/1092 3553/3658/3567 1119/3641/3585 26/3640/1090
f 27/3676/1101 1124/3677/3586 3573/3674/3583 499/3678/1099
f 898/2412/2446 3569/3671/3580 1128/3679/3587 99/2410/2444
f 1123/3643/3584 1122/3649/3588 3550/3651/3560 3549/3650/3559
f 502/3680/1113 3558/3659/3568 3553/3658/3567 503/3675/1092
f 1124/3677/3586 1125/3681/3589 3572/3673/3582 3573/3674/3583
f 897/2418/2455 3564/3666/3575 3569/3671/3580 898/2412/2446
f 1122/3649/3588 1121/3647/3590 3551/3654/3563 3550/3651/3560
f 501/3682/1109 3563/3664/3573 3558/3659/3568 502/3680/1113
f 1125/3681/3589 1126/3683/3591 3571/3672/3581 3572/3673/3582
f 896/2416/2452 3559/3661/3570 3564/3666/3575 897/2418/2455
f 1121/3647/3590 1120/3645/3592 3552/3656/3565 3551/3654/3563
f 500/3684/1105 3568/3669/3578 3563/3664/3573 501/3682/1109
f 1126/3683/3591 1127/3685/3593 3570/3670/3579 3571/3672/3581
f 895/2414/2449 3554/3653/3562 3559/3661/3570 896/2416/2452
f 1120/3645/3592 1119/3641/3585 3553/3658/3567 3552/3656/3565
f 499/3678/1099 3573/3674/3583 3568/3669/3578 500/3684/1105
f 1127/3685/3593 1128/3679/3587 3569/3671/3580 3570/3670/3579
f 894/2409/2441 3549/3650/3559 3554/3653/3562 895/2414/2449
f 3574/3686/3594 3575/3687/3595 3580/3688/3596 3579/3689/3597
f 3575/3687/3595 3576/3690/3598 3581/3691/3599 3580/3688/3596
f 3576/3690/3598 3577/3692/3600 3582/3693/3601 3581/3691/3599
f 3577/3692/3600 3578/3694/3602 3583/3695/3603 3582/3693/3601
f 3579/3689/3597 3580/3688/3596 3585/3696/3604 3584/3697/3605
f 3580/3688/3596 3581/3691/3599 3586/3698/3606 3585/3696/3604
f 3581/3691/3599 3582/3693/3601 3587/3699/3607 3586/3698/3606
f 3582/3693/3601 3583/3695/3603 3588/3700/3608 3587/3699/3607
f 3584/3697/3605 3585/3696/3604 3590/3701/3609 3589/3702/3610
f 3585/3696/3604 3586/3698/3606 3591/3703/3611 3590/3701/3609
f 3586/3698/3606 3587/3699/3607 3592/3704/3612 3591/3703/3611
f 3587/3699/3607 3588/3700/3608 3593/3705/3613 3592/3704/3612
f 3589/3702/3610 3590/3701/3609 3595/3706/3614 3594/3707/3615
f 3590/3701/3609 3591/3703/3611 3596/3708/3616 3595/3706/3614
f 3591/3703/3611 3592/3704/3612 3597/3709/3617 3596/3708/3616
f 3592/3704/3612 3593/3705/3613 3598/3710/3618 3597/3709/3617
f 99/2410/2485 1128/3679/3619 3574/3686/3594 904/2445/2483
f 518/3711/1141 3578/3694/3602 1124/3677/3620 27/3676/1139
f 28/3712/1150 1129/3713/3621 3598/3710/3618 514/3714/1148
f 908/2448/2488 3594/3707/3615 1133/3715/3622 100/2446/2486
f 1128/3679/3619 1127/3685/3623 3575/3687/3595 3574/3686/3594
f 517/3716/1162 3583/3695/3603 3578/3694/3602 518/3711/1141
f 1129/3713/3621 1130/3717/3624 3597/3709/3617 3598/3710/3618
f 907/2454/2497 3589/3702/3610 3594/3707/3615 908/2448/2488
f 1127/3685/3623 1126/3683/3625 3576/3690/3598 3575/3687/3595
f 516/3718/1158 3588/3700/3608 3583/3695/3603 517/3716/1162
f 1130/3717/3624 1131/3719/3626 3596/3708/3616 3597/3709/3617
f 906/2452/2494 3584/3697/3605 3589/3702/3610 907/2454/2497
f 1126/3683/3625 1125/3681/3627 3577/3692/3600 3576/3690/3598
f 515/3720/1154 3593/3705/3613 3588/3700/3608 516/3718/1158
f 1131/3719/3626 1132/3721/3628 3595/3706/3614 3596/3708/3616
f 905/2450/2491 3579/3689/3597 3584/3697/3605 906/2452/2494
f 1125/3681/3627 1124/3677/3620 3578/3694/3602 3577/3692/3600
f 514/3714/1148 3598/3710/3618 3593/3705/3613 515/3720/1154
f 1132/3721/3628 1133/3715/3622 3594/3707/3615 3595/3706/3614
f 904/2445/2483 3574/3686/3594 3579/3689/3597 905/2450/2491
f 3599/3722/3629 3600/3723/3630 3605/3724/3631 3604/3725/3632
f 3600/3723/3630 3601/3726/3633 3606/3727/3634 3605/3724/3631
f 3601/3726/3633 3602/3728/3635 3607/3729/3636 3606/3727/3634
f 3602/3728/3635 3603/3730/3637 3608/3731/3638 3607/3729/3636
f 3604/3725/3632 3605/3724/3631 3610/3732/3639 3609/3733/3640
f 3605/3724/3631 3606/3727/3634 3611/3734/3641 3610/3732/3639
f 3606/3727/3634 3607/3729/3636 3612/3735/3642 3611/3734/3641
f 3607/3729/3636 3608/3731/3638 3613/3736/3643 3612/3735/3642
f 3609/3733/3640 3610/3732/3639 3615/3737/3644 3614/3738/3645
f 3610/3732/3639 3611/3734/3641 3616/3739/3646 3615/3737/3644
f 3611/3734/3641 3612/3735/3642 3617/3740/3647 3616/3739/3646
f 3612/3735/3642 3613/3736/3643 3618/3741/3648 3617/3740/3647
f 3614/3738/3645 3615/3737/3644 3620/3742/3649 3619/3743/3650
f 3615/3737/3644 3616/3739/3646 3621/3744/3651 3620/3742/3649
f 3616/3739/3646 3617/3740/3647 3622/3745/3652 3621/3744/3651
f 3617/3740/3647 3618/3741/3648 3623/3746/3653 3622/3745/3652
f 100/2446/2527 1133/3715/3654 3599/3722/3629 914/2481/2525
f 533/3747/1190 3603/3730/3637 1129/3713/3655 28/3712/1188
f 29/3748/1188 1134/3749/3656 3623/3746/3653 529/3750/1196
f 918/2484/2529 3619/3743/3650 1138/3751/3657 101/2482/2527
f 1133/3715/3654 1132/3721/3658 3600/3723/3630 3599/3722/3629
f 532/3752/1209 3608/3731/3638 3603/3730/3637 533/3747/1190
f 1134/3749/3656 1135/3753/3659 3622/3745/3652 3623/3746/3653
f 917/2490/2538 3614/3738/3645 3619/3743/3650 918/2484/2529
f 1132/3721/3658 1131/3719/3660 3601/3726/3633 3600/3723/3630
f 531/3754/1205 3613/3736/3643 3608/3731/3638 532/3752/1209
f 1135/3753/3659 1136/3755/3661 3621/3744/3651 3622/3745/3652
f 916/2488/2535 3609/3733/3640 3614/3738/3645 917/2490/2538
f 1131/3719/3660 1130/3717/3662 3602/3728/3635 3601/3726/3633
f 530/3756/1201 3618/3741/3648 3613/3736/3643 531/3754/1205
f 1136/3755/3661 1137/3757/3663 3620/3742/3649 3621/3744/3651
f 915/2486/2532 3604/3725/3632 3609/3733/3640 916/2488/2535
f 1130/3717/3662 1129/3713/3655 3603/3730/3637 3602/3728/3635
f 529/3750/1196 3623/3746/3653 3618/3741/3648 530/3756/1201
f 1137/3757/3663 1138/3751/3657 3619/3743/3650 3620/3742/3649
f 914/2481/2525 3599/3722/3629 3604/3725/3632 915/2486/2532
f 3624/3758/3664 3625/3759/3665 3630/3760/3666 3629/3761/3667
f 3625/3759/3665 3626/3762/3668 3631/3763/3669 3630/3760/3666
f 3626/3762/3668 3627/3764/3670 3632/3765/3671 3631/3763/3669
f 3627/3764/3670 3628/3766/3672 3633/3767/3673 3632/3765/3671
f 3629/3761/3667 3630/3760/3666 3635/3768/3674 3634/3769/3675
f 3630/3760/3666 3631/3763/3669 3636/3770/3676 3635/3768/3674
f 3631/3763/3669 3632/3765/3671 3637/3771/3677 3636/3770/3676
f 3632/3765/3671 3633/3767/3673 3638/3772/3678 3637/3771/3677
f 3634/3769/3675 3635/3768/3674 3640/3773/3679 3639/3774/3680
f 3635/3768/3674 3636/3770/3676 3641/3775/3681 3640/3773/3679
f 3636/3770/3676 3637/3771/3677 3642/3776/3682 3641/3775/3681
f 3637/3771/3677 3638/3772/3678 3643/3777/3683 3642/3776/3682
f 3639/3774/3680 3640/3773/3679 3645/3778/3684 3644/3779/3685
f 3640/3773/3679 3641/3775/3681 3646/3780/3686 3645/3778/3684
f 3641/3775/3681 3642/3776/3682 3647/3781/3687 3646/3780/3686
f 3642/3776/3682 3643/3777/3683 3648/3782/3688 3647/3781/3687
f 101/2482/2568 1138/3751/3689 3624/3758/3664 924/2517/2566
f 548/3783/1237 3628/3766/3672 1134/3749/3690 29/3748/1235
f 30/3784/1246 1139/3785/3691 3648/3782/3688 544/3786/1244
f 928/2520/2571 3644/3779/3685 1143/3787/3692 102/2518/2569
f 1138/3751/3689 1137/3757/3693 3625/3759/3665 3624/3758/3664
f 547/3788/1258 3633/3767/3673 3628/3766/3672 548/3783/1237
f 1139/3785/3691 1140/3789/3694 3647/3781/3687 3648/3782/3688
f 927/2526/2580 3639/3774/3680 3644/3779/3685 928/2520/2571
f 1137/3757/3693 1136/3755/3695 3626/3762/3668 3625/3759/3665
f 546/3790/1254 3638/3772/3678 3633/3767/3673 547/3788/1258
f 1140/3789/3694 1141/3791/3696 3646/3780/3686 3647/3781/3687
f 926/2524/2577 3634/3769/3675 3639/3774/3680 927/2526/2580
f 1136/3755/3695 1135/3753/3697 3627/3764/3670 3626/3762/3668
f 545/3792/1250 3643/3777/3683 3638/3772/3678 546/3790/1254
f 1141/3791/3696 1142/3793/3698 3645/3778/3684 3646/3780/3686
f 925/2522/2574 3629/3761/3667 3634/3769/3675 926/2524/2577
f 1135/3753/3697 1134/3749/3690 3628/3766/3672 3627/3764/3670
f 544/3786/1244 3648/3782/3688 3643/3777/3683 545/3792/1250
f 1142/3793/3698 1143/3787/3692 3644/3779/3685 3645/3778/3684
f 924/2517/2566 3624/3758/3664 3629/3761/3667 925/2522/2574
f 3649/3794/3699 3650/3795/3700 3655/3796/3701 3654/3797/3702
f 3650/3795/3700 3651/3798/3703 3656/3799/3704 3655/3796/3701
f 3651/3798/3703 3652/3800/3705 3657/3801/3706 3656/3799/3704
f 3652/3800/3705 3653/3802/3707 3658/3803/3708 3657/3801/3706
f 3654/3797/3702 3655/3796/3701 3660/3804/3709 3659/3805/3710
f 3655/3796/3701 3656/3799/3704 3661/3806/3711 3660/3804/3709
f 3656/3799/3704 3657/3801/3706 3662/3807/3712 3661/3806/3711
f 3657/3801/3706 3658/3803/3708 3663/3808/3713 3662/3807/3712
f 3659/3805/3710 3660/3804/3709 3665/3809/3714 3664/3810/3715
f 3660/3804/3709 3661/3806/3711 3666/3811/3716 3665/3809/3714
f 3661/3806/3711 3662/3807/3712 3667/3812/3717 3666/3811/3716
f 3662/3807/3712 3663/3808/3713 3668/3813/3718 3667/3812/3717
f 3664/3810/3715 3665/3809/3714 3670/3814/3719 3669/3815/3720
f 3665/3809/3714 3666/3811/3716 3671/3816/3721 3670/3814/3719
f 3666/3811/3716 3667/3812/3717 3672/3817/3722 3671/3816/3721
f 3667/3812/3717 3668/3813/3718 3673/3818/3723 3672/3817/3722
f 102/2518/2610 1143/3787/3724 3649/3794/3699 934/2553/2608
f 563/3819/1286 3653/3802/3707 1139/3785/3725 30/3784/1284
f 31/3820/1295 1144/3821/3726 3673/3818/3723 559/3822/1293
f 938/2556/2613 3669/3815/3720 1148/3823/3727 103/2554/2611
f 1143/3787/3724 1142/3793/3728 3650/3795/3700 3649/3794/3699
f 562/3824/1307 3658/3803/3708 3653/3802/3707 563/3819/1286
f 1144/3821/3726 1145/3825/3729 3672/3817/3722 3673/3818/3723
f 937/2562/2622 3664/3810/3715 3669/3815/3720 938/2556/2613
f 1142/3793/3728 1141/3791/3730 3651/3798/3703 3650/3795/3700
f 561/3826/1303 3663/3808/3713 3658/3803/3708 562/3824/1307
f 1145/3825/3729 1146/3827/3731 3671/3816/3721 3672/3817/3722
f 936/2560/2619 3659/3805/3710 3664/3810/3715 937/2562/2622
f 1141/3791/3730 1140/3789/3732 3652/3800/3705 3651/3798/3703
f 560/3828/1299 3668/3813/3718 3663/3808/3713 561/3826/1303
f 1146/3827/3731 1147/3829/3733 3670/3814/3719 3671/3816/3721
f 935/2558/2616 3654/3797/3702 3659/3805/3710 936/2560/2619
f 1140/3789/3732 1139/3785/3725 3653/3802/3707 3652/3800/3705
f 559/3822/1293 3673/3818/3723 3668/3813/3718 560/3828/1299
f 1147/3829/3733 1148/3823/3727 3669/3815/3720 3670/3814/3719
f 934/2553/2608 3649/3794/3699 3654/3797/3702 935/2558/2616
f 3674/3830/3734 3675/3831/3735 3680/3832/3736 3679/3833/3737
f 3675/3831/3735 3676/3834/3738 3681/3835/3739 3680/3832/3736
f 3676/3834/3738 3677/3836/3740 3682/3837/3741 3681/3835/3739
f 3677/3836/3740 3678/3838/3742 3683/3839/3743 3682/3837/3741
f 3679/3833/3737 3680/3832/3736 3685/3840/3744 3684/3841/3745
f 3680/3832/3736 3681/3835/3739 3686/3842/3746 3685/3840/3744
f 3681/3835/3739 3682/3837/3741 3687/3843/3747 3686/3842/3746
f 3682/3837/3741 3683/3839/3743 3688/3844/3748 3687/3843/3747
f 3684/3841/3745 3685/3840/3744 3690/3845/3749 3689/3846/3750
f 3685/3840/3744 3686/3842/3746 3691/3847/3739 3690/3845/3749
f 3686/3842/3746 3687/3843/3747 3692/3848/3751 3691/3847/3739
f 3687/3843/3747 3688/3844/3748 3693/3849/3752 3692/3848/3751
f 3689/3846/3750 3690/3845/3749 3695/3850/3753 3694/3851/3754
f 3690/3845/3749 3691/3847/3739 3696/3852/3738 3695/3850/3753
f 3691/3847/3739 3692/3848/3751 3697/3853/3755 3696/3852/3738
f 3692/3848/3751 3693/3849/3752 3698/3854/3756 3697/3853/3755
f 103/2554/2650 1148/3823/3757 3674/3830/3734 944/2589/2648
f 578/3855/1333 3678/3838/3742 1144/3821/3758 31/3820/1331
f 32/3856/1331 1149/3857/3759 3698/3854/3756 574/3858/1333
f 948/2592/2648 3694/3851/3754 1153/3859/3760 104/2590/2650
f 1148/3823/3757 1147/3829/3761 3675/3831/3735 3674/3830/3734
f 577/3860/1342 3683/3839/3743 3678/3838/3742 578/3855/1333
f 1149/3857/3759 1150/3861/3762 3697/3853/3755 3698/3854/3756
f 947/2598/2654 3689/3846/3750 3694/3851/3754 948/2592/2648
f 1147/3829/3761 1146/3827/3763 3676/3834/3738 3675/3831/3735
f 576/3862/1345 3688/3844/3748 3683/3839/3743 577/3860/1342
f 1150/3861/3762 1151/3863/3763 3696/3852/3738 3697/3853/3755
f 946/2596/2657 3684/3841/3745 3689/3846/3750 947/2598/2654
f 1146/3827/3763 1145/3825/3764 3677/3836/3740 3676/3834/3738
f 575/3864/1342 3693/3849/3752 3688/3844/3748 576/3862/1345
f 1151/3863/3763 1152/3865/3765 3695/3850/3753 3696/3852/3738
f 945/2594/2654 3679/3833/3737 3684/3841/3745 946/2596/2657
f 1145/3825/3764 1144/3821/3758 3678/3838/3742 3677/3836/3740
f 574/3858/1333 3698/3854/3756 3693/3849/3752 575/3864/1342
f 1152/3865/3765 1153/3859/3760 3694/3851/3754 3695/3850/3753
f 944/2589/2648 3674/3830/3734 3679/3833/3737 945/2594/2654
f 3699/3866/3766 3700/3867/3767 3705/3868/3768 3704/3869/3769
f 3700/3867/3767 3701/3870/3770 3706/3871/3771 3705/3868/3768
f 3701/3870/3770 3702/3872/3772 3707/3873/3773 3706/3871/3771
f 3702/3872/3772 3703/3874/3774 3708/3875/3775 3707/3873/3773
f 3704/3869/3769 3705/3868/3768 3710/3876/3776 3709/3877/3777
f 3705/3868/3768 3706/3871/3771 3711/3878/3778 3710/3876/3776
f 3706/3871/3771 3707/3873/3773 3712/3879/3779 3711/3878/3778
f 3707/3873/3773 3708/3875/3775 3713/3880/3780 3712/3879/3779
f 3709/3877/3777 3710/3876/3776 3715/3881/3781 3714/3882/3782
f 3710/3876/3776 3711/3878/3778 3716/3883/3783 3715/3881/3781
f 3711/3878/3778 3712/3879/3779 3717/3884/3784 3716/3883/3783
f 3712/3879/3779 3713/3880/3780 3718/3885/3785 3717/3884/3784
f 3714/3882/3782 3715/3881/3781 3720/3886/3786 3719/3887/3787
f 3715/3881/3781 3716/3883/3783 3721/3888/3788 3720/3886/3786
f 3716/3883/3783 3717/3884/3784 3722/3889/3789 3721/3888/3788
f 3717/3884/3784 3718/3885/3785 3723/3890/3790 3722/3889/3789
f 104/2590/2688 1153/3859/3791 3699/3866/3766 954/2625/2686
f 593/3891/1375 3703/3874/3774 1149/3857/3792 32/3856/1373
f 33/3892/1384 1154/3893/3793 3723/3890/3790 589/3894/1382
f 958/2628/2691 3719/3887/3787 1158/3895/3794 105/2626/2689
f 1153/3859/3791 1152/3865/3795 3700/3867/3767 3699/3866/3766
f 592/3896/1396 3708/3875/3775 3703/3874/3774 593/3891/1375
f 1154/3893/3793 1155/3897/3796 3722/3889/3789 3723/3890/3790
f 957/2634/2700 3714/3882/3782 3719/3887/3787 958/2628/2691
f 1152/3865/3795 1151/3863/3797 3701/3870/3770 3700/3867/3767
f 591/3898/1392 3713/3880/3780 3708/3875/3775 592/3896/1396
f 1155/3897/3796 1156/3899/3798 3721/3888/3788 3722/3889/3789
f 956/2632/2697 3709/3877/3777 3714/3882/3782 957/2634/2700
f 1151/3863/3797 1150/3861/3799 3702/3872/3772 3701/3870/3770
f 590/3900/1388 3718/3885/3785 3713/3880/3780 591/3898/1392
f 1156/3899/3798 1157/3901/3800 3720/3886/3786 3721/3888/3788
f 955/2630/2694 3704/3869/3769 3709/3877/3777 956/2632/2697
f 1150/3861/3799 1149/3857/3792 3703/3874/3774 3702/3872/3772
f 589/3894/1382 3723/3890/3790 3718/3885/3785 590/3900/1388
f 1157/3901/3800 1158/3895/3794 3719/3887/3787 3720/3886/3786
f 954/2625/2686 3699/3866/3766 3704/3869/3769 955/2630/2694
f 3724/3902/2788 3725/3903/2789 3730/3904/2789 3729/3905/2788
f 3725/3903/2789 3726/3906/2790 3731/3907/2790 3730/3904/2789
f 3726/3906/2790 3727/3908/2791 3732/3909/2791 3731/3907/2790
f 3727/3908/2791 3728/3910/2792 3733/3911/2792 3732/3909/2791
f 3729/3905/2788 3730/3904/2789 3735/3912/2789 3734/3913/2788
f 3730/3904/2789 3731/3907/2790 3736/3914/2790 3735/3912/2789
f 3731/3907/2790 3732/3909/2791 3737/3915/2791 3736/3914/2790
f 3732/3909/2791 3733/3911/2792 3738/3916/2792 3737/3915/2791
f 3734/3913/2788 3735/3912/2789 3740/3917/2789 3739/3918/2788
f 3735/3912/2789 3736/3914/2790 3741/3919/2790 3740/3917/2789
f 3736/3914/2790 3737/3915/2791 3742/3920/2791 3741/3919/2790
f 3737/3915/2791 3738/3916/2792 3743/3921/2792 3742/3920/2791
f 3739/3918/2788 3740/3917/2789 3745/3922/2789 3744/3923/2788
f 3740/3917/2789 3741/3919/2790 3746/3924/2790 3745/3922/2789
f 3741/3919/2790 3742/3920/2791 3747/3925/2791 3746/3924/2790
f 3742/3920/2791 3743/3921/2792 3748/3926/2792 3747/3925/2791
f 105/2626/1500 1158/3895/2788 3724/3902/2788 964/2661/1500
f 608/3927/7 3728/3910/2792 1154/3893/2792 33/3892/7
f 34/3928/7 1159/3929/2792 3748/3926/2792 604/3930/7
f 968/2664/1500 3744/3923/2788 1163/3931/2788 106/2662/1500
f 1158/3895/2788 1157/3901/2789 3725/3903/2789 3724/3902/2788
f 607/3932/7 3733/3911/2792 3728/3910/2792 608/3927/7
f 1159/3929/2792 1160/3933/2791 3747/3925/2791 3748/3926/2792
f 967/2670/1500 3739/3918/2788 3744/3923/2788 968/2664/1500
f 1157/3901/2789 1156/3899/2790 3726/3906/2790 3725/3903/2789
f 606/3934/7 3738/3916/2792 3733/3911/2792 607/3932/7
f 1160/3933/2791 1161/3935/2790 3746/3924/2790 3747/3925/2791
f 966/2668/1500 3734/3913/2788 3739/3918/2788 967/2670/1500
f 1156/3899/2790 1155/3897/2791 3727/3908/2791 3726/3906/2790
f 605/3936/7 3743/3921/2792 3738/3916/2792 606/3934/7
f 1161/3935/2790 1162/3937/2789 3745/3922/2789 3746/3924/2790
f 965/2666/1500 3729/3905/2788 3734/3913/2788 966/2668/1500
f 1155/3897/2791 1154/3893/2792 3728/3910/2792 3727/3908/2791
f 604/3930/7 3748/3926/2792 3743/3921/2792 605/3936/7
f 1162/3937/2789 1163/3931/2788 3744/3923/2788 3745/3922/2789
f 964/2661/1500 3724/3902/2788 3729/3905/2788 965/2666/1500
f 3749/3938/3801 3750/3939/3802 3755/3940/3803 3754/3941/3804
f 3750/3939/3802 3751/3942/3805 3756/3943/3806 3755/3940/3803
f 3751/3942/3805 3752/3944/3807 3757/3945/3808 3756/3943/3806
f 3752/3944/3807 3753/3946/3809 3758/3947/3810 3757/3945/3808
f 3754/3941/3804 3755/3940/3803 3760/3948/3811 3759/3949/3812
f 3755/3940/3803 3756/3943/3806 3761/3950/3813 3760/3948/3811
f 3756/3943/3806 3757/3945/3808 3762/3951/3814 3761/3950/3813
f 3757/3945/3808 3758/3947/3810 3763/3952/3815 3762/3951/3814
f 3759/3949/3812 3760/3948/3811 3765/3953/3816 3764/3954/3817
f 3760/3948/3811 3761/3950/3813 3766/3955/3818 3765/3953/3816
f 3761/3950/3813 3762/3951/3814 3767/3956/3819 3766/3955/3818
f 3762/3951/3814 3763/3952/3815 3768/3957/3820 3767/3956/3819
f 3764/3954/3817 3765/3953/3816 3770/3958/3821 3769/3959/3822
f 3765/3953/3816 3766/3955/3818 3771/3960/3823 3770/3958/3821
f 3766/3955/3818 3767/3956/3819 3772/3961/3824 3771/3960/3823
f 3767/3956/3819 3768/3957/3820 3773/3962/3825 3772/3961/3824
f 106/2662/2732 1163/3931/3826 3749/3938/3801 974/2697/2730
f 623/3963/1424 3753/3946/3809 1159/3929/3827 34/3928/1422
f 35/3964/1433 1164/3965/3828 3773/3962/3825 619/3966/1431
f 978/2700/2735 3769/3959/3822 1168/3967/3829 107/2698/2733
f 1163/3931/3826 1162/3937/3830 3750/3939/3802 3749/3938/3801
f 622/3968/1445 3758/3947/3810 3753/3946/3809 623/3963/1424
f 1164/3965/3828 1165/3969/3831 3772/3961/3824 3773/3962/3825
f 977/2706/2744 3764/3954/3817 3769/3959/3822 978/2700/2735
f 1162/3937/3830 1161/3935/3832 3751/3942/3805 3750/3939/3802
f 621/3970/1441 3763/3952/3815 3758/3947/3810 622/3968/1445
f 1165/3969/3831 1166/3971/3833 3771/3960/3823 3772/3961/3824
f 976/2704/2741 3759/3949/3812 3764/3954/3817 977/2706/2744
f 1161/3935/3832 1160/3933/3834 3752/3944/3807 3751/3942/3805
f 620/3972/1437 3768/3957/3820 3763/3952/3815 621/3970/1441
f 1166/3971/3833 1167/3973/3835 3770/3958/3821 3771/3960/3823
f 975/2702/2738 3754/3941/3804 3759/3949/3812 976/2704/2741
f 1160/3933/3834 1159/3929/3827 3753/3946/3809 3752/3944/3807
f 619/3966/1431 3773/3962/3825 3768/3957/3820 620/3972/1437
f 1167/3973/3835 1168/3967/3829 3769/3959/3822 3770/3958/3821
f 974/2697/2730 3749/3938/3801 3754/3941/3804 975/2702/2738
f 3774/3974/3836 3775/3975/3837 3780/3976/3838 3779/3977/3839
f 3775/3975/3837 3776/3978/3840 3781/3979/3841 3780/3976/3838
f 3776/3978/3840 3777/3980/3842 3782/3981/3843 3781/3979/3841
f 3777/3980/3842 3778/3982/3844 3783/3983/3845 3782/3981/3843
f 3779/3977/3839 3780/3976/3838 3785/3984/3846 3784/3985/3847
f 3780/3976/3838 3781/3979/3841 3786/3986/3848 3785/3984/3846
f 3781/3979/3841 3782/3981/3843 3787/3987/3849 3786/3986/3848
f 3782/3981/3843 3783/3983/3845 3788/3988/3850 3787/3987/3849
f 3784/3985/3847 3785/3984/3846 3790/3989/3851 3789/3990/3852
f 3785/3984/3846 3786/3986/3848 3791/3991/3853 3790/3989/3851
f 3786/3986/3848 3787/3987/3849 3792/3992/3854 3791/3991/3853
f 3787/3987/3849 3788/3988/3850 3793/3993/3855 3792/3992/3854
f 3789/3990/3852 3790/3989/3851 3795/3994/3856 3794/3995/3857
f 3790/3989/3851 3791/3991/3853 3796/3996/3858 3795/3994/3856
f 3791/3991/3853 3792/3992/3854 3797/3997/3859 3796/3996/3858
f 3792/3992/3854 3793/3993/3855 3798/3998/3860 3797/3997/3859
f 107/2698/2774 1168/3967/3861 3774/3974/3836 984/2733/2772
f 638/3999/1473 3778/3982/3844 1164/3965/3862 35/3964/1471
f 36/4000/1482 1169/4001/3863 3798/3998/3860 634/4002/1480
f 988/2736/2777 3794/3995/3857 1173/4003/3864 108/2734/2775
f 1168/3967/3861 1167/3973/3865 3775/3975/3837 3774/3974/3836
f 637/4004/1494 3783/3983/3845 3778/3982/3844 638/3999/1473
f 1169/4001/3863 1170/4005/3866 3797/3997/3859 3798/3998/3860
f 987/2742/2786 3789/3990/3852 3794/3995/3857 988/2736/2777
f 1167/3973/3865 1166/3971/3867 3776/3978/3840 3775/3975/3837
f 636/4006/1490 3788/3988/3850 3783/3983/3845 637/4004/1494
f 1170/4005/3866 1171/4007/3868 3796/3996/3858 3797/3997/3859
f 986/2740/2783 3784/3985/3847 3789/3990/3852 987/2742/2786
f 1166/3971/3867 1165/3969/3869 3777/3980/3842 3776/3978/3840
f 635/4008/1486 3793/3993/3855 3788/3988/3850 636/4006/1490
f 1171/4007/3868 1172/4009/3870 3795/3994/3856 3796/3996/3858
f 985/2738/2780 3779/3977/3839 3784/3985/3847 986/2740/2783
f 1165/3969/3869 1164/3965/3862 3778/3982/3844 3777/3980/3842
f 634/4002/1480 3798/3998/3860 3793/3993/3855 635/4008/1486
f 1172/4009/3870 1173/4003/3864 3794/3995/3857 3795/3994/3856
f 984/2733/2772 3774/3974/3836 3779/3977/3839 985/2738/2780
