# Blender v3.0.1 OBJ File: 'tablero.blend'
# www.blender.org
mtllib caballo.mtl
o Line007_Malla.001
v -0.043910 0.352682 -0.068784
v -0.043910 0.362186 -0.095977
v -0.043910 0.396959 -0.111158
v -0.043910 0.417288 -0.113270
v -0.043910 0.500449 -0.113006
v -0.043910 0.539342 -0.110053
v -0.043910 0.579206 -0.102132
v -0.043910 0.606926 -0.088668
v -0.043910 0.631215 -0.068868
v -0.043910 0.650751 -0.053292
v -0.043910 0.649695 -0.045372
v -0.043910 0.656823 -0.046692
v -0.043910 0.675567 -0.026100
v -0.043910 0.683487 -0.011843
v -0.043910 0.681639 -0.008675
v -0.043910 0.673983 -0.004715
v -0.043910 0.644415 -0.004187
v -0.043910 0.645735 0.012181
v -0.043910 0.648111 0.021949
v -0.043910 0.646791 0.028549
v -0.043910 0.639663 0.031189
v -0.043910 0.623512 0.039918
v -0.043910 0.595264 0.059719
v -0.043910 0.575464 0.079519
v -0.043910 0.567016 0.096943
v -0.043910 0.568072 0.103543
v -0.043910 0.564620 0.107730
v -0.043910 0.538747 0.106938
v -0.043910 0.526339 0.092946
v -0.043910 0.528451 0.083442
v -0.043910 0.521323 0.088458
v -0.043910 0.512083 0.083178
v -0.043910 0.515251 0.054402
v -0.043910 0.521323 0.059154
v -0.043910 0.525811 0.055986
v -0.043910 0.526603 0.041466
v -0.043910 0.522379 0.019289
v -0.043910 0.517099 0.005561
v -0.043910 0.377598 0.098331
v -0.043910 0.372054 0.100443
v -0.043910 0.368358 0.098331
v -0.043910 0.362550 0.078267
v -0.043910 0.355968 0.061121
v -0.017824 0.335840 -0.071424
v -0.017824 0.348770 -0.108418
v -0.017824 0.392636 -0.127569
v -0.017824 0.416445 -0.130042
v -0.017824 0.501111 -0.129773
v -0.017824 0.541619 -0.126697
v -0.017824 0.584591 -0.118160
v -0.017824 0.616009 -0.102900
v -0.017824 0.641740 -0.081923
v -0.017824 0.668628 -0.060486
v -0.017824 0.668413 -0.058871
v -0.017824 0.689280 -0.035947
v -0.017824 0.702783 -0.011641
v -0.017824 0.693670 0.003982
v -0.017824 0.678204 0.011981
v -0.017824 0.663011 0.012253
v -0.017824 0.665283 0.021595
v -0.017824 0.661398 0.041022
v -0.017824 0.646596 0.046504
v -0.017824 0.632342 0.054208
v -0.017824 0.606087 0.072611
v -0.017824 0.589320 0.089378
v -0.017824 0.584409 0.099508
v -0.017824 0.585827 0.108369
v -0.017824 0.572328 0.124744
v -0.017824 0.531002 0.123479
v -0.017824 0.512708 0.102849
v -0.017824 0.494210 0.092279
v -0.017824 0.501877 0.022641
v -0.017824 0.510983 0.029767
v -0.017824 0.385321 0.113334
v -0.017824 0.370616 0.118936
v -0.017824 0.354139 0.109520
v -0.017824 0.346639 0.083613
v -0.017824 0.339277 0.064433
v 0.019442 0.335840 -0.071424
v 0.019442 0.348770 -0.108418
v 0.019442 0.392636 -0.127569
v 0.019442 0.416445 -0.130042
v 0.019442 0.501111 -0.129773
v 0.019442 0.541619 -0.126697
v 0.019442 0.584591 -0.118160
v 0.019442 0.616009 -0.102900
v 0.019442 0.641740 -0.081923
v 0.019442 0.668628 -0.060486
v 0.019442 0.668413 -0.058871
v 0.019442 0.689280 -0.035947
v 0.019442 0.702783 -0.011641
v 0.019442 0.693670 0.003982
v 0.019442 0.678204 0.011981
v 0.019442 0.663011 0.012253
v 0.019442 0.665283 0.021595
v 0.019442 0.661398 0.041022
v 0.019442 0.646596 0.046504
v 0.019442 0.632342 0.054208
v 0.019442 0.606087 0.072611
v 0.019442 0.589320 0.089378
v 0.019442 0.584409 0.099508
v 0.019442 0.585827 0.108369
v 0.019442 0.572328 0.124744
v 0.019442 0.531002 0.123479
v 0.019442 0.512708 0.102849
v 0.019442 0.494210 0.092279
v 0.019442 0.501877 0.022641
v 0.019442 0.510983 0.029767
v 0.019442 0.385321 0.113334
v 0.019442 0.370616 0.118936
v 0.019442 0.354139 0.109520
v 0.019442 0.346639 0.083613
v 0.019442 0.339277 0.064433
v 0.045527 0.352682 -0.068784
v 0.045527 0.362186 -0.095977
v 0.045527 0.396959 -0.111158
v 0.045527 0.417288 -0.113270
v 0.045527 0.500449 -0.113006
v 0.045527 0.539342 -0.110053
v 0.045527 0.579206 -0.102132
v 0.045527 0.606926 -0.088668
v 0.045527 0.631215 -0.068868
v 0.045527 0.650751 -0.053292
v 0.045527 0.649695 -0.045372
v 0.045527 0.656823 -0.046692
v 0.045527 0.675567 -0.026100
v 0.045527 0.683487 -0.011843
v 0.045527 0.681639 -0.008675
v 0.045527 0.673983 -0.004715
v 0.045527 0.644415 -0.004187
v 0.045527 0.645735 0.012181
v 0.045527 0.648111 0.021949
v 0.045527 0.646791 0.028549
v 0.045527 0.639663 0.031189
v 0.045527 0.623512 0.039918
v 0.045527 0.595264 0.059719
v 0.045527 0.575464 0.079519
v 0.045527 0.567016 0.096943
v 0.045527 0.568072 0.103543
v 0.045527 0.564620 0.107730
v 0.045527 0.538747 0.106938
v 0.045527 0.526339 0.092946
v 0.045527 0.528451 0.083442
v 0.045527 0.521323 0.088458
v 0.045527 0.512083 0.083178
v 0.045527 0.515251 0.054402
v 0.045527 0.521323 0.059154
v 0.045527 0.525811 0.055986
v 0.045527 0.526603 0.041466
v 0.045527 0.522379 0.019289
v 0.045527 0.517099 0.005561
v 0.045527 0.377598 0.098331
v 0.045527 0.372054 0.100443
v 0.045527 0.368358 0.098331
v 0.045527 0.362550 0.078267
v 0.045527 0.355968 0.061121
v -0.000096 0.174810 -0.000623
v -0.000096 0.174810 0.132206
v -0.000096 0.208724 0.132206
v -0.000096 0.214376 0.112070
v -0.000096 0.225681 0.125847
v -0.000096 0.253589 0.131146
v -0.000096 0.275138 0.120901
v -0.000096 0.305520 0.092993
v -0.000096 0.320710 0.086988
v -0.000096 0.330955 0.096173
v -0.000096 0.333428 0.104651
v -0.000096 0.345439 0.094760
v -0.000096 0.346852 0.002101
v 0.000707 0.174810 -0.002015
v 0.115741 0.174810 -0.068429
v 0.115741 0.208724 -0.068429
v 0.098302 0.214376 -0.058361
v 0.110234 0.225681 -0.065250
v 0.114823 0.253589 -0.067899
v 0.105951 0.275138 -0.062777
v 0.081781 0.305520 -0.048823
v 0.076580 0.320710 -0.045820
v 0.084535 0.330955 -0.050413
v 0.091877 0.333428 -0.054652
v 0.083311 0.345439 -0.049706
v 0.003067 0.346852 -0.003377
v -0.000900 0.174810 -0.002015
v -0.115933 0.174810 -0.068429
v -0.115933 0.208724 -0.068429
v -0.098494 0.214376 -0.058361
v -0.110426 0.225681 -0.065250
v -0.115015 0.253589 -0.067899
v -0.106143 0.275138 -0.062777
v -0.081974 0.305520 -0.048823
v -0.076773 0.320710 -0.045820
v -0.084727 0.330955 -0.050413
v -0.092070 0.333428 -0.054652
v -0.083503 0.345439 -0.049706
v -0.003259 0.346852 -0.003377
v 0.000235 0.174810 -0.000683
v 0.000508 0.174810 -0.000847
v 0.000706 0.174810 -0.001088
v 0.000816 0.174810 -0.001380
v 0.000821 0.174810 -0.001698
v 0.019880 0.174810 -0.013084
v 0.039052 0.174810 -0.024153
v 0.058224 0.174810 -0.035222
v 0.077396 0.174810 -0.046291
v 0.096569 0.174810 -0.057360
v 0.132111 0.174810 -0.022698
v 0.131334 0.174810 0.023100
v 0.115567 0.174810 0.065227
v 0.086967 0.174810 0.099946
v 0.047693 0.174810 0.123518
v -0.000096 0.174810 0.110068
v -0.000096 0.174810 0.087930
v -0.000096 0.174810 0.065791
v -0.000096 0.174810 0.043653
v -0.000096 0.174810 0.021515
v 0.115741 0.180462 -0.068429
v 0.115741 0.186115 -0.068429
v 0.115741 0.191767 -0.068429
v 0.115741 0.197419 -0.068429
v 0.115741 0.203072 -0.068429
v 0.132111 0.208724 -0.022698
v 0.131334 0.208724 0.023100
v 0.115567 0.208724 0.065227
v 0.086967 0.208724 0.099946
v 0.047693 0.208724 0.123518
v -0.000096 0.203072 0.132206
v -0.000096 0.197419 0.132206
v -0.000096 0.191767 0.132206
v -0.000096 0.186115 0.132206
v -0.000096 0.180462 0.132206
v 0.112834 0.209666 -0.066751
v 0.109928 0.210608 -0.065073
v 0.107022 0.211550 -0.063395
v 0.104115 0.212492 -0.061717
v 0.101209 0.213434 -0.060039
v 0.112208 0.214376 -0.019515
v 0.111548 0.214376 0.019389
v 0.098154 0.214376 0.055174
v 0.073860 0.214376 0.084666
v 0.040499 0.214376 0.104690
v -0.000096 0.213434 0.115426
v -0.000096 0.212492 0.118782
v -0.000096 0.211550 0.122138
v -0.000096 0.210608 0.125494
v -0.000096 0.209666 0.128850
v 0.100291 0.216260 -0.059509
v 0.102279 0.218144 -0.060657
v 0.104268 0.220029 -0.061806
v 0.106257 0.221913 -0.062954
v 0.108245 0.223797 -0.064102
v 0.125826 0.225681 -0.021693
v 0.125086 0.225681 0.021928
v 0.110068 0.225681 0.062052
v 0.082828 0.225681 0.095121
v 0.045422 0.225681 0.117572
v -0.000096 0.223797 0.123551
v -0.000096 0.221913 0.121255
v -0.000096 0.220028 0.118958
v -0.000096 0.218144 0.116662
v -0.000096 0.216260 0.114366
v 0.110999 0.230332 -0.065691
v 0.111764 0.234984 -0.066133
v 0.112528 0.239635 -0.066575
v 0.113293 0.244286 -0.067016
v 0.114058 0.248938 -0.067458
v 0.131064 0.253589 -0.022531
v 0.130293 0.253589 0.022904
v 0.114650 0.253589 0.064698
v 0.086277 0.253589 0.099141
v 0.047315 0.253589 0.122527
v -0.000096 0.248938 0.130263
v -0.000096 0.244286 0.129380
v -0.000096 0.239635 0.128497
v -0.000096 0.234984 0.127613
v -0.000096 0.230332 0.126730
v 0.113344 0.257181 -0.067046
v 0.111866 0.260772 -0.066192
v 0.110387 0.264364 -0.065338
v 0.108908 0.267955 -0.064484
v 0.107429 0.271547 -0.063631
v 0.120938 0.275138 -0.020911
v 0.120226 0.275138 0.021016
v 0.105791 0.275138 0.059583
v 0.079609 0.275138 0.091368
v 0.043654 0.275138 0.112948
v -0.000096 0.271547 0.122609
v -0.000096 0.267955 0.124316
v -0.000096 0.264364 0.126024
v -0.000096 0.260772 0.127731
v -0.000096 0.257181 0.129439
v 0.101922 0.280202 -0.060451
v 0.097894 0.285266 -0.058126
v 0.093866 0.290329 -0.055800
v 0.089838 0.295393 -0.053474
v 0.085810 0.300456 -0.051149
v 0.093353 0.305520 -0.016499
v 0.092803 0.305520 0.015873
v 0.081658 0.305520 0.045650
v 0.061443 0.305520 0.070190
v 0.033683 0.305520 0.086852
v -0.000096 0.300456 0.097645
v -0.000096 0.295393 0.102296
v -0.000096 0.290329 0.106947
v -0.000096 0.285265 0.111599
v -0.000096 0.280202 0.116250
v 0.080915 0.308051 -0.048322
v 0.080048 0.310583 -0.047822
v 0.079181 0.313115 -0.047321
v 0.078314 0.315647 -0.046821
v 0.077447 0.318178 -0.046321
v 0.087417 0.320710 -0.015549
v 0.086902 0.320710 0.014766
v 0.076465 0.320710 0.042652
v 0.057534 0.320710 0.065633
v 0.031538 0.320710 0.081237
v -0.000096 0.318178 0.087989
v -0.000096 0.315647 0.088989
v -0.000096 0.313115 0.089990
v -0.000096 0.310583 0.090991
v -0.000096 0.308051 0.091992
v 0.077906 0.322418 -0.046586
v 0.079232 0.324125 -0.047351
v 0.080558 0.325832 -0.048116
v 0.081883 0.327540 -0.048882
v 0.083209 0.329247 -0.049647
v 0.096495 0.330955 -0.017001
v 0.095927 0.330955 0.016459
v 0.084408 0.330955 0.047237
v 0.063513 0.330955 0.072603
v 0.034819 0.330955 0.089825
v -0.000096 0.329247 0.094642
v -0.000096 0.327540 0.093111
v -0.000096 0.325832 0.091580
v -0.000096 0.324125 0.090049
v -0.000096 0.322418 0.088518
v 0.085759 0.331367 -0.051119
v 0.086982 0.331779 -0.051826
v 0.088206 0.332191 -0.052532
v 0.089430 0.332603 -0.053239
v 0.090654 0.333016 -0.053945
v 0.104876 0.333428 -0.018342
v 0.104258 0.333428 0.018022
v 0.091739 0.333428 0.051470
v 0.069031 0.333428 0.079037
v 0.037848 0.333428 0.097753
v -0.000096 0.333016 0.103238
v -0.000096 0.332603 0.101825
v -0.000096 0.332191 0.100412
v -0.000096 0.331779 0.098999
v -0.000096 0.331367 0.097586
v 0.090450 0.335430 -0.053828
v 0.089022 0.337431 -0.053003
v 0.087594 0.339433 -0.052179
v 0.086167 0.341435 -0.051355
v 0.084739 0.343437 -0.050530
v 0.095099 0.345439 -0.016778
v 0.094539 0.345439 0.016199
v 0.083186 0.345439 0.046532
v 0.062593 0.345439 0.071531
v 0.034314 0.345439 0.088504
v -0.000096 0.343437 0.096408
v -0.000096 0.341435 0.098057
v -0.000096 0.339433 0.099705
v -0.000096 0.337431 0.101354
v -0.000096 0.335430 0.103002
v 0.069937 0.345674 -0.041985
v 0.056563 0.345910 -0.034263
v 0.043189 0.346145 -0.026541
v 0.029815 0.346381 -0.018820
v 0.016441 0.346616 -0.011098
v 0.003514 0.346852 -0.002128
v 0.003492 0.346852 -0.000878
v 0.003062 0.346852 0.000272
v 0.002281 0.346852 0.001220
v 0.001209 0.346852 0.001864
v -0.000096 0.346617 0.017544
v -0.000096 0.346381 0.032987
v -0.000096 0.346145 0.048430
v -0.000096 0.345910 0.063873
v -0.000096 0.345674 0.079316
v 0.000490 0.174810 -0.002272
v 0.000212 0.174810 -0.002426
v -0.000096 0.174810 -0.002477
v -0.000404 0.174810 -0.002426
v -0.000682 0.174810 -0.002272
v -0.020072 0.174810 -0.013084
v -0.039244 0.174810 -0.024153
v -0.058416 0.174810 -0.035222
v -0.077588 0.174810 -0.046291
v -0.096761 0.174810 -0.057360
v -0.084514 0.174810 -0.105472
v -0.044463 0.174810 -0.127698
v -0.000096 0.174810 -0.135107
v 0.044271 0.174810 -0.127698
v 0.084322 0.174810 -0.105472
v -0.115933 0.180462 -0.068429
v -0.115933 0.186115 -0.068429
v -0.115933 0.191767 -0.068429
v -0.115933 0.197419 -0.068429
v -0.115933 0.203072 -0.068429
v -0.084514 0.208724 -0.105472
v -0.044463 0.208724 -0.127698
v -0.000096 0.208724 -0.135107
v 0.044271 0.208724 -0.127698
v 0.084322 0.208724 -0.105472
v -0.113027 0.209666 -0.066751
v -0.110120 0.210608 -0.065073
v -0.107214 0.211550 -0.063395
v -0.104307 0.212492 -0.061717
v -0.101401 0.213434 -0.060039
v -0.071805 0.214376 -0.089828
v -0.037784 0.214376 -0.108707
v -0.000096 0.214376 -0.115001
v 0.037592 0.214376 -0.108707
v 0.071613 0.214376 -0.089828
v -0.100483 0.216260 -0.059509
v -0.102472 0.218144 -0.060657
v -0.104460 0.220028 -0.061806
v -0.106449 0.221913 -0.062954
v -0.108437 0.223797 -0.064102
v -0.080501 0.225681 -0.100532
v -0.042354 0.225681 -0.121701
v -0.000096 0.225681 -0.128757
v 0.042162 0.225681 -0.121701
v 0.080309 0.225681 -0.100532
v -0.111191 0.230332 -0.065691
v -0.111956 0.234984 -0.066133
v -0.112721 0.239635 -0.066575
v -0.113485 0.244286 -0.067016
v -0.114250 0.248938 -0.067458
v -0.083845 0.253589 -0.104649
v -0.044112 0.253589 -0.126699
v -0.000096 0.253589 -0.134048
v 0.043919 0.253589 -0.126699
v 0.083653 0.253589 -0.104649
v -0.113536 0.257181 -0.067046
v -0.112058 0.260772 -0.066192
v -0.110579 0.264364 -0.065338
v -0.109100 0.267955 -0.064484
v -0.107622 0.271547 -0.063631
v -0.077379 0.275138 -0.096689
v -0.040713 0.275138 -0.117037
v -0.000096 0.275138 -0.123819
v 0.040521 0.275138 -0.117037
v 0.077187 0.275138 -0.096689
v -0.102115 0.280202 -0.060451
v -0.098086 0.285265 -0.058126
v -0.094058 0.290329 -0.055800
v -0.090030 0.295393 -0.053474
v -0.086002 0.300456 -0.051149
v -0.059766 0.305520 -0.075006
v -0.031456 0.305520 -0.090716
v -0.000096 0.305520 -0.095953
v 0.031264 0.305520 -0.090716
v 0.059574 0.305520 -0.075006
v -0.081107 0.308051 -0.048322
v -0.080240 0.310583 -0.047822
v -0.079373 0.313115 -0.047322
v -0.078506 0.315647 -0.046821
v -0.077640 0.318178 -0.046321
v -0.055975 0.320710 -0.070340
v -0.029464 0.320710 -0.085052
v -0.000096 0.320710 -0.089956
v 0.029272 0.320710 -0.085052
v 0.055783 0.320710 -0.070340
v -0.078098 0.322418 -0.046586
v -0.079424 0.324125 -0.047351
v -0.080750 0.325832 -0.048116
v -0.082076 0.327540 -0.048882
v -0.083401 0.329247 -0.049647
v -0.061772 0.330955 -0.077476
v -0.032511 0.330955 -0.093715
v -0.000096 0.330955 -0.099127
v 0.032319 0.330955 -0.093715
v 0.061580 0.330955 -0.077476
v -0.085951 0.331367 -0.051119
v -0.087175 0.331779 -0.051826
v -0.088398 0.332191 -0.052532
v -0.089622 0.332603 -0.053239
v -0.090846 0.333016 -0.053945
v -0.067123 0.333428 -0.084064
v -0.035323 0.333428 -0.101711
v -0.000096 0.333428 -0.107593
v 0.035131 0.333428 -0.101711
v 0.066931 0.333428 -0.084064
v -0.090642 0.335430 -0.053828
v -0.089214 0.337431 -0.053003
v -0.087787 0.339433 -0.052179
v -0.086359 0.341435 -0.051355
v -0.084931 0.343437 -0.050530
v -0.060880 0.345439 -0.076379
v -0.032042 0.345439 -0.092382
v -0.000096 0.345439 -0.097716
v 0.031850 0.345439 -0.092382
v 0.060688 0.345439 -0.076379
v -0.070129 0.345674 -0.041985
v -0.056755 0.345910 -0.034263
v -0.043381 0.346145 -0.026542
v -0.030007 0.346381 -0.018820
v -0.016633 0.346616 -0.011098
v -0.002401 0.346852 -0.004388
v -0.001307 0.346852 -0.004995
v -0.000096 0.346852 -0.005197
v 0.001115 0.346852 -0.004995
v 0.002209 0.346852 -0.004388
v -0.001013 0.174810 -0.001698
v -0.001008 0.174810 -0.001380
v -0.000898 0.174810 -0.001088
v -0.000700 0.174810 -0.000847
v -0.000428 0.174810 -0.000683
v -0.047886 0.174810 0.123518
v -0.087159 0.174810 0.099946
v -0.115759 0.174810 0.065227
v -0.131526 0.174810 0.023100
v -0.132304 0.174810 -0.022698
v -0.047886 0.208724 0.123518
v -0.087159 0.208724 0.099946
v -0.115759 0.208724 0.065227
v -0.131526 0.208724 0.023100
v -0.132304 0.208724 -0.022698
v -0.040691 0.214376 0.104690
v -0.074052 0.214376 0.084666
v -0.098346 0.214376 0.055174
v -0.111740 0.214376 0.019389
v -0.112401 0.214376 -0.019515
v -0.045614 0.225681 0.117572
v -0.083020 0.225681 0.095120
v -0.110260 0.225681 0.062052
v -0.125278 0.225681 0.021928
v -0.126018 0.225681 -0.021693
v -0.047507 0.253589 0.122527
v -0.086469 0.253589 0.099141
v -0.114842 0.253589 0.064698
v -0.130485 0.253589 0.022904
v -0.131256 0.253589 -0.022531
v -0.043847 0.275138 0.112948
v -0.079801 0.275138 0.091368
v -0.105983 0.275138 0.059583
v -0.120418 0.275138 0.021016
v -0.121130 0.275138 -0.020911
v -0.033875 0.305520 0.086852
v -0.061635 0.305520 0.070190
v -0.081851 0.305520 0.045650
v -0.092996 0.305520 0.015873
v -0.093545 0.305520 -0.016499
v -0.031730 0.320710 0.081237
v -0.057726 0.320710 0.065633
v -0.076657 0.320710 0.042652
v -0.087094 0.320710 0.014766
v -0.087609 0.320710 -0.015549
v -0.035011 0.330955 0.089825
v -0.063705 0.330955 0.072603
v -0.084600 0.330955 0.047237
v -0.096120 0.330955 0.016459
v -0.096688 0.330955 -0.017001
v -0.038041 0.333428 0.097753
v -0.069224 0.333428 0.079037
v -0.091931 0.333428 0.051470
v -0.104451 0.333428 0.018021
v -0.105068 0.333428 -0.018342
v -0.034507 0.345439 0.088504
v -0.062785 0.345439 0.071531
v -0.083378 0.345439 0.046532
v -0.094731 0.345439 0.016199
v -0.095291 0.345439 -0.016778
v -0.001401 0.346852 0.001864
v -0.002473 0.346852 0.001220
v -0.003254 0.346852 0.000272
v -0.003685 0.346852 -0.000878
v -0.003706 0.346852 -0.002128
v 0.004540 0.174810 0.019449
v 0.009674 0.174810 0.014135
v 0.014540 0.174810 0.006899
v 0.018373 0.174810 -0.000933
v 0.020408 0.174810 -0.008036
v 0.013171 0.174810 0.040263
v 0.025132 0.174810 0.031297
v 0.034745 0.174810 0.018565
v 0.040966 0.174810 0.003873
v 0.042749 0.174810 -0.010969
v 0.023964 0.174810 0.061417
v 0.043737 0.174810 0.049549
v 0.058136 0.174810 0.032070
v 0.066075 0.174810 0.010860
v 0.066466 0.174810 -0.012198
v 0.034758 0.174810 0.082572
v 0.062343 0.174810 0.067801
v 0.081527 0.174810 0.045575
v 0.091184 0.174810 0.017846
v 0.090183 0.174810 -0.013427
v 0.043389 0.174810 0.103385
v 0.077801 0.174810 0.084964
v 0.101733 0.174810 0.057240
v 0.113776 0.174810 0.022653
v 0.112524 0.174810 -0.016360
v 0.047693 0.180462 0.123518
v 0.086967 0.180462 0.099946
v 0.115567 0.180462 0.065227
v 0.131334 0.180462 0.023100
v 0.132111 0.180462 -0.022698
v 0.047693 0.186115 0.123518
v 0.086967 0.186115 0.099946
v 0.115567 0.186115 0.065227
v 0.131334 0.186115 0.023100
v 0.132111 0.186115 -0.022698
v 0.047693 0.191767 0.123518
v 0.086967 0.191767 0.099946
v 0.115567 0.191767 0.065227
v 0.131334 0.191767 0.023100
v 0.132111 0.191767 -0.022698
v 0.047693 0.197419 0.123518
v 0.086967 0.197419 0.099946
v 0.115567 0.197419 0.065227
v 0.131334 0.197419 0.023100
v 0.132111 0.197419 -0.022698
v 0.047693 0.203072 0.123518
v 0.086967 0.203072 0.099946
v 0.115567 0.203072 0.065227
v 0.131334 0.203072 0.023100
v 0.132111 0.203072 -0.022698
v 0.047041 0.209666 0.120466
v 0.085578 0.209666 0.097674
v 0.113469 0.209666 0.064016
v 0.128672 0.209666 0.023032
v 0.129142 0.209666 -0.021737
v 0.045733 0.210608 0.117311
v 0.083234 0.210608 0.095073
v 0.110406 0.210608 0.062248
v 0.125248 0.210608 0.022303
v 0.125755 0.210608 -0.021293
v 0.044096 0.211550 0.114104
v 0.080414 0.211550 0.092306
v 0.106860 0.211550 0.060201
v 0.121441 0.211550 0.021244
v 0.122160 0.211550 -0.021106
v 0.042460 0.212492 0.110897
v 0.077593 0.212492 0.089539
v 0.103314 0.212492 0.058153
v 0.117635 0.212492 0.020185
v 0.118565 0.212492 -0.020920
v 0.041152 0.213434 0.107742
v 0.075250 0.213434 0.086937
v 0.100251 0.213434 0.056385
v 0.114210 0.213434 0.019456
v 0.115178 0.213434 -0.020476
v 0.040945 0.216260 0.106778
v 0.074811 0.216260 0.086220
v 0.099589 0.216260 0.056002
v 0.113369 0.216260 0.019435
v 0.114240 0.216260 -0.020172
v 0.041841 0.218145 0.108937
v 0.076414 0.218145 0.088000
v 0.101685 0.218144 0.057212
v 0.115713 0.218144 0.019934
v 0.116557 0.218144 -0.020476
v 0.042960 0.220029 0.111131
v 0.078344 0.220029 0.089893
v 0.104111 0.220029 0.058613
v 0.118317 0.220029 0.020658
v 0.119017 0.220029 -0.020604
v 0.044080 0.221913 0.113325
v 0.080274 0.221913 0.091786
v 0.106537 0.221913 0.060014
v 0.120921 0.221913 0.021383
v 0.121477 0.221913 -0.020731
v 0.044975 0.223797 0.115484
v 0.081877 0.223797 0.093567
v 0.108633 0.223797 0.061224
v 0.123265 0.223797 0.021882
v 0.123795 0.223797 -0.021035
v 0.045593 0.230332 0.118375
v 0.083194 0.230332 0.095718
v 0.110620 0.230332 0.062371
v 0.125786 0.230332 0.021946
v 0.126608 0.230332 -0.021946
v 0.045938 0.234984 0.119206
v 0.083810 0.234984 0.096403
v 0.111426 0.234984 0.062836
v 0.126688 0.234984 0.022137
v 0.127499 0.234984 -0.022063
v 0.046368 0.239635 0.120050
v 0.084553 0.239635 0.097131
v 0.112359 0.239635 0.063375
v 0.127689 0.239635 0.022416
v 0.128445 0.239635 -0.022112
v 0.046799 0.244286 0.120893
v 0.085295 0.244286 0.097859
v 0.113292 0.244286 0.063914
v 0.128691 0.244286 0.022695
v 0.129391 0.244286 -0.022161
v 0.047143 0.248938 0.121724
v 0.085912 0.248938 0.098544
v 0.114098 0.248938 0.064379
v 0.129592 0.248938 0.022887
v 0.130283 0.248938 -0.022278
v 0.046983 0.257181 0.120974
v 0.085570 0.257181 0.097986
v 0.113583 0.257181 0.064082
v 0.128938 0.257181 0.022870
v 0.129553 0.257181 -0.022042
v 0.046317 0.260772 0.119369
v 0.084378 0.260772 0.096662
v 0.112025 0.260772 0.063182
v 0.127196 0.260772 0.022499
v 0.127830 0.260772 -0.021816
v 0.045485 0.264364 0.117737
v 0.082943 0.264364 0.095255
v 0.110221 0.264364 0.062141
v 0.125259 0.264364 0.021960
v 0.126001 0.264364 -0.021721
v 0.044652 0.267955 0.116106
v 0.081508 0.267955 0.093847
v 0.108417 0.267955 0.061099
v 0.123323 0.267955 0.021422
v 0.124172 0.267955 -0.021626
v 0.043986 0.271547 0.114500
v 0.080316 0.271547 0.092523
v 0.106858 0.271547 0.060199
v 0.121580 0.271547 0.021051
v 0.122449 0.271547 -0.021400
v 0.042750 0.280202 0.108718
v 0.077683 0.280202 0.088220
v 0.102885 0.280202 0.057905
v 0.116537 0.280202 0.020923
v 0.116822 0.280202 -0.019579
v 0.040937 0.285266 0.104345
v 0.074435 0.285266 0.084614
v 0.098639 0.285266 0.055454
v 0.111790 0.285266 0.019913
v 0.112128 0.285266 -0.018963
v 0.038669 0.290329 0.099900
v 0.070526 0.290329 0.080779
v 0.093725 0.290329 0.052617
v 0.106515 0.290329 0.018445
v 0.107145 0.290329 -0.018705
v 0.036401 0.295393 0.095455
v 0.066617 0.295393 0.076944
v 0.088810 0.295393 0.049779
v 0.101239 0.295393 0.016977
v 0.102162 0.295393 -0.018447
v 0.034588 0.300456 0.091082
v 0.063369 0.300456 0.073338
v 0.084565 0.300456 0.047328
v 0.096492 0.300456 0.015967
v 0.097468 0.300456 -0.017830
v 0.033489 0.308051 0.085942
v 0.061029 0.308051 0.069513
v 0.081033 0.308051 0.045289
v 0.092010 0.308051 0.015853
v 0.092467 0.308051 -0.016212
v 0.033098 0.310583 0.085001
v 0.060330 0.310583 0.068737
v 0.080119 0.310583 0.044762
v 0.090988 0.310583 0.015636
v 0.091457 0.310583 -0.016079
v 0.032610 0.313115 0.084044
v 0.059489 0.313115 0.067912
v 0.079062 0.313115 0.044151
v 0.089853 0.313115 0.015320
v 0.090385 0.313115 -0.016024
v 0.032122 0.315647 0.083088
v 0.058647 0.315647 0.067087
v 0.078004 0.315647 0.043540
v 0.088718 0.315647 0.015004
v 0.089313 0.315647 -0.015968
v 0.031732 0.318178 0.082147
v 0.057949 0.318178 0.066311
v 0.077091 0.318178 0.043013
v 0.087696 0.318178 0.014786
v 0.088302 0.318178 -0.015836
v 0.031835 0.322418 0.082629
v 0.058168 0.322418 0.066669
v 0.077422 0.322418 0.043204
v 0.088116 0.322418 0.014797
v 0.088771 0.322418 -0.015987
v 0.032432 0.324125 0.084068
v 0.059237 0.324125 0.067856
v 0.078819 0.324125 0.044011
v 0.089679 0.324125 0.015130
v 0.090316 0.324125 -0.016190
v 0.033178 0.325832 0.085531
v 0.060523 0.325832 0.069118
v 0.080436 0.325832 0.044945
v 0.091415 0.325832 0.015613
v 0.091956 0.325832 -0.016275
v 0.033925 0.327540 0.086994
v 0.061810 0.327540 0.070380
v 0.082054 0.327540 0.045878
v 0.093151 0.327540 0.016096
v 0.093596 0.327540 -0.016360
v 0.034522 0.329247 0.088433
v 0.062879 0.329247 0.071567
v 0.083451 0.329247 0.046685
v 0.094713 0.329247 0.016428
v 0.095141 0.329247 -0.016563
v 0.035094 0.331367 0.091110
v 0.064098 0.331367 0.073559
v 0.085291 0.331367 0.047747
v 0.097048 0.331367 0.016488
v 0.097746 0.331367 -0.017406
v 0.035645 0.331779 0.092439
v 0.065084 0.331779 0.074655
v 0.086580 0.331779 0.048492
v 0.098490 0.331779 0.016794
v 0.099172 0.331779 -0.017593
v 0.036334 0.332191 0.093789
v 0.066272 0.332191 0.075820
v 0.088073 0.332191 0.049354
v 0.100093 0.332191 0.017240
v 0.100686 0.332191 -0.017672
v 0.037023 0.332603 0.095139
v 0.067460 0.332603 0.076985
v 0.089566 0.332603 0.050216
v 0.101696 0.332603 0.017686
v 0.102199 0.332603 -0.017750
v 0.037574 0.333016 0.096468
v 0.068446 0.333016 0.078080
v 0.090856 0.333016 0.050960
v 0.103138 0.333016 0.017993
v 0.103625 0.333016 -0.017937
v 0.037528 0.335430 0.096254
v 0.068349 0.335430 0.077921
v 0.090709 0.335430 0.050875
v 0.102951 0.335430 0.017988
v 0.103417 0.335430 -0.017870
v 0.036885 0.337432 0.094704
v 0.067198 0.337431 0.076643
v 0.089204 0.337431 0.050007
v 0.101269 0.337431 0.017630
v 0.101753 0.337431 -0.017651
v 0.036081 0.339433 0.093128
v 0.065812 0.339433 0.075284
v 0.087462 0.339433 0.049001
v 0.099399 0.339433 0.017110
v 0.099987 0.339433 -0.017560
v 0.035278 0.341435 0.091553
v 0.064427 0.341435 0.073924
v 0.085721 0.341435 0.047995
v 0.097529 0.341435 0.016590
v 0.098221 0.341435 -0.017468
v 0.034635 0.343437 0.090003
v 0.063275 0.343437 0.072646
v 0.084216 0.343437 0.047127
v 0.095846 0.343437 0.016232
v 0.096557 0.343437 -0.017250
v 0.031312 0.345674 0.074460
v 0.056199 0.345674 0.061080
v 0.073536 0.345674 0.040960
v 0.082291 0.345674 0.015887
v 0.081435 0.345674 -0.012356
v 0.025291 0.345910 0.059941
v 0.045415 0.345910 0.049108
v 0.059441 0.345910 0.032823
v 0.066531 0.345910 0.012534
v 0.065851 0.345910 -0.010311
v 0.017762 0.346145 0.045184
v 0.032437 0.346145 0.036376
v 0.043124 0.346145 0.023402
v 0.049016 0.346145 0.007660
v 0.049306 0.346145 -0.009453
v 0.010232 0.346381 0.030427
v 0.019458 0.346381 0.023643
v 0.026807 0.346381 0.013982
v 0.031500 0.346381 0.002787
v 0.032762 0.346381 -0.008595
v 0.004211 0.346617 0.015908
v 0.008675 0.346617 0.011672
v 0.012712 0.346616 0.005844
v 0.015740 0.346616 -0.000566
v 0.017177 0.346616 -0.006550
v 0.015773 0.174810 -0.016066
v 0.008604 0.174810 -0.017855
v -0.000096 0.174810 -0.018451
v -0.008796 0.174810 -0.017855
v -0.015965 0.174810 -0.016066
v 0.029482 0.174810 -0.033947
v 0.015737 0.174810 -0.039823
v -0.000096 0.174810 -0.041782
v -0.015929 0.174810 -0.039824
v -0.029675 0.174810 -0.033947
v 0.042406 0.174810 -0.053872
v 0.022241 0.174810 -0.065062
v -0.000096 0.174810 -0.068792
v -0.022433 0.174810 -0.065062
v -0.042598 0.174810 -0.053872
v 0.055329 0.174810 -0.073797
v 0.028746 0.174810 -0.090301
v -0.000096 0.174810 -0.095802
v -0.028938 0.174810 -0.090301
v -0.055521 0.174810 -0.073797
v 0.069039 0.174810 -0.091678
v 0.035879 0.174810 -0.112269
v -0.000096 0.174810 -0.119133
v -0.036071 0.174810 -0.112269
v -0.069231 0.174810 -0.091678
v 0.084322 0.180462 -0.105472
v 0.044271 0.180462 -0.127698
v -0.000096 0.180462 -0.135107
v -0.044463 0.180462 -0.127698
v -0.084514 0.180462 -0.105472
v 0.084322 0.186115 -0.105472
v 0.044271 0.186115 -0.127698
v -0.000096 0.186115 -0.135107
v -0.044463 0.186115 -0.127698
v -0.084514 0.186115 -0.105472
v 0.084322 0.191767 -0.105472
v 0.044271 0.191767 -0.127698
v -0.000096 0.191767 -0.135107
v -0.044463 0.191767 -0.127698
v -0.084514 0.191767 -0.105472
v 0.084322 0.197419 -0.105472
v 0.044271 0.197419 -0.127698
v -0.000096 0.197419 -0.135107
v -0.044463 0.197419 -0.127698
v -0.084514 0.197419 -0.105472
v 0.084322 0.203072 -0.105472
v 0.044271 0.203072 -0.127698
v -0.000096 0.203072 -0.135107
v -0.044463 0.203072 -0.127698
v -0.084514 0.203072 -0.105472
v 0.082005 0.209666 -0.103381
v 0.042999 0.209666 -0.125359
v -0.000096 0.209666 -0.132685
v -0.043191 0.209666 -0.125359
v -0.082197 0.209666 -0.103381
v 0.079927 0.210608 -0.100670
v 0.041917 0.210608 -0.122029
v -0.000096 0.210608 -0.129148
v -0.042109 0.210608 -0.122029
v -0.080119 0.210608 -0.100670
v 0.077968 0.211550 -0.097650
v 0.040931 0.211550 -0.118203
v -0.000096 0.211550 -0.125054
v -0.041123 0.211550 -0.118203
v -0.078160 0.211550 -0.097650
v 0.076008 0.212492 -0.094629
v 0.039945 0.212492 -0.114377
v -0.000096 0.212492 -0.120959
v -0.040137 0.212492 -0.114377
v -0.076201 0.212492 -0.094629
v 0.073930 0.213434 -0.091919
v 0.038864 0.213434 -0.111046
v -0.000096 0.213434 -0.117422
v -0.039056 0.213434 -0.111046
v -0.074122 0.213434 -0.091919
v 0.073199 0.216260 -0.091258
v 0.038462 0.216260 -0.110308
v -0.000096 0.216260 -0.116657
v -0.038654 0.216260 -0.110308
v -0.073391 0.216260 -0.091258
v 0.074621 0.218144 -0.093113
v 0.039202 0.218145 -0.112586
v -0.000096 0.218144 -0.119077
v -0.039394 0.218144 -0.112586
v -0.074813 0.218144 -0.093113
v 0.075961 0.220029 -0.095180
v 0.039877 0.220029 -0.115204
v -0.000096 0.220029 -0.121879
v -0.040069 0.220028 -0.115204
v -0.076153 0.220029 -0.095180
v 0.077301 0.221913 -0.097246
v 0.040551 0.221913 -0.117822
v -0.000096 0.221913 -0.124681
v -0.040744 0.221913 -0.117822
v -0.077494 0.221913 -0.097246
v 0.078723 0.223797 -0.099101
v 0.041291 0.223797 -0.120101
v -0.000096 0.223797 -0.127101
v -0.041483 0.223797 -0.120101
v -0.078916 0.223797 -0.099101
v 0.080918 0.230332 -0.101082
v 0.042497 0.230332 -0.122316
v -0.000096 0.230332 -0.129395
v -0.042689 0.230332 -0.122316
v -0.081110 0.230332 -0.101082
v 0.081465 0.234984 -0.101795
v 0.042781 0.234984 -0.123193
v -0.000096 0.234984 -0.130325
v -0.042973 0.234984 -0.123193
v -0.081657 0.234984 -0.101795
v 0.081981 0.239635 -0.102590
v 0.043041 0.239635 -0.124200
v -0.000096 0.239635 -0.131403
v -0.043233 0.239635 -0.124200
v -0.082173 0.239635 -0.102590
v 0.082496 0.244286 -0.103385
v 0.043300 0.244286 -0.125207
v -0.000096 0.244286 -0.132480
v -0.043492 0.244286 -0.125207
v -0.082689 0.244286 -0.103385
v 0.083043 0.248938 -0.104099
v 0.043585 0.248938 -0.126083
v -0.000096 0.248938 -0.133411
v -0.043777 0.248938 -0.126083
v -0.083235 0.248938 -0.104099
v 0.082474 0.257181 -0.103585
v 0.043272 0.257181 -0.125509
v -0.000096 0.257181 -0.132816
v -0.043464 0.257181 -0.125509
v -0.082666 0.257181 -0.103585
v 0.081417 0.260772 -0.102206
v 0.042722 0.260772 -0.123814
v -0.000096 0.260772 -0.131017
v -0.042914 0.260772 -0.123814
v -0.081609 0.260772 -0.102206
v 0.080420 0.264364 -0.100669
v 0.042220 0.264364 -0.121868
v -0.000096 0.264364 -0.128934
v -0.042412 0.264364 -0.121868
v -0.080612 0.264364 -0.100669
v 0.079423 0.267955 -0.099132
v 0.041719 0.267955 -0.119921
v -0.000096 0.267955 -0.126851
v -0.041911 0.267955 -0.119921
v -0.079616 0.267955 -0.099132
v 0.078366 0.271547 -0.097753
v 0.041168 0.271547 -0.118227
v -0.000096 0.271547 -0.125051
v -0.041361 0.271547 -0.118227
v -0.078558 0.271547 -0.097753
v 0.073976 0.280202 -0.093791
v 0.038758 0.280202 -0.113795
v -0.000096 0.280202 -0.120463
v -0.038950 0.280202 -0.113795
v -0.074168 0.280202 -0.093791
v 0.071096 0.285266 -0.090034
v 0.037259 0.285266 -0.109179
v -0.000096 0.285266 -0.115561
v -0.037451 0.285266 -0.109179
v -0.071288 0.285266 -0.090034
v 0.068380 0.290329 -0.085848
v 0.035893 0.290329 -0.103876
v -0.000096 0.290329 -0.109886
v -0.036085 0.290329 -0.103876
v -0.068573 0.290329 -0.085848
v 0.065665 0.295393 -0.081661
v 0.034526 0.295393 -0.098574
v -0.000096 0.295393 -0.104211
v -0.034718 0.295393 -0.098574
v -0.065857 0.295393 -0.081661
v 0.062785 0.300456 -0.077904
v 0.033027 0.300456 -0.093958
v -0.000096 0.300456 -0.099309
v -0.033219 0.300456 -0.093958
v -0.062977 0.300456 -0.077904
v 0.058883 0.308051 -0.074382
v 0.030885 0.308051 -0.090019
v -0.000096 0.308051 -0.095231
v -0.031077 0.308051 -0.090019
v -0.059075 0.308051 -0.074383
v 0.058263 0.310583 -0.073574
v 0.030562 0.310583 -0.089025
v -0.000096 0.310583 -0.094176
v -0.030754 0.310583 -0.089025
v -0.058455 0.310583 -0.073574
v 0.057678 0.313115 -0.072673
v 0.030268 0.313115 -0.087884
v -0.000096 0.313115 -0.092955
v -0.030460 0.313115 -0.087884
v -0.057871 0.313115 -0.072673
v 0.057094 0.315647 -0.071772
v 0.029974 0.315647 -0.086743
v -0.000096 0.315647 -0.091733
v -0.030166 0.315647 -0.086743
v -0.057286 0.315647 -0.071772
v 0.056474 0.318178 -0.070964
v 0.029651 0.318178 -0.085750
v -0.000096 0.318178 -0.090678
v -0.029844 0.318178 -0.085750
v -0.056666 0.318178 -0.070964
v 0.056840 0.322418 -0.071294
v 0.029852 0.322418 -0.086119
v -0.000096 0.322418 -0.091061
v -0.030045 0.322418 -0.086119
v -0.057032 0.322418 -0.071294
v 0.057788 0.324125 -0.072530
v 0.030346 0.324125 -0.087638
v -0.000096 0.324125 -0.092674
v -0.030538 0.324125 -0.087638
v -0.057980 0.324125 -0.072531
v 0.058682 0.325832 -0.073908
v 0.030795 0.325832 -0.089383
v -0.000096 0.325832 -0.094542
v -0.030988 0.325832 -0.089383
v -0.058874 0.325832 -0.073908
v 0.059575 0.327540 -0.075286
v 0.031245 0.327540 -0.091129
v -0.000096 0.327540 -0.096410
v -0.031437 0.327540 -0.091129
v -0.059767 0.327540 -0.075286
v 0.060523 0.329247 -0.076523
v 0.031738 0.329247 -0.092648
v -0.000096 0.329247 -0.098023
v -0.031931 0.329247 -0.092648
v -0.060716 0.329247 -0.076523
v 0.062556 0.331367 -0.078357
v 0.032854 0.331367 -0.094699
v -0.000096 0.331367 -0.100147
v -0.033047 0.331367 -0.094700
v -0.062748 0.331367 -0.078357
v 0.063431 0.331779 -0.079498
v 0.033310 0.331779 -0.096102
v -0.000096 0.331779 -0.101636
v -0.033502 0.331779 -0.096102
v -0.063623 0.331779 -0.079498
v 0.064256 0.332191 -0.080770
v 0.033725 0.332191 -0.097713
v -0.000096 0.332191 -0.103360
v -0.033917 0.332191 -0.097713
v -0.064448 0.332191 -0.080770
v 0.065081 0.332603 -0.082042
v 0.034140 0.332603 -0.099324
v -0.000096 0.332603 -0.105084
v -0.034332 0.332603 -0.099324
v -0.065273 0.332603 -0.082042
v 0.065956 0.333016 -0.083183
v 0.034595 0.333016 -0.100726
v -0.000096 0.333016 -0.106574
v -0.034788 0.333016 -0.100726
v -0.066148 0.333016 -0.083183
v 0.065793 0.335430 -0.083036
v 0.034506 0.335430 -0.100562
v -0.000096 0.335430 -0.106404
v -0.034698 0.335430 -0.100562
v -0.065985 0.335430 -0.083036
v 0.064772 0.337431 -0.081705
v 0.033975 0.337432 -0.098926
v -0.000096 0.337431 -0.104666
v -0.034167 0.337431 -0.098926
v -0.064964 0.337431 -0.081705
v 0.063810 0.339433 -0.080221
v 0.033490 0.339433 -0.097046
v -0.000096 0.339433 -0.102655
v -0.033683 0.339433 -0.097046
v -0.064002 0.339433 -0.080221
v 0.062847 0.341435 -0.078737
v 0.033006 0.341435 -0.095167
v -0.000096 0.341435 -0.100643
v -0.033198 0.341435 -0.095167
v -0.063040 0.341435 -0.078737
v 0.061826 0.343437 -0.077406
v 0.032475 0.343437 -0.093531
v -0.000096 0.343437 -0.098906
v -0.032667 0.343437 -0.093531
v -0.062019 0.343437 -0.077406
v 0.050027 0.345674 -0.066756
v 0.025996 0.345674 -0.081619
v -0.000096 0.345674 -0.086573
v -0.026188 0.345674 -0.081619
v -0.050219 0.345674 -0.066756
v 0.040464 0.345910 -0.054283
v 0.021020 0.345910 -0.066294
v -0.000096 0.345910 -0.070298
v -0.021212 0.345910 -0.066294
v -0.040656 0.345910 -0.054283
v 0.031449 0.346145 -0.040383
v 0.016483 0.346145 -0.048689
v -0.000096 0.346145 -0.051457
v -0.016675 0.346145 -0.048689
v -0.031641 0.346145 -0.040383
v 0.022434 0.346381 -0.026484
v 0.011945 0.346381 -0.031083
v -0.000096 0.346381 -0.032616
v -0.012138 0.346381 -0.031083
v -0.022626 0.346381 -0.026484
v 0.012870 0.346617 -0.014011
v 0.006969 0.346617 -0.015758
v -0.000096 0.346616 -0.016340
v -0.007162 0.346616 -0.015758
v -0.013062 0.346616 -0.014011
v -0.020601 0.174810 -0.008036
v -0.018566 0.174810 -0.000933
v -0.014732 0.174810 0.006899
v -0.009866 0.174810 0.014135
v -0.004732 0.174810 0.019449
v -0.042941 0.174810 -0.010969
v -0.041158 0.174810 0.003873
v -0.034938 0.174810 0.018565
v -0.025325 0.174810 0.031297
v -0.013363 0.174810 0.040263
v -0.066658 0.174810 -0.012198
v -0.066267 0.174810 0.010860
v -0.058329 0.174810 0.032070
v -0.043930 0.174810 0.049549
v -0.024157 0.174810 0.061417
v -0.090376 0.174810 -0.013427
v -0.091376 0.174810 0.017846
v -0.081720 0.174810 0.045574
v -0.062535 0.174810 0.067801
v -0.034951 0.174810 0.082572
v -0.112716 0.174810 -0.016360
v -0.113968 0.174810 0.022653
v -0.101925 0.174810 0.057240
v -0.077993 0.174810 0.084964
v -0.043581 0.174810 0.103385
v -0.132304 0.180463 -0.022698
v -0.131526 0.180462 0.023100
v -0.115759 0.180462 0.065227
v -0.087159 0.180462 0.099946
v -0.047886 0.180462 0.123518
v -0.132304 0.186115 -0.022698
v -0.131526 0.186115 0.023100
v -0.115759 0.186115 0.065227
v -0.087159 0.186115 0.099946
v -0.047886 0.186115 0.123518
v -0.132304 0.191767 -0.022698
v -0.131526 0.191767 0.023100
v -0.115759 0.191767 0.065227
v -0.087159 0.191767 0.099946
v -0.047886 0.191767 0.123518
v -0.132304 0.197419 -0.022698
v -0.131526 0.197419 0.023100
v -0.115759 0.197419 0.065227
v -0.087159 0.197419 0.099946
v -0.047886 0.197419 0.123518
v -0.132304 0.203072 -0.022698
v -0.131526 0.203072 0.023100
v -0.115759 0.203072 0.065227
v -0.087159 0.203072 0.099946
v -0.047886 0.203072 0.123518
v -0.129334 0.209666 -0.021737
v -0.128865 0.209666 0.023032
v -0.113662 0.209666 0.064016
v -0.085770 0.209666 0.097674
v -0.047233 0.209666 0.120466
v -0.125948 0.210608 -0.021293
v -0.125440 0.210608 0.022303
v -0.110599 0.210608 0.062248
v -0.083426 0.210608 0.095073
v -0.045925 0.210608 0.117311
v -0.122352 0.211550 -0.021107
v -0.121633 0.211550 0.021244
v -0.107053 0.211550 0.060200
v -0.080606 0.211550 0.092306
v -0.044288 0.211550 0.114104
v -0.118757 0.212492 -0.020920
v -0.117827 0.212492 0.020185
v -0.103507 0.212492 0.058153
v -0.077785 0.212492 0.089539
v -0.042652 0.212492 0.110897
v -0.115370 0.213434 -0.020476
v -0.114402 0.213434 0.019456
v -0.100444 0.213434 0.056385
v -0.075442 0.213434 0.086937
v -0.041344 0.213434 0.107742
v -0.114432 0.216260 -0.020172
v -0.113561 0.216260 0.019435
v -0.099781 0.216260 0.056002
v -0.075003 0.216260 0.086220
v -0.041138 0.216260 0.106778
v -0.116749 0.218144 -0.020476
v -0.115905 0.218144 0.019934
v -0.101877 0.218144 0.057212
v -0.076607 0.218144 0.088000
v -0.042033 0.218144 0.108937
v -0.119210 0.220028 -0.020604
v -0.118509 0.220028 0.020658
v -0.104303 0.220028 0.058613
v -0.078536 0.220028 0.089893
v -0.043153 0.220029 0.111131
v -0.121670 0.221913 -0.020731
v -0.121114 0.221913 0.021383
v -0.106730 0.221913 0.060014
v -0.080466 0.221913 0.091786
v -0.044272 0.221913 0.113325
v -0.123987 0.223797 -0.021036
v -0.123457 0.223797 0.021881
v -0.108825 0.223797 0.061224
v -0.082070 0.223797 0.093566
v -0.045167 0.223797 0.115484
v -0.126800 0.230332 -0.021946
v -0.125978 0.230332 0.021946
v -0.110812 0.230332 0.062371
v -0.083386 0.230332 0.095718
v -0.045785 0.230332 0.118375
v -0.127691 0.234984 -0.022063
v -0.126880 0.234984 0.022137
v -0.111618 0.234984 0.062836
v -0.084003 0.234984 0.096403
v -0.046130 0.234984 0.119206
v -0.128637 0.239635 -0.022112
v -0.127881 0.239635 0.022416
v -0.112551 0.239635 0.063375
v -0.084745 0.239635 0.097131
v -0.046560 0.239635 0.120050
v -0.129583 0.244286 -0.022161
v -0.128883 0.244286 0.022695
v -0.113484 0.244286 0.063914
v -0.085487 0.244286 0.097859
v -0.046991 0.244286 0.120893
v -0.130475 0.248938 -0.022278
v -0.129784 0.248938 0.022887
v -0.114290 0.248938 0.064379
v -0.086104 0.248938 0.098544
v -0.047335 0.248938 0.121724
v -0.129745 0.257181 -0.022042
v -0.129131 0.257181 0.022870
v -0.113775 0.257181 0.064082
v -0.085762 0.257181 0.097986
v -0.047175 0.257181 0.120974
v -0.128022 0.260772 -0.021816
v -0.127388 0.260772 0.022499
v -0.112217 0.260772 0.063182
v -0.084570 0.260772 0.096662
v -0.046509 0.260772 0.119369
v -0.126193 0.264364 -0.021721
v -0.125452 0.264364 0.021960
v -0.110413 0.264364 0.062141
v -0.083135 0.264364 0.095255
v -0.045677 0.264364 0.117737
v -0.124364 0.267955 -0.021626
v -0.123515 0.267955 0.021422
v -0.108609 0.267955 0.061099
v -0.081700 0.267955 0.093847
v -0.044844 0.267955 0.116106
v -0.122641 0.271547 -0.021400
v -0.121772 0.271547 0.021051
v -0.107050 0.271547 0.060199
v -0.080508 0.271547 0.092523
v -0.044179 0.271547 0.114500
v -0.117015 0.280202 -0.019579
v -0.116729 0.280202 0.020922
v -0.103077 0.280202 0.057905
v -0.077875 0.280202 0.088220
v -0.042942 0.280202 0.108718
v -0.112321 0.285266 -0.018963
v -0.111983 0.285266 0.019913
v -0.098832 0.285265 0.055454
v -0.074627 0.285265 0.084614
v -0.041129 0.285266 0.104345
v -0.107338 0.290329 -0.018705
v -0.106707 0.290329 0.018445
v -0.093917 0.290329 0.052617
v -0.070718 0.290329 0.080779
v -0.038861 0.290329 0.099900
v -0.102354 0.295393 -0.018447
v -0.101431 0.295393 0.016977
v -0.089002 0.295393 0.049779
v -0.066809 0.295393 0.076944
v -0.036593 0.295393 0.095455
v -0.097660 0.300456 -0.017830
v -0.096685 0.300456 0.015967
v -0.084757 0.300456 0.047328
v -0.063561 0.300456 0.073338
v -0.034780 0.300456 0.091082
v -0.092659 0.308051 -0.016212
v -0.092202 0.308051 0.015853
v -0.081225 0.308051 0.045289
v -0.061221 0.308051 0.069513
v -0.033681 0.308051 0.085942
v -0.091649 0.310583 -0.016079
v -0.091180 0.310583 0.015636
v -0.080312 0.310583 0.044762
v -0.060522 0.310583 0.068737
v -0.033291 0.310583 0.085001
v -0.090577 0.313115 -0.016024
v -0.090045 0.313115 0.015320
v -0.079254 0.313115 0.044151
v -0.059681 0.313115 0.067912
v -0.032803 0.313115 0.084044
v -0.089505 0.315647 -0.015968
v -0.088910 0.315647 0.015004
v -0.078196 0.315647 0.043540
v -0.058840 0.315647 0.067087
v -0.032315 0.315647 0.083088
v -0.088495 0.318178 -0.015836
v -0.087888 0.318178 0.014786
v -0.077283 0.318178 0.043013
v -0.058141 0.318178 0.066311
v -0.031924 0.318178 0.082147
v -0.088963 0.322418 -0.015987
v -0.088309 0.322418 0.014797
v -0.077614 0.322418 0.043204
v -0.058360 0.322418 0.066669
v -0.032027 0.322418 0.082629
v -0.090508 0.324125 -0.016190
v -0.089871 0.324125 0.015130
v -0.079011 0.324125 0.044011
v -0.059429 0.324125 0.067856
v -0.032624 0.324125 0.084068
v -0.092148 0.325832 -0.016275
v -0.091607 0.325832 0.015613
v -0.080629 0.325832 0.044945
v -0.060716 0.325832 0.069118
v -0.033371 0.325832 0.085531
v -0.093788 0.327540 -0.016360
v -0.093343 0.327540 0.016096
v -0.082246 0.327540 0.045878
v -0.062002 0.327540 0.070380
v -0.034117 0.327540 0.086994
v -0.095333 0.329247 -0.016563
v -0.094906 0.329247 0.016428
v -0.083643 0.329247 0.046685
v -0.063071 0.329247 0.071567
v -0.034714 0.329247 0.088433
v -0.097938 0.331367 -0.017406
v -0.097240 0.331367 0.016488
v -0.085483 0.331367 0.047747
v -0.064290 0.331367 0.073559
v -0.035286 0.331367 0.091110
v -0.099364 0.331779 -0.017593
v -0.098682 0.331779 0.016794
v -0.086773 0.331779 0.048492
v -0.065277 0.331779 0.074655
v -0.035837 0.331779 0.092439
v -0.100878 0.332191 -0.017672
v -0.100285 0.332191 0.017240
v -0.088266 0.332191 0.049354
v -0.066464 0.332191 0.075820
v -0.036526 0.332191 0.093789
v -0.102392 0.332603 -0.017750
v -0.101888 0.332603 0.017686
v -0.089759 0.332603 0.050216
v -0.067652 0.332603 0.076985
v -0.037215 0.332603 0.095139
v -0.103818 0.333016 -0.017937
v -0.103330 0.333016 0.017993
v -0.091048 0.333016 0.050960
v -0.068639 0.333016 0.078080
v -0.037766 0.333016 0.096468
v -0.103609 0.335430 -0.017870
v -0.103143 0.335430 0.017988
v -0.090901 0.335430 0.050875
v -0.068541 0.335430 0.077921
v -0.037720 0.335430 0.096254
v -0.101946 0.337431 -0.017651
v -0.101461 0.337432 0.017630
v -0.089397 0.337431 0.050007
v -0.067390 0.337431 0.076643
v -0.037077 0.337432 0.094704
v -0.100179 0.339433 -0.017560
v -0.099591 0.339433 0.017110
v -0.087655 0.339433 0.049001
v -0.066004 0.339433 0.075284
v -0.036274 0.339433 0.093128
v -0.098413 0.341435 -0.017468
v -0.097721 0.341435 0.016590
v -0.085913 0.341435 0.047995
v -0.064619 0.341435 0.073924
v -0.035470 0.341435 0.091553
v -0.096750 0.343437 -0.017250
v -0.096039 0.343437 0.016232
v -0.084408 0.343437 0.047127
v -0.063468 0.343437 0.072646
v -0.034827 0.343437 0.090003
v -0.081627 0.345674 -0.012356
v -0.082483 0.345674 0.015887
v -0.073728 0.345674 0.040960
v -0.056391 0.345674 0.061080
v -0.031504 0.345674 0.074460
v -0.066043 0.345910 -0.010311
v -0.066724 0.345910 0.012534
v -0.059633 0.345910 0.032823
v -0.045608 0.345910 0.049108
v -0.025483 0.345910 0.059941
v -0.049498 0.346145 -0.009453
v -0.049208 0.346145 0.007660
v -0.043316 0.346145 0.023402
v -0.032629 0.346145 0.036376
v -0.017954 0.346145 0.045184
v -0.032954 0.346381 -0.008596
v -0.031692 0.346381 0.002787
v -0.026999 0.346381 0.013981
v -0.019651 0.346381 0.023643
v -0.010424 0.346381 0.030427
v -0.017370 0.346617 -0.006550
v -0.015933 0.346617 -0.000566
v -0.012904 0.346616 0.005844
v -0.008867 0.346616 0.011672
v -0.004404 0.346616 0.015908
vt 0.934725 0.005987
vt 0.983554 -0.030574
vt 0.838360 -0.065811
vt 0.827999 -0.019913
vt 0.994310 0.100753
vt 1.058719 0.088971
vt 1.002599 0.156151
vt 1.068428 0.153856
vt 1.001563 0.382783
vt 1.067373 0.384588
vt 0.989971 0.488775
vt 1.055300 0.494981
vt 0.958886 0.597415
vt 1.021791 0.612090
vt 0.906041 0.672959
vt 0.961897 0.697711
vt 0.828327 0.739150
vt 0.879568 0.767833
vt 0.767193 0.792390
vt 0.795428 0.841109
vt 0.736108 0.789512
vt 0.789092 0.840522
vt 0.741289 0.808938
vt 0.660467 0.860020
vt 0.699116 0.897390
vt 0.604513 0.881604
vt 0.603719 0.934190
vt 0.592079 0.876567
vt 0.542402 0.909354
vt 0.576537 0.855703
vt 0.511004 0.867205
vt 0.574464 0.775123
vt 0.509939 0.825801
vt 0.510221 0.778720
vt 0.471883 0.785195
vt 0.473272 0.831994
vt 0.445978 0.781598
vt 0.397025 0.821405
vt 0.435617 0.762172
vt 0.375508 0.781067
vt 0.401356 0.718159
vt 0.345269 0.742220
vt 0.323643 0.641176
vt 0.273042 0.670672
vt 0.245929 0.587216
vt 0.207233 0.624978
vt 0.177542 0.564193
vt 0.167476 0.611593
vt 0.151637 0.567071
vt 0.132697 0.615457
vt 0.135202 0.557664
vt 0.068428 0.578669
vt 0.138311 0.487156
vt 0.073393 0.466047
vt 0.193228 0.453341
vt 0.154360 0.416193
vt 0.230531 0.459097
vt 0.210843 0.439671
vt 0.231567 0.414490
vt 0.195846 0.365783
vt 0.344510 0.423124
vt 0.469168 0.386676
vt 0.325859 0.439671
vt 0.441197 0.411493
vt 0.338293 0.451902
vt 0.395283 0.454061
vt 0.482322 0.442549
vt 0.536203 0.428160
vt 0.172094 0.047988
vt 0.113210 0.069036
vt 0.163804 0.032880
vt 0.091223 0.028962
vt 0.172094 0.022807
vt 0.128178 -0.015943
vt 0.250843 0.006979
vt 0.229861 -0.036381
vt 0.318140 -0.010958
vt 0.305139 -0.056445
vt 0.983554 -0.030574
vt 0.838360 -0.065811
vt 1.058719 0.088971
vt 1.068428 0.153856
vt 1.067373 0.384588
vt 1.055300 0.494981
vt 1.021791 0.612090
vt 0.961897 0.697711
vt 0.879568 0.767833
vt 0.795428 0.841109
vt 0.789092 0.840522
vt 0.699116 0.897390
vt 0.603719 0.934190
vt 0.542402 0.909354
vt 0.511004 0.867205
vt 0.509939 0.825801
vt 0.473272 0.831994
vt 0.397025 0.821405
vt 0.375508 0.781067
vt 0.345269 0.742220
vt 0.273042 0.670672
vt 0.207233 0.624978
vt 0.167476 0.611593
vt 0.132697 0.615457
vt 0.068428 0.578669
vt 0.073393 0.466047
vt 0.154360 0.416193
vt 0.195846 0.365783
vt 0.469168 0.386676
vt 0.441197 0.411493
vt 0.113210 0.069036
vt 0.091223 0.028962
vt 0.128178 -0.015943
vt 0.229861 -0.036381
vt 0.305139 -0.056445
vt 0.934725 0.005987
vt 0.827999 -0.019913
vt 0.994310 0.100753
vt 1.002599 0.156151
vt 1.001563 0.382783
vt 0.989971 0.488775
vt 0.958886 0.597415
vt 0.906041 0.672959
vt 0.828327 0.739150
vt 0.767193 0.792390
vt 0.736108 0.789512
vt 0.741289 0.808938
vt 0.660467 0.860020
vt 0.604513 0.881604
vt 0.592079 0.876567
vt 0.576537 0.855703
vt 0.574464 0.775123
vt 0.510221 0.778720
vt 0.471883 0.785195
vt 0.445978 0.781598
vt 0.435617 0.762172
vt 0.401356 0.718159
vt 0.323643 0.641176
vt 0.245929 0.587216
vt 0.177542 0.564193
vt 0.151637 0.567071
vt 0.135202 0.557664
vt 0.138311 0.487156
vt 0.193228 0.453341
vt 0.230531 0.459097
vt 0.210843 0.439671
vt 0.231567 0.414490
vt 0.344510 0.423124
vt 0.325859 0.439671
vt 0.338293 0.451902
vt 0.395283 0.454061
vt 0.482322 0.442549
vt 0.536203 0.428160
vt 0.172094 0.047988
vt 0.163804 0.032880
vt 0.172094 0.022807
vt 0.250843 0.006979
vt 0.318140 -0.010958
vt 0.049620 0.055556
vt 0.049620 0.111111
vt 0.099240 0.111111
vt 0.099240 0.055556
vt 0.049620 0.166667
vt 0.099240 0.166667
vt 0.049620 0.222222
vt 0.099240 0.222222
vt 0.049620 0.277778
vt 0.099240 0.277778
vt 0.148860 0.111111
vt 0.148860 0.055556
vt 0.148860 0.166667
vt 0.148860 0.222222
vt 0.148860 0.277778
vt 0.198480 0.111111
vt 0.198480 0.055556
vt 0.198480 0.166667
vt 0.198480 0.222222
vt 0.198480 0.277778
vt 0.248100 0.111111
vt 0.248100 0.055556
vt 0.248100 0.166667
vt 0.248100 0.222222
vt 0.248100 0.277778
vt 0.000000 0.000000
vt 0.000000 0.055556
vt 0.049620 0.000000
vt 0.049620 0.333333
vt 0.000000 0.277778
vt 0.000000 0.333333
vt 0.297719 0.333333
vt 0.297719 0.277778
vt 0.248100 0.333333
vt 0.248100 0.000000
vt 0.297719 0.055556
vt 0.297719 0.000000
vt 0.000000 0.111111
vt 0.099240 0.333333
vt 0.297719 0.222222
vt 0.198480 0.000000
vt 0.000000 0.166667
vt 0.148860 0.333333
vt 0.297719 0.166667
vt 0.148860 0.000000
vt 0.000000 0.222222
vt 0.198480 0.333333
vt 0.297719 0.111111
vt 0.099240 0.000000
vt 0.310388 0.055556
vt 0.310388 0.111111
vt 0.323057 0.111111
vt 0.323057 0.055556
vt 0.310388 0.166667
vt 0.323057 0.166667
vt 0.310388 0.222222
vt 0.323057 0.222222
vt 0.310388 0.277778
vt 0.323057 0.277778
vt 0.335726 0.111111
vt 0.335726 0.055556
vt 0.335726 0.166667
vt 0.335726 0.222222
vt 0.335726 0.277778
vt 0.348395 0.111111
vt 0.348395 0.055556
vt 0.348395 0.166667
vt 0.348395 0.222222
vt 0.348395 0.277778
vt 0.361064 0.111111
vt 0.361064 0.055556
vt 0.361064 0.166667
vt 0.361064 0.222222
vt 0.361064 0.277778
vt 0.310388 0.000000
vt 0.310388 0.333333
vt 0.373733 0.333333
vt 0.373733 0.277778
vt 0.361064 0.333333
vt 0.361064 0.000000
vt 0.373733 0.055556
vt 0.373733 0.000000
vt 0.323057 0.333333
vt 0.373733 0.222222
vt 0.348395 0.000000
vt 0.335726 0.333333
vt 0.373733 0.166667
vt 0.335726 0.000000
vt 0.348395 0.333333
vt 0.373733 0.111111
vt 0.323057 0.000000
vt 0.381546 0.055556
vt 0.381546 0.111111
vt 0.389359 0.111111
vt 0.389359 0.055556
vt 0.381546 0.166667
vt 0.389359 0.166667
vt 0.381546 0.222222
vt 0.389359 0.222222
vt 0.381546 0.277778
vt 0.389359 0.277778
vt 0.397172 0.111111
vt 0.397172 0.055556
vt 0.397172 0.166667
vt 0.397172 0.222222
vt 0.397172 0.277778
vt 0.404984 0.111111
vt 0.404984 0.055556
vt 0.404984 0.166667
vt 0.404984 0.222222
vt 0.404984 0.277778
vt 0.412797 0.111111
vt 0.412797 0.055556
vt 0.412797 0.166667
vt 0.412797 0.222222
vt 0.412797 0.277778
vt 0.381546 0.000000
vt 0.381546 0.333333
vt 0.420610 0.333333
vt 0.420610 0.277778
vt 0.412797 0.333333
vt 0.412797 0.000000
vt 0.420610 0.055556
vt 0.420610 0.000000
vt 0.389359 0.333333
vt 0.420610 0.222222
vt 0.404984 0.000000
vt 0.397172 0.333333
vt 0.420610 0.166667
vt 0.397172 0.000000
vt 0.404984 0.333333
vt 0.420610 0.111111
vt 0.389359 0.000000
vt 0.427268 0.055556
vt 0.427268 0.111111
vt 0.433925 0.111111
vt 0.433925 0.055556
vt 0.427268 0.166667
vt 0.433925 0.166667
vt 0.427268 0.222222
vt 0.433925 0.222222
vt 0.427268 0.277778
vt 0.433925 0.277778
vt 0.440583 0.111111
vt 0.440583 0.055556
vt 0.440583 0.166667
vt 0.440583 0.222222
vt 0.440583 0.277778
vt 0.447240 0.111111
vt 0.447240 0.055556
vt 0.447240 0.166667
vt 0.447240 0.222222
vt 0.447240 0.277778
vt 0.453898 0.111111
vt 0.453898 0.055556
vt 0.453898 0.166667
vt 0.453898 0.222222
vt 0.453898 0.277778
vt 0.427268 0.000000
vt 0.427268 0.333333
vt 0.460555 0.333333
vt 0.460555 0.277778
vt 0.453898 0.333333
vt 0.453898 0.000000
vt 0.460555 0.055556
vt 0.460555 0.000000
vt 0.433925 0.333333
vt 0.460555 0.222222
vt 0.447240 0.000000
vt 0.440583 0.333333
vt 0.460555 0.166667
vt 0.440583 0.000000
vt 0.447240 0.333333
vt 0.460555 0.111111
vt 0.433925 0.000000
vt 0.471167 0.055556
vt 0.471167 0.111111
vt 0.481779 0.111111
vt 0.481779 0.055556
vt 0.471167 0.166667
vt 0.481779 0.166667
vt 0.471167 0.222222
vt 0.481779 0.222222
vt 0.471167 0.277778
vt 0.481779 0.277778
vt 0.492391 0.111111
vt 0.492391 0.055556
vt 0.492391 0.166667
vt 0.492391 0.222222
vt 0.492391 0.277778
vt 0.503002 0.111111
vt 0.503002 0.055556
vt 0.503002 0.166667
vt 0.503002 0.222222
vt 0.503002 0.277778
vt 0.513614 0.111111
vt 0.513614 0.055556
vt 0.513614 0.166667
vt 0.513614 0.222222
vt 0.513614 0.277778
vt 0.471167 0.000000
vt 0.471167 0.333333
vt 0.524226 0.333333
vt 0.524226 0.277778
vt 0.513614 0.333333
vt 0.513614 0.000000
vt 0.524226 0.055556
vt 0.524226 0.000000
vt 0.481779 0.333333
vt 0.524226 0.222222
vt 0.503002 0.000000
vt 0.492391 0.333333
vt 0.524226 0.166667
vt 0.492391 0.000000
vt 0.503002 0.333333
vt 0.524226 0.111111
vt 0.481779 0.000000
vt 0.533139 0.055556
vt 0.533139 0.111111
vt 0.542053 0.111111
vt 0.542053 0.055556
vt 0.533139 0.166667
vt 0.542053 0.166667
vt 0.533139 0.222222
vt 0.542053 0.222222
vt 0.533139 0.277778
vt 0.542053 0.277778
vt 0.550966 0.111111
vt 0.550966 0.055556
vt 0.550966 0.166667
vt 0.550966 0.222222
vt 0.550966 0.277778
vt 0.559879 0.111111
vt 0.559879 0.055556
vt 0.559879 0.166667
vt 0.559879 0.222222
vt 0.559879 0.277778
vt 0.568793 0.111111
vt 0.568793 0.055556
vt 0.568793 0.166667
vt 0.568793 0.222222
vt 0.568793 0.277778
vt 0.533139 0.000000
vt 0.533139 0.333333
vt 0.577706 0.333333
vt 0.577706 0.277778
vt 0.568793 0.333333
vt 0.568793 0.000000
vt 0.577706 0.055556
vt 0.577706 0.000000
vt 0.542053 0.333333
vt 0.577706 0.222222
vt 0.559879 0.000000
vt 0.550966 0.333333
vt 0.577706 0.166667
vt 0.550966 0.000000
vt 0.559879 0.333333
vt 0.577706 0.111111
vt 0.542053 0.000000
vt 0.593117 0.055556
vt 0.593117 0.111111
vt 0.608528 0.111111
vt 0.608528 0.055556
vt 0.593117 0.166667
vt 0.608528 0.166667
vt 0.593117 0.222222
vt 0.608528 0.222222
vt 0.593117 0.277778
vt 0.608528 0.277778
vt 0.623939 0.111111
vt 0.623939 0.055556
vt 0.623939 0.166667
vt 0.623939 0.222222
vt 0.623939 0.277778
vt 0.639350 0.111111
vt 0.639350 0.055556
vt 0.639350 0.166667
vt 0.639350 0.222222
vt 0.639350 0.277778
vt 0.654761 0.111111
vt 0.654761 0.055556
vt 0.654761 0.166667
vt 0.654761 0.222222
vt 0.654761 0.277778
vt 0.593117 0.000000
vt 0.593117 0.333333
vt 0.670172 0.333333
vt 0.670172 0.277778
vt 0.654761 0.333333
vt 0.654761 0.000000
vt 0.670172 0.055556
vt 0.670172 0.000000
vt 0.608528 0.333333
vt 0.670172 0.222222
vt 0.639350 0.000000
vt 0.623939 0.333333
vt 0.670172 0.166667
vt 0.623939 0.000000
vt 0.639350 0.333333
vt 0.670172 0.111111
vt 0.608528 0.000000
vt 0.676274 0.055556
vt 0.676274 0.111111
vt 0.682376 0.111111
vt 0.682376 0.055556
vt 0.676274 0.166667
vt 0.682376 0.166667
vt 0.676274 0.222222
vt 0.682376 0.222222
vt 0.676274 0.277778
vt 0.682376 0.277778
vt 0.688478 0.111111
vt 0.688478 0.055556
vt 0.688478 0.166667
vt 0.688478 0.222222
vt 0.688478 0.277778
vt 0.694580 0.111111
vt 0.694580 0.055556
vt 0.694580 0.166667
vt 0.694580 0.222222
vt 0.694580 0.277778
vt 0.700682 0.111111
vt 0.700682 0.055556
vt 0.700682 0.166667
vt 0.700682 0.222222
vt 0.700682 0.277778
vt 0.676274 0.000000
vt 0.676274 0.333333
vt 0.706783 0.333333
vt 0.706783 0.277778
vt 0.700682 0.333333
vt 0.700682 0.000000
vt 0.706783 0.055556
vt 0.706783 0.000000
vt 0.682376 0.333333
vt 0.706783 0.222222
vt 0.694580 0.000000
vt 0.688478 0.333333
vt 0.706783 0.166667
vt 0.688478 0.000000
vt 0.694580 0.333333
vt 0.706783 0.111111
vt 0.682376 0.000000
vt 0.711923 0.055556
vt 0.711923 0.111111
vt 0.717063 0.111111
vt 0.717063 0.055556
vt 0.711923 0.166667
vt 0.717063 0.166667
vt 0.711923 0.222222
vt 0.717063 0.222222
vt 0.711923 0.277778
vt 0.717063 0.277778
vt 0.722203 0.111111
vt 0.722203 0.055556
vt 0.722203 0.166667
vt 0.722203 0.222222
vt 0.722203 0.277778
vt 0.727343 0.111111
vt 0.727343 0.055556
vt 0.727343 0.166667
vt 0.727343 0.222222
vt 0.727343 0.277778
vt 0.732483 0.111111
vt 0.732483 0.055556
vt 0.732483 0.166667
vt 0.732483 0.222222
vt 0.732483 0.277778
vt 0.711923 0.000000
vt 0.711923 0.333333
vt 0.737623 0.333333
vt 0.737623 0.277778
vt 0.732483 0.333333
vt 0.732483 0.000000
vt 0.737623 0.055556
vt 0.737623 0.000000
vt 0.717063 0.333333
vt 0.737623 0.222222
vt 0.727343 0.000000
vt 0.722203 0.333333
vt 0.737623 0.166667
vt 0.722203 0.000000
vt 0.727343 0.333333
vt 0.737623 0.111111
vt 0.717063 0.000000
vt 0.740922 0.055556
vt 0.740922 0.111111
vt 0.744222 0.111111
vt 0.744222 0.055556
vt 0.740922 0.166667
vt 0.744222 0.166667
vt 0.740922 0.222222
vt 0.744222 0.222222
vt 0.740922 0.277778
vt 0.744222 0.277778
vt 0.747521 0.111111
vt 0.747521 0.055556
vt 0.747521 0.166667
vt 0.747521 0.222222
vt 0.747521 0.277778
vt 0.750820 0.111111
vt 0.750820 0.055556
vt 0.750820 0.166667
vt 0.750820 0.222222
vt 0.750820 0.277778
vt 0.754119 0.111111
vt 0.754119 0.055556
vt 0.754119 0.166667
vt 0.754119 0.222222
vt 0.754119 0.277778
vt 0.740922 0.000000
vt 0.740922 0.333333
vt 0.757419 0.333333
vt 0.757419 0.277778
vt 0.754119 0.333333
vt 0.754119 0.000000
vt 0.757419 0.055556
vt 0.757419 0.000000
vt 0.744222 0.333333
vt 0.757419 0.222222
vt 0.750820 0.000000
vt 0.747521 0.333333
vt 0.757419 0.166667
vt 0.747521 0.000000
vt 0.750820 0.333333
vt 0.757419 0.111111
vt 0.744222 0.000000
vt 0.763231 0.055556
vt 0.763231 0.111111
vt 0.769044 0.111111
vt 0.769044 0.055556
vt 0.763231 0.166667
vt 0.769044 0.166667
vt 0.763231 0.222222
vt 0.769044 0.222222
vt 0.763231 0.277778
vt 0.769044 0.277778
vt 0.774856 0.111111
vt 0.774856 0.055556
vt 0.774856 0.166667
vt 0.774856 0.222222
vt 0.774856 0.277778
vt 0.780669 0.111111
vt 0.780669 0.055556
vt 0.780669 0.166667
vt 0.780669 0.222222
vt 0.780669 0.277778
vt 0.786482 0.111111
vt 0.786482 0.055556
vt 0.786482 0.166667
vt 0.786482 0.222222
vt 0.786482 0.277778
vt 0.763231 0.000000
vt 0.763231 0.333333
vt 0.792294 0.333333
vt 0.792294 0.277778
vt 0.786482 0.333333
vt 0.786482 0.000000
vt 0.792294 0.055556
vt 0.792294 0.000000
vt 0.769044 0.333333
vt 0.792294 0.222222
vt 0.780669 0.000000
vt 0.774856 0.333333
vt 0.792294 0.166667
vt 0.774856 0.000000
vt 0.780669 0.333333
vt 0.792294 0.111111
vt 0.769044 0.000000
vt 0.826912 0.055556
vt 0.826912 0.111111
vt 0.861529 0.111111
vt 0.861529 0.055556
vt 0.826912 0.166667
vt 0.861529 0.166667
vt 0.826912 0.222222
vt 0.861529 0.222222
vt 0.826912 0.277778
vt 0.861529 0.277778
vt 0.896147 0.111111
vt 0.896147 0.055556
vt 0.896147 0.166667
vt 0.896147 0.222222
vt 0.896147 0.277778
vt 0.930765 0.111111
vt 0.930765 0.055556
vt 0.930765 0.166667
vt 0.930765 0.222222
vt 0.930765 0.277778
vt 0.965382 0.111111
vt 0.965382 0.055556
vt 0.965382 0.166667
vt 0.965382 0.222222
vt 0.965382 0.277778
vt 0.826912 0.000000
vt 0.826912 0.333333
vt 1.000000 0.333333
vt 1.000000 0.277778
vt 0.965382 0.333333
vt 0.965382 0.000000
vt 1.000000 0.055556
vt 1.000000 0.000000
vt 0.861529 0.333333
vt 1.000000 0.222222
vt 0.930765 0.000000
vt 0.896147 0.333333
vt 1.000000 0.166667
vt 0.896147 0.000000
vt 0.930765 0.333333
vt 1.000000 0.111111
vt 0.861529 0.000000
vt 0.049620 0.388889
vt 0.049620 0.444444
vt 0.099240 0.444444
vt 0.099240 0.388889
vt 0.049620 0.500000
vt 0.099240 0.500000
vt 0.049620 0.555556
vt 0.099240 0.555556
vt 0.049620 0.611111
vt 0.099240 0.611111
vt 0.148860 0.444444
vt 0.148860 0.388889
vt 0.148860 0.500000
vt 0.148860 0.555556
vt 0.148860 0.611111
vt 0.198480 0.444444
vt 0.198480 0.388889
vt 0.198480 0.500000
vt 0.198480 0.555556
vt 0.198480 0.611111
vt 0.248100 0.444444
vt 0.248100 0.388889
vt 0.248100 0.500000
vt 0.248100 0.555556
vt 0.248100 0.611111
vt 0.000000 0.388889
vt 0.049620 0.666667
vt 0.000000 0.611111
vt 0.000000 0.666667
vt 0.297719 0.666667
vt 0.297719 0.611111
vt 0.248100 0.666667
vt 0.297719 0.388889
vt 0.000000 0.444444
vt 0.099240 0.666667
vt 0.297719 0.555556
vt 0.000000 0.500000
vt 0.148860 0.666667
vt 0.297719 0.500000
vt 0.000000 0.555556
vt 0.198480 0.666667
vt 0.297719 0.444444
vt 0.310388 0.388889
vt 0.310388 0.444444
vt 0.323057 0.444444
vt 0.323057 0.388889
vt 0.310388 0.500000
vt 0.323057 0.500000
vt 0.310388 0.555556
vt 0.323057 0.555556
vt 0.310388 0.611111
vt 0.323057 0.611111
vt 0.335726 0.444444
vt 0.335726 0.388889
vt 0.335726 0.500000
vt 0.335726 0.555556
vt 0.335726 0.611111
vt 0.348395 0.444444
vt 0.348395 0.388889
vt 0.348395 0.500000
vt 0.348395 0.555556
vt 0.348395 0.611111
vt 0.361064 0.444444
vt 0.361064 0.388889
vt 0.361064 0.500000
vt 0.361064 0.555556
vt 0.361064 0.611111
vt 0.310388 0.666667
vt 0.373733 0.666667
vt 0.373733 0.611111
vt 0.361064 0.666667
vt 0.373733 0.388889
vt 0.323057 0.666667
vt 0.373733 0.555556
vt 0.335726 0.666667
vt 0.373733 0.500000
vt 0.348395 0.666667
vt 0.373733 0.444444
vt 0.381546 0.388889
vt 0.381546 0.444444
vt 0.389359 0.444444
vt 0.389359 0.388889
vt 0.381546 0.500000
vt 0.389359 0.500000
vt 0.381546 0.555556
vt 0.389359 0.555556
vt 0.381546 0.611111
vt 0.389359 0.611111
vt 0.397172 0.444444
vt 0.397172 0.388889
vt 0.397172 0.500000
vt 0.397172 0.555556
vt 0.397172 0.611111
vt 0.404984 0.444444
vt 0.404984 0.388889
vt 0.404984 0.500000
vt 0.404984 0.555556
vt 0.404984 0.611111
vt 0.412797 0.444444
vt 0.412797 0.388889
vt 0.412797 0.500000
vt 0.412797 0.555556
vt 0.412797 0.611111
vt 0.381546 0.666667
vt 0.420610 0.666667
vt 0.420610 0.611111
vt 0.412797 0.666667
vt 0.420610 0.388889
vt 0.389359 0.666667
vt 0.420610 0.555556
vt 0.397172 0.666667
vt 0.420610 0.500000
vt 0.404984 0.666667
vt 0.420610 0.444444
vt 0.427268 0.388889
vt 0.427268 0.444444
vt 0.433925 0.444444
vt 0.433925 0.388889
vt 0.427268 0.500000
vt 0.433925 0.500000
vt 0.427268 0.555556
vt 0.433925 0.555556
vt 0.427268 0.611111
vt 0.433925 0.611111
vt 0.440583 0.444444
vt 0.440583 0.388889
vt 0.440583 0.500000
vt 0.440583 0.555556
vt 0.440583 0.611111
vt 0.447240 0.444444
vt 0.447240 0.388889
vt 0.447240 0.500000
vt 0.447240 0.555556
vt 0.447240 0.611111
vt 0.453898 0.444444
vt 0.453898 0.388889
vt 0.453898 0.500000
vt 0.453898 0.555556
vt 0.453898 0.611111
vt 0.427268 0.666667
vt 0.460555 0.666667
vt 0.460555 0.611111
vt 0.453898 0.666667
vt 0.460555 0.388889
vt 0.433925 0.666667
vt 0.460555 0.555556
vt 0.440583 0.666667
vt 0.460555 0.500000
vt 0.447240 0.666667
vt 0.460555 0.444444
vt 0.471167 0.388889
vt 0.471167 0.444444
vt 0.481779 0.444444
vt 0.481779 0.388889
vt 0.471167 0.500000
vt 0.481779 0.500000
vt 0.471167 0.555556
vt 0.481779 0.555556
vt 0.471167 0.611111
vt 0.481779 0.611111
vt 0.492391 0.444444
vt 0.492391 0.388889
vt 0.492391 0.500000
vt 0.492391 0.555556
vt 0.492391 0.611111
vt 0.503002 0.444444
vt 0.503002 0.388889
vt 0.503002 0.500000
vt 0.503002 0.555556
vt 0.503002 0.611111
vt 0.513614 0.444444
vt 0.513614 0.388889
vt 0.513614 0.500000
vt 0.513614 0.555556
vt 0.513614 0.611111
vt 0.471167 0.666667
vt 0.524226 0.666667
vt 0.524226 0.611111
vt 0.513614 0.666667
vt 0.524226 0.388889
vt 0.481779 0.666667
vt 0.524226 0.555556
vt 0.492391 0.666667
vt 0.524226 0.500000
vt 0.503002 0.666667
vt 0.524226 0.444444
vt 0.533139 0.388889
vt 0.533139 0.444444
vt 0.542053 0.444444
vt 0.542053 0.388889
vt 0.533139 0.500000
vt 0.542053 0.500000
vt 0.533139 0.555556
vt 0.542053 0.555556
vt 0.533139 0.611111
vt 0.542053 0.611111
vt 0.550966 0.444444
vt 0.550966 0.388889
vt 0.550966 0.500000
vt 0.550966 0.555556
vt 0.550966 0.611111
vt 0.559879 0.444444
vt 0.559879 0.388889
vt 0.559879 0.500000
vt 0.559879 0.555556
vt 0.559879 0.611111
vt 0.568793 0.444444
vt 0.568793 0.388889
vt 0.568793 0.500000
vt 0.568793 0.555556
vt 0.568793 0.611111
vt 0.533139 0.666667
vt 0.577706 0.666667
vt 0.577706 0.611111
vt 0.568793 0.666667
vt 0.577706 0.388889
vt 0.542053 0.666667
vt 0.577706 0.555556
vt 0.550966 0.666667
vt 0.577706 0.500000
vt 0.559879 0.666667
vt 0.577706 0.444444
vt 0.593117 0.388889
vt 0.593117 0.444444
vt 0.608528 0.444444
vt 0.608528 0.388889
vt 0.593117 0.500000
vt 0.608528 0.500000
vt 0.593117 0.555556
vt 0.608528 0.555556
vt 0.593117 0.611111
vt 0.608528 0.611111
vt 0.623939 0.444444
vt 0.623939 0.388889
vt 0.623939 0.500000
vt 0.623939 0.555556
vt 0.623939 0.611111
vt 0.639350 0.444444
vt 0.639350 0.388889
vt 0.639350 0.500000
vt 0.639350 0.555556
vt 0.639350 0.611111
vt 0.654761 0.444444
vt 0.654761 0.388889
vt 0.654761 0.500000
vt 0.654761 0.555556
vt 0.654761 0.611111
vt 0.593117 0.666667
vt 0.670172 0.666667
vt 0.670172 0.611111
vt 0.654761 0.666667
vt 0.670172 0.388889
vt 0.608528 0.666667
vt 0.670172 0.555556
vt 0.623939 0.666667
vt 0.670172 0.500000
vt 0.639350 0.666667
vt 0.670172 0.444444
vt 0.676274 0.388889
vt 0.676274 0.444444
vt 0.682376 0.444444
vt 0.682376 0.388889
vt 0.676274 0.500000
vt 0.682376 0.500000
vt 0.676274 0.555556
vt 0.682376 0.555556
vt 0.676274 0.611111
vt 0.682376 0.611111
vt 0.688478 0.444444
vt 0.688478 0.388889
vt 0.688478 0.500000
vt 0.688478 0.555556
vt 0.688478 0.611111
vt 0.694580 0.444444
vt 0.694580 0.388889
vt 0.694580 0.500000
vt 0.694580 0.555556
vt 0.694580 0.611111
vt 0.700682 0.444444
vt 0.700682 0.388889
vt 0.700682 0.500000
vt 0.700682 0.555556
vt 0.700682 0.611111
vt 0.676274 0.666667
vt 0.706783 0.666667
vt 0.706783 0.611111
vt 0.700682 0.666667
vt 0.706783 0.388889
vt 0.682376 0.666667
vt 0.706783 0.555556
vt 0.688478 0.666667
vt 0.706783 0.500000
vt 0.694580 0.666667
vt 0.706783 0.444444
vt 0.711923 0.388889
vt 0.711923 0.444444
vt 0.717063 0.444444
vt 0.717063 0.388889
vt 0.711923 0.500000
vt 0.717063 0.500000
vt 0.711923 0.555556
vt 0.717063 0.555556
vt 0.711923 0.611111
vt 0.717063 0.611111
vt 0.722203 0.444444
vt 0.722203 0.388889
vt 0.722203 0.500000
vt 0.722203 0.555556
vt 0.722203 0.611111
vt 0.727343 0.444444
vt 0.727343 0.388889
vt 0.727343 0.500000
vt 0.727343 0.555556
vt 0.727343 0.611111
vt 0.732483 0.444444
vt 0.732483 0.388889
vt 0.732483 0.500000
vt 0.732483 0.555556
vt 0.732483 0.611111
vt 0.711923 0.666667
vt 0.737623 0.666667
vt 0.737623 0.611111
vt 0.732483 0.666667
vt 0.737623 0.388889
vt 0.717063 0.666667
vt 0.737623 0.555556
vt 0.722203 0.666667
vt 0.737623 0.500000
vt 0.727343 0.666667
vt 0.737623 0.444444
vt 0.740922 0.388889
vt 0.740922 0.444444
vt 0.744222 0.444444
vt 0.744222 0.388889
vt 0.740922 0.500000
vt 0.744222 0.500000
vt 0.740922 0.555556
vt 0.744222 0.555556
vt 0.740922 0.611111
vt 0.744222 0.611111
vt 0.747521 0.444444
vt 0.747521 0.388889
vt 0.747521 0.500000
vt 0.747521 0.555556
vt 0.747521 0.611111
vt 0.750820 0.444444
vt 0.750820 0.388889
vt 0.750820 0.500000
vt 0.750820 0.555556
vt 0.750820 0.611111
vt 0.754119 0.444444
vt 0.754119 0.388889
vt 0.754119 0.500000
vt 0.754119 0.555556
vt 0.754119 0.611111
vt 0.740922 0.666667
vt 0.757419 0.666667
vt 0.757419 0.611111
vt 0.754119 0.666667
vt 0.757419 0.388889
vt 0.744222 0.666667
vt 0.757419 0.555556
vt 0.747521 0.666667
vt 0.757419 0.500000
vt 0.750820 0.666667
vt 0.757419 0.444444
vt 0.763231 0.388889
vt 0.763231 0.444444
vt 0.769044 0.444444
vt 0.769044 0.388889
vt 0.763231 0.500000
vt 0.769044 0.500000
vt 0.763231 0.555556
vt 0.769044 0.555556
vt 0.763231 0.611111
vt 0.769044 0.611111
vt 0.774856 0.444444
vt 0.774856 0.388889
vt 0.774856 0.500000
vt 0.774856 0.555556
vt 0.774856 0.611111
vt 0.780669 0.444444
vt 0.780669 0.388889
vt 0.780669 0.500000
vt 0.780669 0.555556
vt 0.780669 0.611111
vt 0.786482 0.444444
vt 0.786482 0.388889
vt 0.786482 0.500000
vt 0.786482 0.555556
vt 0.786482 0.611111
vt 0.763231 0.666667
vt 0.792294 0.666667
vt 0.792294 0.611111
vt 0.786482 0.666667
vt 0.792294 0.388889
vt 0.769044 0.666667
vt 0.792294 0.555556
vt 0.774856 0.666667
vt 0.792294 0.500000
vt 0.780669 0.666667
vt 0.792294 0.444444
vt 0.826912 0.388889
vt 0.826912 0.444444
vt 0.861529 0.444444
vt 0.861529 0.388889
vt 0.826912 0.500000
vt 0.861529 0.500000
vt 0.826912 0.555556
vt 0.861529 0.555556
vt 0.826912 0.611111
vt 0.861529 0.611111
vt 0.896147 0.444444
vt 0.896147 0.388889
vt 0.896147 0.500000
vt 0.896147 0.555556
vt 0.896147 0.611111
vt 0.930765 0.444444
vt 0.930765 0.388889
vt 0.930765 0.500000
vt 0.930765 0.555556
vt 0.930765 0.611111
vt 0.965382 0.444444
vt 0.965382 0.388889
vt 0.965382 0.500000
vt 0.965382 0.555556
vt 0.965382 0.611111
vt 0.826912 0.666667
vt 1.000000 0.666667
vt 1.000000 0.611111
vt 0.965382 0.666667
vt 1.000000 0.388889
vt 0.861529 0.666667
vt 1.000000 0.555556
vt 0.896147 0.666667
vt 1.000000 0.500000
vt 0.930765 0.666667
vt 1.000000 0.444444
vt 0.049620 0.722222
vt 0.049620 0.777778
vt 0.099240 0.777778
vt 0.099240 0.722222
vt 0.049620 0.833333
vt 0.099240 0.833333
vt 0.049620 0.888889
vt 0.099240 0.888889
vt 0.049620 0.944444
vt 0.099240 0.944444
vt 0.148860 0.777778
vt 0.148860 0.722222
vt 0.148860 0.833333
vt 0.148860 0.888889
vt 0.148860 0.944444
vt 0.198480 0.777778
vt 0.198480 0.722222
vt 0.198480 0.833333
vt 0.198480 0.888889
vt 0.198480 0.944444
vt 0.248100 0.777778
vt 0.248100 0.722222
vt 0.248100 0.833333
vt 0.248100 0.888889
vt 0.248100 0.944444
vt 0.000000 0.722222
vt 0.049620 1.000000
vt 0.000000 0.944444
vt 0.000000 1.000000
vt 0.297719 1.000000
vt 0.297719 0.944444
vt 0.248100 1.000000
vt 0.297719 0.722222
vt 0.000000 0.777778
vt 0.099240 1.000000
vt 0.297719 0.888889
vt 0.000000 0.833333
vt 0.148860 1.000000
vt 0.297719 0.833333
vt 0.000000 0.888889
vt 0.198480 1.000000
vt 0.297719 0.777778
vt 0.310388 0.722222
vt 0.310388 0.777778
vt 0.323057 0.777778
vt 0.323057 0.722222
vt 0.310388 0.833333
vt 0.323057 0.833333
vt 0.310388 0.888889
vt 0.323057 0.888889
vt 0.310388 0.944444
vt 0.323057 0.944444
vt 0.335726 0.777778
vt 0.335726 0.722222
vt 0.335726 0.833333
vt 0.335726 0.888889
vt 0.335726 0.944444
vt 0.348395 0.777778
vt 0.348395 0.722222
vt 0.348395 0.833333
vt 0.348395 0.888889
vt 0.348395 0.944444
vt 0.361064 0.777778
vt 0.361064 0.722222
vt 0.361064 0.833333
vt 0.361064 0.888889
vt 0.361064 0.944444
vt 0.310388 1.000000
vt 0.373733 1.000000
vt 0.373733 0.944444
vt 0.361064 1.000000
vt 0.373733 0.722222
vt 0.323057 1.000000
vt 0.373733 0.888889
vt 0.335726 1.000000
vt 0.373733 0.833333
vt 0.348395 1.000000
vt 0.373733 0.777778
vt 0.381546 0.722222
vt 0.381546 0.777778
vt 0.389359 0.777778
vt 0.389359 0.722222
vt 0.381546 0.833333
vt 0.389359 0.833333
vt 0.381546 0.888889
vt 0.389359 0.888889
vt 0.381546 0.944444
vt 0.389359 0.944444
vt 0.397172 0.777778
vt 0.397172 0.722222
vt 0.397172 0.833333
vt 0.397172 0.888889
vt 0.397172 0.944444
vt 0.404984 0.777778
vt 0.404984 0.722222
vt 0.404984 0.833333
vt 0.404984 0.888889
vt 0.404984 0.944444
vt 0.412797 0.777778
vt 0.412797 0.722222
vt 0.412797 0.833333
vt 0.412797 0.888889
vt 0.412797 0.944444
vt 0.381546 1.000000
vt 0.420610 1.000000
vt 0.420610 0.944444
vt 0.412797 1.000000
vt 0.420610 0.722222
vt 0.389359 1.000000
vt 0.420610 0.888889
vt 0.397172 1.000000
vt 0.420610 0.833333
vt 0.404984 1.000000
vt 0.420610 0.777778
vt 0.427268 0.722222
vt 0.427268 0.777778
vt 0.433925 0.777778
vt 0.433925 0.722222
vt 0.427268 0.833333
vt 0.433925 0.833333
vt 0.427268 0.888889
vt 0.433925 0.888889
vt 0.427268 0.944444
vt 0.433925 0.944444
vt 0.440583 0.777778
vt 0.440583 0.722222
vt 0.440583 0.833333
vt 0.440583 0.888889
vt 0.440583 0.944444
vt 0.447240 0.777778
vt 0.447240 0.722222
vt 0.447240 0.833333
vt 0.447240 0.888889
vt 0.447240 0.944444
vt 0.453898 0.777778
vt 0.453898 0.722222
vt 0.453898 0.833333
vt 0.453898 0.888889
vt 0.453898 0.944444
vt 0.427268 1.000000
vt 0.460555 1.000000
vt 0.460555 0.944444
vt 0.453898 1.000000
vt 0.460555 0.722222
vt 0.433925 1.000000
vt 0.460555 0.888889
vt 0.440583 1.000000
vt 0.460555 0.833333
vt 0.447240 1.000000
vt 0.460555 0.777778
vt 0.471167 0.722222
vt 0.471167 0.777778
vt 0.481779 0.777778
vt 0.481779 0.722222
vt 0.471167 0.833333
vt 0.481779 0.833333
vt 0.471167 0.888889
vt 0.481779 0.888889
vt 0.471167 0.944444
vt 0.481779 0.944444
vt 0.492391 0.777778
vt 0.492391 0.722222
vt 0.492391 0.833333
vt 0.492391 0.888889
vt 0.492391 0.944444
vt 0.503002 0.777778
vt 0.503002 0.722222
vt 0.503002 0.833333
vt 0.503002 0.888889
vt 0.503002 0.944444
vt 0.513614 0.777778
vt 0.513614 0.722222
vt 0.513614 0.833333
vt 0.513614 0.888889
vt 0.513614 0.944444
vt 0.471167 1.000000
vt 0.524226 1.000000
vt 0.524226 0.944444
vt 0.513614 1.000000
vt 0.524226 0.722222
vt 0.481779 1.000000
vt 0.524226 0.888889
vt 0.492391 1.000000
vt 0.524226 0.833333
vt 0.503002 1.000000
vt 0.524226 0.777778
vt 0.533139 0.722222
vt 0.533139 0.777778
vt 0.542053 0.777778
vt 0.542053 0.722222
vt 0.533139 0.833333
vt 0.542053 0.833333
vt 0.533139 0.888889
vt 0.542053 0.888889
vt 0.533139 0.944444
vt 0.542053 0.944444
vt 0.550966 0.777778
vt 0.550966 0.722222
vt 0.550966 0.833333
vt 0.550966 0.888889
vt 0.550966 0.944444
vt 0.559879 0.777778
vt 0.559879 0.722222
vt 0.559879 0.833333
vt 0.559879 0.888889
vt 0.559879 0.944444
vt 0.568793 0.777778
vt 0.568793 0.722222
vt 0.568793 0.833333
vt 0.568793 0.888889
vt 0.568793 0.944444
vt 0.533139 1.000000
vt 0.577706 1.000000
vt 0.577706 0.944444
vt 0.568793 1.000000
vt 0.577706 0.722222
vt 0.542053 1.000000
vt 0.577706 0.888889
vt 0.550966 1.000000
vt 0.577706 0.833333
vt 0.559879 1.000000
vt 0.577706 0.777778
vt 0.593117 0.722222
vt 0.593117 0.777778
vt 0.608528 0.777778
vt 0.608528 0.722222
vt 0.593117 0.833333
vt 0.608528 0.833333
vt 0.593117 0.888889
vt 0.608528 0.888889
vt 0.593117 0.944444
vt 0.608528 0.944444
vt 0.623939 0.777778
vt 0.623939 0.722222
vt 0.623939 0.833333
vt 0.623939 0.888889
vt 0.623939 0.944444
vt 0.639350 0.777778
vt 0.639350 0.722222
vt 0.639350 0.833333
vt 0.639350 0.888889
vt 0.639350 0.944444
vt 0.654761 0.777778
vt 0.654761 0.722222
vt 0.654761 0.833333
vt 0.654761 0.888889
vt 0.654761 0.944444
vt 0.593117 1.000000
vt 0.670172 1.000000
vt 0.670172 0.944444
vt 0.654761 1.000000
vt 0.670172 0.722222
vt 0.608528 1.000000
vt 0.670172 0.888889
vt 0.623939 1.000000
vt 0.670172 0.833333
vt 0.639350 1.000000
vt 0.670172 0.777778
vt 0.676274 0.722222
vt 0.676274 0.777778
vt 0.682376 0.777778
vt 0.682376 0.722222
vt 0.676274 0.833333
vt 0.682376 0.833333
vt 0.676274 0.888889
vt 0.682376 0.888889
vt 0.676274 0.944444
vt 0.682376 0.944444
vt 0.688478 0.777778
vt 0.688478 0.722222
vt 0.688478 0.833333
vt 0.688478 0.888889
vt 0.688478 0.944444
vt 0.694580 0.777778
vt 0.694580 0.722222
vt 0.694580 0.833333
vt 0.694580 0.888889
vt 0.694580 0.944444
vt 0.700682 0.777778
vt 0.700682 0.722222
vt 0.700682 0.833333
vt 0.700682 0.888889
vt 0.700682 0.944444
vt 0.676274 1.000000
vt 0.706783 1.000000
vt 0.706783 0.944444
vt 0.700682 1.000000
vt 0.706783 0.722222
vt 0.682376 1.000000
vt 0.706783 0.888889
vt 0.688478 1.000000
vt 0.706783 0.833333
vt 0.694580 1.000000
vt 0.706783 0.777778
vt 0.711923 0.722222
vt 0.711923 0.777778
vt 0.717063 0.777778
vt 0.717063 0.722222
vt 0.711923 0.833333
vt 0.717063 0.833333
vt 0.711923 0.888889
vt 0.717063 0.888889
vt 0.711923 0.944444
vt 0.717063 0.944444
vt 0.722203 0.777778
vt 0.722203 0.722222
vt 0.722203 0.833333
vt 0.722203 0.888889
vt 0.722203 0.944444
vt 0.727343 0.777778
vt 0.727343 0.722222
vt 0.727343 0.833333
vt 0.727343 0.888889
vt 0.727343 0.944444
vt 0.732483 0.777778
vt 0.732483 0.722222
vt 0.732483 0.833333
vt 0.732483 0.888889
vt 0.732483 0.944444
vt 0.711923 1.000000
vt 0.737623 1.000000
vt 0.737623 0.944444
vt 0.732483 1.000000
vt 0.737623 0.722222
vt 0.717063 1.000000
vt 0.737623 0.888889
vt 0.722203 1.000000
vt 0.737623 0.833333
vt 0.727343 1.000000
vt 0.737623 0.777778
vt 0.740922 0.722222
vt 0.740922 0.777778
vt 0.744222 0.777778
vt 0.744222 0.722222
vt 0.740922 0.833333
vt 0.744222 0.833333
vt 0.740922 0.888889
vt 0.744222 0.888889
vt 0.740922 0.944444
vt 0.744222 0.944444
vt 0.747521 0.777778
vt 0.747521 0.722222
vt 0.747521 0.833333
vt 0.747521 0.888889
vt 0.747521 0.944444
vt 0.750820 0.777778
vt 0.750820 0.722222
vt 0.750820 0.833333
vt 0.750820 0.888889
vt 0.750820 0.944444
vt 0.754119 0.777778
vt 0.754119 0.722222
vt 0.754119 0.833333
vt 0.754119 0.888889
vt 0.754119 0.944444
vt 0.740922 1.000000
vt 0.757419 1.000000
vt 0.757419 0.944444
vt 0.754119 1.000000
vt 0.757419 0.722222
vt 0.744222 1.000000
vt 0.757419 0.888889
vt 0.747521 1.000000
vt 0.757419 0.833333
vt 0.750820 1.000000
vt 0.757419 0.777778
vt 0.763231 0.722222
vt 0.763231 0.777778
vt 0.769044 0.777778
vt 0.769044 0.722222
vt 0.763231 0.833333
vt 0.769044 0.833333
vt 0.763231 0.888889
vt 0.769044 0.888889
vt 0.763231 0.944444
vt 0.769044 0.944444
vt 0.774856 0.777778
vt 0.774856 0.722222
vt 0.774856 0.833333
vt 0.774856 0.888889
vt 0.774856 0.944444
vt 0.780669 0.777778
vt 0.780669 0.722222
vt 0.780669 0.833333
vt 0.780669 0.888889
vt 0.780669 0.944444
vt 0.786482 0.777778
vt 0.786482 0.722222
vt 0.786482 0.833333
vt 0.786482 0.888889
vt 0.786482 0.944444
vt 0.763231 1.000000
vt 0.792294 1.000000
vt 0.792294 0.944444
vt 0.786482 1.000000
vt 0.792294 0.722222
vt 0.769044 1.000000
vt 0.792294 0.888889
vt 0.774856 1.000000
vt 0.792294 0.833333
vt 0.780669 1.000000
vt 0.792294 0.777778
vt 0.826912 0.722222
vt 0.826912 0.777778
vt 0.861529 0.777778
vt 0.861529 0.722222
vt 0.826912 0.833333
vt 0.861529 0.833333
vt 0.826912 0.888889
vt 0.861529 0.888889
vt 0.826912 0.944444
vt 0.861529 0.944444
vt 0.896147 0.777778
vt 0.896147 0.722222
vt 0.896147 0.833333
vt 0.896147 0.888889
vt 0.896147 0.944444
vt 0.930765 0.777778
vt 0.930765 0.722222
vt 0.930765 0.833333
vt 0.930765 0.888889
vt 0.930765 0.944444
vt 0.965382 0.777778
vt 0.965382 0.722222
vt 0.965382 0.833333
vt 0.965382 0.888889
vt 0.965382 0.944444
vt 0.826912 1.000000
vt 1.000000 1.000000
vt 1.000000 0.944444
vt 0.965382 1.000000
vt 1.000000 0.722222
vt 0.861529 1.000000
vt 1.000000 0.888889
vt 0.896147 1.000000
vt 1.000000 0.833333
vt 0.930765 1.000000
vt 1.000000 0.777778
vn -0.5408 -0.7941 -0.2775
vn -0.5408 -0.3366 -0.7709
vn -0.5408 -0.0869 -0.8367
vn -0.5408 0.0027 -0.8412
vn -0.5408 0.0637 -0.8388
vn -0.5408 0.1639 -0.8251
vn -0.5408 0.3675 -0.7566
vn -0.5407 0.5315 -0.6520
vn -0.5407 0.5244 -0.6577
vn -0.5408 0.5315 -0.6520
vn -0.5408 0.5244 -0.6577
vn -0.5408 0.8338 0.1112
vn -0.3537 -0.1703 -0.9197
vn -0.5408 0.6221 -0.5662
vn -0.5408 0.7353 -0.4085
vn -0.5408 0.7266 0.4238
vn -0.5408 0.3865 0.7472
vn -0.5408 0.0150 0.8410
vn -0.5508 0.8319 -0.0671
vn -0.5408 0.8173 -0.1988
vn -0.5408 0.8248 0.1650
vn -0.5408 0.2922 0.7888
vn -0.5408 0.4000 0.7400
vn -0.5408 0.4828 0.6888
vn -0.5408 0.5948 0.5948
vn -0.5408 0.7569 0.3670
vn -0.5408 0.8306 -0.1329
vn -0.5408 0.6491 0.5351
vn -0.5408 -0.0257 0.8408
vn -0.5408 -0.6294 0.5581
vn -0.3933 -0.8975 -0.1995
vn -0.2526 0.5568 0.7913
vn -0.5408 -0.4173 0.7303
vn -0.5408 -0.8361 -0.0921
vn -0.5408 -0.8361 -0.0920
vn -0.5408 0.5184 -0.6624
vn -0.6628 0.3908 -0.6388
vn -0.7543 -0.3786 -0.5364
vn -0.5934 0.4447 0.6709
vn -0.5284 -0.8478 -0.0462
vn -0.4503 -0.8771 0.1671
vn -0.4832 -0.8171 0.3143
vn -0.5408 0.4658 0.7004
vn -0.5408 0.2995 0.7861
vn -0.5408 -0.8080 0.2339
vn -0.5408 -0.7853 0.3015
vn -0.5408 -0.8409 0.0213
vn 0.0000 -0.9440 -0.3299
vn 0.0000 -0.4001 -0.9165
vn 0.0000 -0.1033 -0.9946
vn 0.0000 0.0032 -1.0000
vn 0.0000 0.0757 -0.9971
vn 0.0000 0.1949 -0.9808
vn 0.0000 0.4369 -0.8995
vn 0.0000 0.6318 -0.7751
vn -0.0000 0.6234 -0.7819
vn 0.0000 0.6319 -0.7751
vn 0.0000 0.9912 0.1321
vn 0.0000 0.9912 0.1322
vn 0.0000 0.7395 -0.6731
vn 0.0000 0.8742 -0.4856
vn 0.0000 0.8638 0.5039
vn 0.0000 0.4594 0.8882
vn 0.0000 0.0179 0.9998
vn -0.0000 0.9717 -0.2364
vn 0.0000 0.9717 -0.2363
vn 0.0000 0.9806 0.1961
vn 0.0000 0.3473 0.9377
vn 0.0000 0.4755 0.8797
vn 0.0000 0.5740 0.8189
vn 0.0000 0.7071 0.7071
vn 0.0000 0.8998 0.4363
vn 0.0000 0.9874 -0.1580
vn 0.0000 0.7716 0.6361
vn 0.0000 -0.0306 0.9995
vn 0.0000 -0.7482 0.6635
vn 0.0000 -0.4961 0.8682
vn 0.0000 -0.9940 -0.1094
vn 0.0000 0.6163 -0.7875
vn 0.0000 0.5537 0.8327
vn 0.0000 0.3560 0.9345
vn 0.0000 -0.9606 0.2781
vn 0.0000 -0.9336 0.3584
vn 0.0000 -0.9997 0.0253
vn 0.5408 -0.7941 -0.2775
vn 0.5408 -0.3366 -0.7709
vn 0.5408 -0.0869 -0.8367
vn 0.5408 0.0027 -0.8412
vn 0.5408 0.0637 -0.8388
vn 0.5408 0.1639 -0.8251
vn 0.5408 0.3675 -0.7566
vn 0.5407 0.5315 -0.6520
vn 0.5407 0.5244 -0.6577
vn 0.5408 0.5315 -0.6520
vn 0.5408 0.5244 -0.6577
vn 0.5408 0.8338 0.1112
vn 0.5407 0.8338 0.1112
vn 0.3537 -0.1703 -0.9197
vn 0.5408 0.6221 -0.5662
vn 0.5408 0.7353 -0.4085
vn 0.5408 0.7266 0.4238
vn 0.5408 0.3865 0.7472
vn 0.5408 0.0150 0.8410
vn 0.5508 0.8319 -0.0671
vn 0.5408 0.8173 -0.1988
vn 0.5408 0.8248 0.1650
vn 0.5408 0.2922 0.7888
vn 0.5408 0.4000 0.7400
vn 0.5408 0.4828 0.6888
vn 0.5408 0.5948 0.5948
vn 0.5408 0.7569 0.3670
vn 0.5408 0.8306 -0.1329
vn 0.5408 0.6491 0.5351
vn 0.5408 -0.0257 0.8408
vn 0.5408 -0.6294 0.5581
vn 0.3933 -0.8975 -0.1995
vn 0.2526 0.5568 0.7913
vn 0.5408 -0.4173 0.7303
vn 0.5408 -0.8361 -0.0921
vn 0.5408 -0.8361 -0.0920
vn 0.6628 0.3908 -0.6388
vn 0.5408 0.5184 -0.6624
vn 0.7543 -0.3786 -0.5364
vn 0.5934 0.4447 0.6709
vn 0.5284 -0.8478 -0.0462
vn 0.4503 -0.8771 0.1671
vn 0.4832 -0.8171 0.3143
vn 0.5408 0.4658 0.7004
vn 0.5408 0.2995 0.7861
vn 0.5408 -0.8080 0.2339
vn 0.5408 -0.7853 0.3015
vn 0.5408 -0.8409 0.0213
vn 1.0000 -0.0000 0.0000
vn -1.0000 0.0000 0.0000
vn 0.0000 -1.0000 -0.0000
vn 0.3525 0.0000 0.9358
vn 0.6527 0.0000 0.7576
vn 0.8660 0.0000 0.5000
vn 0.9825 0.0000 0.1865
vn 0.9867 0.0000 -0.1627
vn -0.0000 0.0000 1.0000
vn 0.8660 0.0000 -0.5000
vn 0.1030 0.9591 0.2636
vn 0.2002 0.9532 0.2264
vn 0.1617 0.9686 0.1891
vn 0.0907 0.9656 0.2437
vn 0.2697 0.9503 0.1557
vn 0.2115 0.9697 0.1221
vn 0.2961 0.9532 0.0602
vn 0.2446 0.9686 0.0455
vn 0.2798 0.9591 -0.0426
vn 0.2564 0.9656 -0.0433
vn 0.1522 0.9720 0.1788
vn 0.0875 0.9673 0.2381
vn 0.1965 0.9739 0.1135
vn 0.2310 0.9720 0.0424
vn 0.2499 0.9673 -0.0433
vn 0.1602 0.9691 0.1874
vn 0.0899 0.9658 0.2432
vn 0.2088 0.9705 0.1206
vn 0.2424 0.9691 0.0451
vn 0.2556 0.9658 -0.0437
vn 0.1906 0.9562 0.2223
vn 0.0974 0.9606 0.2605
vn 0.2616 0.9533 0.1510
vn 0.2878 0.9562 0.0539
vn 0.2743 0.9606 -0.0459
vn -0.0000 0.9608 0.2774
vn 0.1007 0.9559 0.2757
vn -0.0000 0.9618 0.2737
vn 0.2370 0.9618 -0.1368
vn 0.2891 0.9559 -0.0507
vn 0.2402 0.9608 -0.1387
vn 0.2401 0.9608 -0.1386
vn 0.2944 0.9548 -0.0398
vn 0.2360 0.9622 -0.1363
vn -0.0000 0.9622 0.2725
vn 0.1127 0.9548 0.2749
vn -0.0000 0.9608 0.2773
vn 0.2138 0.9434 0.2536
vn 0.2314 0.9636 -0.1336
vn 0.3283 0.9418 0.0718
vn -0.0000 0.9638 0.2665
vn 0.3067 0.9352 0.1771
vn 0.2294 0.9643 -0.1324
vn 0.3069 0.9351 0.1772
vn -0.0000 0.9643 0.2648
vn 0.3266 0.9434 0.0584
vn 0.2308 0.9638 -0.1332
vn 0.2264 0.9418 0.2484
vn -0.0000 0.9636 0.2672
vn 0.2260 -0.7633 0.6053
vn 0.4332 -0.7462 0.5055
vn 0.3880 -0.8025 0.4532
vn 0.2149 -0.7868 0.5786
vn 0.5861 -0.7362 0.3384
vn 0.5088 -0.8092 0.2938
vn 0.6544 -0.7462 0.1224
vn 0.5865 -0.8025 0.1095
vn 0.6372 -0.7633 -0.1069
vn 0.6085 -0.7868 -0.1032
vn 0.3745 -0.8170 0.4385
vn 0.2112 -0.7939 0.5702
vn 0.4875 -0.8265 0.2815
vn 0.5670 -0.8170 0.1051
vn 0.5995 -0.7939 -0.1022
vn 0.3905 -0.8002 0.4552
vn 0.2166 -0.7860 0.5790
vn 0.5126 -0.8061 0.2959
vn 0.5894 -0.8002 0.1106
vn 0.6097 -0.7860 -0.1019
vn 0.4448 -0.7376 0.5081
vn 0.2349 -0.7586 0.6078
vn 0.5943 -0.7274 0.3431
vn 0.6624 -0.7376 0.1312
vn 0.6438 -0.7586 -0.1004
vn 0.0000 -0.7643 0.6448
vn 0.2496 -0.7408 0.6236
vn 0.0000 -0.7701 0.6379
vn 0.5524 -0.7701 -0.3189
vn 0.6649 -0.7408 -0.0956
vn 0.5585 -0.7643 -0.3224
vn 0.5585 -0.7642 -0.3225
vn 0.6581 -0.7442 -0.1148
vn 0.5536 -0.7690 -0.3196
vn 0.0000 -0.7690 0.6393
vn 0.2296 -0.7442 0.6273
vn 0.0000 -0.7642 0.6450
vn 0.4804 -0.6934 0.5371
vn 0.5445 -0.7777 -0.3143
vn 0.7056 -0.6971 0.1271
vn -0.0000 -0.7770 0.6295
vn 0.6429 -0.6701 0.3712
vn 0.5421 -0.7798 -0.3130
vn 0.6427 -0.6703 0.3711
vn 0.0000 -0.7798 0.6260
vn 0.7053 -0.6934 0.1475
vn 0.5452 -0.7770 -0.3148
vn 0.4628 -0.6972 0.5475
vn 0.0000 -0.7777 0.6287
vn 0.3460 -0.1805 0.9207
vn 0.6426 -0.1721 0.7467
vn 0.6388 -0.2050 0.7416
vn 0.3455 -0.1948 0.9180
vn 0.8537 -0.1680 0.4929
vn 0.8468 -0.2096 0.4889
vn 0.9679 -0.1721 0.1831
vn 0.9616 -0.2050 0.1824
vn 0.9704 -0.1805 -0.1607
vn 0.9677 -0.1948 -0.1598
vn 0.6371 -0.2157 0.7400
vn 0.3451 -0.1995 0.9171
vn 0.8442 -0.2230 0.4874
vn 0.9594 -0.2157 0.1818
vn 0.9668 -0.1996 -0.1597
vn 0.6387 -0.2046 0.7417
vn 0.3456 -0.1947 0.9180
vn 0.8469 -0.2090 0.4890
vn 0.9617 -0.2046 0.1823
vn 0.9678 -0.1947 -0.1597
vn 0.6437 -0.1711 0.7459
vn 0.3477 -0.1799 0.9202
vn 0.8539 -0.1670 0.4930
vn 0.9678 -0.1711 0.1845
vn 0.9707 -0.1799 -0.1590
vn 0.0000 -0.1816 0.9834
vn 0.3510 -0.1703 0.9208
vn 0.0000 -0.1846 0.9828
vn 0.8511 -0.1846 -0.4914
vn 0.9729 -0.1703 -0.1565
vn 0.8516 -0.1816 -0.4917
vn 0.9717 -0.1707 -0.1635
vn 0.8512 -0.1845 -0.4914
vn -0.0000 -0.1845 0.9828
vn 0.3442 -0.1707 0.9232
vn 0.6480 -0.1491 0.7469
vn 0.8504 -0.1891 -0.4910
vn 0.9720 -0.1495 0.1814
vn -0.0000 -0.1890 0.9820
vn 0.8576 -0.1393 0.4951
vn 0.8502 -0.1905 -0.4908
vn -0.0000 -0.1905 0.9817
vn 0.9708 -0.1491 0.1877
vn 0.8504 -0.1890 -0.4910
vn 0.6431 -0.1495 0.7510
vn -0.0000 -0.1891 0.9820
vn 0.3234 0.4154 0.8502
vn 0.6010 0.3967 0.6938
vn 0.5780 0.4629 0.6720
vn 0.3151 0.4448 0.8384
vn 0.7982 0.3879 0.4608
vn 0.7641 0.4708 0.4411
vn 0.9014 0.3967 0.1736
vn 0.8710 0.4629 0.1646
vn 0.8980 0.4154 -0.1450
vn 0.8836 0.4448 -0.1463
vn 0.5702 0.4839 0.6639
vn 0.3126 0.4541 0.8343
vn 0.7515 0.4970 0.4339
vn 0.8600 0.4839 0.1619
vn 0.8788 0.4541 -0.1465
vn 0.5773 0.4646 0.6714
vn 0.3144 0.4453 0.8384
vn 0.7629 0.4732 0.4405
vn 0.8701 0.4646 0.1643
vn 0.8832 0.4453 -0.1469
vn 0.5970 0.4012 0.6948
vn 0.3188 0.4181 0.8506
vn 0.7966 0.3924 0.4599
vn 0.9002 0.4012 0.1696
vn 0.8961 0.4181 -0.1493
vn -0.0000 0.4196 0.9077
vn 0.3176 0.3983 0.8605
vn -0.0000 0.4251 0.9051
vn 0.7839 0.4251 -0.4526
vn 0.9040 0.3983 -0.1552
vn 0.7861 0.4196 -0.4539
vn 0.7861 0.4196 -0.4538
vn 0.9072 0.3965 -0.1404
vn 0.7836 0.4258 -0.4524
vn 0.0000 0.4258 0.9048
vn 0.3321 0.3965 0.8559
vn 0.0000 0.4197 0.9077
vn 0.6060 0.3543 0.7122
vn 0.7802 0.4339 -0.4505
vn 0.9178 0.3526 0.1824
vn -0.0000 0.4344 0.9007
vn 0.8168 0.3323 0.4716
vn 0.7789 0.4370 -0.4497
vn 0.8169 0.3322 0.4716
vn -0.0000 0.4371 0.8994
vn 0.9198 0.3543 0.1687
vn 0.7800 0.4344 -0.4504
vn 0.6169 0.3526 0.7037
vn -0.0000 0.4339 0.9009
vn 0.2673 0.6603 0.7018
vn 0.5048 0.6375 0.5820
vn 0.4575 0.7095 0.5360
vn 0.2512 0.6920 0.6768
vn 0.6750 0.6265 0.3897
vn 0.6038 0.7168 0.3486
vn 0.7565 0.6375 0.1462
vn 0.6929 0.7095 0.1282
vn 0.7415 0.6603 -0.1194
vn 0.7117 0.6920 -0.1208
vn 0.4443 0.7299 0.5194
vn 0.2483 0.7015 0.6680
vn 0.5807 0.7419 0.3352
vn 0.6720 0.7299 0.1251
vn 0.7027 0.7015 -0.1190
vn 0.4588 0.7120 0.5316
vn 0.2540 0.6930 0.6747
vn 0.6009 0.7201 0.3469
vn 0.6898 0.7119 0.1315
vn 0.7113 0.6930 -0.1174
vn 0.4993 0.6455 0.5779
vn 0.2643 0.6650 0.6985
vn 0.6693 0.6347 0.3864
vn 0.7501 0.6455 0.1434
vn 0.7371 0.6650 -0.1204
vn -0.0000 0.6661 0.7459
vn 0.2620 0.6430 0.7196
vn -0.0000 0.6717 0.7409
vn 0.6416 0.6717 -0.3704
vn 0.7542 0.6430 -0.1329
vn 0.6460 0.6661 -0.3729
vn 0.6458 0.6663 -0.3728
vn 0.7609 0.6396 -0.1096
vn 0.6404 0.6732 -0.3697
vn -0.0000 0.6732 0.7395
vn 0.2855 0.6396 0.7137
vn -0.0000 0.6663 0.7457
vn 0.5199 0.5912 0.6166
vn 0.6342 0.6810 -0.3662
vn 0.7923 0.5874 0.1651
vn -0.0000 0.6821 0.7313
vn 0.7158 0.5629 0.4133
vn 0.6314 0.6845 -0.3645
vn 0.7161 0.5624 0.4134
vn -0.0000 0.6845 0.7290
vn 0.7939 0.5912 0.1419
vn 0.6333 0.6821 -0.3656
vn 0.5391 0.5874 0.6036
vn -0.0000 0.6810 0.7323
vn 0.3319 0.3553 0.8739
vn 0.6157 0.3388 0.7115
vn 0.5983 0.3985 0.6951
vn 0.3254 0.3818 0.8651
vn 0.8172 0.3310 0.4718
vn 0.7915 0.4058 0.4570
vn 0.9240 0.3388 0.1775
vn 0.9012 0.3985 0.1706
vn 0.9227 0.3553 -0.1495
vn 0.9119 0.3818 -0.1507
vn 0.5923 0.4178 0.6890
vn 0.3234 0.3903 0.8620
vn 0.7819 0.4300 0.4514
vn 0.8928 0.4178 0.1684
vn 0.9082 0.3903 -0.1509
vn 0.5977 0.3999 0.6949
vn 0.3247 0.3822 0.8652
vn 0.7908 0.4078 0.4565
vn 0.9006 0.3999 0.1702
vn 0.9116 0.3822 -0.1514
vn 0.6124 0.3422 0.7127
vn 0.3278 0.3573 0.8746
vn 0.8162 0.3345 0.4712
vn 0.9234 0.3422 0.1740
vn 0.9213 0.3573 -0.1534
vn -0.0000 0.3588 0.9334
vn 0.3264 0.3395 0.8821
vn -0.0000 0.3638 0.9315
vn 0.8067 0.3638 -0.4657
vn 0.9272 0.3395 -0.1584
vn 0.8084 0.3588 -0.4667
vn 0.8083 0.3589 -0.4667
vn 0.9298 0.3382 -0.1455
vn 0.8065 0.3644 -0.4656
vn -0.0000 0.3644 0.9312
vn 0.3389 0.3382 0.8779
vn -0.0000 0.3589 0.9334
vn 0.6187 0.3004 0.7259
vn 0.8039 0.3718 -0.4641
vn 0.9362 0.2992 0.1846
vn -0.0000 0.3722 0.9281
vn 0.8311 0.2811 0.4798
vn 0.8029 0.3747 -0.4636
vn 0.0000 0.3747 0.9272
vn 0.9380 0.3004 0.1728
vn 0.8038 0.3722 -0.4641
vn 0.6279 0.2992 0.7185
vn 0.0000 0.3719 0.9283
vn 0.2641 -0.6559 0.7072
vn 0.5020 -0.6366 0.5855
vn 0.4626 -0.7034 0.5396
vn 0.2546 -0.6841 0.6835
vn 0.6755 -0.6258 0.3900
vn 0.6083 -0.7118 0.3512
vn 0.7580 -0.6366 0.1420
vn 0.6986 -0.7034 0.1308
vn 0.7445 -0.6559 -0.1248
vn 0.7193 -0.6841 -0.1213
vn 0.4501 -0.7216 0.5260
vn 0.2514 -0.6928 0.6759
vn 0.5884 -0.7338 0.3397
vn 0.6806 -0.7216 0.1268
vn 0.7111 -0.6928 -0.1202
vn 0.4647 -0.7009 0.5411
vn 0.2564 -0.6833 0.6837
vn 0.6114 -0.7083 0.3530
vn 0.7009 -0.7009 0.1319
vn 0.7203 -0.6833 -0.1198
vn 0.5113 -0.6283 0.5863
vn 0.2723 -0.6512 0.7084
vn 0.6813 -0.6174 0.3933
vn 0.7634 -0.6283 0.1497
vn 0.7496 -0.6512 -0.1183
vn 0.0000 -0.6572 0.7537
vn 0.2857 -0.6305 0.7216
vn 0.0000 -0.6640 0.7478
vn 0.6476 -0.6640 -0.3739
vn 0.7678 -0.6305 -0.1134
vn 0.6528 -0.6572 -0.3769
vn 0.6528 -0.6571 -0.3769
vn 0.7621 -0.6338 -0.1324
vn 0.6485 -0.6628 -0.3744
vn 0.0000 -0.6628 0.7488
vn 0.2664 -0.6338 0.7262
vn 0.0000 -0.6571 0.7538
vn 0.5416 -0.5783 0.6101
vn 0.6406 -0.6730 -0.3698
vn 0.8004 -0.5817 0.1449
vn 0.0000 -0.6722 0.7403
vn 0.7214 -0.5532 0.4165
vn 0.6385 -0.6756 -0.3686
vn 0.7213 -0.5534 0.4165
vn 0.0000 -0.6756 0.7373
vn 0.7991 -0.5783 0.1640
vn 0.6411 -0.6722 -0.3702
vn 0.5257 -0.5817 0.6207
vn -0.0000 -0.6730 0.7397
vn 0.1003 -0.9576 0.2701
vn 0.1969 -0.9529 0.2305
vn 0.1658 -0.9668 0.1945
vn 0.0928 -0.9632 0.2522
vn 0.2707 -0.9499 0.1563
vn 0.2164 -0.9683 0.1250
vn 0.2981 -0.9529 0.0553
vn 0.2513 -0.9668 0.0463
vn 0.2840 -0.9576 -0.0481
vn 0.2648 -0.9632 -0.0458
vn 0.1578 -0.9699 0.1854
vn 0.0907 -0.9648 0.2468
vn 0.2038 -0.9719 0.1177
vn 0.2395 -0.9699 0.0440
vn 0.2590 -0.9648 -0.0449
vn 0.1679 -0.9662 0.1957
vn 0.0944 -0.9630 0.2524
vn 0.2192 -0.9674 0.1266
vn 0.2535 -0.9662 0.0475
vn 0.2657 -0.9630 -0.0445
vn 0.2075 -0.9498 0.2341
vn 0.1071 -0.9561 0.2729
vn 0.2791 -0.9466 0.1612
vn 0.3065 -0.9498 0.0627
vn 0.2899 -0.9561 -0.0436
vn -0.0000 -0.9578 0.2873
vn 0.1162 -0.9515 0.2848
vn 0.0000 -0.9593 0.2824
vn 0.2446 -0.9593 -0.1412
vn 0.3047 -0.9515 -0.0417
vn 0.2488 -0.9578 -0.1436
vn 0.2489 -0.9578 -0.1437
vn 0.2995 -0.9527 -0.0521
vn 0.2455 -0.9590 -0.1417
vn 0.0000 -0.9590 0.2835
vn 0.1046 -0.9527 0.2854
vn 0.2337 -0.9377 0.2572
vn 0.2392 -0.9611 -0.1381
vn 0.3379 -0.9392 0.0608
vn -0.0000 -0.9609 0.2768
vn 0.3173 -0.9305 0.1832
vn 0.2376 -0.9616 -0.1372
vn 0.3172 -0.9305 0.1831
vn -0.0000 -0.9616 0.2744
vn 0.3396 -0.9377 0.0738
vn 0.2397 -0.9609 -0.1384
vn 0.2216 -0.9392 0.2622
vn 0.0000 -0.9611 0.2762
vn 0.2813 0.6192 0.7331
vn 0.5273 0.5964 0.6053
vn 0.4837 0.6702 0.5630
vn 0.2663 0.6519 0.7100
vn 0.7021 0.5855 0.4054
vn 0.6367 0.6778 0.3676
vn 0.7878 0.5964 0.1540
vn 0.7294 0.6702 0.1374
vn 0.7755 0.6193 -0.1229
vn 0.7481 0.6519 -0.1244
vn 0.4698 0.6916 0.5487
vn 0.2616 0.6617 0.7027
vn 0.6148 0.7043 0.3550
vn 0.7100 0.6916 0.1325
vn 0.7393 0.6617 -0.1247
vn 0.4817 0.6726 0.5617
vn 0.2647 0.6527 0.7099
vn 0.6339 0.6813 0.3660
vn 0.7273 0.6726 0.1364
vn 0.7471 0.6527 -0.1257
vn 0.5187 0.6042 0.6048
vn 0.2736 0.6237 0.7322
vn 0.6970 0.5935 0.4024
vn 0.7832 0.6042 0.1468
vn 0.7709 0.6237 -0.1291
vn -0.0000 0.6250 0.7806
vn 0.2753 0.6013 0.7501
vn -0.0000 0.6309 0.7759
vn 0.6719 0.6309 -0.3879
vn 0.7872 0.6013 -0.1366
vn 0.6760 0.6250 -0.3903
vn 0.6760 0.6251 -0.3903
vn 0.7926 0.5982 -0.1179
vn 0.6711 0.6320 -0.3875
vn 0.0000 0.6320 0.7749
vn 0.2942 0.5982 0.7454
vn -0.0000 0.6251 0.7805
vn 0.5403 0.5490 0.6377
vn 0.6650 0.6405 -0.3840
vn 0.8209 0.5458 0.1677
vn 0.0000 0.6412 0.7673
vn 0.7392 0.5209 0.4268
vn 0.6626 0.6440 -0.3825
vn 0.7393 0.5208 0.4269
vn -0.0000 0.6440 0.7651
vn 0.8224 0.5490 0.1491
vn 0.6645 0.6412 -0.3837
vn 0.5557 0.5458 0.6271
vn -0.0000 0.6405 0.7679
vn 0.0055 0.9999 0.0151
vn 0.0112 0.9999 0.0131
vn 0.0088 0.9999 0.0108
vn 0.0047 0.9999 0.0139
vn 0.0155 0.9998 0.0089
vn 0.0118 0.9999 0.0068
vn 0.0170 0.9999 0.0031
vn 0.0138 0.9999 0.0022
vn 0.0158 0.9999 -0.0028
vn 0.0144 0.9999 -0.0028
vn 0.0085 0.9999 0.0100
vn 0.0049 0.9999 0.0134
vn 0.0110 0.9999 0.0063
vn 0.0129 0.9999 0.0024
vn 0.0140 0.9999 -0.0024
vn 0.0096 0.9999 0.0100
vn 0.0059 0.9999 0.0133
vn 0.0135 0.9999 0.0033
vn 0.0145 0.9999 -0.0015
vn 0.0125 0.9999 0.0117
vn 0.0075 0.9999 0.0140
vn 0.0153 0.9998 0.0088
vn 0.0164 0.9999 0.0050
vn 0.0159 0.9999 -0.0005
vn 0.0000 0.9999 0.0157
vn 0.0055 0.9999 0.0157
vn -0.0000 0.9999 0.0155
vn 0.0134 0.9999 -0.0077
vn 0.0164 0.9999 -0.0031
vn 0.0136 0.9999 -0.0079
vn 0.0175 0.9998 0.0006
vn 0.0131 0.9999 -0.0075
vn -0.0000 0.9999 0.0151
vn 0.0092 0.9998 0.0149
vn -0.0000 0.9999 0.0154
vn 0.0121 0.9998 0.0147
vn 0.0131 0.9999 -0.0076
vn 0.0190 0.9998 0.0065
vn -0.0000 0.9999 0.0148
vn 0.0178 0.9998 0.0103
vn 0.0129 0.9999 -0.0075
vn 0.0182 0.9998 0.0105
vn -0.0000 0.9999 0.0149
vn 0.0188 0.9998 0.0031
vn 0.0129 0.9999 -0.0074
vn 0.0151 0.9998 0.0132
vn 0.6342 0.0000 -0.7732
vn 0.3298 0.0000 -0.9441
vn 0.0000 0.0000 -1.0000
vn -0.3298 0.0000 -0.9441
vn -0.6342 0.0000 -0.7732
vn -0.8660 0.0000 -0.5000
vn 0.1768 0.9591 -0.2210
vn 0.0960 0.9532 -0.2866
vn 0.0829 0.9686 -0.2346
vn 0.1657 0.9656 -0.2004
vn -0.0000 0.9503 -0.3114
vn -0.0000 0.9697 -0.2442
vn -0.0960 0.9532 -0.2866
vn -0.0829 0.9686 -0.2346
vn -0.1768 0.9591 -0.2210
vn -0.1657 0.9656 -0.2004
vn 0.0788 0.9720 -0.2212
vn 0.1625 0.9673 -0.1948
vn -0.0000 0.9739 -0.2269
vn -0.0788 0.9720 -0.2212
vn -0.1625 0.9673 -0.1948
vn 0.0821 0.9691 -0.2325
vn 0.1656 0.9658 -0.1994
vn -0.0000 0.9705 -0.2411
vn -0.0821 0.9691 -0.2325
vn -0.1656 0.9658 -0.1994
vn 0.0972 0.9562 -0.2762
vn 0.1769 0.9606 -0.2146
vn -0.0000 0.9533 -0.3021
vn -0.0972 0.9562 -0.2762
vn -0.1769 0.9606 -0.2146
vn 0.1885 0.9559 -0.2251
vn -0.2370 0.9618 -0.1368
vn -0.1885 0.9559 -0.2251
vn -0.2402 0.9608 -0.1387
vn -0.2401 0.9608 -0.1387
vn -0.1817 0.9548 -0.2351
vn -0.2360 0.9622 -0.1363
vn 0.1817 0.9548 -0.2351
vn 0.1127 0.9434 -0.3120
vn -0.2314 0.9636 -0.1336
vn -0.1020 0.9418 -0.3203
vn 0.0000 0.9352 -0.3542
vn -0.2294 0.9643 -0.1324
vn -0.0000 0.9351 -0.3544
vn -0.1127 0.9434 -0.3120
vn -0.2308 0.9638 -0.1332
vn 0.1020 0.9418 -0.3202
vn 0.4112 -0.7633 -0.4983
vn 0.2212 -0.7462 -0.6279
vn 0.1984 -0.8025 -0.5626
vn 0.3936 -0.7868 -0.4754
vn 0.0000 -0.7362 -0.6768
vn 0.0000 -0.8092 -0.5875
vn -0.2212 -0.7462 -0.6279
vn -0.1984 -0.8025 -0.5626
vn -0.4112 -0.7633 -0.4983
vn -0.3936 -0.7868 -0.4754
vn 0.1925 -0.8170 -0.5436
vn 0.3882 -0.7939 -0.4681
vn 0.0000 -0.8265 -0.5630
vn -0.1925 -0.8170 -0.5436
vn -0.3882 -0.7939 -0.4681
vn 0.1989 -0.8002 -0.5657
vn 0.3931 -0.7860 -0.4771
vn 0.0000 -0.8061 -0.5918
vn -0.1989 -0.8002 -0.5657
vn -0.3931 -0.7860 -0.4771
vn 0.2176 -0.7376 -0.6393
vn 0.4089 -0.7586 -0.5073
vn 0.0000 -0.7274 -0.6863
vn -0.2176 -0.7376 -0.6393
vn -0.4089 -0.7586 -0.5073
vn 0.4153 -0.7408 -0.5280
vn -0.5524 -0.7701 -0.3189
vn -0.4153 -0.7408 -0.5280
vn -0.5585 -0.7643 -0.3224
vn -0.5586 -0.7642 -0.3225
vn -0.4285 -0.7441 -0.5125
vn -0.5536 -0.7690 -0.3196
vn 0.4284 -0.7442 -0.5125
vn 0.2249 -0.6934 -0.6846
vn -0.5445 -0.7777 -0.3143
vn -0.2428 -0.6971 -0.6746
vn -0.0000 -0.6701 -0.7423
vn -0.5421 -0.7798 -0.3130
vn -0.0000 -0.6703 -0.7421
vn -0.2249 -0.6934 -0.6846
vn -0.5452 -0.7770 -0.3148
vn 0.2427 -0.6972 -0.6746
vn 0.6244 -0.1805 -0.7600
vn 0.3253 -0.1721 -0.9298
vn 0.3229 -0.2050 -0.9240
vn 0.6222 -0.1948 -0.7582
vn 0.0000 -0.1680 -0.9858
vn 0.0000 -0.2096 -0.9778
vn -0.3253 -0.1721 -0.9298
vn -0.3229 -0.2050 -0.9240
vn -0.6244 -0.1805 -0.7600
vn -0.6222 -0.1948 -0.7582
vn 0.3223 -0.2157 -0.9218
vn 0.6217 -0.1996 -0.7574
vn 0.0000 -0.2230 -0.9748
vn -0.3223 -0.2157 -0.9218
vn -0.6217 -0.1996 -0.7574
vn 0.3230 -0.2046 -0.9240
vn 0.6222 -0.1947 -0.7583
vn 0.0000 -0.2090 -0.9779
vn -0.3230 -0.2046 -0.9240
vn -0.6222 -0.1947 -0.7583
vn 0.3242 -0.1711 -0.9304
vn 0.6231 -0.1799 -0.7612
vn 0.0000 -0.1670 -0.9860
vn -0.3242 -0.1711 -0.9304
vn -0.6231 -0.1799 -0.7612
vn 0.6219 -0.1703 -0.7643
vn -0.8511 -0.1846 -0.4914
vn -0.6219 -0.1703 -0.7643
vn -0.8516 -0.1816 -0.4917
vn -0.8516 -0.1815 -0.4917
vn -0.6275 -0.1707 -0.7597
vn -0.8512 -0.1845 -0.4914
vn 0.6275 -0.1707 -0.7597
vn 0.3229 -0.1491 -0.9346
vn -0.8504 -0.1891 -0.4910
vn -0.3289 -0.1494 -0.9325
vn -0.0000 -0.1393 -0.9903
vn -0.8502 -0.1905 -0.4908
vn 0.0000 -0.1393 -0.9902
vn -0.3229 -0.1491 -0.9346
vn -0.8504 -0.1890 -0.4910
vn 0.3289 -0.1495 -0.9325
vn 0.5746 0.4154 -0.7052
vn 0.3004 0.3967 -0.8674
vn 0.2930 0.4629 -0.8366
vn 0.5685 0.4448 -0.6921
vn -0.0000 0.3879 -0.9217
vn 0.0000 0.4708 -0.8823
vn -0.3004 0.3967 -0.8674
vn -0.2930 0.4629 -0.8366
vn -0.5746 0.4154 -0.7052
vn -0.5685 0.4448 -0.6921
vn 0.2898 0.4839 -0.8258
vn 0.5663 0.4541 -0.6878
vn 0.0000 0.4969 -0.8678
vn -0.2898 0.4839 -0.8258
vn -0.5663 0.4541 -0.6878
vn 0.2928 0.4646 -0.8357
vn 0.5688 0.4453 -0.6915
vn -0.0000 0.4732 -0.8810
vn -0.2928 0.4646 -0.8357
vn -0.5688 0.4453 -0.6915
vn 0.3032 0.4012 -0.8644
vn 0.5773 0.4181 -0.7014
vn 0.0000 0.3924 -0.9198
vn -0.3032 0.4012 -0.8644
vn -0.5773 0.4181 -0.7014
vn 0.5865 0.3983 -0.7053
vn -0.7839 0.4251 -0.4526
vn -0.5865 0.3983 -0.7053
vn -0.7861 0.4196 -0.4539
vn -0.7861 0.4196 -0.4538
vn -0.5752 0.3965 -0.7155
vn -0.7836 0.4258 -0.4524
vn 0.5752 0.3965 -0.7155
vn 0.3138 0.3543 -0.8809
vn -0.7802 0.4339 -0.4505
vn -0.3010 0.3526 -0.8860
vn 0.0000 0.3323 -0.9432
vn -0.7789 0.4370 -0.4497
vn 0.0000 0.3322 -0.9432
vn -0.3138 0.3543 -0.8809
vn -0.7800 0.4344 -0.4504
vn 0.3010 0.3526 -0.8860
vn 0.4741 0.6603 -0.5824
vn 0.2516 0.6375 -0.7282
vn 0.2354 0.7095 -0.6642
vn 0.4605 0.6920 -0.5560
vn 0.0000 0.6265 -0.7794
vn 0.0000 0.7168 -0.6973
vn -0.2516 0.6375 -0.7282
vn -0.2354 0.7095 -0.6642
vn -0.4741 0.6603 -0.5824
vn -0.4605 0.6920 -0.5560
vn 0.2277 0.7299 -0.6445
vn 0.4544 0.7015 -0.5491
vn -0.0000 0.7419 -0.6705
vn -0.2277 0.7299 -0.6445
vn -0.4544 0.7015 -0.5491
vn 0.2310 0.7119 -0.6631
vn 0.4573 0.6930 -0.5574
vn 0.0000 0.7201 -0.6939
vn -0.2310 0.7119 -0.6631
vn -0.4573 0.6930 -0.5574
vn 0.2508 0.6455 -0.7214
vn 0.4728 0.6650 -0.5781
vn 0.0000 0.6347 -0.7728
vn -0.2508 0.6455 -0.7214
vn -0.4728 0.6650 -0.5781
vn 0.4922 0.6430 -0.5867
vn -0.6416 0.6717 -0.3704
vn -0.4922 0.6430 -0.5867
vn -0.6460 0.6661 -0.3729
vn -0.6458 0.6663 -0.3728
vn -0.4754 0.6396 -0.6041
vn -0.6404 0.6732 -0.3697
vn 0.4754 0.6396 -0.6041
vn 0.2740 0.5912 -0.7585
vn -0.6342 0.6810 -0.3662
vn -0.2531 0.5874 -0.7687
vn -0.0000 0.5629 -0.8265
vn -0.6314 0.6845 -0.3645
vn 0.0000 0.5624 -0.8269
vn -0.2740 0.5912 -0.7585
vn -0.6333 0.6821 -0.3656
vn 0.2531 0.5874 -0.7687
vn 0.5909 0.3553 -0.7243
vn 0.3083 0.3388 -0.8889
vn 0.3029 0.3985 -0.8657
vn 0.5865 0.3818 -0.7143
vn -0.0000 0.3310 -0.9436
vn 0.0000 0.4059 -0.9139
vn -0.3083 0.3388 -0.8889
vn -0.3029 0.3985 -0.8657
vn -0.5909 0.3553 -0.7243
vn -0.5865 0.3818 -0.7143
vn 0.3005 0.4178 -0.8574
vn 0.5848 0.3903 -0.7111
vn 0.0000 0.4300 -0.9028
vn -0.3005 0.4178 -0.8574
vn -0.5848 0.3903 -0.7111
vn 0.3029 0.3999 -0.8651
vn 0.5869 0.3822 -0.7138
vn 0.0000 0.4078 -0.9131
vn -0.3029 0.3999 -0.8651
vn -0.5869 0.3822 -0.7138
vn 0.3110 0.3422 -0.8867
vn 0.5935 0.3573 -0.7212
vn 0.0000 0.3345 -0.9424
vn -0.3110 0.3422 -0.8867
vn -0.5935 0.3573 -0.7212
vn 0.6008 0.3395 -0.7237
vn -0.8067 0.3639 -0.4657
vn -0.6008 0.3395 -0.7237
vn -0.8084 0.3588 -0.4667
vn -0.8083 0.3589 -0.4667
vn -0.5909 0.3382 -0.7325
vn -0.8065 0.3644 -0.4656
vn 0.5909 0.3382 -0.7325
vn 0.3193 0.3004 -0.8988
vn -0.8039 0.3719 -0.4641
vn -0.3082 0.2992 -0.9030
vn -0.0000 0.2811 -0.9597
vn -0.8029 0.3746 -0.4636
vn -0.3193 0.3004 -0.8988
vn -0.8038 0.3722 -0.4641
vn 0.3082 0.2992 -0.9030
vn 0.4804 -0.6558 -0.5823
vn 0.2561 -0.6366 -0.7275
vn 0.2360 -0.7034 -0.6705
vn 0.4647 -0.6841 -0.5623
vn 0.0000 -0.6258 -0.7800
vn 0.0000 -0.7118 -0.7024
vn -0.2561 -0.6366 -0.7275
vn -0.2360 -0.7034 -0.6705
vn -0.4804 -0.6558 -0.5823
vn -0.4647 -0.6841 -0.5623
vn 0.2305 -0.7216 -0.6528
vn 0.4597 -0.6928 -0.5557
vn 0.0000 -0.7338 -0.6794
vn -0.2305 -0.7216 -0.6528
vn -0.4597 -0.6928 -0.5557
vn 0.2362 -0.7009 -0.6730
vn 0.4639 -0.6833 -0.5639
vn 0.0000 -0.7083 -0.7060
vn -0.2362 -0.7009 -0.6730
vn -0.4639 -0.6833 -0.5639
vn 0.2521 -0.6283 -0.7360
vn 0.4773 -0.6512 -0.5900
vn 0.0000 -0.6174 -0.7867
vn -0.2521 -0.6283 -0.7360
vn -0.4773 -0.6512 -0.5900
vn 0.4821 -0.6305 -0.6083
vn -0.6476 -0.6640 -0.3739
vn -0.4821 -0.6305 -0.6083
vn -0.6528 -0.6572 -0.3769
vn -0.6528 -0.6571 -0.3769
vn -0.4957 -0.6338 -0.5938
vn -0.6485 -0.6628 -0.3744
vn 0.4957 -0.6338 -0.5938
vn 0.2575 -0.5783 -0.7741
vn -0.6406 -0.6730 -0.3698
vn -0.2747 -0.5817 -0.7656
vn 0.0000 -0.5532 -0.8330
vn -0.6385 -0.6756 -0.3686
vn -0.0000 -0.5534 -0.8329
vn -0.2575 -0.5783 -0.7741
vn -0.6411 -0.6722 -0.3702
vn 0.2747 -0.5817 -0.7656
vn 0.1837 -0.9576 -0.2219
vn 0.1012 -0.9529 -0.2858
vn 0.0855 -0.9668 -0.2408
vn 0.1720 -0.9632 -0.2064
vn 0.0000 -0.9499 -0.3126
vn 0.0000 -0.9683 -0.2499
vn -0.1012 -0.9529 -0.2857
vn -0.0855 -0.9668 -0.2408
vn -0.1837 -0.9576 -0.2219
vn -0.1720 -0.9632 -0.2064
vn 0.0817 -0.9699 -0.2294
vn 0.1684 -0.9648 -0.2019
vn 0.0000 -0.9719 -0.2353
vn -0.0817 -0.9699 -0.2294
vn -0.1684 -0.9648 -0.2019
vn 0.0856 -0.9662 -0.2433
vn 0.1714 -0.9630 -0.2079
vn 0.0000 -0.9674 -0.2531
vn -0.0856 -0.9662 -0.2433
vn -0.1714 -0.9630 -0.2079
vn 0.0989 -0.9498 -0.2968
vn 0.1827 -0.9561 -0.2292
vn -0.0000 -0.9466 -0.3223
vn -0.0989 -0.9498 -0.2968
vn -0.1827 -0.9561 -0.2292
vn 0.1885 -0.9515 -0.2431
vn -0.2446 -0.9593 -0.1412
vn -0.1885 -0.9515 -0.2430
vn -0.2488 -0.9578 -0.1437
vn -0.1949 -0.9527 -0.2333
vn -0.2455 -0.9590 -0.1417
vn 0.1949 -0.9527 -0.2333
vn 0.1059 -0.9377 -0.3310
vn -0.2392 -0.9611 -0.1381
vn -0.1163 -0.9392 -0.3230
vn 0.0000 -0.9305 -0.3664
vn -0.2376 -0.9616 -0.1372
vn -0.0000 -0.9305 -0.3663
vn -0.1059 -0.9377 -0.3310
vn -0.2397 -0.9609 -0.1384
vn 0.1163 -0.9392 -0.3230
vn 0.4942 0.6192 -0.6102
vn 0.2606 0.5964 -0.7593
vn 0.2457 0.6702 -0.7004
vn 0.4817 0.6519 -0.5856
vn 0.0000 0.5855 -0.8107
vn -0.0000 0.6778 -0.7352
vn -0.2606 0.5964 -0.7593
vn -0.2457 0.6702 -0.7004
vn -0.4942 0.6192 -0.6102
vn -0.4817 0.6519 -0.5856
vn 0.2403 0.6916 -0.6812
vn 0.4777 0.6617 -0.5779
vn -0.0000 0.7043 -0.7099
vn -0.2403 0.6916 -0.6812
vn -0.4777 0.6617 -0.5779
vn 0.2456 0.6726 -0.6980
vn 0.4824 0.6527 -0.5842
vn -0.0000 0.6813 -0.7320
vn -0.2456 0.6726 -0.6980
vn -0.4824 0.6527 -0.5842
vn 0.2644 0.6042 -0.7517
vn 0.4973 0.6237 -0.6031
vn -0.0000 0.5935 -0.8049
vn -0.2644 0.6042 -0.7517
vn -0.4973 0.6237 -0.6031
vn 0.5120 0.6013 -0.6135
vn -0.6719 0.6309 -0.3879
vn -0.5120 0.6013 -0.6135
vn -0.6760 0.6250 -0.3903
vn -0.6760 0.6251 -0.3903
vn -0.4984 0.5982 -0.6275
vn -0.6711 0.6320 -0.3875
vn 0.4984 0.5982 -0.6275
vn 0.2821 0.5490 -0.7868
vn -0.6650 0.6405 -0.3840
vn -0.2652 0.5458 -0.7948
vn 0.0000 0.5209 -0.8536
vn -0.6626 0.6440 -0.3825
vn -0.0000 0.5208 -0.8537
vn -0.2821 0.5490 -0.7868
vn -0.6645 0.6412 -0.3837
vn 0.2652 0.5458 -0.7948
vn 0.0103 0.9999 -0.0123
vn 0.0058 0.9999 -0.0162
vn 0.0050 0.9999 -0.0130
vn 0.0096 0.9999 -0.0111
vn -0.0000 0.9998 -0.0179
vn -0.0000 0.9999 -0.0137
vn -0.0058 0.9999 -0.0162
vn -0.0050 0.9999 -0.0130
vn -0.0103 0.9999 -0.0123
vn -0.0096 0.9999 -0.0110
vn 0.0044 0.9999 -0.0124
vn 0.0091 0.9999 -0.0110
vn -0.0000 0.9999 -0.0127
vn -0.0044 0.9999 -0.0124
vn -0.0091 0.9999 -0.0110
vn 0.0039 0.9999 -0.0133
vn 0.0085 0.9999 -0.0118
vn -0.0000 0.9999 -0.0136
vn -0.0039 0.9999 -0.0133
vn -0.0085 0.9999 -0.0118
vn 0.0039 0.9999 -0.0167
vn 0.0084 0.9999 -0.0135
vn -0.0000 0.9998 -0.0176
vn -0.0039 0.9999 -0.0167
vn -0.0084 0.9999 -0.0135
vn 0.0109 0.9999 -0.0126
vn -0.0134 0.9999 -0.0077
vn -0.0109 0.9999 -0.0126
vn -0.0136 0.9999 -0.0079
vn -0.0083 0.9998 -0.0154
vn -0.0131 0.9999 -0.0075
vn 0.0083 0.9998 -0.0154
vn 0.0067 0.9998 -0.0178
vn -0.0131 0.9999 -0.0076
vn -0.0039 0.9998 -0.0197
vn 0.0000 0.9998 -0.0205
vn -0.0129 0.9999 -0.0075
vn -0.0000 0.9998 -0.0210
vn -0.0067 0.9998 -0.0178
vn -0.0129 0.9999 -0.0074
vn 0.0039 0.9998 -0.0197
vn -0.9867 0.0000 -0.1627
vn -0.9825 0.0000 0.1865
vn -0.8660 0.0000 0.5000
vn -0.6527 0.0000 0.7576
vn -0.3525 -0.0000 0.9358
vn -0.2798 0.9591 -0.0426
vn -0.2961 0.9532 0.0602
vn -0.2446 0.9686 0.0455
vn -0.2564 0.9656 -0.0433
vn -0.2697 0.9503 0.1557
vn -0.2115 0.9697 0.1221
vn -0.2002 0.9532 0.2264
vn -0.1617 0.9686 0.1891
vn -0.1030 0.9591 0.2636
vn -0.0907 0.9656 0.2437
vn -0.2310 0.9720 0.0424
vn -0.2499 0.9673 -0.0433
vn -0.1965 0.9739 0.1135
vn -0.1522 0.9720 0.1788
vn -0.0875 0.9673 0.2381
vn -0.2424 0.9691 0.0451
vn -0.2555 0.9658 -0.0437
vn -0.2088 0.9705 0.1206
vn -0.1602 0.9691 0.1874
vn -0.0899 0.9658 0.2432
vn -0.2878 0.9562 0.0539
vn -0.2743 0.9606 -0.0459
vn -0.2616 0.9533 0.1510
vn -0.1906 0.9562 0.2223
vn -0.0974 0.9606 0.2605
vn -0.2891 0.9559 -0.0507
vn -0.1007 0.9559 0.2757
vn -0.1127 0.9548 0.2749
vn -0.2944 0.9548 -0.0398
vn -0.3266 0.9434 0.0584
vn -0.2264 0.9418 0.2484
vn -0.3067 0.9352 0.1771
vn -0.3069 0.9351 0.1772
vn -0.2138 0.9434 0.2536
vn -0.3283 0.9418 0.0718
vn -0.6372 -0.7633 -0.1069
vn -0.6544 -0.7462 0.1224
vn -0.5865 -0.8025 0.1095
vn -0.6085 -0.7868 -0.1032
vn -0.5861 -0.7362 0.3384
vn -0.5088 -0.8092 0.2938
vn -0.4332 -0.7462 0.5055
vn -0.3880 -0.8025 0.4532
vn -0.2260 -0.7633 0.6053
vn -0.2149 -0.7868 0.5786
vn -0.5670 -0.8170 0.1051
vn -0.5995 -0.7939 -0.1022
vn -0.4875 -0.8265 0.2815
vn -0.3745 -0.8170 0.4385
vn -0.2112 -0.7939 0.5702
vn -0.5894 -0.8002 0.1106
vn -0.6097 -0.7860 -0.1019
vn -0.5126 -0.8061 0.2959
vn -0.3905 -0.8002 0.4552
vn -0.2166 -0.7860 0.5790
vn -0.6624 -0.7376 0.1312
vn -0.6438 -0.7586 -0.1004
vn -0.5943 -0.7274 0.3431
vn -0.4448 -0.7376 0.5081
vn -0.2349 -0.7586 0.6078
vn -0.6649 -0.7408 -0.0956
vn -0.2496 -0.7408 0.6236
vn -0.2296 -0.7442 0.6273
vn -0.6581 -0.7442 -0.1148
vn -0.7053 -0.6934 0.1475
vn -0.4628 -0.6971 0.5475
vn -0.6429 -0.6701 0.3712
vn -0.6427 -0.6703 0.3711
vn -0.4804 -0.6934 0.5371
vn -0.7056 -0.6972 0.1271
vn -0.9704 -0.1805 -0.1607
vn -0.9679 -0.1721 0.1831
vn -0.9616 -0.2050 0.1824
vn -0.9677 -0.1948 -0.1598
vn -0.8537 -0.1680 0.4929
vn -0.8468 -0.2096 0.4889
vn -0.6426 -0.1721 0.7467
vn -0.6388 -0.2050 0.7416
vn -0.3460 -0.1805 0.9207
vn -0.3455 -0.1948 0.9180
vn -0.9594 -0.2157 0.1818
vn -0.9668 -0.1995 -0.1597
vn -0.8442 -0.2230 0.4874
vn -0.6371 -0.2157 0.7400
vn -0.3451 -0.1995 0.9171
vn -0.9617 -0.2046 0.1823
vn -0.9678 -0.1947 -0.1597
vn -0.8469 -0.2090 0.4890
vn -0.6387 -0.2046 0.7417
vn -0.3456 -0.1947 0.9180
vn -0.9678 -0.1711 0.1845
vn -0.9707 -0.1799 -0.1590
vn -0.8539 -0.1670 0.4930
vn -0.6437 -0.1711 0.7459
vn -0.3477 -0.1799 0.9202
vn -0.9729 -0.1703 -0.1565
vn -0.3510 -0.1703 0.9208
vn -0.3442 -0.1707 0.9232
vn -0.9717 -0.1707 -0.1635
vn -0.9708 -0.1491 0.1877
vn -0.6431 -0.1495 0.7510
vn -0.8576 -0.1393 0.4951
vn -0.6480 -0.1491 0.7469
vn -0.9720 -0.1495 0.1814
vn -0.8980 0.4154 -0.1450
vn -0.9014 0.3967 0.1736
vn -0.8710 0.4629 0.1646
vn -0.8836 0.4448 -0.1463
vn -0.7982 0.3879 0.4608
vn -0.7641 0.4708 0.4411
vn -0.6010 0.3967 0.6938
vn -0.5780 0.4629 0.6720
vn -0.3234 0.4154 0.8502
vn -0.3151 0.4448 0.8384
vn -0.8600 0.4839 0.1619
vn -0.8788 0.4541 -0.1465
vn -0.7515 0.4970 0.4339
vn -0.5702 0.4839 0.6639
vn -0.3126 0.4541 0.8343
vn -0.8701 0.4646 0.1643
vn -0.8832 0.4453 -0.1469
vn -0.7629 0.4732 0.4405
vn -0.5773 0.4646 0.6714
vn -0.3144 0.4453 0.8384
vn -0.9002 0.4012 0.1696
vn -0.8961 0.4181 -0.1493
vn -0.7966 0.3924 0.4599
vn -0.5970 0.4012 0.6948
vn -0.3188 0.4181 0.8506
vn -0.9040 0.3983 -0.1552
vn -0.3176 0.3983 0.8605
vn -0.3321 0.3965 0.8559
vn -0.9072 0.3965 -0.1404
vn -0.9198 0.3543 0.1687
vn -0.6169 0.3526 0.7037
vn -0.8168 0.3323 0.4716
vn -0.8169 0.3322 0.4716
vn -0.6060 0.3543 0.7122
vn -0.9178 0.3526 0.1824
vn -0.7415 0.6603 -0.1194
vn -0.7565 0.6375 0.1462
vn -0.6929 0.7095 0.1282
vn -0.7117 0.6920 -0.1208
vn -0.6750 0.6265 0.3897
vn -0.6038 0.7168 0.3486
vn -0.5048 0.6375 0.5820
vn -0.4575 0.7095 0.5360
vn -0.2673 0.6603 0.7018
vn -0.2512 0.6920 0.6768
vn -0.6720 0.7299 0.1251
vn -0.7027 0.7015 -0.1190
vn -0.5807 0.7419 0.3352
vn -0.4443 0.7299 0.5194
vn -0.2483 0.7015 0.6680
vn -0.6898 0.7120 0.1315
vn -0.7113 0.6930 -0.1174
vn -0.6009 0.7201 0.3469
vn -0.4588 0.7119 0.5316
vn -0.2540 0.6930 0.6747
vn -0.7501 0.6455 0.1434
vn -0.7371 0.6650 -0.1204
vn -0.6693 0.6347 0.3864
vn -0.4993 0.6455 0.5779
vn -0.2643 0.6650 0.6985
vn -0.7542 0.6430 -0.1329
vn -0.2620 0.6430 0.7196
vn -0.2855 0.6396 0.7137
vn -0.7609 0.6396 -0.1096
vn -0.7939 0.5912 0.1419
vn -0.5391 0.5874 0.6036
vn -0.7158 0.5629 0.4133
vn -0.7161 0.5624 0.4134
vn -0.5199 0.5912 0.6166
vn -0.7923 0.5874 0.1651
vn -0.9227 0.3553 -0.1495
vn -0.9240 0.3388 0.1775
vn -0.9012 0.3985 0.1706
vn -0.9119 0.3818 -0.1507
vn -0.8172 0.3310 0.4718
vn -0.7915 0.4058 0.4570
vn -0.6157 0.3388 0.7115
vn -0.5983 0.3985 0.6951
vn -0.3319 0.3553 0.8739
vn -0.3254 0.3818 0.8651
vn -0.8928 0.4178 0.1684
vn -0.9082 0.3903 -0.1509
vn -0.7819 0.4300 0.4514
vn -0.5923 0.4178 0.6890
vn -0.3234 0.3903 0.8620
vn -0.9006 0.3999 0.1702
vn -0.9116 0.3822 -0.1514
vn -0.7908 0.4078 0.4565
vn -0.5977 0.3999 0.6949
vn -0.3247 0.3822 0.8652
vn -0.9234 0.3422 0.1740
vn -0.9213 0.3573 -0.1534
vn -0.8162 0.3345 0.4712
vn -0.6124 0.3422 0.7127
vn -0.3278 0.3573 0.8746
vn -0.9272 0.3395 -0.1584
vn -0.3264 0.3395 0.8821
vn -0.3389 0.3382 0.8779
vn -0.9298 0.3382 -0.1455
vn -0.9380 0.3004 0.1728
vn -0.6279 0.2992 0.7185
vn -0.8311 0.2811 0.4798
vn -0.6187 0.3004 0.7259
vn -0.9362 0.2992 0.1846
vn -0.7445 -0.6558 -0.1248
vn -0.7581 -0.6366 0.1420
vn -0.6986 -0.7034 0.1308
vn -0.7193 -0.6841 -0.1213
vn -0.6755 -0.6258 0.3900
vn -0.6083 -0.7118 0.3512
vn -0.5020 -0.6366 0.5855
vn -0.4626 -0.7034 0.5396
vn -0.2641 -0.6558 0.7072
vn -0.2546 -0.6841 0.6835
vn -0.6806 -0.7216 0.1268
vn -0.7111 -0.6928 -0.1202
vn -0.5884 -0.7338 0.3397
vn -0.4501 -0.7216 0.5260
vn -0.2514 -0.6928 0.6759
vn -0.7009 -0.7009 0.1319
vn -0.7203 -0.6833 -0.1198
vn -0.6114 -0.7083 0.3530
vn -0.4647 -0.7009 0.5411
vn -0.2563 -0.6833 0.6837
vn -0.7634 -0.6283 0.1497
vn -0.7496 -0.6512 -0.1183
vn -0.6813 -0.6174 0.3933
vn -0.5113 -0.6283 0.5863
vn -0.2723 -0.6512 0.7084
vn -0.7678 -0.6305 -0.1134
vn -0.2857 -0.6305 0.7217
vn -0.2664 -0.6338 0.7262
vn -0.7621 -0.6338 -0.1324
vn -0.7991 -0.5783 0.1640
vn -0.5257 -0.5817 0.6207
vn -0.7214 -0.5532 0.4165
vn -0.7213 -0.5534 0.4165
vn -0.5416 -0.5783 0.6101
vn -0.8004 -0.5817 0.1449
vn -0.2841 -0.9576 -0.0481
vn -0.2981 -0.9529 0.0553
vn -0.2513 -0.9668 0.0463
vn -0.2648 -0.9632 -0.0458
vn -0.2707 -0.9499 0.1563
vn -0.2164 -0.9683 0.1250
vn -0.1969 -0.9529 0.2305
vn -0.1658 -0.9668 0.1945
vn -0.1003 -0.9576 0.2701
vn -0.0927 -0.9632 0.2522
vn -0.2395 -0.9699 0.0440
vn -0.2590 -0.9648 -0.0449
vn -0.2038 -0.9719 0.1177
vn -0.1578 -0.9699 0.1854
vn -0.0907 -0.9648 0.2468
vn -0.2535 -0.9662 0.0475
vn -0.2657 -0.9630 -0.0445
vn -0.2192 -0.9674 0.1266
vn -0.1679 -0.9662 0.1957
vn -0.0944 -0.9630 0.2524
vn -0.3065 -0.9498 0.0627
vn -0.2899 -0.9561 -0.0436
vn -0.2791 -0.9466 0.1612
vn -0.2076 -0.9498 0.2341
vn -0.1071 -0.9561 0.2728
vn -0.3048 -0.9515 -0.0417
vn -0.1162 -0.9515 0.2848
vn -0.1046 -0.9527 0.2854
vn -0.2995 -0.9527 -0.0521
vn -0.3396 -0.9377 0.0738
vn -0.2216 -0.9392 0.2622
vn -0.3173 -0.9305 0.1832
vn -0.3172 -0.9305 0.1831
vn -0.2337 -0.9377 0.2572
vn -0.3379 -0.9392 0.0608
vn -0.7755 0.6192 -0.1229
vn -0.7878 0.5964 0.1540
vn -0.7294 0.6702 0.1374
vn -0.7481 0.6519 -0.1244
vn -0.7021 0.5855 0.4053
vn -0.6367 0.6778 0.3676
vn -0.5273 0.5964 0.6053
vn -0.4837 0.6702 0.5630
vn -0.2813 0.6192 0.7331
vn -0.2663 0.6519 0.7100
vn -0.7100 0.6916 0.1325
vn -0.7393 0.6617 -0.1247
vn -0.6148 0.7043 0.3550
vn -0.4698 0.6916 0.5487
vn -0.2616 0.6617 0.7027
vn -0.7273 0.6726 0.1364
vn -0.7471 0.6527 -0.1257
vn -0.6339 0.6813 0.3660
vn -0.4817 0.6726 0.5617
vn -0.2647 0.6527 0.7099
vn -0.7832 0.6042 0.1468
vn -0.7709 0.6237 -0.1291
vn -0.6970 0.5935 0.4024
vn -0.5187 0.6042 0.6048
vn -0.2736 0.6237 0.7322
vn -0.7873 0.6013 -0.1366
vn -0.2753 0.6013 0.7501
vn -0.2942 0.5982 0.7454
vn -0.7926 0.5982 -0.1179
vn -0.8224 0.5490 0.1491
vn -0.5557 0.5458 0.6271
vn -0.7392 0.5209 0.4268
vn -0.7393 0.5208 0.4269
vn -0.5403 0.5490 0.6377
vn -0.8209 0.5458 0.1677
vn -0.0158 0.9999 -0.0028
vn -0.0170 0.9999 0.0031
vn -0.0138 0.9999 0.0022
vn -0.0144 0.9999 -0.0028
vn -0.0155 0.9998 0.0089
vn -0.0118 0.9999 0.0068
vn -0.0112 0.9999 0.0131
vn -0.0088 0.9999 0.0108
vn -0.0055 0.9999 0.0151
vn -0.0047 0.9999 0.0139
vn -0.0129 0.9999 0.0024
vn -0.0140 0.9999 -0.0024
vn -0.0110 0.9999 0.0063
vn -0.0085 0.9999 0.0100
vn -0.0049 0.9999 0.0134
vn -0.0135 0.9999 0.0033
vn -0.0145 0.9999 -0.0015
vn -0.0096 0.9999 0.0100
vn -0.0059 0.9999 0.0133
vn -0.0164 0.9999 0.0050
vn -0.0159 0.9999 -0.0005
vn -0.0153 0.9998 0.0088
vn -0.0125 0.9999 0.0117
vn -0.0075 0.9999 0.0140
vn -0.0164 0.9999 -0.0031
vn -0.0055 0.9999 0.0157
vn -0.0092 0.9998 0.0149
vn -0.0175 0.9998 0.0006
vn -0.0188 0.9998 0.0031
vn -0.0151 0.9998 0.0132
vn -0.0178 0.9998 0.0103
vn -0.0182 0.9998 0.0105
vn -0.0121 0.9998 0.0147
vn -0.0190 0.9998 0.0065
usemtl cristal_2
s 1
f 2/1/1 45/2/1 44/3/1
f 44/3/1 1/4/1 2/1/1
f 3/5/2 46/6/2 45/2/2
f 45/2/2 2/1/2 3/5/2
f 4/7/3 47/8/3 46/6/3
f 46/6/3 3/5/3 4/7/3
f 5/9/4 48/10/4 47/8/4
f 47/8/4 4/7/4 5/9/4
f 6/11/5 49/12/5 48/10/5
f 48/10/5 5/9/5 6/11/5
f 7/13/6 50/14/6 49/12/6
f 49/12/6 6/11/6 7/13/6
f 8/15/7 51/16/7 50/14/7
f 50/14/7 7/13/7 8/15/7
f 9/17/8 52/18/9 51/16/10
f 51/16/10 8/15/10 9/17/8
f 10/19/11 53/20/11 52/18/9
f 52/18/9 9/17/8 10/19/11
f 11/21/12 54/22/12 53/20/12
f 53/20/12 10/19/12 11/21/12
f 11/21/13 12/23/13 54/22/13
f 13/24/14 55/25/14 54/22/14
f 54/22/14 12/23/14 13/24/14
f 14/26/15 56/27/15 55/25/15
f 55/25/15 13/24/15 14/26/15
f 15/28/16 57/29/16 56/27/16
f 56/27/16 14/26/16 15/28/16
f 16/30/17 58/31/17 57/29/17
f 57/29/17 15/28/17 16/30/17
f 17/32/18 59/33/18 58/31/18
f 58/31/18 16/30/18 17/32/18
f 17/32/19 18/34/19 59/33/19
f 19/35/20 60/36/20 59/33/20
f 59/33/20 18/34/20 19/35/20
f 20/37/21 61/38/21 60/36/21
f 60/36/21 19/35/21 20/37/21
f 21/39/22 62/40/22 61/38/22
f 61/38/22 20/37/22 21/39/22
f 22/41/23 63/42/23 62/40/23
f 62/40/23 21/39/23 22/41/23
f 23/43/24 64/44/24 63/42/24
f 63/42/24 22/41/24 23/43/24
f 24/45/25 65/46/25 64/44/25
f 64/44/25 23/43/25 24/45/25
f 25/47/26 66/48/26 65/46/26
f 65/46/26 24/45/26 25/47/26
f 26/49/27 67/50/27 66/48/27
f 66/48/27 25/47/27 26/49/27
f 27/51/28 68/52/28 67/50/28
f 67/50/28 26/49/28 27/51/28
f 28/53/29 69/54/29 68/52/29
f 68/52/29 27/51/29 28/53/29
f 29/55/30 70/56/30 69/54/30
f 69/54/30 28/53/30 29/55/30
f 29/55/31 30/57/31 70/56/31
f 30/57/32 31/58/32 70/56/32
f 32/59/33 71/60/33 70/56/33
f 70/56/33 31/58/33 32/59/33
f 33/61/34 72/62/35 71/60/34
f 71/60/34 32/59/34 33/61/34
f 34/63/36 73/64/37 72/62/36
f 72/62/36 33/61/36 34/63/36
f 34/63/38 35/65/38 73/64/39
f 35/65/40 36/66/40 73/64/40
f 36/66/41 37/67/41 73/64/41
f 37/67/42 38/68/42 73/64/37
f 39/69/43 74/70/43 73/64/39
f 73/64/39 38/68/43 39/69/43
f 40/71/44 75/72/44 74/70/44
f 74/70/44 39/69/44 40/71/44
f 41/73/33 76/74/33 75/72/33
f 75/72/33 40/71/33 41/73/33
f 42/75/45 77/76/45 76/74/45
f 76/74/45 41/73/45 42/75/45
f 43/77/46 78/78/46 77/76/46
f 77/76/46 42/75/46 43/77/46
f 1/4/47 44/3/47 78/78/47
f 78/78/47 43/77/47 1/4/47
f 45/2/48 80/79/48 79/80/48
f 79/80/48 44/3/48 45/2/48
f 46/6/49 81/81/49 80/79/49
f 80/79/49 45/2/49 46/6/49
f 47/8/50 82/82/50 81/81/50
f 81/81/50 46/6/50 47/8/50
f 48/10/51 83/83/51 82/82/51
f 82/82/51 47/8/51 48/10/51
f 49/12/52 84/84/52 83/83/52
f 83/83/52 48/10/52 49/12/52
f 50/14/53 85/85/53 84/84/53
f 84/84/53 49/12/53 50/14/53
f 51/16/54 86/86/54 85/85/54
f 85/85/54 50/14/54 51/16/54
f 52/18/55 87/87/56 86/86/57
f 86/86/57 51/16/57 52/18/55
f 53/20/56 88/88/56 87/87/56
f 87/87/56 52/18/55 53/20/56
f 54/22/58 89/89/59 88/88/59
f 88/88/59 53/20/58 54/22/58
f 55/25/60 90/90/60 89/89/60
f 89/89/60 54/22/60 55/25/60
f 56/27/61 91/91/61 90/90/61
f 90/90/61 55/25/61 56/27/61
f 57/29/62 92/92/62 91/91/62
f 91/91/62 56/27/62 57/29/62
f 58/31/63 93/93/63 92/92/63
f 92/92/63 57/29/63 58/31/63
f 59/33/64 94/94/64 93/93/64
f 93/93/64 58/31/64 59/33/64
f 60/36/65 95/95/66 94/94/65
f 94/94/65 59/33/65 60/36/65
f 61/38/67 96/96/67 95/95/67
f 95/95/67 60/36/67 61/38/67
f 62/40/68 97/97/68 96/96/68
f 96/96/68 61/38/68 62/40/68
f 63/42/69 98/98/69 97/97/69
f 97/97/69 62/40/69 63/42/69
f 64/44/70 99/99/70 98/98/70
f 98/98/70 63/42/70 64/44/70
f 65/46/71 100/100/71 99/99/71
f 99/99/71 64/44/71 65/46/71
f 66/48/72 101/101/72 100/100/72
f 100/100/72 65/46/72 66/48/72
f 67/50/73 102/102/73 101/101/73
f 101/101/73 66/48/73 67/50/73
f 68/52/74 103/103/74 102/102/74
f 102/102/74 67/50/74 68/52/74
f 69/54/75 104/104/75 103/103/75
f 103/103/75 68/52/75 69/54/75
f 70/56/76 105/105/76 104/104/76
f 104/104/76 69/54/76 70/56/76
f 71/60/77 106/106/77 105/105/77
f 105/105/77 70/56/77 71/60/77
f 72/62/78 107/107/78 106/106/78
f 106/106/78 71/60/78 72/62/78
f 73/64/79 108/108/79 107/107/79
f 107/107/79 72/62/79 73/64/79
f 74/70/80 109/109/80 108/108/80
f 108/108/80 73/64/80 74/70/80
f 75/72/81 110/110/81 109/109/81
f 109/109/81 74/70/81 75/72/81
f 76/74/77 111/111/77 110/110/77
f 110/110/77 75/72/77 76/74/77
f 77/76/82 112/112/82 111/111/82
f 111/111/82 76/74/82 77/76/82
f 78/78/83 113/113/83 112/112/83
f 112/112/83 77/76/83 78/78/83
f 44/3/84 79/80/84 113/113/84
f 113/113/84 78/78/84 44/3/84
f 80/79/85 115/114/85 114/115/85
f 114/115/85 79/80/85 80/79/85
f 81/81/86 116/116/86 115/114/86
f 115/114/86 80/79/86 81/81/86
f 82/82/87 117/117/87 116/116/87
f 116/116/87 81/81/87 82/82/87
f 83/83/88 118/118/88 117/117/88
f 117/117/88 82/82/88 83/83/88
f 84/84/89 119/119/89 118/118/89
f 118/118/89 83/83/89 84/84/89
f 85/85/90 120/120/90 119/119/90
f 119/119/90 84/84/90 85/85/90
f 86/86/91 121/121/91 120/120/91
f 120/120/91 85/85/91 86/86/91
f 87/87/92 122/122/93 121/121/94
f 121/121/94 86/86/94 87/87/92
f 88/88/95 123/123/95 122/122/93
f 122/122/93 87/87/92 88/88/95
f 89/89/96 124/124/96 123/123/96
f 123/123/96 88/88/97 89/89/96
f 124/124/98 89/89/98 125/125/98
f 90/90/99 126/126/99 125/125/99
f 125/125/99 89/89/99 90/90/99
f 91/91/100 127/127/100 126/126/100
f 126/126/100 90/90/100 91/91/100
f 92/92/101 128/128/101 127/127/101
f 127/127/101 91/91/101 92/92/101
f 93/93/102 129/129/102 128/128/102
f 128/128/102 92/92/102 93/93/102
f 94/94/103 130/130/103 129/129/103
f 129/129/103 93/93/103 94/94/103
f 130/130/104 94/94/104 131/131/104
f 95/95/105 132/132/105 131/131/105
f 131/131/105 94/94/105 95/95/105
f 96/96/106 133/133/106 132/132/106
f 132/132/106 95/95/106 96/96/106
f 97/97/107 134/134/107 133/133/107
f 133/133/107 96/96/107 97/97/107
f 98/98/108 135/135/108 134/134/108
f 134/134/108 97/97/108 98/98/108
f 99/99/109 136/136/109 135/135/109
f 135/135/109 98/98/109 99/99/109
f 100/100/110 137/137/110 136/136/110
f 136/136/110 99/99/110 100/100/110
f 101/101/111 138/138/111 137/137/111
f 137/137/111 100/100/111 101/101/111
f 102/102/112 139/139/112 138/138/112
f 138/138/112 101/101/112 102/102/112
f 103/103/113 140/140/113 139/139/113
f 139/139/113 102/102/113 103/103/113
f 104/104/114 141/141/114 140/140/114
f 140/140/114 103/103/114 104/104/114
f 105/105/115 142/142/115 141/141/115
f 141/141/115 104/104/115 105/105/115
f 142/142/116 105/105/116 143/143/116
f 143/143/117 105/105/117 144/144/117
f 106/106/118 145/145/118 144/144/118
f 144/144/118 105/105/118 106/106/118
f 107/107/119 146/146/120 145/145/119
f 145/145/119 106/106/119 107/107/119
f 108/108/121 147/147/122 146/146/122
f 146/146/122 107/107/122 108/108/121
f 147/147/123 108/108/124 148/148/123
f 148/148/125 108/108/125 149/149/125
f 149/149/126 108/108/126 150/150/126
f 150/150/127 108/108/121 151/151/127
f 109/109/128 152/152/128 151/151/128
f 151/151/128 108/108/124 109/109/128
f 110/110/129 153/153/129 152/152/129
f 152/152/129 109/109/129 110/110/129
f 111/111/118 154/154/118 153/153/118
f 153/153/118 110/110/118 111/111/118
f 112/112/130 155/155/130 154/154/130
f 154/154/130 111/111/130 112/112/130
f 113/113/131 156/156/131 155/155/131
f 155/155/131 112/112/131 113/113/131
f 79/80/132 114/115/132 156/156/132
f 156/156/132 113/113/132 79/80/132
f 152/152/133 153/153/133 154/154/133
f 152/152/133 154/154/133 155/155/133
f 122/122/133 123/123/133 124/124/133
f 126/126/133 127/127/133 128/128/133
f 126/126/133 128/128/133 129/129/133
f 126/126/133 129/129/133 130/130/133
f 125/125/133 126/126/133 130/130/133
f 124/124/133 125/125/133 130/130/133
f 132/132/133 133/133/133 134/134/133
f 131/131/133 132/132/133 134/134/133
f 131/131/133 134/134/133 135/135/133
f 130/130/133 131/131/133 135/135/133
f 124/124/133 130/130/133 135/135/133
f 122/122/133 124/124/133 135/135/133
f 121/121/133 122/122/133 135/135/133
f 120/120/133 121/121/133 135/135/133
f 141/141/133 142/142/133 143/143/133
f 140/140/133 141/141/133 143/143/133
f 139/139/133 140/140/133 143/143/133
f 138/138/133 139/139/133 143/143/133
f 137/137/133 138/138/133 143/143/133
f 145/145/133 146/146/133 147/147/133
f 144/144/133 145/145/133 147/147/133
f 143/143/133 144/144/133 147/147/133
f 143/143/133 147/147/133 148/148/133
f 137/137/133 143/143/133 148/148/133
f 136/136/133 137/137/133 148/148/133
f 136/136/133 148/148/133 149/149/133
f 136/136/133 149/149/133 150/150/133
f 135/135/133 136/136/133 150/150/133
f 135/135/133 150/150/133 151/151/133
f 120/120/133 135/135/133 151/151/133
f 119/119/133 120/120/133 151/151/133
f 118/118/133 119/119/133 151/151/133
f 117/117/133 118/118/133 151/151/133
f 116/116/133 117/117/133 151/151/133
f 115/114/133 116/116/133 151/151/133
f 114/115/133 115/114/133 151/151/133
f 156/156/133 114/115/133 151/151/133
f 155/155/133 156/156/133 151/151/133
f 152/152/133 155/155/133 151/151/133
f 34/63/134 33/61/134 32/59/134
f 34/63/134 32/59/134 31/58/134
f 34/63/134 31/58/134 30/57/134
f 35/65/134 34/63/134 30/57/134
f 30/57/134 29/55/134 28/53/134
f 30/57/134 28/53/134 27/51/134
f 30/57/134 27/51/134 26/49/134
f 30/57/134 26/49/134 25/47/134
f 30/57/134 25/47/134 24/45/134
f 35/65/134 30/57/134 24/45/134
f 35/65/134 24/45/134 23/43/134
f 36/66/134 35/65/134 23/43/134
f 37/67/134 36/66/134 23/43/134
f 37/67/134 23/43/134 22/41/134
f 38/68/134 37/67/134 22/41/134
f 21/39/134 20/37/134 19/35/134
f 21/39/134 19/35/134 18/34/134
f 22/41/134 21/39/134 18/34/134
f 22/41/134 18/34/134 17/32/134
f 15/28/134 14/26/134 13/24/134
f 16/30/134 15/28/134 13/24/134
f 17/32/134 16/30/134 13/24/134
f 17/32/134 13/24/134 12/23/134
f 17/32/134 12/23/134 11/21/134
f 22/41/134 17/32/134 11/21/134
f 11/21/134 10/19/134 9/17/134
f 22/41/134 11/21/134 9/17/134
f 22/41/134 9/17/134 8/15/134
f 22/41/134 8/15/134 7/13/134
f 38/68/134 22/41/134 7/13/134
f 38/68/134 7/13/134 6/11/134
f 38/68/134 6/11/134 5/9/134
f 38/68/134 5/9/134 4/7/134
f 38/68/134 4/7/134 3/5/134
f 38/68/134 3/5/134 2/1/134
f 38/68/134 2/1/134 1/4/134
f 38/68/134 1/4/134 43/77/134
f 38/68/134 43/77/134 42/75/134
f 39/69/134 38/68/134 42/75/134
f 39/69/134 42/75/134 41/73/134
f 39/69/134 41/73/134 40/71/134
f 571/157/135 572/158/135 577/159/135 576/160/135
f 572/158/135 573/161/135 578/162/135 577/159/135
f 573/161/135 574/163/135 579/164/135 578/162/135
f 574/163/135 575/165/135 580/166/135 579/164/135
f 576/160/135 577/159/135 582/167/135 581/168/135
f 577/159/135 578/162/135 583/169/135 582/167/135
f 578/162/135 579/164/135 584/170/135 583/169/135
f 579/164/135 580/166/135 585/171/135 584/170/135
f 581/168/135 582/167/135 587/172/135 586/173/135
f 582/167/135 583/169/135 588/174/135 587/172/135
f 583/169/135 584/170/135 589/175/135 588/174/135
f 584/170/135 585/171/135 590/176/135 589/175/135
f 586/173/135 587/172/135 592/177/135 591/178/135
f 587/172/135 588/174/135 593/179/135 592/177/135
f 588/174/135 589/175/135 594/180/135 593/179/135
f 589/175/135 590/176/135 595/181/135 594/180/135
f 157/182/135 196/183/135 571/157/135 215/184/135
f 201/185/135 575/165/135 200/186/135 170/187/135
f 171/188/135 206/189/135 595/181/135 205/190/135
f 211/191/135 591/178/135 210/192/135 158/193/135
f 196/183/135 197/194/135 572/158/135 571/157/135
f 202/195/135 580/166/135 575/165/135 201/185/135
f 206/189/135 207/196/135 594/180/135 595/181/135
f 212/197/135 586/173/135 591/178/135 211/191/135
f 197/194/135 198/198/135 573/161/135 572/158/135
f 203/199/135 585/171/135 580/166/135 202/195/135
f 207/196/135 208/200/135 593/179/135 594/180/135
f 213/201/135 581/168/135 586/173/135 212/197/135
f 198/198/135 199/202/135 574/163/135 573/161/135
f 204/203/135 590/176/135 585/171/135 203/199/135
f 208/200/135 209/204/135 592/177/135 593/179/135
f 214/205/135 576/160/135 581/168/135 213/201/135
f 199/202/135 200/186/135 575/165/135 574/163/135
f 205/190/135 595/181/135 590/176/135 204/203/135
f 209/204/135 210/192/135 591/178/135 592/177/135
f 215/184/135 571/157/135 576/160/135 214/205/135
f 596/206/136 597/207/137 602/208/137 601/209/136
f 597/207/137 598/210/138 603/211/138 602/208/137
f 598/210/138 599/212/139 604/213/139 603/211/138
f 599/212/139 600/214/140 605/215/140 604/213/139
f 601/209/136 602/208/137 607/216/137 606/217/136
f 602/208/137 603/211/138 608/218/138 607/216/137
f 603/211/138 604/213/139 609/219/139 608/218/138
f 604/213/139 605/215/140 610/220/140 609/219/139
f 606/217/136 607/216/137 612/221/137 611/222/136
f 607/216/137 608/218/138 613/223/138 612/221/137
f 608/218/138 609/219/139 614/224/139 613/223/138
f 609/219/139 610/220/140 615/225/140 614/224/139
f 611/222/136 612/221/137 617/226/137 616/227/136
f 612/221/137 613/223/138 618/228/138 617/226/137
f 613/223/138 614/224/139 619/229/139 618/228/138
f 614/224/139 615/225/140 620/230/140 619/229/139
f 158/193/141 210/192/136 596/206/136 230/231/141
f 216/232/142 600/214/140 206/189/140 171/188/142
f 172/233/142 221/234/140 620/230/140 220/235/142
f 226/236/141 616/227/136 225/237/136 159/238/141
f 210/192/136 209/204/137 597/207/137 596/206/136
f 217/239/142 605/215/140 600/214/140 216/232/142
f 221/234/140 222/240/139 619/229/139 620/230/140
f 227/241/141 611/222/136 616/227/136 226/236/141
f 209/204/137 208/200/138 598/210/138 597/207/137
f 218/242/142 610/220/140 605/215/140 217/239/142
f 222/240/139 223/243/138 618/228/138 619/229/139
f 228/244/141 606/217/136 611/222/136 227/241/141
f 208/200/138 207/196/139 599/212/139 598/210/138
f 219/245/142 615/225/140 610/220/140 218/242/142
f 223/243/138 224/246/137 617/226/137 618/228/138
f 229/247/141 601/209/136 606/217/136 228/244/141
f 207/196/139 206/189/140 600/214/140 599/212/139
f 220/235/142 620/230/140 615/225/140 219/245/142
f 224/246/137 225/237/136 616/227/136 617/226/137
f 230/231/141 596/206/136 601/209/136 229/247/141
f 621/248/143 622/249/144 627/250/145 626/251/146
f 622/249/144 623/252/147 628/253/148 627/250/145
f 623/252/147 624/254/149 629/255/150 628/253/148
f 624/254/149 625/256/151 630/257/152 629/255/150
f 626/251/146 627/250/145 632/258/153 631/259/154
f 627/250/145 628/253/148 633/260/155 632/258/153
f 628/253/148 629/255/150 634/261/156 633/260/155
f 629/255/150 630/257/152 635/262/157 634/261/156
f 631/259/154 632/258/153 637/263/158 636/264/159
f 632/258/153 633/260/155 638/265/160 637/263/158
f 633/260/155 634/261/156 639/266/161 638/265/160
f 634/261/156 635/262/157 640/267/162 639/266/161
f 636/264/159 637/263/158 642/268/163 641/269/164
f 637/263/158 638/265/160 643/270/165 642/268/163
f 638/265/160 639/266/161 644/271/166 643/270/165
f 639/266/161 640/267/162 645/272/167 644/271/166
f 159/238/168 225/237/169 621/248/143 245/273/170
f 231/274/171 625/256/151 221/234/172 172/233/173
f 173/275/174 236/276/175 645/272/167 235/277/176
f 241/278/177 641/269/164 240/279/178 160/280/179
f 225/237/169 224/246/180 622/249/144 621/248/143
f 232/281/181 630/257/152 625/256/151 231/274/171
f 236/276/175 237/282/182 644/271/166 645/272/167
f 242/283/183 636/264/159 641/269/164 241/278/177
f 224/246/180 223/243/184 623/252/147 622/249/144
f 233/284/185 635/262/157 630/257/152 232/281/181
f 237/282/182 238/285/186 643/270/165 644/271/166
f 243/286/187 631/259/154 636/264/159 242/283/183
f 223/243/184 222/240/188 624/254/149 623/252/147
f 234/287/189 640/267/162 635/262/157 233/284/185
f 238/285/186 239/288/190 642/268/163 643/270/165
f 244/289/191 626/251/146 631/259/154 243/286/187
f 222/240/188 221/234/172 625/256/151 624/254/149
f 235/277/176 645/272/167 640/267/162 234/287/189
f 239/288/190 240/279/178 641/269/164 642/268/163
f 245/273/170 621/248/143 626/251/146 244/289/191
f 646/290/192 647/291/193 652/292/194 651/293/195
f 647/291/193 648/294/196 653/295/197 652/292/194
f 648/294/196 649/296/198 654/297/199 653/295/197
f 649/296/198 650/298/200 655/299/201 654/297/199
f 651/293/195 652/292/194 657/300/202 656/301/203
f 652/292/194 653/295/197 658/302/204 657/300/202
f 653/295/197 654/297/199 659/303/205 658/302/204
f 654/297/199 655/299/201 660/304/206 659/303/205
f 656/301/203 657/300/202 662/305/207 661/306/208
f 657/300/202 658/302/204 663/307/209 662/305/207
f 658/302/204 659/303/205 664/308/210 663/307/209
f 659/303/205 660/304/206 665/309/211 664/308/210
f 661/306/208 662/305/207 667/310/212 666/311/213
f 662/305/207 663/307/209 668/312/214 667/310/212
f 663/307/209 664/308/210 669/313/215 668/312/214
f 664/308/210 665/309/211 670/314/216 669/313/215
f 160/280/217 240/279/218 646/290/192 260/315/219
f 246/316/220 650/298/200 236/276/221 173/275/222
f 174/317/223 251/318/224 670/314/216 250/319/225
f 256/320/226 666/311/213 255/321/227 161/322/228
f 240/279/218 239/288/229 647/291/193 646/290/192
f 247/323/230 655/299/201 650/298/200 246/316/220
f 251/318/224 252/324/231 669/313/215 670/314/216
f 257/325/232 661/306/208 666/311/213 256/320/226
f 239/288/229 238/285/233 648/294/196 647/291/193
f 248/326/234 660/304/206 655/299/201 247/323/230
f 252/324/231 253/327/235 668/312/214 669/313/215
f 258/328/236 656/301/203 661/306/208 257/325/232
f 238/285/233 237/282/237 649/296/198 648/294/196
f 249/329/238 665/309/211 660/304/206 248/326/234
f 253/327/235 254/330/239 667/310/212 668/312/214
f 259/331/240 651/293/195 656/301/203 258/328/236
f 237/282/237 236/276/221 650/298/200 649/296/198
f 250/319/225 670/314/216 665/309/211 249/329/238
f 254/330/239 255/321/227 666/311/213 667/310/212
f 260/315/219 646/290/192 651/293/195 259/331/240
f 671/332/241 672/333/242 677/334/243 676/335/244
f 672/333/242 673/336/245 678/337/246 677/334/243
f 673/336/245 674/338/247 679/339/248 678/337/246
f 674/338/247 675/340/249 680/341/250 679/339/248
f 676/335/244 677/334/243 682/342/251 681/343/252
f 677/334/243 678/337/246 683/344/253 682/342/251
f 678/337/246 679/339/248 684/345/254 683/344/253
f 679/339/248 680/341/250 685/346/255 684/345/254
f 681/343/252 682/342/251 687/347/256 686/348/257
f 682/342/251 683/344/253 688/349/258 687/347/256
f 683/344/253 684/345/254 689/350/259 688/349/258
f 684/345/254 685/346/255 690/351/260 689/350/259
f 686/348/257 687/347/256 692/352/261 691/353/262
f 687/347/256 688/349/258 693/354/263 692/352/261
f 688/349/258 689/350/259 694/355/264 693/354/263
f 689/350/259 690/351/260 695/356/265 694/355/264
f 161/322/266 255/321/267 671/332/241 275/357/268
f 261/358/269 675/340/249 251/318/270 174/317/271
f 175/359/271 266/360/272 695/356/265 265/361/273
f 271/362/274 691/353/262 270/363/275 162/364/266
f 255/321/267 254/330/276 672/333/242 671/332/241
f 262/365/277 680/341/250 675/340/249 261/358/269
f 266/360/272 267/366/278 694/355/264 695/356/265
f 272/367/279 686/348/257 691/353/262 271/362/274
f 254/330/276 253/327/280 673/336/245 672/333/242
f 263/368/281 685/346/255 680/341/250 262/365/277
f 267/366/278 268/369/280 693/354/263 694/355/264
f 273/370/282 681/343/252 686/348/257 272/367/279
f 253/327/280 252/324/283 674/338/247 673/336/245
f 264/371/284 690/351/260 685/346/255 263/368/281
f 268/369/280 269/372/285 692/352/261 693/354/263
f 274/373/286 676/335/244 681/343/252 273/370/282
f 252/324/283 251/318/270 675/340/249 674/338/247
f 265/361/273 695/356/265 690/351/260 264/371/284
f 269/372/285 270/363/275 691/353/262 692/352/261
f 275/357/268 671/332/241 676/335/244 274/373/286
f 696/374/287 697/375/288 702/376/289 701/377/290
f 697/375/288 698/378/291 703/379/292 702/376/289
f 698/378/291 699/380/293 704/381/294 703/379/292
f 699/380/293 700/382/295 705/383/296 704/381/294
f 701/377/290 702/376/289 707/384/297 706/385/298
f 702/376/289 703/379/292 708/386/299 707/384/297
f 703/379/292 704/381/294 709/387/300 708/386/299
f 704/381/294 705/383/296 710/388/301 709/387/300
f 706/385/298 707/384/297 712/389/302 711/390/303
f 707/384/297 708/386/299 713/391/304 712/389/302
f 708/386/299 709/387/300 714/392/305 713/391/304
f 709/387/300 710/388/301 715/393/306 714/392/305
f 711/390/303 712/389/302 717/394/307 716/395/308
f 712/389/302 713/391/304 718/396/309 717/394/307
f 713/391/304 714/392/305 719/397/310 718/396/309
f 714/392/305 715/393/306 720/398/311 719/397/310
f 162/364/312 270/363/313 696/374/287 290/399/314
f 276/400/315 700/382/295 266/360/316 175/359/317
f 176/401/318 281/402/319 720/398/311 280/403/320
f 286/404/321 716/395/308 285/405/322 163/406/323
f 270/363/313 269/372/324 697/375/288 696/374/287
f 277/407/325 705/383/296 700/382/295 276/400/315
f 281/402/319 282/408/326 719/397/310 720/398/311
f 287/409/327 711/390/303 716/395/308 286/404/321
f 269/372/324 268/369/328 698/378/291 697/375/288
f 278/410/329 710/388/301 705/383/296 277/407/325
f 282/408/326 283/411/330 718/396/309 719/397/310
f 288/412/331 706/385/298 711/390/303 287/409/327
f 268/369/328 267/366/332 699/380/293 698/378/291
f 279/413/333 715/393/306 710/388/301 278/410/329
f 283/411/330 284/414/334 717/394/307 718/396/309
f 289/415/335 701/377/290 706/385/298 288/412/331
f 267/366/332 266/360/316 700/382/295 699/380/293
f 280/403/320 720/398/311 715/393/306 279/413/333
f 284/414/334 285/405/322 716/395/308 717/394/307
f 290/399/314 696/374/287 701/377/290 289/415/335
f 721/416/336 722/417/337 727/418/338 726/419/339
f 722/417/337 723/420/340 728/421/341 727/418/338
f 723/420/340 724/422/342 729/423/343 728/421/341
f 724/422/342 725/424/344 730/425/345 729/423/343
f 726/419/339 727/418/338 732/426/346 731/427/347
f 727/418/338 728/421/341 733/428/348 732/426/346
f 728/421/341 729/423/343 734/429/349 733/428/348
f 729/423/343 730/425/345 735/430/350 734/429/349
f 731/427/347 732/426/346 737/431/351 736/432/352
f 732/426/346 733/428/348 738/433/353 737/431/351
f 733/428/348 734/429/349 739/434/354 738/433/353
f 734/429/349 735/430/350 740/435/355 739/434/354
f 736/432/352 737/431/351 742/436/356 741/437/357
f 737/431/351 738/433/353 743/438/358 742/436/356
f 738/433/353 739/434/354 744/439/359 743/438/358
f 739/434/354 740/435/355 745/440/360 744/439/359
f 163/406/361 285/405/362 721/416/336 305/441/363
f 291/442/364 725/424/344 281/402/365 176/401/366
f 177/443/367 296/444/368 745/440/360 295/445/369
f 301/446/370 741/437/357 300/447/371 164/448/372
f 285/405/362 284/414/373 722/417/337 721/416/336
f 292/449/374 730/425/345 725/424/344 291/442/364
f 296/444/368 297/450/375 744/439/359 745/440/360
f 302/451/376 736/432/352 741/437/357 301/446/370
f 284/414/373 283/411/377 723/420/340 722/417/337
f 293/452/378 735/430/350 730/425/345 292/449/374
f 297/450/375 298/453/379 743/438/358 744/439/359
f 303/454/380 731/427/347 736/432/352 302/451/376
f 283/411/377 282/408/381 724/422/342 723/420/340
f 294/455/382 740/435/355 735/430/350 293/452/378
f 298/453/379 299/456/383 742/436/356 743/438/358
f 304/457/384 726/419/339 731/427/347 303/454/380
f 282/408/381 281/402/365 725/424/344 724/422/342
f 295/445/369 745/440/360 740/435/355 294/455/382
f 299/456/383 300/447/371 741/437/357 742/436/356
f 305/441/363 721/416/336 726/419/339 304/457/384
f 746/458/385 747/459/386 752/460/387 751/461/388
f 747/459/386 748/462/389 753/463/390 752/460/387
f 748/462/389 749/464/391 754/465/392 753/463/390
f 749/464/391 750/466/393 755/467/394 754/465/392
f 751/461/388 752/460/387 757/468/395 756/469/396
f 752/460/387 753/463/390 758/470/397 757/468/395
f 753/463/390 754/465/392 759/471/398 758/470/397
f 754/465/392 755/467/394 760/472/399 759/471/398
f 756/469/396 757/468/395 762/473/400 761/474/401
f 757/468/395 758/470/397 763/475/402 762/473/400
f 758/470/397 759/471/398 764/476/403 763/475/402
f 759/471/398 760/472/399 765/477/404 764/476/403
f 761/474/401 762/473/400 767/478/405 766/479/406
f 762/473/400 763/475/402 768/480/407 767/478/405
f 763/475/402 764/476/403 769/481/408 768/480/407
f 764/476/403 765/477/404 770/482/409 769/481/408
f 164/448/410 300/447/411 746/458/385 320/483/412
f 306/484/413 750/466/393 296/444/414 177/443/415
f 178/485/416 311/486/417 770/482/409 310/487/418
f 316/488/419 766/479/406 315/489/420 165/490/421
f 300/447/411 299/456/422 747/459/386 746/458/385
f 307/491/423 755/467/394 750/466/393 306/484/413
f 311/486/417 312/492/424 769/481/408 770/482/409
f 317/493/425 761/474/401 766/479/406 316/488/419
f 299/456/422 298/453/426 748/462/389 747/459/386
f 308/494/427 760/472/399 755/467/394 307/491/423
f 312/492/424 313/495/426 768/480/407 769/481/408
f 318/496/428 756/469/396 761/474/401 317/493/425
f 298/453/426 297/450/429 749/464/391 748/462/389
f 309/497/430 765/477/404 760/472/399 308/494/427
f 313/495/426 314/498/431 767/478/405 768/480/407
f 319/499/432 751/461/388 756/469/396 318/496/428
f 297/450/429 296/444/414 750/466/393 749/464/391
f 310/487/418 770/482/409 765/477/404 309/497/430
f 314/498/431 315/489/420 766/479/406 767/478/405
f 320/483/412 746/458/385 751/461/388 319/499/432
f 771/500/433 772/501/434 777/502/435 776/503/436
f 772/501/434 773/504/437 778/505/438 777/502/435
f 773/504/437 774/506/439 779/507/440 778/505/438
f 774/506/439 775/508/441 780/509/442 779/507/440
f 776/503/436 777/502/435 782/510/443 781/511/444
f 777/502/435 778/505/438 783/512/445 782/510/443
f 778/505/438 779/507/440 784/513/446 783/512/445
f 779/507/440 780/509/442 785/514/447 784/513/446
f 781/511/444 782/510/443 787/515/448 786/516/449
f 782/510/443 783/512/445 788/517/450 787/515/448
f 783/512/445 784/513/446 789/518/451 788/517/450
f 784/513/446 785/514/447 790/519/452 789/518/451
f 786/516/449 787/515/448 792/520/453 791/521/454
f 787/515/448 788/517/450 793/522/455 792/520/453
f 788/517/450 789/518/451 794/523/456 793/522/455
f 789/518/451 790/519/452 795/524/457 794/523/456
f 165/490/458 315/489/459 771/500/433 335/525/460
f 321/526/461 775/508/441 311/486/462 178/485/463
f 179/527/464 326/528/465 795/524/457 325/529/466
f 331/530/467 791/521/454 330/531/468 166/532/469
f 315/489/459 314/498/470 772/501/434 771/500/433
f 322/533/471 780/509/442 775/508/441 321/526/461
f 326/528/465 327/534/472 794/523/456 795/524/457
f 332/535/473 786/516/449 791/521/454 331/530/467
f 314/498/470 313/495/474 773/504/437 772/501/434
f 323/536/475 785/514/447 780/509/442 322/533/471
f 327/534/472 328/537/476 793/522/455 794/523/456
f 333/538/477 781/511/444 786/516/449 332/535/473
f 313/495/474 312/492/478 774/506/439 773/504/437
f 324/539/479 790/519/452 785/514/447 323/536/475
f 328/537/476 329/540/480 792/520/453 793/522/455
f 334/541/481 776/503/436 781/511/444 333/538/477
f 312/492/478 311/486/462 775/508/441 774/506/439
f 325/529/466 795/524/457 790/519/452 324/539/479
f 329/540/480 330/531/468 791/521/454 792/520/453
f 335/525/460 771/500/433 776/503/436 334/541/481
f 796/542/482 797/543/483 802/544/484 801/545/485
f 797/543/483 798/546/486 803/547/487 802/544/484
f 798/546/486 799/548/488 804/549/489 803/547/487
f 799/548/488 800/550/490 805/551/491 804/549/489
f 801/545/485 802/544/484 807/552/492 806/553/493
f 802/544/484 803/547/487 808/554/494 807/552/492
f 803/547/487 804/549/489 809/555/495 808/554/494
f 804/549/489 805/551/491 810/556/496 809/555/495
f 806/553/493 807/552/492 812/557/497 811/558/498
f 807/552/492 808/554/494 813/559/499 812/557/497
f 808/554/494 809/555/495 814/560/500 813/559/499
f 809/555/495 810/556/496 815/561/501 814/560/500
f 811/558/498 812/557/497 817/562/502 816/563/503
f 812/557/497 813/559/499 818/564/504 817/562/502
f 813/559/499 814/560/500 819/565/505 818/564/504
f 814/560/500 815/561/501 820/566/506 819/565/505
f 166/532/507 330/531/508 796/542/482 350/567/509
f 336/568/510 800/550/490 326/528/511 179/527/512
f 180/569/513 341/570/514 820/566/506 340/571/515
f 346/572/516 816/563/503 345/573/517 167/574/507
f 330/531/508 329/540/518 797/543/483 796/542/482
f 337/575/519 805/551/491 800/550/490 336/568/510
f 341/570/514 342/576/520 819/565/505 820/566/506
f 347/577/521 811/558/498 816/563/503 346/572/516
f 329/540/518 328/537/522 798/546/486 797/543/483
f 338/578/523 810/556/496 805/551/491 337/575/519
f 342/576/520 343/579/524 818/564/504 819/565/505
f 348/580/525 806/553/493 811/558/498 347/577/521
f 328/537/522 327/534/526 799/548/488 798/546/486
f 339/581/527 815/561/501 810/556/496 338/578/523
f 343/579/524 344/582/528 817/562/502 818/564/504
f 349/583/529 801/545/485 806/553/493 348/580/525
f 327/534/526 326/528/511 800/550/490 799/548/488
f 340/571/515 820/566/506 815/561/501 339/581/527
f 344/582/528 345/573/517 816/563/503 817/562/502
f 350/567/509 796/542/482 801/545/485 349/583/529
f 821/584/530 822/585/531 827/586/532 826/587/533
f 822/585/531 823/588/534 828/589/535 827/586/532
f 823/588/534 824/590/536 829/591/537 828/589/535
f 824/590/536 825/592/538 830/593/539 829/591/537
f 826/587/533 827/586/532 832/594/540 831/595/541
f 827/586/532 828/589/535 833/596/542 832/594/540
f 828/589/535 829/591/537 834/597/543 833/596/542
f 829/591/537 830/593/539 835/598/544 834/597/543
f 831/595/541 832/594/540 837/599/545 836/600/546
f 832/594/540 833/596/542 838/601/547 837/599/545
f 833/596/542 834/597/543 839/602/548 838/601/547
f 834/597/543 835/598/544 840/603/549 839/602/548
f 836/600/546 837/599/545 842/604/550 841/605/551
f 837/599/545 838/601/547 843/606/552 842/604/550
f 838/601/547 839/602/548 844/607/553 843/606/552
f 839/602/548 840/603/549 845/608/554 844/607/553
f 167/574/555 345/573/556 821/584/530 365/609/557
f 351/610/558 825/592/538 341/570/559 180/569/560
f 181/611/561 356/612/562 845/608/554 355/613/563
f 361/614/564 841/605/551 360/615/565 168/616/566
f 345/573/556 344/582/567 822/585/531 821/584/530
f 352/617/568 830/593/539 825/592/538 351/610/558
f 356/612/562 357/618/569 844/607/553 845/608/554
f 362/619/570 836/600/546 841/605/551 361/614/564
f 344/582/567 343/579/571 823/588/534 822/585/531
f 353/620/572 835/598/544 830/593/539 352/617/568
f 357/618/569 358/621/573 843/606/552 844/607/553
f 363/622/574 831/595/541 836/600/546 362/619/570
f 343/579/571 342/576/575 824/590/536 823/588/534
f 354/623/576 840/603/549 835/598/544 353/620/572
f 358/621/573 359/624/577 842/604/550 843/606/552
f 364/625/578 826/587/533 831/595/541 363/622/574
f 342/576/575 341/570/559 825/592/538 824/590/536
f 355/613/563 845/608/554 840/603/549 354/623/576
f 359/624/577 360/615/565 841/605/551 842/604/550
f 365/609/557 821/584/530 826/587/533 364/625/578
f 846/626/579 847/627/580 852/628/581 851/629/582
f 847/627/580 848/630/583 853/631/584 852/628/581
f 848/630/583 849/632/585 854/633/586 853/631/584
f 849/632/585 850/634/587 855/635/588 854/633/586
f 851/629/582 852/628/581 857/636/589 856/637/590
f 852/628/581 853/631/584 858/638/591 857/636/589
f 853/631/584 854/633/586 859/639/592 858/638/591
f 854/633/586 855/635/588 860/640/593 859/639/592
f 856/637/590 857/636/589 862/641/594 861/642/595
f 857/636/589 858/638/591 863/643/584 862/641/594
f 858/638/591 859/639/592 864/644/596 863/643/584
f 859/639/592 860/640/593 865/645/597 864/644/596
f 861/642/595 862/641/594 867/646/598 866/647/599
f 862/641/594 863/643/584 868/648/600 867/646/598
f 863/643/584 864/644/596 869/649/601 868/648/600
f 864/644/596 865/645/597 870/650/602 869/649/601
f 168/616/603 360/615/604 846/626/579 380/651/605
f 366/652/606 850/634/587 356/612/607 181/611/608
f 182/653/606 371/654/609 870/650/602 370/655/610
f 376/656/611 866/647/599 375/657/612 169/658/613
f 360/615/604 359/624/614 847/627/580 846/626/579
f 367/659/615 855/635/588 850/634/587 366/652/606
f 371/654/609 372/660/616 869/649/601 870/650/602
f 377/661/617 861/642/595 866/647/599 376/656/611
f 359/624/614 358/621/618 848/630/583 847/627/580
f 368/662/619 860/640/593 855/635/588 367/659/615
f 372/660/616 373/663/620 868/648/600 869/649/601
f 378/664/621 856/637/590 861/642/595 377/661/617
f 358/621/618 357/618/622 849/632/585 848/630/583
f 369/665/623 865/645/597 860/640/593 368/662/619
f 373/663/620 374/666/624 867/646/598 868/648/600
f 379/667/611 851/629/582 856/637/590 378/664/621
f 357/618/622 356/612/607 850/634/587 849/632/585
f 370/655/610 870/650/602 865/645/597 369/665/623
f 374/666/624 375/657/612 866/647/599 867/646/598
f 380/651/605 846/626/579 851/629/582 379/667/611
f 871/668/135 872/669/135 877/670/135 876/671/135
f 872/669/135 873/672/135 878/673/135 877/670/135
f 873/672/135 874/674/135 879/675/135 878/673/135
f 874/674/135 875/676/135 880/677/135 879/675/135
f 876/671/135 877/670/135 882/678/135 881/679/135
f 877/670/135 878/673/135 883/680/135 882/678/135
f 878/673/135 879/675/135 884/681/135 883/680/135
f 879/675/135 880/677/135 885/682/135 884/681/135
f 881/679/135 882/678/135 887/683/135 886/684/135
f 882/678/135 883/680/135 888/685/135 887/683/135
f 883/680/135 884/681/135 889/686/135 888/685/135
f 884/681/135 885/682/135 890/687/135 889/686/135
f 886/684/135 887/683/135 892/688/135 891/689/135
f 887/683/135 888/685/135 893/690/135 892/688/135
f 888/685/135 889/686/135 894/691/135 893/690/135
f 889/686/135 890/687/135 895/692/135 894/691/135
f 170/187/135 381/693/135 871/668/135 201/185/135
f 386/694/135 875/676/135 385/695/135 183/696/135
f 184/697/135 391/698/135 895/692/135 390/699/135
f 205/190/135 891/689/135 395/700/135 171/188/135
f 381/693/135 382/701/135 872/669/135 871/668/135
f 387/702/135 880/677/135 875/676/135 386/694/135
f 391/698/135 392/703/135 894/691/135 895/692/135
f 204/203/135 886/684/135 891/689/135 205/190/135
f 382/701/135 383/704/135 873/672/135 872/669/135
f 388/705/135 885/682/135 880/677/135 387/702/135
f 392/703/135 393/706/135 893/690/135 894/691/135
f 203/199/135 881/679/135 886/684/135 204/203/135
f 383/704/135 384/707/135 874/674/135 873/672/135
f 389/708/135 890/687/135 885/682/135 388/705/135
f 393/706/135 394/709/135 892/688/135 893/690/135
f 202/195/135 876/671/135 881/679/135 203/199/135
f 384/707/135 385/695/135 875/676/135 874/674/135
f 390/699/135 895/692/135 890/687/135 389/708/135
f 394/709/135 395/700/135 891/689/135 892/688/135
f 201/185/135 871/668/135 876/671/135 202/195/135
f 896/710/625 897/711/626 902/712/626 901/713/625
f 897/711/626 898/714/627 903/715/627 902/712/626
f 898/714/627 899/716/628 904/717/628 903/715/627
f 899/716/628 900/718/629 905/719/629 904/717/628
f 901/713/625 902/712/626 907/720/626 906/721/625
f 902/712/626 903/715/627 908/722/627 907/720/626
f 903/715/627 904/717/628 909/723/628 908/722/627
f 904/717/628 905/719/629 910/724/629 909/723/628
f 906/721/625 907/720/626 912/725/626 911/726/625
f 907/720/626 908/722/627 913/727/627 912/725/626
f 908/722/627 909/723/628 914/728/628 913/727/627
f 909/723/628 910/724/629 915/729/629 914/728/628
f 911/726/625 912/725/626 917/730/626 916/731/625
f 912/725/626 913/727/627 918/732/627 917/730/626
f 913/727/627 914/728/628 919/733/628 918/732/627
f 914/728/628 915/729/629 920/734/629 919/733/628
f 171/188/142 395/700/625 896/710/625 216/232/142
f 396/735/630 900/718/629 391/698/629 184/697/630
f 185/736/630 401/737/629 920/734/629 400/738/630
f 220/235/142 916/731/625 405/739/625 172/233/142
f 395/700/625 394/709/626 897/711/626 896/710/625
f 397/740/630 905/719/629 900/718/629 396/735/630
f 401/737/629 402/741/628 919/733/628 920/734/629
f 219/245/142 911/726/625 916/731/625 220/235/142
f 394/709/626 393/706/627 898/714/627 897/711/626
f 398/742/630 910/724/629 905/719/629 397/740/630
f 402/741/628 403/743/627 918/732/627 919/733/628
f 218/242/142 906/721/625 911/726/625 219/245/142
f 393/706/627 392/703/628 899/716/628 898/714/627
f 399/744/630 915/729/629 910/724/629 398/742/630
f 403/743/627 404/745/626 917/730/626 918/732/627
f 217/239/142 901/713/625 906/721/625 218/242/142
f 392/703/628 391/698/629 900/718/629 899/716/628
f 400/738/630 920/734/629 915/729/629 399/744/630
f 404/745/626 405/739/625 916/731/625 917/730/626
f 216/232/142 896/710/625 901/713/625 217/239/142
f 921/746/631 922/747/632 927/748/633 926/749/634
f 922/747/632 923/750/635 928/751/636 927/748/633
f 923/750/635 924/752/637 929/753/638 928/751/636
f 924/752/637 925/754/639 930/755/640 929/753/638
f 926/749/634 927/748/633 932/756/641 931/757/642
f 927/748/633 928/751/636 933/758/643 932/756/641
f 928/751/636 929/753/638 934/759/644 933/758/643
f 929/753/638 930/755/640 935/760/645 934/759/644
f 931/757/642 932/756/641 937/761/646 936/762/647
f 932/756/641 933/758/643 938/763/648 937/761/646
f 933/758/643 934/759/644 939/764/649 938/763/648
f 934/759/644 935/760/645 940/765/650 939/764/649
f 936/762/647 937/761/646 942/766/651 941/767/652
f 937/761/646 938/763/648 943/768/653 942/766/651
f 938/763/648 939/764/649 944/769/654 943/768/653
f 939/764/649 940/765/650 945/770/655 944/769/654
f 172/233/173 405/739/656 921/746/631 231/274/171
f 406/771/657 925/754/639 401/737/658 185/736/659
f 186/772/660 411/773/661 945/770/655 410/774/662
f 235/277/176 941/767/652 415/775/663 173/275/174
f 405/739/656 404/745/664 922/747/632 921/746/631
f 407/776/665 930/755/640 925/754/639 406/771/657
f 411/773/661 412/777/666 944/769/654 945/770/655
f 234/287/189 936/762/647 941/767/652 235/277/176
f 404/745/664 403/743/667 923/750/635 922/747/632
f 408/778/668 935/760/645 930/755/640 407/776/665
f 412/777/666 413/779/669 943/768/653 944/769/654
f 233/284/185 931/757/642 936/762/647 234/287/189
f 403/743/667 402/741/670 924/752/637 923/750/635
f 409/780/671 940/765/650 935/760/645 408/778/668
f 413/779/669 414/781/672 942/766/651 943/768/653
f 232/281/181 926/749/634 931/757/642 233/284/185
f 402/741/670 401/737/658 925/754/639 924/752/637
f 410/774/662 945/770/655 940/765/650 409/780/671
f 414/781/672 415/775/663 941/767/652 942/766/651
f 231/274/171 921/746/631 926/749/634 232/281/181
f 946/782/673 947/783/674 952/784/675 951/785/676
f 947/783/674 948/786/677 953/787/678 952/784/675
f 948/786/677 949/788/679 954/789/680 953/787/678
f 949/788/679 950/790/681 955/791/682 954/789/680
f 951/785/676 952/784/675 957/792/683 956/793/684
f 952/784/675 953/787/678 958/794/685 957/792/683
f 953/787/678 954/789/680 959/795/686 958/794/685
f 954/789/680 955/791/682 960/796/687 959/795/686
f 956/793/684 957/792/683 962/797/688 961/798/689
f 957/792/683 958/794/685 963/799/690 962/797/688
f 958/794/685 959/795/686 964/800/691 963/799/690
f 959/795/686 960/796/687 965/801/692 964/800/691
f 961/798/689 962/797/688 967/802/693 966/803/694
f 962/797/688 963/799/690 968/804/695 967/802/693
f 963/799/690 964/800/691 969/805/696 968/804/695
f 964/800/691 965/801/692 970/806/697 969/805/696
f 173/275/222 415/775/698 946/782/673 246/316/220
f 416/807/699 950/790/681 411/773/700 186/772/701
f 187/808/702 421/809/703 970/806/697 420/810/704
f 250/319/225 966/803/694 425/811/705 174/317/223
f 415/775/698 414/781/706 947/783/674 946/782/673
f 417/812/707 955/791/682 950/790/681 416/807/699
f 421/809/703 422/813/708 969/805/696 970/806/697
f 249/329/238 961/798/689 966/803/694 250/319/225
f 414/781/706 413/779/709 948/786/677 947/783/674
f 418/814/710 960/796/687 955/791/682 417/812/707
f 422/813/708 423/815/711 968/804/695 969/805/696
f 248/326/234 956/793/684 961/798/689 249/329/238
f 413/779/709 412/777/712 949/788/679 948/786/677
f 419/816/713 965/801/692 960/796/687 418/814/710
f 423/815/711 424/817/714 967/802/693 968/804/695
f 247/323/230 951/785/676 956/793/684 248/326/234
f 412/777/712 411/773/700 950/790/681 949/788/679
f 420/810/704 970/806/697 965/801/692 419/816/713
f 424/817/714 425/811/705 966/803/694 967/802/693
f 246/316/220 946/782/673 951/785/676 247/323/230
f 971/818/715 972/819/716 977/820/717 976/821/718
f 972/819/716 973/822/719 978/823/720 977/820/717
f 973/822/719 974/824/721 979/825/722 978/823/720
f 974/824/721 975/826/723 980/827/724 979/825/722
f 976/821/718 977/820/717 982/828/725 981/829/726
f 977/820/717 978/823/720 983/830/727 982/828/725
f 978/823/720 979/825/722 984/831/728 983/830/727
f 979/825/722 980/827/724 985/832/729 984/831/728
f 981/829/726 982/828/725 987/833/730 986/834/731
f 982/828/725 983/830/727 988/835/732 987/833/730
f 983/830/727 984/831/728 989/836/733 988/835/732
f 984/831/728 985/832/729 990/837/734 989/836/733
f 986/834/731 987/833/730 992/838/735 991/839/736
f 987/833/730 988/835/732 993/840/737 992/838/735
f 988/835/732 989/836/733 994/841/738 993/840/737
f 989/836/733 990/837/734 995/842/739 994/841/738
f 174/317/271 425/811/740 971/818/715 261/358/269
f 426/843/741 975/826/723 421/809/742 187/808/743
f 188/844/744 431/845/745 995/842/739 430/846/746
f 265/361/273 991/839/736 435/847/747 175/359/271
f 425/811/740 424/817/748 972/819/716 971/818/715
f 427/848/749 980/827/724 975/826/723 426/843/741
f 431/845/745 432/849/750 994/841/738 995/842/739
f 264/371/284 986/834/731 991/839/736 265/361/273
f 424/817/748 423/815/751 973/822/719 972/819/716
f 428/850/752 985/832/729 980/827/724 427/848/749
f 432/849/750 433/851/753 993/840/737 994/841/738
f 263/368/281 981/829/726 986/834/731 264/371/284
f 423/815/751 422/813/754 974/824/721 973/822/719
f 429/852/755 990/837/734 985/832/729 428/850/752
f 433/851/753 434/853/756 992/838/735 993/840/737
f 262/365/277 976/821/718 981/829/726 263/368/281
f 422/813/754 421/809/742 975/826/723 974/824/721
f 430/846/746 995/842/739 990/837/734 429/852/755
f 434/853/756 435/847/747 991/839/736 992/838/735
f 261/358/269 971/818/715 976/821/718 262/365/277
f 996/854/757 997/855/758 1002/856/759 1001/857/760
f 997/855/758 998/858/761 1003/859/762 1002/856/759
f 998/858/761 999/860/763 1004/861/764 1003/859/762
f 999/860/763 1000/862/765 1005/863/766 1004/861/764
f 1001/857/760 1002/856/759 1007/864/767 1006/865/768
f 1002/856/759 1003/859/762 1008/866/769 1007/864/767
f 1003/859/762 1004/861/764 1009/867/770 1008/866/769
f 1004/861/764 1005/863/766 1010/868/771 1009/867/770
f 1006/865/768 1007/864/767 1012/869/772 1011/870/773
f 1007/864/767 1008/866/769 1013/871/774 1012/869/772
f 1008/866/769 1009/867/770 1014/872/775 1013/871/774
f 1009/867/770 1010/868/771 1015/873/776 1014/872/775
f 1011/870/773 1012/869/772 1017/874/777 1016/875/778
f 1012/869/772 1013/871/774 1018/876/779 1017/874/777
f 1013/871/774 1014/872/775 1019/877/780 1018/876/779
f 1014/872/775 1015/873/776 1020/878/781 1019/877/780
f 175/359/317 435/847/782 996/854/757 276/400/315
f 436/879/783 1000/862/765 431/845/784 188/844/785
f 189/880/786 441/881/787 1020/878/781 440/882/788
f 280/403/320 1016/875/778 445/883/789 176/401/318
f 435/847/782 434/853/790 997/855/758 996/854/757
f 437/884/791 1005/863/766 1000/862/765 436/879/783
f 441/881/787 442/885/792 1019/877/780 1020/878/781
f 279/413/333 1011/870/773 1016/875/778 280/403/320
f 434/853/790 433/851/793 998/858/761 997/855/758
f 438/886/794 1010/868/771 1005/863/766 437/884/791
f 442/885/792 443/887/795 1018/876/779 1019/877/780
f 278/410/329 1006/865/768 1011/870/773 279/413/333
f 433/851/793 432/849/796 999/860/763 998/858/761
f 439/888/797 1015/873/776 1010/868/771 438/886/794
f 443/887/795 444/889/798 1017/874/777 1018/876/779
f 277/407/325 1001/857/760 1006/865/768 278/410/329
f 432/849/796 431/845/784 1000/862/765 999/860/763
f 440/882/788 1020/878/781 1015/873/776 439/888/797
f 444/889/798 445/883/789 1016/875/778 1017/874/777
f 276/400/315 996/854/757 1001/857/760 277/407/325
f 1021/890/799 1022/891/800 1027/892/801 1026/893/802
f 1022/891/800 1023/894/803 1028/895/804 1027/892/801
f 1023/894/803 1024/896/805 1029/897/806 1028/895/804
f 1024/896/805 1025/898/807 1030/899/808 1029/897/806
f 1026/893/802 1027/892/801 1032/900/809 1031/901/810
f 1027/892/801 1028/895/804 1033/902/811 1032/900/809
f 1028/895/804 1029/897/806 1034/903/812 1033/902/811
f 1029/897/806 1030/899/808 1035/904/813 1034/903/812
f 1031/901/810 1032/900/809 1037/905/814 1036/906/815
f 1032/900/809 1033/902/811 1038/907/816 1037/905/814
f 1033/902/811 1034/903/812 1039/908/817 1038/907/816
f 1034/903/812 1035/904/813 1040/909/818 1039/908/817
f 1036/906/815 1037/905/814 1042/910/819 1041/911/820
f 1037/905/814 1038/907/816 1043/912/821 1042/910/819
f 1038/907/816 1039/908/817 1044/913/822 1043/912/821
f 1039/908/817 1040/909/818 1045/914/823 1044/913/822
f 176/401/366 445/883/824 1021/890/799 291/442/364
f 446/915/825 1025/898/807 441/881/826 189/880/827
f 190/916/828 451/917/829 1045/914/823 450/918/830
f 295/445/369 1041/911/820 455/919/831 177/443/367
f 445/883/824 444/889/832 1022/891/800 1021/890/799
f 447/920/833 1030/899/808 1025/898/807 446/915/825
f 451/917/829 452/921/834 1044/913/822 1045/914/823
f 294/455/382 1036/906/815 1041/911/820 295/445/369
f 444/889/832 443/887/835 1023/894/803 1022/891/800
f 448/922/836 1035/904/813 1030/899/808 447/920/833
f 452/921/834 453/923/837 1043/912/821 1044/913/822
f 293/452/378 1031/901/810 1036/906/815 294/455/382
f 443/887/835 442/885/838 1024/896/805 1023/894/803
f 449/924/839 1040/909/818 1035/904/813 448/922/836
f 453/923/837 454/925/840 1042/910/819 1043/912/821
f 292/449/374 1026/893/802 1031/901/810 293/452/378
f 442/885/838 441/881/826 1025/898/807 1024/896/805
f 450/918/830 1045/914/823 1040/909/818 449/924/839
f 454/925/840 455/919/831 1041/911/820 1042/910/819
f 291/442/364 1021/890/799 1026/893/802 292/449/374
f 1046/926/841 1047/927/842 1052/928/843 1051/929/844
f 1047/927/842 1048/930/845 1053/931/846 1052/928/843
f 1048/930/845 1049/932/847 1054/933/848 1053/931/846
f 1049/932/847 1050/934/849 1055/935/850 1054/933/848
f 1051/929/844 1052/928/843 1057/936/851 1056/937/852
f 1052/928/843 1053/931/846 1058/938/853 1057/936/851
f 1053/931/846 1054/933/848 1059/939/854 1058/938/853
f 1054/933/848 1055/935/850 1060/940/855 1059/939/854
f 1056/937/852 1057/936/851 1062/941/856 1061/942/857
f 1057/936/851 1058/938/853 1063/943/858 1062/941/856
f 1058/938/853 1059/939/854 1064/944/859 1063/943/858
f 1059/939/854 1060/940/855 1065/945/860 1064/944/859
f 1061/942/857 1062/941/856 1067/946/861 1066/947/862
f 1062/941/856 1063/943/858 1068/948/863 1067/946/861
f 1063/943/858 1064/944/859 1069/949/864 1068/948/863
f 1064/944/859 1065/945/860 1070/950/865 1069/949/864
f 177/443/415 455/919/866 1046/926/841 306/484/413
f 456/951/867 1050/934/849 451/917/868 190/916/869
f 191/952/870 461/953/871 1070/950/865 460/954/872
f 310/487/418 1066/947/862 465/955/873 178/485/416
f 455/919/866 454/925/874 1047/927/842 1046/926/841
f 457/956/875 1055/935/850 1050/934/849 456/951/867
f 461/953/871 462/957/876 1069/949/864 1070/950/865
f 309/497/430 1061/942/857 1066/947/862 310/487/418
f 454/925/874 453/923/877 1048/930/845 1047/927/842
f 458/958/878 1060/940/855 1055/935/850 457/956/875
f 462/957/876 463/959/877 1068/948/863 1069/949/864
f 308/494/427 1056/937/852 1061/942/857 309/497/430
f 453/923/877 452/921/879 1049/932/847 1048/930/845
f 459/960/880 1065/945/860 1060/940/855 458/958/878
f 463/959/877 464/961/881 1067/946/861 1068/948/863
f 307/491/423 1051/929/844 1056/937/852 308/494/427
f 452/921/879 451/917/868 1050/934/849 1049/932/847
f 460/954/872 1070/950/865 1065/945/860 459/960/880
f 464/961/881 465/955/873 1066/947/862 1067/946/861
f 306/484/413 1046/926/841 1051/929/844 307/491/423
f 1071/962/882 1072/963/883 1077/964/884 1076/965/885
f 1072/963/883 1073/966/886 1078/967/887 1077/964/884
f 1073/966/886 1074/968/888 1079/969/889 1078/967/887
f 1074/968/888 1075/970/890 1080/971/891 1079/969/889
f 1076/965/885 1077/964/884 1082/972/892 1081/973/893
f 1077/964/884 1078/967/887 1083/974/894 1082/972/892
f 1078/967/887 1079/969/889 1084/975/895 1083/974/894
f 1079/969/889 1080/971/891 1085/976/896 1084/975/895
f 1081/973/893 1082/972/892 1087/977/897 1086/978/898
f 1082/972/892 1083/974/894 1088/979/899 1087/977/897
f 1083/974/894 1084/975/895 1089/980/900 1088/979/899
f 1084/975/895 1085/976/896 1090/981/901 1089/980/900
f 1086/978/898 1087/977/897 1092/982/902 1091/983/903
f 1087/977/897 1088/979/899 1093/984/904 1092/982/902
f 1088/979/899 1089/980/900 1094/985/905 1093/984/904
f 1089/980/900 1090/981/901 1095/986/906 1094/985/905
f 178/485/463 465/955/907 1071/962/882 321/526/461
f 466/987/908 1075/970/890 461/953/909 191/952/910
f 192/988/911 471/989/912 1095/986/906 470/990/913
f 325/529/466 1091/983/903 475/991/914 179/527/464
f 465/955/907 464/961/915 1072/963/883 1071/962/882
f 467/992/916 1080/971/891 1075/970/890 466/987/908
f 471/989/912 472/993/917 1094/985/905 1095/986/906
f 324/539/479 1086/978/898 1091/983/903 325/529/466
f 464/961/915 463/959/918 1073/966/886 1072/963/883
f 468/994/919 1085/976/896 1080/971/891 467/992/916
f 472/993/917 473/995/920 1093/984/904 1094/985/905
f 323/536/475 1081/973/893 1086/978/898 324/539/479
f 463/959/918 462/957/921 1074/968/888 1073/966/886
f 469/996/922 1090/981/901 1085/976/896 468/994/919
f 473/995/920 474/997/923 1092/982/902 1093/984/904
f 322/533/471 1076/965/885 1081/973/893 323/536/475
f 462/957/921 461/953/909 1075/970/890 1074/968/888
f 470/990/913 1095/986/906 1090/981/901 469/996/922
f 474/997/923 475/991/914 1091/983/903 1092/982/902
f 321/526/461 1071/962/882 1076/965/885 322/533/471
f 1096/998/924 1097/999/925 1102/1000/926 1101/1001/927
f 1097/999/925 1098/1002/928 1103/1003/929 1102/1000/926
f 1098/1002/928 1099/1004/930 1104/1005/931 1103/1003/929
f 1099/1004/930 1100/1006/932 1105/1007/933 1104/1005/931
f 1101/1001/927 1102/1000/926 1107/1008/934 1106/1009/935
f 1102/1000/926 1103/1003/929 1108/1010/936 1107/1008/934
f 1103/1003/929 1104/1005/931 1109/1011/937 1108/1010/936
f 1104/1005/931 1105/1007/933 1110/1012/938 1109/1011/937
f 1106/1009/935 1107/1008/934 1112/1013/939 1111/1014/940
f 1107/1008/934 1108/1010/936 1113/1015/941 1112/1013/939
f 1108/1010/936 1109/1011/937 1114/1016/942 1113/1015/941
f 1109/1011/937 1110/1012/938 1115/1017/943 1114/1016/942
f 1111/1014/940 1112/1013/939 1117/1018/944 1116/1019/945
f 1112/1013/939 1113/1015/941 1118/1020/946 1117/1018/944
f 1113/1015/941 1114/1016/942 1119/1021/947 1118/1020/946
f 1114/1016/942 1115/1017/943 1120/1022/948 1119/1021/947
f 179/527/512 475/991/949 1096/998/924 336/568/510
f 476/1023/950 1100/1006/932 471/989/951 192/988/952
f 193/1024/952 481/1025/953 1120/1022/948 480/1026/954
f 340/571/515 1116/1019/945 485/1027/955 180/569/513
f 475/991/949 474/997/956 1097/999/925 1096/998/924
f 477/1028/957 1105/1007/933 1100/1006/932 476/1023/950
f 481/1025/953 482/1029/958 1119/1021/947 1120/1022/948
f 339/581/527 1111/1014/940 1116/1019/945 340/571/515
f 474/997/956 473/995/959 1098/1002/928 1097/999/925
f 478/1030/960 1110/1012/938 1105/1007/933 477/1028/957
f 482/1029/958 483/1031/961 1118/1020/946 1119/1021/947
f 338/578/523 1106/1009/935 1111/1014/940 339/581/527
f 473/995/959 472/993/962 1099/1004/930 1098/1002/928
f 479/1032/963 1115/1017/943 1110/1012/938 478/1030/960
f 483/1031/961 484/1033/964 1117/1018/944 1118/1020/946
f 337/575/519 1101/1001/927 1106/1009/935 338/578/523
f 472/993/962 471/989/951 1100/1006/932 1099/1004/930
f 480/1026/954 1120/1022/948 1115/1017/943 479/1032/963
f 484/1033/964 485/1027/955 1116/1019/945 1117/1018/944
f 336/568/510 1096/998/924 1101/1001/927 337/575/519
f 1121/1034/965 1122/1035/966 1127/1036/967 1126/1037/968
f 1122/1035/966 1123/1038/969 1128/1039/970 1127/1036/967
f 1123/1038/969 1124/1040/971 1129/1041/972 1128/1039/970
f 1124/1040/971 1125/1042/973 1130/1043/974 1129/1041/972
f 1126/1037/968 1127/1036/967 1132/1044/975 1131/1045/976
f 1127/1036/967 1128/1039/970 1133/1046/977 1132/1044/975
f 1128/1039/970 1129/1041/972 1134/1047/978 1133/1046/977
f 1129/1041/972 1130/1043/974 1135/1048/979 1134/1047/978
f 1131/1045/976 1132/1044/975 1137/1049/980 1136/1050/981
f 1132/1044/975 1133/1046/977 1138/1051/982 1137/1049/980
f 1133/1046/977 1134/1047/978 1139/1052/983 1138/1051/982
f 1134/1047/978 1135/1048/979 1140/1053/984 1139/1052/983
f 1136/1050/981 1137/1049/980 1142/1054/985 1141/1055/986
f 1137/1049/980 1138/1051/982 1143/1056/987 1142/1054/985
f 1138/1051/982 1139/1052/983 1144/1057/988 1143/1056/987
f 1139/1052/983 1140/1053/984 1145/1058/989 1144/1057/988
f 180/569/560 485/1027/990 1121/1034/965 351/610/558
f 486/1059/991 1125/1042/973 481/1025/992 193/1024/993
f 194/1060/994 491/1061/995 1145/1058/989 490/1062/996
f 355/613/563 1141/1055/986 495/1063/997 181/611/561
f 485/1027/990 484/1033/998 1122/1035/966 1121/1034/965
f 487/1064/999 1130/1043/974 1125/1042/973 486/1059/991
f 491/1061/995 492/1065/1000 1144/1057/988 1145/1058/989
f 354/623/576 1136/1050/981 1141/1055/986 355/613/563
f 484/1033/998 483/1031/1001 1123/1038/969 1122/1035/966
f 488/1066/1002 1135/1048/979 1130/1043/974 487/1064/999
f 492/1065/1000 493/1067/1003 1143/1056/987 1144/1057/988
f 353/620/572 1131/1045/976 1136/1050/981 354/623/576
f 483/1031/1001 482/1029/1004 1124/1040/971 1123/1038/969
f 489/1068/1005 1140/1053/984 1135/1048/979 488/1066/1002
f 493/1067/1003 494/1069/1006 1142/1054/985 1143/1056/987
f 352/617/568 1126/1037/968 1131/1045/976 353/620/572
f 482/1029/1004 481/1025/992 1125/1042/973 1124/1040/971
f 490/1062/996 1145/1058/989 1140/1053/984 489/1068/1005
f 494/1069/1006 495/1063/997 1141/1055/986 1142/1054/985
f 351/610/558 1121/1034/965 1126/1037/968 352/617/568
f 1146/1070/1007 1147/1071/1008 1152/1072/1009 1151/1073/1010
f 1147/1071/1008 1148/1074/1011 1153/1075/1012 1152/1072/1009
f 1148/1074/1011 1149/1076/1013 1154/1077/1014 1153/1075/1012
f 1149/1076/1013 1150/1078/1015 1155/1079/1016 1154/1077/1014
f 1151/1073/1010 1152/1072/1009 1157/1080/1017 1156/1081/1018
f 1152/1072/1009 1153/1075/1012 1158/1082/1019 1157/1080/1017
f 1153/1075/1012 1154/1077/1014 1159/1083/1020 1158/1082/1019
f 1154/1077/1014 1155/1079/1016 1160/1084/1021 1159/1083/1020
f 1156/1081/1018 1157/1080/1017 1162/1085/1022 1161/1086/1023
f 1157/1080/1017 1158/1082/1019 1163/1087/1024 1162/1085/1022
f 1158/1082/1019 1159/1083/1020 1164/1088/1025 1163/1087/1024
f 1159/1083/1020 1160/1084/1021 1165/1089/1026 1164/1088/1025
f 1161/1086/1023 1162/1085/1022 1167/1090/1027 1166/1091/1028
f 1162/1085/1022 1163/1087/1024 1168/1092/1029 1167/1090/1027
f 1163/1087/1024 1164/1088/1025 1169/1093/1030 1168/1092/1029
f 1164/1088/1025 1165/1089/1026 1170/1094/1031 1169/1093/1030
f 181/611/608 495/1063/1032 1146/1070/1007 366/652/606
f 496/1095/1033 1150/1078/1015 491/1061/1034 194/1060/1035
f 195/1096/1033 501/1097/1036 1170/1094/1031 500/1098/1037
f 370/655/610 1166/1091/1028 505/1099/1038 182/653/606
f 495/1063/1032 494/1069/1039 1147/1071/1008 1146/1070/1007
f 497/1100/1040 1155/1079/1016 1150/1078/1015 496/1095/1033
f 501/1097/1036 502/1101/1041 1169/1093/1030 1170/1094/1031
f 369/665/623 1161/1086/1023 1166/1091/1028 370/655/610
f 494/1069/1039 493/1067/1042 1148/1074/1011 1147/1071/1008
f 498/1102/1043 1160/1084/1021 1155/1079/1016 497/1100/1040
f 502/1101/1041 503/1103/1044 1168/1092/1029 1169/1093/1030
f 368/662/619 1156/1081/1018 1161/1086/1023 369/665/623
f 493/1067/1042 492/1065/1045 1149/1076/1013 1148/1074/1011
f 499/1104/1046 1165/1089/1026 1160/1084/1021 498/1102/1043
f 503/1103/1044 504/1105/1047 1167/1090/1027 1168/1092/1029
f 367/659/615 1151/1073/1010 1156/1081/1018 368/662/619
f 492/1065/1045 491/1061/1034 1150/1078/1015 1149/1076/1013
f 500/1098/1037 1170/1094/1031 1165/1089/1026 499/1104/1046
f 504/1105/1047 505/1099/1038 1166/1091/1028 1167/1090/1027
f 366/652/606 1146/1070/1007 1151/1073/1010 367/659/615
f 1171/1106/135 1172/1107/135 1177/1108/135 1176/1109/135
f 1172/1107/135 1173/1110/135 1178/1111/135 1177/1108/135
f 1173/1110/135 1174/1112/135 1179/1113/135 1178/1111/135
f 1174/1112/135 1175/1114/135 1180/1115/135 1179/1113/135
f 1176/1109/135 1177/1108/135 1182/1116/135 1181/1117/135
f 1177/1108/135 1178/1111/135 1183/1118/135 1182/1116/135
f 1178/1111/135 1179/1113/135 1184/1119/135 1183/1118/135
f 1179/1113/135 1180/1115/135 1185/1120/135 1184/1119/135
f 1181/1117/135 1182/1116/135 1187/1121/135 1186/1122/135
f 1182/1116/135 1183/1118/135 1188/1123/135 1187/1121/135
f 1183/1118/135 1184/1119/135 1189/1124/135 1188/1123/135
f 1184/1119/135 1185/1120/135 1190/1125/135 1189/1124/135
f 1186/1122/135 1187/1121/135 1192/1126/135 1191/1127/135
f 1187/1121/135 1188/1123/135 1193/1128/135 1192/1126/135
f 1188/1123/135 1189/1124/135 1194/1129/135 1193/1128/135
f 1189/1124/135 1190/1125/135 1195/1130/135 1194/1129/135
f 183/696/135 506/1131/135 1171/1106/135 386/694/135
f 215/1132/135 1175/1114/135 510/1133/135 157/1134/135
f 158/1135/135 511/1136/135 1195/1130/135 211/1137/135
f 390/699/135 1191/1127/135 515/1138/135 184/697/135
f 506/1131/135 507/1139/135 1172/1107/135 1171/1106/135
f 214/1140/135 1180/1115/135 1175/1114/135 215/1132/135
f 511/1136/135 512/1141/135 1194/1129/135 1195/1130/135
f 389/708/135 1186/1122/135 1191/1127/135 390/699/135
f 507/1139/135 508/1142/135 1173/1110/135 1172/1107/135
f 213/1143/135 1185/1120/135 1180/1115/135 214/1140/135
f 512/1141/135 513/1144/135 1193/1128/135 1194/1129/135
f 388/705/135 1181/1117/135 1186/1122/135 389/708/135
f 508/1142/135 509/1145/135 1174/1112/135 1173/1110/135
f 212/1146/135 1190/1125/135 1185/1120/135 213/1143/135
f 513/1144/135 514/1147/135 1192/1126/135 1193/1128/135
f 387/702/135 1176/1109/135 1181/1117/135 388/705/135
f 509/1145/135 510/1133/135 1175/1114/135 1174/1112/135
f 211/1137/135 1195/1130/135 1190/1125/135 212/1146/135
f 514/1147/135 515/1138/135 1191/1127/135 1192/1126/135
f 386/694/135 1171/1106/135 1176/1109/135 387/702/135
f 1196/1148/1048 1197/1149/1049 1202/1150/1049 1201/1151/1048
f 1197/1149/1049 1198/1152/1050 1203/1153/1050 1202/1150/1049
f 1198/1152/1050 1199/1154/1051 1204/1155/1051 1203/1153/1050
f 1199/1154/1051 1200/1156/1052 1205/1157/1052 1204/1155/1051
f 1201/1151/1048 1202/1150/1049 1207/1158/1049 1206/1159/1048
f 1202/1150/1049 1203/1153/1050 1208/1160/1050 1207/1158/1049
f 1203/1153/1050 1204/1155/1051 1209/1161/1051 1208/1160/1050
f 1204/1155/1051 1205/1157/1052 1210/1162/1052 1209/1161/1051
f 1206/1159/1048 1207/1158/1049 1212/1163/1049 1211/1164/1048
f 1207/1158/1049 1208/1160/1050 1213/1165/1050 1212/1163/1049
f 1208/1160/1050 1209/1161/1051 1214/1166/1051 1213/1165/1050
f 1209/1161/1051 1210/1162/1052 1215/1167/1052 1214/1166/1051
f 1211/1164/1048 1212/1163/1049 1217/1168/1049 1216/1169/1048
f 1212/1163/1049 1213/1165/1050 1218/1170/1050 1217/1168/1049
f 1213/1165/1050 1214/1166/1051 1219/1171/1051 1218/1170/1050
f 1214/1166/1051 1215/1167/1052 1220/1172/1052 1219/1171/1051
f 184/697/630 515/1138/1048 1196/1148/1048 396/735/630
f 230/1173/141 1200/1156/1052 511/1136/1052 158/1135/141
f 159/1174/141 516/1175/1052 1220/1172/1052 226/1176/141
f 400/738/630 1216/1169/1048 520/1177/1048 185/736/630
f 515/1138/1048 514/1147/1049 1197/1149/1049 1196/1148/1048
f 229/1178/141 1205/1157/1052 1200/1156/1052 230/1173/141
f 516/1175/1052 517/1179/1051 1219/1171/1051 1220/1172/1052
f 399/744/630 1211/1164/1048 1216/1169/1048 400/738/630
f 514/1147/1049 513/1144/1050 1198/1152/1050 1197/1149/1049
f 228/1180/141 1210/1162/1052 1205/1157/1052 229/1178/141
f 517/1179/1051 518/1181/1050 1218/1170/1050 1219/1171/1051
f 398/742/630 1206/1159/1048 1211/1164/1048 399/744/630
f 513/1144/1050 512/1141/1051 1199/1154/1051 1198/1152/1050
f 227/1182/141 1215/1167/1052 1210/1162/1052 228/1180/141
f 518/1181/1050 519/1183/1049 1217/1168/1049 1218/1170/1050
f 397/740/630 1201/1151/1048 1206/1159/1048 398/742/630
f 512/1141/1051 511/1136/1052 1200/1156/1052 1199/1154/1051
f 226/1176/141 1220/1172/1052 1215/1167/1052 227/1182/141
f 519/1183/1049 520/1177/1048 1216/1169/1048 1217/1168/1049
f 396/735/630 1196/1148/1048 1201/1151/1048 397/740/630
f 1221/1184/1053 1222/1185/1054 1227/1186/1055 1226/1187/1056
f 1222/1185/1054 1223/1188/1057 1228/1189/1058 1227/1186/1055
f 1223/1188/1057 1224/1190/1059 1229/1191/1060 1228/1189/1058
f 1224/1190/1059 1225/1192/1061 1230/1193/1062 1229/1191/1060
f 1226/1187/1056 1227/1186/1055 1232/1194/1063 1231/1195/1064
f 1227/1186/1055 1228/1189/1058 1233/1196/1065 1232/1194/1063
f 1228/1189/1058 1229/1191/1060 1234/1197/1066 1233/1196/1065
f 1229/1191/1060 1230/1193/1062 1235/1198/1067 1234/1197/1066
f 1231/1195/1064 1232/1194/1063 1237/1199/1068 1236/1200/1069
f 1232/1194/1063 1233/1196/1065 1238/1201/1070 1237/1199/1068
f 1233/1196/1065 1234/1197/1066 1239/1202/1071 1238/1201/1070
f 1234/1197/1066 1235/1198/1067 1240/1203/1072 1239/1202/1071
f 1236/1200/1069 1237/1199/1068 1242/1204/1073 1241/1205/1074
f 1237/1199/1068 1238/1201/1070 1243/1206/1075 1242/1204/1073
f 1238/1201/1070 1239/1202/1071 1244/1207/1076 1243/1206/1075
f 1239/1202/1071 1240/1203/1072 1245/1208/1077 1244/1207/1076
f 185/736/659 520/1177/1078 1221/1184/1053 406/771/657
f 245/1209/170 1225/1192/1061 516/1175/1079 159/1174/168
f 160/1210/179 521/1211/1080 1245/1208/1077 241/1212/177
f 410/774/662 1241/1205/1074 525/1213/1081 186/772/660
f 520/1177/1078 519/1183/1082 1222/1185/1054 1221/1184/1053
f 244/1214/191 1230/1193/1062 1225/1192/1061 245/1209/170
f 521/1211/1080 522/1215/1083 1244/1207/1076 1245/1208/1077
f 409/780/671 1236/1200/1069 1241/1205/1074 410/774/662
f 519/1183/1082 518/1181/1084 1223/1188/1057 1222/1185/1054
f 243/1216/187 1235/1198/1067 1230/1193/1062 244/1214/191
f 522/1215/1083 523/1217/1085 1243/1206/1075 1244/1207/1076
f 408/778/668 1231/1195/1064 1236/1200/1069 409/780/671
f 518/1181/1084 517/1179/1086 1224/1190/1059 1223/1188/1057
f 242/1218/183 1240/1203/1072 1235/1198/1067 243/1216/187
f 523/1217/1085 524/1219/1087 1242/1204/1073 1243/1206/1075
f 407/776/665 1226/1187/1056 1231/1195/1064 408/778/668
f 517/1179/1086 516/1175/1079 1225/1192/1061 1224/1190/1059
f 241/1212/177 1245/1208/1077 1240/1203/1072 242/1218/183
f 524/1219/1087 525/1213/1081 1241/1205/1074 1242/1204/1073
f 406/771/657 1221/1184/1053 1226/1187/1056 407/776/665
f 1246/1220/1088 1247/1221/1089 1252/1222/1090 1251/1223/1091
f 1247/1221/1089 1248/1224/1092 1253/1225/1093 1252/1222/1090
f 1248/1224/1092 1249/1226/1094 1254/1227/1095 1253/1225/1093
f 1249/1226/1094 1250/1228/1096 1255/1229/1097 1254/1227/1095
f 1251/1223/1091 1252/1222/1090 1257/1230/1098 1256/1231/1099
f 1252/1222/1090 1253/1225/1093 1258/1232/1100 1257/1230/1098
f 1253/1225/1093 1254/1227/1095 1259/1233/1101 1258/1232/1100
f 1254/1227/1095 1255/1229/1097 1260/1234/1102 1259/1233/1101
f 1256/1231/1099 1257/1230/1098 1262/1235/1103 1261/1236/1104
f 1257/1230/1098 1258/1232/1100 1263/1237/1105 1262/1235/1103
f 1258/1232/1100 1259/1233/1101 1264/1238/1106 1263/1237/1105
f 1259/1233/1101 1260/1234/1102 1265/1239/1107 1264/1238/1106
f 1261/1236/1104 1262/1235/1103 1267/1240/1108 1266/1241/1109
f 1262/1235/1103 1263/1237/1105 1268/1242/1110 1267/1240/1108
f 1263/1237/1105 1264/1238/1106 1269/1243/1111 1268/1242/1110
f 1264/1238/1106 1265/1239/1107 1270/1244/1112 1269/1243/1111
f 186/772/701 525/1213/1113 1246/1220/1088 416/807/699
f 260/1245/219 1250/1228/1096 521/1211/1114 160/1210/217
f 161/1246/228 526/1247/1115 1270/1244/1112 256/1248/226
f 420/810/704 1266/1241/1109 530/1249/1116 187/808/702
f 525/1213/1113 524/1219/1117 1247/1221/1089 1246/1220/1088
f 259/1250/240 1255/1229/1097 1250/1228/1096 260/1245/219
f 526/1247/1115 527/1251/1118 1269/1243/1111 1270/1244/1112
f 419/816/713 1261/1236/1104 1266/1241/1109 420/810/704
f 524/1219/1117 523/1217/1119 1248/1224/1092 1247/1221/1089
f 258/1252/236 1260/1234/1102 1255/1229/1097 259/1250/240
f 527/1251/1118 528/1253/1120 1268/1242/1110 1269/1243/1111
f 418/814/710 1256/1231/1099 1261/1236/1104 419/816/713
f 523/1217/1119 522/1215/1121 1249/1226/1094 1248/1224/1092
f 257/1254/232 1265/1239/1107 1260/1234/1102 258/1252/236
f 528/1253/1120 529/1255/1122 1267/1240/1108 1268/1242/1110
f 417/812/707 1251/1223/1091 1256/1231/1099 418/814/710
f 522/1215/1121 521/1211/1114 1250/1228/1096 1249/1226/1094
f 256/1248/226 1270/1244/1112 1265/1239/1107 257/1254/232
f 529/1255/1122 530/1249/1116 1266/1241/1109 1267/1240/1108
f 416/807/699 1246/1220/1088 1251/1223/1091 417/812/707
f 1271/1256/1123 1272/1257/1124 1277/1258/1125 1276/1259/1126
f 1272/1257/1124 1273/1260/1127 1278/1261/1128 1277/1258/1125
f 1273/1260/1127 1274/1262/1129 1279/1263/1130 1278/1261/1128
f 1274/1262/1129 1275/1264/1131 1280/1265/1132 1279/1263/1130
f 1276/1259/1126 1277/1258/1125 1282/1266/1133 1281/1267/1134
f 1277/1258/1125 1278/1261/1128 1283/1268/1135 1282/1266/1133
f 1278/1261/1128 1279/1263/1130 1284/1269/1136 1283/1268/1135
f 1279/1263/1130 1280/1265/1132 1285/1270/1137 1284/1269/1136
f 1281/1267/1134 1282/1266/1133 1287/1271/1138 1286/1272/1139
f 1282/1266/1133 1283/1268/1135 1288/1273/1140 1287/1271/1138
f 1283/1268/1135 1284/1269/1136 1289/1274/1141 1288/1273/1140
f 1284/1269/1136 1285/1270/1137 1290/1275/1142 1289/1274/1141
f 1286/1272/1139 1287/1271/1138 1292/1276/1143 1291/1277/1144
f 1287/1271/1138 1288/1273/1140 1293/1278/1145 1292/1276/1143
f 1288/1273/1140 1289/1274/1141 1294/1279/1146 1293/1278/1145
f 1289/1274/1141 1290/1275/1142 1295/1280/1147 1294/1279/1146
f 187/808/743 530/1249/1148 1271/1256/1123 426/843/741
f 275/1281/268 1275/1264/1131 526/1247/1149 161/1246/266
f 162/1282/266 531/1283/1150 1295/1280/1147 271/1284/274
f 430/846/746 1291/1277/1144 535/1285/1151 188/844/744
f 530/1249/1148 529/1255/1152 1272/1257/1124 1271/1256/1123
f 274/1286/286 1280/1265/1132 1275/1264/1131 275/1281/268
f 531/1283/1150 532/1287/1153 1294/1279/1146 1295/1280/1147
f 429/852/755 1286/1272/1139 1291/1277/1144 430/846/746
f 529/1255/1152 528/1253/1154 1273/1260/1127 1272/1257/1124
f 273/1288/282 1285/1270/1137 1280/1265/1132 274/1286/286
f 532/1287/1153 533/1289/1154 1293/1278/1145 1294/1279/1146
f 428/850/752 1281/1267/1134 1286/1272/1139 429/852/755
f 528/1253/1154 527/1251/1155 1274/1262/1129 1273/1260/1127
f 272/1290/279 1290/1275/1142 1285/1270/1137 273/1288/282
f 533/1289/1154 534/1291/1156 1292/1276/1143 1293/1278/1145
f 427/848/749 1276/1259/1126 1281/1267/1134 428/850/752
f 527/1251/1155 526/1247/1149 1275/1264/1131 1274/1262/1129
f 271/1284/274 1295/1280/1147 1290/1275/1142 272/1290/279
f 534/1291/1156 535/1285/1151 1291/1277/1144 1292/1276/1143
f 426/843/741 1271/1256/1123 1276/1259/1126 427/848/749
f 1296/1292/1157 1297/1293/1158 1302/1294/1159 1301/1295/1160
f 1297/1293/1158 1298/1296/1161 1303/1297/1162 1302/1294/1159
f 1298/1296/1161 1299/1298/1163 1304/1299/1164 1303/1297/1162
f 1299/1298/1163 1300/1300/1165 1305/1301/1166 1304/1299/1164
f 1301/1295/1160 1302/1294/1159 1307/1302/1167 1306/1303/1168
f 1302/1294/1159 1303/1297/1162 1308/1304/1169 1307/1302/1167
f 1303/1297/1162 1304/1299/1164 1309/1305/1170 1308/1304/1169
f 1304/1299/1164 1305/1301/1166 1310/1306/1171 1309/1305/1170
f 1306/1303/1168 1307/1302/1167 1312/1307/1172 1311/1308/1173
f 1307/1302/1167 1308/1304/1169 1313/1309/1174 1312/1307/1172
f 1308/1304/1169 1309/1305/1170 1314/1310/1175 1313/1309/1174
f 1309/1305/1170 1310/1306/1171 1315/1311/1176 1314/1310/1175
f 1311/1308/1173 1312/1307/1172 1317/1312/1177 1316/1313/1178
f 1312/1307/1172 1313/1309/1174 1318/1314/1179 1317/1312/1177
f 1313/1309/1174 1314/1310/1175 1319/1315/1180 1318/1314/1179
f 1314/1310/1175 1315/1311/1176 1320/1316/1181 1319/1315/1180
f 188/844/785 535/1285/1182 1296/1292/1157 436/879/783
f 290/1317/314 1300/1300/1165 531/1283/1183 162/1282/312
f 163/1318/323 536/1319/1184 1320/1316/1181 286/1320/321
f 440/882/788 1316/1313/1178 540/1321/1185 189/880/786
f 535/1285/1182 534/1291/1186 1297/1293/1158 1296/1292/1157
f 289/1322/335 1305/1301/1166 1300/1300/1165 290/1317/314
f 536/1319/1184 537/1323/1187 1319/1315/1180 1320/1316/1181
f 439/888/797 1311/1308/1173 1316/1313/1178 440/882/788
f 534/1291/1186 533/1289/1188 1298/1296/1161 1297/1293/1158
f 288/1324/331 1310/1306/1171 1305/1301/1166 289/1322/335
f 537/1323/1187 538/1325/1189 1318/1314/1179 1319/1315/1180
f 438/886/794 1306/1303/1168 1311/1308/1173 439/888/797
f 533/1289/1188 532/1287/1190 1299/1298/1163 1298/1296/1161
f 287/1326/327 1315/1311/1176 1310/1306/1171 288/1324/331
f 538/1325/1189 539/1327/1191 1317/1312/1177 1318/1314/1179
f 437/884/791 1301/1295/1160 1306/1303/1168 438/886/794
f 532/1287/1190 531/1283/1183 1300/1300/1165 1299/1298/1163
f 286/1320/321 1320/1316/1181 1315/1311/1176 287/1326/327
f 539/1327/1191 540/1321/1185 1316/1313/1178 1317/1312/1177
f 436/879/783 1296/1292/1157 1301/1295/1160 437/884/791
f 1321/1328/1192 1322/1329/1193 1327/1330/1194 1326/1331/1195
f 1322/1329/1193 1323/1332/1196 1328/1333/1197 1327/1330/1194
f 1323/1332/1196 1324/1334/1198 1329/1335/1199 1328/1333/1197
f 1324/1334/1198 1325/1336/1200 1330/1337/1201 1329/1335/1199
f 1326/1331/1195 1327/1330/1194 1332/1338/1202 1331/1339/1203
f 1327/1330/1194 1328/1333/1197 1333/1340/1204 1332/1338/1202
f 1328/1333/1197 1329/1335/1199 1334/1341/1205 1333/1340/1204
f 1329/1335/1199 1330/1337/1201 1335/1342/1206 1334/1341/1205
f 1331/1339/1203 1332/1338/1202 1337/1343/1207 1336/1344/1208
f 1332/1338/1202 1333/1340/1204 1338/1345/1209 1337/1343/1207
f 1333/1340/1204 1334/1341/1205 1339/1346/1210 1338/1345/1209
f 1334/1341/1205 1335/1342/1206 1340/1347/1211 1339/1346/1210
f 1336/1344/1208 1337/1343/1207 1342/1348/1212 1341/1349/1213
f 1337/1343/1207 1338/1345/1209 1343/1350/1214 1342/1348/1212
f 1338/1345/1209 1339/1346/1210 1344/1351/1215 1343/1350/1214
f 1339/1346/1210 1340/1347/1211 1345/1352/1216 1344/1351/1215
f 189/880/827 540/1321/1217 1321/1328/1192 446/915/825
f 305/1353/363 1325/1336/1200 536/1319/1218 163/1318/361
f 164/1354/372 541/1355/1219 1345/1352/1216 301/1356/370
f 450/918/830 1341/1349/1213 545/1357/1220 190/916/828
f 540/1321/1217 539/1327/1221 1322/1329/1193 1321/1328/1192
f 304/1358/384 1330/1337/1201 1325/1336/1200 305/1353/363
f 541/1355/1219 542/1359/1222 1344/1351/1215 1345/1352/1216
f 449/924/839 1336/1344/1208 1341/1349/1213 450/918/830
f 539/1327/1221 538/1325/1223 1323/1332/1196 1322/1329/1193
f 303/1360/380 1335/1342/1206 1330/1337/1201 304/1358/384
f 542/1359/1222 543/1361/1224 1343/1350/1214 1344/1351/1215
f 448/922/836 1331/1339/1203 1336/1344/1208 449/924/839
f 538/1325/1223 537/1323/1225 1324/1334/1198 1323/1332/1196
f 302/1362/376 1340/1347/1211 1335/1342/1206 303/1360/380
f 543/1361/1224 544/1363/1226 1342/1348/1212 1343/1350/1214
f 447/920/833 1326/1331/1195 1331/1339/1203 448/922/836
f 537/1323/1225 536/1319/1218 1325/1336/1200 1324/1334/1198
f 301/1356/370 1345/1352/1216 1340/1347/1211 302/1362/376
f 544/1363/1226 545/1357/1220 1341/1349/1213 1342/1348/1212
f 446/915/825 1321/1328/1192 1326/1331/1195 447/920/833
f 1346/1364/1227 1347/1365/1228 1352/1366/1229 1351/1367/1230
f 1347/1365/1228 1348/1368/1231 1353/1369/1232 1352/1366/1229
f 1348/1368/1231 1349/1370/1233 1354/1371/1234 1353/1369/1232
f 1349/1370/1233 1350/1372/1235 1355/1373/1236 1354/1371/1234
f 1351/1367/1230 1352/1366/1229 1357/1374/1237 1356/1375/1238
f 1352/1366/1229 1353/1369/1232 1358/1376/1239 1357/1374/1237
f 1353/1369/1232 1354/1371/1234 1359/1377/1240 1358/1376/1239
f 1354/1371/1234 1355/1373/1236 1360/1378/1241 1359/1377/1240
f 1356/1375/1238 1357/1374/1237 1362/1379/1242 1361/1380/1243
f 1357/1374/1237 1358/1376/1239 1363/1381/1244 1362/1379/1242
f 1358/1376/1239 1359/1377/1240 1364/1382/1245 1363/1381/1244
f 1359/1377/1240 1360/1378/1241 1365/1383/1246 1364/1382/1245
f 1361/1380/1243 1362/1379/1242 1367/1384/1247 1366/1385/1248
f 1362/1379/1242 1363/1381/1244 1368/1386/1249 1367/1384/1247
f 1363/1381/1244 1364/1382/1245 1369/1387/1250 1368/1386/1249
f 1364/1382/1245 1365/1383/1246 1370/1388/1251 1369/1387/1250
f 190/916/869 545/1357/1252 1346/1364/1227 456/951/867
f 320/1389/412 1350/1372/1235 541/1355/1253 164/1354/410
f 165/1390/421 546/1391/1254 1370/1388/1251 316/1392/419
f 460/954/872 1366/1385/1248 550/1393/1255 191/952/870
f 545/1357/1252 544/1363/1256 1347/1365/1228 1346/1364/1227
f 319/1394/432 1355/1373/1236 1350/1372/1235 320/1389/412
f 546/1391/1254 547/1395/1257 1369/1387/1250 1370/1388/1251
f 459/960/880 1361/1380/1243 1366/1385/1248 460/954/872
f 544/1363/1256 543/1361/1258 1348/1368/1231 1347/1365/1228
f 318/1396/428 1360/1378/1241 1355/1373/1236 319/1394/432
f 547/1395/1257 548/1397/1258 1368/1386/1249 1369/1387/1250
f 458/958/878 1356/1375/1238 1361/1380/1243 459/960/880
f 543/1361/1258 542/1359/1259 1349/1370/1233 1348/1368/1231
f 317/1398/425 1365/1383/1246 1360/1378/1241 318/1396/428
f 548/1397/1258 549/1399/1260 1367/1384/1247 1368/1386/1249
f 457/956/875 1351/1367/1230 1356/1375/1238 458/958/878
f 542/1359/1259 541/1355/1253 1350/1372/1235 1349/1370/1233
f 316/1392/419 1370/1388/1251 1365/1383/1246 317/1398/425
f 549/1399/1260 550/1393/1255 1366/1385/1248 1367/1384/1247
f 456/951/867 1346/1364/1227 1351/1367/1230 457/956/875
f 1371/1400/1261 1372/1401/1262 1377/1402/1263 1376/1403/1264
f 1372/1401/1262 1373/1404/1265 1378/1405/1266 1377/1402/1263
f 1373/1404/1265 1374/1406/1267 1379/1407/1268 1378/1405/1266
f 1374/1406/1267 1375/1408/1269 1380/1409/1270 1379/1407/1268
f 1376/1403/1264 1377/1402/1263 1382/1410/1271 1381/1411/1272
f 1377/1402/1263 1378/1405/1266 1383/1412/1273 1382/1410/1271
f 1378/1405/1266 1379/1407/1268 1384/1413/1274 1383/1412/1273
f 1379/1407/1268 1380/1409/1270 1385/1414/1275 1384/1413/1274
f 1381/1411/1272 1382/1410/1271 1387/1415/1276 1386/1416/1277
f 1382/1410/1271 1383/1412/1273 1388/1417/1278 1387/1415/1276
f 1383/1412/1273 1384/1413/1274 1389/1418/1279 1388/1417/1278
f 1384/1413/1274 1385/1414/1275 1390/1419/1280 1389/1418/1279
f 1386/1416/1277 1387/1415/1276 1392/1420/1281 1391/1421/1282
f 1387/1415/1276 1388/1417/1278 1393/1422/1283 1392/1420/1281
f 1388/1417/1278 1389/1418/1279 1394/1423/1284 1393/1422/1283
f 1389/1418/1279 1390/1419/1280 1395/1424/1285 1394/1423/1284
f 191/952/910 550/1393/1286 1371/1400/1261 466/987/908
f 335/1425/460 1375/1408/1269 546/1391/1287 165/1390/458
f 166/1426/469 551/1427/1288 1395/1424/1285 331/1428/467
f 470/990/913 1391/1421/1282 555/1429/1289 192/988/911
f 550/1393/1286 549/1399/1290 1372/1401/1262 1371/1400/1261
f 334/1430/481 1380/1409/1270 1375/1408/1269 335/1425/460
f 551/1427/1288 552/1431/1291 1394/1423/1284 1395/1424/1285
f 469/996/922 1386/1416/1277 1391/1421/1282 470/990/913
f 549/1399/1290 548/1397/1292 1373/1404/1265 1372/1401/1262
f 333/1432/477 1385/1414/1275 1380/1409/1270 334/1430/481
f 552/1431/1291 553/1433/1293 1393/1422/1283 1394/1423/1284
f 468/994/919 1381/1411/1272 1386/1416/1277 469/996/922
f 548/1397/1292 547/1395/1294 1374/1406/1267 1373/1404/1265
f 332/1434/473 1390/1419/1280 1385/1414/1275 333/1432/477
f 553/1433/1293 554/1435/1295 1392/1420/1281 1393/1422/1283
f 467/992/916 1376/1403/1264 1381/1411/1272 468/994/919
f 547/1395/1294 546/1391/1287 1375/1408/1269 1374/1406/1267
f 331/1428/467 1395/1424/1285 1390/1419/1280 332/1434/473
f 554/1435/1295 555/1429/1289 1391/1421/1282 1392/1420/1281
f 466/987/908 1371/1400/1261 1376/1403/1264 467/992/916
f 1396/1436/1296 1397/1437/1297 1402/1438/1298 1401/1439/1299
f 1397/1437/1297 1398/1440/1300 1403/1441/1301 1402/1438/1298
f 1398/1440/1300 1399/1442/1302 1404/1443/1303 1403/1441/1301
f 1399/1442/1302 1400/1444/1304 1405/1445/1305 1404/1443/1303
f 1401/1439/1299 1402/1438/1298 1407/1446/1306 1406/1447/1307
f 1402/1438/1298 1403/1441/1301 1408/1448/1308 1407/1446/1306
f 1403/1441/1301 1404/1443/1303 1409/1449/1309 1408/1448/1308
f 1404/1443/1303 1405/1445/1305 1410/1450/1310 1409/1449/1309
f 1406/1447/1307 1407/1446/1306 1412/1451/1311 1411/1452/1312
f 1407/1446/1306 1408/1448/1308 1413/1453/1313 1412/1451/1311
f 1408/1448/1308 1409/1449/1309 1414/1454/1314 1413/1453/1313
f 1409/1449/1309 1410/1450/1310 1415/1455/1315 1414/1454/1314
f 1411/1452/1312 1412/1451/1311 1417/1456/1316 1416/1457/1317
f 1412/1451/1311 1413/1453/1313 1418/1458/1318 1417/1456/1316
f 1413/1453/1313 1414/1454/1314 1419/1459/1319 1418/1458/1318
f 1414/1454/1314 1415/1455/1315 1420/1460/1320 1419/1459/1319
f 192/988/952 555/1429/1321 1396/1436/1296 476/1023/950
f 350/1461/509 1400/1444/1304 551/1427/1322 166/1426/507
f 167/1462/507 556/1463/1323 1420/1460/1320 346/1464/516
f 480/1026/954 1416/1457/1317 560/1465/1324 193/1024/952
f 555/1429/1321 554/1435/1325 1397/1437/1297 1396/1436/1296
f 349/1466/529 1405/1445/1305 1400/1444/1304 350/1461/509
f 556/1463/1323 557/1467/1326 1419/1459/1319 1420/1460/1320
f 479/1032/963 1411/1452/1312 1416/1457/1317 480/1026/954
f 554/1435/1325 553/1433/1327 1398/1440/1300 1397/1437/1297
f 348/1468/525 1410/1450/1310 1405/1445/1305 349/1466/529
f 557/1467/1326 558/1469/1328 1418/1458/1318 1419/1459/1319
f 478/1030/960 1406/1447/1307 1411/1452/1312 479/1032/963
f 553/1433/1327 552/1431/1329 1399/1442/1302 1398/1440/1300
f 347/1470/521 1415/1455/1315 1410/1450/1310 348/1468/525
f 558/1469/1328 559/1471/1330 1417/1456/1316 1418/1458/1318
f 477/1028/957 1401/1439/1299 1406/1447/1307 478/1030/960
f 552/1431/1329 551/1427/1322 1400/1444/1304 1399/1442/1302
f 346/1464/516 1420/1460/1320 1415/1455/1315 347/1470/521
f 559/1471/1330 560/1465/1324 1416/1457/1317 1417/1456/1316
f 476/1023/950 1396/1436/1296 1401/1439/1299 477/1028/957
f 1421/1472/1331 1422/1473/1332 1427/1474/1333 1426/1475/1334
f 1422/1473/1332 1423/1476/1335 1428/1477/1336 1427/1474/1333
f 1423/1476/1335 1424/1478/1337 1429/1479/1338 1428/1477/1336
f 1424/1478/1337 1425/1480/1339 1430/1481/1340 1429/1479/1338
f 1426/1475/1334 1427/1474/1333 1432/1482/1341 1431/1483/1342
f 1427/1474/1333 1428/1477/1336 1433/1484/1343 1432/1482/1341
f 1428/1477/1336 1429/1479/1338 1434/1485/1344 1433/1484/1343
f 1429/1479/1338 1430/1481/1340 1435/1486/1345 1434/1485/1344
f 1431/1483/1342 1432/1482/1341 1437/1487/1346 1436/1488/1347
f 1432/1482/1341 1433/1484/1343 1438/1489/1348 1437/1487/1346
f 1433/1484/1343 1434/1485/1344 1439/1490/1349 1438/1489/1348
f 1434/1485/1344 1435/1486/1345 1440/1491/1350 1439/1490/1349
f 1436/1488/1347 1437/1487/1346 1442/1492/1351 1441/1493/1352
f 1437/1487/1346 1438/1489/1348 1443/1494/1353 1442/1492/1351
f 1438/1489/1348 1439/1490/1349 1444/1495/1354 1443/1494/1353
f 1439/1490/1349 1440/1491/1350 1445/1496/1355 1444/1495/1354
f 193/1024/993 560/1465/1356 1421/1472/1331 486/1059/991
f 365/1497/557 1425/1480/1339 556/1463/1357 167/1462/555
f 168/1498/566 561/1499/1358 1445/1496/1355 361/1500/564
f 490/1062/996 1441/1493/1352 565/1501/1359 194/1060/994
f 560/1465/1356 559/1471/1360 1422/1473/1332 1421/1472/1331
f 364/1502/578 1430/1481/1340 1425/1480/1339 365/1497/557
f 561/1499/1358 562/1503/1361 1444/1495/1354 1445/1496/1355
f 489/1068/1005 1436/1488/1347 1441/1493/1352 490/1062/996
f 559/1471/1360 558/1469/1362 1423/1476/1335 1422/1473/1332
f 363/1504/574 1435/1486/1345 1430/1481/1340 364/1502/578
f 562/1503/1361 563/1505/1363 1443/1494/1353 1444/1495/1354
f 488/1066/1002 1431/1483/1342 1436/1488/1347 489/1068/1005
f 558/1469/1362 557/1467/1364 1424/1478/1337 1423/1476/1335
f 362/1506/570 1440/1491/1350 1435/1486/1345 363/1504/574
f 563/1505/1363 564/1507/1365 1442/1492/1351 1443/1494/1353
f 487/1064/999 1426/1475/1334 1431/1483/1342 488/1066/1002
f 557/1467/1364 556/1463/1357 1425/1480/1339 1424/1478/1337
f 361/1500/564 1445/1496/1355 1440/1491/1350 362/1506/570
f 564/1507/1365 565/1501/1359 1441/1493/1352 1442/1492/1351
f 486/1059/991 1421/1472/1331 1426/1475/1334 487/1064/999
f 1446/1508/1366 1447/1509/1367 1452/1510/1368 1451/1511/1369
f 1447/1509/1367 1448/1512/1370 1453/1513/1371 1452/1510/1368
f 1448/1512/1370 1449/1514/1372 1454/1515/1373 1453/1513/1371
f 1449/1514/1372 1450/1516/1374 1455/1517/1375 1454/1515/1373
f 1451/1511/1369 1452/1510/1368 1457/1518/1376 1456/1519/1377
f 1452/1510/1368 1453/1513/1371 1458/1520/1378 1457/1518/1376
f 1453/1513/1371 1454/1515/1373 1459/1521/1379 1458/1520/1378
f 1454/1515/1373 1455/1517/1375 1460/1522/1380 1459/1521/1379
f 1456/1519/1377 1457/1518/1376 1462/1523/1381 1461/1524/1382
f 1457/1518/1376 1458/1520/1378 1463/1525/1371 1462/1523/1381
f 1458/1520/1378 1459/1521/1379 1464/1526/1383 1463/1525/1371
f 1459/1521/1379 1460/1522/1380 1465/1527/1384 1464/1526/1383
f 1461/1524/1382 1462/1523/1381 1467/1528/1385 1466/1529/1386
f 1462/1523/1381 1463/1525/1371 1468/1530/1387 1467/1528/1385
f 1463/1525/1371 1464/1526/1383 1469/1531/1388 1468/1530/1387
f 1464/1526/1383 1465/1527/1384 1470/1532/1389 1469/1531/1388
f 194/1060/1035 565/1501/1390 1446/1508/1366 496/1095/1033
f 380/1533/605 1450/1516/1374 561/1499/1391 168/1498/603
f 169/1534/613 566/1535/1392 1470/1532/1389 376/1536/611
f 500/1098/1037 1466/1529/1386 570/1537/1393 195/1096/1033
f 565/1501/1390 564/1507/1394 1447/1509/1367 1446/1508/1366
f 379/1538/611 1455/1517/1375 1450/1516/1374 380/1533/605
f 566/1535/1392 567/1539/1395 1469/1531/1388 1470/1532/1389
f 499/1104/1046 1461/1524/1382 1466/1529/1386 500/1098/1037
f 564/1507/1394 563/1505/1396 1448/1512/1370 1447/1509/1367
f 378/1540/621 1460/1522/1380 1455/1517/1375 379/1538/611
f 567/1539/1395 568/1541/1397 1468/1530/1387 1469/1531/1388
f 498/1102/1043 1456/1519/1377 1461/1524/1382 499/1104/1046
f 563/1505/1396 562/1503/1398 1449/1514/1372 1448/1512/1370
f 377/1542/617 1465/1527/1384 1460/1522/1380 378/1540/621
f 568/1541/1397 569/1543/1399 1467/1528/1385 1468/1530/1387
f 497/1100/1040 1451/1511/1369 1456/1519/1377 498/1102/1043
f 562/1503/1398 561/1499/1391 1450/1516/1374 1449/1514/1372
f 376/1536/611 1470/1532/1389 1465/1527/1384 377/1542/617
f 569/1543/1399 570/1537/1393 1466/1529/1386 1467/1528/1385
f 496/1095/1033 1446/1508/1366 1451/1511/1369 497/1100/1040
