# Blender v3.0.1 OBJ File: 'tablero.blend'
# www.blender.org
mtllib peon.mtl
o Line008_Malla.002
v -0.000000 0.165501 -0.000000
v -0.097054 0.165516 -0.000000
v -0.097054 0.185859 -0.000000
v -0.082752 0.188079 -0.000000
v -0.087314 0.193997 -0.000000
v -0.094342 0.198682 -0.000000
v -0.096765 0.209676 -0.000094
v -0.091876 0.220752 -0.000000
v -0.057970 0.248863 -0.000000
v -0.058434 0.258039 -0.000000
v -0.065808 0.261650 -0.000148
v -0.062996 0.268149 -0.000000
v -0.052269 0.270368 -0.000000
v -0.040803 0.281958 -0.000000
v -0.029618 0.318596 -0.000000
v -0.032408 0.346676 0.000000
v -0.054351 0.346490 0.000000
v -0.063337 0.353825 0.000186
v -0.059744 0.363598 0.000000
v -0.048586 0.365829 0.000000
v -0.033895 0.369548 0.000000
v -0.020134 0.379776 0.000000
v -0.029982 0.382794 0.000000
v -0.041512 0.391348 0.000000
v -0.053227 0.405481 0.000000
v -0.059364 0.417940 0.000000
v -0.063613 0.438987 0.000061
v -0.055459 0.461083 0.000000
v -0.046262 0.474284 0.000000
v -0.030270 0.485628 0.000000
v -0.016509 0.491021 0.000000
v -0.000330 0.492694 0.000000
v -0.000000 0.165501 0.000000
v 0.048527 0.165516 0.084051
v 0.048527 0.185860 0.084051
v 0.041376 0.188079 0.071665
v 0.043657 0.193997 0.075616
v 0.047171 0.198682 0.081702
v 0.048301 0.209676 0.083848
v 0.045938 0.220752 0.079567
v 0.028985 0.248863 0.050203
v 0.029217 0.258039 0.050605
v 0.032775 0.261650 0.057065
v 0.031498 0.268149 0.054556
v 0.026134 0.270368 0.045266
v 0.020401 0.281958 0.035336
v 0.014809 0.318596 0.025650
v 0.016204 0.346676 0.028066
v 0.027175 0.346490 0.047069
v 0.031829 0.353825 0.054758
v 0.029872 0.363598 0.051739
v 0.024293 0.365829 0.042077
v 0.016948 0.369548 0.029354
v 0.010067 0.379776 0.017437
v 0.014991 0.382794 0.025966
v 0.020756 0.391348 0.035950
v 0.026614 0.405481 0.046096
v 0.029682 0.417940 0.051411
v 0.031859 0.438987 0.055060
v 0.027729 0.461083 0.048029
v 0.023131 0.474284 0.040064
v 0.015135 0.485628 0.026214
v 0.008254 0.491021 0.014297
v 0.000165 0.492694 0.000286
v -0.000000 0.165501 0.000000
v 0.048527 0.165516 -0.084051
v 0.048527 0.185859 -0.084051
v 0.041376 0.188079 -0.071665
v 0.043657 0.193997 -0.075616
v 0.047171 0.198682 -0.081702
v 0.048464 0.209676 -0.083754
v 0.045938 0.220752 -0.079567
v 0.028985 0.248863 -0.050203
v 0.029217 0.258039 -0.050605
v 0.033032 0.261650 -0.056917
v 0.031498 0.268149 -0.054556
v 0.026135 0.270368 -0.045266
v 0.020401 0.281958 -0.035336
v 0.014809 0.318596 -0.025650
v 0.016204 0.346676 -0.028066
v 0.027175 0.346490 -0.047069
v 0.031508 0.353825 -0.054944
v 0.029872 0.363598 -0.051739
v 0.024293 0.365829 -0.042077
v 0.016948 0.369548 -0.029354
v 0.010067 0.379776 -0.017437
v 0.014991 0.382794 -0.025966
v 0.020756 0.391348 -0.035950
v 0.026614 0.405481 -0.046096
v 0.029682 0.417940 -0.051411
v 0.031754 0.438987 -0.055121
v 0.027729 0.461083 -0.048029
v 0.023131 0.474284 -0.040064
v 0.015135 0.485628 -0.026214
v 0.008254 0.491021 -0.014297
v 0.000165 0.492694 -0.000286
v -0.000000 0.165501 -0.000000
v -0.000000 0.165501 -0.000000
v -0.000000 0.165501 -0.000000
v -0.000000 0.165501 -0.000000
v -0.000000 0.165501 0.000000
v 0.008088 0.165503 0.014009
v 0.016176 0.165506 0.028017
v 0.024263 0.165508 0.042026
v 0.032351 0.165511 0.056034
v 0.040439 0.165513 0.070043
v 0.015345 0.165516 0.095930
v -0.017887 0.165516 0.095366
v -0.048454 0.165516 0.083925
v -0.073646 0.165516 0.063173
v -0.090750 0.165516 0.034676
v -0.080879 0.165513 -0.000000
v -0.064703 0.165511 -0.000000
v -0.048527 0.165508 -0.000000
v -0.032351 0.165506 -0.000000
v -0.016176 0.165503 -0.000000
v 0.048527 0.168906 0.084051
v 0.048527 0.172297 0.084051
v 0.048527 0.175688 0.084051
v 0.048527 0.179078 0.084051
v 0.048527 0.182469 0.084051
v 0.015345 0.185860 0.095930
v -0.017887 0.185860 0.095366
v -0.048454 0.185859 0.083925
v -0.073646 0.185859 0.063173
v -0.090750 0.185860 0.034676
v -0.097054 0.182469 -0.000000
v -0.097054 0.179078 -0.000000
v -0.097054 0.175688 -0.000000
v -0.097054 0.172297 -0.000000
v -0.097054 0.168906 -0.000000
v 0.047335 0.186229 0.081987
v 0.046143 0.186599 0.079923
v 0.044952 0.186969 0.077858
v 0.043760 0.187339 0.075794
v 0.042568 0.187709 0.073730
v 0.013083 0.188079 0.081794
v -0.015251 0.188079 0.081313
v -0.041314 0.188079 0.071558
v -0.062793 0.188079 0.053864
v -0.077377 0.188079 0.029566
v -0.085136 0.187709 -0.000000
v -0.087519 0.187339 -0.000000
v -0.089903 0.186969 -0.000000
v -0.092287 0.186599 -0.000000
v -0.094671 0.186229 -0.000000
v 0.041756 0.189065 0.072324
v 0.042136 0.190052 0.072982
v 0.042516 0.191038 0.073641
v 0.042897 0.192024 0.074299
v 0.043277 0.193011 0.074958
v 0.013805 0.193997 0.086303
v -0.016092 0.193997 0.085795
v -0.043591 0.193997 0.075502
v -0.066255 0.193997 0.056833
v -0.081643 0.193997 0.031196
v -0.086554 0.193011 -0.000000
v -0.085793 0.192024 -0.000000
v -0.085033 0.191038 -0.000000
v -0.084273 0.190052 -0.000000
v -0.083512 0.189065 -0.000000
v 0.044243 0.194778 0.076630
v 0.044828 0.195559 0.077645
v 0.045414 0.196340 0.078659
v 0.046000 0.197120 0.079674
v 0.046585 0.197901 0.080688
v 0.014916 0.198682 0.093249
v -0.017387 0.198682 0.092701
v -0.047100 0.198682 0.081579
v -0.071588 0.198682 0.061408
v -0.088214 0.198682 0.033707
v -0.093170 0.197901 -0.000000
v -0.091999 0.197120 -0.000000
v -0.090828 0.196340 -0.000000
v -0.089657 0.195559 -0.000000
v -0.088485 0.194778 -0.000000
v 0.047359 0.200514 0.082060
v 0.047548 0.202347 0.082418
v 0.047736 0.204179 0.082775
v 0.047925 0.206011 0.083133
v 0.048113 0.207843 0.083491
v 0.015206 0.209676 0.095659
v -0.017925 0.209676 0.095065
v -0.048391 0.209676 0.083628
v -0.073488 0.209676 0.062914
v -0.090514 0.209676 0.034485
v -0.096362 0.207843 -0.000078
v -0.095958 0.206011 -0.000063
v -0.095554 0.204179 -0.000047
v -0.095150 0.202347 -0.000031
v -0.094746 0.200514 -0.000016
v 0.047908 0.211522 0.083135
v 0.047514 0.213368 0.082421
v 0.047120 0.215214 0.081707
v 0.046726 0.217060 0.080994
v 0.046332 0.218906 0.080280
v 0.014526 0.220752 0.090812
v -0.016932 0.220752 0.090278
v -0.045869 0.220752 0.079447
v -0.069717 0.220752 0.059803
v -0.085908 0.220752 0.032826
v -0.092691 0.218906 -0.000016
v -0.093506 0.217060 -0.000031
v -0.094321 0.215214 -0.000047
v -0.095136 0.213368 -0.000063
v -0.095951 0.211522 -0.000078
v 0.043112 0.225437 0.074673
v 0.040287 0.230122 0.069779
v 0.037461 0.234808 0.064885
v 0.034636 0.239493 0.059991
v 0.031810 0.244178 0.055097
v 0.009165 0.248863 0.057298
v -0.010684 0.248863 0.056961
v -0.028941 0.248863 0.050128
v -0.043988 0.248863 0.037733
v -0.054204 0.248863 0.020712
v -0.063621 0.244178 -0.000000
v -0.069272 0.239493 -0.000000
v -0.074923 0.234808 -0.000000
v -0.080574 0.230122 -0.000000
v -0.086225 0.225437 -0.000000
v 0.029024 0.250392 0.050270
v 0.029062 0.251922 0.050337
v 0.029101 0.253451 0.050404
v 0.029140 0.254980 0.050471
v 0.029178 0.256510 0.050538
v 0.009239 0.258039 0.057757
v -0.010769 0.258039 0.057417
v -0.029173 0.258039 0.050529
v -0.044340 0.258039 0.038035
v -0.054638 0.258039 0.020878
v -0.058357 0.256510 -0.000000
v -0.058279 0.254980 -0.000000
v -0.058202 0.253451 -0.000000
v -0.058125 0.251922 -0.000000
v -0.058047 0.250392 -0.000000
v 0.029810 0.258641 0.051682
v 0.030403 0.259243 0.052759
v 0.030996 0.259844 0.053835
v 0.031589 0.260446 0.054912
v 0.032182 0.261048 0.055989
v 0.010258 0.261650 0.065069
v -0.012274 0.261650 0.064635
v -0.032983 0.261650 0.056831
v -0.050032 0.261650 0.042722
v -0.061586 0.261650 0.023373
v -0.064579 0.261048 -0.000124
v -0.063350 0.260446 -0.000099
v -0.062121 0.259844 -0.000074
v -0.060892 0.259243 -0.000050
v -0.059663 0.258641 -0.000025
v 0.032562 0.262733 0.056647
v 0.032349 0.263816 0.056229
v 0.032136 0.264899 0.055811
v 0.031924 0.265983 0.055392
v 0.031711 0.267066 0.054974
v 0.009960 0.268149 0.062266
v -0.011610 0.268149 0.061900
v -0.031451 0.268149 0.054474
v -0.047802 0.268149 0.041004
v -0.058904 0.268149 0.022508
v -0.063464 0.267066 -0.000025
v -0.063933 0.265983 -0.000050
v -0.064402 0.264899 -0.000074
v -0.064870 0.263816 -0.000099
v -0.065339 0.262733 -0.000124
v 0.030604 0.268519 0.053008
v 0.029710 0.268889 0.051459
v 0.028816 0.269259 0.049911
v 0.027922 0.269629 0.048363
v 0.027028 0.269998 0.046815
v 0.008264 0.270368 0.051664
v -0.009633 0.270368 0.051360
v -0.026095 0.270368 0.045198
v -0.039663 0.270368 0.034022
v -0.048874 0.270368 0.018675
v -0.054057 0.269998 -0.000000
v -0.055845 0.269629 -0.000000
v -0.057632 0.269259 -0.000000
v -0.059420 0.268889 -0.000000
v -0.061208 0.268519 -0.000000
v 0.025179 0.272300 0.043611
v 0.024223 0.274232 0.041956
v 0.023268 0.276163 0.040301
v 0.022312 0.278095 0.038646
v 0.021357 0.280026 0.036991
v 0.006451 0.281958 0.040330
v -0.007520 0.281958 0.040093
v -0.020371 0.281958 0.035283
v -0.030962 0.281958 0.026559
v -0.038152 0.281958 0.014578
v -0.042714 0.280026 -0.000000
v -0.044625 0.278095 -0.000000
v -0.046536 0.276163 -0.000000
v -0.048447 0.274232 -0.000000
v -0.050358 0.272300 -0.000000
v 0.019469 0.288064 0.033722
v 0.018537 0.294171 0.032107
v 0.017605 0.300277 0.030493
v 0.016673 0.306383 0.028879
v 0.015741 0.312489 0.027264
v 0.004683 0.318596 0.029275
v -0.005459 0.318596 0.029103
v -0.014787 0.318596 0.025612
v -0.022475 0.318596 0.019279
v -0.027694 0.318596 0.010582
v -0.031482 0.312489 -0.000000
v -0.033346 0.306383 -0.000000
v -0.035210 0.300277 -0.000000
v -0.037075 0.294171 -0.000000
v -0.038939 0.288064 -0.000000
v 0.015042 0.323276 0.026053
v 0.015274 0.327956 0.026455
v 0.015506 0.332636 0.026858
v 0.015739 0.337316 0.027261
v 0.015971 0.341996 0.027663
v 0.005124 0.346676 0.032032
v -0.005973 0.346676 0.031844
v -0.016179 0.346676 0.028024
v -0.024591 0.346676 0.021094
v -0.030303 0.346676 0.011579
v -0.031943 0.341996 0.000000
v -0.031478 0.337316 0.000000
v -0.031013 0.332636 0.000000
v -0.030548 0.327956 -0.000000
v -0.030083 0.323276 -0.000000
v 0.018032 0.346645 0.031233
v 0.019861 0.346614 0.034400
v 0.021690 0.346583 0.037567
v 0.023518 0.346552 0.040735
v 0.025347 0.346521 0.043902
v 0.008593 0.346490 0.053721
v -0.010017 0.346490 0.053405
v -0.027135 0.346490 0.046998
v -0.041242 0.346490 0.035377
v -0.050821 0.346490 0.019419
v -0.050694 0.346521 0.000000
v -0.047036 0.346552 0.000000
v -0.043379 0.346583 0.000000
v -0.039722 0.346614 0.000000
v -0.036065 0.346645 0.000000
v 0.027951 0.347712 0.048351
v 0.028727 0.348935 0.049632
v 0.029502 0.350157 0.050914
v 0.030278 0.351380 0.052195
v 0.031053 0.352603 0.053477
v 0.010197 0.353825 0.062574
v -0.011490 0.353825 0.062269
v -0.031460 0.353825 0.054861
v -0.047940 0.353825 0.041367
v -0.059156 0.353825 0.022803
v -0.061839 0.352603 0.000155
v -0.060341 0.351380 0.000124
v -0.058844 0.350157 0.000093
v -0.057346 0.348935 0.000062
v -0.055848 0.347712 0.000031
v 0.031503 0.355454 0.054255
v 0.031176 0.357083 0.053752
v 0.030850 0.358711 0.053249
v 0.030524 0.360340 0.052746
v 0.030198 0.361969 0.052243
v 0.009446 0.363598 0.059052
v -0.011010 0.363598 0.058704
v -0.029827 0.363598 0.051662
v -0.045334 0.363598 0.038887
v -0.055863 0.363598 0.021346
v -0.060342 0.361969 0.000031
v -0.060941 0.360340 0.000062
v -0.061540 0.358711 0.000093
v -0.062139 0.357083 0.000124
v -0.062738 0.355454 0.000155
v 0.028942 0.363970 0.050129
v 0.028012 0.364342 0.048519
v 0.027082 0.364714 0.046908
v 0.026153 0.365085 0.045298
v 0.025223 0.365457 0.043687
v 0.007682 0.365829 0.048023
v -0.008954 0.365829 0.047741
v -0.024257 0.365829 0.042013
v -0.036868 0.365829 0.031625
v -0.045430 0.365829 0.017359
v -0.050446 0.365457 0.000000
v -0.052305 0.365085 0.000000
v -0.054165 0.364714 0.000000
v -0.056024 0.364342 0.000000
v -0.057884 0.363970 0.000000
v 0.023069 0.366449 0.039956
v 0.021845 0.367069 0.037836
v 0.020620 0.367689 0.035715
v 0.019396 0.368309 0.033595
v 0.018172 0.368929 0.031475
v 0.005359 0.369548 0.033503
v -0.006247 0.369548 0.033306
v -0.016922 0.369548 0.029310
v -0.025720 0.369548 0.022063
v -0.031694 0.369548 0.012110
v -0.036344 0.368929 0.000000
v -0.038792 0.368309 0.000000
v -0.041241 0.367689 0.000000
v -0.043689 0.367069 0.000000
v -0.046138 0.366449 0.000000
v 0.015801 0.371253 0.027368
v 0.014654 0.372958 0.025382
v 0.013507 0.374662 0.023395
v 0.012361 0.376367 0.021409
v 0.011214 0.378072 0.019423
v 0.003183 0.379776 0.019901
v -0.003711 0.379776 0.019784
v -0.010052 0.379776 0.017411
v -0.015278 0.379776 0.013106
v -0.018827 0.379776 0.007194
v -0.022428 0.378072 0.000000
v -0.024721 0.376367 0.000000
v -0.027015 0.374662 0.000000
v -0.029308 0.372958 0.000000
v -0.031602 0.371253 0.000000
v 0.010888 0.380279 0.018858
v 0.011708 0.380782 0.020280
v 0.012529 0.381285 0.021701
v 0.013350 0.381788 0.023123
v 0.014170 0.382291 0.024544
v 0.004740 0.382794 0.029635
v -0.005526 0.382794 0.029461
v -0.014969 0.382794 0.025926
v -0.022751 0.382794 0.019516
v -0.028035 0.382794 0.010712
v -0.028341 0.382291 0.000000
v -0.026700 0.381788 0.000000
v -0.025058 0.381285 0.000000
v -0.023417 0.380782 0.000000
v -0.021776 0.380279 0.000000
v 0.015952 0.384220 0.027630
v 0.016913 0.385645 0.029294
v 0.017874 0.387071 0.030958
v 0.018834 0.388497 0.032622
v 0.019795 0.389922 0.034286
v 0.006563 0.391348 0.041031
v -0.007650 0.391348 0.040790
v -0.020725 0.391348 0.035896
v -0.031500 0.391348 0.027020
v -0.038816 0.391348 0.014832
v -0.039590 0.389922 0.000000
v -0.037669 0.388497 0.000000
v -0.035747 0.387071 0.000000
v -0.033826 0.385645 0.000000
v -0.031904 0.384220 0.000000
v 0.021732 0.393703 0.037641
v 0.022708 0.396059 0.039332
v 0.023685 0.398414 0.041023
v 0.024661 0.400770 0.042714
v 0.025637 0.403125 0.044405
v 0.008415 0.405481 0.052611
v -0.009810 0.405481 0.052301
v -0.026574 0.405481 0.046027
v -0.040390 0.405481 0.034646
v -0.049770 0.405481 0.019017
v -0.051275 0.403125 0.000000
v -0.049322 0.400770 0.000000
v -0.047370 0.398414 0.000000
v -0.045417 0.396059 0.000000
v -0.043464 0.393703 0.000000
v 0.027125 0.407557 0.046982
v 0.027636 0.409634 0.047868
v 0.028148 0.411711 0.048753
v 0.028659 0.413787 0.049639
v 0.029171 0.415864 0.050525
v 0.009386 0.417940 0.058676
v -0.010940 0.417940 0.058331
v -0.029637 0.417940 0.051333
v -0.045046 0.417940 0.038640
v -0.055508 0.417940 0.021210
v -0.058341 0.415864 0.000000
v -0.057318 0.413787 0.000000
v -0.056296 0.411711 0.000000
v -0.055273 0.409634 0.000000
v -0.054250 0.407557 0.000000
v 0.030045 0.421448 0.052019
v 0.030408 0.424956 0.052627
v 0.030771 0.428463 0.053235
v 0.031133 0.431971 0.053844
v 0.031496 0.435479 0.054452
v 0.010117 0.438987 0.062867
v -0.011664 0.438987 0.062518
v -0.031706 0.438987 0.055038
v -0.048231 0.438987 0.041452
v -0.059460 0.438987 0.022785
v -0.062905 0.435479 0.000051
v -0.062197 0.431971 0.000040
v -0.061489 0.428463 0.000030
v -0.060780 0.424956 0.000020
v -0.060072 0.421448 0.000010
v 0.031171 0.442669 0.053888
v 0.030483 0.446352 0.052716
v 0.029794 0.450035 0.051545
v 0.029106 0.453717 0.050373
v 0.028418 0.457400 0.049201
v 0.008768 0.461083 0.054816
v -0.010221 0.461083 0.054494
v -0.027688 0.461083 0.047957
v -0.042083 0.461083 0.036098
v -0.051857 0.461083 0.019815
v -0.056818 0.457400 0.000010
v -0.058177 0.453717 0.000020
v -0.059536 0.450035 0.000030
v -0.060895 0.446352 0.000040
v -0.062254 0.442669 0.000051
v 0.026963 0.463283 0.046701
v 0.026197 0.465483 0.045374
v 0.025430 0.467683 0.044046
v 0.024664 0.469884 0.042719
v 0.023897 0.472084 0.041392
v 0.007314 0.474284 0.045726
v -0.008526 0.474284 0.045457
v -0.023096 0.474284 0.040004
v -0.035104 0.474284 0.030112
v -0.043257 0.474284 0.016529
v -0.047795 0.472084 0.000000
v -0.049328 0.469884 0.000000
v -0.050860 0.467683 0.000000
v -0.052393 0.465483 0.000000
v -0.053926 0.463283 0.000000
v 0.021798 0.476175 0.037756
v 0.020466 0.478065 0.035447
v 0.019133 0.479956 0.033139
v 0.017800 0.481847 0.030831
v 0.016467 0.483737 0.028523
v 0.004786 0.485628 0.029919
v -0.005579 0.485628 0.029743
v -0.015112 0.485628 0.026175
v -0.022969 0.485628 0.019703
v -0.028303 0.485628 0.010815
v -0.032935 0.483737 0.000000
v -0.035600 0.481846 0.000000
v -0.038266 0.479956 0.000000
v -0.040931 0.478065 0.000000
v -0.043597 0.476175 0.000000
v 0.013988 0.486526 0.024228
v 0.012841 0.487425 0.022242
v 0.011695 0.488324 0.020256
v 0.010548 0.489223 0.018269
v 0.009401 0.490122 0.016283
v 0.002610 0.491021 0.016317
v -0.003042 0.491020 0.016221
v -0.008242 0.491021 0.014275
v -0.012527 0.491021 0.010746
v -0.015436 0.491021 0.005898
v -0.018802 0.490122 0.000000
v -0.021096 0.489223 0.000000
v -0.023389 0.488324 0.000000
v -0.025683 0.487425 0.000000
v -0.027976 0.486526 0.000000
v 0.006906 0.491299 0.011962
v 0.005558 0.491578 0.009627
v 0.004210 0.491857 0.007291
v 0.002861 0.492136 0.004956
v 0.001513 0.492415 0.002621
v 0.000052 0.492694 0.000326
v -0.000061 0.492694 0.000324
v -0.000165 0.492694 0.000286
v -0.000251 0.492694 0.000215
v -0.000309 0.492694 0.000118
v -0.003027 0.492415 0.000000
v -0.005723 0.492136 0.000000
v -0.008419 0.491857 0.000000
v -0.011116 0.491578 0.000000
v -0.013812 0.491299 0.000000
v -0.000000 0.165501 0.000000
v -0.000000 0.165501 0.000000
v -0.000000 0.165501 0.000000
v -0.000000 0.165501 0.000000
v -0.000000 0.165501 0.000000
v 0.008088 0.165503 -0.014009
v 0.016176 0.165506 -0.028017
v 0.024264 0.165508 -0.042026
v 0.032351 0.165511 -0.056034
v 0.040439 0.165513 -0.070043
v 0.075406 0.165516 -0.061254
v 0.091533 0.165516 -0.032193
v 0.096908 0.165516 0.000000
v 0.091533 0.165516 0.032193
v 0.075406 0.165516 0.061254
v 0.048527 0.168906 -0.084051
v 0.048527 0.172297 -0.084051
v 0.048527 0.175688 -0.084051
v 0.048527 0.179078 -0.084051
v 0.048527 0.182469 -0.084051
v 0.075406 0.185860 -0.061254
v 0.091533 0.185860 -0.032193
v 0.096908 0.185859 0.000000
v 0.091533 0.185860 0.032193
v 0.075406 0.185860 0.061254
v 0.047335 0.186229 -0.081987
v 0.046143 0.186599 -0.079923
v 0.044952 0.186969 -0.077858
v 0.043760 0.187339 -0.075794
v 0.042568 0.187709 -0.073730
v 0.064294 0.188079 -0.052227
v 0.078044 0.188079 -0.027449
v 0.082628 0.188079 0.000000
v 0.078044 0.188079 0.027449
v 0.064294 0.188079 0.052227
v 0.041756 0.189065 -0.072324
v 0.042136 0.190052 -0.072982
v 0.042516 0.191038 -0.073641
v 0.042897 0.192024 -0.074299
v 0.043277 0.193011 -0.074958
v 0.067838 0.193997 -0.055106
v 0.082346 0.193997 -0.028962
v 0.087183 0.193997 0.000000
v 0.082346 0.193997 0.028962
v 0.067838 0.193997 0.055106
v 0.044243 0.194778 -0.076630
v 0.044828 0.195559 -0.077645
v 0.045414 0.196340 -0.078659
v 0.046000 0.197120 -0.079674
v 0.046585 0.197901 -0.080688
v 0.073298 0.198682 -0.059542
v 0.088974 0.198682 -0.031293
v 0.094200 0.198682 0.000000
v 0.088974 0.198682 0.031293
v 0.073298 0.198682 0.059542
v 0.047386 0.200514 -0.082044
v 0.047602 0.202347 -0.082386
v 0.047817 0.204179 -0.082728
v 0.048033 0.206011 -0.083070
v 0.048248 0.207843 -0.083412
v 0.075240 0.209676 -0.060999
v 0.091291 0.209676 -0.032009
v 0.096620 0.209676 0.000094
v 0.091229 0.209676 0.032185
v 0.075122 0.209676 0.061144
v 0.048043 0.211522 -0.083056
v 0.047622 0.213368 -0.082359
v 0.047201 0.215214 -0.081661
v 0.046780 0.217060 -0.080963
v 0.046359 0.218906 -0.080265
v 0.071382 0.220752 -0.057986
v 0.086649 0.220752 -0.030475
v 0.091738 0.220752 0.000000
v 0.086649 0.220752 0.030475
v 0.071382 0.220752 0.057986
v 0.043112 0.225437 -0.074673
v 0.040287 0.230122 -0.069779
v 0.037461 0.234808 -0.064885
v 0.034636 0.239493 -0.059991
v 0.031810 0.244178 -0.055097
v 0.045039 0.248863 -0.036586
v 0.054672 0.248863 -0.019229
v 0.057883 0.248863 0.000000
v 0.054672 0.248863 0.019229
v 0.045039 0.248863 0.036586
v 0.029024 0.250392 -0.050270
v 0.029062 0.251922 -0.050337
v 0.029101 0.253451 -0.050404
v 0.029140 0.254980 -0.050471
v 0.029178 0.256510 -0.050538
v 0.045400 0.258039 -0.036879
v 0.055109 0.258039 -0.019382
v 0.058346 0.258039 0.000000
v 0.055109 0.258039 0.019382
v 0.045400 0.258039 0.036879
v 0.029853 0.258641 -0.051657
v 0.030489 0.259243 -0.052709
v 0.031125 0.259844 -0.053761
v 0.031761 0.260446 -0.054813
v 0.032396 0.261048 -0.055865
v 0.051222 0.261650 -0.041418
v 0.062113 0.261650 -0.021688
v 0.065709 0.261650 0.000148
v 0.062014 0.261650 0.021968
v 0.051035 0.261650 0.041649
v 0.032777 0.262733 -0.056523
v 0.032521 0.263816 -0.056130
v 0.032265 0.264899 -0.055736
v 0.032009 0.265983 -0.055343
v 0.031754 0.267066 -0.054949
v 0.048944 0.268149 -0.039758
v 0.059412 0.268149 -0.020896
v 0.062901 0.268149 0.000000
v 0.059412 0.268149 0.020896
v 0.048944 0.268149 0.039759
v 0.030604 0.268519 -0.053008
v 0.029710 0.268889 -0.051459
v 0.028816 0.269259 -0.049911
v 0.027922 0.269629 -0.048363
v 0.027028 0.269998 -0.046815
v 0.040610 0.270368 -0.032989
v 0.049295 0.270368 -0.017338
v 0.052190 0.270368 0.000000
v 0.049295 0.270368 0.017338
v 0.040610 0.270368 0.032989
v 0.025179 0.272300 -0.043611
v 0.024223 0.274232 -0.041956
v 0.023268 0.276163 -0.040301
v 0.022312 0.278095 -0.038646
v 0.021357 0.280026 -0.036991
v 0.031701 0.281958 -0.025752
v 0.038481 0.281958 -0.013534
v 0.040741 0.281958 0.000000
v 0.038481 0.281958 0.013534
v 0.031701 0.281958 0.025752
v 0.019469 0.288064 -0.033722
v 0.018537 0.294171 -0.032107
v 0.017605 0.300277 -0.030493
v 0.016673 0.306383 -0.028879
v 0.015741 0.312489 -0.027264
v 0.023012 0.318596 -0.018693
v 0.027933 0.318596 -0.009824
v 0.029574 0.318596 -0.000000
v 0.027933 0.318596 0.009824
v 0.023012 0.318596 0.018693
v 0.015042 0.323276 -0.026053
v 0.015274 0.327956 -0.026455
v 0.015506 0.332636 -0.026858
v 0.015739 0.337316 -0.027261
v 0.015971 0.341996 -0.027663
v 0.025179 0.346676 -0.020453
v 0.030564 0.346676 -0.010750
v 0.032359 0.346676 -0.000000
v 0.030564 0.346676 0.010750
v 0.025179 0.346676 0.020453
v 0.018032 0.346645 -0.031233
v 0.019861 0.346614 -0.034400
v 0.021690 0.346583 -0.037567
v 0.023518 0.346552 -0.040735
v 0.025347 0.346521 -0.043902
v 0.042227 0.346490 -0.034302
v 0.051259 0.346490 -0.018028
v 0.054269 0.346490 -0.000000
v 0.051259 0.346490 0.018028
v 0.042227 0.346490 0.034302
v 0.027897 0.347712 -0.048382
v 0.028619 0.348935 -0.049694
v 0.029341 0.350157 -0.051006
v 0.030063 0.351380 -0.052319
v 0.030786 0.352603 -0.053631
v 0.049092 0.353825 -0.040118
v 0.059672 0.353825 -0.021184
v 0.063241 0.353825 -0.000185
v 0.059795 0.353825 0.020834
v 0.049326 0.353825 0.039829
v 0.031235 0.355454 -0.054410
v 0.030962 0.357083 -0.053876
v 0.030690 0.358711 -0.053342
v 0.030417 0.360340 -0.052808
v 0.030144 0.361969 -0.052274
v 0.046417 0.363598 -0.037706
v 0.056345 0.363598 -0.019817
v 0.059654 0.363598 -0.000000
v 0.056345 0.363598 0.019817
v 0.046417 0.363598 0.037706
v 0.028942 0.363970 -0.050129
v 0.028012 0.364342 -0.048519
v 0.027082 0.364714 -0.046908
v 0.026153 0.365085 -0.045298
v 0.025223 0.365457 -0.043687
v 0.037749 0.365829 -0.030664
v 0.045822 0.365829 -0.016116
v 0.048513 0.365829 -0.000000
v 0.045822 0.365829 0.016116
v 0.037749 0.365829 0.030664
v 0.023069 0.366449 -0.039956
v 0.021845 0.367069 -0.037836
v 0.020620 0.367689 -0.035715
v 0.019396 0.368309 -0.033595
v 0.018172 0.368929 -0.031475
v 0.026335 0.369548 -0.021392
v 0.031967 0.369548 -0.011243
v 0.033844 0.369548 -0.000000
v 0.031967 0.369548 0.011243
v 0.026335 0.369548 0.021392
v 0.015801 0.371253 -0.027368
v 0.014654 0.372958 -0.025382
v 0.013507 0.374662 -0.023396
v 0.012361 0.376367 -0.021409
v 0.011214 0.378072 -0.019423
v 0.015643 0.379776 -0.012707
v 0.018989 0.379776 -0.006679
v 0.020104 0.379776 -0.000000
v 0.018989 0.379776 0.006679
v 0.015643 0.379776 0.012707
v 0.010888 0.380279 -0.018858
v 0.011708 0.380782 -0.020280
v 0.012529 0.381285 -0.021701
v 0.013350 0.381788 -0.023123
v 0.014170 0.382291 -0.024544
v 0.023295 0.382794 -0.018923
v 0.028277 0.382794 -0.009945
v 0.029937 0.382794 -0.000000
v 0.028277 0.382794 0.009945
v 0.023295 0.382794 0.018923
v 0.015952 0.384220 -0.027630
v 0.016913 0.385645 -0.029294
v 0.017874 0.387071 -0.030958
v 0.018834 0.388497 -0.032622
v 0.019795 0.389922 -0.034286
v 0.032252 0.391348 -0.026199
v 0.039150 0.391348 -0.013769
v 0.041449 0.391348 -0.000000
v 0.039150 0.391348 0.013769
v 0.032252 0.391348 0.026199
v 0.021732 0.393703 -0.037641
v 0.022708 0.396059 -0.039332
v 0.023685 0.398414 -0.041023
v 0.024661 0.400770 -0.042714
v 0.025637 0.403125 -0.044405
v 0.041354 0.405481 -0.033593
v 0.050199 0.405481 -0.017655
v 0.053147 0.405481 -0.000000
v 0.050199 0.405481 0.017655
v 0.041354 0.405481 0.033593
v 0.027125 0.407557 -0.046982
v 0.027636 0.409634 -0.047868
v 0.028148 0.411711 -0.048753
v 0.028659 0.413787 -0.049639
v 0.029171 0.415864 -0.050525
v 0.046122 0.417940 -0.037466
v 0.055987 0.417940 -0.019691
v 0.059275 0.417940 -0.000000
v 0.055987 0.417940 0.019691
v 0.046122 0.417940 0.037466
v 0.030027 0.421448 -0.052029
v 0.030373 0.424956 -0.052647
v 0.030718 0.428463 -0.053266
v 0.031063 0.431971 -0.053884
v 0.031409 0.435479 -0.054503
v 0.049385 0.438987 -0.040195
v 0.059974 0.438987 -0.021158
v 0.063518 0.438987 -0.000061
v 0.060014 0.438987 0.021043
v 0.049462 0.438987 0.040101
v 0.031083 0.442669 -0.053939
v 0.030412 0.446352 -0.052757
v 0.029742 0.450035 -0.051575
v 0.029071 0.453717 -0.050393
v 0.028400 0.457400 -0.049211
v 0.043088 0.461083 -0.035002
v 0.052304 0.461083 -0.018396
v 0.055375 0.461083 -0.000000
v 0.052304 0.461083 0.018396
v 0.043088 0.461083 0.035002
v 0.026963 0.463283 -0.046701
v 0.026197 0.465483 -0.045374
v 0.025430 0.467683 -0.044046
v 0.024664 0.469884 -0.042719
v 0.023897 0.472084 -0.041392
v 0.035943 0.474284 -0.029197
v 0.043630 0.474284 -0.015345
v 0.046192 0.474284 -0.000000
v 0.043630 0.474284 0.015345
v 0.035943 0.474284 0.029197
v 0.021798 0.476175 -0.037756
v 0.020466 0.478065 -0.035448
v 0.019133 0.479956 -0.033139
v 0.017800 0.481847 -0.030831
v 0.016467 0.483737 -0.028523
v 0.023518 0.485628 -0.019104
v 0.028547 0.485628 -0.010040
v 0.030224 0.485628 -0.000000
v 0.028547 0.485628 0.010040
v 0.023518 0.485628 0.019104
v 0.013988 0.486526 -0.024228
v 0.012841 0.487425 -0.022242
v 0.011694 0.488324 -0.020256
v 0.010548 0.489223 -0.018269
v 0.009401 0.490122 -0.016283
v 0.012826 0.491021 -0.010419
v 0.015569 0.491020 -0.005476
v 0.016484 0.491021 -0.000000
v 0.015569 0.491021 0.005476
v 0.012826 0.491021 0.010419
v 0.006906 0.491299 -0.011962
v 0.005558 0.491578 -0.009627
v 0.004210 0.491857 -0.007291
v 0.002861 0.492136 -0.004956
v 0.001513 0.492415 -0.002621
v 0.000256 0.492694 -0.000208
v 0.000311 0.492694 -0.000110
v 0.000330 0.492694 -0.000000
v 0.000311 0.492694 0.000109
v 0.000257 0.492694 0.000208
v -0.000000 0.165501 0.000000
v -0.000000 0.165501 -0.000000
v -0.000000 0.165501 -0.000000
v -0.000000 0.165501 -0.000000
v -0.000000 0.165501 -0.000000
v -0.090750 0.165516 -0.034676
v -0.073646 0.165516 -0.063173
v -0.048454 0.165516 -0.083925
v -0.017887 0.165516 -0.095366
v 0.015345 0.165516 -0.095930
v -0.090750 0.185859 -0.034676
v -0.073646 0.185860 -0.063173
v -0.048454 0.185860 -0.083925
v -0.017887 0.185860 -0.095366
v 0.015345 0.185860 -0.095930
v -0.077377 0.188079 -0.029566
v -0.062793 0.188079 -0.053864
v -0.041314 0.188079 -0.071558
v -0.015251 0.188079 -0.081313
v 0.013083 0.188079 -0.081794
v -0.081643 0.193997 -0.031196
v -0.066255 0.193997 -0.056833
v -0.043591 0.193997 -0.075502
v -0.016091 0.193997 -0.085795
v 0.013805 0.193997 -0.086303
v -0.088214 0.198682 -0.033707
v -0.071588 0.198682 -0.061408
v -0.047100 0.198682 -0.081580
v -0.017387 0.198682 -0.092701
v 0.014916 0.198682 -0.093249
v -0.090447 0.209676 -0.034661
v -0.073366 0.209676 -0.063056
v -0.048229 0.209676 -0.083722
v -0.017741 0.209676 -0.095099
v 0.015392 0.209676 -0.095630
v -0.085908 0.220752 -0.032826
v -0.069717 0.220752 -0.059803
v -0.045869 0.220752 -0.079447
v -0.016932 0.220752 -0.090278
v 0.014526 0.220752 -0.090812
v -0.054204 0.248863 -0.020712
v -0.043988 0.248863 -0.037733
v -0.028941 0.248863 -0.050128
v -0.010684 0.248863 -0.056961
v 0.009165 0.248863 -0.057298
v -0.054638 0.258039 -0.020878
v -0.044340 0.258039 -0.038035
v -0.029173 0.258039 -0.050529
v -0.010769 0.258039 -0.057417
v 0.009239 0.258039 -0.057757
v -0.061480 0.261650 -0.023651
v -0.049839 0.261650 -0.042947
v -0.032726 0.261650 -0.056979
v -0.011982 0.261650 -0.064690
v 0.010551 0.261650 -0.065022
v -0.058904 0.268149 -0.022508
v -0.047802 0.268149 -0.041004
v -0.031451 0.268149 -0.054474
v -0.011610 0.268149 -0.061900
v 0.009960 0.268149 -0.062266
v -0.048874 0.270368 -0.018675
v -0.039663 0.270368 -0.034022
v -0.026095 0.270368 -0.045198
v -0.009633 0.270368 -0.051360
v 0.008264 0.270368 -0.051664
v -0.038152 0.281958 -0.014578
v -0.030962 0.281958 -0.026559
v -0.020371 0.281958 -0.035283
v -0.007520 0.281958 -0.040093
v 0.006451 0.281958 -0.040330
v -0.027694 0.318596 -0.010582
v -0.022475 0.318596 -0.019279
v -0.014787 0.318596 -0.025612
v -0.005459 0.318596 -0.029103
v 0.004683 0.318596 -0.029275
v -0.030303 0.346676 -0.011579
v -0.024591 0.346676 -0.021094
v -0.016179 0.346676 -0.028024
v -0.005973 0.346676 -0.031844
v 0.005124 0.346676 -0.032032
v -0.050821 0.346490 -0.019419
v -0.041242 0.346490 -0.035377
v -0.027135 0.346490 -0.046998
v -0.010017 0.346490 -0.053405
v 0.008593 0.346490 -0.053721
v -0.059289 0.353825 -0.022456
v -0.048181 0.353825 -0.041085
v -0.031781 0.353825 -0.054676
v -0.011855 0.353825 -0.062201
v 0.009830 0.353825 -0.062632
v -0.055863 0.363598 -0.021346
v -0.045334 0.363598 -0.038887
v -0.029827 0.363598 -0.051662
v -0.011010 0.363598 -0.058704
v 0.009446 0.363598 -0.059052
v -0.045430 0.365829 -0.017359
v -0.036868 0.365829 -0.031625
v -0.024257 0.365829 -0.042013
v -0.008954 0.365829 -0.047741
v 0.007682 0.365829 -0.048023
v -0.031694 0.369548 -0.012110
v -0.025720 0.369548 -0.022063
v -0.016922 0.369548 -0.029310
v -0.006247 0.369548 -0.033306
v 0.005359 0.369548 -0.033503
v -0.018827 0.379776 -0.007194
v -0.015278 0.379776 -0.013106
v -0.010052 0.379776 -0.017411
v -0.003711 0.379776 -0.019784
v 0.003183 0.379776 -0.019901
v -0.028035 0.382794 -0.010712
v -0.022751 0.382794 -0.019516
v -0.014969 0.382794 -0.025926
v -0.005526 0.382794 -0.029461
v 0.004740 0.382794 -0.029635
v -0.038816 0.391348 -0.014832
v -0.031500 0.391348 -0.027020
v -0.020725 0.391348 -0.035896
v -0.007650 0.391348 -0.040790
v 0.006563 0.391348 -0.041031
v -0.049770 0.405481 -0.019017
v -0.040390 0.405481 -0.034646
v -0.026574 0.405481 -0.046027
v -0.009810 0.405481 -0.052301
v 0.008415 0.405481 -0.052611
v -0.055508 0.417940 -0.021210
v -0.045046 0.417940 -0.038640
v -0.029637 0.417940 -0.051333
v -0.010940 0.417940 -0.058331
v 0.009386 0.417940 -0.058676
v -0.059503 0.438987 -0.022671
v -0.048310 0.438987 -0.041360
v -0.031811 0.438987 -0.054978
v -0.011783 0.438987 -0.062495
v 0.009997 0.438987 -0.062886
v -0.051857 0.461083 -0.019815
v -0.042083 0.461083 -0.036098
v -0.027688 0.461083 -0.047956
v -0.010221 0.461083 -0.054494
v 0.008768 0.461083 -0.054816
v -0.043257 0.474284 -0.016529
v -0.035104 0.474284 -0.030112
v -0.023096 0.474284 -0.040004
v -0.008526 0.474284 -0.045457
v 0.007314 0.474284 -0.045726
v -0.028304 0.485628 -0.010815
v -0.022969 0.485628 -0.019703
v -0.015112 0.485628 -0.026175
v -0.005579 0.485628 -0.029743
v 0.004786 0.485628 -0.029919
v -0.015436 0.491021 -0.005898
v -0.012527 0.491020 -0.010746
v -0.008242 0.491021 -0.014275
v -0.003043 0.491021 -0.016221
v 0.002610 0.491021 -0.016317
v -0.000309 0.492694 -0.000118
v -0.000251 0.492694 -0.000215
v -0.000165 0.492694 -0.000285
v -0.000061 0.492694 -0.000324
v 0.000052 0.492694 -0.000326
v -0.014710 0.165503 0.003145
v -0.010947 0.165503 0.006697
v -0.005836 0.165503 0.010108
v -0.000327 0.165503 0.012829
v 0.004631 0.165503 0.014312
v -0.029918 0.165506 0.009451
v -0.023487 0.165506 0.017992
v -0.014360 0.165506 0.024871
v -0.003839 0.165506 0.029336
v 0.006774 0.165506 0.030636
v -0.045375 0.165508 0.017338
v -0.036823 0.165508 0.031587
v -0.024227 0.165508 0.041963
v -0.008943 0.165508 0.047683
v 0.007672 0.165508 0.047965
v -0.060832 0.165511 0.025225
v -0.050159 0.165511 0.045181
v -0.034095 0.165511 0.059054
v -0.014048 0.165511 0.066030
v 0.008571 0.165511 0.065294
v -0.076040 0.165513 0.031531
v -0.062699 0.165513 0.056476
v -0.042618 0.165513 0.073817
v -0.017560 0.165513 0.082537
v 0.010713 0.165513 0.081618
v -0.090750 0.168906 0.034676
v -0.073646 0.168906 0.063173
v -0.048454 0.168906 0.083925
v -0.017887 0.168906 0.095366
v 0.015345 0.168906 0.095930
v -0.090750 0.172297 0.034676
v -0.073646 0.172297 0.063173
v -0.048454 0.172297 0.083925
v -0.017887 0.172297 0.095366
v 0.015345 0.172297 0.095930
v -0.090750 0.175688 0.034676
v -0.073646 0.175688 0.063173
v -0.048454 0.175688 0.083925
v -0.017887 0.175688 0.095366
v 0.015345 0.175688 0.095930
v -0.090750 0.179078 0.034676
v -0.073646 0.179078 0.063173
v -0.048454 0.179078 0.083925
v -0.017887 0.179078 0.095366
v 0.015345 0.179078 0.095930
v -0.090750 0.182469 0.034676
v -0.073646 0.182469 0.063173
v -0.048454 0.182469 0.083925
v -0.017887 0.182469 0.095366
v 0.015345 0.182469 0.095930
v -0.088582 0.186229 0.034213
v -0.072033 0.186229 0.062186
v -0.047594 0.186229 0.082436
v -0.017838 0.186229 0.093475
v 0.014662 0.186229 0.093821
v -0.086341 0.186599 0.033283
v -0.070185 0.186599 0.060522
v -0.046338 0.186599 0.080260
v -0.017321 0.186599 0.091043
v 0.014346 0.186599 0.091416
v -0.084064 0.186969 0.032121
v -0.068220 0.186969 0.058518
v -0.044884 0.186969 0.077741
v -0.016569 0.186969 0.088339
v 0.014214 0.186969 0.088862
v -0.081786 0.187339 0.030959
v -0.066255 0.187339 0.056515
v -0.043430 0.187339 0.075223
v -0.015816 0.187339 0.085636
v 0.014082 0.187339 0.086308
v -0.079545 0.187709 0.030030
v -0.064407 0.187709 0.054851
v -0.042174 0.187709 0.073047
v -0.015299 0.187709 0.083203
v 0.013766 0.187709 0.083903
v -0.078068 0.189065 0.029714
v -0.063308 0.189065 0.054179
v -0.041588 0.189065 0.072033
v -0.015266 0.189065 0.081916
v 0.013301 0.189065 0.082466
v -0.078783 0.190052 0.030010
v -0.063897 0.190052 0.054709
v -0.041989 0.190052 0.072727
v -0.015431 0.190052 0.082691
v 0.013402 0.190052 0.083234
v -0.079510 0.191038 0.030381
v -0.064524 0.191038 0.055348
v -0.042453 0.191038 0.073530
v -0.015671 0.191038 0.083554
v 0.013444 0.191038 0.084048
v -0.080236 0.192024 0.030752
v -0.065151 0.192024 0.055987
v -0.042916 0.192024 0.074333
v -0.015911 0.192024 0.084416
v 0.013486 0.192024 0.084863
v -0.080951 0.193011 0.031048
v -0.065741 0.193011 0.056518
v -0.043317 0.193011 0.075027
v -0.016076 0.193011 0.085192
v 0.013587 0.193011 0.085630
v -0.082708 0.194778 0.031424
v -0.067048 0.194778 0.057318
v -0.044014 0.194778 0.076234
v -0.016115 0.194778 0.086724
v 0.014140 0.194778 0.087339
v -0.083809 0.195559 0.031880
v -0.067956 0.195559 0.058136
v -0.044631 0.195559 0.077303
v -0.016369 0.195559 0.087919
v 0.014295 0.195559 0.088521
v -0.084928 0.196340 0.032452
v -0.068921 0.196340 0.059120
v -0.045346 0.196340 0.078541
v -0.016739 0.196340 0.089248
v 0.014360 0.196340 0.089776
v -0.086048 0.197120 0.033023
v -0.069887 0.197120 0.060105
v -0.046060 0.197120 0.079779
v -0.017109 0.197120 0.090576
v 0.014425 0.197120 0.091031
v -0.087149 0.197901 0.033479
v -0.070795 0.197901 0.060923
v -0.046677 0.197901 0.080848
v -0.017363 0.197901 0.091772
v 0.014580 0.197901 0.092213
v -0.088584 0.200514 0.033771
v -0.071868 0.200514 0.061564
v -0.047256 0.200514 0.081826
v -0.017407 0.200514 0.093021
v 0.015018 0.200514 0.093611
v -0.088970 0.202347 0.033914
v -0.072192 0.202347 0.061834
v -0.047483 0.202347 0.082187
v -0.017511 0.202347 0.093430
v 0.015055 0.202347 0.094021
v -0.089364 0.204179 0.034096
v -0.072538 0.204179 0.062161
v -0.047746 0.204179 0.082604
v -0.017656 0.204179 0.093883
v 0.015061 0.204179 0.094454
v -0.089757 0.206011 0.034278
v -0.072884 0.206011 0.062487
v -0.048008 0.206011 0.083021
v -0.017801 0.206011 0.094336
v 0.015067 0.206011 0.094888
v -0.090143 0.207843 0.034421
v -0.073208 0.207843 0.062757
v -0.048236 0.207843 0.083382
v -0.017905 0.207843 0.094745
v 0.015104 0.207843 0.095298
v -0.089769 0.211522 0.034341
v -0.072930 0.211522 0.062587
v -0.048087 0.211522 0.083125
v -0.017897 0.211522 0.094419
v 0.014987 0.211522 0.094934
v -0.088997 0.213368 0.034038
v -0.072287 0.213368 0.062030
v -0.047644 0.213368 0.082389
v -0.017704 0.213368 0.093591
v 0.014895 0.213368 0.094109
v -0.088211 0.215214 0.033656
v -0.071602 0.215214 0.061358
v -0.047130 0.215214 0.081538
v -0.017429 0.215214 0.092671
v 0.014866 0.215214 0.093236
v -0.087425 0.217060 0.033273
v -0.070917 0.217060 0.060686
v -0.046616 0.217060 0.080686
v -0.017154 0.217060 0.091752
v 0.014838 0.217060 0.092362
v -0.086652 0.218906 0.032970
v -0.070275 0.218906 0.060129
v -0.046173 0.218906 0.079951
v -0.016961 0.218906 0.090924
v 0.014745 0.218906 0.091537
v -0.080769 0.225437 0.031727
v -0.065892 0.225437 0.057463
v -0.043830 0.225437 0.075916
v -0.016818 0.225437 0.085796
v 0.012908 0.225437 0.085812
v -0.075456 0.230122 0.029524
v -0.061512 0.230122 0.053517
v -0.040852 0.230122 0.070758
v -0.015591 0.230122 0.080029
v 0.012159 0.230122 0.080109
v -0.070056 0.234808 0.026769
v -0.056853 0.234808 0.048768
v -0.037405 0.234808 0.064788
v -0.013808 0.234808 0.073620
v 0.011846 0.234808 0.074055
v -0.064656 0.239493 0.024014
v -0.052193 0.239493 0.044019
v -0.033958 0.239493 0.058817
v -0.012025 0.239493 0.067210
v 0.011532 0.239493 0.068001
v -0.059344 0.244178 0.021811
v -0.047813 0.244178 0.040073
v -0.030980 0.244178 0.053659
v -0.010798 0.244178 0.061443
v 0.010783 0.244178 0.062298
v -0.054275 0.250392 0.020727
v -0.044041 0.250392 0.037765
v -0.028969 0.250392 0.050176
v -0.010685 0.250392 0.057023
v 0.009187 0.250392 0.057367
v -0.054348 0.251922 0.020757
v -0.044101 0.251922 0.037819
v -0.029010 0.251922 0.050247
v -0.010702 0.251922 0.057102
v 0.009198 0.251922 0.057445
v -0.054421 0.253451 0.020795
v -0.044164 0.253451 0.037884
v -0.029057 0.253451 0.050328
v -0.010726 0.253451 0.057189
v 0.009202 0.253451 0.057528
v -0.054495 0.254980 0.020832
v -0.044228 0.254980 0.037949
v -0.029104 0.254980 0.050410
v -0.010751 0.254980 0.057277
v 0.009206 0.254980 0.057611
v -0.054568 0.256510 0.020863
v -0.044288 0.256510 0.038003
v -0.029145 0.256510 0.050481
v -0.010768 0.256510 0.057356
v 0.009216 0.256510 0.057689
v -0.055761 0.258641 0.021094
v -0.045182 0.258641 0.038527
v -0.029632 0.258641 0.051288
v -0.010813 0.258641 0.058392
v 0.009569 0.258641 0.058851
v -0.056926 0.259243 0.021550
v -0.046152 0.259243 0.039366
v -0.030302 0.259243 0.052397
v -0.011106 0.259243 0.059640
v 0.009706 0.259243 0.060095
v -0.058112 0.259844 0.022125
v -0.047186 0.259844 0.040378
v -0.031078 0.259844 0.053680
v -0.011521 0.259844 0.061026
v 0.009748 0.259844 0.061413
v -0.059299 0.260446 0.022701
v -0.048220 0.260446 0.041391
v -0.031854 0.260446 0.054964
v -0.011937 0.260446 0.062413
v 0.009790 0.260446 0.062731
v -0.060464 0.261048 0.023157
v -0.049190 0.261048 0.042230
v -0.032524 0.261048 0.056072
v -0.012229 0.261048 0.063661
v 0.009928 0.261048 0.063974
v -0.061155 0.262733 0.023305
v -0.049705 0.262733 0.042545
v -0.032798 0.262733 0.056547
v -0.012245 0.262733 0.064264
v 0.010145 0.262733 0.064647
v -0.060705 0.263816 0.023145
v -0.049324 0.263816 0.042237
v -0.032529 0.263816 0.056133
v -0.012118 0.263816 0.063791
v 0.010108 0.263816 0.064171
v -0.060245 0.264899 0.022940
v -0.048917 0.264899 0.041863
v -0.032217 0.264899 0.055653
v -0.011942 0.264899 0.063268
v 0.010109 0.264899 0.063667
v -0.059785 0.265983 0.022736
v -0.048510 0.265983 0.041490
v -0.031905 0.265983 0.055172
v -0.011766 0.265983 0.062744
v 0.010109 0.265983 0.063164
v -0.059335 0.267066 0.022576
v -0.048129 0.267066 0.041182
v -0.031635 0.267066 0.054758
v -0.011639 0.267066 0.062271
v 0.010072 0.267066 0.062688
v -0.057278 0.268519 0.022160
v -0.046592 0.268519 0.040264
v -0.030806 0.268519 0.053357
v -0.011574 0.268519 0.060482
v 0.009448 0.268519 0.060684
v -0.055597 0.268889 0.021463
v -0.045206 0.268889 0.039016
v -0.029864 0.268889 0.051725
v -0.011186 0.268889 0.058658
v 0.009211 0.268889 0.058880
v -0.053889 0.269259 0.020591
v -0.043732 0.269259 0.037513
v -0.028773 0.269259 0.049836
v -0.010621 0.269259 0.056630
v 0.009112 0.269259 0.056965
v -0.052181 0.269629 0.019720
v -0.042258 0.269629 0.036011
v -0.027682 0.269629 0.047947
v -0.010057 0.269629 0.054602
v 0.009013 0.269629 0.055050
v -0.050500 0.269998 0.019023
v -0.040872 0.269998 0.034762
v -0.026740 0.269998 0.046315
v -0.009669 0.269998 0.052778
v 0.008776 0.269998 0.053245
v -0.047136 0.272300 0.018303
v -0.038369 0.272300 0.033231
v -0.025406 0.272300 0.044004
v -0.009594 0.272300 0.049844
v 0.007717 0.272300 0.049973
v -0.045339 0.274232 0.017558
v -0.036888 0.274232 0.031897
v -0.024399 0.274232 0.042260
v -0.009179 0.274232 0.047894
v 0.007464 0.274232 0.048044
v -0.043513 0.276163 0.016627
v -0.035312 0.276163 0.030290
v -0.023233 0.276163 0.040241
v -0.008576 0.276163 0.045726
v 0.007357 0.276163 0.045997
v -0.041687 0.278095 0.015695
v -0.033737 0.278095 0.028684
v -0.022067 0.278095 0.038221
v -0.007973 0.278095 0.043559
v 0.007251 0.278095 0.043949
v -0.039890 0.280026 0.014950
v -0.032255 0.280026 0.027350
v -0.021060 0.280026 0.036477
v -0.007558 0.280026 0.041609
v 0.006998 0.280026 0.042021
v -0.036457 0.288064 0.014216
v -0.029700 0.288064 0.025787
v -0.019698 0.288064 0.034118
v -0.007482 0.288064 0.038614
v 0.005917 0.288064 0.038681
v -0.034705 0.294171 0.013489
v -0.028255 0.294171 0.024485
v -0.018716 0.294171 0.032417
v -0.007077 0.294171 0.036712
v 0.005670 0.294171 0.036800
v -0.032923 0.300277 0.012580
v -0.026718 0.300277 0.022919
v -0.017579 0.300277 0.030447
v -0.006489 0.300277 0.034598
v 0.005567 0.300277 0.034803
v -0.031142 0.306383 0.011671
v -0.025181 0.306383 0.021352
v -0.016442 0.306383 0.028478
v -0.005901 0.306383 0.032484
v 0.005463 0.306383 0.032806
v -0.029390 0.312489 0.010945
v -0.023736 0.312489 0.020050
v -0.015459 0.312489 0.026776
v -0.005496 0.312489 0.030581
v 0.005216 0.312489 0.030924
v -0.028117 0.323276 0.010673
v -0.022789 0.323276 0.019471
v -0.014955 0.323276 0.025902
v -0.005468 0.323276 0.029472
v 0.004816 0.323276 0.029686
v -0.028554 0.327956 0.010854
v -0.023150 0.327956 0.019796
v -0.015200 0.327956 0.026326
v -0.005569 0.327956 0.029946
v 0.004877 0.327956 0.030156
v -0.028999 0.332636 0.011081
v -0.023533 0.332636 0.020186
v -0.015483 0.332636 0.026818
v -0.005716 0.332636 0.030473
v 0.004903 0.332636 0.030654
v -0.029443 0.337316 0.011307
v -0.023916 0.337316 0.020577
v -0.015767 0.337316 0.027309
v -0.005862 0.337316 0.031001
v 0.004929 0.337316 0.031152
v -0.029880 0.341996 0.011488
v -0.024277 0.341996 0.020902
v -0.016012 0.341996 0.027733
v -0.005963 0.341996 0.031475
v 0.004991 0.341996 0.031621
v -0.033629 0.346645 0.012290
v -0.027066 0.346645 0.022608
v -0.017499 0.346645 0.030309
v -0.006046 0.346645 0.034744
v 0.006171 0.346645 0.035268
v -0.037067 0.346614 0.013716
v -0.029902 0.346614 0.025162
v -0.019426 0.346614 0.033647
v -0.006840 0.346614 0.038477
v 0.006655 0.346614 0.038959
v -0.040562 0.346583 0.015499
v -0.032917 0.346583 0.028236
v -0.021657 0.346583 0.037511
v -0.007995 0.346583 0.042625
v 0.006858 0.346583 0.042877
v -0.044056 0.346552 0.017282
v -0.035932 0.346552 0.031309
v -0.023888 0.346552 0.041375
v -0.009149 0.346552 0.046773
v 0.007061 0.346552 0.046795
v -0.047495 0.346521 0.018708
v -0.038767 0.346521 0.033863
v -0.025815 0.346521 0.044713
v -0.009943 0.346521 0.050505
v 0.007546 0.346521 0.050485
v -0.052176 0.347712 0.019738
v -0.042243 0.347712 0.036018
v -0.027656 0.347712 0.047945
v -0.010022 0.347712 0.054594
v 0.009049 0.347712 0.055037
v -0.053572 0.348935 0.020351
v -0.043382 0.348935 0.037088
v -0.028416 0.348935 0.049329
v -0.010316 0.348935 0.056129
v 0.009279 0.348935 0.056545
v -0.054988 0.350157 0.021111
v -0.044591 0.350157 0.038372
v -0.029297 0.350157 0.050930
v -0.010753 0.350157 0.057837
v 0.009395 0.350157 0.058147
v -0.056404 0.351380 0.021871
v -0.045800 0.351380 0.039656
v -0.030178 0.351380 0.052531
v -0.011191 0.351380 0.059546
v 0.009511 0.351380 0.059750
v -0.057800 0.352603 0.022483
v -0.046939 0.352603 0.040726
v -0.030939 0.352603 0.053914
v -0.011485 0.352603 0.061081
v 0.009741 0.352603 0.061257
v -0.058618 0.355454 0.022658
v -0.047547 0.355454 0.041098
v -0.031264 0.355454 0.054476
v -0.011503 0.355454 0.061793
v 0.009998 0.355454 0.062053
v -0.058067 0.357083 0.022396
v -0.047105 0.357083 0.040656
v -0.030976 0.357083 0.053913
v -0.011404 0.357083 0.061176
v 0.009888 0.357083 0.061452
v -0.057510 0.358711 0.022074
v -0.046637 0.358711 0.040127
v -0.030644 0.358711 0.053261
v -0.011250 0.358711 0.060487
v 0.009821 0.358711 0.060813
v -0.056953 0.360340 0.021753
v -0.046169 0.360340 0.039598
v -0.030311 0.360340 0.052610
v -0.011096 0.360340 0.059798
v 0.009755 0.360340 0.060173
v -0.056402 0.361969 0.021490
v -0.045727 0.361969 0.039156
v -0.030024 0.361969 0.052047
v -0.010998 0.361969 0.059180
v 0.009644 0.361969 0.059573
v -0.054172 0.363970 0.020984
v -0.044076 0.363970 0.038118
v -0.029156 0.363970 0.050500
v -0.010973 0.363970 0.057230
v 0.008913 0.363970 0.057406
v -0.052424 0.364342 0.020259
v -0.042634 0.364342 0.036819
v -0.028176 0.364342 0.048802
v -0.010569 0.364342 0.055332
v 0.008667 0.364342 0.055530
v -0.050647 0.364714 0.019352
v -0.041101 0.364714 0.035256
v -0.027042 0.364714 0.046838
v -0.009982 0.364714 0.053223
v 0.008564 0.364714 0.053537
v -0.048870 0.365085 0.018446
v -0.039568 0.365085 0.033693
v -0.025907 0.365085 0.044873
v -0.009395 0.365085 0.051113
v 0.008460 0.365085 0.051545
v -0.047121 0.365457 0.017721
v -0.038126 0.365457 0.032395
v -0.024927 0.365457 0.043176
v -0.008992 0.365457 0.049216
v 0.008214 0.365457 0.049669
v -0.043204 0.366449 0.016883
v -0.035211 0.366449 0.030611
v -0.023373 0.366449 0.040483
v -0.008905 0.366449 0.045799
v 0.006981 0.366449 0.045857
v -0.040902 0.367069 0.015929
v -0.033313 0.367069 0.028902
v -0.022083 0.367069 0.038249
v -0.008373 0.367069 0.043300
v 0.006656 0.367069 0.043386
v -0.038562 0.367689 0.014735
v -0.031294 0.367689 0.026844
v -0.020589 0.367689 0.035662
v -0.007600 0.367689 0.040523
v 0.006520 0.367689 0.040763
v -0.036222 0.368309 0.013541
v -0.029275 0.368309 0.024786
v -0.019096 0.368309 0.033075
v -0.006828 0.368309 0.037746
v 0.006384 0.368309 0.038140
v -0.033920 0.368929 0.012586
v -0.027377 0.368929 0.023076
v -0.017806 0.368929 0.030840
v -0.006296 0.368929 0.035248
v 0.006060 0.368929 0.035669
v -0.029608 0.371253 0.011664
v -0.024168 0.371253 0.021113
v -0.016095 0.371253 0.027877
v -0.006200 0.371253 0.031487
v 0.004702 0.371253 0.031473
v -0.027452 0.372958 0.010770
v -0.022390 0.372958 0.019512
v -0.014886 0.372958 0.025784
v -0.005702 0.372958 0.029146
v 0.004398 0.372958 0.029159
v -0.025260 0.374662 0.009652
v -0.020499 0.374662 0.017584
v -0.013487 0.374662 0.023360
v -0.004979 0.374662 0.026545
v 0.004271 0.374662 0.026702
v -0.023069 0.376367 0.008534
v -0.018608 0.376367 0.015657
v -0.012088 0.376367 0.020937
v -0.004255 0.376367 0.023944
v 0.004144 0.376367 0.024245
v -0.020912 0.378072 0.007640
v -0.016830 0.378072 0.014055
v -0.010879 0.378072 0.018844
v -0.003757 0.378072 0.021603
v 0.003840 0.378072 0.021930
v -0.020319 0.380279 0.007513
v -0.016389 0.380279 0.013785
v -0.010644 0.380279 0.018436
v -0.003744 0.380279 0.021086
v 0.003653 0.380279 0.021353
v -0.021862 0.380782 0.008153
v -0.017661 0.380782 0.014931
v -0.011509 0.380782 0.019934
v -0.004100 0.380782 0.022761
v 0.003871 0.380782 0.023010
v -0.023431 0.381285 0.008953
v -0.019015 0.381285 0.016311
v -0.012510 0.381285 0.021669
v -0.004618 0.381285 0.024622
v 0.003962 0.381285 0.024768
v -0.024999 0.381788 0.009753
v -0.020368 0.381788 0.017690
v -0.013512 0.381788 0.023403
v -0.005136 0.381788 0.026484
v 0.004053 0.381788 0.026527
v -0.026542 0.382291 0.010393
v -0.021640 0.382291 0.018836
v -0.014377 0.382291 0.024901
v -0.005492 0.382291 0.028159
v 0.004270 0.382291 0.028183
v -0.029782 0.384220 0.011086
v -0.024052 0.384220 0.020311
v -0.015662 0.384220 0.027127
v -0.005564 0.384220 0.030985
v 0.005290 0.384220 0.031335
v -0.031589 0.385645 0.011835
v -0.025541 0.385645 0.021653
v -0.016675 0.385645 0.028881
v -0.005982 0.385645 0.032946
v 0.005545 0.385645 0.033274
v -0.033425 0.387071 0.012772
v -0.027125 0.387071 0.023268
v -0.017847 0.387071 0.030911
v -0.006588 0.387071 0.035125
v 0.005652 0.387071 0.035333
v -0.035261 0.388497 0.013709
v -0.028710 0.388497 0.024883
v -0.019019 0.388497 0.032942
v -0.007194 0.388497 0.037305
v 0.005758 0.388497 0.037392
v -0.037068 0.389922 0.014458
v -0.030199 0.389922 0.026225
v -0.020031 0.389922 0.034696
v -0.007612 0.389922 0.039266
v 0.006013 0.389922 0.039331
v -0.040591 0.393703 0.015211
v -0.032821 0.393703 0.027829
v -0.021429 0.393703 0.037116
v -0.007690 0.393703 0.042338
v 0.007122 0.393703 0.042759
v -0.042427 0.396059 0.015973
v -0.034335 0.396059 0.029192
v -0.022458 0.396059 0.038898
v -0.008114 0.396059 0.044331
v 0.007381 0.396059 0.044729
v -0.044293 0.398414 0.016925
v -0.035945 0.398414 0.030833
v -0.023649 0.398414 0.040962
v -0.008730 0.398414 0.046546
v 0.007489 0.398414 0.046821
v -0.046159 0.400770 0.017877
v -0.037555 0.400770 0.032474
v -0.024840 0.400770 0.043025
v -0.009346 0.400770 0.048760
v 0.007598 0.400770 0.048913
v -0.047994 0.403125 0.018638
v -0.039068 0.403125 0.033838
v -0.025869 0.403125 0.044807
v -0.009770 0.403125 0.050753
v 0.007856 0.403125 0.050883
v -0.050700 0.407557 0.019216
v -0.041082 0.407557 0.035069
v -0.026943 0.407557 0.046666
v -0.009830 0.407557 0.053113
v 0.008708 0.407557 0.053516
v -0.051662 0.409634 0.019615
v -0.041875 0.409634 0.035784
v -0.027482 0.409634 0.047599
v -0.010052 0.409634 0.054156
v 0.008844 0.409634 0.054548
v -0.052639 0.411711 0.020114
v -0.042718 0.411711 0.036643
v -0.028106 0.411711 0.048680
v -0.010375 0.411711 0.055316
v 0.008900 0.411711 0.055644
v -0.053616 0.413787 0.020612
v -0.043561 0.413787 0.037503
v -0.028729 0.413787 0.049761
v -0.010698 0.413787 0.056476
v 0.008957 0.413787 0.056739
v -0.054578 0.415864 0.021011
v -0.044354 0.415864 0.038217
v -0.029268 0.415864 0.050694
v -0.010920 0.415864 0.057520
v 0.009093 0.415864 0.057771
v -0.056150 0.421448 0.021357
v -0.045521 0.421448 0.038940
v -0.029887 0.421448 0.051780
v -0.010947 0.421448 0.058893
v 0.009597 0.421448 0.059300
v -0.056812 0.424956 0.021642
v -0.046063 0.424956 0.039443
v -0.030251 0.424956 0.052431
v -0.011090 0.424956 0.059618
v 0.009701 0.424956 0.060013
v -0.057484 0.428463 0.021997
v -0.046639 0.428463 0.040046
v -0.030672 0.428463 0.053186
v -0.011302 0.428463 0.060425
v 0.009751 0.428463 0.060772
v -0.058156 0.431971 0.022352
v -0.047214 0.431971 0.040650
v -0.031093 0.431971 0.053940
v -0.011514 0.431971 0.061231
v 0.009802 0.431971 0.061530
v -0.058818 0.435479 0.022638
v -0.047756 0.435479 0.041152
v -0.031457 0.435479 0.054592
v -0.011658 0.435479 0.061956
v 0.009906 0.435479 0.062243
v -0.058226 0.442669 0.022511
v -0.047316 0.442669 0.040883
v -0.031222 0.442669 0.054185
v -0.011645 0.442669 0.061440
v 0.009719 0.442669 0.061667
v -0.056952 0.446352 0.021972
v -0.046269 0.446352 0.039926
v -0.030515 0.446352 0.052939
v -0.011360 0.446352 0.060051
v 0.009529 0.446352 0.060297
v -0.055658 0.450035 0.021300
v -0.045157 0.450035 0.038775
v -0.029697 0.450035 0.051497
v -0.010942 0.450035 0.058506
v 0.009443 0.450035 0.058842
v -0.054364 0.453717 0.020627
v -0.044045 0.453717 0.037625
v -0.028879 0.453717 0.050055
v -0.010525 0.453717 0.056961
v 0.009356 0.453717 0.057386
v -0.053091 0.457400 0.020088
v -0.042998 0.457400 0.036668
v -0.028172 0.457400 0.048809
v -0.010240 0.457400 0.055572
v 0.009166 0.457400 0.056016
v -0.050463 0.463283 0.019517
v -0.041046 0.463283 0.035464
v -0.027135 0.463283 0.046999
v -0.010190 0.463283 0.053278
v 0.008329 0.463283 0.053460
v -0.049022 0.465483 0.018919
v -0.039857 0.465483 0.034394
v -0.026327 0.465483 0.045600
v -0.009857 0.465483 0.051714
v 0.008126 0.465483 0.051913
v -0.047557 0.467683 0.018172
v -0.038594 0.467683 0.033105
v -0.025392 0.467683 0.043980
v -0.009373 0.467683 0.049976
v 0.008041 0.467683 0.050271
v -0.046092 0.469884 0.017424
v -0.037330 0.469884 0.031817
v -0.024457 0.469884 0.042361
v -0.008890 0.469884 0.048237
v 0.007956 0.469884 0.048629
v -0.044651 0.472084 0.016827
v -0.036142 0.472084 0.030747
v -0.023649 0.472084 0.040962
v -0.008557 0.472084 0.046673
v 0.007753 0.472084 0.047082
v -0.040833 0.476175 0.016011
v -0.033300 0.476175 0.029009
v -0.022135 0.476175 0.038338
v -0.008472 0.476175 0.043343
v 0.006551 0.476175 0.043368
v -0.038327 0.478065 0.014971
v -0.031234 0.478065 0.027147
v -0.020730 0.478065 0.035906
v -0.007893 0.478065 0.040623
v 0.006198 0.478065 0.040678
v -0.035780 0.479956 0.013672
v -0.029037 0.479956 0.024907
v -0.019104 0.479956 0.033089
v -0.007052 0.479956 0.037600
v 0.006050 0.479956 0.037823
v -0.033233 0.481847 0.012372
v -0.026839 0.481847 0.022667
v -0.017478 0.481847 0.030273
v -0.006211 0.481847 0.034577
v 0.005902 0.481847 0.034967
v -0.030727 0.483737 0.011333
v -0.024773 0.483737 0.020806
v -0.016074 0.483737 0.027840
v -0.005632 0.483737 0.031857
v 0.005549 0.483737 0.032277
v -0.026218 0.486526 0.010369
v -0.021417 0.486526 0.018753
v -0.014285 0.486526 0.024742
v -0.005532 0.486526 0.027924
v 0.004129 0.486526 0.027890
v -0.024061 0.487425 0.009475
v -0.019639 0.487425 0.017152
v -0.013076 0.487425 0.022648
v -0.005034 0.487425 0.025584
v 0.003825 0.487425 0.025575
v -0.021870 0.488324 0.008357
v -0.017748 0.488324 0.015224
v -0.011677 0.488324 0.020225
v -0.004310 0.488324 0.022982
v 0.003698 0.488324 0.023118
v -0.019678 0.489223 0.007238
v -0.015857 0.489223 0.013297
v -0.010278 0.489223 0.017802
v -0.003587 0.489223 0.020381
v 0.003571 0.489223 0.020661
v -0.017522 0.490122 0.006344
v -0.014079 0.490122 0.011695
v -0.009069 0.490122 0.015709
v -0.003089 0.490122 0.018040
v 0.003267 0.490122 0.018347
v -0.012984 0.491299 0.005374
v -0.010702 0.491299 0.009629
v -0.007269 0.491299 0.012590
v -0.002988 0.491299 0.014083
v 0.001838 0.491299 0.013932
v -0.010449 0.491578 0.004323
v -0.008612 0.491578 0.007746
v -0.005848 0.491578 0.010129
v -0.002403 0.491578 0.011331
v 0.001481 0.491578 0.011211
v -0.007873 0.491857 0.003008
v -0.006389 0.491857 0.005480
v -0.004203 0.491857 0.007280
v -0.001552 0.491857 0.008273
v 0.001331 0.491857 0.008322
v -0.005296 0.492136 0.001693
v -0.004166 0.492136 0.003214
v -0.002559 0.492136 0.004431
v -0.000701 0.492136 0.005215
v 0.001181 0.492136 0.005433
v -0.002761 0.492415 0.000642
v -0.002075 0.492415 0.001331
v -0.001138 0.492415 0.001970
v -0.000115 0.492415 0.002463
v 0.000824 0.492415 0.002712
v 0.010079 0.165503 0.011167
v 0.011273 0.165503 0.006132
v 0.011672 0.165503 0.000000
v 0.011273 0.165503 -0.006132
v 0.010079 0.165503 -0.011167
v 0.023144 0.165506 0.021184
v 0.027325 0.165506 0.011344
v 0.028719 0.165506 0.000000
v 0.027325 0.165506 -0.011344
v 0.023144 0.165506 -0.021184
v 0.037703 0.165508 0.030627
v 0.045766 0.165508 0.016096
v 0.048454 0.165508 0.000000
v 0.045766 0.165508 -0.016096
v 0.037703 0.165508 -0.030627
v 0.052261 0.165511 0.040070
v 0.064207 0.165511 0.020849
v 0.068189 0.165511 0.000000
v 0.064207 0.165511 -0.020849
v 0.052261 0.165511 -0.040070
v 0.065327 0.165513 0.050087
v 0.080259 0.165513 0.026061
v 0.085237 0.165513 0.000000
v 0.080259 0.165513 -0.026061
v 0.065327 0.165513 -0.050087
v 0.075405 0.168906 0.061254
v 0.091533 0.168906 0.032193
v 0.096908 0.168906 0.000000
v 0.091533 0.168906 -0.032193
v 0.075406 0.168906 -0.061254
v 0.075405 0.172297 0.061254
v 0.091533 0.172297 0.032193
v 0.096908 0.172297 0.000000
v 0.091533 0.172297 -0.032193
v 0.075406 0.172297 -0.061254
v 0.075405 0.175688 0.061254
v 0.091533 0.175688 0.032193
v 0.096908 0.175688 0.000000
v 0.091533 0.175688 -0.032193
v 0.075406 0.175688 -0.061254
v 0.075405 0.179078 0.061254
v 0.091533 0.179078 0.032193
v 0.096908 0.179078 0.000000
v 0.091533 0.179078 -0.032193
v 0.075406 0.179078 -0.061254
v 0.075405 0.182469 0.061254
v 0.091533 0.182469 0.032193
v 0.096908 0.182469 0.000000
v 0.091533 0.182469 -0.032193
v 0.075406 0.182469 -0.061254
v 0.073920 0.186229 0.059608
v 0.089871 0.186229 0.031289
v 0.095188 0.186229 0.000000
v 0.089871 0.186229 -0.031289
v 0.073920 0.186229 -0.059608
v 0.071995 0.186599 0.058132
v 0.087506 0.186599 0.030521
v 0.092676 0.186599 0.000000
v 0.087506 0.186599 -0.030521
v 0.071995 0.186599 -0.058132
v 0.069850 0.186969 0.056741
v 0.084788 0.186969 0.029821
v 0.089768 0.186969 0.000000
v 0.084788 0.186969 -0.029821
v 0.069850 0.186969 -0.056741
v 0.067704 0.187339 0.055349
v 0.082071 0.187339 0.029120
v 0.086860 0.187339 0.000000
v 0.082071 0.187339 -0.029120
v 0.067704 0.187339 -0.055349
v 0.065779 0.187709 0.053873
v 0.079705 0.187709 0.028352
v 0.084348 0.187709 0.000000
v 0.079705 0.187709 -0.028352
v 0.065779 0.187709 -0.053873
v 0.064767 0.189065 0.052752
v 0.078574 0.189065 0.027737
v 0.083176 0.189065 0.000000
v 0.078574 0.189065 -0.027737
v 0.064767 0.189065 -0.052752
v 0.065381 0.190052 0.053223
v 0.079328 0.190052 0.027982
v 0.083977 0.190052 0.000000
v 0.079328 0.190052 -0.027982
v 0.065381 0.190052 -0.053223
v 0.066066 0.191038 0.053667
v 0.080195 0.191038 0.028205
v 0.084905 0.191038 0.000000
v 0.080195 0.191038 -0.028205
v 0.066066 0.191038 -0.053667
v 0.066750 0.192024 0.054111
v 0.081062 0.192024 0.028429
v 0.085833 0.192024 0.000000
v 0.081062 0.192024 -0.028429
v 0.066750 0.192024 -0.054111
v 0.067364 0.193011 0.054582
v 0.081817 0.193011 0.028674
v 0.086634 0.193011 0.000000
v 0.081817 0.193011 -0.028674
v 0.067364 0.193011 -0.054582
v 0.068568 0.194778 0.055915
v 0.083163 0.194778 0.029406
v 0.088028 0.194778 0.000000
v 0.083163 0.194778 -0.029406
v 0.068568 0.194778 -0.055915
v 0.069514 0.195559 0.056640
v 0.084325 0.195559 0.029783
v 0.089262 0.195559 0.000000
v 0.084325 0.195559 -0.029783
v 0.069514 0.195559 -0.056640
v 0.070568 0.196340 0.057324
v 0.085660 0.196340 0.030128
v 0.090691 0.196340 0.000000
v 0.085660 0.196340 -0.030128
v 0.070568 0.196340 -0.057324
v 0.071622 0.197120 0.058008
v 0.086996 0.197120 0.030472
v 0.092120 0.197120 0.000000
v 0.086996 0.197120 -0.030472
v 0.071622 0.197120 -0.058008
v 0.072568 0.197901 0.058733
v 0.088158 0.197901 0.030849
v 0.093355 0.197901 0.000000
v 0.088158 0.197901 -0.030849
v 0.072568 0.197901 -0.058733
v 0.073539 0.200514 0.059831
v 0.089250 0.200514 0.031457
v 0.094491 0.200514 0.000011
v 0.089262 0.200514 -0.031435
v 0.073561 0.200514 -0.059811
v 0.073856 0.202347 0.060093
v 0.089646 0.202347 0.031603
v 0.094917 0.202347 0.000028
v 0.089668 0.202347 -0.031550
v 0.073896 0.202347 -0.060049
v 0.074210 0.204179 0.060343
v 0.090102 0.204179 0.031739
v 0.095410 0.204179 0.000047
v 0.090133 0.204179 -0.031651
v 0.074269 0.204179 -0.060270
v 0.074564 0.206011 0.060593
v 0.090558 0.206011 0.031876
v 0.095903 0.206011 0.000066
v 0.090598 0.206011 -0.031752
v 0.074642 0.206011 -0.060492
v 0.074881 0.207843 0.060856
v 0.090953 0.207843 0.032021
v 0.096328 0.207843 0.000082
v 0.091004 0.207843 -0.031866
v 0.074978 0.207843 -0.060730
v 0.074625 0.211522 0.060572
v 0.090667 0.211522 0.031866
v 0.096032 0.211522 0.000082
v 0.090717 0.211522 -0.031711
v 0.074722 0.211522 -0.060446
v 0.073976 0.213368 0.060055
v 0.089863 0.213368 0.031587
v 0.095173 0.213368 0.000066
v 0.089904 0.213368 -0.031463
v 0.074054 0.213368 -0.059954
v 0.073252 0.215214 0.059565
v 0.088939 0.215214 0.031330
v 0.094179 0.215214 0.000047
v 0.088970 0.215214 -0.031242
v 0.073311 0.215214 -0.059492
v 0.072528 0.217060 0.059075
v 0.088014 0.217060 0.031073
v 0.093185 0.217060 0.000028
v 0.088036 0.217060 -0.031020
v 0.072569 0.217060 -0.059031
v 0.071879 0.218906 0.058558
v 0.087211 0.218906 0.030795
v 0.092326 0.218906 0.000011
v 0.087223 0.218906 -0.030773
v 0.071901 0.218906 -0.058538
v 0.067861 0.225437 0.054084
v 0.082710 0.225437 0.028333
v 0.087660 0.225437 0.000000
v 0.082710 0.225437 -0.028333
v 0.067861 0.225437 -0.054084
v 0.063297 0.230122 0.050585
v 0.077103 0.230122 0.026512
v 0.081705 0.230122 0.000000
v 0.077103 0.230122 -0.026512
v 0.063297 0.230122 -0.050585
v 0.058211 0.234808 0.047286
v 0.070660 0.234808 0.024852
v 0.074810 0.234808 0.000000
v 0.070660 0.234808 -0.024852
v 0.058211 0.234808 -0.047286
v 0.053125 0.239493 0.043987
v 0.064218 0.239493 0.023192
v 0.067916 0.239493 0.000000
v 0.064218 0.239493 -0.023192
v 0.053125 0.239493 -0.043987
v 0.048560 0.244178 0.040488
v 0.058610 0.244178 0.021371
v 0.061960 0.244178 0.000000
v 0.058610 0.244178 -0.021371
v 0.048560 0.244178 -0.040488
v 0.045087 0.250392 0.036640
v 0.054726 0.250392 0.019258
v 0.057938 0.250392 0.000000
v 0.054726 0.250392 -0.019258
v 0.045087 0.250392 -0.036640
v 0.045150 0.251922 0.036688
v 0.054802 0.251922 0.019283
v 0.058020 0.251922 0.000000
v 0.054802 0.251922 -0.019283
v 0.045150 0.251922 -0.036688
v 0.045219 0.253451 0.036733
v 0.054891 0.253451 0.019305
v 0.058114 0.253451 0.000000
v 0.054891 0.253451 -0.019305
v 0.045219 0.253451 -0.036733
v 0.045289 0.254980 0.036778
v 0.054979 0.254980 0.019328
v 0.058209 0.254980 0.000000
v 0.054979 0.254980 -0.019328
v 0.045289 0.254980 -0.036778
v 0.045351 0.256510 0.036826
v 0.055055 0.256510 0.019353
v 0.058290 0.256510 0.000000
v 0.055055 0.256510 -0.019353
v 0.045351 0.256510 -0.036826
v 0.046148 0.258641 0.037743
v 0.055956 0.258641 0.019866
v 0.059233 0.258641 0.000018
v 0.055975 0.258641 -0.019831
v 0.046183 0.258641 -0.037712
v 0.047126 0.259243 0.038524
v 0.057168 0.259243 0.020286
v 0.060528 0.259243 0.000044
v 0.057203 0.259243 -0.020203
v 0.047190 0.259243 -0.038453
v 0.048217 0.259844 0.039264
v 0.058562 0.259844 0.020675
v 0.062027 0.259844 0.000074
v 0.058611 0.259844 -0.020535
v 0.048311 0.259844 -0.039149
v 0.049309 0.260446 0.040004
v 0.059956 0.260446 0.021065
v 0.063527 0.260446 0.000104
v 0.060019 0.260446 -0.020868
v 0.049432 0.260446 -0.039844
v 0.050286 0.261048 0.040785
v 0.061167 0.261048 0.021485
v 0.064822 0.261048 0.000130
v 0.061247 0.261048 -0.021240
v 0.050440 0.261048 -0.040585
v 0.050760 0.262733 0.041310
v 0.061697 0.262733 0.021773
v 0.065370 0.262733 0.000130
v 0.061777 0.262733 -0.021528
v 0.050913 0.262733 -0.041110
v 0.050397 0.263816 0.040999
v 0.061240 0.263816 0.021598
v 0.064877 0.263816 0.000104
v 0.061304 0.263816 -0.021401
v 0.050519 0.263816 -0.040839
v 0.049989 0.264899 0.040704
v 0.060713 0.264899 0.021432
v 0.064305 0.264899 0.000074
v 0.060762 0.264899 -0.021292
v 0.050083 0.264899 -0.040588
v 0.049582 0.265983 0.040408
v 0.060186 0.265983 0.021266
v 0.063733 0.265983 0.000044
v 0.060221 0.265983 -0.021182
v 0.049647 0.265983 -0.040337
v 0.049219 0.267066 0.040097
v 0.059729 0.267066 0.021091
v 0.063239 0.267066 0.000018
v 0.059748 0.267066 -0.021056
v 0.049253 0.267066 -0.040067
v 0.047830 0.268519 0.038524
v 0.058166 0.268519 0.020218
v 0.061611 0.268519 0.000000
v 0.058166 0.268519 -0.020218
v 0.047830 0.268519 -0.038524
v 0.046386 0.268889 0.037417
v 0.056392 0.268889 0.019642
v 0.059727 0.268889 0.000000
v 0.056392 0.268889 -0.019642
v 0.046386 0.268889 -0.037417
v 0.044777 0.269259 0.036374
v 0.054354 0.269259 0.019117
v 0.057546 0.269259 0.000000
v 0.054354 0.269259 -0.019117
v 0.044777 0.269259 -0.036374
v 0.043168 0.269629 0.035330
v 0.052315 0.269629 0.018591
v 0.055365 0.269629 0.000000
v 0.052315 0.269629 -0.018591
v 0.043168 0.269629 -0.035330
v 0.041724 0.269998 0.034223
v 0.050541 0.269998 0.018015
v 0.053480 0.269998 0.000000
v 0.050541 0.269998 -0.018015
v 0.041724 0.269998 -0.034223
v 0.039419 0.272300 0.031669
v 0.047963 0.272300 0.016613
v 0.050812 0.272300 0.000000
v 0.047963 0.272300 -0.016613
v 0.039419 0.272300 -0.031669
v 0.037876 0.274232 0.030486
v 0.046067 0.274232 0.015997
v 0.048797 0.274232 0.000000
v 0.046067 0.274232 -0.015997
v 0.037876 0.274232 -0.030486
v 0.036156 0.276163 0.029370
v 0.043888 0.276163 0.015436
v 0.046466 0.276163 0.000000
v 0.043888 0.276163 -0.015436
v 0.036156 0.276163 -0.029370
v 0.034436 0.278095 0.028255
v 0.041710 0.278095 0.014874
v 0.044134 0.278095 0.000000
v 0.041710 0.278095 -0.014874
v 0.034436 0.278095 -0.028255
v 0.032892 0.280026 0.027071
v 0.039813 0.280026 0.014259
v 0.042120 0.280026 0.000000
v 0.039813 0.280026 -0.014259
v 0.032892 0.280026 -0.027071
v 0.030540 0.288064 0.024465
v 0.037182 0.288064 0.012828
v 0.039396 0.288064 0.000000
v 0.037182 0.288064 -0.012828
v 0.030540 0.288064 -0.024465
v 0.029034 0.294171 0.023311
v 0.035332 0.294171 0.012227
v 0.037432 0.294171 0.000000
v 0.035332 0.294171 -0.012227
v 0.029034 0.294171 -0.023311
v 0.027356 0.300277 0.022222
v 0.033207 0.300277 0.011679
v 0.035157 0.300277 0.000000
v 0.033207 0.300277 -0.011679
v 0.027356 0.300277 -0.022222
v 0.025679 0.306383 0.021134
v 0.031082 0.306383 0.011132
v 0.032883 0.306383 0.000000
v 0.031082 0.306383 -0.011132
v 0.025679 0.306383 -0.021134
v 0.024173 0.312489 0.019980
v 0.029232 0.312489 0.010531
v 0.030919 0.312489 0.000000
v 0.029232 0.312489 -0.010531
v 0.024173 0.312489 -0.019980
v 0.023301 0.323276 0.019014
v 0.028257 0.323276 0.010001
v 0.029909 0.323276 -0.000000
v 0.028257 0.323276 -0.010001
v 0.023301 0.323276 -0.019014
v 0.023677 0.327956 0.019302
v 0.028718 0.327956 0.010150
v 0.030399 0.327956 -0.000000
v 0.028718 0.327956 -0.010150
v 0.023677 0.327956 -0.019302
v 0.024095 0.332636 0.019573
v 0.029248 0.332636 0.010287
v 0.030966 0.332636 -0.000000
v 0.029248 0.332636 -0.010287
v 0.024095 0.332636 -0.019573
v 0.024514 0.337316 0.019845
v 0.029778 0.337316 0.010424
v 0.031533 0.337316 -0.000000
v 0.029779 0.337316 -0.010424
v 0.024514 0.337316 -0.019845
v 0.024889 0.341996 0.020132
v 0.030240 0.341996 0.010573
v 0.032023 0.341996 -0.000000
v 0.030240 0.341996 -0.010573
v 0.024889 0.341996 -0.020132
v 0.027458 0.346645 0.022978
v 0.033113 0.346645 0.012136
v 0.034998 0.346645 -0.000000
v 0.033113 0.346645 -0.012136
v 0.027458 0.346645 -0.022978
v 0.030412 0.346614 0.025243
v 0.036742 0.346614 0.013314
v 0.038852 0.346614 -0.000000
v 0.036742 0.346614 -0.013314
v 0.030412 0.346614 -0.025243
v 0.033703 0.346583 0.027378
v 0.040911 0.346583 0.014389
v 0.043314 0.346583 -0.000000
v 0.040911 0.346583 -0.014389
v 0.033703 0.346583 -0.027378
v 0.036995 0.346552 0.029513
v 0.045081 0.346552 0.015463
v 0.047776 0.346552 -0.000000
v 0.045081 0.346552 -0.015463
v 0.036995 0.346552 -0.029513
v 0.039949 0.346521 0.031778
v 0.048710 0.346521 0.016642
v 0.051630 0.346521 -0.000000
v 0.048710 0.346521 -0.016642
v 0.039949 0.346521 -0.031778
v 0.043182 0.347712 0.035317
v 0.052314 0.347712 0.018574
v 0.055350 0.347712 -0.000022
v 0.052291 0.347712 -0.018617
v 0.043139 0.347712 -0.035356
v 0.044411 0.348935 0.036220
v 0.053810 0.348935 0.019026
v 0.056928 0.348935 -0.000055
v 0.053767 0.348935 -0.019131
v 0.044330 0.348935 -0.036308
v 0.045777 0.350157 0.037066
v 0.055527 0.350157 0.019431
v 0.058755 0.350157 -0.000093
v 0.055465 0.350157 -0.019606
v 0.045660 0.350157 -0.037210
v 0.047143 0.351380 0.037912
v 0.057243 0.351380 0.019836
v 0.060582 0.351380 -0.000130
v 0.057163 0.351380 -0.020081
v 0.046989 0.351380 -0.038112
v 0.048371 0.352603 0.038815
v 0.058739 0.352603 0.020288
v 0.062161 0.352603 -0.000163
v 0.058640 0.352603 -0.020594
v 0.048180 0.352603 -0.039065
v 0.048931 0.355454 0.039435
v 0.059366 0.355454 0.020628
v 0.062809 0.355454 -0.000163
v 0.059266 0.355454 -0.020935
v 0.048740 0.355454 -0.039685
v 0.048429 0.357083 0.039089
v 0.058761 0.357083 0.020466
v 0.062178 0.357083 -0.000130
v 0.058682 0.357083 -0.020711
v 0.048275 0.357083 -0.039289
v 0.047872 0.358711 0.038768
v 0.058070 0.358711 0.020325
v 0.061447 0.358711 -0.000093
v 0.058008 0.358712 -0.020500
v 0.047754 0.358711 -0.038912
v 0.047315 0.360340 0.038446
v 0.057378 0.360340 0.020185
v 0.060717 0.360340 -0.000055
v 0.057335 0.360340 -0.020289
v 0.047234 0.360340 -0.038534
v 0.046812 0.361969 0.038100
v 0.056774 0.361969 0.020022
v 0.060086 0.361969 -0.000022
v 0.056750 0.361969 -0.020065
v 0.046769 0.361969 -0.038139
v 0.045259 0.363970 0.036422
v 0.055049 0.363970 0.019112
v 0.058312 0.363970 -0.000000
v 0.055049 0.363970 -0.019112
v 0.045259 0.363970 -0.036422
v 0.043757 0.364342 0.035271
v 0.053203 0.364342 0.018513
v 0.056352 0.364342 -0.000000
v 0.053203 0.364342 -0.018513
v 0.043757 0.364342 -0.035271
v 0.042083 0.364714 0.034185
v 0.051083 0.364714 0.017966
v 0.054083 0.364714 -0.000000
v 0.051083 0.364714 -0.017966
v 0.042083 0.364714 -0.034185
v 0.040409 0.365085 0.033099
v 0.048963 0.365085 0.017420
v 0.051815 0.365085 -0.000000
v 0.048963 0.365085 -0.017420
v 0.040409 0.365085 -0.033100
v 0.038907 0.365457 0.031948
v 0.047118 0.365457 0.016821
v 0.049855 0.365457 -0.000000
v 0.047118 0.365457 -0.016821
v 0.038907 0.365457 -0.031948
v 0.036223 0.366449 0.028974
v 0.044115 0.366449 0.015188
v 0.046746 0.366449 -0.000000
v 0.044115 0.366449 -0.015188
v 0.036223 0.366449 -0.028974
v 0.034245 0.367069 0.027458
v 0.041686 0.367069 0.014399
v 0.044166 0.367069 -0.000000
v 0.041686 0.367069 -0.014399
v 0.034245 0.367069 -0.027458
v 0.032042 0.367689 0.026028
v 0.038894 0.367689 0.013679
v 0.041179 0.367689 -0.000000
v 0.038894 0.367689 -0.013680
v 0.032042 0.367689 -0.026028
v 0.029838 0.368309 0.024599
v 0.036103 0.368309 0.012960
v 0.038191 0.368309 -0.000000
v 0.036103 0.368309 -0.012960
v 0.029838 0.368309 -0.024599
v 0.027860 0.368929 0.023083
v 0.033673 0.368929 0.012171
v 0.035611 0.368929 -0.000000
v 0.033673 0.368929 -0.012171
v 0.027860 0.368929 -0.023083
v 0.024906 0.371253 0.019809
v 0.030368 0.371253 0.010374
v 0.032189 0.371253 -0.000000
v 0.030368 0.371253 -0.010374
v 0.024906 0.371253 -0.019809
v 0.023053 0.372958 0.018389
v 0.028093 0.372958 0.009635
v 0.029772 0.372958 -0.000000
v 0.028093 0.372958 -0.009635
v 0.023053 0.372958 -0.018389
v 0.020989 0.374662 0.017050
v 0.025478 0.374662 0.008961
v 0.026974 0.374662 -0.000000
v 0.025478 0.374662 -0.008961
v 0.020989 0.374662 -0.017050
v 0.018925 0.376367 0.015711
v 0.022863 0.376367 0.008287
v 0.024176 0.376367 -0.000000
v 0.022863 0.376367 -0.008287
v 0.018925 0.376367 -0.015711
v 0.017072 0.378072 0.014291
v 0.020587 0.378072 0.007548
v 0.021759 0.378072 -0.000000
v 0.020587 0.378072 -0.007548
v 0.017072 0.378072 -0.014291
v 0.016666 0.380279 0.013840
v 0.020133 0.380279 0.007301
v 0.021288 0.380279 -0.000000
v 0.020133 0.380279 -0.007301
v 0.016666 0.380279 -0.013840
v 0.017992 0.380782 0.014857
v 0.021761 0.380782 0.007830
v 0.023018 0.380782 -0.000000
v 0.021761 0.380782 -0.007830
v 0.017992 0.380782 -0.014857
v 0.019469 0.381285 0.015815
v 0.023633 0.381285 0.008312
v 0.025021 0.381285 -0.000000
v 0.023633 0.381285 -0.008312
v 0.019469 0.381285 -0.015815
v 0.020946 0.381788 0.016773
v 0.025504 0.381788 0.008794
v 0.027023 0.381788 -0.000000
v 0.025504 0.381788 -0.008794
v 0.020946 0.381788 -0.016773
v 0.022272 0.382291 0.017790
v 0.027133 0.382291 0.009323
v 0.028753 0.382291 -0.000000
v 0.027133 0.382291 -0.009323
v 0.022272 0.382291 -0.017790
v 0.024492 0.384220 0.020249
v 0.029616 0.384220 0.010674
v 0.031324 0.384220 -0.000000
v 0.029616 0.384220 -0.010674
v 0.024492 0.384220 -0.020249
v 0.026044 0.385645 0.021439
v 0.031523 0.385645 0.011293
v 0.033349 0.385645 -0.000000
v 0.031523 0.385645 -0.011293
v 0.026044 0.385645 -0.021439
v 0.027773 0.387071 0.022561
v 0.033713 0.387071 0.011857
v 0.035693 0.387071 -0.000000
v 0.033713 0.387071 -0.011857
v 0.027773 0.387071 -0.022561
v 0.029503 0.388497 0.023683
v 0.035904 0.388497 0.012422
v 0.038038 0.388497 -0.000000
v 0.035904 0.388497 -0.012422
v 0.029503 0.388497 -0.023683
v 0.031055 0.389922 0.024873
v 0.037811 0.389922 0.013041
v 0.040063 0.389922 -0.000000
v 0.037811 0.389922 -0.013041
v 0.031055 0.389922 -0.024873
v 0.033469 0.393703 0.027547
v 0.040511 0.393703 0.014510
v 0.042858 0.393703 -0.000000
v 0.040511 0.393703 -0.014510
v 0.033469 0.393703 -0.027547
v 0.035046 0.396059 0.028757
v 0.042449 0.396059 0.015139
v 0.044916 0.396059 -0.000000
v 0.042449 0.396059 -0.015139
v 0.035046 0.396059 -0.028757
v 0.036803 0.398414 0.029896
v 0.044675 0.398414 0.015712
v 0.047298 0.398414 -0.000000
v 0.044675 0.398414 -0.015712
v 0.036803 0.398414 -0.029896
v 0.038561 0.400770 0.031036
v 0.046901 0.400770 0.016286
v 0.049681 0.400770 -0.000000
v 0.046901 0.400770 -0.016286
v 0.038561 0.400770 -0.031036
v 0.040138 0.403125 0.032245
v 0.048838 0.403125 0.016915
v 0.051738 0.403125 -0.000000
v 0.048838 0.403125 -0.016915
v 0.040138 0.403125 -0.032245
v 0.041992 0.407557 0.034299
v 0.050912 0.407557 0.018043
v 0.053885 0.407557 -0.000000
v 0.050912 0.407557 -0.018043
v 0.041992 0.407557 -0.034299
v 0.042818 0.409634 0.034933
v 0.051927 0.409634 0.018373
v 0.054963 0.409634 -0.000000
v 0.051927 0.409634 -0.018373
v 0.042818 0.409634 -0.034933
v 0.043738 0.411711 0.035530
v 0.053093 0.411711 0.018673
v 0.056211 0.411711 -0.000000
v 0.053093 0.411711 -0.018673
v 0.043738 0.411711 -0.035530
v 0.044659 0.413787 0.036127
v 0.054259 0.413787 0.018974
v 0.057459 0.413787 -0.000000
v 0.054259 0.413787 -0.018974
v 0.044659 0.413787 -0.036127
v 0.045485 0.415864 0.036760
v 0.055274 0.415864 0.019303
v 0.058537 0.415864 -0.000000
v 0.055274 0.415864 -0.019303
v 0.045485 0.415864 -0.036760
v 0.046571 0.421448 0.037949
v 0.056484 0.421448 0.019952
v 0.059786 0.421448 -0.000007
v 0.056476 0.421448 -0.019966
v 0.046557 0.421448 -0.037962
v 0.047149 0.424956 0.038379
v 0.057190 0.424956 0.020171
v 0.060532 0.424956 -0.000018
v 0.057176 0.424956 -0.020205
v 0.047122 0.424956 -0.038408
v 0.047792 0.428463 0.038784
v 0.058000 0.428463 0.020367
v 0.061396 0.428463 -0.000030
v 0.057980 0.428463 -0.020424
v 0.047754 0.428463 -0.038831
v 0.048435 0.431971 0.039188
v 0.058811 0.431971 0.020564
v 0.062260 0.431971 -0.000043
v 0.058785 0.431971 -0.020644
v 0.048385 0.431971 -0.039253
v 0.049014 0.435479 0.039618
v 0.059517 0.435479 0.020782
v 0.063006 0.435479 -0.000053
v 0.059484 0.435479 -0.020882
v 0.048951 0.435479 -0.039700
v 0.048608 0.442669 0.039169
v 0.059063 0.442669 0.020535
v 0.062537 0.442669 -0.000053
v 0.059031 0.442669 -0.020635
v 0.048546 0.442669 -0.039251
v 0.047504 0.446352 0.038336
v 0.057711 0.446352 0.020107
v 0.061105 0.446352 -0.000043
v 0.057685 0.446352 -0.020187
v 0.047454 0.446352 -0.038401
v 0.046275 0.450035 0.037551
v 0.056159 0.450035 0.019719
v 0.059446 0.450035 -0.000030
v 0.056139 0.450035 -0.019777
v 0.046237 0.450035 -0.037599
v 0.045046 0.453717 0.036767
v 0.054607 0.453717 0.019332
v 0.057788 0.453717 -0.000018
v 0.054592 0.453717 -0.019366
v 0.045020 0.453717 -0.036796
v 0.043942 0.457400 0.035934
v 0.053255 0.457400 0.018904
v 0.056356 0.457400 -0.000007
v 0.053247 0.457400 -0.018918
v 0.043928 0.457400 -0.035946
v 0.042133 0.463283 0.033944
v 0.051235 0.463283 0.017815
v 0.054269 0.463283 -0.000000
v 0.051235 0.463283 -0.017815
v 0.042133 0.463283 -0.033944
v 0.040895 0.465483 0.032994
v 0.049714 0.465483 0.017321
v 0.052654 0.465483 -0.000000
v 0.049714 0.465483 -0.017321
v 0.040895 0.465483 -0.032994
v 0.039516 0.467683 0.032100
v 0.047967 0.467683 0.016870
v 0.050784 0.467683 -0.000000
v 0.047967 0.467683 -0.016870
v 0.039516 0.467683 -0.032100
v 0.038136 0.469884 0.031205
v 0.046219 0.469884 0.016420
v 0.048914 0.469884 -0.000000
v 0.046219 0.469884 -0.016420
v 0.038136 0.469884 -0.031205
v 0.036898 0.472084 0.030256
v 0.044698 0.472084 0.015926
v 0.047298 0.472084 -0.000000
v 0.044698 0.472084 -0.015926
v 0.036898 0.472084 -0.030256
v 0.034282 0.476175 0.027357
v 0.041772 0.476175 0.014335
v 0.044269 0.476175 -0.000000
v 0.041772 0.476175 -0.014335
v 0.034282 0.476175 -0.027357
v 0.032129 0.478065 0.025707
v 0.039127 0.478065 0.013476
v 0.041460 0.478065 -0.000000
v 0.039127 0.478065 -0.013476
v 0.032129 0.478065 -0.025707
v 0.029730 0.479956 0.024151
v 0.036089 0.479956 0.012693
v 0.038208 0.479956 -0.000000
v 0.036089 0.479956 -0.012693
v 0.029730 0.479956 -0.024151
v 0.027331 0.481847 0.022595
v 0.033050 0.481847 0.011910
v 0.034956 0.481847 -0.000000
v 0.033050 0.481847 -0.011910
v 0.027331 0.481847 -0.022595
v 0.025178 0.483737 0.020944
v 0.030405 0.483737 0.011051
v 0.032147 0.483737 -0.000000
v 0.030405 0.483737 -0.011051
v 0.025178 0.483737 -0.020944
v 0.022089 0.486526 0.017521
v 0.026949 0.486526 0.009171
v 0.028569 0.486526 -0.000000
v 0.026949 0.486526 -0.009171
v 0.022089 0.486526 -0.017521
v 0.020236 0.487425 0.016100
v 0.024673 0.487425 0.008432
v 0.026152 0.487425 -0.000000
v 0.024673 0.487425 -0.008432
v 0.020236 0.487425 -0.016100
v 0.018172 0.488324 0.014762
v 0.022058 0.488324 0.007758
v 0.023354 0.488324 -0.000000
v 0.022058 0.488324 -0.007758
v 0.018172 0.488324 -0.014762
v 0.016108 0.489223 0.013423
v 0.019444 0.489223 0.007084
v 0.020556 0.489223 -0.000000
v 0.019444 0.489223 -0.007084
v 0.016108 0.489223 -0.013423
v 0.014255 0.490122 0.012002
v 0.017168 0.490122 0.006345
v 0.018139 0.490122 -0.000000
v 0.017168 0.490122 -0.006345
v 0.014255 0.490122 -0.012002
v 0.011146 0.491299 0.008558
v 0.013690 0.491299 0.004454
v 0.014538 0.491299 -0.000000
v 0.013690 0.491299 -0.004454
v 0.011146 0.491299 -0.008558
v 0.008968 0.491578 0.006888
v 0.011014 0.491578 0.003585
v 0.011696 0.491578 -0.000000
v 0.011014 0.491578 -0.003585
v 0.008968 0.491578 -0.006888
v 0.006541 0.491857 0.005314
v 0.007940 0.491857 0.002793
v 0.008407 0.491857 -0.000000
v 0.007940 0.491857 -0.002793
v 0.006541 0.491857 -0.005314
v 0.004115 0.492136 0.003740
v 0.004866 0.492136 0.002000
v 0.005117 0.492136 -0.000000
v 0.004866 0.492136 -0.002001
v 0.004114 0.492136 -0.003740
v 0.001937 0.492415 0.002070
v 0.002191 0.492415 0.001132
v 0.002275 0.492415 -0.000000
v 0.002191 0.492415 -0.001132
v 0.001937 0.492415 -0.002070
v 0.004631 0.165503 -0.014312
v -0.000326 0.165503 -0.012829
v -0.005836 0.165503 -0.010108
v -0.010947 0.165503 -0.006697
v -0.014710 0.165503 -0.003145
v 0.006774 0.165506 -0.030636
v -0.003838 0.165506 -0.029336
v -0.014360 0.165506 -0.024871
v -0.023487 0.165506 -0.017992
v -0.029918 0.165506 -0.009451
v 0.007672 0.165508 -0.047965
v -0.008943 0.165508 -0.047683
v -0.024227 0.165508 -0.041963
v -0.036823 0.165508 -0.031587
v -0.045375 0.165508 -0.017338
v 0.008571 0.165511 -0.065294
v -0.014048 0.165511 -0.066030
v -0.034095 0.165511 -0.059054
v -0.050159 0.165511 -0.045181
v -0.060832 0.165511 -0.025225
v 0.010713 0.165513 -0.081618
v -0.017560 0.165513 -0.082537
v -0.042618 0.165513 -0.073817
v -0.062699 0.165513 -0.056476
v -0.076040 0.165513 -0.031531
v 0.015345 0.168906 -0.095930
v -0.017887 0.168906 -0.095366
v -0.048454 0.168906 -0.083925
v -0.073646 0.168906 -0.063173
v -0.090750 0.168906 -0.034676
v 0.015345 0.172297 -0.095930
v -0.017887 0.172297 -0.095366
v -0.048454 0.172297 -0.083925
v -0.073646 0.172297 -0.063173
v -0.090750 0.172297 -0.034676
v 0.015345 0.175688 -0.095930
v -0.017887 0.175688 -0.095366
v -0.048454 0.175688 -0.083925
v -0.073646 0.175688 -0.063173
v -0.090750 0.175688 -0.034676
v 0.015345 0.179078 -0.095930
v -0.017887 0.179078 -0.095366
v -0.048454 0.179078 -0.083925
v -0.073646 0.179078 -0.063173
v -0.090750 0.179078 -0.034676
v 0.015345 0.182469 -0.095930
v -0.017887 0.182469 -0.095366
v -0.048454 0.182469 -0.083925
v -0.073646 0.182469 -0.063173
v -0.090750 0.182469 -0.034676
v 0.014662 0.186229 -0.093821
v -0.017838 0.186229 -0.093475
v -0.047594 0.186229 -0.082436
v -0.072033 0.186229 -0.062186
v -0.088582 0.186229 -0.034213
v 0.014346 0.186599 -0.091415
v -0.017321 0.186599 -0.091043
v -0.046338 0.186599 -0.080260
v -0.070185 0.186599 -0.060522
v -0.086341 0.186599 -0.033283
v 0.014214 0.186969 -0.088862
v -0.016569 0.186969 -0.088339
v -0.044884 0.186969 -0.077741
v -0.068220 0.186969 -0.058518
v -0.084064 0.186969 -0.032121
v 0.014082 0.187339 -0.086308
v -0.015816 0.187339 -0.085636
v -0.043430 0.187339 -0.075223
v -0.066255 0.187339 -0.056515
v -0.081786 0.187339 -0.030959
v 0.013766 0.187709 -0.083903
v -0.015299 0.187709 -0.083203
v -0.042174 0.187709 -0.073047
v -0.064407 0.187709 -0.054851
v -0.079545 0.187709 -0.030030
v 0.013301 0.189065 -0.082466
v -0.015266 0.189065 -0.081916
v -0.041588 0.189065 -0.072033
v -0.063308 0.189065 -0.054179
v -0.078068 0.189065 -0.029714
v 0.013402 0.190052 -0.083233
v -0.015431 0.190052 -0.082691
v -0.041989 0.190052 -0.072727
v -0.063897 0.190052 -0.054710
v -0.078783 0.190052 -0.030010
v 0.013444 0.191038 -0.084048
v -0.015671 0.191038 -0.083554
v -0.042453 0.191038 -0.073530
v -0.064524 0.191038 -0.055348
v -0.079510 0.191038 -0.030381
v 0.013486 0.192024 -0.084863
v -0.015911 0.192024 -0.084416
v -0.042916 0.192024 -0.074333
v -0.065151 0.192024 -0.055987
v -0.080236 0.192024 -0.030752
v 0.013587 0.193011 -0.085630
v -0.016076 0.193011 -0.085192
v -0.043317 0.193011 -0.075027
v -0.065741 0.193011 -0.056518
v -0.080951 0.193011 -0.031048
v 0.014140 0.194778 -0.087339
v -0.016115 0.194778 -0.086724
v -0.044014 0.194778 -0.076234
v -0.067048 0.194778 -0.057318
v -0.082708 0.194778 -0.031424
v 0.014295 0.195559 -0.088521
v -0.016369 0.195559 -0.087919
v -0.044631 0.195559 -0.077303
v -0.067956 0.195559 -0.058136
v -0.083809 0.195559 -0.031881
v 0.014360 0.196340 -0.089776
v -0.016739 0.196340 -0.089248
v -0.045346 0.196340 -0.078541
v -0.068921 0.196340 -0.059120
v -0.084928 0.196340 -0.032452
v 0.014425 0.197120 -0.091031
v -0.017109 0.197120 -0.090576
v -0.046060 0.197120 -0.079779
v -0.069887 0.197120 -0.060105
v -0.086048 0.197120 -0.033023
v 0.014580 0.197901 -0.092213
v -0.017363 0.197901 -0.091772
v -0.046677 0.197901 -0.080848
v -0.070795 0.197901 -0.060923
v -0.087149 0.197901 -0.033479
v 0.015045 0.200514 -0.093602
v -0.017382 0.200514 -0.093021
v -0.047236 0.200514 -0.081838
v -0.071855 0.200514 -0.061585
v -0.088578 0.200514 -0.033800
v 0.015114 0.202347 -0.094007
v -0.017454 0.202347 -0.093437
v -0.047435 0.202347 -0.082214
v -0.072157 0.202347 -0.061880
v -0.088952 0.202347 -0.033972
v 0.015154 0.204179 -0.094439
v -0.017564 0.204179 -0.093900
v -0.047664 0.204179 -0.082651
v -0.072477 0.204179 -0.062232
v -0.089330 0.204179 -0.034184
v 0.015193 0.206011 -0.094871
v -0.017674 0.206011 -0.094363
v -0.047894 0.206011 -0.083087
v -0.072797 0.206011 -0.062584
v -0.089709 0.206011 -0.034396
v 0.015262 0.207843 -0.095277
v -0.017745 0.207843 -0.094779
v -0.048093 0.207843 -0.083464
v -0.073099 0.207843 -0.062878
v -0.090082 0.207843 -0.034568
v 0.015144 0.211522 -0.094913
v -0.017737 0.211522 -0.094453
v -0.047945 0.211522 -0.083207
v -0.072821 0.211522 -0.062708
v -0.089709 0.211522 -0.034488
v 0.015021 0.213368 -0.094093
v -0.017576 0.213368 -0.093618
v -0.047530 0.213368 -0.082455
v -0.072200 0.213368 -0.062127
v -0.088949 0.213368 -0.034156
v 0.014959 0.215214 -0.093221
v -0.017337 0.215214 -0.092689
v -0.047049 0.215214 -0.081585
v -0.071541 0.215214 -0.061429
v -0.088177 0.215214 -0.033743
v 0.014897 0.217060 -0.092349
v -0.017097 0.217060 -0.091759
v -0.046568 0.217060 -0.080714
v -0.070883 0.217060 -0.060732
v -0.087406 0.217060 -0.033331
v 0.014773 0.218906 -0.091528
v -0.016936 0.218906 -0.090924
v -0.046153 0.218906 -0.079962
v -0.070262 0.218906 -0.060151
v -0.086646 0.218906 -0.032999
v 0.012908 0.225437 -0.085812
v -0.016818 0.225437 -0.085796
v -0.043830 0.225437 -0.075916
v -0.065892 0.225437 -0.057463
v -0.080769 0.225437 -0.031727
v 0.012159 0.230122 -0.080109
v -0.015591 0.230122 -0.080029
v -0.040852 0.230122 -0.070758
v -0.061512 0.230122 -0.053517
v -0.075456 0.230122 -0.029524
v 0.011846 0.234808 -0.074055
v -0.013808 0.234808 -0.073620
v -0.037405 0.234808 -0.064788
v -0.056853 0.234808 -0.048768
v -0.070056 0.234808 -0.026769
v 0.011532 0.239493 -0.068001
v -0.012025 0.239493 -0.067210
v -0.033958 0.239493 -0.058817
v -0.052193 0.239493 -0.044019
v -0.064656 0.239493 -0.024014
v 0.010783 0.244178 -0.062298
v -0.010798 0.244178 -0.061443
v -0.030980 0.244178 -0.053659
v -0.047813 0.244178 -0.040073
v -0.059344 0.244178 -0.021811
v 0.009187 0.250392 -0.057367
v -0.010685 0.250392 -0.057023
v -0.028969 0.250392 -0.050176
v -0.044041 0.250392 -0.037765
v -0.054275 0.250392 -0.020727
v 0.009198 0.251922 -0.057445
v -0.010702 0.251922 -0.057102
v -0.029010 0.251922 -0.050247
v -0.044101 0.251922 -0.037819
v -0.054348 0.251922 -0.020757
v 0.009202 0.253451 -0.057528
v -0.010726 0.253451 -0.057189
v -0.029057 0.253451 -0.050328
v -0.044164 0.253451 -0.037884
v -0.054421 0.253451 -0.020795
v 0.009206 0.254980 -0.057611
v -0.010751 0.254980 -0.057277
v -0.029104 0.254980 -0.050410
v -0.044228 0.254980 -0.037949
v -0.054495 0.254980 -0.020832
v 0.009216 0.256510 -0.057689
v -0.010767 0.256510 -0.057356
v -0.029145 0.256510 -0.050481
v -0.044288 0.256510 -0.038003
v -0.054568 0.256510 -0.020863
v 0.009612 0.258641 -0.058837
v -0.010774 0.258641 -0.058393
v -0.029601 0.258641 -0.051306
v -0.045162 0.258641 -0.038561
v -0.055751 0.258641 -0.021139
v 0.009800 0.259243 -0.060074
v -0.011016 0.259243 -0.059652
v -0.030226 0.259243 -0.052441
v -0.046097 0.259243 -0.039438
v -0.056897 0.259243 -0.021641
v 0.009895 0.259844 -0.061389
v -0.011376 0.259844 -0.061054
v -0.030949 0.259844 -0.053754
v -0.047090 0.259844 -0.040491
v -0.058059 0.259844 -0.022264
v 0.009990 0.260446 -0.062705
v -0.011735 0.260446 -0.062455
v -0.031673 0.260446 -0.055068
v -0.048082 0.260446 -0.041544
v -0.059222 0.260446 -0.022887
v 0.010177 0.261048 -0.063942
v -0.011977 0.261048 -0.063715
v -0.032298 0.261048 -0.056203
v -0.049018 0.261048 -0.042422
v -0.060367 0.261048 -0.023390
v 0.010395 0.262733 -0.064614
v -0.011992 0.262733 -0.064318
v -0.032572 0.262733 -0.056678
v -0.049532 0.262733 -0.042736
v -0.061059 0.262733 -0.023537
v 0.010308 0.263816 -0.064145
v -0.011916 0.263816 -0.063834
v -0.032348 0.263816 -0.056237
v -0.049186 0.263816 -0.042390
v -0.060628 0.263816 -0.023331
v 0.010255 0.264899 -0.063644
v -0.011796 0.264899 -0.063295
v -0.032088 0.264899 -0.055727
v -0.048821 0.264899 -0.041976
v -0.060192 0.264899 -0.023079
v 0.010203 0.265983 -0.063143
v -0.011676 0.265983 -0.062756
v -0.031829 0.265983 -0.055216
v -0.048455 0.265983 -0.041562
v -0.059756 0.265983 -0.022827
v 0.010116 0.267066 -0.062674
v -0.011600 0.267066 -0.062272
v -0.031604 0.267066 -0.054776
v -0.048109 0.267066 -0.041215
v -0.059325 0.267066 -0.022621
v 0.009448 0.268519 -0.060684
v -0.011574 0.268519 -0.060482
v -0.030806 0.268519 -0.053357
v -0.046592 0.268519 -0.040264
v -0.057278 0.268519 -0.022160
v 0.009211 0.268889 -0.058880
v -0.011186 0.268889 -0.058658
v -0.029864 0.268889 -0.051725
v -0.045206 0.268889 -0.039016
v -0.055597 0.268889 -0.021463
v 0.009112 0.269259 -0.056965
v -0.010621 0.269259 -0.056630
v -0.028773 0.269259 -0.049836
v -0.043732 0.269259 -0.037513
v -0.053889 0.269259 -0.020591
v 0.009013 0.269629 -0.055050
v -0.010057 0.269629 -0.054602
v -0.027682 0.269629 -0.047947
v -0.042258 0.269629 -0.036011
v -0.052181 0.269629 -0.019720
v 0.008776 0.269998 -0.053245
v -0.009669 0.269998 -0.052778
v -0.026740 0.269998 -0.046315
v -0.040872 0.269998 -0.034762
v -0.050500 0.269998 -0.019023
v 0.007717 0.272300 -0.049973
v -0.009594 0.272300 -0.049844
v -0.025406 0.272300 -0.044004
v -0.038369 0.272300 -0.033231
v -0.047136 0.272300 -0.018303
v 0.007464 0.274232 -0.048044
v -0.009179 0.274232 -0.047894
v -0.024399 0.274232 -0.042260
v -0.036888 0.274232 -0.031897
v -0.045339 0.274232 -0.017558
v 0.007357 0.276163 -0.045997
v -0.008576 0.276163 -0.045726
v -0.023233 0.276163 -0.040241
v -0.035312 0.276163 -0.030290
v -0.043513 0.276163 -0.016627
v 0.007251 0.278095 -0.043949
v -0.007973 0.278095 -0.043559
v -0.022067 0.278095 -0.038221
v -0.033737 0.278095 -0.028684
v -0.041687 0.278095 -0.015695
v 0.006998 0.280026 -0.042021
v -0.007558 0.280026 -0.041609
v -0.021060 0.280026 -0.036477
v -0.032255 0.280026 -0.027350
v -0.039890 0.280026 -0.014950
v 0.005917 0.288064 -0.038681
v -0.007482 0.288064 -0.038614
v -0.019698 0.288064 -0.034118
v -0.029700 0.288064 -0.025787
v -0.036457 0.288064 -0.014216
v 0.005670 0.294171 -0.036800
v -0.007077 0.294171 -0.036712
v -0.018716 0.294171 -0.032417
v -0.028255 0.294171 -0.024485
v -0.034705 0.294171 -0.013489
v 0.005567 0.300277 -0.034803
v -0.006489 0.300277 -0.034598
v -0.017579 0.300277 -0.030447
v -0.026718 0.300277 -0.022919
v -0.032923 0.300277 -0.012580
v 0.005463 0.306383 -0.032806
v -0.005901 0.306383 -0.032484
v -0.016442 0.306383 -0.028478
v -0.025181 0.306383 -0.021352
v -0.031142 0.306383 -0.011671
v 0.005216 0.312489 -0.030924
v -0.005496 0.312489 -0.030581
v -0.015459 0.312489 -0.026776
v -0.023736 0.312489 -0.020050
v -0.029390 0.312489 -0.010945
v 0.004816 0.323276 -0.029686
v -0.005468 0.323276 -0.029472
v -0.014955 0.323276 -0.025902
v -0.022789 0.323276 -0.019471
v -0.028117 0.323276 -0.010673
v 0.004877 0.327956 -0.030156
v -0.005569 0.327956 -0.029946
v -0.015200 0.327956 -0.026326
v -0.023150 0.327956 -0.019796
v -0.028554 0.327956 -0.010854
v 0.004903 0.332636 -0.030654
v -0.005716 0.332636 -0.030473
v -0.015483 0.332636 -0.026818
v -0.023533 0.332636 -0.020186
v -0.028999 0.332636 -0.011081
v 0.004929 0.337316 -0.031152
v -0.005862 0.337316 -0.031001
v -0.015767 0.337316 -0.027309
v -0.023916 0.337316 -0.020577
v -0.029443 0.337316 -0.011307
v 0.004991 0.341996 -0.031621
v -0.005963 0.341996 -0.031475
v -0.016012 0.341996 -0.027733
v -0.024277 0.341996 -0.020902
v -0.029880 0.341996 -0.011488
v 0.006171 0.346645 -0.035268
v -0.006046 0.346645 -0.034744
v -0.017499 0.346645 -0.030309
v -0.027066 0.346645 -0.022608
v -0.033629 0.346645 -0.012290
v 0.006655 0.346614 -0.038959
v -0.006840 0.346614 -0.038477
v -0.019426 0.346614 -0.033647
v -0.029902 0.346614 -0.025162
v -0.037067 0.346614 -0.013716
v 0.006858 0.346583 -0.042877
v -0.007995 0.346583 -0.042625
v -0.021657 0.346583 -0.037511
v -0.032917 0.346583 -0.028236
v -0.040562 0.346583 -0.015499
v 0.007061 0.346552 -0.046795
v -0.009149 0.346552 -0.046773
v -0.023888 0.346552 -0.041375
v -0.035932 0.346552 -0.031309
v -0.044056 0.346552 -0.017282
v 0.007546 0.346521 -0.050485
v -0.009943 0.346521 -0.050505
v -0.025815 0.346521 -0.044713
v -0.038767 0.346521 -0.033863
v -0.047495 0.346521 -0.018708
v 0.008994 0.347712 -0.055055
v -0.010071 0.347712 -0.054592
v -0.027694 0.347712 -0.047923
v -0.042269 0.347712 -0.035976
v -0.052188 0.347712 -0.019682
v 0.009162 0.348935 -0.056571
v -0.010428 0.348935 -0.056114
v -0.028512 0.348935 -0.049274
v -0.043451 0.348935 -0.036998
v -0.053609 0.348935 -0.020237
v 0.009212 0.350157 -0.058177
v -0.010936 0.350157 -0.057803
v -0.029458 0.350157 -0.050837
v -0.044712 0.350157 -0.038231
v -0.055055 0.350157 -0.020937
v 0.009262 0.351380 -0.059783
v -0.011443 0.351380 -0.059492
v -0.030404 0.351380 -0.052401
v -0.045972 0.351380 -0.039464
v -0.056501 0.351380 -0.021638
v 0.009429 0.352603 -0.061298
v -0.011800 0.352603 -0.061013
v -0.031221 0.352603 -0.053751
v -0.047155 0.352603 -0.040486
v -0.057921 0.352603 -0.022193
v 0.009686 0.355454 -0.062094
v -0.011818 0.355454 -0.061726
v -0.031546 0.355454 -0.054313
v -0.047763 0.355454 -0.040858
v -0.058738 0.355454 -0.022368
v 0.009638 0.357083 -0.061485
v -0.011657 0.357083 -0.061122
v -0.031202 0.357083 -0.053783
v -0.047278 0.357083 -0.040464
v -0.058163 0.357083 -0.022163
v 0.009638 0.358711 -0.060842
v -0.011433 0.358711 -0.060452
v -0.030804 0.358711 -0.053169
v -0.046758 0.358711 -0.039986
v -0.057576 0.358711 -0.021901
v 0.009638 0.360340 -0.060199
v -0.011209 0.360340 -0.059783
v -0.030406 0.360340 -0.052555
v -0.046238 0.360340 -0.039509
v -0.056989 0.360340 -0.021638
v 0.009590 0.361969 -0.059590
v -0.011047 0.361969 -0.059179
v -0.030062 0.361969 -0.052025
v -0.045752 0.361969 -0.039114
v -0.056414 0.361969 -0.021434
v 0.008913 0.363970 -0.057406
v -0.010973 0.363970 -0.057229
v -0.029156 0.363970 -0.050500
v -0.044076 0.363970 -0.038118
v -0.054172 0.363970 -0.020984
v 0.008667 0.364342 -0.055530
v -0.010569 0.364342 -0.055332
v -0.028176 0.364342 -0.048802
v -0.042634 0.364342 -0.036819
v -0.052424 0.364342 -0.020259
v 0.008564 0.364714 -0.053537
v -0.009982 0.364714 -0.053223
v -0.027042 0.364714 -0.046838
v -0.041101 0.364714 -0.035256
v -0.050647 0.364714 -0.019352
v 0.008460 0.365085 -0.051545
v -0.009395 0.365085 -0.051113
v -0.025907 0.365085 -0.044873
v -0.039568 0.365085 -0.033693
v -0.048870 0.365085 -0.018446
v 0.008214 0.365457 -0.049669
v -0.008992 0.365457 -0.049216
v -0.024927 0.365457 -0.043176
v -0.038126 0.365457 -0.032395
v -0.047121 0.365457 -0.017721
v 0.006981 0.366449 -0.045857
v -0.008905 0.366449 -0.045799
v -0.023373 0.366449 -0.040483
v -0.035211 0.366449 -0.030611
v -0.043204 0.366449 -0.016883
v 0.006656 0.367069 -0.043386
v -0.008373 0.367069 -0.043300
v -0.022083 0.367069 -0.038249
v -0.033313 0.367069 -0.028901
v -0.040902 0.367069 -0.015929
v 0.006520 0.367689 -0.040763
v -0.007600 0.367689 -0.040523
v -0.020589 0.367689 -0.035662
v -0.031294 0.367689 -0.026844
v -0.038562 0.367689 -0.014735
v 0.006384 0.368309 -0.038140
v -0.006828 0.368309 -0.037746
v -0.019096 0.368309 -0.033075
v -0.029275 0.368309 -0.024786
v -0.036222 0.368309 -0.013541
v 0.006060 0.368929 -0.035669
v -0.006296 0.368929 -0.035248
v -0.017806 0.368929 -0.030840
v -0.027377 0.368929 -0.023076
v -0.033920 0.368929 -0.012586
v 0.004702 0.371253 -0.031473
v -0.006200 0.371253 -0.031487
v -0.016095 0.371253 -0.027877
v -0.024168 0.371253 -0.021113
v -0.029608 0.371253 -0.011664
v 0.004398 0.372958 -0.029159
v -0.005703 0.372958 -0.029146
v -0.014886 0.372958 -0.025784
v -0.022390 0.372958 -0.019512
v -0.027452 0.372958 -0.010770
v 0.004271 0.374662 -0.026702
v -0.004979 0.374662 -0.026545
v -0.013487 0.374662 -0.023360
v -0.020499 0.374662 -0.017584
v -0.025260 0.374662 -0.009652
v 0.004144 0.376367 -0.024245
v -0.004255 0.376367 -0.023944
v -0.012088 0.376367 -0.020937
v -0.018608 0.376367 -0.015657
v -0.023069 0.376367 -0.008534
v 0.003840 0.378072 -0.021930
v -0.003757 0.378072 -0.021603
v -0.010880 0.378072 -0.018844
v -0.016830 0.378072 -0.014055
v -0.020912 0.378072 -0.007640
v 0.003653 0.380279 -0.021353
v -0.003744 0.380279 -0.021086
v -0.010644 0.380279 -0.018436
v -0.016389 0.380279 -0.013785
v -0.020319 0.380279 -0.007513
v 0.003871 0.380782 -0.023010
v -0.004100 0.380782 -0.022761
v -0.011509 0.380782 -0.019934
v -0.017661 0.380782 -0.014931
v -0.021862 0.380782 -0.008153
v 0.003962 0.381285 -0.024768
v -0.004618 0.381285 -0.024622
v -0.012510 0.381285 -0.021669
v -0.019015 0.381285 -0.016311
v -0.023431 0.381285 -0.008953
v 0.004053 0.381788 -0.026527
v -0.005136 0.381788 -0.026484
v -0.013512 0.381788 -0.023403
v -0.020368 0.381788 -0.017690
v -0.024999 0.381788 -0.009753
v 0.004270 0.382291 -0.028183
v -0.005493 0.382291 -0.028159
v -0.014377 0.382291 -0.024901
v -0.021640 0.382291 -0.018836
v -0.026542 0.382291 -0.010393
v 0.005290 0.384220 -0.031335
v -0.005564 0.384220 -0.030985
v -0.015662 0.384220 -0.027127
v -0.024052 0.384220 -0.020311
v -0.029782 0.384220 -0.011086
v 0.005545 0.385645 -0.033274
v -0.005982 0.385645 -0.032946
v -0.016675 0.385645 -0.028881
v -0.025541 0.385645 -0.021653
v -0.031589 0.385645 -0.011835
v 0.005652 0.387071 -0.035333
v -0.006588 0.387071 -0.035125
v -0.017847 0.387071 -0.030911
v -0.027125 0.387071 -0.023268
v -0.033425 0.387071 -0.012772
v 0.005758 0.388497 -0.037392
v -0.007194 0.388497 -0.037305
v -0.019019 0.388497 -0.032942
v -0.028710 0.388497 -0.024883
v -0.035261 0.388497 -0.013709
v 0.006013 0.389922 -0.039331
v -0.007612 0.389922 -0.039266
v -0.020032 0.389922 -0.034695
v -0.030199 0.389922 -0.026225
v -0.037068 0.389922 -0.014458
v 0.007122 0.393703 -0.042759
v -0.007690 0.393703 -0.042338
v -0.021429 0.393703 -0.037116
v -0.032821 0.393703 -0.027829
v -0.040591 0.393703 -0.015211
v 0.007381 0.396059 -0.044729
v -0.008114 0.396059 -0.044331
v -0.022458 0.396059 -0.038898
v -0.034335 0.396059 -0.029192
v -0.042427 0.396059 -0.015972
v 0.007489 0.398414 -0.046821
v -0.008730 0.398414 -0.046546
v -0.023649 0.398414 -0.040962
v -0.035945 0.398414 -0.030833
v -0.044293 0.398414 -0.016925
v 0.007598 0.400770 -0.048913
v -0.009346 0.400770 -0.048760
v -0.024840 0.400770 -0.043025
v -0.037555 0.400770 -0.032474
v -0.046159 0.400770 -0.017877
v 0.007856 0.403125 -0.050883
v -0.009770 0.403125 -0.050753
v -0.025869 0.403125 -0.044807
v -0.039068 0.403125 -0.033838
v -0.047994 0.403125 -0.018638
v 0.008708 0.407557 -0.053516
v -0.009830 0.407557 -0.053113
v -0.026943 0.407557 -0.046666
v -0.041082 0.407557 -0.035069
v -0.050700 0.407557 -0.019216
v 0.008844 0.409634 -0.054548
v -0.010052 0.409634 -0.054156
v -0.027482 0.409634 -0.047599
v -0.041875 0.409634 -0.035784
v -0.051662 0.409634 -0.019615
v 0.008900 0.411711 -0.055644
v -0.010375 0.411711 -0.055316
v -0.028106 0.411711 -0.048680
v -0.042718 0.411711 -0.036643
v -0.052639 0.411711 -0.020114
v 0.008957 0.413787 -0.056739
v -0.010698 0.413787 -0.056476
v -0.028729 0.413787 -0.049761
v -0.043561 0.413787 -0.037503
v -0.053616 0.413787 -0.020612
v 0.009093 0.415864 -0.057771
v -0.010920 0.415864 -0.057520
v -0.029268 0.415864 -0.050694
v -0.044354 0.415864 -0.038217
v -0.054578 0.415864 -0.021011
v 0.009579 0.421448 -0.059306
v -0.010963 0.421448 -0.058893
v -0.029899 0.421448 -0.051772
v -0.045530 0.421448 -0.038927
v -0.056154 0.421448 -0.021338
v 0.009663 0.424956 -0.060022
v -0.011127 0.424956 -0.059613
v -0.030282 0.424956 -0.052413
v -0.046086 0.424956 -0.039413
v -0.056824 0.424956 -0.021605
v 0.009692 0.428463 -0.060781
v -0.011362 0.428463 -0.060413
v -0.030724 0.428463 -0.053155
v -0.046678 0.428463 -0.040000
v -0.057506 0.428463 -0.021941
v 0.009720 0.431971 -0.061540
v -0.011597 0.431971 -0.061213
v -0.031167 0.431971 -0.053898
v -0.047271 0.431971 -0.040587
v -0.058187 0.431971 -0.022276
v 0.009804 0.435479 -0.062256
v -0.011761 0.435479 -0.061934
v -0.031549 0.435479 -0.054539
v -0.047827 0.435479 -0.041074
v -0.058857 0.435479 -0.022543
v 0.009617 0.442669 -0.061681
v -0.011748 0.442669 -0.061418
v -0.031315 0.442669 -0.054132
v -0.047386 0.442669 -0.040804
v -0.058265 0.442669 -0.022416
v 0.009447 0.446352 -0.060308
v -0.011442 0.446352 -0.060033
v -0.030589 0.446352 -0.052897
v -0.046326 0.446352 -0.039863
v -0.056983 0.446352 -0.021896
v 0.009383 0.450035 -0.058851
v -0.011002 0.450035 -0.058495
v -0.029750 0.450035 -0.051467
v -0.045197 0.450035 -0.038729
v -0.055680 0.450035 -0.021243
v 0.009318 0.453717 -0.057395
v -0.010562 0.453717 -0.056956
v -0.028910 0.453717 -0.050037
v -0.044068 0.453717 -0.037595
v -0.054376 0.453717 -0.020590
v 0.009148 0.457400 -0.056022
v -0.010256 0.457400 -0.055572
v -0.028184 0.457400 -0.048802
v -0.043007 0.457400 -0.036654
v -0.053094 0.457400 -0.020070
v 0.008329 0.463283 -0.053460
v -0.010190 0.463283 -0.053278
v -0.027135 0.463283 -0.046999
v -0.041046 0.463283 -0.035464
v -0.050463 0.463283 -0.019517
v 0.008126 0.465483 -0.051913
v -0.009857 0.465483 -0.051714
v -0.026327 0.465483 -0.045600
v -0.039857 0.465483 -0.034393
v -0.049022 0.465483 -0.018919
v 0.008041 0.467683 -0.050271
v -0.009373 0.467683 -0.049976
v -0.025392 0.467683 -0.043980
v -0.038594 0.467683 -0.033105
v -0.047557 0.467683 -0.018172
v 0.007956 0.469884 -0.048629
v -0.008890 0.469884 -0.048237
v -0.024457 0.469884 -0.042361
v -0.037330 0.469884 -0.031817
v -0.046092 0.469884 -0.017424
v 0.007753 0.472084 -0.047082
v -0.008557 0.472084 -0.046673
v -0.023649 0.472084 -0.040962
v -0.036142 0.472084 -0.030747
v -0.044651 0.472084 -0.016827
v 0.006551 0.476175 -0.043368
v -0.008472 0.476175 -0.043343
v -0.022135 0.476175 -0.038338
v -0.033301 0.476175 -0.029009
v -0.040833 0.476175 -0.016011
v 0.006198 0.478065 -0.040678
v -0.007893 0.478065 -0.040623
v -0.020730 0.478065 -0.035906
v -0.031234 0.478065 -0.027147
v -0.038327 0.478065 -0.014971
v 0.006050 0.479956 -0.037823
v -0.007052 0.479956 -0.037600
v -0.019104 0.479956 -0.033089
v -0.029037 0.479956 -0.024907
v -0.035780 0.479956 -0.013672
v 0.005902 0.481847 -0.034967
v -0.006211 0.481847 -0.034577
v -0.017478 0.481847 -0.030273
v -0.026839 0.481847 -0.022667
v -0.033233 0.481847 -0.012372
v 0.005549 0.483737 -0.032277
v -0.005632 0.483737 -0.031857
v -0.016074 0.483737 -0.027840
v -0.024773 0.483737 -0.020806
v -0.030727 0.483737 -0.011333
v 0.004129 0.486526 -0.027890
v -0.005532 0.486526 -0.027924
v -0.014285 0.486526 -0.024742
v -0.021417 0.486526 -0.018753
v -0.026218 0.486526 -0.010369
v 0.003825 0.487425 -0.025575
v -0.005034 0.487425 -0.025584
v -0.013076 0.487425 -0.022648
v -0.019639 0.487425 -0.017152
v -0.024062 0.487425 -0.009475
v 0.003698 0.488324 -0.023118
v -0.004311 0.488324 -0.022982
v -0.011677 0.488324 -0.020225
v -0.017748 0.488324 -0.015224
v -0.021870 0.488324 -0.008357
v 0.003570 0.489223 -0.020661
v -0.003587 0.489223 -0.020381
v -0.010278 0.489223 -0.017802
v -0.015857 0.489223 -0.013297
v -0.019678 0.489223 -0.007238
v 0.003267 0.490122 -0.018347
v -0.003089 0.490122 -0.018040
v -0.009069 0.490122 -0.015709
v -0.014079 0.490122 -0.011695
v -0.017522 0.490122 -0.006344
v 0.001838 0.491299 -0.013932
v -0.002988 0.491299 -0.014083
v -0.007269 0.491299 -0.012590
v -0.010702 0.491299 -0.009629
v -0.012984 0.491299 -0.005374
v 0.001481 0.491578 -0.011211
v -0.002403 0.491578 -0.011331
v -0.005848 0.491578 -0.010129
v -0.008612 0.491578 -0.007746
v -0.010449 0.491578 -0.004323
v 0.001331 0.491857 -0.008322
v -0.001552 0.491857 -0.008273
v -0.004203 0.491857 -0.007280
v -0.006389 0.491857 -0.005480
v -0.007873 0.491857 -0.003008
v 0.001181 0.492136 -0.005433
v -0.000701 0.492136 -0.005215
v -0.002559 0.492136 -0.004431
v -0.004166 0.492136 -0.003214
v -0.005296 0.492136 -0.001693
v 0.000824 0.492415 -0.002712
v -0.000115 0.492415 -0.002463
v -0.001138 0.492415 -0.001970
v -0.002075 0.492415 -0.001331
v -0.002761 0.492415 -0.000642
vt 0.027427 0.055556
vt 0.027427 0.111111
vt 0.054854 0.111111
vt 0.054854 0.055556
vt 0.027427 0.166667
vt 0.054854 0.166667
vt 0.027427 0.222222
vt 0.054854 0.222222
vt 0.027427 0.277778
vt 0.054854 0.277778
vt 0.082282 0.111111
vt 0.082282 0.055556
vt 0.082282 0.166667
vt 0.082282 0.222222
vt 0.082282 0.277778
vt 0.109709 0.111111
vt 0.109709 0.055556
vt 0.109709 0.166667
vt 0.109709 0.222222
vt 0.109709 0.277778
vt 0.137136 0.111111
vt 0.137136 0.055556
vt 0.137136 0.166667
vt 0.137136 0.222222
vt 0.137136 0.277778
vt 0.000000 0.000000
vt 0.000000 0.055556
vt 0.027427 0.000000
vt 0.027427 0.333333
vt 0.000000 0.277778
vt 0.000000 0.333333
vt 0.164563 0.333333
vt 0.164563 0.277778
vt 0.137136 0.333333
vt 0.137136 0.000000
vt 0.164563 0.055556
vt 0.164563 0.000000
vt 0.000000 0.111111
vt 0.054854 0.333333
vt 0.164563 0.222222
vt 0.109709 0.000000
vt 0.000000 0.166667
vt 0.082282 0.333333
vt 0.164563 0.166667
vt 0.082282 0.000000
vt 0.000000 0.222222
vt 0.109709 0.333333
vt 0.164563 0.111111
vt 0.054854 0.000000
vt 0.170313 0.055556
vt 0.170313 0.111111
vt 0.176062 0.111111
vt 0.176062 0.055556
vt 0.170313 0.166667
vt 0.176062 0.166667
vt 0.170313 0.222222
vt 0.176062 0.222222
vt 0.170313 0.277778
vt 0.176062 0.277778
vt 0.181811 0.111111
vt 0.181811 0.055556
vt 0.181811 0.166667
vt 0.181811 0.222222
vt 0.181811 0.277778
vt 0.187560 0.111111
vt 0.187560 0.055556
vt 0.187560 0.166667
vt 0.187560 0.222222
vt 0.187560 0.277778
vt 0.193309 0.111111
vt 0.193309 0.055556
vt 0.193309 0.166667
vt 0.193309 0.222222
vt 0.193309 0.277778
vt 0.170313 0.000000
vt 0.170313 0.333333
vt 0.199058 0.333333
vt 0.199058 0.277778
vt 0.193309 0.333333
vt 0.193309 0.000000
vt 0.199058 0.055556
vt 0.199058 0.000000
vt 0.176062 0.333333
vt 0.199058 0.222222
vt 0.187560 0.000000
vt 0.181811 0.333333
vt 0.199058 0.166667
vt 0.181811 0.000000
vt 0.187560 0.333333
vt 0.199058 0.111111
vt 0.176062 0.000000
vt 0.203148 0.055556
vt 0.203148 0.111111
vt 0.207238 0.111111
vt 0.207238 0.055556
vt 0.203148 0.166667
vt 0.207238 0.166667
vt 0.203148 0.222222
vt 0.207238 0.222222
vt 0.203148 0.277778
vt 0.207238 0.277778
vt 0.211328 0.111111
vt 0.211328 0.055556
vt 0.211328 0.166667
vt 0.211328 0.222222
vt 0.211328 0.277778
vt 0.215418 0.111111
vt 0.215418 0.055556
vt 0.215418 0.166667
vt 0.215418 0.222222
vt 0.215418 0.277778
vt 0.219509 0.111111
vt 0.219509 0.055556
vt 0.219509 0.166667
vt 0.219509 0.222222
vt 0.219509 0.277778
vt 0.203148 0.000000
vt 0.203148 0.333333
vt 0.223599 0.333333
vt 0.223599 0.277778
vt 0.219509 0.333333
vt 0.219509 0.000000
vt 0.223599 0.055556
vt 0.223599 0.000000
vt 0.207238 0.333333
vt 0.223599 0.222222
vt 0.215418 0.000000
vt 0.211328 0.333333
vt 0.223599 0.166667
vt 0.211328 0.000000
vt 0.215418 0.333333
vt 0.223599 0.111111
vt 0.207238 0.000000
vt 0.225710 0.055556
vt 0.225710 0.111111
vt 0.227822 0.111111
vt 0.227822 0.055556
vt 0.225710 0.166667
vt 0.227822 0.166667
vt 0.225710 0.222222
vt 0.227822 0.222222
vt 0.225710 0.277778
vt 0.227822 0.277778
vt 0.229934 0.111111
vt 0.229934 0.055556
vt 0.229934 0.166667
vt 0.229934 0.222222
vt 0.229934 0.277778
vt 0.232045 0.111111
vt 0.232045 0.055556
vt 0.232045 0.166667
vt 0.232045 0.222222
vt 0.232045 0.277778
vt 0.234157 0.111111
vt 0.234157 0.055556
vt 0.234157 0.166667
vt 0.234157 0.222222
vt 0.234157 0.277778
vt 0.225710 0.000000
vt 0.225710 0.333333
vt 0.236269 0.333333
vt 0.236269 0.277778
vt 0.234157 0.333333
vt 0.234157 0.000000
vt 0.236269 0.055556
vt 0.236269 0.000000
vt 0.227822 0.333333
vt 0.236269 0.222222
vt 0.232045 0.000000
vt 0.229934 0.333333
vt 0.236269 0.166667
vt 0.229934 0.000000
vt 0.232045 0.333333
vt 0.236269 0.111111
vt 0.227822 0.000000
vt 0.238656 0.055556
vt 0.238656 0.111111
vt 0.241042 0.111111
vt 0.241042 0.055556
vt 0.238656 0.166667
vt 0.241042 0.166667
vt 0.238656 0.222222
vt 0.241042 0.222222
vt 0.238656 0.277778
vt 0.241042 0.277778
vt 0.243429 0.111111
vt 0.243429 0.055556
vt 0.243429 0.166667
vt 0.243429 0.222222
vt 0.243429 0.277778
vt 0.245816 0.111111
vt 0.245816 0.055556
vt 0.245816 0.166667
vt 0.245816 0.222222
vt 0.245816 0.277778
vt 0.248203 0.111111
vt 0.248203 0.055556
vt 0.248203 0.166667
vt 0.248203 0.222222
vt 0.248203 0.277778
vt 0.238656 0.000000
vt 0.238656 0.333333
vt 0.250590 0.333333
vt 0.250590 0.277778
vt 0.248203 0.333333
vt 0.248203 0.000000
vt 0.250590 0.055556
vt 0.250590 0.000000
vt 0.241042 0.333333
vt 0.250590 0.222222
vt 0.245816 0.000000
vt 0.243429 0.333333
vt 0.250590 0.166667
vt 0.243429 0.000000
vt 0.245816 0.333333
vt 0.250590 0.111111
vt 0.241042 0.000000
vt 0.253772 0.055556
vt 0.253772 0.111111
vt 0.256953 0.111111
vt 0.256953 0.055556
vt 0.253772 0.166667
vt 0.256953 0.166667
vt 0.253772 0.222222
vt 0.256953 0.222222
vt 0.253772 0.277778
vt 0.256953 0.277778
vt 0.260134 0.111111
vt 0.260134 0.055556
vt 0.260134 0.166667
vt 0.260134 0.222222
vt 0.260134 0.277778
vt 0.263316 0.111111
vt 0.263316 0.055556
vt 0.263316 0.166667
vt 0.263316 0.222222
vt 0.263316 0.277778
vt 0.266497 0.111111
vt 0.266497 0.055556
vt 0.266497 0.166667
vt 0.266497 0.222222
vt 0.266497 0.277778
vt 0.253772 0.000000
vt 0.253772 0.333333
vt 0.269679 0.333333
vt 0.269679 0.277778
vt 0.266497 0.333333
vt 0.266497 0.000000
vt 0.269679 0.055556
vt 0.269679 0.000000
vt 0.256953 0.333333
vt 0.269679 0.222222
vt 0.263316 0.000000
vt 0.260134 0.333333
vt 0.269679 0.166667
vt 0.260134 0.000000
vt 0.263316 0.333333
vt 0.269679 0.111111
vt 0.256953 0.000000
vt 0.273100 0.055556
vt 0.273100 0.111111
vt 0.276522 0.111111
vt 0.276522 0.055556
vt 0.273100 0.166667
vt 0.276522 0.166667
vt 0.273100 0.222222
vt 0.276522 0.222222
vt 0.273100 0.277778
vt 0.276522 0.277778
vt 0.279944 0.111111
vt 0.279944 0.055556
vt 0.279944 0.166667
vt 0.279944 0.222222
vt 0.279944 0.277778
vt 0.283365 0.111111
vt 0.283365 0.055556
vt 0.283365 0.166667
vt 0.283365 0.222222
vt 0.283365 0.277778
vt 0.286787 0.111111
vt 0.286787 0.055556
vt 0.286787 0.166667
vt 0.286787 0.222222
vt 0.286787 0.277778
vt 0.273100 0.000000
vt 0.273100 0.333333
vt 0.290209 0.333333
vt 0.290209 0.277778
vt 0.286787 0.333333
vt 0.286787 0.000000
vt 0.290209 0.055556
vt 0.290209 0.000000
vt 0.276522 0.333333
vt 0.290209 0.222222
vt 0.283365 0.000000
vt 0.279944 0.333333
vt 0.290209 0.166667
vt 0.279944 0.000000
vt 0.283365 0.333333
vt 0.290209 0.111111
vt 0.276522 0.000000
vt 0.302655 0.055556
vt 0.302655 0.111111
vt 0.315102 0.111111
vt 0.315102 0.055556
vt 0.302655 0.166667
vt 0.315102 0.166667
vt 0.302655 0.222222
vt 0.315102 0.222222
vt 0.302655 0.277778
vt 0.315102 0.277778
vt 0.327549 0.111111
vt 0.327549 0.055556
vt 0.327549 0.166667
vt 0.327549 0.222222
vt 0.327549 0.277778
vt 0.339995 0.111111
vt 0.339995 0.055556
vt 0.339995 0.166667
vt 0.339995 0.222222
vt 0.339995 0.277778
vt 0.352442 0.111111
vt 0.352442 0.055556
vt 0.352442 0.166667
vt 0.352442 0.222222
vt 0.352442 0.277778
vt 0.302655 0.000000
vt 0.302655 0.333333
vt 0.364889 0.333333
vt 0.364889 0.277778
vt 0.352442 0.333333
vt 0.352442 0.000000
vt 0.364889 0.055556
vt 0.364889 0.000000
vt 0.315102 0.333333
vt 0.364889 0.222222
vt 0.339995 0.000000
vt 0.327549 0.333333
vt 0.364889 0.166667
vt 0.327549 0.000000
vt 0.339995 0.333333
vt 0.364889 0.111111
vt 0.315102 0.000000
vt 0.367485 0.055556
vt 0.367485 0.111111
vt 0.370081 0.111111
vt 0.370081 0.055556
vt 0.367485 0.166667
vt 0.370081 0.166667
vt 0.367485 0.222222
vt 0.370081 0.222222
vt 0.367485 0.277778
vt 0.370081 0.277778
vt 0.372678 0.111111
vt 0.372678 0.055556
vt 0.372678 0.166667
vt 0.372678 0.222222
vt 0.372678 0.277778
vt 0.375274 0.111111
vt 0.375274 0.055556
vt 0.375274 0.166667
vt 0.375274 0.222222
vt 0.375274 0.277778
vt 0.377870 0.111111
vt 0.377870 0.055556
vt 0.377870 0.166667
vt 0.377870 0.222222
vt 0.377870 0.277778
vt 0.367485 0.000000
vt 0.367485 0.333333
vt 0.380467 0.333333
vt 0.380467 0.277778
vt 0.377870 0.333333
vt 0.377870 0.000000
vt 0.380467 0.055556
vt 0.380467 0.000000
vt 0.370081 0.333333
vt 0.380467 0.222222
vt 0.375274 0.000000
vt 0.372678 0.333333
vt 0.380467 0.166667
vt 0.372678 0.000000
vt 0.375274 0.333333
vt 0.380467 0.111111
vt 0.370081 0.000000
vt 0.382787 0.055556
vt 0.382787 0.111111
vt 0.385108 0.111111
vt 0.385108 0.055556
vt 0.382787 0.166667
vt 0.385108 0.166667
vt 0.382787 0.222222
vt 0.385108 0.222222
vt 0.382787 0.277778
vt 0.385108 0.277778
vt 0.387429 0.111111
vt 0.387429 0.055556
vt 0.387429 0.166667
vt 0.387429 0.222222
vt 0.387429 0.277778
vt 0.389749 0.111111
vt 0.389749 0.055556
vt 0.389749 0.166667
vt 0.389749 0.222222
vt 0.389749 0.277778
vt 0.392070 0.111111
vt 0.392070 0.055556
vt 0.392070 0.166667
vt 0.392070 0.222222
vt 0.392070 0.277778
vt 0.382787 0.000000
vt 0.382787 0.333333
vt 0.394390 0.333333
vt 0.394390 0.277778
vt 0.392070 0.333333
vt 0.392070 0.000000
vt 0.394390 0.055556
vt 0.394390 0.000000
vt 0.385108 0.333333
vt 0.394390 0.222222
vt 0.389749 0.000000
vt 0.387429 0.333333
vt 0.394390 0.166667
vt 0.387429 0.000000
vt 0.389749 0.333333
vt 0.394390 0.111111
vt 0.385108 0.000000
vt 0.396392 0.055556
vt 0.396392 0.111111
vt 0.398394 0.111111
vt 0.398394 0.055556
vt 0.396392 0.166667
vt 0.398394 0.166667
vt 0.396392 0.222222
vt 0.398394 0.222222
vt 0.396392 0.277778
vt 0.398394 0.277778
vt 0.400395 0.111111
vt 0.400395 0.055556
vt 0.400395 0.166667
vt 0.400395 0.222222
vt 0.400395 0.277778
vt 0.402397 0.111111
vt 0.402397 0.055556
vt 0.402397 0.166667
vt 0.402397 0.222222
vt 0.402397 0.277778
vt 0.404398 0.111111
vt 0.404398 0.055556
vt 0.404398 0.166667
vt 0.404398 0.222222
vt 0.404398 0.277778
vt 0.396392 0.000000
vt 0.396392 0.333333
vt 0.406400 0.333333
vt 0.406400 0.277778
vt 0.404398 0.333333
vt 0.404398 0.000000
vt 0.406400 0.055556
vt 0.406400 0.000000
vt 0.398394 0.333333
vt 0.406400 0.222222
vt 0.402397 0.000000
vt 0.400395 0.333333
vt 0.406400 0.166667
vt 0.400395 0.000000
vt 0.402397 0.333333
vt 0.406400 0.111111
vt 0.398394 0.000000
vt 0.409496 0.055556
vt 0.409496 0.111111
vt 0.412591 0.111111
vt 0.412591 0.055556
vt 0.409496 0.166667
vt 0.412591 0.166667
vt 0.409496 0.222222
vt 0.412591 0.222222
vt 0.409496 0.277778
vt 0.412591 0.277778
vt 0.415687 0.111111
vt 0.415687 0.055556
vt 0.415687 0.166667
vt 0.415687 0.222222
vt 0.415687 0.277778
vt 0.418782 0.111111
vt 0.418782 0.055556
vt 0.418782 0.166667
vt 0.418782 0.222222
vt 0.418782 0.277778
vt 0.421878 0.111111
vt 0.421878 0.055556
vt 0.421878 0.166667
vt 0.421878 0.222222
vt 0.421878 0.277778
vt 0.409496 0.000000
vt 0.409496 0.333333
vt 0.424973 0.333333
vt 0.424973 0.277778
vt 0.421878 0.333333
vt 0.421878 0.000000
vt 0.424973 0.055556
vt 0.424973 0.000000
vt 0.412591 0.333333
vt 0.424973 0.222222
vt 0.418782 0.000000
vt 0.415687 0.333333
vt 0.424973 0.166667
vt 0.415687 0.000000
vt 0.418782 0.333333
vt 0.424973 0.111111
vt 0.412591 0.000000
vt 0.429581 0.055556
vt 0.429581 0.111111
vt 0.434188 0.111111
vt 0.434188 0.055556
vt 0.429581 0.166667
vt 0.434188 0.166667
vt 0.429581 0.222222
vt 0.434188 0.222222
vt 0.429581 0.277778
vt 0.434188 0.277778
vt 0.438795 0.111111
vt 0.438795 0.055556
vt 0.438795 0.166667
vt 0.438795 0.222222
vt 0.438795 0.277778
vt 0.443402 0.111111
vt 0.443402 0.055556
vt 0.443402 0.166667
vt 0.443402 0.222222
vt 0.443402 0.277778
vt 0.448010 0.111111
vt 0.448010 0.055556
vt 0.448010 0.166667
vt 0.448010 0.222222
vt 0.448010 0.277778
vt 0.429581 0.000000
vt 0.429581 0.333333
vt 0.452617 0.333333
vt 0.452617 0.277778
vt 0.448010 0.333333
vt 0.448010 0.000000
vt 0.452617 0.055556
vt 0.452617 0.000000
vt 0.434188 0.333333
vt 0.452617 0.222222
vt 0.443402 0.000000
vt 0.438795 0.333333
vt 0.452617 0.166667
vt 0.438795 0.000000
vt 0.443402 0.333333
vt 0.452617 0.111111
vt 0.434188 0.000000
vt 0.463442 0.055556
vt 0.463442 0.111111
vt 0.474268 0.111111
vt 0.474268 0.055556
vt 0.463442 0.166667
vt 0.474268 0.166667
vt 0.463442 0.222222
vt 0.474268 0.222222
vt 0.463442 0.277778
vt 0.474268 0.277778
vt 0.485093 0.111111
vt 0.485093 0.055556
vt 0.485093 0.166667
vt 0.485093 0.222222
vt 0.485093 0.277778
vt 0.495919 0.111111
vt 0.495919 0.055556
vt 0.495919 0.166667
vt 0.495919 0.222222
vt 0.495919 0.277778
vt 0.506744 0.111111
vt 0.506744 0.055556
vt 0.506744 0.166667
vt 0.506744 0.222222
vt 0.506744 0.277778
vt 0.463442 0.000000
vt 0.463442 0.333333
vt 0.517569 0.333333
vt 0.517569 0.277778
vt 0.506744 0.333333
vt 0.506744 0.000000
vt 0.517569 0.055556
vt 0.517569 0.000000
vt 0.474268 0.333333
vt 0.517569 0.222222
vt 0.495919 0.000000
vt 0.485093 0.333333
vt 0.517569 0.166667
vt 0.485093 0.000000
vt 0.495919 0.333333
vt 0.517569 0.111111
vt 0.474268 0.000000
vt 0.525544 0.055556
vt 0.525544 0.111111
vt 0.533518 0.111111
vt 0.533518 0.055556
vt 0.525544 0.166667
vt 0.533518 0.166667
vt 0.525544 0.222222
vt 0.533518 0.222222
vt 0.525544 0.277778
vt 0.533518 0.277778
vt 0.541493 0.111111
vt 0.541493 0.055556
vt 0.541493 0.166667
vt 0.541493 0.222222
vt 0.541493 0.277778
vt 0.549467 0.111111
vt 0.549467 0.055556
vt 0.549467 0.166667
vt 0.549467 0.222222
vt 0.549467 0.277778
vt 0.557441 0.111111
vt 0.557441 0.055556
vt 0.557441 0.166667
vt 0.557441 0.222222
vt 0.557441 0.277778
vt 0.525544 0.000000
vt 0.525544 0.333333
vt 0.565416 0.333333
vt 0.565416 0.277778
vt 0.557441 0.333333
vt 0.557441 0.000000
vt 0.565416 0.055556
vt 0.565416 0.000000
vt 0.533518 0.333333
vt 0.565416 0.222222
vt 0.549467 0.000000
vt 0.541493 0.333333
vt 0.565416 0.166667
vt 0.541493 0.000000
vt 0.549467 0.333333
vt 0.565416 0.111111
vt 0.533518 0.000000
vt 0.571617 0.055556
vt 0.571617 0.111111
vt 0.577818 0.111111
vt 0.577818 0.055556
vt 0.571617 0.166667
vt 0.577818 0.166667
vt 0.571617 0.222222
vt 0.577818 0.222222
vt 0.571617 0.277778
vt 0.577818 0.277778
vt 0.584019 0.111111
vt 0.584019 0.055556
vt 0.584019 0.166667
vt 0.584019 0.222222
vt 0.584019 0.277778
vt 0.590221 0.111111
vt 0.590221 0.055556
vt 0.590221 0.166667
vt 0.590221 0.222222
vt 0.590221 0.277778
vt 0.596422 0.111111
vt 0.596422 0.055556
vt 0.596422 0.166667
vt 0.596422 0.222222
vt 0.596422 0.277778
vt 0.571617 0.000000
vt 0.571617 0.333333
vt 0.602623 0.333333
vt 0.602623 0.277778
vt 0.596422 0.333333
vt 0.596422 0.000000
vt 0.602623 0.055556
vt 0.602623 0.000000
vt 0.577818 0.333333
vt 0.602623 0.222222
vt 0.590221 0.000000
vt 0.584019 0.333333
vt 0.602623 0.166667
vt 0.584019 0.000000
vt 0.590221 0.333333
vt 0.602623 0.111111
vt 0.577818 0.000000
vt 0.605902 0.055556
vt 0.605902 0.111111
vt 0.609180 0.111111
vt 0.609180 0.055556
vt 0.605902 0.166667
vt 0.609180 0.166667
vt 0.605902 0.222222
vt 0.609180 0.222222
vt 0.605902 0.277778
vt 0.609180 0.277778
vt 0.612459 0.111111
vt 0.612459 0.055556
vt 0.612459 0.166667
vt 0.612459 0.222222
vt 0.612459 0.277778
vt 0.615737 0.111111
vt 0.615737 0.055556
vt 0.615737 0.166667
vt 0.615737 0.222222
vt 0.615737 0.277778
vt 0.619016 0.111111
vt 0.619016 0.055556
vt 0.619016 0.166667
vt 0.619016 0.222222
vt 0.619016 0.277778
vt 0.605902 0.000000
vt 0.605902 0.333333
vt 0.622294 0.333333
vt 0.622294 0.277778
vt 0.619016 0.333333
vt 0.619016 0.000000
vt 0.622294 0.055556
vt 0.622294 0.000000
vt 0.609180 0.333333
vt 0.622294 0.222222
vt 0.615737 0.000000
vt 0.612459 0.333333
vt 0.622294 0.166667
vt 0.612459 0.000000
vt 0.615737 0.333333
vt 0.622294 0.111111
vt 0.609180 0.000000
vt 0.625237 0.055556
vt 0.625237 0.111111
vt 0.628180 0.111111
vt 0.628180 0.055556
vt 0.625237 0.166667
vt 0.628180 0.166667
vt 0.625237 0.222222
vt 0.628180 0.222222
vt 0.625237 0.277778
vt 0.628180 0.277778
vt 0.631123 0.111111
vt 0.631123 0.055556
vt 0.631123 0.166667
vt 0.631123 0.222222
vt 0.631123 0.277778
vt 0.634065 0.111111
vt 0.634065 0.055556
vt 0.634065 0.166667
vt 0.634065 0.222222
vt 0.634065 0.277778
vt 0.637008 0.111111
vt 0.637008 0.055556
vt 0.637008 0.166667
vt 0.637008 0.222222
vt 0.637008 0.277778
vt 0.625237 0.000000
vt 0.625237 0.333333
vt 0.639951 0.333333
vt 0.639951 0.277778
vt 0.637008 0.333333
vt 0.637008 0.000000
vt 0.639951 0.055556
vt 0.639951 0.000000
vt 0.628180 0.333333
vt 0.639951 0.222222
vt 0.634065 0.000000
vt 0.631123 0.333333
vt 0.639951 0.166667
vt 0.631123 0.000000
vt 0.634065 0.333333
vt 0.639951 0.111111
vt 0.628180 0.000000
vt 0.643167 0.055556
vt 0.643167 0.111111
vt 0.646382 0.111111
vt 0.646382 0.055556
vt 0.643167 0.166667
vt 0.646382 0.166667
vt 0.643167 0.222222
vt 0.646382 0.222222
vt 0.643167 0.277778
vt 0.646382 0.277778
vt 0.649598 0.111111
vt 0.649598 0.055556
vt 0.649598 0.166667
vt 0.649598 0.222222
vt 0.649598 0.277778
vt 0.652813 0.111111
vt 0.652813 0.055556
vt 0.652813 0.166667
vt 0.652813 0.222222
vt 0.652813 0.277778
vt 0.656029 0.111111
vt 0.656029 0.055556
vt 0.656029 0.166667
vt 0.656029 0.222222
vt 0.656029 0.277778
vt 0.643167 0.000000
vt 0.643167 0.333333
vt 0.659244 0.333333
vt 0.659244 0.277778
vt 0.656029 0.333333
vt 0.656029 0.000000
vt 0.659244 0.055556
vt 0.659244 0.000000
vt 0.646382 0.333333
vt 0.659244 0.222222
vt 0.652813 0.000000
vt 0.649598 0.333333
vt 0.659244 0.166667
vt 0.649598 0.000000
vt 0.652813 0.333333
vt 0.659244 0.111111
vt 0.646382 0.000000
vt 0.663527 0.055556
vt 0.663527 0.111111
vt 0.667809 0.111111
vt 0.667809 0.055556
vt 0.663527 0.166667
vt 0.667809 0.166667
vt 0.663527 0.222222
vt 0.667809 0.222222
vt 0.663527 0.277778
vt 0.667809 0.277778
vt 0.672092 0.111111
vt 0.672092 0.055556
vt 0.672092 0.166667
vt 0.672092 0.222222
vt 0.672092 0.277778
vt 0.676374 0.111111
vt 0.676374 0.055556
vt 0.676374 0.166667
vt 0.676374 0.222222
vt 0.676374 0.277778
vt 0.680657 0.111111
vt 0.680657 0.055556
vt 0.680657 0.166667
vt 0.680657 0.222222
vt 0.680657 0.277778
vt 0.663527 0.000000
vt 0.663527 0.333333
vt 0.684939 0.333333
vt 0.684939 0.277778
vt 0.680657 0.333333
vt 0.680657 0.000000
vt 0.684939 0.055556
vt 0.684939 0.000000
vt 0.667809 0.333333
vt 0.684939 0.222222
vt 0.676374 0.000000
vt 0.672092 0.333333
vt 0.684939 0.166667
vt 0.672092 0.000000
vt 0.676374 0.333333
vt 0.684939 0.111111
vt 0.667809 0.000000
vt 0.689785 0.055556
vt 0.689785 0.111111
vt 0.694630 0.111111
vt 0.694630 0.055556
vt 0.689785 0.166667
vt 0.694630 0.166667
vt 0.689785 0.222222
vt 0.694630 0.222222
vt 0.689785 0.277778
vt 0.694630 0.277778
vt 0.699475 0.111111
vt 0.699475 0.055556
vt 0.699475 0.166667
vt 0.699475 0.222222
vt 0.699475 0.277778
vt 0.704321 0.111111
vt 0.704321 0.055556
vt 0.704321 0.166667
vt 0.704321 0.222222
vt 0.704321 0.277778
vt 0.709166 0.111111
vt 0.709166 0.055556
vt 0.709166 0.166667
vt 0.709166 0.222222
vt 0.709166 0.277778
vt 0.689785 0.000000
vt 0.689785 0.333333
vt 0.714011 0.333333
vt 0.714011 0.277778
vt 0.709166 0.333333
vt 0.709166 0.000000
vt 0.714011 0.055556
vt 0.714011 0.000000
vt 0.694630 0.333333
vt 0.714011 0.222222
vt 0.704321 0.000000
vt 0.699475 0.333333
vt 0.714011 0.166667
vt 0.699475 0.000000
vt 0.704321 0.333333
vt 0.714011 0.111111
vt 0.694630 0.000000
vt 0.716922 0.055556
vt 0.716922 0.111111
vt 0.719833 0.111111
vt 0.719833 0.055556
vt 0.716922 0.166667
vt 0.719833 0.166667
vt 0.716922 0.222222
vt 0.719833 0.222222
vt 0.716922 0.277778
vt 0.719833 0.277778
vt 0.722744 0.111111
vt 0.722744 0.055556
vt 0.722744 0.166667
vt 0.722744 0.222222
vt 0.722744 0.277778
vt 0.725654 0.111111
vt 0.725654 0.055556
vt 0.725654 0.166667
vt 0.725654 0.222222
vt 0.725654 0.277778
vt 0.728565 0.111111
vt 0.728565 0.055556
vt 0.728565 0.166667
vt 0.728565 0.222222
vt 0.728565 0.277778
vt 0.716922 0.000000
vt 0.716922 0.333333
vt 0.731476 0.333333
vt 0.731476 0.277778
vt 0.728565 0.333333
vt 0.728565 0.000000
vt 0.731476 0.055556
vt 0.731476 0.000000
vt 0.719833 0.333333
vt 0.731476 0.222222
vt 0.725654 0.000000
vt 0.722744 0.333333
vt 0.731476 0.166667
vt 0.722744 0.000000
vt 0.725654 0.333333
vt 0.731476 0.111111
vt 0.719833 0.000000
vt 0.735533 0.055556
vt 0.735533 0.111111
vt 0.739590 0.111111
vt 0.739590 0.055556
vt 0.735533 0.166667
vt 0.739590 0.166667
vt 0.735533 0.222222
vt 0.739590 0.222222
vt 0.735533 0.277778
vt 0.739590 0.277778
vt 0.743647 0.111111
vt 0.743647 0.055556
vt 0.743647 0.166667
vt 0.743647 0.222222
vt 0.743647 0.277778
vt 0.747704 0.111111
vt 0.747704 0.055556
vt 0.747704 0.166667
vt 0.747704 0.222222
vt 0.747704 0.277778
vt 0.751761 0.111111
vt 0.751761 0.055556
vt 0.751761 0.166667
vt 0.751761 0.222222
vt 0.751761 0.277778
vt 0.735533 0.000000
vt 0.735533 0.333333
vt 0.755818 0.333333
vt 0.755818 0.277778
vt 0.751761 0.333333
vt 0.751761 0.000000
vt 0.755818 0.055556
vt 0.755818 0.000000
vt 0.739590 0.333333
vt 0.755818 0.222222
vt 0.747704 0.000000
vt 0.743647 0.333333
vt 0.755818 0.166667
vt 0.743647 0.000000
vt 0.747704 0.333333
vt 0.755818 0.111111
vt 0.739590 0.000000
vt 0.761006 0.055556
vt 0.761006 0.111111
vt 0.766194 0.111111
vt 0.766194 0.055556
vt 0.761006 0.166667
vt 0.766194 0.166667
vt 0.761006 0.222222
vt 0.766194 0.222222
vt 0.761006 0.277778
vt 0.766194 0.277778
vt 0.771381 0.111111
vt 0.771381 0.055556
vt 0.771381 0.166667
vt 0.771381 0.222222
vt 0.771381 0.277778
vt 0.776569 0.111111
vt 0.776569 0.055556
vt 0.776569 0.166667
vt 0.776569 0.222222
vt 0.776569 0.277778
vt 0.781757 0.111111
vt 0.781757 0.055556
vt 0.781757 0.166667
vt 0.781757 0.222222
vt 0.781757 0.277778
vt 0.761006 0.000000
vt 0.761006 0.333333
vt 0.786945 0.333333
vt 0.786945 0.277778
vt 0.781757 0.333333
vt 0.781757 0.000000
vt 0.786945 0.055556
vt 0.786945 0.000000
vt 0.766194 0.333333
vt 0.786945 0.222222
vt 0.776569 0.000000
vt 0.771381 0.333333
vt 0.786945 0.166667
vt 0.771381 0.000000
vt 0.776569 0.333333
vt 0.786945 0.111111
vt 0.766194 0.000000
vt 0.790869 0.055556
vt 0.790869 0.111111
vt 0.794794 0.111111
vt 0.794794 0.055556
vt 0.790869 0.166667
vt 0.794794 0.166667
vt 0.790869 0.222222
vt 0.794794 0.222222
vt 0.790869 0.277778
vt 0.794794 0.277778
vt 0.798719 0.111111
vt 0.798719 0.055556
vt 0.798719 0.166667
vt 0.798719 0.222222
vt 0.798719 0.277778
vt 0.802644 0.111111
vt 0.802644 0.055556
vt 0.802644 0.166667
vt 0.802644 0.222222
vt 0.802644 0.277778
vt 0.806569 0.111111
vt 0.806569 0.055556
vt 0.806569 0.166667
vt 0.806569 0.222222
vt 0.806569 0.277778
vt 0.790869 0.000000
vt 0.790869 0.333333
vt 0.810494 0.333333
vt 0.810494 0.277778
vt 0.806569 0.333333
vt 0.806569 0.000000
vt 0.810494 0.055556
vt 0.810494 0.000000
vt 0.794794 0.333333
vt 0.810494 0.222222
vt 0.802644 0.000000
vt 0.798719 0.333333
vt 0.810494 0.166667
vt 0.798719 0.000000
vt 0.802644 0.333333
vt 0.810494 0.111111
vt 0.794794 0.000000
vt 0.816561 0.055556
vt 0.816561 0.111111
vt 0.822629 0.111111
vt 0.822629 0.055556
vt 0.816561 0.166667
vt 0.822629 0.166667
vt 0.816561 0.222222
vt 0.822629 0.222222
vt 0.816561 0.277778
vt 0.822629 0.277778
vt 0.828697 0.111111
vt 0.828697 0.055556
vt 0.828697 0.166667
vt 0.828697 0.222222
vt 0.828697 0.277778
vt 0.834764 0.111111
vt 0.834764 0.055556
vt 0.834764 0.166667
vt 0.834764 0.222222
vt 0.834764 0.277778
vt 0.840832 0.111111
vt 0.840832 0.055556
vt 0.840832 0.166667
vt 0.840832 0.222222
vt 0.840832 0.277778
vt 0.816561 0.000000
vt 0.816561 0.333333
vt 0.846900 0.333333
vt 0.846900 0.277778
vt 0.840832 0.333333
vt 0.840832 0.000000
vt 0.846900 0.055556
vt 0.846900 0.000000
vt 0.822629 0.333333
vt 0.846900 0.222222
vt 0.834764 0.000000
vt 0.828697 0.333333
vt 0.846900 0.166667
vt 0.828697 0.000000
vt 0.834764 0.333333
vt 0.846900 0.111111
vt 0.822629 0.000000
vt 0.853556 0.055556
vt 0.853556 0.111111
vt 0.860212 0.111111
vt 0.860212 0.055556
vt 0.853556 0.166667
vt 0.860212 0.166667
vt 0.853556 0.222222
vt 0.860212 0.222222
vt 0.853556 0.277778
vt 0.860212 0.277778
vt 0.866868 0.111111
vt 0.866868 0.055556
vt 0.866868 0.166667
vt 0.866868 0.222222
vt 0.866868 0.277778
vt 0.873523 0.111111
vt 0.873523 0.055556
vt 0.873523 0.166667
vt 0.873523 0.222222
vt 0.873523 0.277778
vt 0.880179 0.111111
vt 0.880179 0.055556
vt 0.880179 0.166667
vt 0.880179 0.222222
vt 0.880179 0.277778
vt 0.853556 0.000000
vt 0.853556 0.333333
vt 0.886835 0.333333
vt 0.886835 0.277778
vt 0.880179 0.333333
vt 0.880179 0.000000
vt 0.886835 0.055556
vt 0.886835 0.000000
vt 0.860212 0.333333
vt 0.886835 0.222222
vt 0.873523 0.000000
vt 0.866868 0.333333
vt 0.886835 0.166667
vt 0.866868 0.000000
vt 0.873523 0.333333
vt 0.886835 0.111111
vt 0.860212 0.000000
vt 0.891382 0.055556
vt 0.891382 0.111111
vt 0.895929 0.111111
vt 0.895929 0.055556
vt 0.891382 0.166667
vt 0.895929 0.166667
vt 0.891382 0.222222
vt 0.895929 0.222222
vt 0.891382 0.277778
vt 0.895929 0.277778
vt 0.900476 0.111111
vt 0.900476 0.055556
vt 0.900476 0.166667
vt 0.900476 0.222222
vt 0.900476 0.277778
vt 0.905022 0.111111
vt 0.905022 0.055556
vt 0.905022 0.166667
vt 0.905022 0.222222
vt 0.905022 0.277778
vt 0.909569 0.111111
vt 0.909569 0.055556
vt 0.909569 0.166667
vt 0.909569 0.222222
vt 0.909569 0.277778
vt 0.891382 0.000000
vt 0.891382 0.333333
vt 0.914116 0.333333
vt 0.914116 0.277778
vt 0.909569 0.333333
vt 0.909569 0.000000
vt 0.914116 0.055556
vt 0.914116 0.000000
vt 0.895929 0.333333
vt 0.914116 0.222222
vt 0.905022 0.000000
vt 0.900476 0.333333
vt 0.914116 0.166667
vt 0.900476 0.000000
vt 0.905022 0.333333
vt 0.914116 0.111111
vt 0.895929 0.000000
vt 0.919657 0.055556
vt 0.919657 0.111111
vt 0.925197 0.111111
vt 0.925197 0.055556
vt 0.919657 0.166667
vt 0.925197 0.166667
vt 0.919657 0.222222
vt 0.925197 0.222222
vt 0.919657 0.277778
vt 0.925197 0.277778
vt 0.930738 0.111111
vt 0.930738 0.055556
vt 0.930738 0.166667
vt 0.930738 0.222222
vt 0.930738 0.277778
vt 0.936279 0.111111
vt 0.936279 0.055556
vt 0.936279 0.166667
vt 0.936279 0.222222
vt 0.936279 0.277778
vt 0.941820 0.111111
vt 0.941820 0.055556
vt 0.941820 0.166667
vt 0.941820 0.222222
vt 0.941820 0.277778
vt 0.919657 0.000000
vt 0.919657 0.333333
vt 0.947361 0.333333
vt 0.947361 0.277778
vt 0.941820 0.333333
vt 0.941820 0.000000
vt 0.947361 0.055556
vt 0.947361 0.000000
vt 0.925197 0.333333
vt 0.947361 0.222222
vt 0.936279 0.000000
vt 0.930738 0.333333
vt 0.947361 0.166667
vt 0.930738 0.000000
vt 0.936279 0.333333
vt 0.947361 0.111111
vt 0.925197 0.000000
vt 0.951538 0.055556
vt 0.951538 0.111111
vt 0.955715 0.111111
vt 0.955715 0.055556
vt 0.951538 0.166667
vt 0.955715 0.166667
vt 0.951538 0.222222
vt 0.955715 0.222222
vt 0.951538 0.277778
vt 0.955715 0.277778
vt 0.959891 0.111111
vt 0.959891 0.055556
vt 0.959891 0.166667
vt 0.959891 0.222222
vt 0.959891 0.277778
vt 0.964068 0.111111
vt 0.964068 0.055556
vt 0.964068 0.166667
vt 0.964068 0.222222
vt 0.964068 0.277778
vt 0.968245 0.111111
vt 0.968245 0.055556
vt 0.968245 0.166667
vt 0.968245 0.222222
vt 0.968245 0.277778
vt 0.951538 0.000000
vt 0.951538 0.333333
vt 0.972422 0.333333
vt 0.972422 0.277778
vt 0.968245 0.333333
vt 0.968245 0.000000
vt 0.972422 0.055556
vt 0.972422 0.000000
vt 0.955715 0.333333
vt 0.972422 0.222222
vt 0.964068 0.000000
vt 0.959891 0.333333
vt 0.972422 0.166667
vt 0.959891 0.000000
vt 0.964068 0.333333
vt 0.972422 0.111111
vt 0.955715 0.000000
vt 0.977018 0.055556
vt 0.977018 0.111111
vt 0.981614 0.111111
vt 0.981614 0.055556
vt 0.977018 0.166667
vt 0.981614 0.166667
vt 0.977018 0.222222
vt 0.981614 0.222222
vt 0.977018 0.277778
vt 0.981614 0.277778
vt 0.986211 0.111111
vt 0.986211 0.055556
vt 0.986211 0.166667
vt 0.986211 0.222222
vt 0.986211 0.277778
vt 0.990807 0.111111
vt 0.990807 0.055556
vt 0.990807 0.166667
vt 0.990807 0.222222
vt 0.990807 0.277778
vt 0.995404 0.111111
vt 0.995404 0.055556
vt 0.995404 0.166667
vt 0.995404 0.222222
vt 0.995404 0.277778
vt 0.977018 0.000000
vt 0.977018 0.333333
vt 1.000000 0.333333
vt 1.000000 0.277778
vt 0.995404 0.333333
vt 0.995404 0.000000
vt 1.000000 0.055556
vt 1.000000 0.000000
vt 0.981614 0.333333
vt 1.000000 0.222222
vt 0.990807 0.000000
vt 0.986211 0.333333
vt 1.000000 0.166667
vt 0.986211 0.000000
vt 0.990807 0.333333
vt 1.000000 0.111111
vt 0.981614 0.000000
vt 0.027427 0.388889
vt 0.027427 0.444444
vt 0.054854 0.444444
vt 0.054854 0.388889
vt 0.027427 0.500000
vt 0.054854 0.500000
vt 0.027427 0.555556
vt 0.054854 0.555556
vt 0.027427 0.611111
vt 0.054854 0.611111
vt 0.082282 0.444444
vt 0.082282 0.388889
vt 0.082282 0.500000
vt 0.082282 0.555556
vt 0.082282 0.611111
vt 0.109709 0.444444
vt 0.109709 0.388889
vt 0.109709 0.500000
vt 0.109709 0.555556
vt 0.109709 0.611111
vt 0.137136 0.444444
vt 0.137136 0.388889
vt 0.137136 0.500000
vt 0.137136 0.555556
vt 0.137136 0.611111
vt 0.000000 0.388889
vt 0.027427 0.666667
vt 0.000000 0.611111
vt 0.000000 0.666667
vt 0.164563 0.666667
vt 0.164563 0.611111
vt 0.137136 0.666667
vt 0.164563 0.388889
vt 0.000000 0.444444
vt 0.054854 0.666667
vt 0.164563 0.555556
vt 0.000000 0.500000
vt 0.082282 0.666667
vt 0.164563 0.500000
vt 0.000000 0.555556
vt 0.109709 0.666667
vt 0.164563 0.444444
vt 0.170313 0.388889
vt 0.170313 0.444444
vt 0.176062 0.444444
vt 0.176062 0.388889
vt 0.170313 0.500000
vt 0.176062 0.500000
vt 0.170313 0.555556
vt 0.176062 0.555556
vt 0.170313 0.611111
vt 0.176062 0.611111
vt 0.181811 0.444444
vt 0.181811 0.388889
vt 0.181811 0.500000
vt 0.181811 0.555556
vt 0.181811 0.611111
vt 0.187560 0.444444
vt 0.187560 0.388889
vt 0.187560 0.500000
vt 0.187560 0.555556
vt 0.187560 0.611111
vt 0.193309 0.444444
vt 0.193309 0.388889
vt 0.193309 0.500000
vt 0.193309 0.555556
vt 0.193309 0.611111
vt 0.170313 0.666667
vt 0.199058 0.666667
vt 0.199058 0.611111
vt 0.193309 0.666667
vt 0.199058 0.388889
vt 0.176062 0.666667
vt 0.199058 0.555556
vt 0.181811 0.666667
vt 0.199058 0.500000
vt 0.187560 0.666667
vt 0.199058 0.444444
vt 0.203148 0.388889
vt 0.203148 0.444444
vt 0.207238 0.444444
vt 0.207238 0.388889
vt 0.203148 0.500000
vt 0.207238 0.500000
vt 0.203148 0.555556
vt 0.207238 0.555556
vt 0.203148 0.611111
vt 0.207238 0.611111
vt 0.211328 0.444444
vt 0.211328 0.388889
vt 0.211328 0.500000
vt 0.211328 0.555556
vt 0.211328 0.611111
vt 0.215418 0.444444
vt 0.215418 0.388889
vt 0.215418 0.500000
vt 0.215418 0.555556
vt 0.215418 0.611111
vt 0.219509 0.444444
vt 0.219509 0.388889
vt 0.219509 0.500000
vt 0.219509 0.555556
vt 0.219509 0.611111
vt 0.203148 0.666667
vt 0.223599 0.666667
vt 0.223599 0.611111
vt 0.219509 0.666667
vt 0.223599 0.388889
vt 0.207238 0.666667
vt 0.223599 0.555556
vt 0.211328 0.666667
vt 0.223599 0.500000
vt 0.215418 0.666667
vt 0.223599 0.444444
vt 0.225710 0.388889
vt 0.225710 0.444444
vt 0.227822 0.444444
vt 0.227822 0.388889
vt 0.225710 0.500000
vt 0.227822 0.500000
vt 0.225710 0.555556
vt 0.227822 0.555556
vt 0.225710 0.611111
vt 0.227822 0.611111
vt 0.229934 0.444444
vt 0.229934 0.388889
vt 0.229934 0.500000
vt 0.229934 0.555556
vt 0.229934 0.611111
vt 0.232045 0.444444
vt 0.232045 0.388889
vt 0.232045 0.500000
vt 0.232045 0.555556
vt 0.232045 0.611111
vt 0.234157 0.444444
vt 0.234157 0.388889
vt 0.234157 0.500000
vt 0.234157 0.555556
vt 0.234157 0.611111
vt 0.225710 0.666667
vt 0.236269 0.666667
vt 0.236269 0.611111
vt 0.234157 0.666667
vt 0.236269 0.388889
vt 0.227822 0.666667
vt 0.236269 0.555556
vt 0.229934 0.666667
vt 0.236269 0.500000
vt 0.232045 0.666667
vt 0.236269 0.444444
vt 0.238656 0.388889
vt 0.238656 0.444444
vt 0.241042 0.444444
vt 0.241042 0.388889
vt 0.238656 0.500000
vt 0.241042 0.500000
vt 0.238656 0.555556
vt 0.241042 0.555556
vt 0.238656 0.611111
vt 0.241042 0.611111
vt 0.243429 0.444444
vt 0.243429 0.388889
vt 0.243429 0.500000
vt 0.243429 0.555556
vt 0.243429 0.611111
vt 0.245816 0.444444
vt 0.245816 0.388889
vt 0.245816 0.500000
vt 0.245816 0.555556
vt 0.245816 0.611111
vt 0.248203 0.444444
vt 0.248203 0.388889
vt 0.248203 0.500000
vt 0.248203 0.555556
vt 0.248203 0.611111
vt 0.238656 0.666667
vt 0.250590 0.666667
vt 0.250590 0.611111
vt 0.248203 0.666667
vt 0.250590 0.388889
vt 0.241042 0.666667
vt 0.250590 0.555556
vt 0.243429 0.666667
vt 0.250590 0.500000
vt 0.245816 0.666667
vt 0.250590 0.444444
vt 0.253772 0.388889
vt 0.253772 0.444444
vt 0.256953 0.444444
vt 0.256953 0.388889
vt 0.253772 0.500000
vt 0.256953 0.500000
vt 0.253772 0.555556
vt 0.256953 0.555556
vt 0.253772 0.611111
vt 0.256953 0.611111
vt 0.260134 0.444444
vt 0.260134 0.388889
vt 0.260134 0.500000
vt 0.260134 0.555556
vt 0.260134 0.611111
vt 0.263316 0.444444
vt 0.263316 0.388889
vt 0.263316 0.500000
vt 0.263316 0.555556
vt 0.263316 0.611111
vt 0.266497 0.444444
vt 0.266497 0.388889
vt 0.266497 0.500000
vt 0.266497 0.555556
vt 0.266497 0.611111
vt 0.253772 0.666667
vt 0.269679 0.666667
vt 0.269679 0.611111
vt 0.266497 0.666667
vt 0.269679 0.388889
vt 0.256953 0.666667
vt 0.269679 0.555556
vt 0.260134 0.666667
vt 0.269679 0.500000
vt 0.263316 0.666667
vt 0.269679 0.444444
vt 0.273100 0.388889
vt 0.273100 0.444444
vt 0.276522 0.444444
vt 0.276522 0.388889
vt 0.273100 0.500000
vt 0.276522 0.500000
vt 0.273100 0.555556
vt 0.276522 0.555556
vt 0.273100 0.611111
vt 0.276522 0.611111
vt 0.279944 0.444444
vt 0.279944 0.388889
vt 0.279944 0.500000
vt 0.279944 0.555556
vt 0.279944 0.611111
vt 0.283365 0.444444
vt 0.283365 0.388889
vt 0.283365 0.500000
vt 0.283365 0.555556
vt 0.283365 0.611111
vt 0.286787 0.444444
vt 0.286787 0.388889
vt 0.286787 0.500000
vt 0.286787 0.555556
vt 0.286787 0.611111
vt 0.273100 0.666667
vt 0.290209 0.666667
vt 0.290209 0.611111
vt 0.286787 0.666667
vt 0.290209 0.388889
vt 0.276522 0.666667
vt 0.290209 0.555556
vt 0.279944 0.666667
vt 0.290209 0.500000
vt 0.283365 0.666667
vt 0.290209 0.444444
vt 0.302655 0.388889
vt 0.302655 0.444444
vt 0.315102 0.444444
vt 0.315102 0.388889
vt 0.302655 0.500000
vt 0.315102 0.500000
vt 0.302655 0.555556
vt 0.315102 0.555556
vt 0.302655 0.611111
vt 0.315102 0.611111
vt 0.327549 0.444444
vt 0.327549 0.388889
vt 0.327549 0.500000
vt 0.327549 0.555556
vt 0.327549 0.611111
vt 0.339995 0.444444
vt 0.339995 0.388889
vt 0.339995 0.500000
vt 0.339995 0.555556
vt 0.339995 0.611111
vt 0.352442 0.444444
vt 0.352442 0.388889
vt 0.352442 0.500000
vt 0.352442 0.555556
vt 0.352442 0.611111
vt 0.302655 0.666667
vt 0.364889 0.666667
vt 0.364889 0.611111
vt 0.352442 0.666667
vt 0.364889 0.388889
vt 0.315102 0.666667
vt 0.364889 0.555556
vt 0.327549 0.666667
vt 0.364889 0.500000
vt 0.339995 0.666667
vt 0.364889 0.444444
vt 0.367485 0.388889
vt 0.367485 0.444444
vt 0.370081 0.444444
vt 0.370081 0.388889
vt 0.367485 0.500000
vt 0.370081 0.500000
vt 0.367485 0.555556
vt 0.370081 0.555556
vt 0.367485 0.611111
vt 0.370081 0.611111
vt 0.372678 0.444444
vt 0.372678 0.388889
vt 0.372678 0.500000
vt 0.372678 0.555556
vt 0.372678 0.611111
vt 0.375274 0.444444
vt 0.375274 0.388889
vt 0.375274 0.500000
vt 0.375274 0.555556
vt 0.375274 0.611111
vt 0.377870 0.444444
vt 0.377870 0.388889
vt 0.377870 0.500000
vt 0.377870 0.555556
vt 0.377870 0.611111
vt 0.367485 0.666667
vt 0.380467 0.666667
vt 0.380467 0.611111
vt 0.377870 0.666667
vt 0.380467 0.388889
vt 0.370081 0.666667
vt 0.380467 0.555556
vt 0.372678 0.666667
vt 0.380467 0.500000
vt 0.375274 0.666667
vt 0.380467 0.444444
vt 0.382787 0.388889
vt 0.382787 0.444444
vt 0.385108 0.444444
vt 0.385108 0.388889
vt 0.382787 0.500000
vt 0.385108 0.500000
vt 0.382787 0.555556
vt 0.385108 0.555556
vt 0.382787 0.611111
vt 0.385108 0.611111
vt 0.387429 0.444444
vt 0.387429 0.388889
vt 0.387429 0.500000
vt 0.387429 0.555556
vt 0.387429 0.611111
vt 0.389749 0.444444
vt 0.389749 0.388889
vt 0.389749 0.500000
vt 0.389749 0.555556
vt 0.389749 0.611111
vt 0.392070 0.444444
vt 0.392070 0.388889
vt 0.392070 0.500000
vt 0.392070 0.555556
vt 0.392070 0.611111
vt 0.382787 0.666667
vt 0.394390 0.666667
vt 0.394390 0.611111
vt 0.392070 0.666667
vt 0.394390 0.388889
vt 0.385108 0.666667
vt 0.394390 0.555556
vt 0.387429 0.666667
vt 0.394390 0.500000
vt 0.389749 0.666667
vt 0.394390 0.444444
vt 0.396392 0.388889
vt 0.396392 0.444444
vt 0.398394 0.444444
vt 0.398394 0.388889
vt 0.396392 0.500000
vt 0.398394 0.500000
vt 0.396392 0.555556
vt 0.398394 0.555556
vt 0.396392 0.611111
vt 0.398394 0.611111
vt 0.400395 0.444444
vt 0.400395 0.388889
vt 0.400395 0.500000
vt 0.400395 0.555556
vt 0.400395 0.611111
vt 0.402397 0.444444
vt 0.402397 0.388889
vt 0.402397 0.500000
vt 0.402397 0.555556
vt 0.402397 0.611111
vt 0.404398 0.444444
vt 0.404398 0.388889
vt 0.404398 0.500000
vt 0.404398 0.555556
vt 0.404398 0.611111
vt 0.396392 0.666667
vt 0.406400 0.666667
vt 0.406400 0.611111
vt 0.404398 0.666667
vt 0.406400 0.388889
vt 0.398394 0.666667
vt 0.406400 0.555556
vt 0.400395 0.666667
vt 0.406400 0.500000
vt 0.402397 0.666667
vt 0.406400 0.444444
vt 0.409496 0.388889
vt 0.409496 0.444444
vt 0.412591 0.444444
vt 0.412591 0.388889
vt 0.409496 0.500000
vt 0.412591 0.500000
vt 0.409496 0.555556
vt 0.412591 0.555556
vt 0.409496 0.611111
vt 0.412591 0.611111
vt 0.415687 0.444444
vt 0.415687 0.388889
vt 0.415687 0.500000
vt 0.415687 0.555556
vt 0.415687 0.611111
vt 0.418782 0.444444
vt 0.418782 0.388889
vt 0.418782 0.500000
vt 0.418782 0.555556
vt 0.418782 0.611111
vt 0.421878 0.444444
vt 0.421878 0.388889
vt 0.421878 0.500000
vt 0.421878 0.555556
vt 0.421878 0.611111
vt 0.409496 0.666667
vt 0.424973 0.666667
vt 0.424973 0.611111
vt 0.421878 0.666667
vt 0.424973 0.388889
vt 0.412591 0.666667
vt 0.424973 0.555556
vt 0.415687 0.666667
vt 0.424973 0.500000
vt 0.418782 0.666667
vt 0.424973 0.444444
vt 0.429581 0.388889
vt 0.429581 0.444444
vt 0.434188 0.444444
vt 0.434188 0.388889
vt 0.429581 0.500000
vt 0.434188 0.500000
vt 0.429581 0.555556
vt 0.434188 0.555556
vt 0.429581 0.611111
vt 0.434188 0.611111
vt 0.438795 0.444444
vt 0.438795 0.388889
vt 0.438795 0.500000
vt 0.438795 0.555556
vt 0.438795 0.611111
vt 0.443402 0.444444
vt 0.443402 0.388889
vt 0.443402 0.500000
vt 0.443402 0.555556
vt 0.443402 0.611111
vt 0.448010 0.444444
vt 0.448010 0.388889
vt 0.448010 0.500000
vt 0.448010 0.555556
vt 0.448010 0.611111
vt 0.429581 0.666667
vt 0.452617 0.666667
vt 0.452617 0.611111
vt 0.448010 0.666667
vt 0.452617 0.388889
vt 0.434188 0.666667
vt 0.452617 0.555556
vt 0.438795 0.666667
vt 0.452617 0.500000
vt 0.443402 0.666667
vt 0.452617 0.444444
vt 0.463442 0.388889
vt 0.463442 0.444444
vt 0.474268 0.444444
vt 0.474268 0.388889
vt 0.463442 0.500000
vt 0.474268 0.500000
vt 0.463442 0.555556
vt 0.474268 0.555556
vt 0.463442 0.611111
vt 0.474268 0.611111
vt 0.485093 0.444444
vt 0.485093 0.388889
vt 0.485093 0.500000
vt 0.485093 0.555556
vt 0.485093 0.611111
vt 0.495919 0.444444
vt 0.495919 0.388889
vt 0.495919 0.500000
vt 0.495919 0.555556
vt 0.495919 0.611111
vt 0.506744 0.444444
vt 0.506744 0.388889
vt 0.506744 0.500000
vt 0.506744 0.555556
vt 0.506744 0.611111
vt 0.463442 0.666667
vt 0.517569 0.666667
vt 0.517569 0.611111
vt 0.506744 0.666667
vt 0.517569 0.388889
vt 0.474268 0.666667
vt 0.517569 0.555556
vt 0.485093 0.666667
vt 0.517569 0.500000
vt 0.495919 0.666667
vt 0.517569 0.444444
vt 0.525544 0.388889
vt 0.525544 0.444444
vt 0.533518 0.444444
vt 0.533518 0.388889
vt 0.525544 0.500000
vt 0.533518 0.500000
vt 0.525544 0.555556
vt 0.533518 0.555556
vt 0.525544 0.611111
vt 0.533518 0.611111
vt 0.541493 0.444444
vt 0.541493 0.388889
vt 0.541493 0.500000
vt 0.541493 0.555556
vt 0.541493 0.611111
vt 0.549467 0.444444
vt 0.549467 0.388889
vt 0.549467 0.500000
vt 0.549467 0.555556
vt 0.549467 0.611111
vt 0.557441 0.444444
vt 0.557441 0.388889
vt 0.557441 0.500000
vt 0.557441 0.555556
vt 0.557441 0.611111
vt 0.525544 0.666667
vt 0.565416 0.666667
vt 0.565416 0.611111
vt 0.557441 0.666667
vt 0.565416 0.388889
vt 0.533518 0.666667
vt 0.565416 0.555556
vt 0.541493 0.666667
vt 0.565416 0.500000
vt 0.549467 0.666667
vt 0.565416 0.444444
vt 0.571617 0.388889
vt 0.571617 0.444444
vt 0.577818 0.444444
vt 0.577818 0.388889
vt 0.571617 0.500000
vt 0.577818 0.500000
vt 0.571617 0.555556
vt 0.577818 0.555556
vt 0.571617 0.611111
vt 0.577818 0.611111
vt 0.584019 0.444444
vt 0.584019 0.388889
vt 0.584019 0.500000
vt 0.584019 0.555556
vt 0.584019 0.611111
vt 0.590221 0.444444
vt 0.590221 0.388889
vt 0.590221 0.500000
vt 0.590221 0.555556
vt 0.590221 0.611111
vt 0.596422 0.444444
vt 0.596422 0.388889
vt 0.596422 0.500000
vt 0.596422 0.555556
vt 0.596422 0.611111
vt 0.571617 0.666667
vt 0.602623 0.666667
vt 0.602623 0.611111
vt 0.596422 0.666667
vt 0.602623 0.388889
vt 0.577818 0.666667
vt 0.602623 0.555556
vt 0.584019 0.666667
vt 0.602623 0.500000
vt 0.590221 0.666667
vt 0.602623 0.444444
vt 0.605902 0.388889
vt 0.605902 0.444444
vt 0.609180 0.444444
vt 0.609180 0.388889
vt 0.605902 0.500000
vt 0.609180 0.500000
vt 0.605902 0.555556
vt 0.609180 0.555556
vt 0.605902 0.611111
vt 0.609180 0.611111
vt 0.612459 0.444444
vt 0.612459 0.388889
vt 0.612459 0.500000
vt 0.612459 0.555556
vt 0.612459 0.611111
vt 0.615737 0.444444
vt 0.615737 0.388889
vt 0.615737 0.500000
vt 0.615737 0.555556
vt 0.615737 0.611111
vt 0.619016 0.444444
vt 0.619016 0.388889
vt 0.619016 0.500000
vt 0.619016 0.555556
vt 0.619016 0.611111
vt 0.605902 0.666667
vt 0.622294 0.666667
vt 0.622294 0.611111
vt 0.619016 0.666667
vt 0.622294 0.388889
vt 0.609180 0.666667
vt 0.622294 0.555556
vt 0.612459 0.666667
vt 0.622294 0.500000
vt 0.615737 0.666667
vt 0.622294 0.444444
vt 0.625237 0.388889
vt 0.625237 0.444444
vt 0.628180 0.444444
vt 0.628180 0.388889
vt 0.625237 0.500000
vt 0.628180 0.500000
vt 0.625237 0.555556
vt 0.628180 0.555556
vt 0.625237 0.611111
vt 0.628180 0.611111
vt 0.631123 0.444444
vt 0.631123 0.388889
vt 0.631123 0.500000
vt 0.631123 0.555556
vt 0.631123 0.611111
vt 0.634065 0.444444
vt 0.634065 0.388889
vt 0.634065 0.500000
vt 0.634065 0.555556
vt 0.634065 0.611111
vt 0.637008 0.444444
vt 0.637008 0.388889
vt 0.637008 0.500000
vt 0.637008 0.555556
vt 0.637008 0.611111
vt 0.625237 0.666667
vt 0.639951 0.666667
vt 0.639951 0.611111
vt 0.637008 0.666667
vt 0.639951 0.388889
vt 0.628180 0.666667
vt 0.639951 0.555556
vt 0.631123 0.666667
vt 0.639951 0.500000
vt 0.634065 0.666667
vt 0.639951 0.444444
vt 0.643167 0.388889
vt 0.643167 0.444444
vt 0.646382 0.444444
vt 0.646382 0.388889
vt 0.643167 0.500000
vt 0.646382 0.500000
vt 0.643167 0.555556
vt 0.646382 0.555556
vt 0.643167 0.611111
vt 0.646382 0.611111
vt 0.649598 0.444444
vt 0.649598 0.388889
vt 0.649598 0.500000
vt 0.649598 0.555556
vt 0.649598 0.611111
vt 0.652813 0.444444
vt 0.652813 0.388889
vt 0.652813 0.500000
vt 0.652813 0.555556
vt 0.652813 0.611111
vt 0.656029 0.444444
vt 0.656029 0.388889
vt 0.656029 0.500000
vt 0.656029 0.555556
vt 0.656029 0.611111
vt 0.643167 0.666667
vt 0.659244 0.666667
vt 0.659244 0.611111
vt 0.656029 0.666667
vt 0.659244 0.388889
vt 0.646382 0.666667
vt 0.659244 0.555556
vt 0.649598 0.666667
vt 0.659244 0.500000
vt 0.652813 0.666667
vt 0.659244 0.444444
vt 0.663527 0.388889
vt 0.663527 0.444444
vt 0.667809 0.444444
vt 0.667809 0.388889
vt 0.663527 0.500000
vt 0.667809 0.500000
vt 0.663527 0.555556
vt 0.667809 0.555556
vt 0.663527 0.611111
vt 0.667809 0.611111
vt 0.672092 0.444444
vt 0.672092 0.388889
vt 0.672092 0.500000
vt 0.672092 0.555556
vt 0.672092 0.611111
vt 0.676374 0.444444
vt 0.676374 0.388889
vt 0.676374 0.500000
vt 0.676374 0.555556
vt 0.676374 0.611111
vt 0.680657 0.444444
vt 0.680657 0.388889
vt 0.680657 0.500000
vt 0.680657 0.555556
vt 0.680657 0.611111
vt 0.663527 0.666667
vt 0.684939 0.666667
vt 0.684939 0.611111
vt 0.680657 0.666667
vt 0.684939 0.388889
vt 0.667809 0.666667
vt 0.684939 0.555556
vt 0.672092 0.666667
vt 0.684939 0.500000
vt 0.676374 0.666667
vt 0.684939 0.444444
vt 0.689785 0.388889
vt 0.689785 0.444444
vt 0.694630 0.444444
vt 0.694630 0.388889
vt 0.689785 0.500000
vt 0.694630 0.500000
vt 0.689785 0.555556
vt 0.694630 0.555556
vt 0.689785 0.611111
vt 0.694630 0.611111
vt 0.699475 0.444444
vt 0.699475 0.388889
vt 0.699475 0.500000
vt 0.699475 0.555556
vt 0.699475 0.611111
vt 0.704321 0.444444
vt 0.704321 0.388889
vt 0.704321 0.500000
vt 0.704321 0.555556
vt 0.704321 0.611111
vt 0.709166 0.444444
vt 0.709166 0.388889
vt 0.709166 0.500000
vt 0.709166 0.555556
vt 0.709166 0.611111
vt 0.689785 0.666667
vt 0.714011 0.666667
vt 0.714011 0.611111
vt 0.709166 0.666667
vt 0.714011 0.388889
vt 0.694630 0.666667
vt 0.714011 0.555556
vt 0.699475 0.666667
vt 0.714011 0.500000
vt 0.704321 0.666667
vt 0.714011 0.444444
vt 0.716922 0.388889
vt 0.716922 0.444444
vt 0.719833 0.444444
vt 0.719833 0.388889
vt 0.716922 0.500000
vt 0.719833 0.500000
vt 0.716922 0.555556
vt 0.719833 0.555556
vt 0.716922 0.611111
vt 0.719833 0.611111
vt 0.722744 0.444444
vt 0.722744 0.388889
vt 0.722744 0.500000
vt 0.722744 0.555556
vt 0.722744 0.611111
vt 0.725654 0.444444
vt 0.725654 0.388889
vt 0.725654 0.500000
vt 0.725654 0.555556
vt 0.725654 0.611111
vt 0.728565 0.444444
vt 0.728565 0.388889
vt 0.728565 0.500000
vt 0.728565 0.555556
vt 0.728565 0.611111
vt 0.716922 0.666667
vt 0.731476 0.666667
vt 0.731476 0.611111
vt 0.728565 0.666667
vt 0.731476 0.388889
vt 0.719833 0.666667
vt 0.731476 0.555556
vt 0.722744 0.666667
vt 0.731476 0.500000
vt 0.725654 0.666667
vt 0.731476 0.444444
vt 0.735533 0.388889
vt 0.735533 0.444444
vt 0.739590 0.444444
vt 0.739590 0.388889
vt 0.735533 0.500000
vt 0.739590 0.500000
vt 0.735533 0.555556
vt 0.739590 0.555556
vt 0.735533 0.611111
vt 0.739590 0.611111
vt 0.743647 0.444444
vt 0.743647 0.388889
vt 0.743647 0.500000
vt 0.743647 0.555556
vt 0.743647 0.611111
vt 0.747704 0.444444
vt 0.747704 0.388889
vt 0.747704 0.500000
vt 0.747704 0.555556
vt 0.747704 0.611111
vt 0.751761 0.444444
vt 0.751761 0.388889
vt 0.751761 0.500000
vt 0.751761 0.555556
vt 0.751761 0.611111
vt 0.735533 0.666667
vt 0.755818 0.666667
vt 0.755818 0.611111
vt 0.751761 0.666667
vt 0.755818 0.388889
vt 0.739590 0.666667
vt 0.755818 0.555556
vt 0.743647 0.666667
vt 0.755818 0.500000
vt 0.747704 0.666667
vt 0.755818 0.444444
vt 0.761006 0.388889
vt 0.761006 0.444444
vt 0.766194 0.444444
vt 0.766194 0.388889
vt 0.761006 0.500000
vt 0.766194 0.500000
vt 0.761006 0.555556
vt 0.766194 0.555556
vt 0.761006 0.611111
vt 0.766194 0.611111
vt 0.771381 0.444444
vt 0.771381 0.388889
vt 0.771381 0.500000
vt 0.771381 0.555556
vt 0.771381 0.611111
vt 0.776569 0.444444
vt 0.776569 0.388889
vt 0.776569 0.500000
vt 0.776569 0.555556
vt 0.776569 0.611111
vt 0.781757 0.444444
vt 0.781757 0.388889
vt 0.781757 0.500000
vt 0.781757 0.555556
vt 0.781757 0.611111
vt 0.761006 0.666667
vt 0.786945 0.666667
vt 0.786945 0.611111
vt 0.781757 0.666667
vt 0.786945 0.388889
vt 0.766194 0.666667
vt 0.786945 0.555556
vt 0.771381 0.666667
vt 0.786945 0.500000
vt 0.776569 0.666667
vt 0.786945 0.444444
vt 0.790869 0.388889
vt 0.790869 0.444444
vt 0.794794 0.444444
vt 0.794794 0.388889
vt 0.790869 0.500000
vt 0.794794 0.500000
vt 0.790869 0.555556
vt 0.794794 0.555556
vt 0.790869 0.611111
vt 0.794794 0.611111
vt 0.798719 0.444444
vt 0.798719 0.388889
vt 0.798719 0.500000
vt 0.798719 0.555556
vt 0.798719 0.611111
vt 0.802644 0.444444
vt 0.802644 0.388889
vt 0.802644 0.500000
vt 0.802644 0.555556
vt 0.802644 0.611111
vt 0.806569 0.444444
vt 0.806569 0.388889
vt 0.806569 0.500000
vt 0.806569 0.555556
vt 0.806569 0.611111
vt 0.790869 0.666667
vt 0.810494 0.666667
vt 0.810494 0.611111
vt 0.806569 0.666667
vt 0.810494 0.388889
vt 0.794794 0.666667
vt 0.810494 0.555556
vt 0.798719 0.666667
vt 0.810494 0.500000
vt 0.802644 0.666667
vt 0.810494 0.444444
vt 0.816561 0.388889
vt 0.816561 0.444444
vt 0.822629 0.444444
vt 0.822629 0.388889
vt 0.816561 0.500000
vt 0.822629 0.500000
vt 0.816561 0.555556
vt 0.822629 0.555556
vt 0.816561 0.611111
vt 0.822629 0.611111
vt 0.828697 0.444444
vt 0.828697 0.388889
vt 0.828697 0.500000
vt 0.828697 0.555556
vt 0.828697 0.611111
vt 0.834764 0.444444
vt 0.834764 0.388889
vt 0.834764 0.500000
vt 0.834764 0.555556
vt 0.834764 0.611111
vt 0.840832 0.444444
vt 0.840832 0.388889
vt 0.840832 0.500000
vt 0.840832 0.555556
vt 0.840832 0.611111
vt 0.816561 0.666667
vt 0.846900 0.666667
vt 0.846900 0.611111
vt 0.840832 0.666667
vt 0.846900 0.388889
vt 0.822629 0.666667
vt 0.846900 0.555556
vt 0.828697 0.666667
vt 0.846900 0.500000
vt 0.834764 0.666667
vt 0.846900 0.444444
vt 0.853556 0.388889
vt 0.853556 0.444444
vt 0.860212 0.444444
vt 0.860212 0.388889
vt 0.853556 0.500000
vt 0.860212 0.500000
vt 0.853556 0.555556
vt 0.860212 0.555556
vt 0.853556 0.611111
vt 0.860212 0.611111
vt 0.866868 0.444444
vt 0.866868 0.388889
vt 0.866868 0.500000
vt 0.866868 0.555556
vt 0.866868 0.611111
vt 0.873523 0.444444
vt 0.873523 0.388889
vt 0.873523 0.500000
vt 0.873523 0.555556
vt 0.873523 0.611111
vt 0.880179 0.444444
vt 0.880179 0.388889
vt 0.880179 0.500000
vt 0.880179 0.555556
vt 0.880179 0.611111
vt 0.853556 0.666667
vt 0.886835 0.666667
vt 0.886835 0.611111
vt 0.880179 0.666667
vt 0.886835 0.388889
vt 0.860212 0.666667
vt 0.886835 0.555556
vt 0.866868 0.666667
vt 0.886835 0.500000
vt 0.873523 0.666667
vt 0.886835 0.444444
vt 0.891382 0.388889
vt 0.891382 0.444444
vt 0.895929 0.444444
vt 0.895929 0.388889
vt 0.891382 0.500000
vt 0.895929 0.500000
vt 0.891382 0.555556
vt 0.895929 0.555556
vt 0.891382 0.611111
vt 0.895929 0.611111
vt 0.900476 0.444444
vt 0.900476 0.388889
vt 0.900476 0.500000
vt 0.900476 0.555556
vt 0.900476 0.611111
vt 0.905022 0.444444
vt 0.905022 0.388889
vt 0.905022 0.500000
vt 0.905022 0.555556
vt 0.905022 0.611111
vt 0.909569 0.444444
vt 0.909569 0.388889
vt 0.909569 0.500000
vt 0.909569 0.555556
vt 0.909569 0.611111
vt 0.891382 0.666667
vt 0.914116 0.666667
vt 0.914116 0.611111
vt 0.909569 0.666667
vt 0.914116 0.388889
vt 0.895929 0.666667
vt 0.914116 0.555556
vt 0.900476 0.666667
vt 0.914116 0.500000
vt 0.905022 0.666667
vt 0.914116 0.444444
vt 0.919657 0.388889
vt 0.919657 0.444444
vt 0.925197 0.444444
vt 0.925197 0.388889
vt 0.919657 0.500000
vt 0.925197 0.500000
vt 0.919657 0.555556
vt 0.925197 0.555556
vt 0.919657 0.611111
vt 0.925197 0.611111
vt 0.930738 0.444444
vt 0.930738 0.388889
vt 0.930738 0.500000
vt 0.930738 0.555556
vt 0.930738 0.611111
vt 0.936279 0.444444
vt 0.936279 0.388889
vt 0.936279 0.500000
vt 0.936279 0.555556
vt 0.936279 0.611111
vt 0.941820 0.444444
vt 0.941820 0.388889
vt 0.941820 0.500000
vt 0.941820 0.555556
vt 0.941820 0.611111
vt 0.919657 0.666667
vt 0.947361 0.666667
vt 0.947361 0.611111
vt 0.941820 0.666667
vt 0.947361 0.388889
vt 0.925197 0.666667
vt 0.947361 0.555556
vt 0.930738 0.666667
vt 0.947361 0.500000
vt 0.936279 0.666667
vt 0.947361 0.444444
vt 0.951538 0.388889
vt 0.951538 0.444444
vt 0.955715 0.444444
vt 0.955715 0.388889
vt 0.951538 0.500000
vt 0.955715 0.500000
vt 0.951538 0.555556
vt 0.955715 0.555556
vt 0.951538 0.611111
vt 0.955715 0.611111
vt 0.959891 0.444444
vt 0.959891 0.388889
vt 0.959891 0.500000
vt 0.959891 0.555556
vt 0.959891 0.611111
vt 0.964068 0.444444
vt 0.964068 0.388889
vt 0.964068 0.500000
vt 0.964068 0.555556
vt 0.964068 0.611111
vt 0.968245 0.444444
vt 0.968245 0.388889
vt 0.968245 0.500000
vt 0.968245 0.555556
vt 0.968245 0.611111
vt 0.951538 0.666667
vt 0.972422 0.666667
vt 0.972422 0.611111
vt 0.968245 0.666667
vt 0.972422 0.388889
vt 0.955715 0.666667
vt 0.972422 0.555556
vt 0.959891 0.666667
vt 0.972422 0.500000
vt 0.964068 0.666667
vt 0.972422 0.444444
vt 0.977018 0.388889
vt 0.977018 0.444444
vt 0.981614 0.444444
vt 0.981614 0.388889
vt 0.977018 0.500000
vt 0.981614 0.500000
vt 0.977018 0.555556
vt 0.981614 0.555556
vt 0.977018 0.611111
vt 0.981614 0.611111
vt 0.986211 0.444444
vt 0.986211 0.388889
vt 0.986211 0.500000
vt 0.986211 0.555556
vt 0.986211 0.611111
vt 0.990807 0.444444
vt 0.990807 0.388889
vt 0.990807 0.500000
vt 0.990807 0.555556
vt 0.990807 0.611111
vt 0.995404 0.444444
vt 0.995404 0.388889
vt 0.995404 0.500000
vt 0.995404 0.555556
vt 0.995404 0.611111
vt 0.977018 0.666667
vt 1.000000 0.666667
vt 1.000000 0.611111
vt 0.995404 0.666667
vt 1.000000 0.388889
vt 0.981614 0.666667
vt 1.000000 0.555556
vt 0.986211 0.666667
vt 1.000000 0.500000
vt 0.990807 0.666667
vt 1.000000 0.444444
vt 0.027427 0.722222
vt 0.027427 0.777778
vt 0.054854 0.777778
vt 0.054854 0.722222
vt 0.027427 0.833333
vt 0.054854 0.833333
vt 0.027427 0.888889
vt 0.054854 0.888889
vt 0.027427 0.944444
vt 0.054854 0.944444
vt 0.082282 0.777778
vt 0.082282 0.722222
vt 0.082282 0.833333
vt 0.082282 0.888889
vt 0.082282 0.944444
vt 0.109709 0.777778
vt 0.109709 0.722222
vt 0.109709 0.833333
vt 0.109709 0.888889
vt 0.109709 0.944444
vt 0.137136 0.777778
vt 0.137136 0.722222
vt 0.137136 0.833333
vt 0.137136 0.888889
vt 0.137136 0.944444
vt 0.000000 0.722222
vt 0.027427 1.000000
vt 0.000000 0.944444
vt 0.000000 1.000000
vt 0.164563 1.000000
vt 0.164563 0.944444
vt 0.137136 1.000000
vt 0.164563 0.722222
vt 0.000000 0.777778
vt 0.054854 1.000000
vt 0.164563 0.888889
vt 0.000000 0.833333
vt 0.082282 1.000000
vt 0.164563 0.833333
vt 0.000000 0.888889
vt 0.109709 1.000000
vt 0.164563 0.777778
vt 0.170313 0.722222
vt 0.170313 0.777778
vt 0.176062 0.777778
vt 0.176062 0.722222
vt 0.170313 0.833333
vt 0.176062 0.833333
vt 0.170313 0.888889
vt 0.176062 0.888889
vt 0.170313 0.944444
vt 0.176062 0.944444
vt 0.181811 0.777778
vt 0.181811 0.722222
vt 0.181811 0.833333
vt 0.181811 0.888889
vt 0.181811 0.944444
vt 0.187560 0.777778
vt 0.187560 0.722222
vt 0.187560 0.833333
vt 0.187560 0.888889
vt 0.187560 0.944444
vt 0.193309 0.777778
vt 0.193309 0.722222
vt 0.193309 0.833333
vt 0.193309 0.888889
vt 0.193309 0.944444
vt 0.170313 1.000000
vt 0.199058 1.000000
vt 0.199058 0.944444
vt 0.193309 1.000000
vt 0.199058 0.722222
vt 0.176062 1.000000
vt 0.199058 0.888889
vt 0.181811 1.000000
vt 0.199058 0.833333
vt 0.187560 1.000000
vt 0.199058 0.777778
vt 0.203148 0.722222
vt 0.203148 0.777778
vt 0.207238 0.777778
vt 0.207238 0.722222
vt 0.203148 0.833333
vt 0.207238 0.833333
vt 0.203148 0.888889
vt 0.207238 0.888889
vt 0.203148 0.944444
vt 0.207238 0.944444
vt 0.211328 0.777778
vt 0.211328 0.722222
vt 0.211328 0.833333
vt 0.211328 0.888889
vt 0.211328 0.944444
vt 0.215418 0.777778
vt 0.215418 0.722222
vt 0.215418 0.833333
vt 0.215418 0.888889
vt 0.215418 0.944444
vt 0.219509 0.777778
vt 0.219509 0.722222
vt 0.219509 0.833333
vt 0.219509 0.888889
vt 0.219509 0.944444
vt 0.203148 1.000000
vt 0.223599 1.000000
vt 0.223599 0.944444
vt 0.219509 1.000000
vt 0.223599 0.722222
vt 0.207238 1.000000
vt 0.223599 0.888889
vt 0.211328 1.000000
vt 0.223599 0.833333
vt 0.215418 1.000000
vt 0.223599 0.777778
vt 0.225710 0.722222
vt 0.225710 0.777778
vt 0.227822 0.777778
vt 0.227822 0.722222
vt 0.225710 0.833333
vt 0.227822 0.833333
vt 0.225710 0.888889
vt 0.227822 0.888889
vt 0.225710 0.944444
vt 0.227822 0.944444
vt 0.229934 0.777778
vt 0.229934 0.722222
vt 0.229934 0.833333
vt 0.229934 0.888889
vt 0.229934 0.944444
vt 0.232045 0.777778
vt 0.232045 0.722222
vt 0.232045 0.833333
vt 0.232045 0.888889
vt 0.232045 0.944444
vt 0.234157 0.777778
vt 0.234157 0.722222
vt 0.234157 0.833333
vt 0.234157 0.888889
vt 0.234157 0.944444
vt 0.225710 1.000000
vt 0.236269 1.000000
vt 0.236269 0.944444
vt 0.234157 1.000000
vt 0.236269 0.722222
vt 0.227822 1.000000
vt 0.236269 0.888889
vt 0.229934 1.000000
vt 0.236269 0.833333
vt 0.232045 1.000000
vt 0.236269 0.777778
vt 0.238656 0.722222
vt 0.238656 0.777778
vt 0.241042 0.777778
vt 0.241042 0.722222
vt 0.238656 0.833333
vt 0.241042 0.833333
vt 0.238656 0.888889
vt 0.241042 0.888889
vt 0.238656 0.944444
vt 0.241042 0.944444
vt 0.243429 0.777778
vt 0.243429 0.722222
vt 0.243429 0.833333
vt 0.243429 0.888889
vt 0.243429 0.944444
vt 0.245816 0.777778
vt 0.245816 0.722222
vt 0.245816 0.833333
vt 0.245816 0.888889
vt 0.245816 0.944444
vt 0.248203 0.777778
vt 0.248203 0.722222
vt 0.248203 0.833333
vt 0.248203 0.888889
vt 0.248203 0.944444
vt 0.238656 1.000000
vt 0.250590 1.000000
vt 0.250590 0.944444
vt 0.248203 1.000000
vt 0.250590 0.722222
vt 0.241042 1.000000
vt 0.250590 0.888889
vt 0.243429 1.000000
vt 0.250590 0.833333
vt 0.245816 1.000000
vt 0.250590 0.777778
vt 0.253772 0.722222
vt 0.253772 0.777778
vt 0.256953 0.777778
vt 0.256953 0.722222
vt 0.253772 0.833333
vt 0.256953 0.833333
vt 0.253772 0.888889
vt 0.256953 0.888889
vt 0.253772 0.944444
vt 0.256953 0.944444
vt 0.260134 0.777778
vt 0.260134 0.722222
vt 0.260134 0.833333
vt 0.260134 0.888889
vt 0.260134 0.944444
vt 0.263316 0.777778
vt 0.263316 0.722222
vt 0.263316 0.833333
vt 0.263316 0.888889
vt 0.263316 0.944444
vt 0.266497 0.777778
vt 0.266497 0.722222
vt 0.266497 0.833333
vt 0.266497 0.888889
vt 0.266497 0.944444
vt 0.253772 1.000000
vt 0.269679 1.000000
vt 0.269679 0.944444
vt 0.266497 1.000000
vt 0.269679 0.722222
vt 0.256953 1.000000
vt 0.269679 0.888889
vt 0.260134 1.000000
vt 0.269679 0.833333
vt 0.263316 1.000000
vt 0.269679 0.777778
vt 0.273100 0.722222
vt 0.273100 0.777778
vt 0.276522 0.777778
vt 0.276522 0.722222
vt 0.273100 0.833333
vt 0.276522 0.833333
vt 0.273100 0.888889
vt 0.276522 0.888889
vt 0.273100 0.944444
vt 0.276522 0.944444
vt 0.279944 0.777778
vt 0.279944 0.722222
vt 0.279944 0.833333
vt 0.279944 0.888889
vt 0.279944 0.944444
vt 0.283365 0.777778
vt 0.283365 0.722222
vt 0.283365 0.833333
vt 0.283365 0.888889
vt 0.283365 0.944444
vt 0.286787 0.777778
vt 0.286787 0.722222
vt 0.286787 0.833333
vt 0.286787 0.888889
vt 0.286787 0.944444
vt 0.273100 1.000000
vt 0.290209 1.000000
vt 0.290209 0.944444
vt 0.286787 1.000000
vt 0.290209 0.722222
vt 0.276522 1.000000
vt 0.290209 0.888889
vt 0.279944 1.000000
vt 0.290209 0.833333
vt 0.283365 1.000000
vt 0.290209 0.777778
vt 0.302655 0.722222
vt 0.302655 0.777778
vt 0.315102 0.777778
vt 0.315102 0.722222
vt 0.302655 0.833333
vt 0.315102 0.833333
vt 0.302655 0.888889
vt 0.315102 0.888889
vt 0.302655 0.944444
vt 0.315102 0.944444
vt 0.327549 0.777778
vt 0.327549 0.722222
vt 0.327549 0.833333
vt 0.327549 0.888889
vt 0.327549 0.944444
vt 0.339995 0.777778
vt 0.339995 0.722222
vt 0.339995 0.833333
vt 0.339995 0.888889
vt 0.339995 0.944444
vt 0.352442 0.777778
vt 0.352442 0.722222
vt 0.352442 0.833333
vt 0.352442 0.888889
vt 0.352442 0.944444
vt 0.302655 1.000000
vt 0.364889 1.000000
vt 0.364889 0.944444
vt 0.352442 1.000000
vt 0.364889 0.722222
vt 0.315102 1.000000
vt 0.364889 0.888889
vt 0.327549 1.000000
vt 0.364889 0.833333
vt 0.339995 1.000000
vt 0.364889 0.777778
vt 0.367485 0.722222
vt 0.367485 0.777778
vt 0.370081 0.777778
vt 0.370081 0.722222
vt 0.367485 0.833333
vt 0.370081 0.833333
vt 0.367485 0.888889
vt 0.370081 0.888889
vt 0.367485 0.944444
vt 0.370081 0.944444
vt 0.372678 0.777778
vt 0.372678 0.722222
vt 0.372678 0.833333
vt 0.372678 0.888889
vt 0.372678 0.944444
vt 0.375274 0.777778
vt 0.375274 0.722222
vt 0.375274 0.833333
vt 0.375274 0.888889
vt 0.375274 0.944444
vt 0.377870 0.777778
vt 0.377870 0.722222
vt 0.377870 0.833333
vt 0.377870 0.888889
vt 0.377870 0.944444
vt 0.367485 1.000000
vt 0.380467 1.000000
vt 0.380467 0.944444
vt 0.377870 1.000000
vt 0.380467 0.722222
vt 0.370081 1.000000
vt 0.380467 0.888889
vt 0.372678 1.000000
vt 0.380467 0.833333
vt 0.375274 1.000000
vt 0.380467 0.777778
vt 0.382787 0.722222
vt 0.382787 0.777778
vt 0.385108 0.777778
vt 0.385108 0.722222
vt 0.382787 0.833333
vt 0.385108 0.833333
vt 0.382787 0.888889
vt 0.385108 0.888889
vt 0.382787 0.944444
vt 0.385108 0.944444
vt 0.387429 0.777778
vt 0.387429 0.722222
vt 0.387429 0.833333
vt 0.387429 0.888889
vt 0.387429 0.944444
vt 0.389749 0.777778
vt 0.389749 0.722222
vt 0.389749 0.833333
vt 0.389749 0.888889
vt 0.389749 0.944444
vt 0.392070 0.777778
vt 0.392070 0.722222
vt 0.392070 0.833333
vt 0.392070 0.888889
vt 0.392070 0.944444
vt 0.382787 1.000000
vt 0.394390 1.000000
vt 0.394390 0.944444
vt 0.392070 1.000000
vt 0.394390 0.722222
vt 0.385108 1.000000
vt 0.394390 0.888889
vt 0.387429 1.000000
vt 0.394390 0.833333
vt 0.389749 1.000000
vt 0.394390 0.777778
vt 0.396392 0.722222
vt 0.396392 0.777778
vt 0.398394 0.777778
vt 0.398394 0.722222
vt 0.396392 0.833333
vt 0.398394 0.833333
vt 0.396392 0.888889
vt 0.398394 0.888889
vt 0.396392 0.944444
vt 0.398394 0.944444
vt 0.400395 0.777778
vt 0.400395 0.722222
vt 0.400395 0.833333
vt 0.400395 0.888889
vt 0.400395 0.944444
vt 0.402397 0.777778
vt 0.402397 0.722222
vt 0.402397 0.833333
vt 0.402397 0.888889
vt 0.402397 0.944444
vt 0.404398 0.777778
vt 0.404398 0.722222
vt 0.404398 0.833333
vt 0.404398 0.888889
vt 0.404398 0.944444
vt 0.396392 1.000000
vt 0.406400 1.000000
vt 0.406400 0.944444
vt 0.404398 1.000000
vt 0.406400 0.722222
vt 0.398394 1.000000
vt 0.406400 0.888889
vt 0.400395 1.000000
vt 0.406400 0.833333
vt 0.402397 1.000000
vt 0.406400 0.777778
vt 0.409496 0.722222
vt 0.409496 0.777778
vt 0.412591 0.777778
vt 0.412591 0.722222
vt 0.409496 0.833333
vt 0.412591 0.833333
vt 0.409496 0.888889
vt 0.412591 0.888889
vt 0.409496 0.944444
vt 0.412591 0.944444
vt 0.415687 0.777778
vt 0.415687 0.722222
vt 0.415687 0.833333
vt 0.415687 0.888889
vt 0.415687 0.944444
vt 0.418782 0.777778
vt 0.418782 0.722222
vt 0.418782 0.833333
vt 0.418782 0.888889
vt 0.418782 0.944444
vt 0.421878 0.777778
vt 0.421878 0.722222
vt 0.421878 0.833333
vt 0.421878 0.888889
vt 0.421878 0.944444
vt 0.409496 1.000000
vt 0.424973 1.000000
vt 0.424973 0.944444
vt 0.421878 1.000000
vt 0.424973 0.722222
vt 0.412591 1.000000
vt 0.424973 0.888889
vt 0.415687 1.000000
vt 0.424973 0.833333
vt 0.418782 1.000000
vt 0.424973 0.777778
vt 0.429581 0.722222
vt 0.429581 0.777778
vt 0.434188 0.777778
vt 0.434188 0.722222
vt 0.429581 0.833333
vt 0.434188 0.833333
vt 0.429581 0.888889
vt 0.434188 0.888889
vt 0.429581 0.944444
vt 0.434188 0.944444
vt 0.438795 0.777778
vt 0.438795 0.722222
vt 0.438795 0.833333
vt 0.438795 0.888889
vt 0.438795 0.944444
vt 0.443402 0.777778
vt 0.443402 0.722222
vt 0.443402 0.833333
vt 0.443402 0.888889
vt 0.443402 0.944444
vt 0.448010 0.777778
vt 0.448010 0.722222
vt 0.448010 0.833333
vt 0.448010 0.888889
vt 0.448010 0.944444
vt 0.429581 1.000000
vt 0.452617 1.000000
vt 0.452617 0.944444
vt 0.448010 1.000000
vt 0.452617 0.722222
vt 0.434188 1.000000
vt 0.452617 0.888889
vt 0.438795 1.000000
vt 0.452617 0.833333
vt 0.443402 1.000000
vt 0.452617 0.777778
vt 0.463442 0.722222
vt 0.463442 0.777778
vt 0.474268 0.777778
vt 0.474268 0.722222
vt 0.463442 0.833333
vt 0.474268 0.833333
vt 0.463442 0.888889
vt 0.474268 0.888889
vt 0.463442 0.944444
vt 0.474268 0.944444
vt 0.485093 0.777778
vt 0.485093 0.722222
vt 0.485093 0.833333
vt 0.485093 0.888889
vt 0.485093 0.944444
vt 0.495919 0.777778
vt 0.495919 0.722222
vt 0.495919 0.833333
vt 0.495919 0.888889
vt 0.495919 0.944444
vt 0.506744 0.777778
vt 0.506744 0.722222
vt 0.506744 0.833333
vt 0.506744 0.888889
vt 0.506744 0.944444
vt 0.463442 1.000000
vt 0.517569 1.000000
vt 0.517569 0.944444
vt 0.506744 1.000000
vt 0.517569 0.722222
vt 0.474268 1.000000
vt 0.517569 0.888889
vt 0.485093 1.000000
vt 0.517569 0.833333
vt 0.495919 1.000000
vt 0.517569 0.777778
vt 0.525544 0.722222
vt 0.525544 0.777778
vt 0.533518 0.777778
vt 0.533518 0.722222
vt 0.525544 0.833333
vt 0.533518 0.833333
vt 0.525544 0.888889
vt 0.533518 0.888889
vt 0.525544 0.944444
vt 0.533518 0.944444
vt 0.541493 0.777778
vt 0.541493 0.722222
vt 0.541493 0.833333
vt 0.541493 0.888889
vt 0.541493 0.944444
vt 0.549467 0.777778
vt 0.549467 0.722222
vt 0.549467 0.833333
vt 0.549467 0.888889
vt 0.549467 0.944444
vt 0.557441 0.777778
vt 0.557441 0.722222
vt 0.557441 0.833333
vt 0.557441 0.888889
vt 0.557441 0.944444
vt 0.525544 1.000000
vt 0.565416 1.000000
vt 0.565416 0.944444
vt 0.557441 1.000000
vt 0.565416 0.722222
vt 0.533518 1.000000
vt 0.565416 0.888889
vt 0.541493 1.000000
vt 0.565416 0.833333
vt 0.549467 1.000000
vt 0.565416 0.777778
vt 0.571617 0.722222
vt 0.571617 0.777778
vt 0.577818 0.777778
vt 0.577818 0.722222
vt 0.571617 0.833333
vt 0.577818 0.833333
vt 0.571617 0.888889
vt 0.577818 0.888889
vt 0.571617 0.944444
vt 0.577818 0.944444
vt 0.584019 0.777778
vt 0.584019 0.722222
vt 0.584019 0.833333
vt 0.584019 0.888889
vt 0.584019 0.944444
vt 0.590221 0.777778
vt 0.590221 0.722222
vt 0.590221 0.833333
vt 0.590221 0.888889
vt 0.590221 0.944444
vt 0.596422 0.777778
vt 0.596422 0.722222
vt 0.596422 0.833333
vt 0.596422 0.888889
vt 0.596422 0.944444
vt 0.571617 1.000000
vt 0.602623 1.000000
vt 0.602623 0.944444
vt 0.596422 1.000000
vt 0.602623 0.722222
vt 0.577818 1.000000
vt 0.602623 0.888889
vt 0.584019 1.000000
vt 0.602623 0.833333
vt 0.590221 1.000000
vt 0.602623 0.777778
vt 0.605902 0.722222
vt 0.605902 0.777778
vt 0.609180 0.777778
vt 0.609180 0.722222
vt 0.605902 0.833333
vt 0.609180 0.833333
vt 0.605902 0.888889
vt 0.609180 0.888889
vt 0.605902 0.944444
vt 0.609180 0.944444
vt 0.612459 0.777778
vt 0.612459 0.722222
vt 0.612459 0.833333
vt 0.612459 0.888889
vt 0.612459 0.944444
vt 0.615737 0.777778
vt 0.615737 0.722222
vt 0.615737 0.833333
vt 0.615737 0.888889
vt 0.615737 0.944444
vt 0.619016 0.777778
vt 0.619016 0.722222
vt 0.619016 0.833333
vt 0.619016 0.888889
vt 0.619016 0.944444
vt 0.605902 1.000000
vt 0.622294 1.000000
vt 0.622294 0.944444
vt 0.619016 1.000000
vt 0.622294 0.722222
vt 0.609180 1.000000
vt 0.622294 0.888889
vt 0.612459 1.000000
vt 0.622294 0.833333
vt 0.615737 1.000000
vt 0.622294 0.777778
vt 0.625237 0.722222
vt 0.625237 0.777778
vt 0.628180 0.777778
vt 0.628180 0.722222
vt 0.625237 0.833333
vt 0.628180 0.833333
vt 0.625237 0.888889
vt 0.628180 0.888889
vt 0.625237 0.944444
vt 0.628180 0.944444
vt 0.631123 0.777778
vt 0.631123 0.722222
vt 0.631123 0.833333
vt 0.631123 0.888889
vt 0.631123 0.944444
vt 0.634065 0.777778
vt 0.634065 0.722222
vt 0.634065 0.833333
vt 0.634065 0.888889
vt 0.634065 0.944444
vt 0.637008 0.777778
vt 0.637008 0.722222
vt 0.637008 0.833333
vt 0.637008 0.888889
vt 0.637008 0.944444
vt 0.625237 1.000000
vt 0.639951 1.000000
vt 0.639951 0.944444
vt 0.637008 1.000000
vt 0.639951 0.722222
vt 0.628180 1.000000
vt 0.639951 0.888889
vt 0.631123 1.000000
vt 0.639951 0.833333
vt 0.634065 1.000000
vt 0.639951 0.777778
vt 0.643167 0.722222
vt 0.643167 0.777778
vt 0.646382 0.777778
vt 0.646382 0.722222
vt 0.643167 0.833333
vt 0.646382 0.833333
vt 0.643167 0.888889
vt 0.646382 0.888889
vt 0.643167 0.944444
vt 0.646382 0.944444
vt 0.649598 0.777778
vt 0.649598 0.722222
vt 0.649598 0.833333
vt 0.649598 0.888889
vt 0.649598 0.944444
vt 0.652813 0.777778
vt 0.652813 0.722222
vt 0.652813 0.833333
vt 0.652813 0.888889
vt 0.652813 0.944444
vt 0.656029 0.777778
vt 0.656029 0.722222
vt 0.656029 0.833333
vt 0.656029 0.888889
vt 0.656029 0.944444
vt 0.643167 1.000000
vt 0.659244 1.000000
vt 0.659244 0.944444
vt 0.656029 1.000000
vt 0.659244 0.722222
vt 0.646382 1.000000
vt 0.659244 0.888889
vt 0.649598 1.000000
vt 0.659244 0.833333
vt 0.652813 1.000000
vt 0.659244 0.777778
vt 0.663527 0.722222
vt 0.663527 0.777778
vt 0.667809 0.777778
vt 0.667809 0.722222
vt 0.663527 0.833333
vt 0.667809 0.833333
vt 0.663527 0.888889
vt 0.667809 0.888889
vt 0.663527 0.944444
vt 0.667809 0.944444
vt 0.672092 0.777778
vt 0.672092 0.722222
vt 0.672092 0.833333
vt 0.672092 0.888889
vt 0.672092 0.944444
vt 0.676374 0.777778
vt 0.676374 0.722222
vt 0.676374 0.833333
vt 0.676374 0.888889
vt 0.676374 0.944444
vt 0.680657 0.777778
vt 0.680657 0.722222
vt 0.680657 0.833333
vt 0.680657 0.888889
vt 0.680657 0.944444
vt 0.663527 1.000000
vt 0.684939 1.000000
vt 0.684939 0.944444
vt 0.680657 1.000000
vt 0.684939 0.722222
vt 0.667809 1.000000
vt 0.684939 0.888889
vt 0.672092 1.000000
vt 0.684939 0.833333
vt 0.676374 1.000000
vt 0.684939 0.777778
vt 0.689785 0.722222
vt 0.689785 0.777778
vt 0.694630 0.777778
vt 0.694630 0.722222
vt 0.689785 0.833333
vt 0.694630 0.833333
vt 0.689785 0.888889
vt 0.694630 0.888889
vt 0.689785 0.944444
vt 0.694630 0.944444
vt 0.699475 0.777778
vt 0.699475 0.722222
vt 0.699475 0.833333
vt 0.699475 0.888889
vt 0.699475 0.944444
vt 0.704321 0.777778
vt 0.704321 0.722222
vt 0.704321 0.833333
vt 0.704321 0.888889
vt 0.704321 0.944444
vt 0.709166 0.777778
vt 0.709166 0.722222
vt 0.709166 0.833333
vt 0.709166 0.888889
vt 0.709166 0.944444
vt 0.689785 1.000000
vt 0.714011 1.000000
vt 0.714011 0.944444
vt 0.709166 1.000000
vt 0.714011 0.722222
vt 0.694630 1.000000
vt 0.714011 0.888889
vt 0.699475 1.000000
vt 0.714011 0.833333
vt 0.704321 1.000000
vt 0.714011 0.777778
vt 0.716922 0.722222
vt 0.716922 0.777778
vt 0.719833 0.777778
vt 0.719833 0.722222
vt 0.716922 0.833333
vt 0.719833 0.833333
vt 0.716922 0.888889
vt 0.719833 0.888889
vt 0.716922 0.944444
vt 0.719833 0.944444
vt 0.722744 0.777778
vt 0.722744 0.722222
vt 0.722744 0.833333
vt 0.722744 0.888889
vt 0.722744 0.944444
vt 0.725654 0.777778
vt 0.725654 0.722222
vt 0.725654 0.833333
vt 0.725654 0.888889
vt 0.725654 0.944444
vt 0.728565 0.777778
vt 0.728565 0.722222
vt 0.728565 0.833333
vt 0.728565 0.888889
vt 0.728565 0.944444
vt 0.716922 1.000000
vt 0.731476 1.000000
vt 0.731476 0.944444
vt 0.728565 1.000000
vt 0.731476 0.722222
vt 0.719833 1.000000
vt 0.731476 0.888889
vt 0.722744 1.000000
vt 0.731476 0.833333
vt 0.725654 1.000000
vt 0.731476 0.777778
vt 0.735533 0.722222
vt 0.735533 0.777778
vt 0.739590 0.777778
vt 0.739590 0.722222
vt 0.735533 0.833333
vt 0.739590 0.833333
vt 0.735533 0.888889
vt 0.739590 0.888889
vt 0.735533 0.944444
vt 0.739590 0.944444
vt 0.743647 0.777778
vt 0.743647 0.722222
vt 0.743647 0.833333
vt 0.743647 0.888889
vt 0.743647 0.944444
vt 0.747704 0.777778
vt 0.747704 0.722222
vt 0.747704 0.833333
vt 0.747704 0.888889
vt 0.747704 0.944444
vt 0.751761 0.777778
vt 0.751761 0.722222
vt 0.751761 0.833333
vt 0.751761 0.888889
vt 0.751761 0.944444
vt 0.735533 1.000000
vt 0.755818 1.000000
vt 0.755818 0.944444
vt 0.751761 1.000000
vt 0.755818 0.722222
vt 0.739590 1.000000
vt 0.755818 0.888889
vt 0.743647 1.000000
vt 0.755818 0.833333
vt 0.747704 1.000000
vt 0.755818 0.777778
vt 0.761006 0.722222
vt 0.761006 0.777778
vt 0.766194 0.777778
vt 0.766194 0.722222
vt 0.761006 0.833333
vt 0.766194 0.833333
vt 0.761006 0.888889
vt 0.766194 0.888889
vt 0.761006 0.944444
vt 0.766194 0.944444
vt 0.771381 0.777778
vt 0.771381 0.722222
vt 0.771381 0.833333
vt 0.771381 0.888889
vt 0.771381 0.944444
vt 0.776569 0.777778
vt 0.776569 0.722222
vt 0.776569 0.833333
vt 0.776569 0.888889
vt 0.776569 0.944444
vt 0.781757 0.777778
vt 0.781757 0.722222
vt 0.781757 0.833333
vt 0.781757 0.888889
vt 0.781757 0.944444
vt 0.761006 1.000000
vt 0.786945 1.000000
vt 0.786945 0.944444
vt 0.781757 1.000000
vt 0.786945 0.722222
vt 0.766194 1.000000
vt 0.786945 0.888889
vt 0.771381 1.000000
vt 0.786945 0.833333
vt 0.776569 1.000000
vt 0.786945 0.777778
vt 0.790869 0.722222
vt 0.790869 0.777778
vt 0.794794 0.777778
vt 0.794794 0.722222
vt 0.790869 0.833333
vt 0.794794 0.833333
vt 0.790869 0.888889
vt 0.794794 0.888889
vt 0.790869 0.944444
vt 0.794794 0.944444
vt 0.798719 0.777778
vt 0.798719 0.722222
vt 0.798719 0.833333
vt 0.798719 0.888889
vt 0.798719 0.944444
vt 0.802644 0.777778
vt 0.802644 0.722222
vt 0.802644 0.833333
vt 0.802644 0.888889
vt 0.802644 0.944444
vt 0.806569 0.777778
vt 0.806569 0.722222
vt 0.806569 0.833333
vt 0.806569 0.888889
vt 0.806569 0.944444
vt 0.790869 1.000000
vt 0.810494 1.000000
vt 0.810494 0.944444
vt 0.806569 1.000000
vt 0.810494 0.722222
vt 0.794794 1.000000
vt 0.810494 0.888889
vt 0.798719 1.000000
vt 0.810494 0.833333
vt 0.802644 1.000000
vt 0.810494 0.777778
vt 0.816561 0.722222
vt 0.816561 0.777778
vt 0.822629 0.777778
vt 0.822629 0.722222
vt 0.816561 0.833333
vt 0.822629 0.833333
vt 0.816561 0.888889
vt 0.822629 0.888889
vt 0.816561 0.944444
vt 0.822629 0.944444
vt 0.828697 0.777778
vt 0.828697 0.722222
vt 0.828697 0.833333
vt 0.828697 0.888889
vt 0.828697 0.944444
vt 0.834764 0.777778
vt 0.834764 0.722222
vt 0.834764 0.833333
vt 0.834764 0.888889
vt 0.834764 0.944444
vt 0.840832 0.777778
vt 0.840832 0.722222
vt 0.840832 0.833333
vt 0.840832 0.888889
vt 0.840832 0.944444
vt 0.816561 1.000000
vt 0.846900 1.000000
vt 0.846900 0.944444
vt 0.840832 1.000000
vt 0.846900 0.722222
vt 0.822629 1.000000
vt 0.846900 0.888889
vt 0.828697 1.000000
vt 0.846900 0.833333
vt 0.834764 1.000000
vt 0.846900 0.777778
vt 0.853556 0.722222
vt 0.853556 0.777778
vt 0.860212 0.777778
vt 0.860212 0.722222
vt 0.853556 0.833333
vt 0.860212 0.833333
vt 0.853556 0.888889
vt 0.860212 0.888889
vt 0.853556 0.944444
vt 0.860212 0.944444
vt 0.866868 0.777778
vt 0.866868 0.722222
vt 0.866868 0.833333
vt 0.866868 0.888889
vt 0.866868 0.944444
vt 0.873523 0.777778
vt 0.873523 0.722222
vt 0.873523 0.833333
vt 0.873523 0.888889
vt 0.873523 0.944444
vt 0.880179 0.777778
vt 0.880179 0.722222
vt 0.880179 0.833333
vt 0.880179 0.888889
vt 0.880179 0.944444
vt 0.853556 1.000000
vt 0.886835 1.000000
vt 0.886835 0.944444
vt 0.880179 1.000000
vt 0.886835 0.722222
vt 0.860212 1.000000
vt 0.886835 0.888889
vt 0.866868 1.000000
vt 0.886835 0.833333
vt 0.873523 1.000000
vt 0.886835 0.777778
vt 0.891382 0.722222
vt 0.891382 0.777778
vt 0.895929 0.777778
vt 0.895929 0.722222
vt 0.891382 0.833333
vt 0.895929 0.833333
vt 0.891382 0.888889
vt 0.895929 0.888889
vt 0.891382 0.944444
vt 0.895929 0.944444
vt 0.900476 0.777778
vt 0.900476 0.722222
vt 0.900476 0.833333
vt 0.900476 0.888889
vt 0.900476 0.944444
vt 0.905022 0.777778
vt 0.905022 0.722222
vt 0.905022 0.833333
vt 0.905022 0.888889
vt 0.905022 0.944444
vt 0.909569 0.777778
vt 0.909569 0.722222
vt 0.909569 0.833333
vt 0.909569 0.888889
vt 0.909569 0.944444
vt 0.891382 1.000000
vt 0.914116 1.000000
vt 0.914116 0.944444
vt 0.909569 1.000000
vt 0.914116 0.722222
vt 0.895929 1.000000
vt 0.914116 0.888889
vt 0.900476 1.000000
vt 0.914116 0.833333
vt 0.905022 1.000000
vt 0.914116 0.777778
vt 0.919657 0.722222
vt 0.919657 0.777778
vt 0.925197 0.777778
vt 0.925197 0.722222
vt 0.919657 0.833333
vt 0.925197 0.833333
vt 0.919657 0.888889
vt 0.925197 0.888889
vt 0.919657 0.944444
vt 0.925197 0.944444
vt 0.930738 0.777778
vt 0.930738 0.722222
vt 0.930738 0.833333
vt 0.930738 0.888889
vt 0.930738 0.944444
vt 0.936279 0.777778
vt 0.936279 0.722222
vt 0.936279 0.833333
vt 0.936279 0.888889
vt 0.936279 0.944444
vt 0.941820 0.777778
vt 0.941820 0.722222
vt 0.941820 0.833333
vt 0.941820 0.888889
vt 0.941820 0.944444
vt 0.919657 1.000000
vt 0.947361 1.000000
vt 0.947361 0.944444
vt 0.941820 1.000000
vt 0.947361 0.722222
vt 0.925197 1.000000
vt 0.947361 0.888889
vt 0.930738 1.000000
vt 0.947361 0.833333
vt 0.936279 1.000000
vt 0.947361 0.777778
vt 0.951538 0.722222
vt 0.951538 0.777778
vt 0.955715 0.777778
vt 0.955715 0.722222
vt 0.951538 0.833333
vt 0.955715 0.833333
vt 0.951538 0.888889
vt 0.955715 0.888889
vt 0.951538 0.944444
vt 0.955715 0.944444
vt 0.959891 0.777778
vt 0.959891 0.722222
vt 0.959891 0.833333
vt 0.959891 0.888889
vt 0.959891 0.944444
vt 0.964068 0.777778
vt 0.964068 0.722222
vt 0.964068 0.833333
vt 0.964068 0.888889
vt 0.964068 0.944444
vt 0.968245 0.777778
vt 0.968245 0.722222
vt 0.968245 0.833333
vt 0.968245 0.888889
vt 0.968245 0.944444
vt 0.951538 1.000000
vt 0.972422 1.000000
vt 0.972422 0.944444
vt 0.968245 1.000000
vt 0.972422 0.722222
vt 0.955715 1.000000
vt 0.972422 0.888889
vt 0.959891 1.000000
vt 0.972422 0.833333
vt 0.964068 1.000000
vt 0.972422 0.777778
vt 0.977018 0.722222
vt 0.977018 0.777778
vt 0.981614 0.777778
vt 0.981614 0.722222
vt 0.977018 0.833333
vt 0.981614 0.833333
vt 0.977018 0.888889
vt 0.981614 0.888889
vt 0.977018 0.944444
vt 0.981614 0.944444
vt 0.986211 0.777778
vt 0.986211 0.722222
vt 0.986211 0.833333
vt 0.986211 0.888889
vt 0.986211 0.944444
vt 0.990807 0.777778
vt 0.990807 0.722222
vt 0.990807 0.833333
vt 0.990807 0.888889
vt 0.990807 0.944444
vt 0.995404 0.777778
vt 0.995404 0.722222
vt 0.995404 0.833333
vt 0.995404 0.888889
vt 0.995404 0.944444
vt 0.977018 1.000000
vt 1.000000 1.000000
vt 1.000000 0.944444
vt 0.995404 1.000000
vt 1.000000 0.722222
vt 0.981614 1.000000
vt 1.000000 0.888889
vt 0.986211 1.000000
vt 1.000000 0.833333
vt 0.990807 1.000000
vt 1.000000 0.777778
vn -0.0001 -1.0000 0.0001
vn -0.0001 -1.0000 0.0002
vn -0.0000 -1.0000 0.0001
vn -0.0000 -1.0000 0.0002
vn -0.0001 -1.0000 0.0000
vn -0.0002 -1.0000 0.0001
vn -0.0002 -1.0000 -0.0000
vn 0.0001 -1.0000 0.0001
vn -0.9358 0.0000 0.3525
vn -0.7576 0.0000 0.6527
vn -0.5000 0.0000 0.8660
vn -0.1865 0.0000 0.9825
vn 0.1627 0.0000 0.9867
vn -1.0000 0.0000 0.0000
vn 0.5000 0.0000 0.8660
vn -0.1500 0.9869 0.0588
vn -0.1294 0.9849 0.1147
vn -0.1069 0.9901 0.0914
vn -0.1380 0.9891 0.0513
vn -0.0894 0.9839 0.1548
vn -0.0690 0.9904 0.1194
vn -0.0346 0.9849 0.1694
vn -0.0257 0.9901 0.1383
vn 0.0241 0.9869 0.1593
vn 0.0246 0.9891 0.1452
vn -0.1008 0.9912 0.0858
vn -0.1347 0.9897 0.0494
vn -0.0639 0.9918 0.1106
vn -0.0239 0.9912 0.1302
vn 0.0246 0.9897 0.1414
vn -0.1059 0.9903 0.0905
vn -0.1377 0.9892 0.0508
vn -0.0680 0.9907 0.1178
vn -0.0254 0.9903 0.1369
vn 0.0248 0.9892 0.1447
vn -0.1268 0.9860 0.1087
vn -0.1480 0.9874 0.0553
vn -0.0864 0.9850 0.1496
vn -0.0307 0.9860 0.1642
vn 0.0261 0.9874 0.1559
vn -0.1576 0.9875 -0.0000
vn -0.1572 0.9859 0.0574
vn -0.1554 0.9879 -0.0000
vn 0.0777 0.9879 0.1346
vn 0.0289 0.9859 0.1649
vn 0.0788 0.9875 0.1365
vn 0.0788 0.9875 0.1364
vn 0.0225 0.9855 0.1681
vn 0.0773 0.9880 0.1340
vn -0.1547 0.9880 -0.0000
vn -0.1568 0.9855 0.0645
vn -0.1459 0.9816 0.1230
vn 0.0758 0.9885 0.1312
vn -0.0416 0.9811 0.1891
vn -0.1511 0.9885 -0.0000
vn -0.1025 0.9788 0.1775
vn 0.0751 0.9887 0.1300
vn -0.1025 0.9787 0.1776
vn -0.1501 0.9887 0.0000
vn -0.0336 0.9816 0.1878
vn 0.0755 0.9885 0.1308
vn -0.1430 0.9811 0.1306
vn -0.1515 0.9885 -0.0000
vn -0.7508 -0.5984 0.2798
vn -0.6194 -0.5789 0.5303
vn -0.5784 -0.6480 0.4954
vn -0.7296 -0.6277 0.2715
vn -0.4114 -0.5682 0.7126
vn -0.3770 -0.6569 0.6530
vn -0.1496 -0.5789 0.8016
vn -0.1398 -0.6480 0.7487
vn 0.1331 -0.5984 0.7901
vn 0.1297 -0.6277 0.7676
vn -0.5655 -0.6674 0.4845
vn -0.7224 -0.6369 0.2692
vn -0.3664 -0.6804 0.6346
vn -0.1368 -0.6674 0.7320
vn 0.1280 -0.6369 0.7603
vn -0.5788 -0.6456 0.4982
vn -0.7292 -0.6270 0.2743
vn -0.3785 -0.6534 0.6556
vn -0.1420 -0.6456 0.7504
vn 0.1270 -0.6269 0.7686
vn -0.6187 -0.5713 0.5393
vn -0.7509 -0.5941 0.2886
vn -0.4141 -0.5605 0.7172
vn -0.1578 -0.5713 0.8054
vn 0.1255 -0.5940 0.7946
vn -0.8002 -0.5998 -0.0000
vn -0.7628 -0.5729 0.2998
vn -0.7949 -0.6067 -0.0000
vn 0.3975 -0.6067 0.6884
vn 0.1218 -0.5729 0.8105
vn 0.4001 -0.5998 0.6930
vn 0.4001 -0.5997 0.6930
vn 0.1391 -0.5758 0.8056
vn 0.3978 -0.6057 0.6891
vn -0.7957 -0.6057 -0.0000
vn -0.7673 -0.5758 0.2823
vn -0.8002 -0.5997 -0.0000
vn -0.6397 -0.5208 0.5653
vn 0.3939 -0.6160 0.6822
vn -0.1527 -0.5236 0.8382
vn -0.7882 -0.6155 0.0000
vn -0.4342 -0.4959 0.7520
vn 0.3927 -0.6189 0.6803
vn -0.4342 -0.4960 0.7520
vn -0.7855 -0.6189 0.0000
vn -0.1697 -0.5208 0.8367
vn 0.3941 -0.6155 0.6826
vn -0.6495 -0.5236 0.5513
vn -0.7877 -0.6160 -0.0000
vn -0.5311 -0.8240 0.1975
vn -0.4463 -0.8095 0.3815
vn -0.3931 -0.8560 0.3358
vn -0.5042 -0.8432 0.1864
vn -0.2995 -0.8007 0.5188
vn -0.2540 -0.8613 0.4400
vn -0.1073 -0.8095 0.5773
vn -0.0942 -0.8560 0.5084
vn 0.0945 -0.8240 0.5587
vn 0.0907 -0.8432 0.5299
vn -0.3785 -0.8674 0.3230
vn -0.4957 -0.8489 0.1832
vn -0.2421 -0.8749 0.4193
vn -0.0904 -0.8674 0.4893
vn 0.0892 -0.8489 0.5209
vn -0.3947 -0.8540 0.3390
vn -0.5043 -0.8426 0.1890
vn -0.2563 -0.8586 0.4440
vn -0.0962 -0.8540 0.5113
vn 0.0885 -0.8426 0.5312
vn -0.4492 -0.8014 0.3950
vn -0.5338 -0.8197 0.2076
vn -0.3050 -0.7924 0.5283
vn -0.1175 -0.8014 0.5865
vn 0.0871 -0.8197 0.5661
vn -0.5654 -0.8248 -0.0000
vn -0.5506 -0.8049 0.2213
vn -0.5583 -0.8296 -0.0000
vn 0.2792 -0.8296 0.4835
vn 0.0836 -0.8049 0.5875
vn 0.2827 -0.8248 0.4897
vn 0.2828 -0.8247 0.4897
vn 0.1010 -0.8079 0.5806
vn 0.2799 -0.8287 0.4847
vn -0.5597 -0.8287 0.0000
vn -0.5533 -0.8079 0.2028
vn -0.5655 -0.8248 0.0000
vn -0.4804 -0.7638 0.4311
vn 0.2745 -0.8358 0.4755
vn -0.1138 -0.7674 0.6310
vn -0.5499 -0.8353 -0.0000
vn -0.3345 -0.7433 0.5793
vn 0.2732 -0.8376 0.4731
vn -0.3344 -0.7434 0.5792
vn -0.5463 -0.8376 -0.0000
vn -0.1332 -0.7638 0.6316
vn 0.2749 -0.8353 0.4762
vn -0.4896 -0.7674 0.4140
vn -0.5491 -0.8358 0.0000
vn -0.9158 -0.2081 0.3434
vn -0.7433 -0.1985 0.6389
vn -0.7366 -0.2367 0.6335
vn -0.9122 -0.2252 0.3424
vn -0.4905 -0.1941 0.8495
vn -0.4854 -0.2415 0.8403
vn -0.1817 -0.1992 0.9630
vn -0.1809 -0.2359 0.9548
vn 0.1603 -0.2088 0.9647
vn 0.1590 -0.2243 0.9615
vn -0.7343 -0.2490 0.6315
vn -0.9109 -0.2308 0.3421
vn -0.4836 -0.2567 0.8368
vn -0.1807 -0.2478 0.9518
vn 0.1583 -0.2294 0.9604
vn -0.7365 -0.2361 0.6338
vn -0.9120 -0.2250 0.3430
vn -0.4859 -0.2407 0.8402
vn -0.1820 -0.2354 0.9547
vn 0.1576 -0.2242 0.9617
vn -0.7424 -0.1972 0.6402
vn -0.9152 -0.2073 0.3456
vn -0.4914 -0.1928 0.8493
vn -0.1850 -0.1980 0.9626
vn 0.1566 -0.2081 0.9655
vn -0.9778 -0.2096 0.0009
vn -0.9160 -0.1957 0.3503
vn -0.9770 -0.2131 -0.0001
vn 0.4884 -0.2131 0.8462
vn 0.1561 -0.1977 0.9677
vn 0.4897 -0.2096 0.8463
vn 0.4873 -0.2096 0.8477
vn 0.1611 -0.1980 0.9669
vn 0.4878 -0.2129 0.8466
vn -0.9771 -0.2129 -0.0008
vn -0.9194 -0.1964 0.3408
vn -0.9778 -0.2096 -0.0018
vn -0.7436 -0.1715 0.6462
vn 0.4877 -0.2182 0.8453
vn -0.1822 -0.1737 0.9678
vn -0.9759 -0.2181 -0.0007
vn -0.4930 -0.1612 0.8550
vn 0.4873 -0.2198 0.8451
vn -0.4948 -0.1612 0.8539
vn -0.9755 -0.2198 -0.0005
vn -0.1866 -0.1734 0.9670
vn 0.4874 -0.2181 0.8455
vn -0.7493 -0.1720 0.6394
vn -0.9759 -0.2182 -0.0003
vn -0.8608 0.3902 0.3268
vn -0.7019 0.3723 0.6072
vn -0.6821 0.4367 0.5866
vn -0.8499 0.4191 0.3193
vn -0.4664 0.3643 0.8061
vn -0.4485 0.4441 0.7756
vn -0.1765 0.3730 0.9109
vn -0.1682 0.4362 0.8840
vn 0.1457 0.3909 0.9088
vn 0.1472 0.4185 0.8962
vn -0.6748 0.4572 0.5793
vn -0.8463 0.4284 0.3167
vn -0.4418 0.4695 0.7644
vn -0.1652 0.4563 0.8744
vn 0.1480 0.4273 0.8919
vn -0.6819 0.4383 0.5856
vn -0.8501 0.4196 0.3181
vn -0.4477 0.4463 0.7749
vn -0.1667 0.4376 0.8836
vn 0.1491 0.4189 0.8957
vn -0.7030 0.3764 0.6034
vn -0.8614 0.3927 0.3222
vn -0.4649 0.3684 0.8051
vn -0.1711 0.3770 0.9103
vn 0.1515 0.3932 0.9069
vn -0.9189 0.3944 -0.0016
vn -0.8707 0.3733 0.3203
vn -0.9166 0.3998 -0.0008
vn 0.4576 0.3998 0.7942
vn 0.1547 0.3745 0.9142
vn 0.4581 0.3944 0.7966
vn 0.4601 0.3945 0.7954
vn 0.1436 0.3732 0.9166
vn 0.4581 0.4004 0.7936
vn -0.9163 0.4004 -0.0001
vn -0.8657 0.3714 0.3355
vn -0.9189 0.3945 0.0008
vn -0.7192 0.3312 0.6108
vn 0.4558 0.4083 0.7909
vn -0.1825 0.3312 0.9257
vn -0.9127 0.4087 -0.0003
vn -0.4765 0.3109 0.8224
vn 0.4553 0.4113 0.7896
vn -0.4748 0.3108 0.8233
vn -0.9115 0.4113 -0.0005
vn -0.1722 0.3325 0.9273
vn 0.4561 0.4087 0.7905
vn -0.7102 0.3295 0.6221
vn -0.9128 0.4083 -0.0007
vn -0.6128 0.7553 0.2323
vn -0.5133 0.7343 0.4442
vn -0.4606 0.7973 0.3901
vn -0.5843 0.7827 0.2142
vn -0.3449 0.7240 0.5974
vn -0.2978 0.8032 0.5159
vn -0.1280 0.7343 0.6666
vn -0.1076 0.7973 0.5940
vn 0.1053 0.7553 0.6469
vn 0.1067 0.7827 0.6132
vn -0.4416 0.8141 0.3770
vn -0.5740 0.7908 0.2126
vn -0.2835 0.8237 0.4910
vn -0.1057 0.8141 0.5710
vn 0.1029 0.7908 0.6034
vn -0.4533 0.7995 0.3941
vn -0.5803 0.7839 0.2209
vn -0.2959 0.8061 0.5126
vn -0.1147 0.7995 0.5897
vn 0.0988 0.7839 0.6130
vn -0.5049 0.7424 0.4404
vn -0.6065 0.7601 0.2333
vn -0.3406 0.7321 0.5899
vn -0.1290 0.7424 0.6574
vn 0.1012 0.7601 0.6419
vn -0.6490 0.7608 0.0000
vn -0.6318 0.7408 0.2281
vn -0.6434 0.7655 0.0000
vn 0.3217 0.7655 0.5572
vn 0.1184 0.7408 0.6612
vn 0.3245 0.7608 0.5620
vn 0.3243 0.7612 0.5617
vn 0.0911 0.7371 0.6697
vn 0.3207 0.7673 0.5554
vn -0.6413 0.7673 -0.0000
vn -0.6255 0.7371 0.2559
vn -0.6485 0.7612 0.0000
vn -0.5520 0.6937 0.4627
vn 0.3169 0.7734 0.5490
vn -0.1528 0.6891 0.7084
vn -0.6321 0.7749 -0.0000
vn -0.3727 0.6667 0.6455
vn 0.3150 0.7766 0.5456
vn -0.3731 0.6658 0.6462
vn -0.6300 0.7766 -0.0000
vn -0.1247 0.6937 0.7093
vn 0.3161 0.7749 0.5474
vn -0.5371 0.6891 0.4865
vn -0.6339 0.7734 -0.0000
vn -0.9348 -0.0488 0.3518
vn -0.7569 -0.0464 0.6518
vn -0.7565 -0.0557 0.6517
vn -0.9346 -0.0528 0.3519
vn -0.4995 -0.0453 0.8651
vn -0.4992 -0.0569 0.8646
vn -0.1860 -0.0464 0.9814
vn -0.1861 -0.0557 0.9810
vn 0.1628 -0.0488 0.9855
vn 0.1625 -0.0528 0.9853
vn -0.7563 -0.0587 0.6516
vn -0.9345 -0.0542 0.3519
vn -0.4991 -0.0608 0.8644
vn -0.1861 -0.0587 0.9808
vn 0.1625 -0.0542 0.9852
vn -0.7564 -0.0556 0.6517
vn -0.9345 -0.0528 0.3520
vn -0.1862 -0.0556 0.9809
vn 0.1624 -0.0528 0.9853
vn -0.7566 -0.0463 0.6522
vn -0.9346 -0.0487 0.3523
vn -0.4995 -0.0452 0.8651
vn -0.1865 -0.0463 0.9814
vn 0.1622 -0.0487 0.9856
vn -0.9988 -0.0491 -0.0000
vn -0.9345 -0.0460 0.3530
vn -0.9988 -0.0500 -0.0000
vn 0.4994 -0.0500 0.8649
vn 0.1616 -0.0460 0.9858
vn 0.4994 -0.0491 0.8650
vn 0.1634 -0.0461 0.9855
vn 0.4994 -0.0499 0.8649
vn -0.9988 -0.0499 0.0000
vn -0.9352 -0.0461 0.3512
vn -0.7565 -0.0402 0.6528
vn 0.4993 -0.0512 0.8649
vn -0.1855 -0.0402 0.9818
vn -0.9987 -0.0512 -0.0000
vn -0.4996 -0.0374 0.8654
vn 0.4993 -0.0516 0.8649
vn -0.4997 -0.0374 0.8654
vn -0.9987 -0.0516 -0.0000
vn -0.1871 -0.0402 0.9815
vn -0.7575 -0.0402 0.6516
vn -0.4227 -0.8925 0.1574
vn -0.3580 -0.8821 0.3061
vn -0.3083 -0.9142 0.2630
vn -0.3975 -0.9058 0.1466
vn -0.2416 -0.8758 0.4178
vn -0.1991 -0.9175 0.3442
vn -0.0865 -0.8825 0.4624
vn -0.0744 -0.9139 0.3991
vn 0.0746 -0.8927 0.4444
vn 0.0713 -0.9054 0.4185
vn -0.2955 -0.9217 0.2512
vn -0.3900 -0.9096 0.1431
vn -0.1887 -0.9264 0.3259
vn -0.0708 -0.9213 0.3823
vn 0.0702 -0.9091 0.4105
vn -0.3106 -0.9128 0.2654
vn -0.3982 -0.9053 0.1480
vn -0.2015 -0.9157 0.3478
vn -0.0758 -0.9126 0.4019
vn 0.0697 -0.9050 0.4196
vn -0.3628 -0.8757 0.3186
vn -0.4267 -0.8891 0.1654
vn -0.2479 -0.8694 0.4275
vn -0.0961 -0.8763 0.4720
vn 0.0682 -0.8897 0.4514
vn -0.4497 -0.8932 0.0009
vn -0.4425 -0.8784 0.1806
vn -0.4431 -0.8965 -0.0001
vn 0.2214 -0.8965 0.3838
vn 0.0663 -0.8798 0.4708
vn 0.2257 -0.8932 0.3890
vn 0.2234 -0.8931 0.3905
vn 0.0793 -0.8818 0.4650
vn 0.2215 -0.8958 0.3854
vn -0.4445 -0.8958 -0.0009
vn -0.4446 -0.8812 0.1606
vn -0.4498 -0.8931 -0.0018
vn -0.3921 -0.8485 0.3554
vn 0.2169 -0.9007 0.3765
vn -0.0943 -0.8527 0.5138
vn -0.4354 -0.9002 -0.0008
vn -0.2752 -0.8342 0.4779
vn 0.2155 -0.9018 0.3745
vn -0.2776 -0.8343 0.4763
vn -0.4321 -0.9018 -0.0006
vn -0.1098 -0.8501 0.5151
vn 0.2170 -0.9002 0.3775
vn -0.4015 -0.8519 0.3362
vn -0.4345 -0.9007 -0.0004
vn -0.8640 0.3829 0.3270
vn -0.7047 0.3653 0.6082
vn -0.6849 0.4301 0.5881
vn -0.8529 0.4128 0.3197
vn -0.4686 0.3581 0.8076
vn -0.4510 0.4370 0.7783
vn -0.1781 0.3673 0.9129
vn -0.1698 0.4287 0.8874
vn 0.1450 0.3850 0.9115
vn 0.1467 0.4111 0.8997
vn -0.6776 0.4508 0.5810
vn -0.8491 0.4223 0.3172
vn -0.4442 0.4622 0.7675
vn -0.1665 0.4482 0.8783
vn 0.1479 0.4193 0.8957
vn -0.6846 0.4318 0.5873
vn -0.8530 0.4134 0.3187
vn -0.4497 0.4392 0.7778
vn -0.1676 0.4300 0.8871
vn 0.1494 0.4113 0.8992
vn -0.7053 0.3695 0.6050
vn -0.8643 0.3856 0.3230
vn -0.4662 0.3620 0.8072
vn -0.1716 0.3710 0.9127
vn 0.1519 0.3869 0.9095
vn -0.9217 0.3878 -0.0041
vn -0.8742 0.3658 0.3192
vn -0.9195 0.3931 -0.0018
vn 0.4582 0.3931 0.7972
vn 0.1525 0.3692 0.9168
vn 0.4573 0.3878 0.8003
vn 0.4627 0.3878 0.7972
vn 0.1453 0.3683 0.9183
vn 0.4594 0.3937 0.7962
vn -0.9192 0.3937 -0.0002
vn -0.8683 0.3635 0.3375
vn -0.9217 0.3878 0.0021
vn -0.7224 0.3241 0.6108
vn 0.4566 0.4015 0.7939
vn -0.1816 0.3268 0.9275
vn -0.9157 0.4019 -0.0007
vn -0.4792 0.3053 0.8229
vn 0.4563 0.4044 0.7926
vn -0.4751 0.3052 0.8253
vn -0.9146 0.4044 -0.0012
vn -0.1749 0.3278 0.9284
vn 0.4573 0.4019 0.7934
vn -0.7117 0.3222 0.6242
vn -0.9158 0.4015 -0.0016
vn -0.1980 0.9771 0.0774
vn -0.1706 0.9737 0.1509
vn -0.1415 0.9825 0.1208
vn -0.1825 0.9809 0.0678
vn -0.1176 0.9720 0.2037
vn -0.0913 0.9832 0.1581
vn -0.0454 0.9737 0.2232
vn -0.0339 0.9825 0.1829
vn 0.0320 0.9771 0.2102
vn 0.0326 0.9809 0.1920
vn -0.1335 0.9845 0.1136
vn -0.1782 0.9818 0.0654
vn -0.0846 0.9856 0.1466
vn -0.0316 0.9845 0.1724
vn 0.0325 0.9818 0.1870
vn -0.1400 0.9829 0.1198
vn -0.1820 0.9810 0.0674
vn -0.0901 0.9836 0.1560
vn -0.0338 0.9829 0.1812
vn 0.0327 0.9810 0.1913
vn -0.1672 0.9754 0.1434
vn -0.1954 0.9780 0.0732
vn -0.1138 0.9737 0.1971
vn -0.0406 0.9754 0.2165
vn 0.0343 0.9780 0.2058
vn -0.2082 0.9781 -0.0000
vn -0.2074 0.9753 0.0756
vn -0.2053 0.9787 0.0000
vn 0.1026 0.9787 0.1778
vn 0.0382 0.9753 0.2174
vn 0.1041 0.9781 0.1803
vn 0.1040 0.9781 0.1802
vn 0.0297 0.9747 0.2216
vn 0.1022 0.9789 0.1770
vn -0.2043 0.9789 -0.0000
vn -0.2068 0.9747 0.0851
vn -0.2081 0.9781 0.0000
vn -0.1919 0.9680 0.1617
vn 0.1001 0.9797 0.1734
vn -0.0547 0.9671 0.2485
vn -0.1997 0.9799 -0.0000
vn -0.1344 0.9632 0.2328
vn 0.0992 0.9801 0.1718
vn -0.1345 0.9631 0.2330
vn -0.1984 0.9801 -0.0000
vn -0.0441 0.9680 0.2470
vn 0.0998 0.9799 0.1729
vn -0.1879 0.9671 0.1716
vn -0.2003 0.9797 -0.0000
vn -0.6785 0.6874 0.2590
vn -0.5639 0.6648 0.4899
vn -0.5156 0.7350 0.4403
vn -0.6523 0.7182 0.2422
vn -0.3783 0.6539 0.6552
vn -0.3352 0.7420 0.5806
vn -0.1423 0.6648 0.7333
vn -0.1235 0.7350 0.6667
vn 0.1149 0.6874 0.7171
vn 0.1164 0.7182 0.6860
vn -0.4987 0.7546 0.4264
vn -0.6433 0.7274 0.2389
vn -0.3214 0.7661 0.5567
vn -0.1199 0.7546 0.6451
vn 0.1148 0.7274 0.6766
vn -0.5115 0.7375 0.4410
vn -0.6504 0.7192 0.2444
vn -0.3334 0.7453 0.5774
vn -0.1262 0.7375 0.6635
vn 0.1135 0.7192 0.6854
vn -0.5598 0.6731 0.4832
vn -0.6752 0.6922 0.2551
vn -0.3746 0.6623 0.6488
vn -0.1386 0.6731 0.7264
vn 0.1167 0.6922 0.7122
vn -0.7208 0.6932 0.0000
vn -0.6969 0.6708 0.2538
vn -0.7155 0.6986 0.0000
vn 0.3577 0.6986 0.6196
vn 0.1287 0.6708 0.7304
vn 0.3604 0.6932 0.6242
vn 0.3603 0.6934 0.6240
vn 0.1058 0.6672 0.7373
vn 0.3570 0.7001 0.6184
vn -0.7140 0.7001 -0.0000
vn -0.6914 0.6672 0.2770
vn -0.7205 0.6934 -0.0000
vn -0.6001 0.6197 0.5059
vn 0.3533 0.7076 0.6119
vn -0.1612 0.6158 0.7713
vn -0.7055 0.7087 -0.0000
vn -0.4032 0.5914 0.6983
vn 0.3516 0.7110 0.6090
vn -0.4034 0.5909 0.6986
vn -0.7032 0.7110 -0.0000
vn -0.1381 0.6197 0.7726
vn 0.3527 0.7087 0.6110
vn -0.5873 0.6158 0.5253
vn -0.7066 0.7076 -0.0000
vn -0.8990 0.2818 0.3351
vn -0.7319 0.2685 0.6263
vn -0.7214 0.3183 0.6150
vn -0.8935 0.3038 0.3308
vn -0.4825 0.2622 0.8357
vn -0.4729 0.3247 0.8191
vn -0.1765 0.2685 0.9470
vn -0.1719 0.3183 0.9323
vn 0.1593 0.2818 0.9461
vn 0.1603 0.3038 0.9392
vn -0.7144 0.3346 0.6146
vn -0.8896 0.3111 0.3343
vn -0.4693 0.3451 0.8128
vn -0.1750 0.3346 0.9260
vn 0.1553 0.3111 0.9376
vn -0.7148 0.3191 0.6222
vn -0.8896 0.3044 0.3406
vn -0.4727 0.3257 0.8188
vn -0.1815 0.3191 0.9302
vn 0.1499 0.3044 0.9407
vn -0.7260 0.2704 0.6324
vn -0.8955 0.2832 0.3433
vn -0.4823 0.2641 0.8353
vn -0.1847 0.2704 0.9449
vn 0.1505 0.2832 0.9472
vn -0.9587 0.2845 -0.0000
vn -0.9043 0.2685 0.3318
vn -0.9574 0.2887 -0.0000
vn 0.4787 0.2887 0.8292
vn 0.1649 0.2685 0.9491
vn 0.4793 0.2845 0.8302
vn 0.4793 0.2847 0.8302
vn 0.1457 0.2674 0.9525
vn 0.4786 0.2894 0.8290
vn -0.9572 0.2894 -0.0000
vn -0.8977 0.2674 0.3501
vn -0.9586 0.2847 -0.0000
vn -0.7411 0.2364 0.6284
vn 0.4777 0.2953 0.8274
vn -0.1909 0.2352 0.9530
vn -0.9552 0.2960 -0.0000
vn -0.4877 0.2207 0.8447
vn 0.4773 0.2979 0.8267
vn -0.4877 0.2204 0.8447
vn -0.9546 0.2979 -0.0000
vn -0.1736 0.2364 0.9560
vn 0.4776 0.2960 0.8272
vn -0.7299 0.2352 0.6418
vn -0.9554 0.2953 -0.0000
vn -0.9311 -0.0955 0.3520
vn -0.7537 -0.0909 0.6509
vn -0.7522 -0.1089 0.6499
vn -0.9303 -0.1034 0.3519
vn -0.4980 -0.0887 0.8626
vn -0.4969 -0.1114 0.8606
vn -0.1869 -0.0909 0.9782
vn -0.1867 -0.1089 0.9764
vn 0.1607 -0.0955 0.9824
vn 0.1604 -0.1034 0.9816
vn -0.7527 -0.1148 0.6483
vn -0.9306 -0.1059 0.3504
vn -0.4965 -0.1188 0.8599
vn -0.1851 -0.1148 0.9760
vn 0.1618 -0.1059 0.9811
vn -0.7540 -0.1088 0.6478
vn -0.9313 -0.1033 0.3492
vn -0.4969 -0.1112 0.8607
vn -0.1840 -0.1088 0.9769
vn 0.1633 -0.1033 0.9812
vn -0.7551 -0.0907 0.6493
vn -0.9319 -0.0953 0.3499
vn -0.4980 -0.0885 0.8626
vn -0.1847 -0.0907 0.9786
vn 0.1629 -0.0953 0.9820
vn -0.9954 -0.0962 0.0000
vn -0.9309 -0.0901 0.3540
vn -0.9952 -0.0978 -0.0000
vn 0.4976 -0.0978 0.8619
vn 0.1588 -0.0901 0.9832
vn 0.4977 -0.0962 0.8620
vn 0.4977 -0.0961 0.8620
vn 0.1649 -0.0902 0.9822
vn 0.4976 -0.0977 0.8619
vn -0.9952 -0.0977 0.0000
vn -0.9330 -0.0902 0.3483
vn -0.9954 -0.0961 0.0000
vn -0.7534 -0.0787 0.6528
vn 0.4975 -0.1002 0.8617
vn -0.1833 -0.0788 0.9799
vn -0.9950 -0.1002 0.0000
vn -0.4987 -0.0734 0.8637
vn 0.4974 -0.1010 0.8616
vn -0.9949 -0.1010 0.0000
vn -0.1887 -0.0787 0.9789
vn -0.7570 -0.0788 0.6487
vn 0.0082 -1.0000 -0.0031
vn 0.0070 -1.0000 -0.0061
vn 0.0058 -1.0000 -0.0050
vn 0.0076 -1.0000 -0.0029
vn 0.0048 -1.0000 -0.0083
vn 0.0038 -1.0000 -0.0065
vn 0.0018 -1.0000 -0.0091
vn 0.0015 -1.0000 -0.0075
vn -0.0014 -1.0000 -0.0086
vn -0.0013 -1.0000 -0.0080
vn 0.0056 -1.0000 -0.0047
vn 0.0074 -1.0000 -0.0027
vn 0.0035 -1.0000 -0.0061
vn 0.0013 -1.0000 -0.0072
vn -0.0014 -1.0000 -0.0078
vn 0.0059 -1.0000 -0.0050
vn 0.0076 -1.0000 -0.0028
vn 0.0038 -1.0000 -0.0066
vn 0.0014 -1.0000 -0.0076
vn -0.0014 -1.0000 -0.0080
vn 0.0072 -1.0000 -0.0063
vn 0.0083 -1.0000 -0.0032
vn 0.0050 -1.0000 -0.0086
vn 0.0019 -1.0000 -0.0094
vn -0.0014 -1.0000 -0.0088
vn 0.0087 -1.0000 -0.0000
vn 0.0087 -1.0000 -0.0037
vn 0.0085 -1.0000 -0.0000
vn -0.0043 -1.0000 -0.0074
vn -0.0012 -1.0000 -0.0093
vn -0.0044 -1.0000 -0.0075
vn -0.0044 -1.0000 -0.0076
vn -0.0016 -1.0000 -0.0091
vn 0.0086 -1.0000 -0.0000
vn 0.0087 -1.0000 -0.0031
vn 0.0079 -0.9999 -0.0073
vn -0.0042 -1.0000 -0.0072
vn 0.0018 -0.9999 -0.0104
vn 0.0084 -1.0000 0.0000
vn 0.0057 -0.9999 -0.0099
vn -0.0041 -1.0000 -0.0072
vn 0.0083 -1.0000 0.0000
vn 0.0024 -0.9999 -0.0105
vn -0.0042 -1.0000 -0.0073
vn 0.0081 -0.9999 -0.0068
vn -0.6029 -0.7651 0.2261
vn -0.5032 -0.7481 0.4325
vn -0.4513 -0.8037 0.3879
vn -0.5768 -0.7880 0.2154
vn -0.3371 -0.7378 0.5848
vn -0.2922 -0.8106 0.5075
vn -0.1223 -0.7475 0.6529
vn -0.1089 -0.8043 0.5842
vn 0.1063 -0.7647 0.6356
vn 0.1029 -0.7887 0.6061
vn -0.4369 -0.8180 0.3743
vn -0.5686 -0.7949 0.2117
vn -0.2798 -0.8278 0.4863
vn -0.1038 -0.8187 0.5648
vn 0.1028 -0.7958 0.5968
vn -0.4534 -0.8015 0.3899
vn -0.5772 -0.7873 0.2169
vn -0.2939 -0.8075 0.5114
vn -0.1085 -0.8019 0.5875
vn 0.1033 -0.7878 0.6072
vn -0.5054 -0.7397 0.4442
vn -0.6051 -0.7607 0.2351
vn -0.3407 -0.7291 0.5936
vn -0.1288 -0.7388 0.6615
vn 0.1024 -0.7598 0.6421
vn -0.6429 -0.7659 -0.0011
vn -0.6209 -0.7436 0.2481
vn -0.6359 -0.7718 0.0002
vn 0.3181 -0.7718 0.5506
vn 0.0940 -0.7413 0.6645
vn 0.3205 -0.7659 0.5573
vn 0.3240 -0.7658 0.5555
vn 0.1178 -0.7453 0.6562
vn 0.3201 -0.7706 0.5511
vn -0.6374 -0.7706 0.0016
vn -0.6241 -0.7464 0.2311
vn -0.6430 -0.7658 0.0028
vn -0.5351 -0.6963 0.4783
vn 0.3139 -0.7793 0.5424
vn -0.1235 -0.6983 0.7050
vn -0.6277 -0.7785 0.0014
vn -0.3709 -0.6719 0.6411
vn 0.3130 -0.7814 0.5399
vn -0.3675 -0.6722 0.6427
vn -0.6241 -0.7814 0.0011
vn -0.1486 -0.6939 0.7045
vn 0.3151 -0.7785 0.5428
vn -0.5439 -0.6997 0.4632
vn -0.6267 -0.7793 0.0007
vn -0.8803 0.3342 0.3368
vn -0.7152 0.3185 0.6221
vn -0.7016 0.3741 0.6065
vn -0.8732 0.3579 0.3307
vn -0.4731 0.3104 0.8245
vn -0.4605 0.3818 0.8014
vn -0.1763 0.3169 0.9319
vn -0.1706 0.3754 0.9110
vn 0.1534 0.3325 0.9305
vn 0.1540 0.3594 0.9204
vn -0.6967 0.3920 0.6008
vn -0.8710 0.3655 0.3284
vn -0.4560 0.4050 0.7925
vn -0.1691 0.3944 0.9033
vn 0.1537 0.3681 0.9170
vn -0.7022 0.3751 0.6051
vn -0.8738 0.3581 0.3289
vn -0.4610 0.3835 0.8002
vn -0.1712 0.3767 0.9104
vn 0.1536 0.3599 0.9203
vn -0.7180 0.3214 0.6174
vn -0.8819 0.3358 0.3309
vn -0.4745 0.3134 0.8225
vn -0.1752 0.3200 0.9311
vn 0.1551 0.3346 0.9295
vn -0.9416 0.3367 0.0044
vn -0.8870 0.3198 0.3332
vn -0.9399 0.3415 0.0024
vn 0.4720 0.3415 0.8128
vn 0.1637 0.3168 0.9343
vn 0.4746 0.3367 0.8132
vn 0.4693 0.3366 0.8164
vn 0.1458 0.3149 0.9379
vn 0.4701 0.3420 0.8137
vn -0.9397 0.3420 0.0003
vn -0.8849 0.3191 0.3392
vn -0.9416 0.3366 -0.0018
vn -0.7272 0.2827 0.6255
vn 0.4703 0.3491 0.8105
vn -0.1864 0.2780 0.9423
vn -0.9370 0.3494 0.0009
vn -0.4790 0.2629 0.8375
vn 0.4693 0.3518 0.8099
vn -0.4833 0.2628 0.8351
vn -0.9361 0.3518 0.0015
vn -0.1703 0.2795 0.9449
vn 0.4692 0.3494 0.8110
vn -0.7235 0.2820 0.6301
vn -0.9371 0.3491 0.0020
vn -0.1917 0.9786 0.0748
vn -0.1653 0.9754 0.1461
vn -0.1370 0.9837 0.1169
vn -0.1767 0.9821 0.0655
vn -0.1139 0.9737 0.1972
vn -0.0883 0.9843 0.1530
vn -0.0439 0.9754 0.2162
vn -0.0327 0.9837 0.1771
vn 0.0310 0.9786 0.2035
vn 0.0316 0.9821 0.1858
vn -0.1292 0.9855 0.1099
vn -0.1724 0.9830 0.0633
vn -0.0819 0.9865 0.1418
vn -0.0306 0.9855 0.1669
vn 0.0314 0.9830 0.1810
vn -0.1355 0.9840 0.1160
vn -0.1761 0.9822 0.0653
vn -0.0872 0.9847 0.1510
vn -0.0328 0.9840 0.1753
vn 0.0316 0.9822 0.1852
vn -0.1618 0.9770 0.1390
vn -0.1891 0.9794 0.0709
vn -0.1102 0.9754 0.1909
vn -0.0395 0.9770 0.2096
vn 0.0331 0.9794 0.1993
vn -0.2015 0.9795 -0.0000
vn -0.2008 0.9769 0.0732
vn -0.1987 0.9801 -0.0000
vn 0.0994 0.9801 0.1721
vn 0.0370 0.9769 0.2105
vn 0.1008 0.9795 0.1745
vn 0.1007 0.9795 0.1744
vn 0.0286 0.9763 0.2146
vn 0.0989 0.9802 0.1713
vn -0.1978 0.9802 -0.0000
vn -0.2002 0.9763 0.0825
vn -0.2014 0.9795 -0.0000
vn -0.1859 0.9700 0.1565
vn 0.0969 0.9810 0.1679
vn -0.0531 0.9691 0.2407
vn -0.1932 0.9812 -0.0000
vn -0.1302 0.9655 0.2256
vn 0.0960 0.9814 0.1663
vn -0.1304 0.9654 0.2258
vn -0.1920 0.9814 -0.0000
vn -0.0426 0.9700 0.2392
vn 0.0966 0.9812 0.1674
vn -0.1819 0.9691 0.1664
vn -0.1939 0.9810 -0.0000
vn -0.2398 0.9664 0.0927
vn -0.2065 0.9615 0.1815
vn -0.1721 0.9742 0.1460
vn -0.2216 0.9717 0.0814
vn -0.1418 0.9589 0.2456
vn -0.1107 0.9752 0.1918
vn -0.0540 0.9615 0.2696
vn -0.0404 0.9742 0.2221
vn 0.0396 0.9664 0.2541
vn 0.0403 0.9717 0.2326
vn -0.1622 0.9771 0.1379
vn -0.2161 0.9731 0.0793
vn -0.1028 0.9786 0.1781
vn -0.0384 0.9771 0.2094
vn 0.0393 0.9732 0.2268
vn -0.1694 0.9747 0.1461
vn -0.2202 0.9719 0.0825
vn -0.1094 0.9758 0.1895
vn -0.0418 0.9747 0.2197
vn 0.0386 0.9719 0.2320
vn -0.2014 0.9639 0.1744
vn -0.2361 0.9676 0.0897
vn -0.1376 0.9614 0.2383
vn -0.0503 0.9639 0.2616
vn 0.0403 0.9676 0.2493
vn -0.2521 0.9677 -0.0000
vn -0.2509 0.9637 0.0909
vn -0.2487 0.9686 0.0000
vn 0.1243 0.9686 0.2154
vn 0.0468 0.9637 0.2627
vn 0.1260 0.9677 0.2183
vn 0.1259 0.9678 0.2181
vn 0.0350 0.9628 0.2681
vn 0.1237 0.9689 0.2142
vn -0.2473 0.9689 -0.0000
vn -0.2496 0.9628 0.1037
vn -0.2518 0.9678 -0.0000
vn -0.2315 0.9532 0.1942
vn 0.1214 0.9701 0.2102
vn -0.0667 0.9518 0.2993
vn -0.2418 0.9703 0.0000
vn -0.1616 0.9464 0.2798
vn 0.1202 0.9707 0.2082
vn -0.1618 0.9462 0.2803
vn -0.2404 0.9707 -0.0000
vn -0.0524 0.9532 0.2976
vn 0.1209 0.9703 0.2094
vn -0.2258 0.9518 0.2074
vn -0.2428 0.9701 0.0000
vn -0.5744 0.7891 0.2175
vn -0.4830 0.7694 0.4180
vn -0.4290 0.8273 0.3626
vn -0.5453 0.8142 0.1991
vn -0.3252 0.7596 0.5632
vn -0.2769 0.8327 0.4796
vn -0.1205 0.7694 0.6273
vn -0.0995 0.8273 0.5528
vn 0.0988 0.7891 0.6062
vn 0.1002 0.8142 0.5718
vn -0.4098 0.8425 0.3497
vn -0.5347 0.8216 0.1978
vn -0.2625 0.8510 0.4547
vn -0.0979 0.8425 0.5298
vn 0.0961 0.8216 0.5620
vn -0.4212 0.8294 0.3670
vn -0.5408 0.8154 0.2065
vn -0.2749 0.8352 0.4762
vn -0.1072 0.8294 0.5483
vn 0.0915 0.8154 0.5716
vn -0.4735 0.7772 0.4143
vn -0.5673 0.7937 0.2193
vn -0.3205 0.7675 0.5551
vn -0.1221 0.7772 0.6173
vn 0.0937 0.7937 0.6010
vn -0.6075 0.7943 -0.0000
vn -0.5934 0.7760 0.2137
vn -0.6019 0.7986 0.0000
vn 0.3009 0.7986 0.5212
vn 0.1116 0.7760 0.6208
vn 0.3037 0.7943 0.5261
vn 0.3035 0.7947 0.5256
vn 0.0839 0.7723 0.6297
vn 0.2997 0.8004 0.5192
vn -0.5995 0.8004 0.0000
vn -0.5873 0.7723 0.2422
vn -0.6069 0.7947 0.0000
vn -0.5224 0.7321 0.4372
vn 0.2961 0.8058 0.5128
vn -0.1464 0.7274 0.6704
vn -0.5902 0.8073 0.0000
vn -0.3539 0.7064 0.6130
vn 0.2941 0.8088 0.5093
vn -0.3544 0.7054 0.6138
vn -0.5881 0.8088 -0.0000
vn -0.1174 0.7321 0.6710
vn 0.2951 0.8073 0.5111
vn -0.5074 0.7274 0.4620
vn -0.5922 0.8058 0.0000
vn -0.2814 -0.9536 0.1074
vn -0.2396 -0.9484 0.2079
vn -0.2025 -0.9635 0.1750
vn -0.2631 -0.9597 0.0989
vn -0.1636 -0.9450 0.2833
vn -0.1310 -0.9651 0.2268
vn -0.0602 -0.9484 0.3115
vn -0.0503 -0.9635 0.2628
vn 0.0477 -0.9536 0.2974
vn 0.0459 -0.9597 0.2773
vn -0.1942 -0.9669 0.1652
vn -0.2583 -0.9614 0.0949
vn -0.1233 -0.9691 0.2135
vn -0.0460 -0.9669 0.2508
vn 0.0470 -0.9614 0.2712
vn -0.2059 -0.9629 0.1745
vn -0.2649 -0.9594 0.0971
vn -0.1325 -0.9643 0.2295
vn -0.0482 -0.9629 0.2656
vn 0.0483 -0.9594 0.2780
vn -0.2457 -0.9451 0.2155
vn -0.2860 -0.9519 0.1102
vn -0.1683 -0.9416 0.2915
vn -0.0638 -0.9451 0.3205
vn 0.0475 -0.9519 0.3028
vn -0.3004 -0.9538 0.0000
vn -0.2971 -0.9468 0.1236
vn -0.2951 -0.9555 0.0000
vn 0.1476 -0.9555 0.2556
vn 0.0415 -0.9468 0.3190
vn 0.1502 -0.9538 0.2601
vn 0.1503 -0.9537 0.2604
vn 0.0558 -0.9482 0.3128
vn 0.1484 -0.9550 0.2570
vn -0.2968 -0.9550 0.0000
vn -0.2988 -0.9482 0.1081
vn -0.3007 -0.9537 0.0000
vn -0.2675 -0.9317 0.2456
vn 0.1443 -0.9574 0.2500
vn -0.0620 -0.9336 0.3528
vn -0.2899 -0.9571 -0.0000
vn -0.1913 -0.9239 0.3313
vn 0.1436 -0.9579 0.2487
vn -0.1910 -0.9242 0.3307
vn -0.2872 -0.9579 -0.0000
vn -0.0790 -0.9317 0.3545
vn 0.1450 -0.9571 0.2511
vn -0.2745 -0.9336 0.2301
vn -0.2887 -0.9574 -0.0000
vn -0.5681 -0.7942 0.2157
vn -0.4750 -0.7780 0.4112
vn -0.4223 -0.8299 0.3647
vn -0.5413 -0.8157 0.2038
vn -0.3200 -0.7684 0.5542
vn -0.2745 -0.8358 0.4755
vn -0.1186 -0.7780 0.6170
vn -0.1047 -0.8299 0.5480
vn 0.0972 -0.7942 0.5998
vn 0.0942 -0.8157 0.5707
vn -0.4093 -0.8429 0.3493
vn -0.5341 -0.8220 0.1975
vn -0.2622 -0.8515 0.4542
vn -0.0978 -0.8429 0.5291
vn 0.0960 -0.8220 0.5613
vn -0.4273 -0.8278 0.3636
vn -0.5438 -0.8148 0.2008
vn -0.2766 -0.8331 0.4791
vn -0.1012 -0.8278 0.5519
vn 0.0980 -0.8148 0.5714
vn -0.4814 -0.7699 0.4190
vn -0.5731 -0.7896 0.2192
vn -0.3249 -0.7601 0.5627
vn -0.1222 -0.7699 0.6264
vn 0.0967 -0.7896 0.6059
vn -0.6064 -0.7952 0.0000
vn -0.5876 -0.7730 0.2390
vn -0.5991 -0.8006 -0.0000
vn 0.2996 -0.8006 0.5189
vn 0.0868 -0.7730 0.6284
vn 0.3032 -0.7951 0.5252
vn 0.3034 -0.7949 0.5255
vn 0.1101 -0.7765 0.6204
vn 0.3005 -0.7992 0.5205
vn -0.6011 -0.7992 -0.0000
vn -0.5924 -0.7765 0.2148
vn -0.6067 -0.7949 -0.0000
vn -0.5085 -0.7283 0.4593
vn 0.2949 -0.8075 0.5108
vn -0.1187 -0.7325 0.6703
vn -0.5913 -0.8065 0.0000
vn -0.3540 -0.7063 0.6131
vn 0.2937 -0.8093 0.5088
vn -0.3537 -0.7069 0.6126
vn -0.5875 -0.8093 -0.0000
vn -0.1435 -0.7283 0.6701
vn 0.2956 -0.8065 0.5121
vn -0.5211 -0.7325 0.4380
vn -0.5898 -0.8075 0.0000
vn -0.7292 -0.6263 0.2758
vn -0.6016 -0.6066 0.5197
vn -0.5585 -0.6750 0.4821
vn -0.7069 -0.6553 0.2663
vn -0.4016 -0.5957 0.6956
vn -0.3649 -0.6836 0.6321
vn -0.1493 -0.6066 0.7809
vn -0.1382 -0.6750 0.7247
vn 0.1257 -0.6263 0.7694
vn 0.1228 -0.6553 0.7454
vn -0.5470 -0.6939 0.4682
vn -0.7007 -0.6641 0.2608
vn -0.3538 -0.7066 0.6128
vn -0.1320 -0.6939 0.7078
vn 0.1245 -0.6641 0.7372
vn -0.5627 -0.6726 0.4806
vn -0.7089 -0.6542 0.2634
vn -0.3665 -0.6803 0.6347
vn -0.1349 -0.6726 0.7276
vn 0.1264 -0.6542 0.7457
vn -0.6052 -0.5989 0.5244
vn -0.7321 -0.6218 0.2784
vn -0.4044 -0.5880 0.7005
vn -0.1515 -0.5989 0.7863
vn 0.1249 -0.6218 0.7732
vn -0.7785 -0.6277 -0.0000
vn -0.7428 -0.6006 0.2959
vn -0.7727 -0.6347 0.0000
vn 0.3864 -0.6347 0.6692
vn 0.1152 -0.6006 0.7912
vn 0.3892 -0.6277 0.6742
vn 0.3893 -0.6274 0.6743
vn 0.1380 -0.6039 0.7850
vn 0.3870 -0.6332 0.6703
vn -0.7739 -0.6332 -0.0000
vn -0.7489 -0.6039 0.2730
vn -0.7787 -0.6275 -0.0000
vn -0.6245 -0.5481 0.5564
vn 0.3825 -0.6439 0.6626
vn -0.1471 -0.5517 0.8210
vn -0.7660 -0.6428 0.0000
vn -0.4261 -0.5231 0.7381
vn 0.3815 -0.6464 0.6608
vn -0.4260 -0.5236 0.7378
vn -0.7630 -0.6464 -0.0000
vn -0.1696 -0.5481 0.8190
vn 0.3830 -0.6428 0.6634
vn -0.6374 -0.5517 0.5379
vn -0.7651 -0.6439 0.0000
vn -0.8450 -0.4304 0.3173
vn -0.6904 -0.4132 0.5939
vn -0.6659 -0.4776 0.5732
vn -0.8322 -0.4581 0.3126
vn -0.4573 -0.4042 0.7921
vn -0.4369 -0.4862 0.7568
vn -0.1691 -0.4132 0.8948
vn -0.1634 -0.4776 0.8633
vn 0.1477 -0.4304 0.8905
vn 0.1454 -0.4581 0.8769
vn -0.6583 -0.4970 0.5653
vn -0.8281 -0.4670 0.3101
vn -0.4300 -0.5103 0.7448
vn -0.1604 -0.4971 0.8528
vn 0.1455 -0.4670 0.8722
vn -0.6671 -0.4758 0.5732
vn -0.8326 -0.4575 0.3123
vn -0.4376 -0.4838 0.7579
vn -0.1628 -0.4758 0.8643
vn 0.1458 -0.4575 0.8772
vn -0.6902 -0.4085 0.5973
vn -0.8450 -0.4276 0.3210
vn -0.4584 -0.3995 0.7939
vn -0.1722 -0.4085 0.8964
vn 0.1445 -0.4276 0.8923
vn -0.9019 -0.4320 0.0000
vn -0.8507 -0.4084 0.3309
vn -0.8988 -0.4383 0.0000
vn 0.4494 -0.4383 0.7784
vn 0.1388 -0.4084 0.9022
vn 0.4509 -0.4320 0.7810
vn 0.4510 -0.4319 0.7811
vn 0.1548 -0.4103 0.8987
vn 0.4496 -0.4375 0.7788
vn -0.8992 -0.4375 0.0000
vn -0.8557 -0.4103 0.3153
vn -0.9019 -0.4319 0.0000
vn -0.7000 -0.3636 0.6146
vn 0.4473 -0.4470 0.7747
vn -0.1674 -0.3654 0.9157
vn -0.8948 -0.4465 -0.0000
vn -0.4697 -0.3427 0.8136
vn 0.4466 -0.4497 0.7735
vn -0.4697 -0.3429 0.8135
vn -0.8932 -0.4497 0.0000
vn -0.1822 -0.3636 0.9135
vn 0.4474 -0.4465 0.7749
vn -0.7093 -0.3654 0.6028
vn -0.8945 -0.4470 0.0000
vn -0.9185 -0.1917 0.3459
vn -0.7448 -0.1827 0.6418
vn -0.7391 -0.2172 0.6376
vn -0.9154 -0.2065 0.3454
vn -0.4919 -0.1783 0.8522
vn -0.4872 -0.2222 0.8445
vn -0.1832 -0.1825 0.9660
vn -0.1821 -0.2175 0.9589
vn 0.1599 -0.1914 0.9684
vn 0.1591 -0.2068 0.9654
vn -0.7375 -0.2284 0.6356
vn -0.9146 -0.2114 0.3446
vn -0.4854 -0.2363 0.8417
vn -0.1807 -0.2289 0.9565
vn 0.1598 -0.2119 0.9641
vn -0.7396 -0.2168 0.6371
vn -0.9157 -0.2063 0.3448
vn -0.4870 -0.2216 0.8448
vn -0.1807 -0.2171 0.9593
vn 0.1606 -0.2066 0.9652
vn -0.7442 -0.1817 0.6427
vn -0.9181 -0.1910 0.3472
vn -0.4914 -0.1772 0.8527
vn -0.1829 -0.1815 0.9662
vn 0.1600 -0.1908 0.9685
vn -0.9813 -0.1927 -0.0003
vn -0.9188 -0.1811 0.3507
vn -0.9806 -0.1959 0.0001
vn 0.4904 -0.1959 0.8492
vn 0.1552 -0.1804 0.9713
vn 0.4904 -0.1927 0.8499
vn 0.4917 -0.1926 0.8492
vn 0.1650 -0.1809 0.9696
vn 0.4911 -0.1957 0.8489
vn -0.9807 -0.1957 0.0008
vn -0.9212 -0.1814 0.3441
vn -0.9813 -0.1926 0.0012
vn -0.7455 -0.1586 0.6474
vn 0.4901 -0.2006 0.8483
vn -0.1796 -0.1584 0.9709
vn -0.9797 -0.2004 0.0007
vn -0.4946 -0.1479 0.8564
vn 0.4901 -0.2021 0.8479
vn -0.4936 -0.1480 0.8570
vn -0.9794 -0.2021 0.0005
vn -0.1882 -0.1580 0.9693
vn 0.4904 -0.2005 0.8481
vn -0.7495 -0.1590 0.6426
vn -0.9797 -0.2006 0.0003
vn -0.8813 0.3346 0.3337
vn -0.7172 0.3189 0.6196
vn -0.7028 0.3759 0.6040
vn -0.8736 0.3596 0.3278
vn -0.4744 0.3114 0.8234
vn -0.4613 0.3830 0.8003
vn -0.1765 0.3187 0.9313
vn -0.1704 0.3760 0.9108
vn 0.1533 0.3343 0.9299
vn 0.1542 0.3599 0.9202
vn -0.6965 0.3943 0.5995
vn -0.8704 0.3678 0.3272
vn -0.4565 0.4062 0.7916
vn -0.1700 0.3946 0.9030
vn 0.1528 0.3681 0.9171
vn -0.7010 0.3770 0.6053
vn -0.8727 0.3601 0.3297
vn -0.4612 0.3847 0.7995
vn -0.1731 0.3772 0.9098
vn 0.1515 0.3603 0.9204
vn -0.7169 0.3219 0.6185
vn -0.8811 0.3364 0.3324
vn -0.4745 0.3144 0.8222
vn -0.1769 0.3216 0.9302
vn 0.1530 0.3362 0.9293
vn -0.9412 0.3377 0.0011
vn -0.8886 0.3195 0.3291
vn -0.9395 0.3425 0.0008
vn 0.4704 0.3425 0.8132
vn 0.1615 0.3191 0.9338
vn 0.4716 0.3377 0.8146
vn 0.4704 0.3378 0.8152
vn 0.1456 0.3177 0.9369
vn 0.4697 0.3432 0.8134
vn -0.9393 0.3432 0.0001
vn -0.8842 0.3183 0.3419
vn -0.9412 0.3378 -0.0002
vn -0.7299 0.2823 0.6225
vn 0.4689 0.3502 0.8109
vn -0.1865 0.2806 0.9415
vn -0.9365 0.3507 0.0003
vn -0.4814 0.2638 0.8359
vn 0.4683 0.3529 0.8101
vn -0.4824 0.2637 0.8353
vn -0.9357 0.3529 0.0005
vn -0.1721 0.2819 0.9439
vn 0.4685 0.3507 0.8109
vn -0.7222 0.2812 0.6320
vn -0.9367 0.3502 0.0007
vn -0.7772 0.5554 0.2957
vn -0.6394 0.5332 0.5540
vn -0.6034 0.6073 0.5168
vn -0.7577 0.5882 0.2828
vn -0.4263 0.5226 0.7383
vn -0.3941 0.6153 0.6827
vn -0.1601 0.5332 0.8307
vn -0.1459 0.6073 0.7810
vn 0.1325 0.5554 0.8210
vn 0.1339 0.5882 0.7976
vn -0.5900 0.6294 0.5057
vn -0.7507 0.5983 0.2801
vn -0.3830 0.6428 0.6634
vn -0.1429 0.6294 0.7638
vn 0.1328 0.5983 0.7902
vn -0.6006 0.6095 0.5175
vn -0.7564 0.5890 0.2843
vn -0.3929 0.6185 0.6805
vn -0.1478 0.6095 0.7788
vn 0.1320 0.5890 0.7973
vn -0.6376 0.5400 0.5495
vn -0.7757 0.5594 0.2921
vn -0.4242 0.5295 0.7347
vn -0.1570 0.5400 0.8269
vn 0.1348 0.5594 0.8178
vn -0.8280 0.5608 0.0000
vn -0.7922 0.5370 0.2900
vn -0.8239 0.5667 0.0000
vn 0.4120 0.5667 0.7135
vn 0.1450 0.5370 0.8310
vn 0.4140 0.5608 0.7171
vn 0.4139 0.5609 0.7170
vn 0.1245 0.5341 0.8362
vn 0.4115 0.5680 0.7128
vn -0.8231 0.5680 0.0000
vn -0.7864 0.5341 0.3102
vn -0.8279 0.5609 0.0000
vn -0.6673 0.4857 0.5647
vn 0.4086 0.5764 0.7077
vn -0.1750 0.4828 0.8581
vn -0.8165 0.5773 -0.0000
vn -0.4443 0.4588 0.7695
vn 0.4073 0.5800 0.7055
vn -0.4444 0.4585 0.7696
vn -0.8146 0.5800 0.0000
vn -0.1554 0.4857 0.8602
vn 0.4083 0.5773 0.7071
vn -0.6556 0.4828 0.5806
vn -0.8171 0.5764 0.0000
vn -0.5573 0.8027 0.2123
vn -0.4691 0.7836 0.4074
vn -0.4148 0.8392 0.3517
vn -0.5281 0.8268 0.1938
vn -0.3165 0.7741 0.5483
vn -0.2680 0.8442 0.4642
vn -0.1182 0.7836 0.6100
vn -0.0971 0.8392 0.5351
vn 0.0948 0.8027 0.5888
vn 0.0962 0.8268 0.5542
vn -0.3963 0.8536 0.3381
vn -0.5179 0.8337 0.1914
vn -0.2537 0.8617 0.4394
vn -0.0946 0.8536 0.5123
vn 0.0932 0.8337 0.5443
vn -0.4085 0.8412 0.3543
vn -0.5246 0.8278 0.1988
vn -0.2660 0.8468 0.4606
vn -0.1026 0.8412 0.5309
vn 0.0901 0.8278 0.5537
vn -0.4612 0.7914 0.4013
vn -0.5513 0.8072 0.2112
vn -0.3116 0.7820 0.5397
vn -0.1169 0.7914 0.6000
vn 0.0928 0.8072 0.5830
vn -0.5895 0.8078 0.0000
vn -0.5764 0.7901 0.2083
vn -0.5838 0.8119 0.0000
vn 0.2919 0.8119 0.5056
vn 0.1079 0.7901 0.6034
vn 0.2947 0.8078 0.5105
vn 0.2945 0.8081 0.5101
vn 0.0828 0.7866 0.6118
vn 0.2908 0.8134 0.5037
vn -0.5817 0.8134 -0.0000
vn -0.5713 0.7866 0.2342
vn -0.5891 0.8081 -0.0000
vn -0.5089 0.7477 0.4267
vn 0.2870 0.8188 0.4972
vn -0.1417 0.7433 0.6538
vn -0.5724 0.8200 0.0000
vn -0.3456 0.7227 0.5986
vn 0.2851 0.8215 0.4938
vn -0.3460 0.7219 0.5993
vn -0.5702 0.8215 0.0000
vn -0.1151 0.7477 0.6540
vn 0.2862 0.8200 0.4957
vn -0.4954 0.7433 0.4496
vn -0.5741 0.8188 -0.0000
vn -0.3556 0.9248 0.1355
vn -0.3045 0.9149 0.2650
vn -0.2582 0.9413 0.2173
vn -0.3310 0.9360 0.1201
vn -0.2075 0.9098 0.3594
vn -0.1657 0.9435 0.2870
vn -0.0773 0.9149 0.3962
vn -0.0591 0.9413 0.3322
vn 0.0605 0.9248 0.3757
vn 0.0615 0.9360 0.3467
vn -0.2434 0.9476 0.2071
vn -0.3226 0.9391 0.1186
vn -0.1547 0.9509 0.2679
vn -0.0577 0.9476 0.3143
vn 0.0586 0.9391 0.3387
vn -0.2522 0.9423 0.2201
vn -0.3275 0.9365 0.1252
vn -0.1640 0.9447 0.2841
vn -0.0645 0.9423 0.3285
vn 0.0553 0.9365 0.3462
vn -0.2956 0.9194 0.2596
vn -0.3490 0.9272 0.1358
vn -0.2024 0.9144 0.3506
vn -0.0770 0.9194 0.3858
vn 0.0569 0.9272 0.3702
vn -0.3740 0.9274 0.0000
vn -0.3707 0.9192 0.1331
vn -0.3694 0.9293 0.0000
vn 0.1847 0.9293 0.3199
vn 0.0701 0.9192 0.3876
vn 0.1870 0.9274 0.3239
vn 0.1867 0.9276 0.3234
vn 0.0497 0.9171 0.3955
vn 0.1836 0.9302 0.3179
vn -0.3671 0.9302 0.0000
vn -0.3674 0.9171 0.1548
vn -0.3735 0.9276 0.0000
vn -0.3380 0.8978 0.2822
vn 0.1807 0.9324 0.3130
vn -0.0984 0.8948 0.4354
vn -0.3596 0.9331 0.0000
vn -0.2336 0.8842 0.4046
vn 0.1790 0.9337 0.3101
vn -0.2341 0.8836 0.4055
vn -0.3580 0.9337 0.0000
vn -0.0754 0.8978 0.4339
vn 0.1798 0.9331 0.3114
vn -0.3279 0.8948 0.3029
vn -0.3614 0.9324 0.0000
vn -0.1015 0.9941 0.0371
vn -0.0884 0.9932 0.0753
vn -0.0732 0.9955 0.0593
vn -0.0937 0.9951 0.0320
vn -0.0601 0.9927 0.1041
vn -0.0462 0.9957 0.0799
vn -0.0210 0.9932 0.1142
vn -0.0148 0.9955 0.0931
vn 0.0186 0.9941 0.1065
vn 0.0191 0.9951 0.0972
vn -0.0675 0.9961 0.0575
vn -0.0902 0.9954 0.0333
vn -0.0428 0.9963 0.0741
vn -0.0161 0.9961 0.0872
vn 0.0162 0.9954 0.0948
vn -0.0674 0.9956 0.0652
vn -0.0895 0.9952 0.0404
vn -0.0459 0.9958 0.0795
vn -0.0228 0.9956 0.0910
vn 0.0097 0.9952 0.0977
vn -0.0780 0.9932 0.0859
vn -0.0937 0.9942 0.0529
vn -0.0596 0.9929 0.1032
vn -0.0354 0.9932 0.1105
vn 0.0010 0.9942 0.1076
vn -0.1059 0.9944 -0.0000
vn -0.1061 0.9937 0.0369
vn -0.1045 0.9945 0.0000
vn 0.0523 0.9945 0.0905
vn 0.0210 0.9937 0.1103
vn 0.0530 0.9944 0.0917
vn 0.0519 0.9946 0.0898
vn -0.0082 0.9929 0.1190
vn 0.0508 0.9948 0.0879
vn -0.1015 0.9948 0.0000
vn -0.0990 0.9929 0.0667
vn -0.1038 0.9946 0.0000
vn -0.0991 0.9918 0.0812
vn 0.0510 0.9948 0.0884
vn -0.0468 0.9907 0.1277
vn -0.1001 0.9950 0.0000
vn 0.0503 0.9949 0.0872
vn -0.0706 0.9900 0.1223
vn -0.1006 0.9949 -0.0000
vn -0.0208 0.9918 0.1264
vn 0.0501 0.9950 0.0867
vn -0.0872 0.9907 0.1043
vn -0.1021 0.9948 -0.0000
vn 0.0002 -1.0000 0.0000
vn 0.0001 -1.0000 0.0000
vn 0.0001 -1.0000 -0.0001
vn 0.0002 -1.0000 0.0001
vn 0.0002 -1.0000 -0.0001
vn 0.7732 0.0000 0.6342
vn 0.9441 0.0000 0.3298
vn 1.0000 0.0000 0.0000
vn 0.9441 0.0000 -0.3298
vn 0.7732 0.0000 -0.6342
vn 0.5000 0.0000 -0.8660
vn 0.1259 0.9869 0.1005
vn 0.1641 0.9849 0.0547
vn 0.1326 0.9901 0.0469
vn 0.1135 0.9891 0.0939
vn 0.1787 0.9839 0.0000
vn 0.1379 0.9904 -0.0000
vn 0.1641 0.9849 -0.0547
vn 0.1326 0.9901 -0.0469
vn 0.1259 0.9869 -0.1005
vn 0.1135 0.9891 -0.0939
vn 0.1247 0.9912 0.0444
vn 0.1102 0.9897 0.0919
vn 0.1278 0.9918 -0.0000
vn 0.1247 0.9912 -0.0445
vn 0.1102 0.9897 -0.0919
vn 0.1313 0.9903 0.0464
vn 0.1129 0.9892 0.0938
vn 0.1361 0.9907 -0.0000
vn 0.1313 0.9903 -0.0464
vn 0.1129 0.9892 -0.0938
vn 0.1575 0.9860 0.0555
vn 0.1219 0.9874 0.1005
vn 0.1728 0.9850 -0.0000
vn 0.1575 0.9860 -0.0555
vn 0.1219 0.9874 -0.1005
vn 0.1283 0.9859 0.1074
vn 0.0777 0.9879 -0.1346
vn 0.1283 0.9859 -0.1074
vn 0.0788 0.9875 -0.1365
vn 0.0788 0.9875 -0.1364
vn 0.1343 0.9855 -0.1036
vn 0.0773 0.9880 -0.1340
vn 0.1343 0.9855 0.1036
vn 0.1795 0.9816 0.0648
vn 0.0758 0.9885 -0.1312
vn 0.1846 0.9811 -0.0585
vn 0.2049 0.9788 -0.0000
vn 0.0751 0.9887 -0.1300
vn 0.2051 0.9787 -0.0000
vn 0.1795 0.9816 -0.0648
vn 0.0755 0.9885 -0.1308
vn 0.1846 0.9811 0.0585
vn 0.6177 -0.5984 0.5103
vn 0.7690 -0.5789 0.2713
vn 0.7183 -0.6480 0.2532
vn 0.5999 -0.6277 0.4961
vn 0.8229 -0.5682 0.0000
vn 0.7540 -0.6569 0.0000
vn 0.7690 -0.5789 -0.2713
vn 0.7183 -0.6480 -0.2532
vn 0.6177 -0.5984 -0.5103
vn 0.5999 -0.6277 -0.4961
vn 0.7023 -0.6674 0.2475
vn 0.5944 -0.6369 0.4910
vn 0.7328 -0.6804 0.0000
vn 0.7023 -0.6674 -0.2475
vn 0.5944 -0.6369 -0.4910
vn 0.7209 -0.6456 0.2522
vn 0.6022 -0.6270 0.4943
vn 0.7570 -0.6534 -0.0000
vn 0.7209 -0.6456 -0.2522
vn 0.6022 -0.6270 -0.4943
vn 0.7764 -0.5713 0.2661
vn 0.6254 -0.5941 0.5060
vn 0.8281 -0.5605 0.0000
vn 0.7764 -0.5713 -0.2661
vn 0.6254 -0.5940 -0.5060
vn 0.6410 -0.5729 0.5107
vn 0.3975 -0.6067 -0.6884
vn 0.6410 -0.5729 -0.5107
vn 0.4001 -0.5998 -0.6930
vn 0.4001 -0.5997 -0.6930
vn 0.6281 -0.5758 -0.5233
vn 0.3978 -0.6057 -0.6891
vn 0.6281 -0.5758 0.5233
vn 0.8094 -0.5207 0.2714
vn 0.3939 -0.6160 -0.6822
vn 0.8022 -0.5236 -0.2869
vn 0.8684 -0.4959 0.0000
vn 0.3927 -0.6189 -0.6803
vn 0.8683 -0.4960 0.0000
vn 0.8094 -0.5208 -0.2714
vn 0.3941 -0.6155 -0.6826
vn 0.8022 -0.5237 0.2869
vn 0.4366 -0.8240 0.3612
vn 0.5536 -0.8095 0.1957
vn 0.4874 -0.8560 0.1726
vn 0.4135 -0.8432 0.3435
vn 0.5991 -0.8007 0.0000
vn 0.5081 -0.8613 0.0000
vn 0.5536 -0.8095 -0.1957
vn 0.4874 -0.8560 -0.1726
vn 0.4366 -0.8240 -0.3612
vn 0.4135 -0.8432 -0.3435
vn 0.4689 -0.8674 0.1663
vn 0.4065 -0.8489 0.3377
vn 0.4842 -0.8749 0.0000
vn 0.4689 -0.8674 -0.1663
vn 0.4065 -0.8489 -0.3377
vn 0.4909 -0.8540 0.1723
vn 0.4158 -0.8426 0.3422
vn 0.5127 -0.8586 0.0000
vn 0.4909 -0.8540 -0.1723
vn 0.4158 -0.8426 -0.3422
vn 0.5667 -0.8014 0.1915
vn 0.4467 -0.8197 0.3585
vn 0.6100 -0.7924 -0.0000
vn 0.5667 -0.8014 -0.1915
vn 0.4467 -0.8197 -0.3585
vn 0.4670 -0.8049 0.3662
vn 0.2792 -0.8296 -0.4835
vn 0.4670 -0.8049 -0.3662
vn 0.2827 -0.8248 -0.4897
vn 0.2828 -0.8248 -0.4897
vn 0.4523 -0.8079 -0.3777
vn 0.2799 -0.8287 -0.4847
vn 0.4523 -0.8079 0.3777
vn 0.6136 -0.7638 0.2004
vn 0.2745 -0.8358 -0.4755
vn 0.6034 -0.7674 -0.2170
vn 0.6690 -0.7433 0.0000
vn 0.2732 -0.8376 -0.4731
vn 0.6688 -0.7434 -0.0000
vn 0.6135 -0.7638 -0.2004
vn 0.2749 -0.8353 -0.4762
vn 0.6034 -0.7674 0.2170
vn 0.7553 -0.2081 0.6214
vn 0.9249 -0.1985 0.3243
vn 0.9170 -0.2367 0.3212
vn 0.7526 -0.2252 0.6187
vn 0.9810 -0.1941 0.0001
vn 0.9704 -0.2415 0.0003
vn 0.9248 -0.1992 -0.3241
vn 0.9173 -0.2359 -0.3207
vn 0.7553 -0.2088 -0.6212
vn 0.7532 -0.2243 -0.6184
vn 0.9140 -0.2490 0.3202
vn 0.7517 -0.2308 0.6178
vn 0.9665 -0.2567 0.0005
vn 0.9147 -0.2478 -0.3194
vn 0.7526 -0.2294 -0.6173
vn 0.9172 -0.2361 0.3209
vn 0.7530 -0.2250 0.6183
vn 0.9706 -0.2407 0.0007
vn 0.9178 -0.2354 -0.3197
vn 0.7541 -0.2242 -0.6174
vn 0.9257 -0.1972 0.3229
vn 0.7569 -0.2073 0.6198
vn 0.9812 -0.1928 0.0009
vn 0.9261 -0.1980 -0.3211
vn 0.7578 -0.2081 -0.6184
vn 0.7613 -0.1957 0.6181
vn 0.4886 -0.2131 -0.8461
vn 0.7600 -0.1977 -0.6191
vn 0.4881 -0.2096 -0.8472
vn 0.4905 -0.2096 -0.8459
vn 0.7568 -0.1980 -0.6229
vn 0.4893 -0.2129 -0.8458
vn 0.7548 -0.1964 0.6258
vn 0.9315 -0.1715 0.3209
vn 0.4882 -0.2182 -0.8450
vn 0.9292 -0.1737 -0.3261
vn 0.9869 -0.1612 -0.0005
vn 0.4882 -0.2198 -0.8446
vn 0.9869 -0.1612 0.0015
vn 0.9308 -0.1734 -0.3219
vn 0.4886 -0.2181 -0.8448
vn 0.9284 -0.1720 0.3292
vn 0.7134 0.3902 0.5820
vn 0.8768 0.3723 0.3043
vn 0.8490 0.4367 0.2974
vn 0.7015 0.4191 0.5764
vn 0.9313 0.3643 0.0009
vn 0.8960 0.4441 0.0006
vn 0.8771 0.3730 -0.3026
vn 0.8497 0.4362 -0.2963
vn 0.7142 0.3909 -0.5806
vn 0.7025 0.4185 -0.5756
vn 0.8391 0.4572 0.2948
vn 0.6974 0.4284 0.5745
vn 0.8829 0.4695 0.0004
vn 0.8398 0.4563 -0.2941
vn 0.6984 0.4273 -0.5741
vn 0.8481 0.4383 0.2978
vn 0.7006 0.4196 0.5772
vn 0.8949 0.4463 0.0003
vn 0.8485 0.4376 -0.2974
vn 0.7012 0.4189 -0.5769
vn 0.8740 0.3764 0.3072
vn 0.7097 0.3927 0.5849
vn 0.9297 0.3684 0.0001
vn 0.8739 0.3770 -0.3069
vn 0.7097 0.3932 -0.5846
vn 0.7127 0.3733 0.5939
vn 0.4590 0.3998 -0.7934
vn 0.7144 0.3745 -0.5911
vn 0.4609 0.3944 -0.7950
vn 0.4588 0.3945 -0.7962
vn 0.7220 0.3732 -0.5826
vn 0.4583 0.4004 -0.7935
vn 0.7234 0.3714 0.5820
vn 0.8886 0.3312 0.3175
vn 0.4570 0.4083 -0.7902
vn 0.8930 0.3312 -0.3048
vn 0.9504 0.3109 0.0014
vn 0.4562 0.4113 -0.7891
vn 0.9505 0.3108 -0.0004
vn 0.8891 0.3325 -0.3145
vn 0.4566 0.4087 -0.7903
vn 0.8939 0.3295 0.3040
vn 0.5076 0.7553 0.4146
vn 0.6413 0.7343 0.2224
vn 0.5682 0.7973 0.2038
vn 0.4777 0.7827 0.3990
vn 0.6898 0.7240 0.0000
vn 0.5957 0.8032 0.0000
vn 0.6413 0.7343 -0.2224
vn 0.5682 0.7973 -0.2038
vn 0.5076 0.7553 -0.4146
vn 0.4777 0.7827 -0.3990
vn 0.5474 0.8141 0.1939
vn 0.4711 0.7908 0.3908
vn 0.5670 0.8237 -0.0000
vn 0.5474 0.8141 -0.1939
vn 0.4711 0.7908 -0.3908
vn 0.5680 0.7995 0.1955
vn 0.4814 0.7839 0.3921
vn 0.5918 0.8061 0.0000
vn 0.5680 0.7995 -0.1955
vn 0.4814 0.7839 -0.3921
vn 0.6339 0.7424 0.2170
vn 0.5053 0.7601 0.4086
vn 0.6812 0.7321 0.0000
vn 0.6339 0.7424 -0.2170
vn 0.5053 0.7601 -0.4086
vn 0.5134 0.7408 0.4331
vn 0.3217 0.7655 -0.5572
vn 0.5134 0.7408 -0.4331
vn 0.3245 0.7608 -0.5620
vn 0.3243 0.7612 -0.5617
vn 0.5344 0.7371 -0.4138
vn 0.3207 0.7673 -0.5554
vn 0.5344 0.7371 0.4138
vn 0.6767 0.6937 0.2467
vn 0.3169 0.7734 -0.5490
vn 0.6899 0.6891 -0.2219
vn 0.7453 0.6667 0.0000
vn 0.3150 0.7766 -0.5456
vn 0.7461 0.6658 -0.0000
vn 0.6767 0.6937 -0.2467
vn 0.3161 0.7749 -0.5474
vn 0.6899 0.6891 0.2219
vn 0.7720 -0.0488 0.6337
vn 0.9430 -0.0464 0.3296
vn 0.9426 -0.0557 0.3293
vn 0.7720 -0.0528 0.6334
vn 0.9990 -0.0453 0.0000
vn 0.9984 -0.0569 -0.0000
vn 0.9430 -0.0464 -0.3296
vn 0.9426 -0.0557 -0.3293
vn 0.7720 -0.0488 -0.6337
vn 0.7720 -0.0528 -0.6334
vn 0.9424 -0.0587 0.3292
vn 0.7720 -0.0542 0.6333
vn 0.9981 -0.0608 0.0000
vn 0.9424 -0.0587 -0.3292
vn 0.7720 -0.0542 -0.6333
vn 0.9426 -0.0556 0.3292
vn 0.7721 -0.0528 0.6333
vn 0.9426 -0.0556 -0.3292
vn 0.7721 -0.0528 -0.6333
vn 0.9431 -0.0463 0.3292
vn 0.7724 -0.0487 0.6332
vn 0.9990 -0.0452 0.0000
vn 0.9431 -0.0463 -0.3292
vn 0.7724 -0.0487 -0.6332
vn 0.7729 -0.0460 0.6328
vn 0.4994 -0.0500 -0.8649
vn 0.7729 -0.0460 -0.6328
vn 0.4994 -0.0491 -0.8650
vn 0.7718 -0.0461 -0.6342
vn 0.4994 -0.0499 -0.8649
vn 0.7718 -0.0461 0.6342
vn 0.9436 -0.0402 0.3287
vn 0.4993 -0.0512 -0.8649
vn 0.9430 -0.0402 -0.3302
vn 0.9993 -0.0374 0.0000
vn 0.4993 -0.0516 -0.8649
vn 0.9436 -0.0402 -0.3287
vn 0.9430 -0.0402 0.3302
vn 0.3477 -0.8925 0.2874
vn 0.4441 -0.8821 0.1570
vn 0.3820 -0.9142 0.1355
vn 0.3257 -0.9058 0.2710
vn 0.4827 -0.8758 0.0003
vn 0.3976 -0.9175 0.0003
vn 0.4437 -0.8825 -0.1563
vn 0.3828 -0.9139 -0.1351
vn 0.3476 -0.8927 -0.2869
vn 0.3268 -0.9054 -0.2710
vn 0.3653 -0.9217 0.1303
vn 0.3189 -0.9096 0.2662
vn 0.3766 -0.9264 0.0004
vn 0.3665 -0.9213 -0.1298
vn 0.3204 -0.9091 -0.2660
vn 0.3851 -0.9128 0.1363
vn 0.3273 -0.9053 0.2709
vn 0.4019 -0.9157 0.0006
vn 0.3859 -0.9126 -0.1353
vn 0.3286 -0.9050 -0.2702
vn 0.4574 -0.8757 0.1549
vn 0.3567 -0.8891 0.2868
vn 0.4942 -0.8694 0.0009
vn 0.4568 -0.8763 -0.1528
vn 0.3568 -0.8897 -0.2848
vn 0.3776 -0.8784 0.2929
vn 0.2216 -0.8965 -0.3837
vn 0.3745 -0.8798 -0.2928
vn 0.2241 -0.8931 -0.3900
vn 0.2265 -0.8931 -0.3887
vn 0.3630 -0.8818 -0.3011
vn 0.2230 -0.8958 -0.3846
vn 0.3614 -0.8812 0.3048
vn 0.5038 -0.8485 0.1619
vn 0.2176 -0.9007 -0.3761
vn 0.4921 -0.8527 -0.1752
vn 0.5515 -0.8342 -0.0006
vn 0.2166 -0.9018 -0.3739
vn 0.5513 -0.8343 0.0022
vn 0.5009 -0.8501 -0.1624
vn 0.2184 -0.9002 -0.3767
vn 0.4919 -0.8519 0.1796
vn 0.7152 0.3830 0.5847
vn 0.8791 0.3654 0.3062
vn 0.8518 0.4301 0.2991
vn 0.7033 0.4128 0.5788
vn 0.9337 0.3581 0.0020
vn 0.8995 0.4370 0.0014
vn 0.8796 0.3673 -0.3022
vn 0.8534 0.4287 -0.2966
vn 0.7169 0.3850 -0.5813
vn 0.7058 0.4111 -0.5769
vn 0.8420 0.4508 0.2963
vn 0.6993 0.4223 0.5768
vn 0.8868 0.4622 0.0010
vn 0.8439 0.4482 -0.2949
vn 0.7017 0.4193 -0.5760
vn 0.8509 0.4318 0.2992
vn 0.7025 0.4134 0.5793
vn 0.8984 0.4392 0.0006
vn 0.8521 0.4300 -0.2984
vn 0.7040 0.4113 -0.5789
vn 0.8766 0.3695 0.3083
vn 0.7119 0.3856 0.5870
vn 0.9322 0.3620 0.0002
vn 0.8762 0.3710 -0.3078
vn 0.7117 0.3869 -0.5863
vn 0.7136 0.3658 0.5975
vn 0.4613 0.3931 -0.7954
vn 0.7177 0.3692 -0.5905
vn 0.4644 0.3878 -0.7962
vn 0.4590 0.3878 -0.7993
vn 0.7226 0.3683 -0.5850
vn 0.4598 0.3937 -0.7960
vn 0.7264 0.3635 0.5832
vn 0.8902 0.3241 0.3202
vn 0.4593 0.4015 -0.7924
vn 0.8940 0.3268 -0.3064
vn 0.9522 0.3053 0.0036
vn 0.4583 0.4044 -0.7915
vn 0.9523 0.3052 -0.0012
vn 0.8915 0.3278 -0.3128
vn 0.4584 0.4019 -0.7927
vn 0.8964 0.3222 0.3042
vn 0.1660 0.9771 0.1328
vn 0.2160 0.9737 0.0723
vn 0.1754 0.9825 0.0621
vn 0.1500 0.9809 0.1242
vn 0.2352 0.9720 0.0000
vn 0.1825 0.9832 0.0000
vn 0.2160 0.9737 -0.0723
vn 0.1754 0.9825 -0.0621
vn 0.1660 0.9771 -0.1328
vn 0.1500 0.9809 -0.1242
vn 0.1651 0.9845 0.0589
vn 0.1457 0.9818 0.1216
vn 0.1693 0.9856 -0.0000
vn 0.1651 0.9845 -0.0589
vn 0.1457 0.9818 -0.1216
vn 0.1738 0.9829 0.0613
vn 0.1493 0.9810 0.1240
vn 0.1802 0.9836 -0.0000
vn 0.1738 0.9829 -0.0613
vn 0.1493 0.9810 -0.1240
vn 0.2078 0.9754 0.0730
vn 0.1611 0.9780 0.1326
vn 0.2276 0.9737 -0.0000
vn 0.2078 0.9754 -0.0730
vn 0.1611 0.9780 -0.1326
vn 0.1692 0.9753 0.1418
vn 0.1026 0.9787 -0.1778
vn 0.1692 0.9753 -0.1418
vn 0.1041 0.9781 -0.1803
vn 0.1040 0.9781 -0.1802
vn 0.1771 0.9747 -0.1365
vn 0.1022 0.9789 -0.1770
vn 0.1771 0.9747 0.1365
vn 0.2359 0.9680 0.0853
vn 0.1001 0.9797 -0.1734
vn 0.2426 0.9671 -0.0769
vn 0.2688 0.9632 -0.0000
vn 0.0992 0.9801 -0.1718
vn 0.2691 0.9631 -0.0000
vn 0.2359 0.9680 -0.0853
vn 0.0998 0.9799 -0.1729
vn 0.2426 0.9671 0.0769
vn 0.5636 0.6874 0.4581
vn 0.7062 0.6648 0.2435
vn 0.6391 0.7350 0.2264
vn 0.5359 0.7182 0.4438
vn 0.7565 0.6539 0.0000
vn 0.6704 0.7420 0.0000
vn 0.7062 0.6648 -0.2435
vn 0.6391 0.7350 -0.2264
vn 0.5636 0.6874 -0.4581
vn 0.5359 0.7182 -0.4438
vn 0.6186 0.7546 0.2187
vn 0.5285 0.7274 0.4377
vn 0.6428 0.7661 0.0000
vn 0.6186 0.7546 -0.2187
vn 0.5285 0.7274 -0.4377
vn 0.6377 0.7375 0.2225
vn 0.5369 0.7192 0.4410
vn 0.6668 0.7453 -0.0000
vn 0.6377 0.7375 -0.2225
vn 0.5369 0.7192 -0.4410
vn 0.6984 0.6731 0.2432
vn 0.5585 0.6922 0.4572
vn 0.7492 0.6623 -0.0000
vn 0.6984 0.6731 -0.2432
vn 0.5585 0.6922 -0.4572
vn 0.5682 0.6708 0.4766
vn 0.3577 0.6986 -0.6196
vn 0.5683 0.6708 -0.4766
vn 0.3604 0.6932 -0.6242
vn 0.3603 0.6934 -0.6240
vn 0.5856 0.6672 -0.4603
vn 0.3570 0.7001 -0.6184
vn 0.5856 0.6672 0.4603
vn 0.7381 0.6197 0.2667
vn 0.3533 0.7076 -0.6119
vn 0.7485 0.6158 -0.2460
vn 0.8064 0.5914 0.0000
vn 0.3516 0.7110 -0.6090
vn 0.8067 0.5909 -0.0000
vn 0.7381 0.6197 -0.2667
vn 0.3527 0.7087 -0.6110
vn 0.7486 0.6158 0.2460
vn 0.7397 0.2818 0.6111
vn 0.9083 0.2685 0.3207
vn 0.8933 0.3183 0.3173
vn 0.7332 0.3038 0.6084
vn 0.9650 0.2622 0.0000
vn 0.9458 0.3247 0.0000
vn 0.9083 0.2685 -0.3207
vn 0.8933 0.3183 -0.3173
vn 0.7397 0.2818 -0.6110
vn 0.7332 0.3038 -0.6084
vn 0.8894 0.3346 0.3114
vn 0.7343 0.3111 0.6033
vn 0.9386 0.3451 0.0000
vn 0.8894 0.3346 -0.3114
vn 0.7343 0.3111 -0.6033
vn 0.8963 0.3191 0.3079
vn 0.7397 0.3044 0.6001
vn 0.9455 0.3257 0.0000
vn 0.8963 0.3191 -0.3079
vn 0.7397 0.3044 -0.6001
vn 0.9106 0.2704 0.3125
vn 0.7450 0.2832 0.6039
vn 0.9645 0.2641 0.0000
vn 0.9106 0.2704 -0.3125
vn 0.7450 0.2832 -0.6039
vn 0.7395 0.2685 0.6173
vn 0.4787 0.2887 -0.8292
vn 0.7395 0.2685 -0.6173
vn 0.4793 0.2845 -0.8302
vn 0.4793 0.2847 -0.8302
vn 0.7520 0.2674 -0.6024
vn 0.4786 0.2894 -0.8290
vn 0.7520 0.2674 0.6024
vn 0.9147 0.2364 0.3276
vn 0.4777 0.2953 -0.8274
vn 0.9208 0.2352 -0.3112
vn 0.9753 0.2208 0.0000
vn 0.4773 0.2979 -0.8267
vn 0.9754 0.2204 0.0000
vn 0.9147 0.2364 -0.3276
vn 0.4776 0.2960 -0.8272
vn 0.9208 0.2352 0.3112
vn 0.7704 -0.0955 0.6304
vn 0.9406 -0.0909 0.3273
vn 0.9389 -0.1089 0.3265
vn 0.7699 -0.1034 0.6297
vn 0.9961 -0.0887 0.0000
vn 0.9938 -0.1114 0.0000
vn 0.9406 -0.0909 -0.3273
vn 0.9389 -0.1089 -0.3265
vn 0.7704 -0.0955 -0.6304
vn 0.7699 -0.1034 -0.6297
vn 0.9378 -0.1148 0.3277
vn 0.7687 -0.1059 0.6307
vn 0.9929 -0.1188 0.0000
vn 0.9378 -0.1148 -0.3277
vn 0.7687 -0.1059 -0.6307
vn 0.9380 -0.1088 0.3291
vn 0.7681 -0.1033 0.6320
vn 0.9938 -0.1112 0.0000
vn 0.9380 -0.1088 -0.3291
vn 0.7681 -0.1033 -0.6320
vn 0.9398 -0.0907 0.3294
vn 0.7690 -0.0954 0.6321
vn 0.9961 -0.0885 -0.0000
vn 0.9398 -0.0907 -0.3294
vn 0.7690 -0.0953 -0.6321
vn 0.7720 -0.0901 0.6292
vn 0.4976 -0.0978 -0.8619
vn 0.7720 -0.0901 -0.6292
vn 0.4977 -0.0962 -0.8620
vn 0.4977 -0.0961 -0.8620
vn 0.7681 -0.0902 -0.6339
vn 0.4976 -0.0977 -0.8619
vn 0.7681 -0.0902 0.6339
vn 0.9421 -0.0787 0.3260
vn 0.4975 -0.1002 -0.8617
vn 0.9403 -0.0788 -0.3312
vn 0.9973 -0.0734 0.0000
vn 0.4974 -0.1010 -0.8616
vn 0.9421 -0.0787 -0.3260
vn 0.9403 -0.0788 0.3312
vn -0.0068 -1.0000 -0.0055
vn -0.0088 -1.0000 -0.0030
vn -0.0073 -1.0000 -0.0025
vn -0.0063 -1.0000 -0.0051
vn -0.0096 -1.0000 0.0000
vn -0.0075 -1.0000 -0.0000
vn -0.0088 -1.0000 0.0030
vn -0.0073 -1.0000 0.0025
vn -0.0068 -1.0000 0.0055
vn -0.0063 -1.0000 0.0051
vn -0.0069 -1.0000 -0.0025
vn -0.0061 -1.0000 -0.0051
vn -0.0070 -1.0000 0.0000
vn -0.0069 -1.0000 0.0025
vn -0.0061 -1.0000 0.0051
vn -0.0073 -1.0000 -0.0026
vn -0.0062 -1.0000 -0.0052
vn -0.0076 -1.0000 -0.0000
vn -0.0073 -1.0000 0.0026
vn -0.0062 -1.0000 0.0052
vn -0.0091 -1.0000 -0.0031
vn -0.0069 -1.0000 -0.0056
vn -0.0099 -1.0000 0.0000
vn -0.0091 -1.0000 0.0031
vn -0.0069 -1.0000 0.0056
vn -0.0075 -1.0000 -0.0057
vn -0.0043 -1.0000 0.0074
vn -0.0075 -1.0000 0.0057
vn -0.0044 -1.0000 0.0075
vn -0.0044 -1.0000 0.0076
vn -0.0071 -1.0000 0.0060
vn -0.0071 -1.0000 -0.0060
vn -0.0103 -0.9999 -0.0032
vn -0.0042 -1.0000 0.0072
vn -0.0100 -0.9999 0.0036
vn -0.0115 -0.9999 0.0000
vn -0.0041 -1.0000 0.0072
vn -0.0114 -0.9999 0.0000
vn -0.0103 -0.9999 0.0032
vn -0.0042 -1.0000 0.0073
vn -0.0100 -0.9999 -0.0036
vn 0.4972 -0.7651 0.4091
vn 0.6262 -0.7481 0.2195
vn 0.5615 -0.8037 0.1969
vn 0.4750 -0.7880 0.3918
vn 0.6750 -0.7378 -0.0005
vn 0.5856 -0.8106 -0.0006
vn 0.6265 -0.7475 -0.2205
vn 0.5604 -0.8043 -0.1978
vn 0.4972 -0.7647 -0.4099
vn 0.4735 -0.7887 -0.3922
vn 0.5426 -0.8180 0.1912
vn 0.4676 -0.7949 0.3866
vn 0.5610 -0.8278 -0.0008
vn 0.5410 -0.8187 -0.1925
vn 0.4654 -0.7958 -0.3874
vn 0.5644 -0.8015 0.1977
vn 0.4764 -0.7873 0.3914
vn 0.5899 -0.8075 -0.0011
vn 0.5631 -0.8019 -0.1998
vn 0.4742 -0.7878 -0.3931
vn 0.6374 -0.7398 0.2156
vn 0.5061 -0.7607 0.4065
vn 0.6844 -0.7291 -0.0018
vn 0.6373 -0.7388 -0.2192
vn 0.5049 -0.7598 -0.4097
vn 0.5253 -0.7436 0.4137
vn 0.3178 -0.7718 -0.5508
vn 0.5285 -0.7413 -0.4137
vn 0.3224 -0.7659 -0.5562
vn 0.3191 -0.7658 -0.5583
vn 0.5094 -0.7453 -0.4301
vn 0.3173 -0.7706 -0.5528
vn 0.5122 -0.7464 0.4249
vn 0.6818 -0.6963 0.2243
vn 0.3128 -0.7793 -0.5431
vn 0.6723 -0.6983 -0.2456
vn 0.7406 -0.6719 0.0006
vn 0.3111 -0.7814 -0.5410
vn 0.7404 -0.6722 -0.0031
vn 0.6845 -0.6939 -0.2235
vn 0.3126 -0.7785 -0.5443
vn 0.6731 -0.6997 0.2394
vn 0.7318 0.3342 0.5939
vn 0.8964 0.3185 0.3083
vn 0.8760 0.3741 0.3043
vn 0.7230 0.3579 0.5909
vn 0.9506 0.3104 -0.0026
vn 0.9242 0.3818 -0.0019
vn 0.8952 0.3169 -0.3133
vn 0.8743 0.3754 -0.3078
vn 0.7291 0.3325 -0.5981
vn 0.7201 0.3594 -0.5936
vn 0.8687 0.3920 0.3029
vn 0.7199 0.3655 0.5901
vn 0.9143 0.4049 -0.0013
vn 0.8668 0.3944 -0.3052
vn 0.7173 0.3681 -0.5916
vn 0.8752 0.3752 0.3056
vn 0.7218 0.3581 0.5923
vn 0.9235 0.3835 -0.0008
vn 0.8740 0.3767 -0.3069
vn 0.7201 0.3599 -0.5932
vn 0.8937 0.3214 0.3131
vn 0.7275 0.3358 0.5983
vn 0.9496 0.3134 -0.0003
vn 0.8939 0.3200 -0.3138
vn 0.7274 0.3346 -0.5991
vn 0.7320 0.3198 0.6016
vn 0.4678 0.3415 -0.8152
vn 0.7273 0.3167 -0.6089
vn 0.4670 0.3367 -0.8177
vn 0.4724 0.3366 -0.8146
vn 0.7393 0.3149 -0.5952
vn 0.4696 0.3420 -0.8140
vn 0.7363 0.3191 0.5968
vn 0.9053 0.2827 0.3170
vn 0.4668 0.3491 -0.8126
vn 0.9093 0.2780 -0.3097
vn 0.9648 0.2629 -0.0039
vn 0.4667 0.3518 -0.8114
vn 0.9649 0.2628 0.0010
vn 0.9035 0.2795 -0.3250
vn 0.4677 0.3494 -0.8119
vn 0.9074 0.2820 0.3115
vn 0.1607 0.9786 0.1286
vn 0.2092 0.9754 0.0700
vn 0.1697 0.9837 0.0602
vn 0.1451 0.9821 0.1203
vn 0.2278 0.9737 -0.0000
vn 0.1766 0.9843 -0.0000
vn 0.2092 0.9754 -0.0701
vn 0.1697 0.9837 -0.0602
vn 0.1607 0.9786 -0.1286
vn 0.1451 0.9821 -0.1203
vn 0.1598 0.9855 0.0570
vn 0.1410 0.9830 0.1177
vn 0.1638 0.9865 -0.0000
vn 0.1598 0.9855 -0.0570
vn 0.1410 0.9830 -0.1177
vn 0.1682 0.9840 0.0593
vn 0.1446 0.9822 0.1199
vn 0.1743 0.9847 0.0000
vn 0.1682 0.9840 -0.0593
vn 0.1446 0.9822 -0.1199
vn 0.2012 0.9770 0.0706
vn 0.1560 0.9794 0.1283
vn 0.2205 0.9754 0.0000
vn 0.2012 0.9770 -0.0706
vn 0.1560 0.9794 -0.1283
vn 0.1638 0.9769 0.1373
vn 0.0994 0.9801 -0.1721
vn 0.1638 0.9769 -0.1373
vn 0.1008 0.9795 -0.1745
vn 0.1007 0.9795 -0.1744
vn 0.1715 0.9763 -0.1321
vn 0.0989 0.9802 -0.1713
vn 0.1715 0.9763 0.1321
vn 0.2285 0.9700 0.0827
vn 0.0969 0.9810 -0.1679
vn 0.2350 0.9691 -0.0744
vn 0.2605 0.9655 -0.0000
vn 0.0960 0.9814 -0.1663
vn 0.2607 0.9654 0.0000
vn 0.2285 0.9700 -0.0827
vn 0.0966 0.9812 -0.1674
vn 0.2350 0.9691 0.0744
vn 0.2002 0.9664 0.1613
vn 0.2604 0.9615 0.0881
vn 0.2125 0.9742 0.0760
vn 0.1813 0.9717 0.1512
vn 0.2836 0.9589 -0.0000
vn 0.2214 0.9752 0.0000
vn 0.2604 0.9615 -0.0881
vn 0.2125 0.9742 -0.0760
vn 0.2002 0.9664 -0.1613
vn 0.1813 0.9717 -0.1512
vn 0.2005 0.9771 0.0715
vn 0.1767 0.9731 0.1475
vn 0.2057 0.9786 0.0000
vn 0.2005 0.9771 -0.0715
vn 0.1767 0.9731 -0.1475
vn 0.2112 0.9747 0.0736
vn 0.1816 0.9719 0.1495
vn 0.2188 0.9758 -0.0000
vn 0.2112 0.9747 -0.0736
vn 0.1816 0.9719 -0.1495
vn 0.2517 0.9639 0.0873
vn 0.1957 0.9676 0.1596
vn 0.2751 0.9614 0.0000
vn 0.2517 0.9639 -0.0873
vn 0.1957 0.9676 -0.1596
vn 0.2041 0.9637 0.1719
vn 0.1243 0.9686 -0.2154
vn 0.2041 0.9637 -0.1719
vn 0.1260 0.9677 -0.2183
vn 0.1259 0.9678 -0.2181
vn 0.2147 0.9628 -0.1643
vn 0.1237 0.9689 -0.2142
vn 0.2147 0.9628 0.1643
vn 0.2839 0.9533 0.1034
vn 0.1214 0.9701 -0.2102
vn 0.2925 0.9518 -0.0919
vn 0.3231 0.9464 -0.0000
vn 0.1202 0.9707 -0.2082
vn 0.3236 0.9462 0.0000
vn 0.2840 0.9532 -0.1034
vn 0.1209 0.9703 -0.2094
vn 0.2925 0.9518 0.0919
vn 0.4756 0.7891 0.3887
vn 0.6035 0.7694 0.2093
vn 0.5285 0.8273 0.1903
vn 0.4451 0.8143 0.3727
vn 0.6503 0.7596 0.0000
vn 0.5538 0.8327 0.0000
vn 0.6035 0.7694 -0.2093
vn 0.5285 0.8273 -0.1903
vn 0.4756 0.7891 -0.3887
vn 0.4451 0.8142 -0.3727
vn 0.5077 0.8425 0.1801
vn 0.4386 0.8216 0.3642
vn 0.5251 0.8510 0.0000
vn 0.5077 0.8425 -0.1801
vn 0.4386 0.8216 -0.3642
vn 0.5285 0.8294 0.1813
vn 0.4493 0.8154 0.3651
vn 0.5499 0.8352 0.0000
vn 0.5285 0.8294 -0.1813
vn 0.4493 0.8154 -0.3651
vn 0.5956 0.7772 0.2029
vn 0.4736 0.7937 0.3817
vn 0.6410 0.7675 -0.0000
vn 0.5956 0.7772 -0.2029
vn 0.4736 0.7937 -0.3817
vn 0.4818 0.7760 0.4071
vn 0.3009 0.7986 -0.5212
vn 0.4818 0.7760 -0.4071
vn 0.3037 0.7943 -0.5261
vn 0.3035 0.7947 -0.5256
vn 0.5033 0.7723 -0.3875
vn 0.2997 0.8004 -0.5192
vn 0.5033 0.7723 0.3875
vn 0.6398 0.7321 0.2338
vn 0.2961 0.8058 -0.5128
vn 0.6538 0.7274 -0.2085
vn 0.7079 0.7064 0.0000
vn 0.2941 0.8088 -0.5093
vn 0.7088 0.7054 -0.0000
vn 0.6398 0.7321 -0.2338
vn 0.2951 0.8073 -0.5111
vn 0.6538 0.7274 0.2085
vn 0.2337 -0.9536 0.1901
vn 0.2998 -0.9484 0.1036
vn 0.2528 -0.9635 0.0879
vn 0.2172 -0.9597 0.1784
vn 0.3272 -0.9450 -0.0000
vn 0.2619 -0.9651 -0.0000
vn 0.2998 -0.9484 -0.1036
vn 0.2528 -0.9635 -0.0879
vn 0.2337 -0.9536 -0.1901
vn 0.2172 -0.9597 -0.1784
vn 0.2402 -0.9669 0.0856
vn 0.2113 -0.9614 0.1763
vn 0.2465 -0.9691 -0.0000
vn 0.2402 -0.9669 -0.0856
vn 0.2113 -0.9614 -0.1763
vn 0.2541 -0.9629 0.0911
vn 0.2166 -0.9594 0.1808
vn 0.2650 -0.9643 -0.0000
vn 0.2541 -0.9629 -0.0911
vn 0.2166 -0.9594 -0.1808
vn 0.3094 -0.9451 0.1050
vn 0.2384 -0.9519 0.1925
vn 0.3366 -0.9416 -0.0000
vn 0.3094 -0.9451 -0.1050
vn 0.2384 -0.9519 -0.1925
vn 0.2555 -0.9468 0.1955
vn 0.1476 -0.9555 -0.2556
vn 0.2555 -0.9468 -0.1955
vn 0.1502 -0.9538 -0.2601
vn 0.1503 -0.9537 -0.2604
vn 0.2430 -0.9482 -0.2048
vn 0.1484 -0.9550 -0.2570
vn 0.2430 -0.9482 0.2048
vn 0.3465 -0.9317 0.1089
vn 0.1444 -0.9574 -0.2500
vn 0.3365 -0.9336 -0.1227
vn 0.3826 -0.9239 0.0000
vn 0.1436 -0.9579 -0.2487
vn 0.3819 -0.9242 -0.0000
vn 0.3465 -0.9317 -0.1089
vn 0.1450 -0.9571 -0.2511
vn 0.3365 -0.9336 0.1227
vn 0.4709 -0.7942 0.3841
vn 0.5936 -0.7780 0.2058
vn 0.5270 -0.8299 0.1833
vn 0.4471 -0.8157 0.3669
vn 0.6400 -0.7684 -0.0000
vn 0.5490 -0.8358 -0.0000
vn 0.5936 -0.7780 -0.2058
vn 0.5270 -0.8299 -0.1833
vn 0.4709 -0.7942 -0.3841
vn 0.4471 -0.8157 -0.3669
vn 0.5071 -0.8429 0.1798
vn 0.4381 -0.8220 0.3638
vn 0.5244 -0.8515 0.0000
vn 0.5071 -0.8429 -0.1798
vn 0.4381 -0.8220 -0.3638
vn 0.5285 -0.8278 0.1883
vn 0.4458 -0.8148 0.3706
vn 0.5532 -0.8331 0.0000
vn 0.5285 -0.8278 -0.1883
vn 0.4458 -0.8148 -0.3706
vn 0.6036 -0.7699 0.2074
vn 0.4764 -0.7896 0.3867
vn 0.6497 -0.7601 -0.0000
vn 0.6036 -0.7699 -0.2074
vn 0.4764 -0.7896 -0.3867
vn 0.5008 -0.7730 0.3894
vn 0.2996 -0.8006 -0.5189
vn 0.5008 -0.7730 -0.3894
vn 0.3032 -0.7951 -0.5252
vn 0.3034 -0.7949 -0.5255
vn 0.4822 -0.7765 -0.4056
vn 0.3005 -0.7992 -0.5205
vn 0.4822 -0.7765 0.4056
vn 0.6520 -0.7283 0.2108
vn 0.2949 -0.8075 -0.5108
vn 0.6399 -0.7325 -0.2323
vn 0.7079 -0.7063 0.0000
vn 0.2937 -0.8093 -0.5088
vn 0.7074 -0.7069 -0.0000
vn 0.6521 -0.7283 -0.2108
vn 0.2956 -0.8065 -0.5121
vn 0.6399 -0.7325 0.2323
vn 0.6034 -0.6263 0.4936
vn 0.7509 -0.6066 0.2611
vn 0.6968 -0.6750 0.2427
vn 0.5841 -0.6553 0.4790
vn 0.8032 -0.5957 0.0000
vn 0.7299 -0.6836 0.0000
vn 0.7509 -0.6066 -0.2611
vn 0.6968 -0.6750 -0.2427
vn 0.6034 -0.6263 -0.4936
vn 0.5841 -0.6553 -0.4790
vn 0.6790 -0.6939 0.2396
vn 0.5762 -0.6641 0.4764
vn 0.7076 -0.7066 0.0000
vn 0.6790 -0.6939 -0.2396
vn 0.5762 -0.6641 -0.4764
vn 0.6976 -0.6726 0.2470
vn 0.5826 -0.6542 0.4823
vn 0.7329 -0.6803 -0.0000
vn 0.6976 -0.6726 -0.2470
vn 0.5826 -0.6542 -0.4823
vn 0.7567 -0.5989 0.2620
vn 0.6071 -0.6218 0.4948
vn 0.8089 -0.5880 -0.0000
vn 0.7567 -0.5989 -0.2620
vn 0.6071 -0.6218 -0.4948
vn 0.6276 -0.6006 0.4953
vn 0.3864 -0.6347 -0.6692
vn 0.6276 -0.6006 -0.4953
vn 0.3892 -0.6277 -0.6742
vn 0.3893 -0.6274 -0.6743
vn 0.6108 -0.6039 -0.5120
vn 0.3870 -0.6332 -0.6703
vn 0.6108 -0.6039 0.5120
vn 0.7941 -0.5481 0.2627
vn 0.3825 -0.6439 -0.6626
vn 0.7845 -0.5517 -0.2831
vn 0.8523 -0.5231 -0.0000
vn 0.3815 -0.6464 -0.6608
vn 0.8520 -0.5236 -0.0000
vn 0.7941 -0.5481 -0.2627
vn 0.3830 -0.6428 -0.6634
vn 0.7845 -0.5517 0.2831
vn 0.6973 -0.4304 0.5732
vn 0.8595 -0.4132 0.3009
vn 0.8293 -0.4776 0.2901
vn 0.6868 -0.4581 0.5644
vn 0.9147 -0.4042 0.0000
vn 0.8738 -0.4862 0.0000
vn 0.8595 -0.4132 -0.3009
vn 0.8293 -0.4776 -0.2901
vn 0.6973 -0.4304 -0.5732
vn 0.6868 -0.4581 -0.5644
vn 0.8187 -0.4970 0.2874
vn 0.6826 -0.4670 0.5621
vn 0.8600 -0.5103 0.0000
vn 0.8187 -0.4970 -0.2874
vn 0.6826 -0.4670 -0.5621
vn 0.8299 -0.4758 0.2912
vn 0.6867 -0.4575 0.5649
vn 0.8752 -0.4838 0.0000
vn 0.8299 -0.4758 -0.2912
vn 0.6867 -0.4575 -0.5649
vn 0.8624 -0.4085 0.2990
vn 0.7005 -0.4276 0.5713
vn 0.9167 -0.3995 0.0000
vn 0.8624 -0.4085 -0.2990
vn 0.7005 -0.4276 -0.5713
vn 0.7119 -0.4084 0.5713
vn 0.4494 -0.4383 -0.7784
vn 0.7119 -0.4084 -0.5713
vn 0.4509 -0.4320 -0.7810
vn 0.4510 -0.4319 -0.7811
vn 0.7009 -0.4103 -0.5835
vn 0.4496 -0.4375 -0.7788
vn 0.7009 -0.4103 0.5834
vn 0.8823 -0.3636 0.2990
vn 0.4473 -0.4470 -0.7747
vn 0.8767 -0.3654 -0.3128
vn 0.9394 -0.3427 -0.0000
vn 0.4466 -0.4497 -0.7735
vn 0.9394 -0.3429 0.0000
vn 0.8823 -0.3636 -0.2990
vn 0.4474 -0.4465 -0.7749
vn 0.8767 -0.3654 0.3128
vn 0.7588 -0.1917 0.6225
vn 0.9282 -0.1827 0.3241
vn 0.9217 -0.2172 0.3212
vn 0.7569 -0.2065 0.6201
vn 0.9840 -0.1783 -0.0001
vn 0.9750 -0.2222 -0.0003
vn 0.9282 -0.1825 -0.3243
vn 0.9215 -0.2175 -0.3218
vn 0.7587 -0.1914 -0.6227
vn 0.7564 -0.2068 -0.6205
vn 0.9192 -0.2284 0.3209
vn 0.7558 -0.2114 0.6198
vn 0.9717 -0.2363 -0.0005
vn 0.9187 -0.2289 -0.3218
vn 0.7551 -0.2119 -0.6205
vn 0.9216 -0.2168 0.3220
vn 0.7565 -0.2063 0.6206
vn 0.9751 -0.2216 -0.0006
vn 0.9211 -0.2170 -0.3232
vn 0.7556 -0.2066 -0.6216
vn 0.9287 -0.1817 0.3232
vn 0.7598 -0.1910 0.6215
vn 0.9842 -0.1772 -0.0008
vn 0.9282 -0.1815 -0.3248
vn 0.7588 -0.1908 -0.6228
vn 0.7631 -0.1811 0.6204
vn 0.4902 -0.1959 -0.8493
vn 0.7635 -0.1804 -0.6201
vn 0.4909 -0.1927 -0.8497
vn 0.4896 -0.1926 -0.8504
vn 0.7572 -0.1809 -0.6276
vn 0.4896 -0.1957 -0.8497
vn 0.7586 -0.1814 0.6258
vn 0.9334 -0.1586 0.3219
vn 0.4896 -0.2006 -0.8486
vn 0.9306 -0.1584 -0.3299
vn 0.9890 -0.1479 0.0001
vn 0.4893 -0.2021 -0.8484
vn 0.9890 -0.1480 -0.0011
vn 0.9336 -0.1580 -0.3217
vn 0.4893 -0.2004 -0.8488
vn 0.9313 -0.1590 0.3278
vn 0.7296 0.3346 0.5964
vn 0.8952 0.3189 0.3113
vn 0.8745 0.3759 0.3066
vn 0.7207 0.3596 0.5927
vn 0.9503 0.3114 -0.0008
vn 0.9237 0.3830 -0.0006
vn 0.8948 0.3187 -0.3128
vn 0.8740 0.3760 -0.3078
vn 0.7287 0.3343 -0.5977
vn 0.7198 0.3599 -0.5936
vn 0.8674 0.3943 0.3035
vn 0.7186 0.3678 0.5902
vn 0.9138 0.4062 -0.0005
vn 0.8670 0.3946 -0.3043
vn 0.7179 0.3681 -0.5909
vn 0.8747 0.3770 0.3044
vn 0.7219 0.3601 0.5910
vn 0.9230 0.3847 -0.0003
vn 0.8745 0.3772 -0.3050
vn 0.7214 0.3603 -0.5914
vn 0.8940 0.3219 0.3116
vn 0.7284 0.3364 0.5969
vn 0.9493 0.3144 -0.0002
vn 0.8940 0.3217 -0.3119
vn 0.7283 0.3362 -0.5971
vn 0.7293 0.3195 0.6050
vn 0.4691 0.3425 -0.8140
vn 0.7280 0.3191 -0.6068
vn 0.4697 0.3377 -0.8157
vn 0.4708 0.3378 -0.8150
vn 0.7386 0.3177 -0.5946
vn 0.4695 0.3432 -0.8135
vn 0.7382 0.3183 0.5947
vn 0.9040 0.2824 0.3209
vn 0.4678 0.3502 -0.8115
vn 0.9086 0.2806 -0.3093
vn 0.9646 0.2638 -0.0010
vn 0.4674 0.3529 -0.8105
vn 0.9646 0.2637 0.0001
vn 0.9035 0.2819 -0.3229
vn 0.4680 0.3507 -0.8112
vn 0.9084 0.2812 0.3094
vn 0.6447 0.5554 0.5252
vn 0.7995 0.5332 0.2767
vn 0.7493 0.6073 0.2642
vn 0.6238 0.5882 0.5148
vn 0.8526 0.5226 -0.0000
vn 0.7883 0.6153 -0.0000
vn 0.7995 0.5332 -0.2767
vn 0.7493 0.6072 -0.2642
vn 0.6447 0.5554 -0.5252
vn 0.6238 0.5882 -0.5148
vn 0.7329 0.6294 0.2581
vn 0.6179 0.5983 0.5101
vn 0.7660 0.6428 0.0000
vn 0.7329 0.6294 -0.2581
vn 0.6179 0.5983 -0.5101
vn 0.7484 0.6095 0.2614
vn 0.6245 0.5890 0.5129
vn 0.7858 0.6185 0.0000
vn 0.7484 0.6095 -0.2614
vn 0.6245 0.5890 -0.5129
vn 0.7947 0.5400 0.2775
vn 0.6409 0.5594 0.5257
vn 0.8483 0.5295 -0.0000
vn 0.7946 0.5400 -0.2775
vn 0.6408 0.5594 -0.5257
vn 0.6472 0.5370 0.5410
vn 0.4120 0.5667 -0.7135
vn 0.6472 0.5370 -0.5410
vn 0.4140 0.5608 -0.7171
vn 0.4139 0.5609 -0.7169
vn 0.6619 0.5342 -0.5259
vn 0.4115 0.5680 -0.7128
vn 0.6619 0.5341 0.5259
vn 0.8226 0.4857 0.2955
vn 0.4086 0.5764 -0.7077
vn 0.8306 0.4828 -0.2775
vn 0.8885 0.4588 0.0000
vn 0.4073 0.5800 -0.7055
vn 0.8887 0.4585 -0.0000
vn 0.8226 0.4857 -0.2955
vn 0.4083 0.5773 -0.7071
vn 0.8306 0.4828 0.2775
vn 0.4625 0.8027 0.3765
vn 0.5874 0.7836 0.2026
vn 0.5120 0.8392 0.1834
vn 0.4319 0.8268 0.3604
vn 0.6331 0.7741 0.0000
vn 0.5360 0.8442 -0.0000
vn 0.5874 0.7836 -0.2026
vn 0.5120 0.8392 -0.1834
vn 0.4625 0.8027 -0.3765
vn 0.4319 0.8268 -0.3604
vn 0.4909 0.8536 0.1742
vn 0.4248 0.8337 0.3528
vn 0.5074 0.8617 -0.0000
vn 0.4909 0.8536 -0.1742
vn 0.4248 0.8337 -0.3528
vn 0.5111 0.8412 0.1766
vn 0.4345 0.8278 0.3549
vn 0.5319 0.8468 0.0000
vn 0.5111 0.8412 -0.1766
vn 0.4345 0.8278 -0.3549
vn 0.5781 0.7914 0.1988
vn 0.4585 0.8072 0.3718
vn 0.6232 0.7820 -0.0000
vn 0.5781 0.7914 -0.1988
vn 0.4585 0.8072 -0.3718
vn 0.4686 0.7901 0.3951
vn 0.2919 0.8119 -0.5056
vn 0.4686 0.7901 -0.3951
vn 0.2947 0.8078 -0.5105
vn 0.2945 0.8081 -0.5101
vn 0.4885 0.7866 -0.3776
vn 0.2908 0.8134 -0.5037
vn 0.4885 0.7866 0.3776
vn 0.6239 0.7477 0.2274
vn 0.2870 0.8188 -0.4972
vn 0.6371 0.7433 -0.2042
vn 0.6912 0.7227 0.0000
vn 0.2851 0.8215 -0.4938
vn 0.6920 0.7219 -0.0000
vn 0.6239 0.7477 -0.2274
vn 0.2862 0.8200 -0.4957
vn 0.6371 0.7433 0.2042
vn 0.2951 0.9248 0.2402
vn 0.3818 0.9149 0.1312
vn 0.3173 0.9413 0.1149
vn 0.2695 0.9360 0.2266
vn 0.4150 0.9098 0.0000
vn 0.3314 0.9435 0.0000
vn 0.3818 0.9149 -0.1312
vn 0.3173 0.9413 -0.1149
vn 0.2951 0.9248 -0.2402
vn 0.2695 0.9360 -0.2266
vn 0.3010 0.9476 0.1072
vn 0.2641 0.9391 0.2201
vn 0.3094 0.9509 0.0000
vn 0.3010 0.9476 -0.1072
vn 0.2641 0.9391 -0.2201
vn 0.3168 0.9423 0.1083
vn 0.2722 0.9365 0.2210
vn 0.3280 0.9447 0.0000
vn 0.3168 0.9423 -0.1083
vn 0.2722 0.9365 -0.2210
vn 0.3726 0.9194 0.1262
vn 0.2921 0.9272 0.2343
vn 0.4049 0.9144 0.0000
vn 0.3726 0.9194 -0.1263
vn 0.2921 0.9272 -0.2343
vn 0.3006 0.9192 0.2545
vn 0.1847 0.9293 -0.3199
vn 0.3006 0.9192 -0.2545
vn 0.1870 0.9274 -0.3239
vn 0.1867 0.9276 -0.3234
vn 0.3177 0.9171 -0.2408
vn 0.1836 0.9302 -0.3179
vn 0.3177 0.9171 0.2408
vn 0.4134 0.8978 0.1517
vn 0.1807 0.9324 -0.3130
vn 0.4263 0.8948 -0.1325
vn 0.4671 0.8842 0.0000
vn 0.1790 0.9337 -0.3101
vn 0.4683 0.8836 -0.0000
vn 0.4134 0.8978 -0.1517
vn 0.1798 0.9331 -0.3114
vn 0.4263 0.8948 0.1325
vn 0.0829 0.9941 0.0694
vn 0.1094 0.9932 0.0389
vn 0.0880 0.9955 0.0338
vn 0.0746 0.9951 0.0651
vn 0.1202 0.9927 0.0000
vn 0.0923 0.9957 0.0000
vn 0.1094 0.9932 -0.0389
vn 0.0880 0.9955 -0.0338
vn 0.0829 0.9941 -0.0694
vn 0.0746 0.9951 -0.0651
vn 0.0836 0.9961 0.0297
vn 0.0740 0.9954 0.0614
vn 0.0856 0.9963 0.0000
vn 0.0836 0.9961 -0.0297
vn 0.0740 0.9954 -0.0614
vn 0.0902 0.9956 0.0257
vn 0.0797 0.9952 0.0573
vn 0.0918 0.9958 0.0000
vn 0.0902 0.9956 -0.0257
vn 0.0797 0.9952 -0.0573
vn 0.1134 0.9932 0.0246
vn 0.0926 0.9942 0.0547
vn 0.1191 0.9929 -0.0000
vn 0.1134 0.9932 -0.0246
vn 0.0926 0.9942 -0.0547
vn 0.0850 0.9937 0.0734
vn 0.0523 0.9945 -0.0905
vn 0.0850 0.9937 -0.0734
vn 0.0530 0.9944 -0.0917
vn 0.0519 0.9946 -0.0899
vn 0.1072 0.9929 -0.0524
vn 0.0507 0.9948 -0.0879
vn 0.1072 0.9929 0.0524
vn 0.1199 0.9918 0.0452
vn 0.0510 0.9948 -0.0884
vn 0.1340 0.9907 -0.0233
vn 0.0503 0.9949 -0.0872
vn 0.1412 0.9900 -0.0000
vn 0.1199 0.9918 -0.0452
vn 0.0501 0.9950 -0.0867
vn 0.1340 0.9907 0.0233
vn -0.0000 -1.0000 -0.0002
vn -0.0001 -1.0000 -0.0002
vn -0.0000 -1.0000 -0.0001
vn -0.0001 -1.0000 -0.0001
vn -0.0002 -1.0000 -0.0001
vn 0.1627 0.0000 -0.9867
vn -0.1865 0.0000 -0.9825
vn -0.5000 0.0000 -0.8660
vn -0.7576 -0.0000 -0.6527
vn -0.9358 0.0000 -0.3525
vn 0.0241 0.9869 -0.1593
vn -0.0346 0.9849 -0.1694
vn -0.0257 0.9901 -0.1383
vn 0.0246 0.9891 -0.1452
vn -0.0893 0.9839 -0.1548
vn -0.0690 0.9904 -0.1194
vn -0.1294 0.9849 -0.1147
vn -0.1069 0.9901 -0.0914
vn -0.1500 0.9869 -0.0588
vn -0.1380 0.9891 -0.0513
vn -0.0239 0.9912 -0.1302
vn 0.0246 0.9897 -0.1414
vn -0.0639 0.9918 -0.1106
vn -0.1008 0.9912 -0.0858
vn -0.1347 0.9897 -0.0494
vn -0.0254 0.9903 -0.1369
vn 0.0248 0.9892 -0.1447
vn -0.0680 0.9907 -0.1178
vn -0.1059 0.9903 -0.0905
vn -0.1377 0.9892 -0.0508
vn -0.0307 0.9860 -0.1642
vn 0.0261 0.9874 -0.1559
vn -0.0864 0.9850 -0.1496
vn -0.1268 0.9860 -0.1087
vn -0.1480 0.9874 -0.0553
vn 0.0289 0.9859 -0.1648
vn -0.1572 0.9859 -0.0574
vn -0.1568 0.9855 -0.0645
vn 0.0225 0.9855 -0.1681
vn -0.0336 0.9816 -0.1879
vn -0.1430 0.9811 -0.1306
vn -0.1025 0.9788 -0.1775
vn -0.1025 0.9787 -0.1776
vn -0.1459 0.9816 -0.1230
vn -0.0416 0.9811 -0.1891
vn 0.1331 -0.5984 -0.7901
vn -0.1496 -0.5789 -0.8016
vn -0.1398 -0.6480 -0.7487
vn 0.1297 -0.6277 -0.7676
vn -0.4114 -0.5682 -0.7126
vn -0.3770 -0.6569 -0.6530
vn -0.6194 -0.5789 -0.5303
vn -0.5784 -0.6480 -0.4954
vn -0.7508 -0.5984 -0.2798
vn -0.7296 -0.6277 -0.2715
vn -0.1368 -0.6674 -0.7320
vn 0.1280 -0.6369 -0.7603
vn -0.3664 -0.6804 -0.6346
vn -0.5655 -0.6674 -0.4845
vn -0.7224 -0.6369 -0.2692
vn -0.1420 -0.6456 -0.7504
vn 0.1270 -0.6270 -0.7686
vn -0.3785 -0.6534 -0.6556
vn -0.5788 -0.6456 -0.4982
vn -0.7292 -0.6270 -0.2743
vn -0.1578 -0.5713 -0.8054
vn 0.1255 -0.5940 -0.7946
vn -0.4141 -0.5605 -0.7172
vn -0.6187 -0.5713 -0.5393
vn -0.7509 -0.5940 -0.2886
vn 0.1218 -0.5729 -0.8105
vn -0.7628 -0.5729 -0.2998
vn -0.7673 -0.5758 -0.2823
vn 0.1391 -0.5758 -0.8056
vn -0.1697 -0.5208 -0.8367
vn -0.6495 -0.5236 -0.5513
vn -0.4342 -0.4959 -0.7520
vn -0.4342 -0.4960 -0.7520
vn -0.6397 -0.5208 -0.5653
vn -0.1527 -0.5237 -0.8381
vn 0.0945 -0.8240 -0.5587
vn -0.1073 -0.8095 -0.5773
vn -0.0942 -0.8560 -0.5084
vn 0.0907 -0.8432 -0.5299
vn -0.2995 -0.8007 -0.5188
vn -0.2540 -0.8613 -0.4400
vn -0.4463 -0.8095 -0.3815
vn -0.3931 -0.8560 -0.3358
vn -0.5311 -0.8240 -0.1975
vn -0.5042 -0.8432 -0.1864
vn -0.0904 -0.8674 -0.4893
vn 0.0892 -0.8489 -0.5209
vn -0.2421 -0.8749 -0.4193
vn -0.3785 -0.8674 -0.3230
vn -0.4957 -0.8489 -0.1832
vn -0.0962 -0.8540 -0.5113
vn 0.0885 -0.8426 -0.5312
vn -0.2563 -0.8586 -0.4440
vn -0.3947 -0.8540 -0.3390
vn -0.5043 -0.8426 -0.1890
vn -0.1175 -0.8014 -0.5865
vn 0.0871 -0.8197 -0.5661
vn -0.3050 -0.7924 -0.5283
vn -0.4492 -0.8014 -0.3950
vn -0.5338 -0.8197 -0.2076
vn 0.0836 -0.8049 -0.5875
vn -0.5506 -0.8049 -0.2213
vn -0.5533 -0.8079 -0.2028
vn 0.1010 -0.8079 -0.5805
vn -0.1332 -0.7638 -0.6316
vn -0.4896 -0.7674 -0.4140
vn -0.3345 -0.7433 -0.5793
vn -0.3344 -0.7434 -0.5792
vn -0.4803 -0.7638 -0.4311
vn -0.1138 -0.7674 -0.6310
vn 0.1605 -0.2081 -0.9648
vn -0.1816 -0.1985 -0.9631
vn -0.1803 -0.2367 -0.9547
vn 0.1595 -0.2252 -0.9612
vn -0.4904 -0.1941 -0.8496
vn -0.4850 -0.2415 -0.8405
vn -0.7431 -0.1992 -0.6389
vn -0.7364 -0.2359 -0.6341
vn -0.9156 -0.2088 -0.3435
vn -0.9122 -0.2243 -0.3430
vn -0.1798 -0.2490 -0.9517
vn 0.1592 -0.2308 -0.9599
vn -0.4829 -0.2567 -0.8372
vn -0.7339 -0.2478 -0.6324
vn -0.9108 -0.2294 -0.3431
vn -0.1807 -0.2361 -0.9548
vn 0.1590 -0.2250 -0.9613
vn -0.4847 -0.2407 -0.8409
vn -0.7358 -0.2354 -0.6350
vn -0.9117 -0.2242 -0.3443
vn -0.1832 -0.1972 -0.9631
vn 0.1583 -0.2073 -0.9654
vn -0.4898 -0.1928 -0.8502
vn -0.7411 -0.1980 -0.6415
vn -0.9144 -0.2081 -0.3471
vn 0.1546 -0.1957 -0.9684
vn -0.9162 -0.1977 -0.3487
vn -0.9179 -0.1980 -0.3439
vn 0.1646 -0.1964 -0.9666
vn -0.1878 -0.1715 -0.9671
vn -0.7471 -0.1737 -0.6417
vn -0.4939 -0.1612 -0.8544
vn -0.4922 -0.1612 -0.8554
vn -0.7442 -0.1734 -0.6451
vn -0.1791 -0.1720 -0.9687
vn 0.1473 0.3902 -0.9089
vn -0.1749 0.3723 -0.9115
vn -0.1669 0.4367 -0.8840
vn 0.1484 0.4191 -0.8957
vn -0.4649 0.3643 -0.8069
vn -0.4475 0.4441 -0.7763
vn -0.7006 0.3730 -0.6083
vn -0.6815 0.4362 -0.5877
vn -0.8599 0.3909 -0.3282
vn -0.8497 0.4185 -0.3206
vn -0.1643 0.4572 -0.8741
vn 0.1488 0.4284 -0.8913
vn -0.4411 0.4695 -0.7648
vn -0.6746 0.4563 -0.5803
vn -0.8464 0.4273 -0.3178
vn -0.1662 0.4383 -0.8833
vn 0.1495 0.4196 -0.8953
vn -0.4472 0.4463 -0.7751
vn -0.6818 0.4376 -0.5862
vn -0.8502 0.4189 -0.3188
vn -0.1710 0.3764 -0.9105
vn 0.1517 0.3927 -0.9071
vn -0.4648 0.3684 -0.8052
vn -0.7028 0.3770 -0.6034
vn -0.8611 0.3932 -0.3223
vn 0.1579 0.3733 -0.9142
vn -0.8691 0.3745 -0.3231
vn -0.8656 0.3732 -0.3340
vn 0.1423 0.3714 -0.9175
vn -0.1693 0.3312 -0.9283
vn -0.7105 0.3312 -0.6209
vn -0.4740 0.3109 -0.8238
vn -0.4756 0.3108 -0.8229
vn -0.7169 0.3325 -0.6127
vn -0.1836 0.3295 -0.9261
vn 0.1053 0.7553 -0.6469
vn -0.1280 0.7343 -0.6666
vn -0.1076 0.7973 -0.5940
vn 0.1067 0.7827 -0.6132
vn -0.3449 0.7240 -0.5974
vn -0.2978 0.8032 -0.5159
vn -0.5133 0.7343 -0.4442
vn -0.4606 0.7973 -0.3901
vn -0.6128 0.7553 -0.2323
vn -0.5843 0.7827 -0.2142
vn -0.1057 0.8141 -0.5710
vn 0.1029 0.7908 -0.6034
vn -0.2835 0.8237 -0.4910
vn -0.4416 0.8141 -0.3770
vn -0.5740 0.7908 -0.2126
vn -0.1147 0.7995 -0.5897
vn 0.0988 0.7839 -0.6130
vn -0.2959 0.8061 -0.5126
vn -0.4533 0.7995 -0.3941
vn -0.5803 0.7839 -0.2209
vn -0.1290 0.7424 -0.6574
vn 0.1012 0.7601 -0.6419
vn -0.3406 0.7321 -0.5899
vn -0.5049 0.7424 -0.4404
vn -0.6065 0.7601 -0.2333
vn 0.1184 0.7408 -0.6612
vn -0.6318 0.7408 -0.2281
vn -0.6255 0.7371 -0.2559
vn 0.0911 0.7371 -0.6697
vn -0.1247 0.6937 -0.7093
vn -0.5371 0.6891 -0.4865
vn -0.3727 0.6667 -0.6455
vn -0.3731 0.6658 -0.6462
vn -0.5520 0.6937 -0.4627
vn -0.1528 0.6891 -0.7084
vn 0.1628 -0.0488 -0.9855
vn -0.1860 -0.0464 -0.9814
vn -0.1861 -0.0557 -0.9810
vn 0.1625 -0.0528 -0.9853
vn -0.4995 -0.0453 -0.8651
vn -0.4992 -0.0569 -0.8646
vn -0.7569 -0.0464 -0.6518
vn -0.7565 -0.0557 -0.6517
vn -0.9348 -0.0488 -0.3518
vn -0.9346 -0.0528 -0.3519
vn -0.1861 -0.0587 -0.9808
vn 0.1625 -0.0542 -0.9852
vn -0.4991 -0.0608 -0.8644
vn -0.7563 -0.0587 -0.6516
vn -0.9345 -0.0542 -0.3519
vn -0.1862 -0.0556 -0.9809
vn 0.1624 -0.0528 -0.9853
vn -0.7564 -0.0556 -0.6517
vn -0.9345 -0.0528 -0.3520
vn -0.1865 -0.0463 -0.9814
vn 0.1622 -0.0487 -0.9856
vn -0.4995 -0.0452 -0.8651
vn -0.7566 -0.0463 -0.6522
vn -0.9346 -0.0487 -0.3523
vn 0.1616 -0.0460 -0.9858
vn -0.9345 -0.0460 -0.3530
vn -0.9352 -0.0461 -0.3512
vn 0.1634 -0.0461 -0.9855
vn -0.1871 -0.0402 -0.9815
vn -0.7575 -0.0402 -0.6516
vn -0.4996 -0.0374 -0.8654
vn -0.7565 -0.0402 -0.6528
vn -0.1855 -0.0402 -0.9818
vn 0.0750 -0.8925 -0.4448
vn -0.0861 -0.8821 -0.4631
vn -0.0737 -0.9142 -0.3985
vn 0.0718 -0.9058 -0.4176
vn -0.2410 -0.8758 -0.4182
vn -0.1985 -0.9175 -0.3445
vn -0.3572 -0.8825 -0.3061
vn -0.3084 -0.9139 -0.2640
vn -0.4222 -0.8927 -0.1576
vn -0.3981 -0.9054 -0.1475
vn -0.0698 -0.9217 -0.3816
vn 0.0710 -0.9096 -0.4093
vn -0.1879 -0.9264 -0.3264
vn -0.2956 -0.9213 -0.2525
vn -0.3906 -0.9091 -0.1445
vn -0.0745 -0.9128 -0.4017
vn 0.0710 -0.9053 -0.4189
vn -0.2005 -0.9157 -0.3484
vn -0.3101 -0.9126 -0.2666
vn -0.3982 -0.9050 -0.1495
vn -0.0945 -0.8757 -0.4735
vn 0.0701 -0.8891 -0.4523
vn -0.2463 -0.8694 -0.4284
vn -0.3607 -0.8763 -0.3192
vn -0.4251 -0.8897 -0.1666
vn 0.0649 -0.8784 -0.4735
vn -0.4408 -0.8798 -0.1780
vn -0.4423 -0.8818 -0.1638
vn 0.0832 -0.8812 -0.4653
vn -0.1117 -0.8485 -0.5173
vn -0.3978 -0.8527 -0.3386
vn -0.2763 -0.8342 -0.4773
vn -0.2737 -0.8343 -0.4785
vn -0.3911 -0.8501 -0.3526
vn -0.0904 -0.8519 -0.5158
vn 0.1488 0.3829 -0.9117
vn -0.1744 0.3653 -0.9144
vn -0.1669 0.4301 -0.8872
vn 0.1496 0.4128 -0.8985
vn -0.4651 0.3581 -0.8096
vn -0.4485 0.4370 -0.7797
vn -0.7015 0.3673 -0.6107
vn -0.6836 0.4287 -0.5907
vn -0.8619 0.3850 -0.3302
vn -0.8525 0.4111 -0.3228
vn -0.1643 0.4508 -0.8774
vn 0.1499 0.4223 -0.8940
vn -0.4426 0.4622 -0.7685
vn -0.6773 0.4482 -0.5834
vn -0.8497 0.4193 -0.3197
vn -0.1663 0.4318 -0.8865
vn 0.1505 0.4134 -0.8980
vn -0.4487 0.4392 -0.7783
vn -0.6845 0.4300 -0.5888
vn -0.8534 0.4113 -0.3202
vn -0.1713 0.3695 -0.9133
vn 0.1524 0.3856 -0.9100
vn -0.4659 0.3620 -0.8074
vn -0.7046 0.3710 -0.6049
vn -0.8636 0.3869 -0.3232
vn 0.1606 0.3658 -0.9167
vn -0.8702 0.3692 -0.3263
vn -0.8679 0.3683 -0.3333
vn 0.1419 0.3635 -0.9207
vn -0.1678 0.3241 -0.9310
vn -0.7124 0.3268 -0.6210
vn -0.4730 0.3053 -0.8265
vn -0.4772 0.3052 -0.8241
vn -0.7166 0.3278 -0.6157
vn -0.1848 0.3222 -0.9285
vn 0.0320 0.9771 -0.2102
vn -0.0454 0.9737 -0.2232
vn -0.0339 0.9825 -0.1829
vn 0.0326 0.9809 -0.1920
vn -0.1176 0.9720 -0.2037
vn -0.0913 0.9832 -0.1581
vn -0.1706 0.9737 -0.1509
vn -0.1415 0.9825 -0.1208
vn -0.1980 0.9771 -0.0774
vn -0.1825 0.9809 -0.0678
vn -0.0316 0.9845 -0.1724
vn 0.0325 0.9818 -0.1870
vn -0.0846 0.9856 -0.1466
vn -0.1335 0.9845 -0.1136
vn -0.1782 0.9818 -0.0654
vn -0.0338 0.9829 -0.1812
vn 0.0327 0.9810 -0.1913
vn -0.0901 0.9836 -0.1560
vn -0.1400 0.9829 -0.1198
vn -0.1820 0.9810 -0.0674
vn -0.0406 0.9754 -0.2165
vn 0.0343 0.9780 -0.2058
vn -0.1138 0.9737 -0.1971
vn -0.1672 0.9754 -0.1434
vn -0.1954 0.9780 -0.0732
vn 0.0382 0.9753 -0.2174
vn -0.2074 0.9753 -0.0756
vn -0.2068 0.9747 -0.0851
vn 0.0297 0.9747 -0.2216
vn -0.0441 0.9680 -0.2470
vn -0.1879 0.9671 -0.1716
vn -0.1344 0.9632 -0.2328
vn -0.1345 0.9631 -0.2330
vn -0.1919 0.9680 -0.1617
vn -0.0547 0.9671 -0.2485
vn 0.1149 0.6874 -0.7171
vn -0.1423 0.6648 -0.7333
vn -0.1235 0.7350 -0.6667
vn 0.1164 0.7182 -0.6860
vn -0.3783 0.6539 -0.6552
vn -0.3352 0.7420 -0.5806
vn -0.5639 0.6648 -0.4899
vn -0.5156 0.7350 -0.4403
vn -0.6785 0.6874 -0.2590
vn -0.6523 0.7182 -0.2422
vn -0.1199 0.7546 -0.6451
vn 0.1148 0.7274 -0.6766
vn -0.3214 0.7661 -0.5567
vn -0.4987 0.7546 -0.4264
vn -0.6433 0.7274 -0.2389
vn -0.1262 0.7375 -0.6635
vn 0.1135 0.7192 -0.6854
vn -0.3334 0.7453 -0.5774
vn -0.5115 0.7375 -0.4410
vn -0.6504 0.7192 -0.2444
vn -0.1386 0.6731 -0.7264
vn 0.1167 0.6922 -0.7122
vn -0.3746 0.6623 -0.6488
vn -0.5598 0.6731 -0.4832
vn -0.6752 0.6922 -0.2551
vn 0.1287 0.6708 -0.7304
vn -0.6969 0.6708 -0.2538
vn -0.6914 0.6672 -0.2770
vn 0.1058 0.6672 -0.7373
vn -0.1381 0.6197 -0.7726
vn -0.5873 0.6158 -0.5253
vn -0.4032 0.5914 -0.6983
vn -0.4034 0.5909 -0.6986
vn -0.6001 0.6197 -0.5059
vn -0.1612 0.6158 -0.7713
vn 0.1593 0.2818 -0.9461
vn -0.1765 0.2685 -0.9470
vn -0.1719 0.3183 -0.9323
vn 0.1603 0.3038 -0.9392
vn -0.4825 0.2622 -0.8357
vn -0.4729 0.3247 -0.8191
vn -0.7319 0.2685 -0.6263
vn -0.7214 0.3183 -0.6150
vn -0.8990 0.2818 -0.3351
vn -0.8935 0.3038 -0.3308
vn -0.1750 0.3346 -0.9260
vn 0.1553 0.3111 -0.9376
vn -0.4693 0.3451 -0.8128
vn -0.7144 0.3346 -0.6146
vn -0.8896 0.3111 -0.3343
vn -0.1815 0.3191 -0.9302
vn 0.1499 0.3044 -0.9407
vn -0.4727 0.3257 -0.8188
vn -0.7148 0.3191 -0.6222
vn -0.8896 0.3044 -0.3406
vn -0.1847 0.2704 -0.9449
vn 0.1505 0.2832 -0.9472
vn -0.4823 0.2641 -0.8353
vn -0.7260 0.2704 -0.6324
vn -0.8955 0.2832 -0.3433
vn 0.1649 0.2685 -0.9491
vn -0.9043 0.2685 -0.3318
vn -0.8977 0.2674 -0.3501
vn 0.1457 0.2674 -0.9525
vn -0.1736 0.2364 -0.9560
vn -0.7299 0.2352 -0.6418
vn -0.4877 0.2207 -0.8447
vn -0.4877 0.2204 -0.8447
vn -0.7411 0.2364 -0.6284
vn -0.1909 0.2352 -0.9530
vn 0.1607 -0.0955 -0.9824
vn -0.1869 -0.0909 -0.9782
vn -0.1867 -0.1089 -0.9764
vn 0.1604 -0.1034 -0.9816
vn -0.4980 -0.0887 -0.8626
vn -0.4969 -0.1114 -0.8606
vn -0.7537 -0.0909 -0.6509
vn -0.7522 -0.1089 -0.6499
vn -0.9311 -0.0955 -0.3520
vn -0.9303 -0.1034 -0.3519
vn -0.1851 -0.1148 -0.9760
vn 0.1618 -0.1059 -0.9811
vn -0.4965 -0.1188 -0.8599
vn -0.7527 -0.1148 -0.6483
vn -0.9306 -0.1059 -0.3504
vn -0.1840 -0.1088 -0.9769
vn 0.1633 -0.1033 -0.9812
vn -0.4969 -0.1112 -0.8607
vn -0.7540 -0.1088 -0.6478
vn -0.9313 -0.1033 -0.3492
vn -0.1847 -0.0907 -0.9786
vn 0.1629 -0.0953 -0.9820
vn -0.4980 -0.0885 -0.8626
vn -0.7551 -0.0907 -0.6493
vn -0.9319 -0.0953 -0.3499
vn 0.1588 -0.0901 -0.9832
vn -0.9309 -0.0901 -0.3540
vn -0.9330 -0.0902 -0.3483
vn 0.1649 -0.0902 -0.9822
vn -0.1887 -0.0787 -0.9789
vn -0.7570 -0.0788 -0.6487
vn -0.4987 -0.0734 -0.8637
vn -0.7534 -0.0787 -0.6528
vn -0.1833 -0.0788 -0.9799
vn -0.0014 -1.0000 0.0086
vn 0.0018 -1.0000 0.0091
vn 0.0015 -1.0000 0.0075
vn -0.0013 -1.0000 0.0080
vn 0.0048 -1.0000 0.0083
vn 0.0038 -1.0000 0.0065
vn 0.0070 -1.0000 0.0061
vn 0.0058 -1.0000 0.0050
vn 0.0082 -1.0000 0.0031
vn 0.0076 -1.0000 0.0029
vn 0.0013 -1.0000 0.0072
vn -0.0014 -1.0000 0.0078
vn 0.0035 -1.0000 0.0061
vn 0.0056 -1.0000 0.0047
vn 0.0074 -1.0000 0.0027
vn 0.0014 -1.0000 0.0076
vn -0.0014 -1.0000 0.0080
vn 0.0038 -1.0000 0.0066
vn 0.0059 -1.0000 0.0050
vn 0.0076 -1.0000 0.0028
vn 0.0019 -1.0000 0.0094
vn -0.0014 -1.0000 0.0088
vn 0.0050 -1.0000 0.0086
vn 0.0072 -1.0000 0.0063
vn 0.0083 -1.0000 0.0032
vn -0.0012 -1.0000 0.0093
vn 0.0087 -1.0000 0.0037
vn 0.0087 -1.0000 0.0031
vn -0.0016 -1.0000 0.0091
vn 0.0024 -0.9999 0.0105
vn 0.0081 -0.9999 0.0068
vn 0.0057 -0.9999 0.0099
vn 0.0079 -0.9999 0.0073
vn 0.0018 -0.9999 0.0105
vn 0.1057 -0.7651 -0.6352
vn -0.1230 -0.7481 -0.6521
vn -0.1103 -0.8037 -0.5847
vn 0.1018 -0.7880 -0.6072
vn -0.3379 -0.7378 -0.5844
vn -0.2934 -0.8106 -0.5068
vn -0.5043 -0.7475 -0.4323
vn -0.4515 -0.8043 -0.3864
vn -0.6036 -0.7647 -0.2257
vn -0.5764 -0.7887 -0.2139
vn -0.1057 -0.8180 -0.5655
vn 0.1010 -0.7949 -0.5983
vn -0.2812 -0.8278 -0.4854
vn -0.4372 -0.8187 -0.3722
vn -0.5682 -0.7958 -0.2094
vn -0.1110 -0.8015 -0.5876
vn 0.1008 -0.7873 -0.6083
vn -0.2959 -0.8075 -0.5103
vn -0.4545 -0.8019 -0.3878
vn -0.5775 -0.7878 -0.2141
vn -0.1320 -0.7397 -0.6598
vn 0.0989 -0.7607 -0.6416
vn -0.3437 -0.7291 -0.5918
vn -0.5085 -0.7388 -0.4423
vn -0.6072 -0.7598 -0.2324
vn 0.0956 -0.7436 -0.6618
vn -0.6225 -0.7413 -0.2509
vn -0.6272 -0.7453 -0.2261
vn 0.1119 -0.7464 -0.6560
vn -0.1467 -0.6963 -0.7026
vn -0.5488 -0.6983 -0.4595
vn -0.3698 -0.6719 -0.6417
vn -0.3729 -0.6722 -0.6396
vn -0.5358 -0.6939 -0.4810
vn -0.1292 -0.6997 -0.7027
vn 0.1485 0.3342 -0.9307
vn -0.1812 0.3185 -0.9304
vn -0.1745 0.3741 -0.9108
vn 0.1502 0.3579 -0.9216
vn -0.4775 0.3104 -0.8220
vn -0.4637 0.3818 -0.7995
vn -0.7189 0.3169 -0.6186
vn -0.7037 0.3754 -0.6033
vn -0.8826 0.3325 -0.3324
vn -0.8741 0.3594 -0.3268
vn -0.1720 0.3920 -0.9037
vn 0.1510 0.3655 -0.9185
vn -0.4583 0.4050 -0.7912
vn -0.6977 0.3944 -0.5981
vn -0.8710 0.3681 -0.3254
vn -0.1730 0.3751 -0.9107
vn 0.1521 0.3581 -0.9212
vn -0.4625 0.3835 -0.7994
vn -0.7028 0.3767 -0.6034
vn -0.8738 0.3599 -0.3271
vn -0.1757 0.3214 -0.9305
vn 0.1544 0.3358 -0.9292
vn -0.4751 0.3134 -0.8222
vn -0.7188 0.3200 -0.6172
vn -0.8825 0.3346 -0.3305
vn 0.1550 0.3198 -0.9347
vn -0.8910 0.3167 -0.3254
vn -0.8851 0.3149 -0.3427
vn 0.1487 0.3191 -0.9360
vn -0.1781 0.2827 -0.9425
vn -0.7229 0.2780 -0.6326
vn -0.4858 0.2629 -0.8336
vn -0.4816 0.2628 -0.8361
vn -0.7332 0.2795 -0.6199
vn -0.1839 0.2820 -0.9416
vn 0.0310 0.9786 -0.2035
vn -0.0439 0.9754 -0.2162
vn -0.0327 0.9837 -0.1771
vn 0.0316 0.9821 -0.1858
vn -0.1139 0.9737 -0.1972
vn -0.0883 0.9843 -0.1530
vn -0.1653 0.9754 -0.1461
vn -0.1370 0.9837 -0.1169
vn -0.1917 0.9786 -0.0748
vn -0.1767 0.9821 -0.0655
vn -0.0306 0.9855 -0.1669
vn 0.0314 0.9830 -0.1810
vn -0.0819 0.9865 -0.1419
vn -0.1292 0.9855 -0.1099
vn -0.1724 0.9830 -0.0633
vn -0.0328 0.9840 -0.1753
vn 0.0316 0.9822 -0.1852
vn -0.0872 0.9847 -0.1510
vn -0.1355 0.9840 -0.1160
vn -0.1761 0.9822 -0.0653
vn -0.0395 0.9770 -0.2096
vn 0.0331 0.9794 -0.1993
vn -0.1102 0.9754 -0.1909
vn -0.1618 0.9770 -0.1390
vn -0.1891 0.9794 -0.0709
vn 0.0370 0.9769 -0.2105
vn -0.2008 0.9769 -0.0732
vn -0.2002 0.9763 -0.0825
vn 0.0286 0.9763 -0.2146
vn -0.0426 0.9700 -0.2393
vn -0.1819 0.9691 -0.1664
vn -0.1303 0.9655 -0.2256
vn -0.1304 0.9654 -0.2258
vn -0.1859 0.9700 -0.1565
vn -0.0531 0.9691 -0.2407
vn 0.0396 0.9664 -0.2541
vn -0.0539 0.9615 -0.2696
vn -0.0404 0.9742 -0.2221
vn 0.0403 0.9717 -0.2326
vn -0.1418 0.9589 -0.2456
vn -0.1107 0.9752 -0.1918
vn -0.2065 0.9615 -0.1815
vn -0.1721 0.9742 -0.1460
vn -0.2398 0.9664 -0.0928
vn -0.2216 0.9717 -0.0814
vn -0.0384 0.9771 -0.2094
vn 0.0393 0.9731 -0.2268
vn -0.1028 0.9786 -0.1781
vn -0.1622 0.9771 -0.1379
vn -0.2161 0.9732 -0.0793
vn -0.0418 0.9747 -0.2197
vn 0.0386 0.9719 -0.2320
vn -0.1094 0.9758 -0.1895
vn -0.1694 0.9747 -0.1461
vn -0.2202 0.9719 -0.0825
vn -0.0503 0.9639 -0.2616
vn 0.0403 0.9676 -0.2493
vn -0.1376 0.9614 -0.2383
vn -0.2014 0.9639 -0.1744
vn -0.2361 0.9676 -0.0897
vn 0.0468 0.9637 -0.2627
vn -0.2509 0.9637 -0.0909
vn -0.2496 0.9628 -0.1037
vn 0.0350 0.9628 -0.2681
vn -0.0524 0.9533 -0.2976
vn -0.2258 0.9518 -0.2074
vn -0.1616 0.9464 -0.2798
vn -0.1618 0.9462 -0.2803
vn -0.2315 0.9532 -0.1942
vn -0.0667 0.9518 -0.2993
vn 0.0988 0.7892 -0.6062
vn -0.1205 0.7694 -0.6273
vn -0.0995 0.8273 -0.5528
vn 0.1002 0.8142 -0.5718
vn -0.3252 0.7596 -0.5632
vn -0.2769 0.8327 -0.4796
vn -0.4830 0.7694 -0.4180
vn -0.4290 0.8273 -0.3626
vn -0.5744 0.7891 -0.2175
vn -0.5453 0.8142 -0.1991
vn -0.0979 0.8425 -0.5298
vn 0.0961 0.8216 -0.5620
vn -0.2625 0.8510 -0.4547
vn -0.4098 0.8425 -0.3497
vn -0.5347 0.8216 -0.1978
vn -0.1072 0.8294 -0.5483
vn 0.0915 0.8154 -0.5716
vn -0.2749 0.8352 -0.4762
vn -0.4212 0.8294 -0.3670
vn -0.5408 0.8154 -0.2065
vn -0.1221 0.7772 -0.6173
vn 0.0937 0.7937 -0.6010
vn -0.3205 0.7675 -0.5551
vn -0.4735 0.7772 -0.4143
vn -0.5673 0.7937 -0.2193
vn 0.1116 0.7760 -0.6208
vn -0.5934 0.7760 -0.2137
vn -0.5873 0.7723 -0.2422
vn 0.0839 0.7723 -0.6297
vn -0.1174 0.7321 -0.6710
vn -0.5074 0.7274 -0.4620
vn -0.3539 0.7064 -0.6130
vn -0.3544 0.7054 -0.6138
vn -0.5224 0.7321 -0.4372
vn -0.1464 0.7274 -0.6705
vn 0.0477 -0.9535 -0.2974
vn -0.0602 -0.9484 -0.3115
vn -0.0503 -0.9635 -0.2628
vn 0.0459 -0.9597 -0.2773
vn -0.1636 -0.9450 -0.2833
vn -0.1310 -0.9651 -0.2268
vn -0.2396 -0.9484 -0.2079
vn -0.2025 -0.9635 -0.1750
vn -0.2815 -0.9535 -0.1074
vn -0.2631 -0.9597 -0.0989
vn -0.0460 -0.9669 -0.2508
vn 0.0470 -0.9614 -0.2712
vn -0.1233 -0.9691 -0.2135
vn -0.1942 -0.9669 -0.1652
vn -0.2583 -0.9614 -0.0949
vn -0.0482 -0.9629 -0.2656
vn 0.0483 -0.9594 -0.2780
vn -0.1325 -0.9643 -0.2295
vn -0.2059 -0.9629 -0.1745
vn -0.2649 -0.9594 -0.0971
vn -0.0638 -0.9451 -0.3205
vn 0.0475 -0.9519 -0.3028
vn -0.1683 -0.9416 -0.2915
vn -0.2457 -0.9451 -0.2155
vn -0.2860 -0.9519 -0.1102
vn 0.0415 -0.9468 -0.3190
vn -0.2971 -0.9468 -0.1236
vn -0.2988 -0.9482 -0.1081
vn 0.0558 -0.9482 -0.3128
vn -0.0790 -0.9317 -0.3545
vn -0.2745 -0.9336 -0.2301
vn -0.1913 -0.9239 -0.3313
vn -0.1910 -0.9242 -0.3308
vn -0.2675 -0.9317 -0.2457
vn -0.0620 -0.9336 -0.3528
vn 0.0972 -0.7942 -0.5998
vn -0.1186 -0.7780 -0.6170
vn -0.1047 -0.8299 -0.5480
vn 0.0942 -0.8157 -0.5707
vn -0.3200 -0.7684 -0.5542
vn -0.2745 -0.8358 -0.4755
vn -0.4750 -0.7780 -0.4112
vn -0.4223 -0.8299 -0.3647
vn -0.5681 -0.7942 -0.2157
vn -0.5413 -0.8157 -0.2038
vn -0.0978 -0.8429 -0.5291
vn 0.0960 -0.8220 -0.5613
vn -0.2622 -0.8515 -0.4542
vn -0.4093 -0.8429 -0.3493
vn -0.5341 -0.8220 -0.1975
vn -0.1012 -0.8278 -0.5519
vn 0.0980 -0.8148 -0.5714
vn -0.2766 -0.8331 -0.4791
vn -0.4273 -0.8278 -0.3636
vn -0.5438 -0.8148 -0.2008
vn -0.1222 -0.7699 -0.6264
vn 0.0967 -0.7896 -0.6059
vn -0.3249 -0.7602 -0.5627
vn -0.4814 -0.7699 -0.4190
vn -0.5731 -0.7896 -0.2192
vn 0.0868 -0.7730 -0.6284
vn -0.5876 -0.7730 -0.2390
vn -0.5924 -0.7765 -0.2148
vn 0.1101 -0.7765 -0.6204
vn -0.1435 -0.7283 -0.6701
vn -0.5211 -0.7325 -0.4380
vn -0.3540 -0.7063 -0.6131
vn -0.3537 -0.7069 -0.6126
vn -0.5086 -0.7283 -0.4593
vn -0.1187 -0.7325 -0.6703
vn 0.1257 -0.6263 -0.7694
vn -0.1493 -0.6066 -0.7809
vn -0.1382 -0.6750 -0.7247
vn 0.1228 -0.6552 -0.7454
vn -0.4016 -0.5957 -0.6956
vn -0.3649 -0.6836 -0.6321
vn -0.6016 -0.6066 -0.5197
vn -0.5585 -0.6750 -0.4821
vn -0.7292 -0.6263 -0.2758
vn -0.7069 -0.6552 -0.2663
vn -0.1320 -0.6939 -0.7078
vn 0.1245 -0.6641 -0.7372
vn -0.3538 -0.7066 -0.6128
vn -0.5470 -0.6939 -0.4682
vn -0.7007 -0.6641 -0.2608
vn -0.1349 -0.6726 -0.7276
vn 0.1264 -0.6542 -0.7457
vn -0.3665 -0.6803 -0.6347
vn -0.5627 -0.6726 -0.4806
vn -0.7089 -0.6542 -0.2634
vn -0.1515 -0.5989 -0.7863
vn 0.1249 -0.6218 -0.7732
vn -0.4044 -0.5880 -0.7005
vn -0.6052 -0.5989 -0.5244
vn -0.7321 -0.6218 -0.2784
vn 0.1152 -0.6006 -0.7912
vn -0.7428 -0.6006 -0.2959
vn -0.7489 -0.6039 -0.2730
vn 0.1380 -0.6039 -0.7850
vn -0.1696 -0.5481 -0.8190
vn -0.6374 -0.5517 -0.5379
vn -0.4261 -0.5231 -0.7381
vn -0.4260 -0.5235 -0.7379
vn -0.6245 -0.5481 -0.5564
vn -0.1471 -0.5517 -0.8210
vn 0.1477 -0.4304 -0.8905
vn -0.1691 -0.4132 -0.8948
vn -0.1634 -0.4776 -0.8633
vn 0.1454 -0.4581 -0.8769
vn -0.4573 -0.4042 -0.7921
vn -0.4369 -0.4862 -0.7568
vn -0.6904 -0.4132 -0.5939
vn -0.6659 -0.4776 -0.5732
vn -0.8450 -0.4304 -0.3173
vn -0.8322 -0.4581 -0.3126
vn -0.1604 -0.4970 -0.8528
vn 0.1455 -0.4670 -0.8722
vn -0.4300 -0.5103 -0.7448
vn -0.6583 -0.4970 -0.5653
vn -0.8281 -0.4670 -0.3101
vn -0.1628 -0.4758 -0.8643
vn 0.1458 -0.4575 -0.8772
vn -0.4376 -0.4838 -0.7579
vn -0.6671 -0.4758 -0.5732
vn -0.8326 -0.4575 -0.3123
vn -0.1722 -0.4085 -0.8964
vn 0.1445 -0.4276 -0.8923
vn -0.4584 -0.3995 -0.7939
vn -0.6902 -0.4085 -0.5973
vn -0.8450 -0.4276 -0.3210
vn 0.1388 -0.4084 -0.9022
vn -0.8507 -0.4084 -0.3309
vn -0.8557 -0.4103 -0.3153
vn 0.1548 -0.4103 -0.8987
vn -0.1822 -0.3636 -0.9135
vn -0.7093 -0.3654 -0.6028
vn -0.4697 -0.3427 -0.8136
vn -0.4697 -0.3429 -0.8135
vn -0.7000 -0.3636 -0.6146
vn -0.1674 -0.3654 -0.9157
vn 0.1597 -0.1917 -0.9684
vn -0.1835 -0.1827 -0.9659
vn -0.1827 -0.2172 -0.9589
vn 0.1586 -0.2065 -0.9655
vn -0.4921 -0.1783 -0.8521
vn -0.4878 -0.2222 -0.8442
vn -0.7450 -0.1825 -0.6416
vn -0.7394 -0.2175 -0.6371
vn -0.9186 -0.1914 -0.3457
vn -0.9156 -0.2068 -0.3449
vn -0.1817 -0.2284 -0.9565
vn 0.1589 -0.2114 -0.9644
vn -0.4862 -0.2363 -0.8413
vn -0.7380 -0.2289 -0.6348
vn -0.9149 -0.2119 -0.3437
vn -0.1819 -0.2168 -0.9591
vn 0.1592 -0.2063 -0.9654
vn -0.4881 -0.2216 -0.8442
vn -0.7405 -0.2170 -0.6361
vn -0.9161 -0.2066 -0.3435
vn -0.1845 -0.1817 -0.9659
vn 0.1583 -0.1910 -0.9687
vn -0.4928 -0.1772 -0.8519
vn -0.7454 -0.1815 -0.6415
vn -0.9187 -0.1908 -0.3457
vn 0.1557 -0.1811 -0.9711
vn -0.9188 -0.1804 -0.3512
vn -0.9221 -0.1809 -0.3419
vn 0.1626 -0.1814 -0.9699
vn -0.1879 -0.1586 -0.9693
vn -0.7510 -0.1584 -0.6410
vn -0.4944 -0.1479 -0.8566
vn -0.4954 -0.1480 -0.8560
vn -0.7454 -0.1580 -0.6477
vn -0.1817 -0.1590 -0.9704
vn 0.1517 0.3346 -0.9301
vn -0.1780 0.3189 -0.9309
vn -0.1717 0.3759 -0.9106
vn 0.1529 0.3596 -0.9205
vn -0.4758 0.3114 -0.8226
vn -0.4624 0.3830 -0.7997
vn -0.7183 0.3187 -0.6185
vn -0.7035 0.3761 -0.6030
vn -0.8820 0.3343 -0.3322
vn -0.8740 0.3599 -0.3265
vn -0.1709 0.3943 -0.9030
vn 0.1519 0.3678 -0.9174
vn -0.4573 0.4062 -0.7911
vn -0.6970 0.3946 -0.5987
vn -0.8707 0.3681 -0.3262
vn -0.1737 0.3770 -0.9098
vn 0.1509 0.3601 -0.9206
vn -0.4618 0.3847 -0.7992
vn -0.7013 0.3772 -0.6048
vn -0.8729 0.3603 -0.3291
vn -0.1772 0.3219 -0.9301
vn 0.1527 0.3364 -0.9293
vn -0.4748 0.3144 -0.8220
vn -0.7171 0.3217 -0.6183
vn -0.8813 0.3362 -0.3322
vn 0.1593 0.3195 -0.9341
vn -0.8895 0.3191 -0.3271
vn -0.8842 0.3177 -0.3424
vn 0.1460 0.3183 -0.9367
vn -0.1741 0.2824 -0.9434
vn -0.7222 0.2806 -0.6323
vn -0.4832 0.2638 -0.8348
vn -0.4822 0.2637 -0.8354
vn -0.7314 0.2819 -0.6210
vn -0.1862 0.2812 -0.9414
vn 0.1325 0.5554 -0.8210
vn -0.1601 0.5332 -0.8307
vn -0.1459 0.6072 -0.7810
vn 0.1339 0.5882 -0.7976
vn -0.4263 0.5226 -0.7383
vn -0.3941 0.6153 -0.6827
vn -0.6394 0.5332 -0.5540
vn -0.6034 0.6072 -0.5168
vn -0.7772 0.5554 -0.2957
vn -0.7577 0.5882 -0.2828
vn -0.1429 0.6294 -0.7638
vn 0.1328 0.5983 -0.7902
vn -0.3830 0.6428 -0.6634
vn -0.5900 0.6294 -0.5057
vn -0.7507 0.5983 -0.2801
vn -0.1478 0.6095 -0.7788
vn 0.1320 0.5890 -0.7973
vn -0.3929 0.6185 -0.6805
vn -0.6006 0.6095 -0.5175
vn -0.7564 0.5890 -0.2843
vn -0.1570 0.5399 -0.8269
vn 0.1348 0.5594 -0.8178
vn -0.4242 0.5295 -0.7347
vn -0.6376 0.5400 -0.5495
vn -0.7757 0.5594 -0.2921
vn 0.1450 0.5370 -0.8310
vn -0.7922 0.5370 -0.2900
vn -0.7864 0.5342 -0.3102
vn 0.1245 0.5342 -0.8362
vn -0.1554 0.4857 -0.8602
vn -0.6556 0.4828 -0.5806
vn -0.4443 0.4588 -0.7695
vn -0.4444 0.4585 -0.7696
vn -0.6673 0.4857 -0.5647
vn -0.1750 0.4828 -0.8581
vn 0.0948 0.8027 -0.5888
vn -0.1182 0.7836 -0.6100
vn -0.0971 0.8392 -0.5351
vn 0.0962 0.8268 -0.5542
vn -0.3165 0.7741 -0.5483
vn -0.2680 0.8442 -0.4642
vn -0.4691 0.7836 -0.4074
vn -0.4148 0.8392 -0.3517
vn -0.5573 0.8027 -0.2123
vn -0.5281 0.8268 -0.1938
vn -0.0946 0.8536 -0.5123
vn 0.0932 0.8337 -0.5443
vn -0.2537 0.8617 -0.4394
vn -0.3963 0.8536 -0.3381
vn -0.5179 0.8337 -0.1914
vn -0.1026 0.8412 -0.5309
vn 0.0901 0.8278 -0.5537
vn -0.2660 0.8468 -0.4606
vn -0.4085 0.8412 -0.3543
vn -0.5246 0.8278 -0.1988
vn -0.1169 0.7914 -0.6000
vn 0.0928 0.8072 -0.5830
vn -0.3116 0.7820 -0.5397
vn -0.4612 0.7914 -0.4013
vn -0.5513 0.8072 -0.2112
vn 0.1079 0.7901 -0.6034
vn -0.5764 0.7901 -0.2083
vn -0.5713 0.7866 -0.2342
vn 0.0828 0.7866 -0.6118
vn -0.1151 0.7477 -0.6540
vn -0.4954 0.7433 -0.4496
vn -0.3456 0.7227 -0.5986
vn -0.3460 0.7219 -0.5993
vn -0.5089 0.7477 -0.4267
vn -0.1417 0.7433 -0.6538
vn 0.0605 0.9248 -0.3757
vn -0.0773 0.9149 -0.3962
vn -0.0591 0.9413 -0.3322
vn 0.0615 0.9360 -0.3467
vn -0.2075 0.9098 -0.3594
vn -0.1657 0.9435 -0.2870
vn -0.3045 0.9149 -0.2650
vn -0.2581 0.9413 -0.2173
vn -0.3556 0.9248 -0.1354
vn -0.3310 0.9360 -0.1201
vn -0.0577 0.9476 -0.3143
vn 0.0586 0.9391 -0.3387
vn -0.1547 0.9509 -0.2679
vn -0.2434 0.9476 -0.2071
vn -0.3226 0.9391 -0.1186
vn -0.0645 0.9423 -0.3285
vn 0.0553 0.9365 -0.3462
vn -0.1640 0.9447 -0.2841
vn -0.2522 0.9423 -0.2201
vn -0.3275 0.9365 -0.1252
vn -0.0770 0.9194 -0.3858
vn 0.0569 0.9272 -0.3702
vn -0.2024 0.9144 -0.3506
vn -0.2956 0.9194 -0.2596
vn -0.3490 0.9272 -0.1358
vn 0.0701 0.9192 -0.3876
vn -0.3707 0.9192 -0.1331
vn -0.3674 0.9171 -0.1547
vn 0.0497 0.9171 -0.3955
vn -0.0754 0.8978 -0.4338
vn -0.3278 0.8948 -0.3029
vn -0.2336 0.8842 -0.4045
vn -0.2341 0.8836 -0.4055
vn -0.3381 0.8978 -0.2822
vn -0.0984 0.8948 -0.4354
vn 0.0186 0.9941 -0.1065
vn -0.0210 0.9932 -0.1142
vn -0.0148 0.9955 -0.0931
vn 0.0191 0.9951 -0.0972
vn -0.0601 0.9927 -0.1041
vn -0.0461 0.9957 -0.0799
vn -0.0884 0.9932 -0.0753
vn -0.0732 0.9955 -0.0594
vn -0.1015 0.9941 -0.0371
vn -0.0937 0.9951 -0.0320
vn -0.0161 0.9961 -0.0872
vn 0.0162 0.9954 -0.0948
vn -0.0428 0.9963 -0.0741
vn -0.0675 0.9961 -0.0575
vn -0.0902 0.9954 -0.0333
vn -0.0228 0.9956 -0.0910
vn 0.0097 0.9952 -0.0977
vn -0.0459 0.9958 -0.0795
vn -0.0674 0.9956 -0.0653
vn -0.0895 0.9952 -0.0404
vn -0.0354 0.9932 -0.1105
vn 0.0010 0.9942 -0.1076
vn -0.0596 0.9929 -0.1032
vn -0.0780 0.9932 -0.0859
vn -0.0937 0.9942 -0.0529
vn 0.0210 0.9937 -0.1103
vn -0.1061 0.9937 -0.0369
vn -0.0989 0.9929 -0.0666
vn -0.0082 0.9929 -0.1190
vn -0.0208 0.9918 -0.1264
vn -0.0872 0.9907 -0.1043
vn -0.0706 0.9900 -0.1223
vn -0.0991 0.9918 -0.0812
vn -0.0468 0.9907 -0.1277
usemtl cristal_2
s 1
f 1042/1/1 1043/2/1 1048/3/1 1047/4/1
f 1043/2/1 1044/5/2 1049/6/1 1048/3/1
f 1044/5/2 1045/7/2 1050/8/3 1049/6/1
f 1045/7/2 1046/9/4 1051/10/3 1050/8/3
f 1047/4/1 1048/3/1 1053/11/1 1052/12/1
f 1048/3/1 1049/6/1 1054/13/1 1053/11/1
f 1049/6/1 1050/8/3 1055/14/3 1054/13/1
f 1050/8/3 1051/10/3 1056/15/3 1055/14/3
f 1052/12/1 1053/11/1 1058/16/1 1057/17/5
f 1053/11/1 1054/13/1 1059/18/1 1058/16/1
f 1054/13/1 1055/14/3 1060/19/3 1059/18/1
f 1055/14/3 1056/15/3 1061/20/3 1060/19/3
f 1057/17/5 1058/16/1 1063/21/1 1062/22/6
f 1058/16/1 1059/18/1 1064/23/2 1063/21/1
f 1059/18/1 1060/19/3 1065/24/4 1064/23/2
f 1060/19/3 1061/20/3 1066/25/4 1065/24/4
f 1/26/7 97/27/1 1042/1/1 116/28/7
f 102/29/8 1046/9/4 101/30/4 33/31/8
f 34/32/8 107/33/4 1066/25/4 106/34/8
f 112/35/7 1062/22/6 111/36/6 2/37/7
f 97/27/1 98/38/2 1043/2/1 1042/1/1
f 103/39/8 1051/10/3 1046/9/4 102/29/8
f 107/33/4 108/40/4 1065/24/4 1066/25/4
f 113/41/7 1057/17/5 1062/22/6 112/35/7
f 98/38/2 99/42/2 1044/5/2 1043/2/1
f 104/43/8 1056/15/3 1051/10/3 103/39/8
f 108/40/4 109/44/2 1064/23/2 1065/24/4
f 114/45/7 1052/12/1 1057/17/5 113/41/7
f 99/42/2 100/46/2 1045/7/2 1044/5/2
f 105/47/8 1061/20/3 1056/15/3 104/43/8
f 109/44/2 110/48/1 1063/21/1 1064/23/2
f 115/49/5 1047/4/1 1052/12/1 114/45/7
f 100/46/2 101/30/4 1046/9/4 1045/7/2
f 106/34/8 1066/25/4 1061/20/3 105/47/8
f 110/48/1 111/36/6 1062/22/6 1063/21/1
f 116/28/7 1042/1/1 1047/4/1 115/49/5
f 1067/50/9 1068/51/10 1073/52/10 1072/53/9
f 1068/51/10 1069/54/11 1074/55/11 1073/52/10
f 1069/54/11 1070/56/12 1075/57/12 1074/55/11
f 1070/56/12 1071/58/13 1076/59/13 1075/57/12
f 1072/53/9 1073/52/10 1078/60/10 1077/61/9
f 1073/52/10 1074/55/11 1079/62/11 1078/60/10
f 1074/55/11 1075/57/12 1080/63/12 1079/62/11
f 1075/57/12 1076/59/13 1081/64/13 1080/63/12
f 1077/61/9 1078/60/10 1083/65/10 1082/66/9
f 1078/60/10 1079/62/11 1084/67/11 1083/65/10
f 1079/62/11 1080/63/12 1085/68/12 1084/67/11
f 1080/63/12 1081/64/13 1086/69/13 1085/68/12
f 1082/66/9 1083/65/10 1088/70/10 1087/71/9
f 1083/65/10 1084/67/11 1089/72/11 1088/70/10
f 1084/67/11 1085/68/12 1090/73/12 1089/72/11
f 1085/68/12 1086/69/13 1091/74/13 1090/73/12
f 2/37/14 111/36/9 1067/50/9 131/75/14
f 117/76/15 1071/58/13 107/33/13 34/32/15
f 35/77/15 122/78/13 1091/74/13 121/79/15
f 127/80/14 1087/71/9 126/81/9 3/82/14
f 111/36/9 110/48/10 1068/51/10 1067/50/9
f 118/83/15 1076/59/13 1071/58/13 117/76/15
f 122/78/13 123/84/12 1090/73/12 1091/74/13
f 128/85/14 1082/66/9 1087/71/9 127/80/14
f 110/48/10 109/44/11 1069/54/11 1068/51/10
f 119/86/15 1081/64/13 1076/59/13 118/83/15
f 123/84/12 124/87/11 1089/72/11 1090/73/12
f 129/88/14 1077/61/9 1082/66/9 128/85/14
f 109/44/11 108/40/12 1070/56/12 1069/54/11
f 120/89/15 1086/69/13 1081/64/13 119/86/15
f 124/87/11 125/90/10 1088/70/10 1089/72/11
f 130/91/14 1072/53/9 1077/61/9 129/88/14
f 108/40/12 107/33/13 1071/58/13 1070/56/12
f 121/79/15 1091/74/13 1086/69/13 120/89/15
f 125/90/10 126/81/9 1087/71/9 1088/70/10
f 131/75/14 1067/50/9 1072/53/9 130/91/14
f 1092/92/16 1093/93/17 1098/94/18 1097/95/19
f 1093/93/17 1094/96/20 1099/97/21 1098/94/18
f 1094/96/20 1095/98/22 1100/99/23 1099/97/21
f 1095/98/22 1096/100/24 1101/101/25 1100/99/23
f 1097/95/19 1098/94/18 1103/102/26 1102/103/27
f 1098/94/18 1099/97/21 1104/104/28 1103/102/26
f 1099/97/21 1100/99/23 1105/105/29 1104/104/28
f 1100/99/23 1101/101/25 1106/106/30 1105/105/29
f 1102/103/27 1103/102/26 1108/107/31 1107/108/32
f 1103/102/26 1104/104/28 1109/109/33 1108/107/31
f 1104/104/28 1105/105/29 1110/110/34 1109/109/33
f 1105/105/29 1106/106/30 1111/111/35 1110/110/34
f 1107/108/32 1108/107/31 1113/112/36 1112/113/37
f 1108/107/31 1109/109/33 1114/114/38 1113/112/36
f 1109/109/33 1110/110/34 1115/115/39 1114/114/38
f 1110/110/34 1111/111/35 1116/116/40 1115/115/39
f 3/82/41 126/81/42 1092/92/16 146/117/43
f 132/118/44 1096/100/24 122/78/45 35/77/46
f 36/119/47 137/120/48 1116/116/40 136/121/49
f 142/122/50 1112/113/37 141/123/51 4/124/41
f 126/81/42 125/90/52 1093/93/17 1092/92/16
f 133/125/53 1101/101/25 1096/100/24 132/118/44
f 137/120/48 138/126/54 1115/115/39 1116/116/40
f 143/127/55 1107/108/32 1112/113/37 142/122/50
f 125/90/52 124/87/56 1094/96/20 1093/93/17
f 134/128/57 1106/106/30 1101/101/25 133/125/53
f 138/126/54 139/129/58 1114/114/38 1115/115/39
f 144/130/59 1102/103/27 1107/108/32 143/127/55
f 124/87/56 123/84/60 1095/98/22 1094/96/20
f 135/131/61 1111/111/35 1106/106/30 134/128/57
f 139/129/58 140/132/62 1113/112/36 1114/114/38
f 145/133/63 1097/95/19 1102/103/27 144/130/59
f 123/84/60 122/78/45 1096/100/24 1095/98/22
f 136/121/49 1116/116/40 1111/111/35 135/131/61
f 140/132/62 141/123/51 1112/113/37 1113/112/36
f 146/117/43 1092/92/16 1097/95/19 145/133/63
f 1117/134/64 1118/135/65 1123/136/66 1122/137/67
f 1118/135/65 1119/138/68 1124/139/69 1123/136/66
f 1119/138/68 1120/140/70 1125/141/71 1124/139/69
f 1120/140/70 1121/142/72 1126/143/73 1125/141/71
f 1122/137/67 1123/136/66 1128/144/74 1127/145/75
f 1123/136/66 1124/139/69 1129/146/76 1128/144/74
f 1124/139/69 1125/141/71 1130/147/77 1129/146/76
f 1125/141/71 1126/143/73 1131/148/78 1130/147/77
f 1127/145/75 1128/144/74 1133/149/79 1132/150/80
f 1128/144/74 1129/146/76 1134/151/81 1133/149/79
f 1129/146/76 1130/147/77 1135/152/82 1134/151/81
f 1130/147/77 1131/148/78 1136/153/83 1135/152/82
f 1132/150/80 1133/149/79 1138/154/84 1137/155/85
f 1133/149/79 1134/151/81 1139/156/86 1138/154/84
f 1134/151/81 1135/152/82 1140/157/87 1139/156/86
f 1135/152/82 1136/153/83 1141/158/88 1140/157/87
f 4/124/89 141/123/90 1117/134/64 161/159/91
f 147/160/92 1121/142/72 137/120/93 36/119/94
f 37/161/95 152/162/96 1141/158/88 151/163/97
f 157/164/98 1137/155/85 156/165/99 5/166/100
f 141/123/90 140/132/101 1118/135/65 1117/134/64
f 148/167/102 1126/143/73 1121/142/72 147/160/92
f 152/162/96 153/168/103 1140/157/87 1141/158/88
f 158/169/104 1132/150/80 1137/155/85 157/164/98
f 140/132/101 139/129/105 1119/138/68 1118/135/65
f 149/170/106 1131/148/78 1126/143/73 148/167/102
f 153/168/103 154/171/107 1139/156/86 1140/157/87
f 159/172/108 1127/145/75 1132/150/80 158/169/104
f 139/129/105 138/126/109 1120/140/70 1119/138/68
f 150/173/110 1136/153/83 1131/148/78 149/170/106
f 154/171/107 155/174/111 1138/154/84 1139/156/86
f 160/175/112 1122/137/67 1127/145/75 159/172/108
f 138/126/109 137/120/93 1121/142/72 1120/140/70
f 151/163/97 1141/158/88 1136/153/83 150/173/110
f 155/174/111 156/165/99 1137/155/85 1138/154/84
f 161/159/91 1117/134/64 1122/137/67 160/175/112
f 1142/176/113 1143/177/114 1148/178/115 1147/179/116
f 1143/177/114 1144/180/117 1149/181/118 1148/178/115
f 1144/180/117 1145/182/119 1150/183/120 1149/181/118
f 1145/182/119 1146/184/121 1151/185/122 1150/183/120
f 1147/179/116 1148/178/115 1153/186/123 1152/187/124
f 1148/178/115 1149/181/118 1154/188/125 1153/186/123
f 1149/181/118 1150/183/120 1155/189/126 1154/188/125
f 1150/183/120 1151/185/122 1156/190/127 1155/189/126
f 1152/187/124 1153/186/123 1158/191/128 1157/192/129
f 1153/186/123 1154/188/125 1159/193/130 1158/191/128
f 1154/188/125 1155/189/126 1160/194/131 1159/193/130
f 1155/189/126 1156/190/127 1161/195/132 1160/194/131
f 1157/192/129 1158/191/128 1163/196/133 1162/197/134
f 1158/191/128 1159/193/130 1164/198/135 1163/196/133
f 1159/193/130 1160/194/131 1165/199/136 1164/198/135
f 1160/194/131 1161/195/132 1166/200/137 1165/199/136
f 5/166/138 156/165/139 1142/176/113 176/201/140
f 162/202/141 1146/184/121 152/162/142 37/161/143
f 38/203/144 167/204/145 1166/200/137 166/205/146
f 172/206/147 1162/197/134 171/207/148 6/208/149
f 156/165/139 155/174/150 1143/177/114 1142/176/113
f 163/209/151 1151/185/122 1146/184/121 162/202/141
f 167/204/145 168/210/152 1165/199/136 1166/200/137
f 173/211/153 1157/192/129 1162/197/134 172/206/147
f 155/174/150 154/171/154 1144/180/117 1143/177/114
f 164/212/155 1156/190/127 1151/185/122 163/209/151
f 168/210/152 169/213/156 1164/198/135 1165/199/136
f 174/214/157 1152/187/124 1157/192/129 173/211/153
f 154/171/154 153/168/158 1145/182/119 1144/180/117
f 165/215/159 1161/195/132 1156/190/127 164/212/155
f 169/213/156 170/216/160 1163/196/133 1164/198/135
f 175/217/161 1147/179/116 1152/187/124 174/214/157
f 153/168/158 152/162/142 1146/184/121 1145/182/119
f 166/205/146 1166/200/137 1161/195/132 165/215/159
f 170/216/160 171/207/148 1162/197/134 1163/196/133
f 176/201/140 1142/176/113 1147/179/116 175/217/161
f 1167/218/162 1168/219/163 1173/220/164 1172/221/165
f 1168/219/163 1169/222/166 1174/223/167 1173/220/164
f 1169/222/166 1170/224/168 1175/225/169 1174/223/167
f 1170/224/168 1171/226/170 1176/227/171 1175/225/169
f 1172/221/165 1173/220/164 1178/228/172 1177/229/173
f 1173/220/164 1174/223/167 1179/230/174 1178/228/172
f 1174/223/167 1175/225/169 1180/231/175 1179/230/174
f 1175/225/169 1176/227/171 1181/232/176 1180/231/175
f 1177/229/173 1178/228/172 1183/233/177 1182/234/178
f 1178/228/172 1179/230/174 1184/235/179 1183/233/177
f 1179/230/174 1180/231/175 1185/236/180 1184/235/179
f 1180/231/175 1181/232/176 1186/237/181 1185/236/180
f 1182/234/178 1183/233/177 1188/238/182 1187/239/183
f 1183/233/177 1184/235/179 1189/240/184 1188/238/182
f 1184/235/179 1185/236/180 1190/241/185 1189/240/184
f 1185/236/180 1186/237/181 1191/242/186 1190/241/185
f 6/208/187 171/207/188 1167/218/162 191/243/189
f 177/244/190 1171/226/170 167/204/191 38/203/192
f 39/245/193 182/246/194 1191/242/186 181/247/195
f 187/248/196 1187/239/183 186/249/197 7/250/198
f 171/207/188 170/216/199 1168/219/163 1167/218/162
f 178/251/200 1176/227/171 1171/226/170 177/244/190
f 182/246/194 183/252/201 1190/241/185 1191/242/186
f 188/253/202 1182/234/178 1187/239/183 187/248/196
f 170/216/199 169/213/203 1169/222/166 1168/219/163
f 179/254/204 1181/232/176 1176/227/171 178/251/200
f 183/252/201 184/255/205 1189/240/184 1190/241/185
f 189/256/206 1177/229/173 1182/234/178 188/253/202
f 169/213/203 168/210/207 1170/224/168 1169/222/166
f 180/257/208 1186/237/181 1181/232/176 179/254/204
f 184/255/205 185/258/209 1188/238/182 1189/240/184
f 190/259/210 1172/221/165 1177/229/173 189/256/206
f 168/210/207 167/204/191 1171/226/170 1170/224/168
f 181/247/195 1191/242/186 1186/237/181 180/257/208
f 185/258/209 186/249/197 1187/239/183 1188/238/182
f 191/243/189 1167/218/162 1172/221/165 190/259/210
f 1192/260/211 1193/261/212 1198/262/213 1197/263/214
f 1193/261/212 1194/264/215 1199/265/216 1198/262/213
f 1194/264/215 1195/266/217 1200/267/218 1199/265/216
f 1195/266/217 1196/268/219 1201/269/220 1200/267/218
f 1197/263/214 1198/262/213 1203/270/221 1202/271/222
f 1198/262/213 1199/265/216 1204/272/223 1203/270/221
f 1199/265/216 1200/267/218 1205/273/224 1204/272/223
f 1200/267/218 1201/269/220 1206/274/225 1205/273/224
f 1202/271/222 1203/270/221 1208/275/226 1207/276/227
f 1203/270/221 1204/272/223 1209/277/228 1208/275/226
f 1204/272/223 1205/273/224 1210/278/229 1209/277/228
f 1205/273/224 1206/274/225 1211/279/230 1210/278/229
f 1207/276/227 1208/275/226 1213/280/231 1212/281/232
f 1208/275/226 1209/277/228 1214/282/233 1213/280/231
f 1209/277/228 1210/278/229 1215/283/234 1214/282/233
f 1210/278/229 1211/279/230 1216/284/235 1215/283/234
f 7/250/236 186/249/237 1192/260/211 206/285/238
f 192/286/239 1196/268/219 182/246/240 39/245/241
f 40/287/242 197/288/243 1216/284/235 196/289/244
f 202/290/245 1212/281/232 201/291/246 8/292/247
f 186/249/237 185/258/248 1193/261/212 1192/260/211
f 193/293/249 1201/269/220 1196/268/219 192/286/239
f 197/288/243 198/294/250 1215/283/234 1216/284/235
f 203/295/251 1207/276/227 1212/281/232 202/290/245
f 185/258/248 184/255/252 1194/264/215 1193/261/212
f 194/296/253 1206/274/225 1201/269/220 193/293/249
f 198/294/250 199/297/254 1214/282/233 1215/283/234
f 204/298/255 1202/271/222 1207/276/227 203/295/251
f 184/255/252 183/252/256 1195/266/217 1194/264/215
f 195/299/257 1211/279/230 1206/274/225 194/296/253
f 199/297/254 200/300/258 1213/280/231 1214/282/233
f 205/301/259 1197/263/214 1202/271/222 204/298/255
f 183/252/256 182/246/240 1196/268/219 1195/266/217
f 196/289/244 1216/284/235 1211/279/230 195/299/257
f 200/300/258 201/291/246 1212/281/232 1213/280/231
f 206/285/238 1192/260/211 1197/263/214 205/301/259
f 1217/302/260 1218/303/261 1223/304/262 1222/305/263
f 1218/303/261 1219/306/264 1224/307/265 1223/304/262
f 1219/306/264 1220/308/266 1225/309/267 1224/307/265
f 1220/308/266 1221/310/268 1226/311/269 1225/309/267
f 1222/305/263 1223/304/262 1228/312/270 1227/313/271
f 1223/304/262 1224/307/265 1229/314/272 1228/312/270
f 1224/307/265 1225/309/267 1230/315/273 1229/314/272
f 1225/309/267 1226/311/269 1231/316/274 1230/315/273
f 1227/313/271 1228/312/270 1233/317/275 1232/318/276
f 1228/312/270 1229/314/272 1234/319/277 1233/317/275
f 1229/314/272 1230/315/273 1235/320/278 1234/319/277
f 1230/315/273 1231/316/274 1236/321/279 1235/320/278
f 1232/318/276 1233/317/275 1238/322/280 1237/323/281
f 1233/317/275 1234/319/277 1239/324/282 1238/322/280
f 1234/319/277 1235/320/278 1240/325/283 1239/324/282
f 1235/320/278 1236/321/279 1241/326/284 1240/325/283
f 8/292/285 201/291/286 1217/302/260 221/327/287
f 207/328/288 1221/310/268 197/288/289 40/287/290
f 41/329/291 212/330/292 1241/326/284 211/331/293
f 217/332/294 1237/323/281 216/333/295 9/334/296
f 201/291/286 200/300/297 1218/303/261 1217/302/260
f 208/335/298 1226/311/269 1221/310/268 207/328/288
f 212/330/292 213/336/299 1240/325/283 1241/326/284
f 218/337/300 1232/318/276 1237/323/281 217/332/294
f 200/300/297 199/297/301 1219/306/264 1218/303/261
f 209/338/302 1231/316/274 1226/311/269 208/335/298
f 213/336/299 214/339/303 1239/324/282 1240/325/283
f 219/340/304 1227/313/271 1232/318/276 218/337/300
f 199/297/301 198/294/305 1220/308/266 1219/306/264
f 210/341/306 1236/321/279 1231/316/274 209/338/302
f 214/339/303 215/342/307 1238/322/280 1239/324/282
f 220/343/308 1222/305/263 1227/313/271 219/340/304
f 198/294/305 197/288/289 1221/310/268 1220/308/266
f 211/331/293 1241/326/284 1236/321/279 210/341/306
f 215/342/307 216/333/295 1237/323/281 1238/322/280
f 221/327/287 1217/302/260 1222/305/263 220/343/308
f 1242/344/309 1243/345/310 1248/346/311 1247/347/312
f 1243/345/310 1244/348/313 1249/349/314 1248/346/311
f 1244/348/313 1245/350/315 1250/351/316 1249/349/314
f 1245/350/315 1246/352/317 1251/353/318 1250/351/316
f 1247/347/312 1248/346/311 1253/354/319 1252/355/320
f 1248/346/311 1249/349/314 1254/356/321 1253/354/319
f 1249/349/314 1250/351/316 1255/357/322 1254/356/321
f 1250/351/316 1251/353/318 1256/358/323 1255/357/322
f 1252/355/320 1253/354/319 1258/359/324 1257/360/325
f 1253/354/319 1254/356/321 1259/361/314 1258/359/324
f 1254/356/321 1255/357/322 1260/362/326 1259/361/314
f 1255/357/322 1256/358/323 1261/363/327 1260/362/326
f 1257/360/325 1258/359/324 1263/364/328 1262/365/329
f 1258/359/324 1259/361/314 1264/366/330 1263/364/328
f 1259/361/314 1260/362/326 1265/367/331 1264/366/330
f 1260/362/326 1261/363/327 1266/368/332 1265/367/331
f 9/334/333 216/333/334 1242/344/309 236/369/335
f 222/370/336 1246/352/317 212/330/337 41/329/338
f 42/371/338 227/372/339 1266/368/332 226/373/340
f 232/374/341 1262/365/329 231/375/342 10/376/333
f 216/333/334 215/342/343 1243/345/310 1242/344/309
f 223/377/344 1251/353/318 1246/352/317 222/370/336
f 227/372/339 228/378/345 1265/367/331 1266/368/332
f 233/379/346 1257/360/325 1262/365/329 232/374/341
f 215/342/343 214/339/347 1244/348/313 1243/345/310
f 224/380/348 1256/358/323 1251/353/318 223/377/344
f 228/378/345 229/381/349 1264/366/330 1265/367/331
f 234/382/350 1252/355/320 1257/360/325 233/379/346
f 214/339/347 213/336/351 1245/350/315 1244/348/313
f 225/383/344 1261/363/327 1256/358/323 224/380/348
f 229/381/349 230/384/352 1263/364/328 1264/366/330
f 235/385/346 1247/347/312 1252/355/320 234/382/350
f 213/336/351 212/330/337 1246/352/317 1245/350/315
f 226/373/340 1266/368/332 1261/363/327 225/383/344
f 230/384/352 231/375/342 1262/365/329 1263/364/328
f 236/369/335 1242/344/309 1247/347/312 235/385/346
f 1267/386/353 1268/387/354 1273/388/355 1272/389/356
f 1268/387/354 1269/390/357 1274/391/358 1273/388/355
f 1269/390/357 1270/392/359 1275/393/360 1274/391/358
f 1270/392/359 1271/394/361 1276/395/362 1275/393/360
f 1272/389/356 1273/388/355 1278/396/363 1277/397/364
f 1273/388/355 1274/391/358 1279/398/365 1278/396/363
f 1274/391/358 1275/393/360 1280/399/366 1279/398/365
f 1275/393/360 1276/395/362 1281/400/367 1280/399/366
f 1277/397/364 1278/396/363 1283/401/368 1282/402/369
f 1278/396/363 1279/398/365 1284/403/370 1283/401/368
f 1279/398/365 1280/399/366 1285/404/371 1284/403/370
f 1280/399/366 1281/400/367 1286/405/372 1285/404/371
f 1282/402/369 1283/401/368 1288/406/373 1287/407/374
f 1283/401/368 1284/403/370 1289/408/375 1288/406/373
f 1284/403/370 1285/404/371 1290/409/376 1289/408/375
f 1285/404/371 1286/405/372 1291/410/377 1290/409/376
f 10/376/378 231/375/379 1267/386/353 251/411/380
f 237/412/381 1271/394/361 227/372/382 42/371/383
f 43/413/384 242/414/385 1291/410/377 241/415/386
f 247/416/387 1287/407/374 246/417/388 11/418/389
f 231/375/379 230/384/390 1268/387/354 1267/386/353
f 238/419/391 1276/395/362 1271/394/361 237/412/381
f 242/414/385 243/420/392 1290/409/376 1291/410/377
f 248/421/393 1282/402/369 1287/407/374 247/416/387
f 230/384/390 229/381/394 1269/390/357 1268/387/354
f 239/422/395 1281/400/367 1276/395/362 238/419/391
f 243/420/392 244/423/396 1289/408/375 1290/409/376
f 249/424/397 1277/397/364 1282/402/369 248/421/393
f 229/381/394 228/378/398 1270/392/359 1269/390/357
f 240/425/399 1286/405/372 1281/400/367 239/422/395
f 244/423/396 245/426/400 1288/406/373 1289/408/375
f 250/427/401 1272/389/356 1277/397/364 249/424/397
f 228/378/398 227/372/382 1271/394/361 1270/392/359
f 241/415/386 1291/410/377 1286/405/372 240/425/399
f 245/426/400 246/417/388 1287/407/374 1288/406/373
f 251/411/380 1267/386/353 1272/389/356 250/427/401
f 1292/428/402 1293/429/403 1298/430/404 1297/431/405
f 1293/429/403 1294/432/406 1299/433/407 1298/430/404
f 1294/432/406 1295/434/408 1300/435/409 1299/433/407
f 1295/434/408 1296/436/410 1301/437/411 1300/435/409
f 1297/431/405 1298/430/404 1303/438/412 1302/439/413
f 1298/430/404 1299/433/407 1304/440/414 1303/438/412
f 1299/433/407 1300/435/409 1305/441/415 1304/440/414
f 1300/435/409 1301/437/411 1306/442/416 1305/441/415
f 1302/439/413 1303/438/412 1308/443/417 1307/444/418
f 1303/438/412 1304/440/414 1309/445/419 1308/443/417
f 1304/440/414 1305/441/415 1310/446/420 1309/445/419
f 1305/441/415 1306/442/416 1311/447/421 1310/446/420
f 1307/444/418 1308/443/417 1313/448/422 1312/449/423
f 1308/443/417 1309/445/419 1314/450/424 1313/448/422
f 1309/445/419 1310/446/420 1315/451/425 1314/450/424
f 1310/446/420 1311/447/421 1316/452/426 1315/451/425
f 11/418/427 246/417/428 1292/428/402 266/453/429
f 252/454/430 1296/436/410 242/414/431 43/413/432
f 44/455/433 257/456/434 1316/452/426 256/457/435
f 262/458/436 1312/449/423 261/459/437 12/460/438
f 246/417/428 245/426/439 1293/429/403 1292/428/402
f 253/461/440 1301/437/411 1296/436/410 252/454/430
f 257/456/434 258/462/441 1315/451/425 1316/452/426
f 263/463/442 1307/444/418 1312/449/423 262/458/436
f 245/426/439 244/423/443 1294/432/406 1293/429/403
f 254/464/444 1306/442/416 1301/437/411 253/461/440
f 258/462/441 259/465/445 1314/450/424 1315/451/425
f 264/466/446 1302/439/413 1307/444/418 263/463/442
f 244/423/443 243/420/447 1295/434/408 1294/432/406
f 255/467/448 1311/447/421 1306/442/416 254/464/444
f 259/465/445 260/468/449 1313/448/422 1314/450/424
f 265/469/450 1297/431/405 1302/439/413 264/466/446
f 243/420/447 242/414/431 1296/436/410 1295/434/408
f 256/457/435 1316/452/426 1311/447/421 255/467/448
f 260/468/449 261/459/437 1312/449/423 1313/448/422
f 266/453/429 1292/428/402 1297/431/405 265/469/450
f 1317/470/451 1318/471/452 1323/472/453 1322/473/454
f 1318/471/452 1319/474/455 1324/475/456 1323/472/453
f 1319/474/455 1320/476/457 1325/477/458 1324/475/456
f 1320/476/457 1321/478/459 1326/479/460 1325/477/458
f 1322/473/454 1323/472/453 1328/480/461 1327/481/462
f 1323/472/453 1324/475/456 1329/482/463 1328/480/461
f 1324/475/456 1325/477/458 1330/483/464 1329/482/463
f 1325/477/458 1326/479/460 1331/484/465 1330/483/464
f 1327/481/462 1328/480/461 1333/485/466 1332/486/467
f 1328/480/461 1329/482/463 1334/487/468 1333/485/466
f 1329/482/463 1330/483/464 1335/488/469 1334/487/468
f 1330/483/464 1331/484/465 1336/489/470 1335/488/469
f 1332/486/467 1333/485/466 1338/490/471 1337/491/472
f 1333/485/466 1334/487/468 1339/492/473 1338/490/471
f 1334/487/468 1335/488/469 1340/493/474 1339/492/473
f 1335/488/469 1336/489/470 1341/494/475 1340/493/474
f 12/460/476 261/459/477 1317/470/451 281/495/478
f 267/496/479 1321/478/459 257/456/480 44/455/481
f 45/497/482 272/498/483 1341/494/475 271/499/484
f 277/500/485 1337/491/472 276/501/486 13/502/487
f 261/459/477 260/468/488 1318/471/452 1317/470/451
f 268/503/489 1326/479/460 1321/478/459 267/496/479
f 272/498/483 273/504/490 1340/493/474 1341/494/475
f 278/505/491 1332/486/467 1337/491/472 277/500/485
f 260/468/488 259/465/492 1319/474/455 1318/471/452
f 269/506/493 1331/484/465 1326/479/460 268/503/489
f 273/504/490 274/507/494 1339/492/473 1340/493/474
f 279/508/495 1327/481/462 1332/486/467 278/505/491
f 259/465/492 258/462/496 1320/476/457 1319/474/455
f 270/509/497 1336/489/470 1331/484/465 269/506/493
f 274/507/494 275/510/498 1338/490/471 1339/492/473
f 280/511/499 1322/473/454 1327/481/462 279/508/495
f 258/462/496 257/456/480 1321/478/459 1320/476/457
f 271/499/484 1341/494/475 1336/489/470 270/509/497
f 275/510/498 276/501/486 1337/491/472 1338/490/471
f 281/495/478 1317/470/451 1322/473/454 280/511/499
f 1342/512/500 1343/513/501 1348/514/502 1347/515/503
f 1343/513/501 1344/516/504 1349/517/505 1348/514/502
f 1344/516/504 1345/518/506 1350/519/507 1349/517/505
f 1345/518/506 1346/520/508 1351/521/509 1350/519/507
f 1347/515/503 1348/514/502 1353/522/510 1352/523/511
f 1348/514/502 1349/517/505 1354/524/512 1353/522/510
f 1349/517/505 1350/519/507 1355/525/513 1354/524/512
f 1350/519/507 1351/521/509 1356/526/514 1355/525/513
f 1352/523/511 1353/522/510 1358/527/515 1357/528/516
f 1353/522/510 1354/524/512 1359/529/517 1358/527/515
f 1354/524/512 1355/525/513 1360/530/518 1359/529/517
f 1355/525/513 1356/526/514 1361/531/519 1360/530/518
f 1357/528/516 1358/527/515 1363/532/520 1362/533/521
f 1358/527/515 1359/529/517 1364/534/522 1363/532/520
f 1359/529/517 1360/530/518 1365/535/523 1364/534/522
f 1360/530/518 1361/531/519 1366/536/524 1365/535/523
f 13/502/525 276/501/526 1342/512/500 296/537/527
f 282/538/528 1346/520/508 272/498/529 45/497/530
f 46/539/531 287/540/532 1366/536/524 286/541/533
f 292/542/534 1362/533/521 291/543/535 14/544/536
f 276/501/526 275/510/537 1343/513/501 1342/512/500
f 283/545/538 1351/521/509 1346/520/508 282/538/528
f 287/540/532 288/546/539 1365/535/523 1366/536/524
f 293/547/540 1357/528/516 1362/533/521 292/542/534
f 275/510/537 274/507/541 1344/516/504 1343/513/501
f 284/548/542 1356/526/514 1351/521/509 283/545/538
f 288/546/539 289/549/543 1364/534/522 1365/535/523
f 294/550/544 1352/523/511 1357/528/516 293/547/540
f 274/507/541 273/504/545 1345/518/506 1344/516/504
f 285/551/546 1361/531/519 1356/526/514 284/548/542
f 289/549/543 290/552/547 1363/532/520 1364/534/522
f 295/553/548 1347/515/503 1352/523/511 294/550/544
f 273/504/545 272/498/529 1346/520/508 1345/518/506
f 286/541/533 1366/536/524 1361/531/519 285/551/546
f 290/552/547 291/543/535 1362/533/521 1363/532/520
f 296/537/527 1342/512/500 1347/515/503 295/553/548
f 1367/554/549 1368/555/550 1373/556/551 1372/557/552
f 1368/555/550 1369/558/553 1374/559/554 1373/556/551
f 1369/558/553 1370/560/555 1375/561/556 1374/559/554
f 1370/560/555 1371/562/557 1376/563/558 1375/561/556
f 1372/557/552 1373/556/551 1378/564/559 1377/565/560
f 1373/556/551 1374/559/554 1379/566/561 1378/564/559
f 1374/559/554 1375/561/556 1380/567/562 1379/566/561
f 1375/561/556 1376/563/558 1381/568/563 1380/567/562
f 1377/565/560 1378/564/559 1383/569/564 1382/570/565
f 1378/564/559 1379/566/561 1384/571/566 1383/569/564
f 1379/566/561 1380/567/562 1385/572/567 1384/571/566
f 1380/567/562 1381/568/563 1386/573/568 1385/572/567
f 1382/570/565 1383/569/564 1388/574/569 1387/575/570
f 1383/569/564 1384/571/566 1389/576/571 1388/574/569
f 1384/571/566 1385/572/567 1390/577/572 1389/576/571
f 1385/572/567 1386/573/568 1391/578/573 1390/577/572
f 14/544/574 291/543/575 1367/554/549 311/579/576
f 297/580/577 1371/562/557 287/540/578 46/539/579
f 47/581/580 302/582/581 1391/578/573 301/583/582
f 307/584/583 1387/575/570 306/585/584 15/586/585
f 291/543/575 290/552/586 1368/555/550 1367/554/549
f 298/587/587 1376/563/558 1371/562/557 297/580/577
f 302/582/581 303/588/588 1390/577/572 1391/578/573
f 308/589/589 1382/570/565 1387/575/570 307/584/583
f 290/552/586 289/549/590 1369/558/553 1368/555/550
f 299/590/591 1381/568/563 1376/563/558 298/587/587
f 303/588/588 304/591/592 1389/576/571 1390/577/572
f 309/592/593 1377/565/560 1382/570/565 308/589/589
f 289/549/590 288/546/594 1370/560/555 1369/558/553
f 300/593/595 1386/573/568 1381/568/563 299/590/591
f 304/591/592 305/594/596 1388/574/569 1389/576/571
f 310/595/597 1372/557/552 1377/565/560 309/592/593
f 288/546/594 287/540/578 1371/562/557 1370/560/555
f 301/583/582 1391/578/573 1386/573/568 300/593/595
f 305/594/596 306/585/584 1387/575/570 1388/574/569
f 311/579/576 1367/554/549 1372/557/552 310/595/597
f 1392/596/598 1393/597/599 1398/598/600 1397/599/601
f 1393/597/599 1394/600/602 1399/601/603 1398/598/600
f 1394/600/602 1395/602/604 1400/603/605 1399/601/603
f 1395/602/604 1396/604/606 1401/605/607 1400/603/605
f 1397/599/601 1398/598/600 1403/606/608 1402/607/609
f 1398/598/600 1399/601/603 1404/608/610 1403/606/608
f 1399/601/603 1400/603/605 1405/609/611 1404/608/610
f 1400/603/605 1401/605/607 1406/610/612 1405/609/611
f 1402/607/609 1403/606/608 1408/611/613 1407/612/614
f 1403/606/608 1404/608/610 1409/613/615 1408/611/613
f 1404/608/610 1405/609/611 1410/614/616 1409/613/615
f 1405/609/611 1406/610/612 1411/615/617 1410/614/616
f 1407/612/614 1408/611/613 1413/616/618 1412/617/619
f 1408/611/613 1409/613/615 1414/618/620 1413/616/618
f 1409/613/615 1410/614/616 1415/619/621 1414/618/620
f 1410/614/616 1411/615/617 1416/620/622 1415/619/621
f 15/586/623 306/585/624 1392/596/598 326/621/625
f 312/622/626 1396/604/606 302/582/627 47/581/628
f 48/623/629 317/624/630 1416/620/622 316/625/631
f 322/626/632 1412/617/619 321/627/633 16/628/634
f 306/585/624 305/594/635 1393/597/599 1392/596/598
f 313/629/636 1401/605/607 1396/604/606 312/622/626
f 317/624/630 318/630/637 1415/619/621 1416/620/622
f 323/631/638 1407/612/614 1412/617/619 322/626/632
f 305/594/635 304/591/639 1394/600/602 1393/597/599
f 314/632/640 1406/610/612 1401/605/607 313/629/636
f 318/630/637 319/633/639 1414/618/620 1415/619/621
f 324/634/641 1402/607/609 1407/612/614 323/631/638
f 304/591/639 303/588/642 1395/602/604 1394/600/602
f 315/635/636 1411/615/617 1406/610/612 314/632/640
f 319/633/639 320/636/643 1413/616/618 1414/618/620
f 325/637/638 1397/599/601 1402/607/609 324/634/641
f 303/588/642 302/582/627 1396/604/606 1395/602/604
f 316/625/631 1416/620/622 1411/615/617 315/635/636
f 320/636/643 321/627/633 1412/617/619 1413/616/618
f 326/621/625 1392/596/598 1397/599/601 325/637/638
f 1417/638/644 1418/639/645 1423/640/646 1422/641/647
f 1418/639/645 1419/642/648 1424/643/649 1423/640/646
f 1419/642/648 1420/644/650 1425/645/651 1424/643/649
f 1420/644/650 1421/646/652 1426/647/653 1425/645/651
f 1422/641/647 1423/640/646 1428/648/654 1427/649/655
f 1423/640/646 1424/643/649 1429/650/656 1428/648/654
f 1424/643/649 1425/645/651 1430/651/657 1429/650/656
f 1425/645/651 1426/647/653 1431/652/658 1430/651/657
f 1427/649/655 1428/648/654 1433/653/659 1432/654/660
f 1428/648/654 1429/650/656 1434/655/661 1433/653/659
f 1429/650/656 1430/651/657 1435/656/662 1434/655/661
f 1430/651/657 1431/652/658 1436/657/663 1435/656/662
f 1432/654/660 1433/653/659 1438/658/664 1437/659/665
f 1433/653/659 1434/655/661 1439/660/666 1438/658/664
f 1434/655/661 1435/656/662 1440/661/667 1439/660/666
f 1435/656/662 1436/657/663 1441/662/668 1440/661/667
f 16/628/669 321/627/670 1417/638/644 341/663/671
f 327/664/672 1421/646/652 317/624/673 48/623/674
f 49/665/675 332/666/676 1441/662/668 331/667/672
f 337/668/677 1437/659/665 336/669/678 17/670/669
f 321/627/670 320/636/679 1418/639/645 1417/638/644
f 328/671/680 1426/647/653 1421/646/652 327/664/672
f 332/666/676 333/672/681 1440/661/667 1441/662/668
f 338/673/682 1432/654/660 1437/659/665 337/668/677
f 320/636/679 319/633/683 1419/642/648 1418/639/645
f 329/674/684 1431/652/658 1426/647/653 328/671/680
f 333/672/681 334/675/683 1439/660/666 1440/661/667
f 339/676/685 1427/649/655 1432/654/660 338/673/682
f 319/633/683 318/630/686 1420/644/650 1419/642/648
f 330/677/687 1436/657/663 1431/652/658 329/674/684
f 334/675/683 335/678/688 1438/658/664 1439/660/666
f 340/679/685 1422/641/647 1427/649/655 339/676/685
f 318/630/686 317/624/673 1421/646/652 1420/644/650
f 331/667/672 1441/662/668 1436/657/663 330/677/687
f 335/678/688 336/669/678 1437/659/665 1438/658/664
f 341/663/671 1417/638/644 1422/641/647 340/679/685
f 1442/680/689 1443/681/690 1448/682/691 1447/683/692
f 1443/681/690 1444/684/693 1449/685/694 1448/682/691
f 1444/684/693 1445/686/695 1450/687/696 1449/685/694
f 1445/686/695 1446/688/697 1451/689/698 1450/687/696
f 1447/683/692 1448/682/691 1453/690/699 1452/691/700
f 1448/682/691 1449/685/694 1454/692/701 1453/690/699
f 1449/685/694 1450/687/696 1455/693/702 1454/692/701
f 1450/687/696 1451/689/698 1456/694/703 1455/693/702
f 1452/691/700 1453/690/699 1458/695/704 1457/696/705
f 1453/690/699 1454/692/701 1459/697/706 1458/695/704
f 1454/692/701 1455/693/702 1460/698/707 1459/697/706
f 1455/693/702 1456/694/703 1461/699/708 1460/698/707
f 1457/696/705 1458/695/704 1463/700/709 1462/701/710
f 1458/695/704 1459/697/706 1464/702/711 1463/700/709
f 1459/697/706 1460/698/707 1465/703/712 1464/702/711
f 1460/698/707 1461/699/708 1466/704/713 1465/703/712
f 17/670/714 336/669/715 1442/680/689 356/705/716
f 342/706/717 1446/688/697 332/666/718 49/665/719
f 50/707/720 347/708/721 1466/704/713 346/709/722
f 352/710/723 1462/701/710 351/711/724 18/712/725
f 336/669/715 335/678/726 1443/681/690 1442/680/689
f 343/713/727 1451/689/698 1446/688/697 342/706/717
f 347/708/721 348/714/728 1465/703/712 1466/704/713
f 353/715/729 1457/696/705 1462/701/710 352/710/723
f 335/678/726 334/675/730 1444/684/693 1443/681/690
f 344/716/731 1456/694/703 1451/689/698 343/713/727
f 348/714/728 349/717/732 1464/702/711 1465/703/712
f 354/718/733 1452/691/700 1457/696/705 353/715/729
f 334/675/730 333/672/734 1445/686/695 1444/684/693
f 345/719/735 1461/699/708 1456/694/703 344/716/731
f 349/717/732 350/720/736 1463/700/709 1464/702/711
f 355/721/737 1447/683/692 1452/691/700 354/718/733
f 333/672/734 332/666/718 1446/688/697 1445/686/695
f 346/709/722 1466/704/713 1461/699/708 345/719/735
f 350/720/736 351/711/724 1462/701/710 1463/700/709
f 356/705/716 1442/680/689 1447/683/692 355/721/737
f 1467/722/738 1468/723/739 1473/724/740 1472/725/741
f 1468/723/739 1469/726/742 1474/727/743 1473/724/740
f 1469/726/742 1470/728/744 1475/729/745 1474/727/743
f 1470/728/744 1471/730/746 1476/731/747 1475/729/745
f 1472/725/741 1473/724/740 1478/732/748 1477/733/749
f 1473/724/740 1474/727/743 1479/734/750 1478/732/748
f 1474/727/743 1475/729/745 1480/735/751 1479/734/750
f 1475/729/745 1476/731/747 1481/736/752 1480/735/751
f 1477/733/749 1478/732/748 1483/737/753 1482/738/754
f 1478/732/748 1479/734/750 1484/739/755 1483/737/753
f 1479/734/750 1480/735/751 1485/740/756 1484/739/755
f 1480/735/751 1481/736/752 1486/741/757 1485/740/756
f 1482/738/754 1483/737/753 1488/742/758 1487/743/759
f 1483/737/753 1484/739/755 1489/744/760 1488/742/758
f 1484/739/755 1485/740/756 1490/745/761 1489/744/760
f 1485/740/756 1486/741/757 1491/746/762 1490/745/761
f 18/712/763 351/711/764 1467/722/738 371/747/765
f 357/748/766 1471/730/746 347/708/767 50/707/768
f 51/749/769 362/750/770 1491/746/762 361/751/771
f 367/752/772 1487/743/759 366/753/773 19/754/774
f 351/711/764 350/720/775 1468/723/739 1467/722/738
f 358/755/776 1476/731/747 1471/730/746 357/748/766
f 362/750/770 363/756/777 1490/745/761 1491/746/762
f 368/757/778 1482/738/754 1487/743/759 367/752/772
f 350/720/775 349/717/779 1469/726/742 1468/723/739
f 359/758/780 1481/736/752 1476/731/747 358/755/776
f 363/756/777 364/759/781 1489/744/760 1490/745/761
f 369/760/782 1477/733/749 1482/738/754 368/757/778
f 349/717/779 348/714/783 1470/728/744 1469/726/742
f 360/761/784 1486/741/757 1481/736/752 359/758/780
f 364/759/781 365/762/785 1488/742/758 1489/744/760
f 370/763/786 1472/725/741 1477/733/749 369/760/782
f 348/714/783 347/708/767 1471/730/746 1470/728/744
f 361/751/771 1491/746/762 1486/741/757 360/761/784
f 365/762/785 366/753/773 1487/743/759 1488/742/758
f 371/747/765 1467/722/738 1472/725/741 370/763/786
f 1492/764/787 1493/765/788 1498/766/789 1497/767/790
f 1493/765/788 1494/768/791 1499/769/792 1498/766/789
f 1494/768/791 1495/770/793 1500/771/794 1499/769/792
f 1495/770/793 1496/772/795 1501/773/796 1500/771/794
f 1497/767/790 1498/766/789 1503/774/797 1502/775/798
f 1498/766/789 1499/769/792 1504/776/799 1503/774/797
f 1499/769/792 1500/771/794 1505/777/800 1504/776/799
f 1500/771/794 1501/773/796 1506/778/801 1505/777/800
f 1502/775/798 1503/774/797 1508/779/802 1507/780/803
f 1503/774/797 1504/776/799 1509/781/804 1508/779/802
f 1504/776/799 1505/777/800 1510/782/805 1509/781/804
f 1505/777/800 1506/778/801 1511/783/806 1510/782/805
f 1507/780/803 1508/779/802 1513/784/807 1512/785/808
f 1508/779/802 1509/781/804 1514/786/809 1513/784/807
f 1509/781/804 1510/782/805 1515/787/810 1514/786/809
f 1510/782/805 1511/783/806 1516/788/811 1515/787/810
f 19/754/812 366/753/813 1492/764/787 386/789/814
f 372/790/815 1496/772/795 362/750/816 51/749/817
f 52/791/818 377/792/819 1516/788/811 376/793/820
f 382/794/821 1512/785/808 381/795/822 20/796/823
f 366/753/813 365/762/824 1493/765/788 1492/764/787
f 373/797/825 1501/773/796 1496/772/795 372/790/815
f 377/792/819 378/798/826 1515/787/810 1516/788/811
f 383/799/827 1507/780/803 1512/785/808 382/794/821
f 365/762/824 364/759/828 1494/768/791 1493/765/788
f 374/800/829 1506/778/801 1501/773/796 373/797/825
f 378/798/826 379/801/830 1514/786/809 1515/787/810
f 384/802/831 1502/775/798 1507/780/803 383/799/827
f 364/759/828 363/756/832 1495/770/793 1494/768/791
f 375/803/833 1511/783/806 1506/778/801 374/800/829
f 379/801/830 380/804/834 1513/784/807 1514/786/809
f 385/805/835 1497/767/790 1502/775/798 384/802/831
f 363/756/832 362/750/816 1496/772/795 1495/770/793
f 376/793/820 1516/788/811 1511/783/806 375/803/833
f 380/804/834 381/795/822 1512/785/808 1513/784/807
f 386/789/814 1492/764/787 1497/767/790 385/805/835
f 1517/806/836 1518/807/837 1523/808/838 1522/809/839
f 1518/807/837 1519/810/840 1524/811/841 1523/808/838
f 1519/810/840 1520/812/842 1525/813/843 1524/811/841
f 1520/812/842 1521/814/844 1526/815/845 1525/813/843
f 1522/809/839 1523/808/838 1528/816/846 1527/817/847
f 1523/808/838 1524/811/841 1529/818/848 1528/816/846
f 1524/811/841 1525/813/843 1530/819/849 1529/818/848
f 1525/813/843 1526/815/845 1531/820/850 1530/819/849
f 1527/817/847 1528/816/846 1533/821/851 1532/822/852
f 1528/816/846 1529/818/848 1534/823/853 1533/821/851
f 1529/818/848 1530/819/849 1535/824/854 1534/823/853
f 1530/819/849 1531/820/850 1536/825/855 1535/824/854
f 1532/822/852 1533/821/851 1538/826/856 1537/827/857
f 1533/821/851 1534/823/853 1539/828/858 1538/826/856
f 1534/823/853 1535/824/854 1540/829/859 1539/828/858
f 1535/824/854 1536/825/855 1541/830/860 1540/829/859
f 20/796/861 381/795/862 1517/806/836 401/831/863
f 387/832/864 1521/814/844 377/792/865 52/791/866
f 53/833/867 392/834/868 1541/830/860 391/835/869
f 397/836/870 1537/827/857 396/837/871 21/838/872
f 381/795/862 380/804/873 1518/807/837 1517/806/836
f 388/839/874 1526/815/845 1521/814/844 387/832/864
f 392/834/868 393/840/875 1540/829/859 1541/830/860
f 398/841/876 1532/822/852 1537/827/857 397/836/870
f 380/804/873 379/801/877 1519/810/840 1518/807/837
f 389/842/878 1531/820/850 1526/815/845 388/839/874
f 393/840/875 394/843/879 1539/828/858 1540/829/859
f 399/844/880 1527/817/847 1532/822/852 398/841/876
f 379/801/877 378/798/881 1520/812/842 1519/810/840
f 390/845/882 1536/825/855 1531/820/850 389/842/878
f 394/843/879 395/846/883 1538/826/856 1539/828/858
f 400/847/884 1522/809/839 1527/817/847 399/844/880
f 378/798/881 377/792/865 1521/814/844 1520/812/842
f 391/835/869 1541/830/860 1536/825/855 390/845/882
f 395/846/883 396/837/871 1537/827/857 1538/826/856
f 401/831/863 1517/806/836 1522/809/839 400/847/884
f 1542/848/885 1543/849/886 1548/850/887 1547/851/888
f 1543/849/886 1544/852/889 1549/853/890 1548/850/887
f 1544/852/889 1545/854/891 1550/855/892 1549/853/890
f 1545/854/891 1546/856/893 1551/857/894 1550/855/892
f 1547/851/888 1548/850/887 1553/858/895 1552/859/896
f 1548/850/887 1549/853/890 1554/860/897 1553/858/895
f 1549/853/890 1550/855/892 1555/861/898 1554/860/897
f 1550/855/892 1551/857/894 1556/862/899 1555/861/898
f 1552/859/896 1553/858/895 1558/863/900 1557/864/901
f 1553/858/895 1554/860/897 1559/865/902 1558/863/900
f 1554/860/897 1555/861/898 1560/866/903 1559/865/902
f 1555/861/898 1556/862/899 1561/867/904 1560/866/903
f 1557/864/901 1558/863/900 1563/868/905 1562/869/906
f 1558/863/900 1559/865/902 1564/870/907 1563/868/905
f 1559/865/902 1560/866/903 1565/871/908 1564/870/907
f 1560/866/903 1561/867/904 1566/872/909 1565/871/908
f 21/838/910 396/837/911 1542/848/885 416/873/912
f 402/874/913 1546/856/893 392/834/914 53/833/915
f 54/875/916 407/876/917 1566/872/909 406/877/918
f 412/878/919 1562/869/906 411/879/920 22/880/921
f 396/837/911 395/846/922 1543/849/886 1542/848/885
f 403/881/923 1551/857/894 1546/856/893 402/874/913
f 407/876/917 408/882/924 1565/871/908 1566/872/909
f 413/883/925 1557/864/901 1562/869/906 412/878/919
f 395/846/922 394/843/926 1544/852/889 1543/849/886
f 404/884/927 1556/862/899 1551/857/894 403/881/923
f 408/882/924 409/885/928 1564/870/907 1565/871/908
f 414/886/929 1552/859/896 1557/864/901 413/883/925
f 394/843/926 393/840/930 1545/854/891 1544/852/889
f 405/887/931 1561/867/904 1556/862/899 404/884/927
f 409/885/928 410/888/932 1563/868/905 1564/870/907
f 415/889/933 1547/851/888 1552/859/896 414/886/929
f 393/840/930 392/834/914 1546/856/893 1545/854/891
f 406/877/918 1566/872/909 1561/867/904 405/887/931
f 410/888/932 411/879/920 1562/869/906 1563/868/905
f 416/873/912 1542/848/885 1547/851/888 415/889/933
f 1567/890/934 1568/891/935 1573/892/936 1572/893/937
f 1568/891/935 1569/894/938 1574/895/939 1573/892/936
f 1569/894/938 1570/896/940 1575/897/941 1574/895/939
f 1570/896/940 1571/898/942 1576/899/943 1575/897/941
f 1572/893/937 1573/892/936 1578/900/944 1577/901/945
f 1573/892/936 1574/895/939 1579/902/946 1578/900/944
f 1574/895/939 1575/897/941 1580/903/947 1579/902/946
f 1575/897/941 1576/899/943 1581/904/948 1580/903/947
f 1577/901/945 1578/900/944 1583/905/949 1582/906/950
f 1578/900/944 1579/902/946 1584/907/951 1583/905/949
f 1579/902/946 1580/903/947 1585/908/952 1584/907/951
f 1580/903/947 1581/904/948 1586/909/953 1585/908/952
f 1582/906/950 1583/905/949 1588/910/954 1587/911/955
f 1583/905/949 1584/907/951 1589/912/956 1588/910/954
f 1584/907/951 1585/908/952 1590/913/957 1589/912/956
f 1585/908/952 1586/909/953 1591/914/958 1590/913/957
f 22/880/959 411/879/960 1567/890/934 431/915/961
f 417/916/962 1571/898/942 407/876/963 54/875/964
f 55/917/965 422/918/966 1591/914/958 421/919/967
f 427/920/968 1587/911/955 426/921/969 23/922/970
f 411/879/960 410/888/971 1568/891/935 1567/890/934
f 418/923/972 1576/899/943 1571/898/942 417/916/962
f 422/918/966 423/924/973 1590/913/957 1591/914/958
f 428/925/974 1582/906/950 1587/911/955 427/920/968
f 410/888/971 409/885/975 1569/894/938 1568/891/935
f 419/926/976 1581/904/948 1576/899/943 418/923/972
f 423/924/973 424/927/977 1589/912/956 1590/913/957
f 429/928/978 1577/901/945 1582/906/950 428/925/974
f 409/885/975 408/882/979 1570/896/940 1569/894/938
f 420/929/980 1586/909/953 1581/904/948 419/926/976
f 424/927/977 425/930/981 1588/910/954 1589/912/956
f 430/931/982 1572/893/937 1577/901/945 429/928/978
f 408/882/979 407/876/963 1571/898/942 1570/896/940
f 421/919/967 1591/914/958 1586/909/953 420/929/980
f 425/930/981 426/921/969 1587/911/955 1588/910/954
f 431/915/961 1567/890/934 1572/893/937 430/931/982
f 1592/932/983 1593/933/984 1598/934/985 1597/935/986
f 1593/933/984 1594/936/987 1599/937/988 1598/934/985
f 1594/936/987 1595/938/989 1600/939/990 1599/937/988
f 1595/938/989 1596/940/991 1601/941/992 1600/939/990
f 1597/935/986 1598/934/985 1603/942/993 1602/943/994
f 1598/934/985 1599/937/988 1604/944/995 1603/942/993
f 1599/937/988 1600/939/990 1605/945/996 1604/944/995
f 1600/939/990 1601/941/992 1606/946/997 1605/945/996
f 1602/943/994 1603/942/993 1608/947/998 1607/948/999
f 1603/942/993 1604/944/995 1609/949/1000 1608/947/998
f 1604/944/995 1605/945/996 1610/950/1001 1609/949/1000
f 1605/945/996 1606/946/997 1611/951/1002 1610/950/1001
f 1607/948/999 1608/947/998 1613/952/1003 1612/953/1004
f 1608/947/998 1609/949/1000 1614/954/1005 1613/952/1003
f 1609/949/1000 1610/950/1001 1615/955/1006 1614/954/1005
f 1610/950/1001 1611/951/1002 1616/956/1007 1615/955/1006
f 23/922/1008 426/921/1009 1592/932/983 446/957/1010
f 432/958/1011 1596/940/991 422/918/1012 55/917/1013
f 56/959/1014 437/960/1015 1616/956/1007 436/961/1016
f 442/962/1017 1612/953/1004 441/963/1018 24/964/1019
f 426/921/1009 425/930/1020 1593/933/984 1592/932/983
f 433/965/1021 1601/941/992 1596/940/991 432/958/1011
f 437/960/1015 438/966/1022 1615/955/1006 1616/956/1007
f 443/967/1023 1607/948/999 1612/953/1004 442/962/1017
f 425/930/1020 424/927/1024 1594/936/987 1593/933/984
f 434/968/1025 1606/946/997 1601/941/992 433/965/1021
f 438/966/1022 439/969/1026 1614/954/1005 1615/955/1006
f 444/970/1027 1602/943/994 1607/948/999 443/967/1023
f 424/927/1024 423/924/1028 1595/938/989 1594/936/987
f 435/971/1029 1611/951/1002 1606/946/997 434/968/1025
f 439/969/1026 440/972/1030 1613/952/1003 1614/954/1005
f 445/973/1031 1597/935/986 1602/943/994 444/970/1027
f 423/924/1028 422/918/1012 1596/940/991 1595/938/989
f 436/961/1016 1616/956/1007 1611/951/1002 435/971/1029
f 440/972/1030 441/963/1018 1612/953/1004 1613/952/1003
f 446/957/1010 1592/932/983 1597/935/986 445/973/1031
f 1617/974/1032 1618/975/1033 1623/976/1034 1622/977/1035
f 1618/975/1033 1619/978/1036 1624/979/1037 1623/976/1034
f 1619/978/1036 1620/980/1038 1625/981/1039 1624/979/1037
f 1620/980/1038 1621/982/1040 1626/983/1041 1625/981/1039
f 1622/977/1035 1623/976/1034 1628/984/1042 1627/985/1043
f 1623/976/1034 1624/979/1037 1629/986/1044 1628/984/1042
f 1624/979/1037 1625/981/1039 1630/987/1045 1629/986/1044
f 1625/981/1039 1626/983/1041 1631/988/1046 1630/987/1045
f 1627/985/1043 1628/984/1042 1633/989/1047 1632/990/1048
f 1628/984/1042 1629/986/1044 1634/991/1049 1633/989/1047
f 1629/986/1044 1630/987/1045 1635/992/1050 1634/991/1049
f 1630/987/1045 1631/988/1046 1636/993/1051 1635/992/1050
f 1632/990/1048 1633/989/1047 1638/994/1052 1637/995/1053
f 1633/989/1047 1634/991/1049 1639/996/1054 1638/994/1052
f 1634/991/1049 1635/992/1050 1640/997/1055 1639/996/1054
f 1635/992/1050 1636/993/1051 1641/998/1056 1640/997/1055
f 24/964/1057 441/963/1058 1617/974/1032 461/999/1059
f 447/1000/1060 1621/982/1040 437/960/1061 56/959/1062
f 57/1001/1063 452/1002/1064 1641/998/1056 451/1003/1065
f 457/1004/1066 1637/995/1053 456/1005/1067 25/1006/1068
f 441/963/1058 440/972/1069 1618/975/1033 1617/974/1032
f 448/1007/1070 1626/983/1041 1621/982/1040 447/1000/1060
f 452/1002/1064 453/1008/1071 1640/997/1055 1641/998/1056
f 458/1009/1072 1632/990/1048 1637/995/1053 457/1004/1066
f 440/972/1069 439/969/1073 1619/978/1036 1618/975/1033
f 449/1010/1074 1631/988/1046 1626/983/1041 448/1007/1070
f 453/1008/1071 454/1011/1075 1639/996/1054 1640/997/1055
f 459/1012/1076 1627/985/1043 1632/990/1048 458/1009/1072
f 439/969/1073 438/966/1077 1620/980/1038 1619/978/1036
f 450/1013/1078 1636/993/1051 1631/988/1046 449/1010/1074
f 454/1011/1075 455/1014/1079 1638/994/1052 1639/996/1054
f 460/1015/1080 1622/977/1035 1627/985/1043 459/1012/1076
f 438/966/1077 437/960/1061 1621/982/1040 1620/980/1038
f 451/1003/1065 1641/998/1056 1636/993/1051 450/1013/1078
f 455/1014/1079 456/1005/1067 1637/995/1053 1638/994/1052
f 461/999/1059 1617/974/1032 1622/977/1035 460/1015/1080
f 1642/1016/1081 1643/1017/1082 1648/1018/1083 1647/1019/1084
f 1643/1017/1082 1644/1020/1085 1649/1021/1086 1648/1018/1083
f 1644/1020/1085 1645/1022/1087 1650/1023/1088 1649/1021/1086
f 1645/1022/1087 1646/1024/1089 1651/1025/1090 1650/1023/1088
f 1647/1019/1084 1648/1018/1083 1653/1026/1091 1652/1027/1092
f 1648/1018/1083 1649/1021/1086 1654/1028/1093 1653/1026/1091
f 1649/1021/1086 1650/1023/1088 1655/1029/1094 1654/1028/1093
f 1650/1023/1088 1651/1025/1090 1656/1030/1095 1655/1029/1094
f 1652/1027/1092 1653/1026/1091 1658/1031/1096 1657/1032/1097
f 1653/1026/1091 1654/1028/1093 1659/1033/1098 1658/1031/1096
f 1654/1028/1093 1655/1029/1094 1660/1034/1099 1659/1033/1098
f 1655/1029/1094 1656/1030/1095 1661/1035/1100 1660/1034/1099
f 1657/1032/1097 1658/1031/1096 1663/1036/1101 1662/1037/1102
f 1658/1031/1096 1659/1033/1098 1664/1038/1103 1663/1036/1101
f 1659/1033/1098 1660/1034/1099 1665/1039/1104 1664/1038/1103
f 1660/1034/1099 1661/1035/1100 1666/1040/1105 1665/1039/1104
f 25/1006/1106 456/1005/1107 1642/1016/1081 476/1041/1108
f 462/1042/1109 1646/1024/1089 452/1002/1110 57/1001/1111
f 58/1043/1112 467/1044/1113 1666/1040/1105 466/1045/1114
f 472/1046/1115 1662/1037/1102 471/1047/1116 26/1048/1117
f 456/1005/1107 455/1014/1118 1643/1017/1082 1642/1016/1081
f 463/1049/1119 1651/1025/1090 1646/1024/1089 462/1042/1109
f 467/1044/1113 468/1050/1120 1665/1039/1104 1666/1040/1105
f 473/1051/1121 1657/1032/1097 1662/1037/1102 472/1046/1115
f 455/1014/1118 454/1011/1122 1644/1020/1085 1643/1017/1082
f 464/1052/1123 1656/1030/1095 1651/1025/1090 463/1049/1119
f 468/1050/1120 469/1053/1124 1664/1038/1103 1665/1039/1104
f 474/1054/1125 1652/1027/1092 1657/1032/1097 473/1051/1121
f 454/1011/1122 453/1008/1126 1645/1022/1087 1644/1020/1085
f 465/1055/1127 1661/1035/1100 1656/1030/1095 464/1052/1123
f 469/1053/1124 470/1056/1128 1663/1036/1101 1664/1038/1103
f 475/1057/1129 1647/1019/1084 1652/1027/1092 474/1054/1125
f 453/1008/1126 452/1002/1110 1646/1024/1089 1645/1022/1087
f 466/1045/1114 1666/1040/1105 1661/1035/1100 465/1055/1127
f 470/1056/1128 471/1047/1116 1662/1037/1102 1663/1036/1101
f 476/1041/1108 1642/1016/1081 1647/1019/1084 475/1057/1129
f 1667/1058/1130 1668/1059/1131 1673/1060/1132 1672/1061/1133
f 1668/1059/1131 1669/1062/1134 1674/1063/1135 1673/1060/1132
f 1669/1062/1134 1670/1064/1136 1675/1065/1137 1674/1063/1135
f 1670/1064/1136 1671/1066/1138 1676/1067/1139 1675/1065/1137
f 1672/1061/1133 1673/1060/1132 1678/1068/1140 1677/1069/1141
f 1673/1060/1132 1674/1063/1135 1679/1070/1142 1678/1068/1140
f 1674/1063/1135 1675/1065/1137 1680/1071/1143 1679/1070/1142
f 1675/1065/1137 1676/1067/1139 1681/1072/1144 1680/1071/1143
f 1677/1069/1141 1678/1068/1140 1683/1073/1145 1682/1074/1146
f 1678/1068/1140 1679/1070/1142 1684/1075/1147 1683/1073/1145
f 1679/1070/1142 1680/1071/1143 1685/1076/1148 1684/1075/1147
f 1680/1071/1143 1681/1072/1144 1686/1077/1149 1685/1076/1148
f 1682/1074/1146 1683/1073/1145 1688/1078/1150 1687/1079/1151
f 1683/1073/1145 1684/1075/1147 1689/1080/1152 1688/1078/1150
f 1684/1075/1147 1685/1076/1148 1690/1081/1153 1689/1080/1152
f 1685/1076/1148 1686/1077/1149 1691/1082/1154 1690/1081/1153
f 26/1048/1155 471/1047/1156 1667/1058/1130 491/1083/1157
f 477/1084/1158 1671/1066/1138 467/1044/1159 58/1043/1160
f 59/1085/1161 482/1086/1162 1691/1082/1154 481/1087/1163
f 487/1088/1164 1687/1079/1151 486/1089/1165 27/1090/1166
f 471/1047/1156 470/1056/1167 1668/1059/1131 1667/1058/1130
f 478/1091/1168 1676/1067/1139 1671/1066/1138 477/1084/1158
f 482/1086/1162 483/1092/1169 1690/1081/1153 1691/1082/1154
f 488/1093/1170 1682/1074/1146 1687/1079/1151 487/1088/1164
f 470/1056/1167 469/1053/1171 1669/1062/1134 1668/1059/1131
f 479/1094/1172 1681/1072/1144 1676/1067/1139 478/1091/1168
f 483/1092/1169 484/1095/1173 1689/1080/1152 1690/1081/1153
f 489/1096/1174 1677/1069/1141 1682/1074/1146 488/1093/1170
f 469/1053/1171 468/1050/1175 1670/1064/1136 1669/1062/1134
f 480/1097/1176 1686/1077/1149 1681/1072/1144 479/1094/1172
f 484/1095/1173 485/1098/1177 1688/1078/1150 1689/1080/1152
f 490/1099/1178 1672/1061/1133 1677/1069/1141 489/1096/1174
f 468/1050/1175 467/1044/1159 1671/1066/1138 1670/1064/1136
f 481/1087/1163 1691/1082/1154 1686/1077/1149 480/1097/1176
f 485/1098/1177 486/1089/1165 1687/1079/1151 1688/1078/1150
f 491/1083/1157 1667/1058/1130 1672/1061/1133 490/1099/1178
f 1692/1100/1179 1693/1101/1180 1698/1102/1181 1697/1103/1182
f 1693/1101/1180 1694/1104/1183 1699/1105/1184 1698/1102/1181
f 1694/1104/1183 1695/1106/1185 1700/1107/1186 1699/1105/1184
f 1695/1106/1185 1696/1108/1187 1701/1109/1188 1700/1107/1186
f 1697/1103/1182 1698/1102/1181 1703/1110/1189 1702/1111/1190
f 1698/1102/1181 1699/1105/1184 1704/1112/1191 1703/1110/1189
f 1699/1105/1184 1700/1107/1186 1705/1113/1192 1704/1112/1191
f 1700/1107/1186 1701/1109/1188 1706/1114/1193 1705/1113/1192
f 1702/1111/1190 1703/1110/1189 1708/1115/1194 1707/1116/1195
f 1703/1110/1189 1704/1112/1191 1709/1117/1196 1708/1115/1194
f 1704/1112/1191 1705/1113/1192 1710/1118/1197 1709/1117/1196
f 1705/1113/1192 1706/1114/1193 1711/1119/1198 1710/1118/1197
f 1707/1116/1195 1708/1115/1194 1713/1120/1199 1712/1121/1200
f 1708/1115/1194 1709/1117/1196 1714/1122/1201 1713/1120/1199
f 1709/1117/1196 1710/1118/1197 1715/1123/1202 1714/1122/1201
f 1710/1118/1197 1711/1119/1198 1716/1124/1203 1715/1123/1202
f 27/1090/1204 486/1089/1205 1692/1100/1179 506/1125/1206
f 492/1126/1207 1696/1108/1187 482/1086/1208 59/1085/1209
f 60/1127/1210 497/1128/1211 1716/1124/1203 496/1129/1212
f 502/1130/1213 1712/1121/1200 501/1131/1214 28/1132/1215
f 486/1089/1205 485/1098/1216 1693/1101/1180 1692/1100/1179
f 493/1133/1217 1701/1109/1188 1696/1108/1187 492/1126/1207
f 497/1128/1211 498/1134/1218 1715/1123/1202 1716/1124/1203
f 503/1135/1219 1707/1116/1195 1712/1121/1200 502/1130/1213
f 485/1098/1216 484/1095/1220 1694/1104/1183 1693/1101/1180
f 494/1136/1221 1706/1114/1193 1701/1109/1188 493/1133/1217
f 498/1134/1218 499/1137/1222 1714/1122/1201 1715/1123/1202
f 504/1138/1223 1702/1111/1190 1707/1116/1195 503/1135/1219
f 484/1095/1220 483/1092/1224 1695/1106/1185 1694/1104/1183
f 495/1139/1225 1711/1119/1198 1706/1114/1193 494/1136/1221
f 499/1137/1222 500/1140/1226 1713/1120/1199 1714/1122/1201
f 505/1141/1227 1697/1103/1182 1702/1111/1190 504/1138/1223
f 483/1092/1224 482/1086/1208 1696/1108/1187 1695/1106/1185
f 496/1129/1212 1716/1124/1203 1711/1119/1198 495/1139/1225
f 500/1140/1226 501/1131/1214 1712/1121/1200 1713/1120/1199
f 506/1125/1206 1692/1100/1179 1697/1103/1182 505/1141/1227
f 1717/1142/1228 1718/1143/1229 1723/1144/1230 1722/1145/1231
f 1718/1143/1229 1719/1146/1232 1724/1147/1233 1723/1144/1230
f 1719/1146/1232 1720/1148/1234 1725/1149/1235 1724/1147/1233
f 1720/1148/1234 1721/1150/1236 1726/1151/1237 1725/1149/1235
f 1722/1145/1231 1723/1144/1230 1728/1152/1238 1727/1153/1239
f 1723/1144/1230 1724/1147/1233 1729/1154/1240 1728/1152/1238
f 1724/1147/1233 1725/1149/1235 1730/1155/1241 1729/1154/1240
f 1725/1149/1235 1726/1151/1237 1731/1156/1242 1730/1155/1241
f 1727/1153/1239 1728/1152/1238 1733/1157/1243 1732/1158/1244
f 1728/1152/1238 1729/1154/1240 1734/1159/1245 1733/1157/1243
f 1729/1154/1240 1730/1155/1241 1735/1160/1246 1734/1159/1245
f 1730/1155/1241 1731/1156/1242 1736/1161/1247 1735/1160/1246
f 1732/1158/1244 1733/1157/1243 1738/1162/1248 1737/1163/1249
f 1733/1157/1243 1734/1159/1245 1739/1164/1250 1738/1162/1248
f 1734/1159/1245 1735/1160/1246 1740/1165/1251 1739/1164/1250
f 1735/1160/1246 1736/1161/1247 1741/1166/1252 1740/1165/1251
f 28/1132/1253 501/1131/1254 1717/1142/1228 521/1167/1255
f 507/1168/1256 1721/1150/1236 497/1128/1257 60/1127/1258
f 61/1169/1259 512/1170/1260 1741/1166/1252 511/1171/1261
f 517/1172/1262 1737/1163/1249 516/1173/1263 29/1174/1264
f 501/1131/1254 500/1140/1265 1718/1143/1229 1717/1142/1228
f 508/1175/1266 1726/1151/1237 1721/1150/1236 507/1168/1256
f 512/1170/1260 513/1176/1267 1740/1165/1251 1741/1166/1252
f 518/1177/1268 1732/1158/1244 1737/1163/1249 517/1172/1262
f 500/1140/1265 499/1137/1269 1719/1146/1232 1718/1143/1229
f 509/1178/1270 1731/1156/1242 1726/1151/1237 508/1175/1266
f 513/1176/1267 514/1179/1271 1739/1164/1250 1740/1165/1251
f 519/1180/1272 1727/1153/1239 1732/1158/1244 518/1177/1268
f 499/1137/1269 498/1134/1273 1720/1148/1234 1719/1146/1232
f 510/1181/1274 1736/1161/1247 1731/1156/1242 509/1178/1270
f 514/1179/1271 515/1182/1275 1738/1162/1248 1739/1164/1250
f 520/1183/1276 1722/1145/1231 1727/1153/1239 519/1180/1272
f 498/1134/1273 497/1128/1257 1721/1150/1236 1720/1148/1234
f 511/1171/1261 1741/1166/1252 1736/1161/1247 510/1181/1274
f 515/1182/1275 516/1173/1263 1737/1163/1249 1738/1162/1248
f 521/1167/1255 1717/1142/1228 1722/1145/1231 520/1183/1276
f 1742/1184/1277 1743/1185/1278 1748/1186/1279 1747/1187/1280
f 1743/1185/1278 1744/1188/1281 1749/1189/1282 1748/1186/1279
f 1744/1188/1281 1745/1190/1283 1750/1191/1284 1749/1189/1282
f 1745/1190/1283 1746/1192/1285 1751/1193/1286 1750/1191/1284
f 1747/1187/1280 1748/1186/1279 1753/1194/1287 1752/1195/1288
f 1748/1186/1279 1749/1189/1282 1754/1196/1289 1753/1194/1287
f 1749/1189/1282 1750/1191/1284 1755/1197/1290 1754/1196/1289
f 1750/1191/1284 1751/1193/1286 1756/1198/1291 1755/1197/1290
f 1752/1195/1288 1753/1194/1287 1758/1199/1292 1757/1200/1293
f 1753/1194/1287 1754/1196/1289 1759/1201/1294 1758/1199/1292
f 1754/1196/1289 1755/1197/1290 1760/1202/1295 1759/1201/1294
f 1755/1197/1290 1756/1198/1291 1761/1203/1296 1760/1202/1295
f 1757/1200/1293 1758/1199/1292 1763/1204/1297 1762/1205/1298
f 1758/1199/1292 1759/1201/1294 1764/1206/1299 1763/1204/1297
f 1759/1201/1294 1760/1202/1295 1765/1207/1300 1764/1206/1299
f 1760/1202/1295 1761/1203/1296 1766/1208/1301 1765/1207/1300
f 29/1174/1302 516/1173/1303 1742/1184/1277 536/1209/1304
f 522/1210/1305 1746/1192/1285 512/1170/1306 61/1169/1307
f 62/1211/1308 527/1212/1309 1766/1208/1301 526/1213/1310
f 532/1214/1311 1762/1205/1298 531/1215/1312 30/1216/1313
f 516/1173/1303 515/1182/1314 1743/1185/1278 1742/1184/1277
f 523/1217/1315 1751/1193/1286 1746/1192/1285 522/1210/1305
f 527/1212/1309 528/1218/1316 1765/1207/1300 1766/1208/1301
f 533/1219/1317 1757/1200/1293 1762/1205/1298 532/1214/1311
f 515/1182/1314 514/1179/1318 1744/1188/1281 1743/1185/1278
f 524/1220/1319 1756/1198/1291 1751/1193/1286 523/1217/1315
f 528/1218/1316 529/1221/1320 1764/1206/1299 1765/1207/1300
f 534/1222/1321 1752/1195/1288 1757/1200/1293 533/1219/1317
f 514/1179/1318 513/1176/1322 1745/1190/1283 1744/1188/1281
f 525/1223/1323 1761/1203/1296 1756/1198/1291 524/1220/1319
f 529/1221/1320 530/1224/1324 1763/1204/1297 1764/1206/1299
f 535/1225/1325 1747/1187/1280 1752/1195/1288 534/1222/1321
f 513/1176/1322 512/1170/1306 1746/1192/1285 1745/1190/1283
f 526/1213/1310 1766/1208/1301 1761/1203/1296 525/1223/1323
f 530/1224/1324 531/1215/1312 1762/1205/1298 1763/1204/1297
f 536/1209/1304 1742/1184/1277 1747/1187/1280 535/1225/1325
f 1767/1226/1326 1768/1227/1327 1773/1228/1328 1772/1229/1329
f 1768/1227/1327 1769/1230/1330 1774/1231/1331 1773/1228/1328
f 1769/1230/1330 1770/1232/1332 1775/1233/1333 1774/1231/1331
f 1770/1232/1332 1771/1234/1334 1776/1235/1335 1775/1233/1333
f 1772/1229/1329 1773/1228/1328 1778/1236/1336 1777/1237/1337
f 1773/1228/1328 1774/1231/1331 1779/1238/1338 1778/1236/1336
f 1774/1231/1331 1775/1233/1333 1780/1239/1339 1779/1238/1338
f 1775/1233/1333 1776/1235/1335 1781/1240/1340 1780/1239/1339
f 1777/1237/1337 1778/1236/1336 1783/1241/1341 1782/1242/1342
f 1778/1236/1336 1779/1238/1338 1784/1243/1343 1783/1241/1341
f 1779/1238/1338 1780/1239/1339 1785/1244/1344 1784/1243/1343
f 1780/1239/1339 1781/1240/1340 1786/1245/1345 1785/1244/1344
f 1782/1242/1342 1783/1241/1341 1788/1246/1346 1787/1247/1347
f 1783/1241/1341 1784/1243/1343 1789/1248/1348 1788/1246/1346
f 1784/1243/1343 1785/1244/1344 1790/1249/1349 1789/1248/1348
f 1785/1244/1344 1786/1245/1345 1791/1250/1350 1790/1249/1349
f 30/1216/1351 531/1215/1352 1767/1226/1326 551/1251/1353
f 537/1252/1354 1771/1234/1334 527/1212/1355 62/1211/1356
f 63/1253/1357 542/1254/1358 1791/1250/1350 541/1255/1359
f 547/1256/1360 1787/1247/1347 546/1257/1361 31/1258/1362
f 531/1215/1352 530/1224/1363 1768/1227/1327 1767/1226/1326
f 538/1259/1364 1776/1235/1335 1771/1234/1334 537/1252/1354
f 542/1254/1358 543/1260/1365 1790/1249/1349 1791/1250/1350
f 548/1261/1366 1782/1242/1342 1787/1247/1347 547/1256/1360
f 530/1224/1363 529/1221/1367 1769/1230/1330 1768/1227/1327
f 539/1262/1368 1781/1240/1340 1776/1235/1335 538/1259/1364
f 543/1260/1365 544/1263/1369 1789/1248/1348 1790/1249/1349
f 549/1264/1370 1777/1237/1337 1782/1242/1342 548/1261/1366
f 529/1221/1367 528/1218/1371 1770/1232/1332 1769/1230/1330
f 540/1265/1372 1786/1245/1345 1781/1240/1340 539/1262/1368
f 544/1263/1369 545/1266/1373 1788/1246/1346 1789/1248/1348
f 550/1267/1374 1772/1229/1329 1777/1237/1337 549/1264/1370
f 528/1218/1371 527/1212/1355 1771/1234/1334 1770/1232/1332
f 541/1255/1359 1791/1250/1350 1786/1245/1345 540/1265/1372
f 545/1266/1373 546/1257/1361 1787/1247/1347 1788/1246/1346
f 551/1251/1353 1767/1226/1326 1772/1229/1329 550/1267/1374
f 1792/1268/1375 1793/1269/1376 1798/1270/1377 1797/1271/1378
f 1793/1269/1376 1794/1272/1379 1799/1273/1380 1798/1270/1377
f 1794/1272/1379 1795/1274/1381 1800/1275/1382 1799/1273/1380
f 1795/1274/1381 1796/1276/1383 1801/1277/1384 1800/1275/1382
f 1797/1271/1378 1798/1270/1377 1803/1278/1385 1802/1279/1386
f 1798/1270/1377 1799/1273/1380 1804/1280/1387 1803/1278/1385
f 1799/1273/1380 1800/1275/1382 1805/1281/1388 1804/1280/1387
f 1800/1275/1382 1801/1277/1384 1806/1282/1389 1805/1281/1388
f 1802/1279/1386 1803/1278/1385 1808/1283/1390 1807/1284/1391
f 1803/1278/1385 1804/1280/1387 1809/1285/1392 1808/1283/1390
f 1804/1280/1387 1805/1281/1388 1810/1286/1393 1809/1285/1392
f 1805/1281/1388 1806/1282/1389 1811/1287/1394 1810/1286/1393
f 1807/1284/1391 1808/1283/1390 1813/1288/1395 1812/1289/1396
f 1808/1283/1390 1809/1285/1392 1814/1290/1397 1813/1288/1395
f 1809/1285/1392 1810/1286/1393 1815/1291/1398 1814/1290/1397
f 1810/1286/1393 1811/1287/1394 1816/1292/1399 1815/1291/1398
f 31/1258/1400 546/1257/1401 1792/1268/1375 566/1293/1402
f 552/1294/1403 1796/1276/1383 542/1254/1404 63/1253/1405
f 64/1295/1406 557/1296/1407 1816/1292/1399 556/1297/1408
f 562/1298/1409 1812/1289/1396 561/1299/1410 32/1300/1411
f 546/1257/1401 545/1266/1412 1793/1269/1376 1792/1268/1375
f 553/1301/1413 1801/1277/1384 1796/1276/1383 552/1294/1403
f 557/1296/1407 558/1302/1414 1815/1291/1398 1816/1292/1399
f 563/1303/1415 1807/1284/1391 1812/1289/1396 562/1298/1409
f 545/1266/1412 544/1263/21 1794/1272/1379 1793/1269/1376
f 554/1304/1416 1806/1282/1389 1801/1277/1384 553/1301/1413
f 558/1302/1414 559/1305/1417 1814/1290/1397 1815/1291/1398
f 564/1306/1418 1802/1279/1386 1807/1284/1391 563/1303/1415
f 544/1263/21 543/1260/1419 1795/1274/1381 1794/1272/1379
f 555/1307/1420 1811/1287/1394 1806/1282/1389 554/1304/1416
f 559/1305/1417 560/1308/1421 1813/1288/1395 1814/1290/1397
f 565/1309/1422 1797/1271/1378 1802/1279/1386 564/1306/1418
f 543/1260/1419 542/1254/1404 1796/1276/1383 1795/1274/1381
f 556/1297/1408 1816/1292/1399 1811/1287/1394 555/1307/1420
f 560/1308/1421 561/1299/1410 1812/1289/1396 1813/1288/1395
f 566/1293/1402 1792/1268/1375 1797/1271/1378 565/1309/1422
f 1817/1310/8 1818/1311/1423 1823/1312/1424 1822/1313/8
f 1818/1311/1423 1819/1314/1423 1824/1315/1424 1823/1312/1424
f 1819/1314/1423 1820/1316/1423 1825/1317/1424 1824/1315/1424
f 1820/1316/1423 1821/1318/1425 1826/1319/1425 1825/1317/1424
f 1822/1313/8 1823/1312/1424 1828/1320/1424 1827/1321/8
f 1823/1312/1424 1824/1315/1424 1829/1322/1424 1828/1320/1424
f 1824/1315/1424 1825/1317/1424 1830/1323/1424 1829/1322/1424
f 1825/1317/1424 1826/1319/1425 1831/1324/1425 1830/1323/1424
f 1827/1321/8 1828/1320/1424 1833/1325/8 1832/1326/8
f 1828/1320/1424 1829/1322/1424 1834/1327/1424 1833/1325/8
f 1829/1322/1424 1830/1323/1424 1835/1328/1425 1834/1327/1424
f 1830/1323/1424 1831/1324/1425 1836/1329/1425 1835/1328/1425
f 1832/1326/8 1833/1325/8 1838/1330/1426 1837/1331/8
f 1833/1325/8 1834/1327/1424 1839/1332/1423 1838/1330/1426
f 1834/1327/1424 1835/1328/1425 1840/1333/1427 1839/1332/1423
f 1835/1328/1425 1836/1329/1425 1841/1334/1425 1840/1333/1427
f 33/31/8 567/1335/1426 1817/1310/8 102/29/8
f 572/1336/1425 1821/1318/1425 571/1337/1427 65/1338/1425
f 66/1339/1425 577/1340/1425 1841/1334/1425 576/1341/1425
f 106/34/8 1837/1331/8 581/1342/8 34/32/8
f 567/1335/1426 568/1343/1423 1818/1311/1423 1817/1310/8
f 573/1344/1425 1826/1319/1425 1821/1318/1425 572/1336/1425
f 577/1340/1425 578/1345/1427 1840/1333/1427 1841/1334/1425
f 105/47/8 1832/1326/8 1837/1331/8 106/34/8
f 568/1343/1423 569/1346/1423 1819/1314/1423 1818/1311/1423
f 574/1347/1425 1831/1324/1425 1826/1319/1425 573/1344/1425
f 578/1345/1427 579/1348/1423 1839/1332/1423 1840/1333/1427
f 104/43/8 1827/1321/8 1832/1326/8 105/47/8
f 569/1346/1423 570/1349/1423 1820/1316/1423 1819/1314/1423
f 575/1350/1425 1836/1329/1425 1831/1324/1425 574/1347/1425
f 579/1348/1423 580/1351/1426 1838/1330/1426 1839/1332/1423
f 103/39/8 1822/1313/8 1827/1321/8 104/43/8
f 570/1349/1423 571/1337/1427 1821/1318/1425 1820/1316/1423
f 576/1341/1425 1841/1334/1425 1836/1329/1425 575/1350/1425
f 580/1351/1426 581/1342/8 1837/1331/8 1838/1330/1426
f 102/29/8 1817/1310/8 1822/1313/8 103/39/8
f 1842/1352/1428 1843/1353/1429 1848/1354/1429 1847/1355/1428
f 1843/1353/1429 1844/1356/1430 1849/1357/1430 1848/1354/1429
f 1844/1356/1430 1845/1358/1431 1850/1359/1431 1849/1357/1430
f 1845/1358/1431 1846/1360/1432 1851/1361/1432 1850/1359/1431
f 1847/1355/1428 1848/1354/1429 1853/1362/1429 1852/1363/1428
f 1848/1354/1429 1849/1357/1430 1854/1364/1430 1853/1362/1429
f 1849/1357/1430 1850/1359/1431 1855/1365/1431 1854/1364/1430
f 1850/1359/1431 1851/1361/1432 1856/1366/1432 1855/1365/1431
f 1852/1363/1428 1853/1362/1429 1858/1367/1429 1857/1368/1428
f 1853/1362/1429 1854/1364/1430 1859/1369/1430 1858/1367/1429
f 1854/1364/1430 1855/1365/1431 1860/1370/1431 1859/1369/1430
f 1855/1365/1431 1856/1366/1432 1861/1371/1432 1860/1370/1431
f 1857/1368/1428 1858/1367/1429 1863/1372/1429 1862/1373/1428
f 1858/1367/1429 1859/1369/1430 1864/1374/1430 1863/1372/1429
f 1859/1369/1430 1860/1370/1431 1865/1375/1431 1864/1374/1430
f 1860/1370/1431 1861/1371/1432 1866/1376/1432 1865/1375/1431
f 34/32/15 581/1342/1428 1842/1352/1428 117/76/15
f 582/1377/1433 1846/1360/1432 577/1340/1432 66/1339/1433
f 67/1378/1433 587/1379/1432 1866/1376/1432 586/1380/1433
f 121/79/15 1862/1373/1428 591/1381/1428 35/77/15
f 581/1342/1428 580/1351/1429 1843/1353/1429 1842/1352/1428
f 583/1382/1433 1851/1361/1432 1846/1360/1432 582/1377/1433
f 587/1379/1432 588/1383/1431 1865/1375/1431 1866/1376/1432
f 120/89/15 1857/1368/1428 1862/1373/1428 121/79/15
f 580/1351/1429 579/1348/1430 1844/1356/1430 1843/1353/1429
f 584/1384/1433 1856/1366/1432 1851/1361/1432 583/1382/1433
f 588/1383/1431 589/1385/1430 1864/1374/1430 1865/1375/1431
f 119/86/15 1852/1363/1428 1857/1368/1428 120/89/15
f 579/1348/1430 578/1345/1431 1845/1358/1431 1844/1356/1430
f 585/1386/1433 1861/1371/1432 1856/1366/1432 584/1384/1433
f 589/1385/1430 590/1387/1429 1863/1372/1429 1864/1374/1430
f 118/83/15 1847/1355/1428 1852/1363/1428 119/86/15
f 578/1345/1431 577/1340/1432 1846/1360/1432 1845/1358/1431
f 586/1380/1433 1866/1376/1432 1861/1371/1432 585/1386/1433
f 590/1387/1429 591/1381/1428 1862/1373/1428 1863/1372/1429
f 117/76/15 1842/1352/1428 1847/1355/1428 118/83/15
f 1867/1388/1434 1868/1389/1435 1873/1390/1436 1872/1391/1437
f 1868/1389/1435 1869/1392/1438 1874/1393/1439 1873/1390/1436
f 1869/1392/1438 1870/1394/1440 1875/1395/1441 1874/1393/1439
f 1870/1394/1440 1871/1396/1442 1876/1397/1443 1875/1395/1441
f 1872/1391/1437 1873/1390/1436 1878/1398/1444 1877/1399/1445
f 1873/1390/1436 1874/1393/1439 1879/1400/1446 1878/1398/1444
f 1874/1393/1439 1875/1395/1441 1880/1401/1447 1879/1400/1446
f 1875/1395/1441 1876/1397/1443 1881/1402/1448 1880/1401/1447
f 1877/1399/1445 1878/1398/1444 1883/1403/1449 1882/1404/1450
f 1878/1398/1444 1879/1400/1446 1884/1405/1451 1883/1403/1449
f 1879/1400/1446 1880/1401/1447 1885/1406/1452 1884/1405/1451
f 1880/1401/1447 1881/1402/1448 1886/1407/1453 1885/1406/1452
f 1882/1404/1450 1883/1403/1449 1888/1408/1454 1887/1409/1455
f 1883/1403/1449 1884/1405/1451 1889/1410/1456 1888/1408/1454
f 1884/1405/1451 1885/1406/1452 1890/1411/1457 1889/1410/1456
f 1885/1406/1452 1886/1407/1453 1891/1412/1458 1890/1411/1457
f 35/77/46 591/1381/1459 1867/1388/1434 132/118/44
f 592/1413/1460 1871/1396/1442 587/1379/1461 67/1378/1462
f 68/1414/1463 597/1415/1464 1891/1412/1458 596/1416/1465
f 136/121/49 1887/1409/1455 601/1417/1466 36/119/47
f 591/1381/1459 590/1387/1467 1868/1389/1435 1867/1388/1434
f 593/1418/1468 1876/1397/1443 1871/1396/1442 592/1413/1460
f 597/1415/1464 598/1419/1469 1890/1411/1457 1891/1412/1458
f 135/131/61 1882/1404/1450 1887/1409/1455 136/121/49
f 590/1387/1467 589/1385/1470 1869/1392/1438 1868/1389/1435
f 594/1420/1471 1881/1402/1448 1876/1397/1443 593/1418/1468
f 598/1419/1469 599/1421/1472 1889/1410/1456 1890/1411/1457
f 134/128/57 1877/1399/1445 1882/1404/1450 135/131/61
f 589/1385/1470 588/1383/1473 1870/1394/1440 1869/1392/1438
f 595/1422/1474 1886/1407/1453 1881/1402/1448 594/1420/1471
f 599/1421/1472 600/1423/1475 1888/1408/1454 1889/1410/1456
f 133/125/53 1872/1391/1437 1877/1399/1445 134/128/57
f 588/1383/1473 587/1379/1461 1871/1396/1442 1870/1394/1440
f 596/1416/1465 1891/1412/1458 1886/1407/1453 595/1422/1474
f 600/1423/1475 601/1417/1466 1887/1409/1455 1888/1408/1454
f 132/118/44 1867/1388/1434 1872/1391/1437 133/125/53
f 1892/1424/1476 1893/1425/1477 1898/1426/1478 1897/1427/1479
f 1893/1425/1477 1894/1428/1480 1899/1429/1481 1898/1426/1478
f 1894/1428/1480 1895/1430/1482 1900/1431/1483 1899/1429/1481
f 1895/1430/1482 1896/1432/1484 1901/1433/1485 1900/1431/1483
f 1897/1427/1479 1898/1426/1478 1903/1434/1486 1902/1435/1487
f 1898/1426/1478 1899/1429/1481 1904/1436/1488 1903/1434/1486
f 1899/1429/1481 1900/1431/1483 1905/1437/1489 1904/1436/1488
f 1900/1431/1483 1901/1433/1485 1906/1438/1490 1905/1437/1489
f 1902/1435/1487 1903/1434/1486 1908/1439/1491 1907/1440/1492
f 1903/1434/1486 1904/1436/1488 1909/1441/1493 1908/1439/1491
f 1904/1436/1488 1905/1437/1489 1910/1442/1494 1909/1441/1493
f 1905/1437/1489 1906/1438/1490 1911/1443/1495 1910/1442/1494
f 1907/1440/1492 1908/1439/1491 1913/1444/1496 1912/1445/1497
f 1908/1439/1491 1909/1441/1493 1914/1446/1498 1913/1444/1496
f 1909/1441/1493 1910/1442/1494 1915/1447/1499 1914/1446/1498
f 1910/1442/1494 1911/1443/1495 1916/1448/1500 1915/1447/1499
f 36/119/94 601/1417/1501 1892/1424/1476 147/160/92
f 602/1449/1502 1896/1432/1484 597/1415/1503 68/1414/1504
f 69/1450/1505 607/1451/1506 1916/1448/1500 606/1452/1507
f 151/163/97 1912/1445/1497 611/1453/1508 37/161/95
f 601/1417/1501 600/1423/1509 1893/1425/1477 1892/1424/1476
f 603/1454/1510 1901/1433/1485 1896/1432/1484 602/1449/1502
f 607/1451/1506 608/1455/1511 1915/1447/1499 1916/1448/1500
f 150/173/110 1907/1440/1492 1912/1445/1497 151/163/97
f 600/1423/1509 599/1421/1512 1894/1428/1480 1893/1425/1477
f 604/1456/1513 1906/1438/1490 1901/1433/1485 603/1454/1510
f 608/1455/1511 609/1457/1514 1914/1446/1498 1915/1447/1499
f 149/170/106 1902/1435/1487 1907/1440/1492 150/173/110
f 599/1421/1512 598/1419/1515 1895/1430/1482 1894/1428/1480
f 605/1458/1516 1911/1443/1495 1906/1438/1490 604/1456/1513
f 609/1457/1514 610/1459/1517 1913/1444/1496 1914/1446/1498
f 148/167/102 1897/1427/1479 1902/1435/1487 149/170/106
f 598/1419/1515 597/1415/1503 1896/1432/1484 1895/1430/1482
f 606/1452/1507 1916/1448/1500 1911/1443/1495 605/1458/1516
f 610/1459/1517 611/1453/1508 1912/1445/1497 1913/1444/1496
f 147/160/92 1892/1424/1476 1897/1427/1479 148/167/102
f 1917/1460/1518 1918/1461/1519 1923/1462/1520 1922/1463/1521
f 1918/1461/1519 1919/1464/1522 1924/1465/1523 1923/1462/1520
f 1919/1464/1522 1920/1466/1524 1925/1467/1525 1924/1465/1523
f 1920/1466/1524 1921/1468/1526 1926/1469/1527 1925/1467/1525
f 1922/1463/1521 1923/1462/1520 1928/1470/1528 1927/1471/1529
f 1923/1462/1520 1924/1465/1523 1929/1472/1530 1928/1470/1528
f 1924/1465/1523 1925/1467/1525 1930/1473/1531 1929/1472/1530
f 1925/1467/1525 1926/1469/1527 1931/1474/1532 1930/1473/1531
f 1927/1471/1529 1928/1470/1528 1933/1475/1533 1932/1476/1534
f 1928/1470/1528 1929/1472/1530 1934/1477/1535 1933/1475/1533
f 1929/1472/1530 1930/1473/1531 1935/1478/1536 1934/1477/1535
f 1930/1473/1531 1931/1474/1532 1936/1479/1537 1935/1478/1536
f 1932/1476/1534 1933/1475/1533 1938/1480/1538 1937/1481/1539
f 1933/1475/1533 1934/1477/1535 1939/1482/1540 1938/1480/1538
f 1934/1477/1535 1935/1478/1536 1940/1483/1541 1939/1482/1540
f 1935/1478/1536 1936/1479/1537 1941/1484/1542 1940/1483/1541
f 37/161/143 611/1453/1543 1917/1460/1518 162/202/141
f 612/1485/1544 1921/1468/1526 607/1451/1545 69/1450/1546
f 70/1486/1547 617/1487/1548 1941/1484/1542 616/1488/1549
f 166/205/146 1937/1481/1539 621/1489/1550 38/203/144
f 611/1453/1543 610/1459/1551 1918/1461/1519 1917/1460/1518
f 613/1490/1552 1926/1469/1527 1921/1468/1526 612/1485/1544
f 617/1487/1548 618/1491/1553 1940/1483/1541 1941/1484/1542
f 165/215/159 1932/1476/1534 1937/1481/1539 166/205/146
f 610/1459/1551 609/1457/1554 1919/1464/1522 1918/1461/1519
f 614/1492/1555 1931/1474/1532 1926/1469/1527 613/1490/1552
f 618/1491/1553 619/1493/1556 1939/1482/1540 1940/1483/1541
f 164/212/155 1927/1471/1529 1932/1476/1534 165/215/159
f 609/1457/1554 608/1455/1557 1920/1466/1524 1919/1464/1522
f 615/1494/1558 1936/1479/1537 1931/1474/1532 614/1492/1555
f 619/1493/1556 620/1495/1559 1938/1480/1538 1939/1482/1540
f 163/209/151 1922/1463/1521 1927/1471/1529 164/212/155
f 608/1455/1557 607/1451/1545 1921/1468/1526 1920/1466/1524
f 616/1488/1549 1941/1484/1542 1936/1479/1537 615/1494/1558
f 620/1495/1559 621/1489/1550 1937/1481/1539 1938/1480/1538
f 162/202/141 1917/1460/1518 1922/1463/1521 163/209/151
f 1942/1496/1560 1943/1497/1561 1948/1498/1562 1947/1499/1563
f 1943/1497/1561 1944/1500/1564 1949/1501/1565 1948/1498/1562
f 1944/1500/1564 1945/1502/1566 1950/1503/1567 1949/1501/1565
f 1945/1502/1566 1946/1504/1568 1951/1505/1569 1950/1503/1567
f 1947/1499/1563 1948/1498/1562 1953/1506/1570 1952/1507/1571
f 1948/1498/1562 1949/1501/1565 1954/1508/1572 1953/1506/1570
f 1949/1501/1565 1950/1503/1567 1955/1509/1573 1954/1508/1572
f 1950/1503/1567 1951/1505/1569 1956/1510/1574 1955/1509/1573
f 1952/1507/1571 1953/1506/1570 1958/1511/1575 1957/1512/1576
f 1953/1506/1570 1954/1508/1572 1959/1513/1577 1958/1511/1575
f 1954/1508/1572 1955/1509/1573 1960/1514/1578 1959/1513/1577
f 1955/1509/1573 1956/1510/1574 1961/1515/1579 1960/1514/1578
f 1957/1512/1576 1958/1511/1575 1963/1516/1580 1962/1517/1581
f 1958/1511/1575 1959/1513/1577 1964/1518/1582 1963/1516/1580
f 1959/1513/1577 1960/1514/1578 1965/1519/1583 1964/1518/1582
f 1960/1514/1578 1961/1515/1579 1966/1520/1584 1965/1519/1583
f 38/203/192 621/1489/1585 1942/1496/1560 177/244/190
f 622/1521/1586 1946/1504/1568 617/1487/1587 70/1486/1588
f 71/1522/1589 627/1523/1590 1966/1520/1584 626/1524/1591
f 181/247/195 1962/1517/1581 631/1525/1592 39/245/193
f 621/1489/1585 620/1495/1593 1943/1497/1561 1942/1496/1560
f 623/1526/1594 1951/1505/1569 1946/1504/1568 622/1521/1586
f 627/1523/1590 628/1527/1595 1965/1519/1583 1966/1520/1584
f 180/257/208 1957/1512/1576 1962/1517/1581 181/247/195
f 620/1495/1593 619/1493/1596 1944/1500/1564 1943/1497/1561
f 624/1528/1597 1956/1510/1574 1951/1505/1569 623/1526/1594
f 628/1527/1595 629/1529/1598 1964/1518/1582 1965/1519/1583
f 179/254/204 1952/1507/1571 1957/1512/1576 180/257/208
f 619/1493/1596 618/1491/1599 1945/1502/1566 1944/1500/1564
f 625/1530/1600 1961/1515/1579 1956/1510/1574 624/1528/1597
f 629/1529/1598 630/1531/1601 1963/1516/1580 1964/1518/1582
f 178/251/200 1947/1499/1563 1952/1507/1571 179/254/204
f 618/1491/1599 617/1487/1587 1946/1504/1568 1945/1502/1566
f 626/1524/1591 1966/1520/1584 1961/1515/1579 625/1530/1600
f 630/1531/1601 631/1525/1592 1962/1517/1581 1963/1516/1580
f 177/244/190 1942/1496/1560 1947/1499/1563 178/251/200
f 1967/1532/1602 1968/1533/1603 1973/1534/1604 1972/1535/1605
f 1968/1533/1603 1969/1536/1606 1974/1537/1607 1973/1534/1604
f 1969/1536/1606 1970/1538/1608 1975/1539/1609 1974/1537/1607
f 1970/1538/1608 1971/1540/1610 1976/1541/1611 1975/1539/1609
f 1972/1535/1605 1973/1534/1604 1978/1542/1612 1977/1543/1613
f 1973/1534/1604 1974/1537/1607 1979/1544/1614 1978/1542/1612
f 1974/1537/1607 1975/1539/1609 1980/1545/1615 1979/1544/1614
f 1975/1539/1609 1976/1541/1611 1981/1546/1616 1980/1545/1615
f 1977/1543/1613 1978/1542/1612 1983/1547/1617 1982/1548/1618
f 1978/1542/1612 1979/1544/1614 1984/1549/1619 1983/1547/1617
f 1979/1544/1614 1980/1545/1615 1985/1550/1620 1984/1549/1619
f 1980/1545/1615 1981/1546/1616 1986/1551/1621 1985/1550/1620
f 1982/1548/1618 1983/1547/1617 1988/1552/1622 1987/1553/1623
f 1983/1547/1617 1984/1549/1619 1989/1554/1624 1988/1552/1622
f 1984/1549/1619 1985/1550/1620 1990/1555/1625 1989/1554/1624
f 1985/1550/1620 1986/1551/1621 1991/1556/1626 1990/1555/1625
f 39/245/241 631/1525/1627 1967/1532/1602 192/286/239
f 632/1557/1628 1971/1540/1610 627/1523/1629 71/1522/1630
f 72/1558/1631 637/1559/1632 1991/1556/1626 636/1560/1633
f 196/289/244 1987/1553/1623 641/1561/1634 40/287/242
f 631/1525/1627 630/1531/1635 1968/1533/1603 1967/1532/1602
f 633/1562/1636 1976/1541/1611 1971/1540/1610 632/1557/1628
f 637/1559/1632 638/1563/1637 1990/1555/1625 1991/1556/1626
f 195/299/257 1982/1548/1618 1987/1553/1623 196/289/244
f 630/1531/1635 629/1529/1638 1969/1536/1606 1968/1533/1603
f 634/1564/1639 1981/1546/1616 1976/1541/1611 633/1562/1636
f 638/1563/1637 639/1565/1640 1989/1554/1624 1990/1555/1625
f 194/296/253 1977/1543/1613 1982/1548/1618 195/299/257
f 629/1529/1638 628/1527/1641 1970/1538/1608 1969/1536/1606
f 635/1566/1642 1986/1551/1621 1981/1546/1616 634/1564/1639
f 639/1565/1640 640/1567/1643 1988/1552/1622 1989/1554/1624
f 193/293/249 1972/1535/1605 1977/1543/1613 194/296/253
f 628/1527/1641 627/1523/1629 1971/1540/1610 1970/1538/1608
f 636/1560/1633 1991/1556/1626 1986/1551/1621 635/1566/1642
f 640/1567/1643 641/1561/1634 1987/1553/1623 1988/1552/1622
f 192/286/239 1967/1532/1602 1972/1535/1605 193/293/249
f 1992/1568/1644 1993/1569/1645 1998/1570/1646 1997/1571/1647
f 1993/1569/1645 1994/1572/1648 1999/1573/1649 1998/1570/1646
f 1994/1572/1648 1995/1574/1650 2000/1575/1651 1999/1573/1649
f 1995/1574/1650 1996/1576/1652 2001/1577/1653 2000/1575/1651
f 1997/1571/1647 1998/1570/1646 2003/1578/1654 2002/1579/1655
f 1998/1570/1646 1999/1573/1649 2004/1580/1656 2003/1578/1654
f 1999/1573/1649 2000/1575/1651 2005/1581/1657 2004/1580/1656
f 2000/1575/1651 2001/1577/1653 2006/1582/1658 2005/1581/1657
f 2002/1579/1655 2003/1578/1654 2008/1583/1659 2007/1584/1660
f 2003/1578/1654 2004/1580/1656 2009/1585/1661 2008/1583/1659
f 2004/1580/1656 2005/1581/1657 2010/1586/1662 2009/1585/1661
f 2005/1581/1657 2006/1582/1658 2011/1587/1663 2010/1586/1662
f 2007/1584/1660 2008/1583/1659 2013/1588/1664 2012/1589/1665
f 2008/1583/1659 2009/1585/1661 2014/1590/1666 2013/1588/1664
f 2009/1585/1661 2010/1586/1662 2015/1591/1667 2014/1590/1666
f 2010/1586/1662 2011/1587/1663 2016/1592/1668 2015/1591/1667
f 40/287/290 641/1561/1669 1992/1568/1644 207/328/288
f 642/1593/1670 1996/1576/1652 637/1559/1671 72/1558/1672
f 73/1594/1673 647/1595/1674 2016/1592/1668 646/1596/1675
f 211/331/293 2012/1589/1665 651/1597/1676 41/329/291
f 641/1561/1669 640/1567/1677 1993/1569/1645 1992/1568/1644
f 643/1598/1678 2001/1577/1653 1996/1576/1652 642/1593/1670
f 647/1595/1674 648/1599/1679 2015/1591/1667 2016/1592/1668
f 210/341/306 2007/1584/1660 2012/1589/1665 211/331/293
f 640/1567/1677 639/1565/1680 1994/1572/1648 1993/1569/1645
f 644/1600/1681 2006/1582/1658 2001/1577/1653 643/1598/1678
f 648/1599/1679 649/1601/1682 2014/1590/1666 2015/1591/1667
f 209/338/302 2002/1579/1655 2007/1584/1660 210/341/306
f 639/1565/1680 638/1563/1683 1995/1574/1650 1994/1572/1648
f 645/1602/1684 2011/1587/1663 2006/1582/1658 644/1600/1681
f 649/1601/1682 650/1603/1685 2013/1588/1664 2014/1590/1666
f 208/335/298 1997/1571/1647 2002/1579/1655 209/338/302
f 638/1563/1683 637/1559/1671 1996/1576/1652 1995/1574/1650
f 646/1596/1675 2016/1592/1668 2011/1587/1663 645/1602/1684
f 650/1603/1685 651/1597/1676 2012/1589/1665 2013/1588/1664
f 207/328/288 1992/1568/1644 1997/1571/1647 208/335/298
f 2017/1604/1686 2018/1605/1687 2023/1606/1688 2022/1607/1689
f 2018/1605/1687 2019/1608/1690 2024/1609/1691 2023/1606/1688
f 2019/1608/1690 2020/1610/1692 2025/1611/1693 2024/1609/1691
f 2020/1610/1692 2021/1612/1694 2026/1613/1695 2025/1611/1693
f 2022/1607/1689 2023/1606/1688 2028/1614/1696 2027/1615/1697
f 2023/1606/1688 2024/1609/1691 2029/1616/1698 2028/1614/1696
f 2024/1609/1691 2025/1611/1693 2030/1617/1699 2029/1616/1698
f 2025/1611/1693 2026/1613/1695 2031/1618/1700 2030/1617/1699
f 2027/1615/1697 2028/1614/1696 2033/1619/1701 2032/1620/1702
f 2028/1614/1696 2029/1616/1698 2034/1621/1691 2033/1619/1701
f 2029/1616/1698 2030/1617/1699 2035/1622/1703 2034/1621/1691
f 2030/1617/1699 2031/1618/1700 2036/1623/1704 2035/1622/1703
f 2032/1620/1702 2033/1619/1701 2038/1624/1705 2037/1625/1706
f 2033/1619/1701 2034/1621/1691 2039/1626/1707 2038/1624/1705
f 2034/1621/1691 2035/1622/1703 2040/1627/1708 2039/1626/1707
f 2035/1622/1703 2036/1623/1704 2041/1628/1709 2040/1627/1708
f 41/329/338 651/1597/1710 2017/1604/1686 222/370/336
f 652/1629/1711 2021/1612/1694 647/1595/1712 73/1594/1713
f 74/1630/1713 657/1631/1714 2041/1628/1709 656/1632/1715
f 226/373/340 2037/1625/1706 661/1633/1716 42/371/338
f 651/1597/1710 650/1603/1717 2018/1605/1687 2017/1604/1686
f 653/1634/1718 2026/1613/1695 2021/1612/1694 652/1629/1711
f 657/1631/1714 658/1635/1719 2040/1627/1708 2041/1628/1709
f 225/383/344 2032/1620/1702 2037/1625/1706 226/373/340
f 650/1603/1717 649/1601/1720 2019/1608/1690 2018/1605/1687
f 654/1636/1721 2031/1618/1700 2026/1613/1695 653/1634/1718
f 658/1635/1719 659/1637/1720 2039/1626/1707 2040/1627/1708
f 224/380/348 2027/1615/1697 2032/1620/1702 225/383/344
f 649/1601/1720 648/1599/1722 2020/1610/1692 2019/1608/1690
f 655/1638/1718 2036/1623/1704 2031/1618/1700 654/1636/1721
f 659/1637/1720 660/1639/1723 2038/1624/1705 2039/1626/1707
f 223/377/344 2022/1607/1689 2027/1615/1697 224/380/348
f 648/1599/1722 647/1595/1712 2021/1612/1694 2020/1610/1692
f 656/1632/1715 2041/1628/1709 2036/1623/1704 655/1638/1718
f 660/1639/1723 661/1633/1716 2037/1625/1706 2038/1624/1705
f 222/370/336 2017/1604/1686 2022/1607/1689 223/377/344
f 2042/1640/1724 2043/1641/1725 2048/1642/1726 2047/1643/1727
f 2043/1641/1725 2044/1644/1728 2049/1645/1729 2048/1642/1726
f 2044/1644/1728 2045/1646/1730 2050/1647/1731 2049/1645/1729
f 2045/1646/1730 2046/1648/1732 2051/1649/1733 2050/1647/1731
f 2047/1643/1727 2048/1642/1726 2053/1650/1734 2052/1651/1735
f 2048/1642/1726 2049/1645/1729 2054/1652/1736 2053/1650/1734
f 2049/1645/1729 2050/1647/1731 2055/1653/1737 2054/1652/1736
f 2050/1647/1731 2051/1649/1733 2056/1654/1738 2055/1653/1737
f 2052/1651/1735 2053/1650/1734 2058/1655/1739 2057/1656/1740
f 2053/1650/1734 2054/1652/1736 2059/1657/1741 2058/1655/1739
f 2054/1652/1736 2055/1653/1737 2060/1658/1742 2059/1657/1741
f 2055/1653/1737 2056/1654/1738 2061/1659/1743 2060/1658/1742
f 2057/1656/1740 2058/1655/1739 2063/1660/1744 2062/1661/1745
f 2058/1655/1739 2059/1657/1741 2064/1662/1746 2063/1660/1744
f 2059/1657/1741 2060/1658/1742 2065/1663/1747 2064/1662/1746
f 2060/1658/1742 2061/1659/1743 2066/1664/1748 2065/1663/1747
f 42/371/383 661/1633/1749 2042/1640/1724 237/412/381
f 662/1665/1750 2046/1648/1732 657/1631/1751 74/1630/1752
f 75/1666/1753 667/1667/1754 2066/1664/1748 666/1668/1755
f 241/415/386 2062/1661/1745 671/1669/1756 43/413/384
f 661/1633/1749 660/1639/1757 2043/1641/1725 2042/1640/1724
f 663/1670/1758 2051/1649/1733 2046/1648/1732 662/1665/1750
f 667/1667/1754 668/1671/1759 2065/1663/1747 2066/1664/1748
f 240/425/399 2057/1656/1740 2062/1661/1745 241/415/386
f 660/1639/1757 659/1637/1760 2044/1644/1728 2043/1641/1725
f 664/1672/1761 2056/1654/1738 2051/1649/1733 663/1670/1758
f 668/1671/1759 669/1673/1762 2064/1662/1746 2065/1663/1747
f 239/422/395 2052/1651/1735 2057/1656/1740 240/425/399
f 659/1637/1760 658/1635/1763 2045/1646/1730 2044/1644/1728
f 665/1674/1764 2061/1659/1743 2056/1654/1738 664/1672/1761
f 669/1673/1762 670/1675/1765 2063/1660/1744 2064/1662/1746
f 238/419/391 2047/1643/1727 2052/1651/1735 239/422/395
f 658/1635/1763 657/1631/1751 2046/1648/1732 2045/1646/1730
f 666/1668/1755 2066/1664/1748 2061/1659/1743 665/1674/1764
f 670/1675/1765 671/1669/1756 2062/1661/1745 2063/1660/1744
f 237/412/381 2042/1640/1724 2047/1643/1727 238/419/391
f 2067/1676/1766 2068/1677/1767 2073/1678/1768 2072/1679/1769
f 2068/1677/1767 2069/1680/1770 2074/1681/1771 2073/1678/1768
f 2069/1680/1770 2070/1682/1772 2075/1683/1773 2074/1681/1771
f 2070/1682/1772 2071/1684/1774 2076/1685/1775 2075/1683/1773
f 2072/1679/1769 2073/1678/1768 2078/1686/1776 2077/1687/1777
f 2073/1678/1768 2074/1681/1771 2079/1688/1778 2078/1686/1776
f 2074/1681/1771 2075/1683/1773 2080/1689/1779 2079/1688/1778
f 2075/1683/1773 2076/1685/1775 2081/1690/1780 2080/1689/1779
f 2077/1687/1777 2078/1686/1776 2083/1691/1781 2082/1692/1782
f 2078/1686/1776 2079/1688/1778 2084/1693/1783 2083/1691/1781
f 2079/1688/1778 2080/1689/1779 2085/1694/1784 2084/1693/1783
f 2080/1689/1779 2081/1690/1780 2086/1695/1785 2085/1694/1784
f 2082/1692/1782 2083/1691/1781 2088/1696/1786 2087/1697/1787
f 2083/1691/1781 2084/1693/1783 2089/1698/1788 2088/1696/1786
f 2084/1693/1783 2085/1694/1784 2090/1699/1789 2089/1698/1788
f 2085/1694/1784 2086/1695/1785 2091/1700/1790 2090/1699/1789
f 43/413/432 671/1669/1791 2067/1676/1766 252/454/430
f 672/1701/1792 2071/1684/1774 667/1667/1793 75/1666/1794
f 76/1702/1795 677/1703/1796 2091/1700/1790 676/1704/1797
f 256/457/435 2087/1697/1787 681/1705/1798 44/455/433
f 671/1669/1791 670/1675/1799 2068/1677/1767 2067/1676/1766
f 673/1706/1800 2076/1685/1775 2071/1684/1774 672/1701/1792
f 677/1703/1796 678/1707/1801 2090/1699/1789 2091/1700/1790
f 255/467/448 2082/1692/1782 2087/1697/1787 256/457/435
f 670/1675/1799 669/1673/1802 2069/1680/1770 2068/1677/1767
f 674/1708/1803 2081/1690/1780 2076/1685/1775 673/1706/1800
f 678/1707/1801 679/1709/1804 2089/1698/1788 2090/1699/1789
f 254/464/444 2077/1687/1777 2082/1692/1782 255/467/448
f 669/1673/1802 668/1671/1805 2070/1682/1772 2069/1680/1770
f 675/1710/1806 2086/1695/1785 2081/1690/1780 674/1708/1803
f 679/1709/1804 680/1711/1807 2088/1696/1786 2089/1698/1788
f 253/461/440 2072/1679/1769 2077/1687/1777 254/464/444
f 668/1671/1805 667/1667/1793 2071/1684/1774 2070/1682/1772
f 676/1704/1797 2091/1700/1790 2086/1695/1785 675/1710/1806
f 680/1711/1807 681/1705/1798 2087/1697/1787 2088/1696/1786
f 252/454/430 2067/1676/1766 2072/1679/1769 253/461/440
f 2092/1712/1808 2093/1713/1809 2098/1714/1810 2097/1715/1811
f 2093/1713/1809 2094/1716/1812 2099/1717/1813 2098/1714/1810
f 2094/1716/1812 2095/1718/1814 2100/1719/1815 2099/1717/1813
f 2095/1718/1814 2096/1720/1816 2101/1721/1817 2100/1719/1815
f 2097/1715/1811 2098/1714/1810 2103/1722/1818 2102/1723/1819
f 2098/1714/1810 2099/1717/1813 2104/1724/1820 2103/1722/1818
f 2099/1717/1813 2100/1719/1815 2105/1725/1821 2104/1724/1820
f 2100/1719/1815 2101/1721/1817 2106/1726/1822 2105/1725/1821
f 2102/1723/1819 2103/1722/1818 2108/1727/1823 2107/1728/1824
f 2103/1722/1818 2104/1724/1820 2109/1729/1825 2108/1727/1823
f 2104/1724/1820 2105/1725/1821 2110/1730/1826 2109/1729/1825
f 2105/1725/1821 2106/1726/1822 2111/1731/1827 2110/1730/1826
f 2107/1728/1824 2108/1727/1823 2113/1732/1828 2112/1733/1829
f 2108/1727/1823 2109/1729/1825 2114/1734/1830 2113/1732/1828
f 2109/1729/1825 2110/1730/1826 2115/1735/1831 2114/1734/1830
f 2110/1730/1826 2111/1731/1827 2116/1736/1832 2115/1735/1831
f 44/455/481 681/1705/1833 2092/1712/1808 267/496/479
f 682/1737/1834 2096/1720/1816 677/1703/1835 76/1702/1836
f 77/1738/1837 687/1739/1838 2116/1736/1832 686/1740/1839
f 271/499/484 2112/1733/1829 691/1741/1840 45/497/482
f 681/1705/1833 680/1711/1841 2093/1713/1809 2092/1712/1808
f 683/1742/1842 2101/1721/1817 2096/1720/1816 682/1737/1834
f 687/1739/1838 688/1743/1843 2115/1735/1831 2116/1736/1832
f 270/509/497 2107/1728/1824 2112/1733/1829 271/499/484
f 680/1711/1841 679/1709/1844 2094/1716/1812 2093/1713/1809
f 684/1744/1845 2106/1726/1822 2101/1721/1817 683/1742/1842
f 688/1743/1843 689/1745/1846 2114/1734/1830 2115/1735/1831
f 269/506/493 2102/1723/1819 2107/1728/1824 270/509/497
f 679/1709/1844 678/1707/1847 2095/1718/1814 2094/1716/1812
f 685/1746/1848 2111/1731/1827 2106/1726/1822 684/1744/1845
f 689/1745/1846 690/1747/1849 2113/1732/1828 2114/1734/1830
f 268/503/489 2097/1715/1811 2102/1723/1819 269/506/493
f 678/1707/1847 677/1703/1835 2096/1720/1816 2095/1718/1814
f 686/1740/1839 2116/1736/1832 2111/1731/1827 685/1746/1848
f 690/1747/1849 691/1741/1840 2112/1733/1829 2113/1732/1828
f 267/496/479 2092/1712/1808 2097/1715/1811 268/503/489
f 2117/1748/1850 2118/1749/1851 2123/1750/1852 2122/1751/1853
f 2118/1749/1851 2119/1752/1854 2124/1753/1855 2123/1750/1852
f 2119/1752/1854 2120/1754/1856 2125/1755/1857 2124/1753/1855
f 2120/1754/1856 2121/1756/1858 2126/1757/1859 2125/1755/1857
f 2122/1751/1853 2123/1750/1852 2128/1758/1860 2127/1759/1861
f 2123/1750/1852 2124/1753/1855 2129/1760/1862 2128/1758/1860
f 2124/1753/1855 2125/1755/1857 2130/1761/1863 2129/1760/1862
f 2125/1755/1857 2126/1757/1859 2131/1762/1864 2130/1761/1863
f 2127/1759/1861 2128/1758/1860 2133/1763/1865 2132/1764/1866
f 2128/1758/1860 2129/1760/1862 2134/1765/1867 2133/1763/1865
f 2129/1760/1862 2130/1761/1863 2135/1766/1868 2134/1765/1867
f 2130/1761/1863 2131/1762/1864 2136/1767/1869 2135/1766/1868
f 2132/1764/1866 2133/1763/1865 2138/1768/1870 2137/1769/1871
f 2133/1763/1865 2134/1765/1867 2139/1770/1872 2138/1768/1870
f 2134/1765/1867 2135/1766/1868 2140/1771/1873 2139/1770/1872
f 2135/1766/1868 2136/1767/1869 2141/1772/1874 2140/1771/1873
f 45/497/530 691/1741/1875 2117/1748/1850 282/538/528
f 692/1773/1876 2121/1756/1858 687/1739/1877 77/1738/1878
f 78/1774/1879 697/1775/1880 2141/1772/1874 696/1776/1881
f 286/541/533 2137/1769/1871 701/1777/1882 46/539/531
f 691/1741/1875 690/1747/1883 2118/1749/1851 2117/1748/1850
f 693/1778/1884 2126/1757/1859 2121/1756/1858 692/1773/1876
f 697/1775/1880 698/1779/1885 2140/1771/1873 2141/1772/1874
f 285/551/546 2132/1764/1866 2137/1769/1871 286/541/533
f 690/1747/1883 689/1745/1886 2119/1752/1854 2118/1749/1851
f 694/1780/1887 2131/1762/1864 2126/1757/1859 693/1778/1884
f 698/1779/1885 699/1781/1888 2139/1770/1872 2140/1771/1873
f 284/548/542 2127/1759/1861 2132/1764/1866 285/551/546
f 689/1745/1886 688/1743/1889 2120/1754/1856 2119/1752/1854
f 695/1782/1890 2136/1767/1869 2131/1762/1864 694/1780/1887
f 699/1781/1888 700/1783/1891 2138/1768/1870 2139/1770/1872
f 283/545/538 2122/1751/1853 2127/1759/1861 284/548/542
f 688/1743/1889 687/1739/1877 2121/1756/1858 2120/1754/1856
f 696/1776/1881 2141/1772/1874 2136/1767/1869 695/1782/1890
f 700/1783/1891 701/1777/1882 2137/1769/1871 2138/1768/1870
f 282/538/528 2117/1748/1850 2122/1751/1853 283/545/538
f 2142/1784/1892 2143/1785/1893 2148/1786/1894 2147/1787/1895
f 2143/1785/1893 2144/1788/1896 2149/1789/1897 2148/1786/1894
f 2144/1788/1896 2145/1790/1898 2150/1791/1899 2149/1789/1897
f 2145/1790/1898 2146/1792/1900 2151/1793/1901 2150/1791/1899
f 2147/1787/1895 2148/1786/1894 2153/1794/1902 2152/1795/1903
f 2148/1786/1894 2149/1789/1897 2154/1796/1904 2153/1794/1902
f 2149/1789/1897 2150/1791/1899 2155/1797/1905 2154/1796/1904
f 2150/1791/1899 2151/1793/1901 2156/1798/1906 2155/1797/1905
f 2152/1795/1903 2153/1794/1902 2158/1799/1907 2157/1800/1908
f 2153/1794/1902 2154/1796/1904 2159/1801/1909 2158/1799/1907
f 2154/1796/1904 2155/1797/1905 2160/1802/1910 2159/1801/1909
f 2155/1797/1905 2156/1798/1906 2161/1803/1911 2160/1802/1910
f 2157/1800/1908 2158/1799/1907 2163/1804/1912 2162/1805/1913
f 2158/1799/1907 2159/1801/1909 2164/1806/1914 2163/1804/1912
f 2159/1801/1909 2160/1802/1910 2165/1807/1915 2164/1806/1914
f 2160/1802/1910 2161/1803/1911 2166/1808/1916 2165/1807/1915
f 46/539/579 701/1777/1917 2142/1784/1892 297/580/577
f 702/1809/1918 2146/1792/1900 697/1775/1919 78/1774/1920
f 79/1810/1921 707/1811/1922 2166/1808/1916 706/1812/1923
f 301/583/582 2162/1805/1913 711/1813/1924 47/581/580
f 701/1777/1917 700/1783/1925 2143/1785/1893 2142/1784/1892
f 703/1814/1926 2151/1793/1901 2146/1792/1900 702/1809/1918
f 707/1811/1922 708/1815/1927 2165/1807/1915 2166/1808/1916
f 300/593/595 2157/1800/1908 2162/1805/1913 301/583/582
f 700/1783/1925 699/1781/1928 2144/1788/1896 2143/1785/1893
f 704/1816/1929 2156/1798/1906 2151/1793/1901 703/1814/1926
f 708/1815/1927 709/1817/1930 2164/1806/1914 2165/1807/1915
f 299/590/591 2152/1795/1903 2157/1800/1908 300/593/595
f 699/1781/1928 698/1779/1931 2145/1790/1898 2144/1788/1896
f 705/1818/1932 2161/1803/1911 2156/1798/1906 704/1816/1929
f 709/1817/1930 710/1819/1933 2163/1804/1912 2164/1806/1914
f 298/587/587 2147/1787/1895 2152/1795/1903 299/590/591
f 698/1779/1931 697/1775/1919 2146/1792/1900 2145/1790/1898
f 706/1812/1923 2166/1808/1916 2161/1803/1911 705/1818/1932
f 710/1819/1933 711/1813/1924 2162/1805/1913 2163/1804/1912
f 297/580/577 2142/1784/1892 2147/1787/1895 298/587/587
f 2167/1820/1934 2168/1821/1935 2173/1822/1936 2172/1823/1937
f 2168/1821/1935 2169/1824/1938 2174/1825/1939 2173/1822/1936
f 2169/1824/1938 2170/1826/1940 2175/1827/1941 2174/1825/1939
f 2170/1826/1940 2171/1828/1942 2176/1829/1943 2175/1827/1941
f 2172/1823/1937 2173/1822/1936 2178/1830/1944 2177/1831/1945
f 2173/1822/1936 2174/1825/1939 2179/1832/1946 2178/1830/1944
f 2174/1825/1939 2175/1827/1941 2180/1833/1947 2179/1832/1946
f 2175/1827/1941 2176/1829/1943 2181/1834/1948 2180/1833/1947
f 2177/1831/1945 2178/1830/1944 2183/1835/1949 2182/1836/1950
f 2178/1830/1944 2179/1832/1946 2184/1837/1951 2183/1835/1949
f 2179/1832/1946 2180/1833/1947 2185/1838/1952 2184/1837/1951
f 2180/1833/1947 2181/1834/1948 2186/1839/1953 2185/1838/1952
f 2182/1836/1950 2183/1835/1949 2188/1840/1954 2187/1841/1955
f 2183/1835/1949 2184/1837/1951 2189/1842/1956 2188/1840/1954
f 2184/1837/1951 2185/1838/1952 2190/1843/1957 2189/1842/1956
f 2185/1838/1952 2186/1839/1953 2191/1844/1958 2190/1843/1957
f 47/581/628 711/1813/1959 2167/1820/1934 312/622/626
f 712/1845/1960 2171/1828/1942 707/1811/1961 79/1810/1962
f 80/1846/1963 717/1847/1964 2191/1844/1958 716/1848/1965
f 316/625/631 2187/1841/1955 721/1849/1966 48/623/629
f 711/1813/1959 710/1819/1967 2168/1821/1935 2167/1820/1934
f 713/1850/1968 2176/1829/1943 2171/1828/1942 712/1845/1960
f 717/1847/1964 718/1851/1969 2190/1843/1957 2191/1844/1958
f 315/635/636 2182/1836/1950 2187/1841/1955 316/625/631
f 710/1819/1967 709/1817/1970 2169/1824/1938 2168/1821/1935
f 714/1852/1971 2181/1834/1948 2176/1829/1943 713/1850/1968
f 718/1851/1969 719/1853/1970 2189/1842/1956 2190/1843/1957
f 314/632/640 2177/1831/1945 2182/1836/1950 315/635/636
f 709/1817/1970 708/1815/1972 2170/1826/1940 2169/1824/1938
f 715/1854/1968 2186/1839/1953 2181/1834/1948 714/1852/1971
f 719/1853/1970 720/1855/1973 2188/1840/1954 2189/1842/1956
f 313/629/636 2172/1823/1937 2177/1831/1945 314/632/640
f 708/1815/1972 707/1811/1961 2171/1828/1942 2170/1826/1940
f 716/1848/1965 2191/1844/1958 2186/1839/1953 715/1854/1968
f 720/1855/1973 721/1849/1966 2187/1841/1955 2188/1840/1954
f 312/622/626 2167/1820/1934 2172/1823/1937 313/629/636
f 2192/1856/1974 2193/1857/1975 2198/1858/1976 2197/1859/1977
f 2193/1857/1975 2194/1860/1978 2199/1861/1979 2198/1858/1976
f 2194/1860/1978 2195/1862/1980 2200/1863/1981 2199/1861/1979
f 2195/1862/1980 2196/1864/1982 2201/1865/1983 2200/1863/1981
f 2197/1859/1977 2198/1858/1976 2203/1866/1984 2202/1867/1985
f 2198/1858/1976 2199/1861/1979 2204/1868/1986 2203/1866/1984
f 2199/1861/1979 2200/1863/1981 2205/1869/1987 2204/1868/1986
f 2200/1863/1981 2201/1865/1983 2206/1870/1988 2205/1869/1987
f 2202/1867/1985 2203/1866/1984 2208/1871/1989 2207/1872/1990
f 2203/1866/1984 2204/1868/1986 2209/1873/1991 2208/1871/1989
f 2204/1868/1986 2205/1869/1987 2210/1874/1992 2209/1873/1991
f 2205/1869/1987 2206/1870/1988 2211/1875/1993 2210/1874/1992
f 2207/1872/1990 2208/1871/1989 2213/1876/1994 2212/1877/1995
f 2208/1871/1989 2209/1873/1991 2214/1878/1996 2213/1876/1994
f 2209/1873/1991 2210/1874/1992 2215/1879/1997 2214/1878/1996
f 2210/1874/1992 2211/1875/1993 2216/1880/1998 2215/1879/1997
f 48/623/674 721/1849/1999 2192/1856/1974 327/664/672
f 722/1881/2000 2196/1864/1982 717/1847/2001 80/1846/2002
f 81/1882/2003 727/1883/2004 2216/1880/1998 726/1884/2000
f 331/667/672 2212/1877/1995 731/1885/2005 49/665/675
f 721/1849/1999 720/1855/2006 2193/1857/1975 2192/1856/1974
f 723/1886/2007 2201/1865/1983 2196/1864/1982 722/1881/2000
f 727/1883/2004 728/1887/2008 2215/1879/1997 2216/1880/1998
f 330/677/687 2207/1872/1990 2212/1877/1995 331/667/672
f 720/1855/2006 719/1853/2009 2194/1860/1978 2193/1857/1975
f 724/1888/2010 2206/1870/1988 2201/1865/1983 723/1886/2007
f 728/1887/2008 729/1889/2011 2214/1878/1996 2215/1879/1997
f 329/674/684 2202/1867/1985 2207/1872/1990 330/677/687
f 719/1853/2009 718/1851/2012 2195/1862/1980 2194/1860/1978
f 725/1890/2013 2211/1875/1993 2206/1870/1988 724/1888/2010
f 729/1889/2011 730/1891/2014 2213/1876/1994 2214/1878/1996
f 328/671/680 2197/1859/1977 2202/1867/1985 329/674/684
f 718/1851/2012 717/1847/2001 2196/1864/1982 2195/1862/1980
f 726/1884/2000 2216/1880/1998 2211/1875/1993 725/1890/2013
f 730/1891/2014 731/1885/2005 2212/1877/1995 2213/1876/1994
f 327/664/672 2192/1856/1974 2197/1859/1977 328/671/680
f 2217/1892/2015 2218/1893/2016 2223/1894/2017 2222/1895/2018
f 2218/1893/2016 2219/1896/2019 2224/1897/2020 2223/1894/2017
f 2219/1896/2019 2220/1898/2021 2225/1899/2022 2224/1897/2020
f 2220/1898/2021 2221/1900/2023 2226/1901/2024 2225/1899/2022
f 2222/1895/2018 2223/1894/2017 2228/1902/2025 2227/1903/2026
f 2223/1894/2017 2224/1897/2020 2229/1904/2027 2228/1902/2025
f 2224/1897/2020 2225/1899/2022 2230/1905/2028 2229/1904/2027
f 2225/1899/2022 2226/1901/2024 2231/1906/2029 2230/1905/2028
f 2227/1903/2026 2228/1902/2025 2233/1907/2030 2232/1908/2031
f 2228/1902/2025 2229/1904/2027 2234/1909/2032 2233/1907/2030
f 2229/1904/2027 2230/1905/2028 2235/1910/2033 2234/1909/2032
f 2230/1905/2028 2231/1906/2029 2236/1911/2034 2235/1910/2033
f 2232/1908/2031 2233/1907/2030 2238/1912/2035 2237/1913/2036
f 2233/1907/2030 2234/1909/2032 2239/1914/2037 2238/1912/2035
f 2234/1909/2032 2235/1910/2033 2240/1915/2038 2239/1914/2037
f 2235/1910/2033 2236/1911/2034 2241/1916/2039 2240/1915/2038
f 49/665/719 731/1885/2040 2217/1892/2015 342/706/717
f 732/1917/2041 2221/1900/2023 727/1883/2042 81/1882/2043
f 82/1918/2044 737/1919/2045 2241/1916/2039 736/1920/2046
f 346/709/722 2237/1913/2036 741/1921/2047 50/707/720
f 731/1885/2040 730/1891/2048 2218/1893/2016 2217/1892/2015
f 733/1922/2049 2226/1901/2024 2221/1900/2023 732/1917/2041
f 737/1919/2045 738/1923/2050 2240/1915/2038 2241/1916/2039
f 345/719/735 2232/1908/2031 2237/1913/2036 346/709/722
f 730/1891/2048 729/1889/2051 2219/1896/2019 2218/1893/2016
f 734/1924/2052 2231/1906/2029 2226/1901/2024 733/1922/2049
f 738/1923/2050 739/1925/2053 2239/1914/2037 2240/1915/2038
f 344/716/731 2227/1903/2026 2232/1908/2031 345/719/735
f 729/1889/2051 728/1887/2054 2220/1898/2021 2219/1896/2019
f 735/1926/2055 2236/1911/2034 2231/1906/2029 734/1924/2052
f 739/1925/2053 740/1927/2056 2238/1912/2035 2239/1914/2037
f 343/713/727 2222/1895/2018 2227/1903/2026 344/716/731
f 728/1887/2054 727/1883/2042 2221/1900/2023 2220/1898/2021
f 736/1920/2046 2241/1916/2039 2236/1911/2034 735/1926/2055
f 740/1927/2056 741/1921/2047 2237/1913/2036 2238/1912/2035
f 342/706/717 2217/1892/2015 2222/1895/2018 343/713/727
f 2242/1928/2057 2243/1929/2058 2248/1930/2059 2247/1931/2060
f 2243/1929/2058 2244/1932/2061 2249/1933/2062 2248/1930/2059
f 2244/1932/2061 2245/1934/2063 2250/1935/2064 2249/1933/2062
f 2245/1934/2063 2246/1936/2065 2251/1937/2066 2250/1935/2064
f 2247/1931/2060 2248/1930/2059 2253/1938/2067 2252/1939/2068
f 2248/1930/2059 2249/1933/2062 2254/1940/2069 2253/1938/2067
f 2249/1933/2062 2250/1935/2064 2255/1941/2070 2254/1940/2069
f 2250/1935/2064 2251/1937/2066 2256/1942/2071 2255/1941/2070
f 2252/1939/2068 2253/1938/2067 2258/1943/2072 2257/1944/2073
f 2253/1938/2067 2254/1940/2069 2259/1945/2074 2258/1943/2072
f 2254/1940/2069 2255/1941/2070 2260/1946/2075 2259/1945/2074
f 2255/1941/2070 2256/1942/2071 2261/1947/2076 2260/1946/2075
f 2257/1944/2073 2258/1943/2072 2263/1948/2077 2262/1949/2078
f 2258/1943/2072 2259/1945/2074 2264/1950/2079 2263/1948/2077
f 2259/1945/2074 2260/1946/2075 2265/1951/2080 2264/1950/2079
f 2260/1946/2075 2261/1947/2076 2266/1952/2081 2265/1951/2080
f 50/707/768 741/1921/2082 2242/1928/2057 357/748/766
f 742/1953/2083 2246/1936/2065 737/1919/2084 82/1918/2085
f 83/1954/2086 747/1955/2087 2266/1952/2081 746/1956/2088
f 361/751/771 2262/1949/2078 751/1957/2089 51/749/769
f 741/1921/2082 740/1927/2090 2243/1929/2058 2242/1928/2057
f 743/1958/2091 2251/1937/2066 2246/1936/2065 742/1953/2083
f 747/1955/2087 748/1959/2092 2265/1951/2080 2266/1952/2081
f 360/761/784 2257/1944/2073 2262/1949/2078 361/751/771
f 740/1927/2090 739/1925/2093 2244/1932/2061 2243/1929/2058
f 744/1960/2094 2256/1942/2071 2251/1937/2066 743/1958/2091
f 748/1959/2092 749/1961/2095 2264/1950/2079 2265/1951/2080
f 359/758/780 2252/1939/2068 2257/1944/2073 360/761/784
f 739/1925/2093 738/1923/2096 2245/1934/2063 2244/1932/2061
f 745/1962/2097 2261/1947/2076 2256/1942/2071 744/1960/2094
f 749/1961/2095 750/1963/2098 2263/1948/2077 2264/1950/2079
f 358/755/776 2247/1931/2060 2252/1939/2068 359/758/780
f 738/1923/2096 737/1919/2084 2246/1936/2065 2245/1934/2063
f 746/1956/2088 2266/1952/2081 2261/1947/2076 745/1962/2097
f 750/1963/2098 751/1957/2089 2262/1949/2078 2263/1948/2077
f 357/748/766 2242/1928/2057 2247/1931/2060 358/755/776
f 2267/1964/2099 2268/1965/2100 2273/1966/2101 2272/1967/2102
f 2268/1965/2100 2269/1968/2103 2274/1969/2104 2273/1966/2101
f 2269/1968/2103 2270/1970/2105 2275/1971/2106 2274/1969/2104
f 2270/1970/2105 2271/1972/2107 2276/1973/2108 2275/1971/2106
f 2272/1967/2102 2273/1966/2101 2278/1974/2109 2277/1975/2110
f 2273/1966/2101 2274/1969/2104 2279/1976/2111 2278/1974/2109
f 2274/1969/2104 2275/1971/2106 2280/1977/2112 2279/1976/2111
f 2275/1971/2106 2276/1973/2108 2281/1978/2113 2280/1977/2112
f 2277/1975/2110 2278/1974/2109 2283/1979/2114 2282/1980/2115
f 2278/1974/2109 2279/1976/2111 2284/1981/2116 2283/1979/2114
f 2279/1976/2111 2280/1977/2112 2285/1982/2117 2284/1981/2116
f 2280/1977/2112 2281/1978/2113 2286/1983/2118 2285/1982/2117
f 2282/1980/2115 2283/1979/2114 2288/1984/2119 2287/1985/2120
f 2283/1979/2114 2284/1981/2116 2289/1986/2121 2288/1984/2119
f 2284/1981/2116 2285/1982/2117 2290/1987/2122 2289/1986/2121
f 2285/1982/2117 2286/1983/2118 2291/1988/2123 2290/1987/2122
f 51/749/817 751/1957/2124 2267/1964/2099 372/790/815
f 752/1989/2125 2271/1972/2107 747/1955/2126 83/1954/2127
f 84/1990/2128 757/1991/2129 2291/1988/2123 756/1992/2130
f 376/793/820 2287/1985/2120 761/1993/2131 52/791/818
f 751/1957/2124 750/1963/2132 2268/1965/2100 2267/1964/2099
f 753/1994/2133 2276/1973/2108 2271/1972/2107 752/1989/2125
f 757/1991/2129 758/1995/2134 2290/1987/2122 2291/1988/2123
f 375/803/833 2282/1980/2115 2287/1985/2120 376/793/820
f 750/1963/2132 749/1961/2135 2269/1968/2103 2268/1965/2100
f 754/1996/2136 2281/1978/2113 2276/1973/2108 753/1994/2133
f 758/1995/2134 759/1997/2137 2289/1986/2121 2290/1987/2122
f 374/800/829 2277/1975/2110 2282/1980/2115 375/803/833
f 749/1961/2135 748/1959/2138 2270/1970/2105 2269/1968/2103
f 755/1998/2139 2286/1983/2118 2281/1978/2113 754/1996/2136
f 759/1997/2137 760/1999/2140 2288/1984/2119 2289/1986/2121
f 373/797/825 2272/1967/2102 2277/1975/2110 374/800/829
f 748/1959/2138 747/1955/2126 2271/1972/2107 2270/1970/2105
f 756/1992/2130 2291/1988/2123 2286/1983/2118 755/1998/2139
f 760/1999/2140 761/1993/2131 2287/1985/2120 2288/1984/2119
f 372/790/815 2267/1964/2099 2272/1967/2102 373/797/825
f 2292/2000/2141 2293/2001/2142 2298/2002/2143 2297/2003/2144
f 2293/2001/2142 2294/2004/2145 2299/2005/2146 2298/2002/2143
f 2294/2004/2145 2295/2006/2147 2300/2007/2148 2299/2005/2146
f 2295/2006/2147 2296/2008/2149 2301/2009/2150 2300/2007/2148
f 2297/2003/2144 2298/2002/2143 2303/2010/2151 2302/2011/2152
f 2298/2002/2143 2299/2005/2146 2304/2012/2153 2303/2010/2151
f 2299/2005/2146 2300/2007/2148 2305/2013/2154 2304/2012/2153
f 2300/2007/2148 2301/2009/2150 2306/2014/2155 2305/2013/2154
f 2302/2011/2152 2303/2010/2151 2308/2015/2156 2307/2016/2157
f 2303/2010/2151 2304/2012/2153 2309/2017/2158 2308/2015/2156
f 2304/2012/2153 2305/2013/2154 2310/2018/2159 2309/2017/2158
f 2305/2013/2154 2306/2014/2155 2311/2019/2160 2310/2018/2159
f 2307/2016/2157 2308/2015/2156 2313/2020/2161 2312/2021/2162
f 2308/2015/2156 2309/2017/2158 2314/2022/2163 2313/2020/2161
f 2309/2017/2158 2310/2018/2159 2315/2023/2164 2314/2022/2163
f 2310/2018/2159 2311/2019/2160 2316/2024/2165 2315/2023/2164
f 52/791/866 761/1993/2166 2292/2000/2141 387/832/864
f 762/2025/2167 2296/2008/2149 757/1991/2168 84/1990/2169
f 85/2026/2170 767/2027/2171 2316/2024/2165 766/2028/2172
f 391/835/869 2312/2021/2162 771/2029/2173 53/833/867
f 761/1993/2166 760/1999/2174 2293/2001/2142 2292/2000/2141
f 763/2030/2175 2301/2009/2150 2296/2008/2149 762/2025/2167
f 767/2027/2171 768/2031/2176 2315/2023/2164 2316/2024/2165
f 390/845/882 2307/2016/2157 2312/2021/2162 391/835/869
f 760/1999/2174 759/1997/2177 2294/2004/2145 2293/2001/2142
f 764/2032/2178 2306/2014/2155 2301/2009/2150 763/2030/2175
f 768/2031/2176 769/2033/2179 2314/2022/2163 2315/2023/2164
f 389/842/878 2302/2011/2152 2307/2016/2157 390/845/882
f 759/1997/2177 758/1995/2180 2295/2006/2147 2294/2004/2145
f 765/2034/2181 2311/2019/2160 2306/2014/2155 764/2032/2178
f 769/2033/2179 770/2035/2182 2313/2020/2161 2314/2022/2163
f 388/839/874 2297/2003/2144 2302/2011/2152 389/842/878
f 758/1995/2180 757/1991/2168 2296/2008/2149 2295/2006/2147
f 766/2028/2172 2316/2024/2165 2311/2019/2160 765/2034/2181
f 770/2035/2182 771/2029/2173 2312/2021/2162 2313/2020/2161
f 387/832/864 2292/2000/2141 2297/2003/2144 388/839/874
f 2317/2036/2183 2318/2037/2184 2323/2038/2185 2322/2039/2186
f 2318/2037/2184 2319/2040/2187 2324/2041/2188 2323/2038/2185
f 2319/2040/2187 2320/2042/2189 2325/2043/2190 2324/2041/2188
f 2320/2042/2189 2321/2044/2191 2326/2045/2192 2325/2043/2190
f 2322/2039/2186 2323/2038/2185 2328/2046/2193 2327/2047/2194
f 2323/2038/2185 2324/2041/2188 2329/2048/2195 2328/2046/2193
f 2324/2041/2188 2325/2043/2190 2330/2049/2196 2329/2048/2195
f 2325/2043/2190 2326/2045/2192 2331/2050/2197 2330/2049/2196
f 2327/2047/2194 2328/2046/2193 2333/2051/2198 2332/2052/2199
f 2328/2046/2193 2329/2048/2195 2334/2053/2200 2333/2051/2198
f 2329/2048/2195 2330/2049/2196 2335/2054/2201 2334/2053/2200
f 2330/2049/2196 2331/2050/2197 2336/2055/2202 2335/2054/2201
f 2332/2052/2199 2333/2051/2198 2338/2056/2203 2337/2057/2204
f 2333/2051/2198 2334/2053/2200 2339/2058/2205 2338/2056/2203
f 2334/2053/2200 2335/2054/2201 2340/2059/2206 2339/2058/2205
f 2335/2054/2201 2336/2055/2202 2341/2060/2207 2340/2059/2206
f 53/833/915 771/2029/2208 2317/2036/2183 402/874/913
f 772/2061/2209 2321/2044/2191 767/2027/2210 85/2026/2211
f 86/2062/2212 777/2063/2213 2341/2060/2207 776/2064/2214
f 406/877/918 2337/2057/2204 781/2065/2215 54/875/916
f 771/2029/2208 770/2035/2216 2318/2037/2184 2317/2036/2183
f 773/2066/2217 2326/2045/2192 2321/2044/2191 772/2061/2209
f 777/2063/2213 778/2067/2218 2340/2059/2206 2341/2060/2207
f 405/887/931 2332/2052/2199 2337/2057/2204 406/877/918
f 770/2035/2216 769/2033/2219 2319/2040/2187 2318/2037/2184
f 774/2068/2220 2331/2050/2197 2326/2045/2192 773/2066/2217
f 778/2067/2218 779/2069/2221 2339/2058/2205 2340/2059/2206
f 404/884/927 2327/2047/2194 2332/2052/2199 405/887/931
f 769/2033/2219 768/2031/2222 2320/2042/2189 2319/2040/2187
f 775/2070/2223 2336/2055/2202 2331/2050/2197 774/2068/2220
f 779/2069/2221 780/2071/2224 2338/2056/2203 2339/2058/2205
f 403/881/923 2322/2039/2186 2327/2047/2194 404/884/927
f 768/2031/2222 767/2027/2210 2321/2044/2191 2320/2042/2189
f 776/2064/2214 2341/2060/2207 2336/2055/2202 775/2070/2223
f 780/2071/2224 781/2065/2215 2337/2057/2204 2338/2056/2203
f 402/874/913 2317/2036/2183 2322/2039/2186 403/881/923
f 2342/2072/2225 2343/2073/2226 2348/2074/2227 2347/2075/2228
f 2343/2073/2226 2344/2076/2229 2349/2077/2230 2348/2074/2227
f 2344/2076/2229 2345/2078/2231 2350/2079/2232 2349/2077/2230
f 2345/2078/2231 2346/2080/2233 2351/2081/2234 2350/2079/2232
f 2347/2075/2228 2348/2074/2227 2353/2082/2235 2352/2083/2236
f 2348/2074/2227 2349/2077/2230 2354/2084/2237 2353/2082/2235
f 2349/2077/2230 2350/2079/2232 2355/2085/2238 2354/2084/2237
f 2350/2079/2232 2351/2081/2234 2356/2086/2239 2355/2085/2238
f 2352/2083/2236 2353/2082/2235 2358/2087/2240 2357/2088/2241
f 2353/2082/2235 2354/2084/2237 2359/2089/2242 2358/2087/2240
f 2354/2084/2237 2355/2085/2238 2360/2090/2243 2359/2089/2242
f 2355/2085/2238 2356/2086/2239 2361/2091/2244 2360/2090/2243
f 2357/2088/2241 2358/2087/2240 2363/2092/2245 2362/2093/2246
f 2358/2087/2240 2359/2089/2242 2364/2094/2247 2363/2092/2245
f 2359/2089/2242 2360/2090/2243 2365/2095/2248 2364/2094/2247
f 2360/2090/2243 2361/2091/2244 2366/2096/2249 2365/2095/2248
f 54/875/964 781/2065/2250 2342/2072/2225 417/916/962
f 782/2097/2251 2346/2080/2233 777/2063/2252 86/2062/2253
f 87/2098/2254 787/2099/2255 2366/2096/2249 786/2100/2256
f 421/919/967 2362/2093/2246 791/2101/2257 55/917/965
f 781/2065/2250 780/2071/2258 2343/2073/2226 2342/2072/2225
f 783/2102/2259 2351/2081/2234 2346/2080/2233 782/2097/2251
f 787/2099/2255 788/2103/2260 2365/2095/2248 2366/2096/2249
f 420/929/980 2357/2088/2241 2362/2093/2246 421/919/967
f 780/2071/2258 779/2069/2261 2344/2076/2229 2343/2073/2226
f 784/2104/2262 2356/2086/2239 2351/2081/2234 783/2102/2259
f 788/2103/2260 789/2105/2263 2364/2094/2247 2365/2095/2248
f 419/926/976 2352/2083/2236 2357/2088/2241 420/929/980
f 779/2069/2261 778/2067/2264 2345/2078/2231 2344/2076/2229
f 785/2106/2265 2361/2091/2244 2356/2086/2239 784/2104/2262
f 789/2105/2263 790/2107/2266 2363/2092/2245 2364/2094/2247
f 418/923/972 2347/2075/2228 2352/2083/2236 419/926/976
f 778/2067/2264 777/2063/2252 2346/2080/2233 2345/2078/2231
f 786/2100/2256 2366/2096/2249 2361/2091/2244 785/2106/2265
f 790/2107/2266 791/2101/2257 2362/2093/2246 2363/2092/2245
f 417/916/962 2342/2072/2225 2347/2075/2228 418/923/972
f 2367/2108/2267 2368/2109/2268 2373/2110/2269 2372/2111/2270
f 2368/2109/2268 2369/2112/2271 2374/2113/2272 2373/2110/2269
f 2369/2112/2271 2370/2114/2273 2375/2115/2274 2374/2113/2272
f 2370/2114/2273 2371/2116/2275 2376/2117/2276 2375/2115/2274
f 2372/2111/2270 2373/2110/2269 2378/2118/2277 2377/2119/2278
f 2373/2110/2269 2374/2113/2272 2379/2120/2279 2378/2118/2277
f 2374/2113/2272 2375/2115/2274 2380/2121/2280 2379/2120/2279
f 2375/2115/2274 2376/2117/2276 2381/2122/2281 2380/2121/2280
f 2377/2119/2278 2378/2118/2277 2383/2123/2282 2382/2124/2283
f 2378/2118/2277 2379/2120/2279 2384/2125/2284 2383/2123/2282
f 2379/2120/2279 2380/2121/2280 2385/2126/2285 2384/2125/2284
f 2380/2121/2280 2381/2122/2281 2386/2127/2286 2385/2126/2285
f 2382/2124/2283 2383/2123/2282 2388/2128/2287 2387/2129/2288
f 2383/2123/2282 2384/2125/2284 2389/2130/2289 2388/2128/2287
f 2384/2125/2284 2385/2126/2285 2390/2131/2290 2389/2130/2289
f 2385/2126/2285 2386/2127/2286 2391/2132/2291 2390/2131/2290
f 55/917/1013 791/2101/2292 2367/2108/2267 432/958/1011
f 792/2133/2293 2371/2116/2275 787/2099/2294 87/2098/2295
f 88/2134/2296 797/2135/2297 2391/2132/2291 796/2136/2298
f 436/961/1016 2387/2129/2288 801/2137/2299 56/959/1014
f 791/2101/2292 790/2107/2300 2368/2109/2268 2367/2108/2267
f 793/2138/2301 2376/2117/2276 2371/2116/2275 792/2133/2293
f 797/2135/2297 798/2139/2302 2390/2131/2290 2391/2132/2291
f 435/971/1029 2382/2124/2283 2387/2129/2288 436/961/1016
f 790/2107/2300 789/2105/2303 2369/2112/2271 2368/2109/2268
f 794/2140/2304 2381/2122/2281 2376/2117/2276 793/2138/2301
f 798/2139/2302 799/2141/2305 2389/2130/2289 2390/2131/2290
f 434/968/1025 2377/2119/2278 2382/2124/2283 435/971/1029
f 789/2105/2303 788/2103/2306 2370/2114/2273 2369/2112/2271
f 795/2142/2307 2386/2127/2286 2381/2122/2281 794/2140/2304
f 799/2141/2305 800/2143/2308 2388/2128/2287 2389/2130/2289
f 433/965/1021 2372/2111/2270 2377/2119/2278 434/968/1025
f 788/2103/2306 787/2099/2294 2371/2116/2275 2370/2114/2273
f 796/2136/2298 2391/2132/2291 2386/2127/2286 795/2142/2307
f 800/2143/2308 801/2137/2299 2387/2129/2288 2388/2128/2287
f 432/958/1011 2367/2108/2267 2372/2111/2270 433/965/1021
f 2392/2144/2309 2393/2145/2310 2398/2146/2311 2397/2147/2312
f 2393/2145/2310 2394/2148/2313 2399/2149/2314 2398/2146/2311
f 2394/2148/2313 2395/2150/2315 2400/2151/2316 2399/2149/2314
f 2395/2150/2315 2396/2152/2317 2401/2153/2318 2400/2151/2316
f 2397/2147/2312 2398/2146/2311 2403/2154/2319 2402/2155/2320
f 2398/2146/2311 2399/2149/2314 2404/2156/2321 2403/2154/2319
f 2399/2149/2314 2400/2151/2316 2405/2157/2322 2404/2156/2321
f 2400/2151/2316 2401/2153/2318 2406/2158/2323 2405/2157/2322
f 2402/2155/2320 2403/2154/2319 2408/2159/2324 2407/2160/2325
f 2403/2154/2319 2404/2156/2321 2409/2161/2326 2408/2159/2324
f 2404/2156/2321 2405/2157/2322 2410/2162/2327 2409/2161/2326
f 2405/2157/2322 2406/2158/2323 2411/2163/2328 2410/2162/2327
f 2407/2160/2325 2408/2159/2324 2413/2164/2329 2412/2165/2330
f 2408/2159/2324 2409/2161/2326 2414/2166/2331 2413/2164/2329
f 2409/2161/2326 2410/2162/2327 2415/2167/2332 2414/2166/2331
f 2410/2162/2327 2411/2163/2328 2416/2168/2333 2415/2167/2332
f 56/959/1062 801/2137/2334 2392/2144/2309 447/1000/1060
f 802/2169/2335 2396/2152/2317 797/2135/2336 88/2134/2337
f 89/2170/2338 807/2171/2339 2416/2168/2333 806/2172/2340
f 451/1003/1065 2412/2165/2330 811/2173/2341 57/1001/1063
f 801/2137/2334 800/2143/2342 2393/2145/2310 2392/2144/2309
f 803/2174/2343 2401/2153/2318 2396/2152/2317 802/2169/2335
f 807/2171/2339 808/2175/2344 2415/2167/2332 2416/2168/2333
f 450/1013/1078 2407/2160/2325 2412/2165/2330 451/1003/1065
f 800/2143/2342 799/2141/2345 2394/2148/2313 2393/2145/2310
f 804/2176/2346 2406/2158/2323 2401/2153/2318 803/2174/2343
f 808/2175/2344 809/2177/2347 2414/2166/2331 2415/2167/2332
f 449/1010/1074 2402/2155/2320 2407/2160/2325 450/1013/1078
f 799/2141/2345 798/2139/2348 2395/2150/2315 2394/2148/2313
f 805/2178/2349 2411/2163/2328 2406/2158/2323 804/2176/2346
f 809/2177/2347 810/2179/2350 2413/2164/2329 2414/2166/2331
f 448/1007/1070 2397/2147/2312 2402/2155/2320 449/1010/1074
f 798/2139/2348 797/2135/2336 2396/2152/2317 2395/2150/2315
f 806/2172/2340 2416/2168/2333 2411/2163/2328 805/2178/2349
f 810/2179/2350 811/2173/2341 2412/2165/2330 2413/2164/2329
f 447/1000/1060 2392/2144/2309 2397/2147/2312 448/1007/1070
f 2417/2180/2351 2418/2181/2352 2423/2182/2353 2422/2183/2354
f 2418/2181/2352 2419/2184/2355 2424/2185/2356 2423/2182/2353
f 2419/2184/2355 2420/2186/2357 2425/2187/2358 2424/2185/2356
f 2420/2186/2357 2421/2188/2359 2426/2189/2360 2425/2187/2358
f 2422/2183/2354 2423/2182/2353 2428/2190/2361 2427/2191/2362
f 2423/2182/2353 2424/2185/2356 2429/2192/2363 2428/2190/2361
f 2424/2185/2356 2425/2187/2358 2430/2193/2364 2429/2192/2363
f 2425/2187/2358 2426/2189/2360 2431/2194/2365 2430/2193/2364
f 2427/2191/2362 2428/2190/2361 2433/2195/2366 2432/2196/2367
f 2428/2190/2361 2429/2192/2363 2434/2197/2368 2433/2195/2366
f 2429/2192/2363 2430/2193/2364 2435/2198/2369 2434/2197/2368
f 2430/2193/2364 2431/2194/2365 2436/2199/2370 2435/2198/2369
f 2432/2196/2367 2433/2195/2366 2438/2200/2371 2437/2201/2372
f 2433/2195/2366 2434/2197/2368 2439/2202/2373 2438/2200/2371
f 2434/2197/2368 2435/2198/2369 2440/2203/2374 2439/2202/2373
f 2435/2198/2369 2436/2199/2370 2441/2204/2375 2440/2203/2374
f 57/1001/1111 811/2173/2376 2417/2180/2351 462/1042/1109
f 812/2205/2377 2421/2188/2359 807/2171/2378 89/2170/2379
f 90/2206/2380 817/2207/2381 2441/2204/2375 816/2208/2382
f 466/1045/1114 2437/2201/2372 821/2209/2383 58/1043/1112
f 811/2173/2376 810/2179/2384 2418/2181/2352 2417/2180/2351
f 813/2210/2385 2426/2189/2360 2421/2188/2359 812/2205/2377
f 817/2207/2381 818/2211/2386 2440/2203/2374 2441/2204/2375
f 465/1055/1127 2432/2196/2367 2437/2201/2372 466/1045/1114
f 810/2179/2384 809/2177/2387 2419/2184/2355 2418/2181/2352
f 814/2212/2388 2431/2194/2365 2426/2189/2360 813/2210/2385
f 818/2211/2386 819/2213/2389 2439/2202/2373 2440/2203/2374
f 464/1052/1123 2427/2191/2362 2432/2196/2367 465/1055/1127
f 809/2177/2387 808/2175/2390 2420/2186/2357 2419/2184/2355
f 815/2214/2391 2436/2199/2370 2431/2194/2365 814/2212/2388
f 819/2213/2389 820/2215/2392 2438/2200/2371 2439/2202/2373
f 463/1049/1119 2422/2183/2354 2427/2191/2362 464/1052/1123
f 808/2175/2390 807/2171/2378 2421/2188/2359 2420/2186/2357
f 816/2208/2382 2441/2204/2375 2436/2199/2370 815/2214/2391
f 820/2215/2392 821/2209/2383 2437/2201/2372 2438/2200/2371
f 462/1042/1109 2417/2180/2351 2422/2183/2354 463/1049/1119
f 2442/2216/2393 2443/2217/2394 2448/2218/2395 2447/2219/2396
f 2443/2217/2394 2444/2220/2397 2449/2221/2398 2448/2218/2395
f 2444/2220/2397 2445/2222/2399 2450/2223/2400 2449/2221/2398
f 2445/2222/2399 2446/2224/2401 2451/2225/2402 2450/2223/2400
f 2447/2219/2396 2448/2218/2395 2453/2226/2403 2452/2227/2404
f 2448/2218/2395 2449/2221/2398 2454/2228/2405 2453/2226/2403
f 2449/2221/2398 2450/2223/2400 2455/2229/2406 2454/2228/2405
f 2450/2223/2400 2451/2225/2402 2456/2230/2407 2455/2229/2406
f 2452/2227/2404 2453/2226/2403 2458/2231/2408 2457/2232/2409
f 2453/2226/2403 2454/2228/2405 2459/2233/2410 2458/2231/2408
f 2454/2228/2405 2455/2229/2406 2460/2234/2411 2459/2233/2410
f 2455/2229/2406 2456/2230/2407 2461/2235/2412 2460/2234/2411
f 2457/2232/2409 2458/2231/2408 2463/2236/2413 2462/2237/2414
f 2458/2231/2408 2459/2233/2410 2464/2238/2415 2463/2236/2413
f 2459/2233/2410 2460/2234/2411 2465/2239/2416 2464/2238/2415
f 2460/2234/2411 2461/2235/2412 2466/2240/2417 2465/2239/2416
f 58/1043/1160 821/2209/2418 2442/2216/2393 477/1084/1158
f 822/2241/2419 2446/2224/2401 817/2207/2420 90/2206/2421
f 91/2242/2422 827/2243/2423 2466/2240/2417 826/2244/2424
f 481/1087/1163 2462/2237/2414 831/2245/2425 59/1085/1161
f 821/2209/2418 820/2215/2426 2443/2217/2394 2442/2216/2393
f 823/2246/2427 2451/2225/2402 2446/2224/2401 822/2241/2419
f 827/2243/2423 828/2247/2428 2465/2239/2416 2466/2240/2417
f 480/1097/1176 2457/2232/2409 2462/2237/2414 481/1087/1163
f 820/2215/2426 819/2213/2429 2444/2220/2397 2443/2217/2394
f 824/2248/2430 2456/2230/2407 2451/2225/2402 823/2246/2427
f 828/2247/2428 829/2249/2431 2464/2238/2415 2465/2239/2416
f 479/1094/1172 2452/2227/2404 2457/2232/2409 480/1097/1176
f 819/2213/2429 818/2211/2432 2445/2222/2399 2444/2220/2397
f 825/2250/2433 2461/2235/2412 2456/2230/2407 824/2248/2430
f 829/2249/2431 830/2251/2434 2463/2236/2413 2464/2238/2415
f 478/1091/1168 2447/2219/2396 2452/2227/2404 479/1094/1172
f 818/2211/2432 817/2207/2420 2446/2224/2401 2445/2222/2399
f 826/2244/2424 2466/2240/2417 2461/2235/2412 825/2250/2433
f 830/2251/2434 831/2245/2425 2462/2237/2414 2463/2236/2413
f 477/1084/1158 2442/2216/2393 2447/2219/2396 478/1091/1168
f 2467/2252/2435 2468/2253/2436 2473/2254/2437 2472/2255/2438
f 2468/2253/2436 2469/2256/2439 2474/2257/2440 2473/2254/2437
f 2469/2256/2439 2470/2258/2441 2475/2259/2442 2474/2257/2440
f 2470/2258/2441 2471/2260/2443 2476/2261/2444 2475/2259/2442
f 2472/2255/2438 2473/2254/2437 2478/2262/2445 2477/2263/2446
f 2473/2254/2437 2474/2257/2440 2479/2264/2447 2478/2262/2445
f 2474/2257/2440 2475/2259/2442 2480/2265/2448 2479/2264/2447
f 2475/2259/2442 2476/2261/2444 2481/2266/2449 2480/2265/2448
f 2477/2263/2446 2478/2262/2445 2483/2267/2450 2482/2268/2451
f 2478/2262/2445 2479/2264/2447 2484/2269/2452 2483/2267/2450
f 2479/2264/2447 2480/2265/2448 2485/2270/2453 2484/2269/2452
f 2480/2265/2448 2481/2266/2449 2486/2271/2454 2485/2270/2453
f 2482/2268/2451 2483/2267/2450 2488/2272/2455 2487/2273/2456
f 2483/2267/2450 2484/2269/2452 2489/2274/2457 2488/2272/2455
f 2484/2269/2452 2485/2270/2453 2490/2275/2458 2489/2274/2457
f 2485/2270/2453 2486/2271/2454 2491/2276/2459 2490/2275/2458
f 59/1085/1209 831/2245/2460 2467/2252/2435 492/1126/1207
f 832/2277/2461 2471/2260/2443 827/2243/2462 91/2242/2463
f 92/2278/2464 837/2279/2465 2491/2276/2459 836/2280/2466
f 496/1129/1212 2487/2273/2456 841/2281/2467 60/1127/1210
f 831/2245/2460 830/2251/2468 2468/2253/2436 2467/2252/2435
f 833/2282/2469 2476/2261/2444 2471/2260/2443 832/2277/2461
f 837/2279/2465 838/2283/2470 2490/2275/2458 2491/2276/2459
f 495/1139/1225 2482/2268/2451 2487/2273/2456 496/1129/1212
f 830/2251/2468 829/2249/2471 2469/2256/2439 2468/2253/2436
f 834/2284/2472 2481/2266/2449 2476/2261/2444 833/2282/2469
f 838/2283/2470 839/2285/2473 2489/2274/2457 2490/2275/2458
f 494/1136/1221 2477/2263/2446 2482/2268/2451 495/1139/1225
f 829/2249/2471 828/2247/2474 2470/2258/2441 2469/2256/2439
f 835/2286/2475 2486/2271/2454 2481/2266/2449 834/2284/2472
f 839/2285/2473 840/2287/2476 2488/2272/2455 2489/2274/2457
f 493/1133/1217 2472/2255/2438 2477/2263/2446 494/1136/1221
f 828/2247/2474 827/2243/2462 2471/2260/2443 2470/2258/2441
f 836/2280/2466 2491/2276/2459 2486/2271/2454 835/2286/2475
f 840/2287/2476 841/2281/2467 2487/2273/2456 2488/2272/2455
f 492/1126/1207 2467/2252/2435 2472/2255/2438 493/1133/1217
f 2492/2288/2477 2493/2289/2478 2498/2290/2479 2497/2291/2480
f 2493/2289/2478 2494/2292/2481 2499/2293/2482 2498/2290/2479
f 2494/2292/2481 2495/2294/2483 2500/2295/2484 2499/2293/2482
f 2495/2294/2483 2496/2296/2485 2501/2297/2486 2500/2295/2484
f 2497/2291/2480 2498/2290/2479 2503/2298/2487 2502/2299/2488
f 2498/2290/2479 2499/2293/2482 2504/2300/2489 2503/2298/2487
f 2499/2293/2482 2500/2295/2484 2505/2301/2490 2504/2300/2489
f 2500/2295/2484 2501/2297/2486 2506/2302/2491 2505/2301/2490
f 2502/2299/2488 2503/2298/2487 2508/2303/2492 2507/2304/2493
f 2503/2298/2487 2504/2300/2489 2509/2305/2494 2508/2303/2492
f 2504/2300/2489 2505/2301/2490 2510/2306/2495 2509/2305/2494
f 2505/2301/2490 2506/2302/2491 2511/2307/2496 2510/2306/2495
f 2507/2304/2493 2508/2303/2492 2513/2308/2497 2512/2309/2498
f 2508/2303/2492 2509/2305/2494 2514/2310/2499 2513/2308/2497
f 2509/2305/2494 2510/2306/2495 2515/2311/2500 2514/2310/2499
f 2510/2306/2495 2511/2307/2496 2516/2312/2501 2515/2311/2500
f 60/1127/1258 841/2281/2502 2492/2288/2477 507/1168/1256
f 842/2313/2503 2496/2296/2485 837/2279/2504 92/2278/2505
f 93/2314/2506 847/2315/2507 2516/2312/2501 846/2316/2508
f 511/1171/1261 2512/2309/2498 851/2317/2509 61/1169/1259
f 841/2281/2502 840/2287/2510 2493/2289/2478 2492/2288/2477
f 843/2318/2511 2501/2297/2486 2496/2296/2485 842/2313/2503
f 847/2315/2507 848/2319/2512 2515/2311/2500 2516/2312/2501
f 510/1181/1274 2507/2304/2493 2512/2309/2498 511/1171/1261
f 840/2287/2510 839/2285/2513 2494/2292/2481 2493/2289/2478
f 844/2320/2514 2506/2302/2491 2501/2297/2486 843/2318/2511
f 848/2319/2512 849/2321/2515 2514/2310/2499 2515/2311/2500
f 509/1178/1270 2502/2299/2488 2507/2304/2493 510/1181/1274
f 839/2285/2513 838/2283/2516 2495/2294/2483 2494/2292/2481
f 845/2322/2517 2511/2307/2496 2506/2302/2491 844/2320/2514
f 849/2321/2515 850/2323/2518 2513/2308/2497 2514/2310/2499
f 508/1175/1266 2497/2291/2480 2502/2299/2488 509/1178/1270
f 838/2283/2516 837/2279/2504 2496/2296/2485 2495/2294/2483
f 846/2316/2508 2516/2312/2501 2511/2307/2496 845/2322/2517
f 850/2323/2518 851/2317/2509 2512/2309/2498 2513/2308/2497
f 507/1168/1256 2492/2288/2477 2497/2291/2480 508/1175/1266
f 2517/2324/2519 2518/2325/2520 2523/2326/2521 2522/2327/2522
f 2518/2325/2520 2519/2328/2523 2524/2329/2524 2523/2326/2521
f 2519/2328/2523 2520/2330/2525 2525/2331/2526 2524/2329/2524
f 2520/2330/2525 2521/2332/2527 2526/2333/2528 2525/2331/2526
f 2522/2327/2522 2523/2326/2521 2528/2334/2529 2527/2335/2530
f 2523/2326/2521 2524/2329/2524 2529/2336/2531 2528/2334/2529
f 2524/2329/2524 2525/2331/2526 2530/2337/2532 2529/2336/2531
f 2525/2331/2526 2526/2333/2528 2531/2338/2533 2530/2337/2532
f 2527/2335/2530 2528/2334/2529 2533/2339/2534 2532/2340/2535
f 2528/2334/2529 2529/2336/2531 2534/2341/2536 2533/2339/2534
f 2529/2336/2531 2530/2337/2532 2535/2342/2537 2534/2341/2536
f 2530/2337/2532 2531/2338/2533 2536/2343/2538 2535/2342/2537
f 2532/2340/2535 2533/2339/2534 2538/2344/2539 2537/2345/2540
f 2533/2339/2534 2534/2341/2536 2539/2346/2541 2538/2344/2539
f 2534/2341/2536 2535/2342/2537 2540/2347/2542 2539/2346/2541
f 2535/2342/2537 2536/2343/2538 2541/2348/2543 2540/2347/2542
f 61/1169/1307 851/2317/2544 2517/2324/2519 522/1210/1305
f 852/2349/2545 2521/2332/2527 847/2315/2546 93/2314/2547
f 94/2350/2548 857/2351/2549 2541/2348/2543 856/2352/2550
f 526/1213/1310 2537/2345/2540 861/2353/2551 62/1211/1308
f 851/2317/2544 850/2323/2552 2518/2325/2520 2517/2324/2519
f 853/2354/2553 2526/2333/2528 2521/2332/2527 852/2349/2545
f 857/2351/2549 858/2355/2554 2540/2347/2542 2541/2348/2543
f 525/1223/1323 2532/2340/2535 2537/2345/2540 526/1213/1310
f 850/2323/2552 849/2321/2555 2519/2328/2523 2518/2325/2520
f 854/2356/2556 2531/2338/2533 2526/2333/2528 853/2354/2553
f 858/2355/2554 859/2357/2557 2539/2346/2541 2540/2347/2542
f 524/1220/1319 2527/2335/2530 2532/2340/2535 525/1223/1323
f 849/2321/2555 848/2319/2558 2520/2330/2525 2519/2328/2523
f 855/2358/2559 2536/2343/2538 2531/2338/2533 854/2356/2556
f 859/2357/2557 860/2359/2560 2538/2344/2539 2539/2346/2541
f 523/1217/1315 2522/2327/2522 2527/2335/2530 524/1220/1319
f 848/2319/2558 847/2315/2546 2521/2332/2527 2520/2330/2525
f 856/2352/2550 2541/2348/2543 2536/2343/2538 855/2358/2559
f 860/2359/2560 861/2353/2551 2537/2345/2540 2538/2344/2539
f 522/1210/1305 2517/2324/2519 2522/2327/2522 523/1217/1315
f 2542/2360/2561 2543/2361/2562 2548/2362/2563 2547/2363/2564
f 2543/2361/2562 2544/2364/2565 2549/2365/2566 2548/2362/2563
f 2544/2364/2565 2545/2366/2567 2550/2367/2568 2549/2365/2566
f 2545/2366/2567 2546/2368/2569 2551/2369/2570 2550/2367/2568
f 2547/2363/2564 2548/2362/2563 2553/2370/2571 2552/2371/2572
f 2548/2362/2563 2549/2365/2566 2554/2372/2573 2553/2370/2571
f 2549/2365/2566 2550/2367/2568 2555/2373/2574 2554/2372/2573
f 2550/2367/2568 2551/2369/2570 2556/2374/2575 2555/2373/2574
f 2552/2371/2572 2553/2370/2571 2558/2375/2576 2557/2376/2577
f 2553/2370/2571 2554/2372/2573 2559/2377/2578 2558/2375/2576
f 2554/2372/2573 2555/2373/2574 2560/2378/2579 2559/2377/2578
f 2555/2373/2574 2556/2374/2575 2561/2379/2580 2560/2378/2579
f 2557/2376/2577 2558/2375/2576 2563/2380/2581 2562/2381/2582
f 2558/2375/2576 2559/2377/2578 2564/2382/2583 2563/2380/2581
f 2559/2377/2578 2560/2378/2579 2565/2383/2584 2564/2382/2583
f 2560/2378/2579 2561/2379/2580 2566/2384/2585 2565/2383/2584
f 62/1211/1356 861/2353/2586 2542/2360/2561 537/1252/1354
f 862/2385/2587 2546/2368/2569 857/2351/2588 94/2350/2589
f 95/2386/2590 867/2387/2591 2566/2384/2585 866/2388/2592
f 541/1255/1359 2562/2381/2582 871/2389/2593 63/1253/1357
f 861/2353/2586 860/2359/2594 2543/2361/2562 2542/2360/2561
f 863/2390/2595 2551/2369/2570 2546/2368/2569 862/2385/2587
f 867/2387/2591 868/2391/2596 2565/2383/2584 2566/2384/2585
f 540/1265/1372 2557/2376/2577 2562/2381/2582 541/1255/1359
f 860/2359/2594 859/2357/2597 2544/2364/2565 2543/2361/2562
f 864/2392/2598 2556/2374/2575 2551/2369/2570 863/2390/2595
f 868/2391/2596 869/2393/2599 2564/2382/2583 2565/2383/2584
f 539/1262/1368 2552/2371/2572 2557/2376/2577 540/1265/1372
f 859/2357/2597 858/2355/2600 2545/2366/2567 2544/2364/2565
f 865/2394/2601 2561/2379/2580 2556/2374/2575 864/2392/2598
f 869/2393/2599 870/2395/2602 2563/2380/2581 2564/2382/2583
f 538/1259/1364 2547/2363/2564 2552/2371/2572 539/1262/1368
f 858/2355/2600 857/2351/2588 2546/2368/2569 2545/2366/2567
f 866/2388/2592 2566/2384/2585 2561/2379/2580 865/2394/2601
f 870/2395/2602 871/2389/2593 2562/2381/2582 2563/2380/2581
f 537/1252/1354 2542/2360/2561 2547/2363/2564 538/1259/1364
f 2567/2396/2603 2568/2397/2604 2573/2398/2605 2572/2399/2606
f 2568/2397/2604 2569/2400/2607 2574/2401/2608 2573/2398/2605
f 2569/2400/2607 2570/2402/2609 2575/2403/2610 2574/2401/2608
f 2570/2402/2609 2571/2404/2611 2576/2405/2612 2575/2403/2610
f 2572/2399/2606 2573/2398/2605 2578/2406/2613 2577/2407/2614
f 2573/2398/2605 2574/2401/2608 2579/2408/2615 2578/2406/2613
f 2574/2401/2608 2575/2403/2610 2580/2409/2616 2579/2408/2615
f 2575/2403/2610 2576/2405/2612 2581/2410/2617 2580/2409/2616
f 2577/2407/2614 2578/2406/2613 2583/2411/2618 2582/2412/2619
f 2578/2406/2613 2579/2408/2615 2584/2413/2620 2583/2411/2618
f 2579/2408/2615 2580/2409/2616 2585/2414/2621 2584/2413/2620
f 2580/2409/2616 2581/2410/2617 2586/2415/2622 2585/2414/2621
f 2582/2412/2619 2583/2411/2618 2588/2416/2623 2587/2417/2624
f 2583/2411/2618 2584/2413/2620 2589/2418/2625 2588/2416/2623
f 2584/2413/2620 2585/2414/2621 2590/2419/2626 2589/2418/2625
f 2585/2414/2621 2586/2415/2622 2591/2420/2627 2590/2419/2626
f 63/1253/1405 871/2389/2628 2567/2396/2603 552/1294/1403
f 872/2421/2629 2571/2404/2611 867/2387/2630 95/2386/2631
f 96/2422/2632 877/2423/2633 2591/2420/2627 876/2424/2634
f 556/1297/1408 2587/2417/2624 881/2425/2635 64/1295/1406
f 871/2389/2628 870/2395/2636 2568/2397/2604 2567/2396/2603
f 873/2426/2637 2576/2405/2612 2571/2404/2611 872/2421/2629
f 877/2423/2633 878/2427/2638 2590/2419/2626 2591/2420/2627
f 555/1307/1420 2582/2412/2619 2587/2417/2624 556/1297/1408
f 870/2395/2636 869/2393/1439 2569/2400/2607 2568/2397/2604
f 874/2428/2639 2581/2410/2617 2576/2405/2612 873/2426/2637
f 878/2427/2638 879/2429/2640 2589/2418/2625 2590/2419/2626
f 554/1304/1416 2577/2407/2614 2582/2412/2619 555/1307/1420
f 869/2393/1439 868/2391/2641 2570/2402/2609 2569/2400/2607
f 875/2430/2642 2586/2415/2622 2581/2410/2617 874/2428/2639
f 879/2429/2640 880/2431/2643 2588/2416/2623 2589/2418/2625
f 553/1301/1413 2572/2399/2606 2577/2407/2614 554/1304/1416
f 868/2391/2641 867/2387/2630 2571/2404/2611 2570/2402/2609
f 876/2424/2634 2591/2420/2627 2586/2415/2622 875/2430/2642
f 880/2431/2643 881/2425/2635 2587/2417/2624 2588/2416/2623
f 552/1294/1403 2567/2396/2603 2572/2399/2606 553/1301/1413
f 2592/2432/2644 2593/2433/2645 2598/2434/2646 2597/2435/2646
f 2593/2433/2645 2594/2436/2645 2599/2437/2647 2598/2434/2646
f 2594/2436/2645 2595/2438/2647 2600/2439/2647 2599/2437/2647
f 2595/2438/2647 2596/2440/2647 2601/2441/2647 2600/2439/2647
f 2597/2435/2646 2598/2434/2646 2603/2442/2646 2602/2443/2646
f 2598/2434/2646 2599/2437/2647 2604/2444/2647 2603/2442/2646
f 2599/2437/2647 2600/2439/2647 2605/2445/2647 2604/2444/2647
f 2600/2439/2647 2601/2441/2647 2606/2446/5 2605/2445/2647
f 2602/2443/2646 2603/2442/2646 2608/2447/2646 2607/2448/2646
f 2603/2442/2646 2604/2444/2647 2609/2449/2647 2608/2447/2646
f 2604/2444/2647 2605/2445/2647 2610/2450/2647 2609/2449/2647
f 2605/2445/2647 2606/2446/5 2611/2451/5 2610/2450/2647
f 2607/2448/2646 2608/2447/2646 2613/2452/2644 2612/2453/2644
f 2608/2447/2646 2609/2449/2647 2614/2454/2645 2613/2452/2644
f 2609/2449/2647 2610/2450/2647 2615/2455/2647 2614/2454/2645
f 2610/2450/2647 2611/2451/5 2616/2456/2648 2615/2455/2647
f 65/1338/1425 882/2457/2644 2592/2432/2644 572/1336/1425
f 116/2458/7 2596/2440/2647 886/2459/2647 1/2460/7
f 2/2461/7 887/2462/2648 2616/2456/2648 112/2463/7
f 576/1341/1425 2612/2453/2644 891/2464/2644 66/1339/1425
f 882/2457/2644 883/2465/2645 2593/2433/2645 2592/2432/2644
f 115/2466/5 2601/2441/2647 2596/2440/2647 116/2458/7
f 887/2462/2648 888/2467/2647 2615/2455/2647 2616/2456/2648
f 575/1350/1425 2607/2448/2646 2612/2453/2644 576/1341/1425
f 883/2465/2645 884/2468/2645 2594/2436/2645 2593/2433/2645
f 114/2469/7 2606/2446/5 2601/2441/2647 115/2466/5
f 888/2467/2647 889/2470/2645 2614/2454/2645 2615/2455/2647
f 574/1347/1425 2602/2443/2646 2607/2448/2646 575/1350/1425
f 884/2468/2645 885/2471/2645 2595/2438/2647 2594/2436/2645
f 113/2472/7 2611/2451/5 2606/2446/5 114/2469/7
f 889/2470/2645 890/2473/2644 2613/2452/2644 2614/2454/2645
f 573/1344/1425 2597/2435/2646 2602/2443/2646 574/1347/1425
f 885/2471/2645 886/2459/2647 2596/2440/2647 2595/2438/2647
f 112/2463/7 2616/2456/2648 2611/2451/5 113/2472/7
f 890/2473/2644 891/2464/2644 2612/2453/2644 2613/2452/2644
f 572/1336/1425 2592/2432/2644 2597/2435/2646 573/1344/1425
f 2617/2474/2649 2618/2475/2650 2623/2476/2650 2622/2477/2649
f 2618/2475/2650 2619/2478/2651 2624/2479/2651 2623/2476/2650
f 2619/2478/2651 2620/2480/2652 2625/2481/2652 2624/2479/2651
f 2620/2480/2652 2621/2482/2653 2626/2483/2653 2625/2481/2652
f 2622/2477/2649 2623/2476/2650 2628/2484/2650 2627/2485/2649
f 2623/2476/2650 2624/2479/2651 2629/2486/2651 2628/2484/2650
f 2624/2479/2651 2625/2481/2652 2630/2487/2652 2629/2486/2651
f 2625/2481/2652 2626/2483/2653 2631/2488/2653 2630/2487/2652
f 2627/2485/2649 2628/2484/2650 2633/2489/2650 2632/2490/2649
f 2628/2484/2650 2629/2486/2651 2634/2491/2651 2633/2489/2650
f 2629/2486/2651 2630/2487/2652 2635/2492/2652 2634/2491/2651
f 2630/2487/2652 2631/2488/2653 2636/2493/2653 2635/2492/2652
f 2632/2490/2649 2633/2489/2650 2638/2494/2650 2637/2495/2649
f 2633/2489/2650 2634/2491/2651 2639/2496/2651 2638/2494/2650
f 2634/2491/2651 2635/2492/2652 2640/2497/2652 2639/2496/2651
f 2635/2492/2652 2636/2493/2653 2641/2498/2653 2640/2497/2652
f 66/1339/1433 891/2464/2649 2617/2474/2649 582/1377/1433
f 131/2499/14 2621/2482/2653 887/2462/2653 2/2461/14
f 3/2500/14 892/2501/2653 2641/2498/2653 127/2502/14
f 586/1380/1433 2637/2495/2649 896/2503/2649 67/1378/1433
f 891/2464/2649 890/2473/2650 2618/2475/2650 2617/2474/2649
f 130/2504/14 2626/2483/2653 2621/2482/2653 131/2499/14
f 892/2501/2653 893/2505/2652 2640/2497/2652 2641/2498/2653
f 585/1386/1433 2632/2490/2649 2637/2495/2649 586/1380/1433
f 890/2473/2650 889/2470/2651 2619/2478/2651 2618/2475/2650
f 129/2506/14 2631/2488/2653 2626/2483/2653 130/2504/14
f 893/2505/2652 894/2507/2651 2639/2496/2651 2640/2497/2652
f 584/1384/1433 2627/2485/2649 2632/2490/2649 585/1386/1433
f 889/2470/2651 888/2467/2652 2620/2480/2652 2619/2478/2651
f 128/2508/14 2636/2493/2653 2631/2488/2653 129/2506/14
f 894/2507/2651 895/2509/2650 2638/2494/2650 2639/2496/2651
f 583/1382/1433 2622/2477/2649 2627/2485/2649 584/1384/1433
f 888/2467/2652 887/2462/2653 2621/2482/2653 2620/2480/2652
f 127/2502/14 2641/2498/2653 2636/2493/2653 128/2508/14
f 895/2509/2650 896/2503/2649 2637/2495/2649 2638/2494/2650
f 582/1377/1433 2617/2474/2649 2622/2477/2649 583/1382/1433
f 2642/2510/2654 2643/2511/2655 2648/2512/2656 2647/2513/2657
f 2643/2511/2655 2644/2514/2658 2649/2515/2659 2648/2512/2656
f 2644/2514/2658 2645/2516/2660 2650/2517/2661 2649/2515/2659
f 2645/2516/2660 2646/2518/2662 2651/2519/2663 2650/2517/2661
f 2647/2513/2657 2648/2512/2656 2653/2520/2664 2652/2521/2665
f 2648/2512/2656 2649/2515/2659 2654/2522/2666 2653/2520/2664
f 2649/2515/2659 2650/2517/2661 2655/2523/2667 2654/2522/2666
f 2650/2517/2661 2651/2519/2663 2656/2524/2668 2655/2523/2667
f 2652/2521/2665 2653/2520/2664 2658/2525/2669 2657/2526/2670
f 2653/2520/2664 2654/2522/2666 2659/2527/2671 2658/2525/2669
f 2654/2522/2666 2655/2523/2667 2660/2528/2672 2659/2527/2671
f 2655/2523/2667 2656/2524/2668 2661/2529/2673 2660/2528/2672
f 2657/2526/2670 2658/2525/2669 2663/2530/2674 2662/2531/2675
f 2658/2525/2669 2659/2527/2671 2664/2532/2676 2663/2530/2674
f 2659/2527/2671 2660/2528/2672 2665/2533/2677 2664/2532/2676
f 2660/2528/2672 2661/2529/2673 2666/2534/2678 2665/2533/2677
f 67/1378/1462 896/2503/2679 2642/2510/2654 592/1413/1460
f 146/2535/43 2646/2518/2662 892/2501/2680 3/2500/41
f 4/2536/41 897/2537/2681 2666/2534/2678 142/2538/50
f 596/1416/1465 2662/2531/2675 901/2539/2682 68/1414/1463
f 896/2503/2679 895/2509/2683 2643/2511/2655 2642/2510/2654
f 145/2540/63 2651/2519/2663 2646/2518/2662 146/2535/43
f 897/2537/2681 898/2541/2684 2665/2533/2677 2666/2534/2678
f 595/1422/1474 2657/2526/2670 2662/2531/2675 596/1416/1465
f 895/2509/2683 894/2507/2685 2644/2514/2658 2643/2511/2655
f 144/2542/59 2656/2524/2668 2651/2519/2663 145/2540/63
f 898/2541/2684 899/2543/2686 2664/2532/2676 2665/2533/2677
f 594/1420/1471 2652/2521/2665 2657/2526/2670 595/1422/1474
f 894/2507/2685 893/2505/2687 2645/2516/2660 2644/2514/2658
f 143/2544/55 2661/2529/2673 2656/2524/2668 144/2542/59
f 899/2543/2686 900/2545/2688 2663/2530/2674 2664/2532/2676
f 593/1418/1468 2647/2513/2657 2652/2521/2665 594/1420/1471
f 893/2505/2687 892/2501/2680 2646/2518/2662 2645/2516/2660
f 142/2538/50 2666/2534/2678 2661/2529/2673 143/2544/55
f 900/2545/2688 901/2539/2682 2662/2531/2675 2663/2530/2674
f 592/1413/1460 2642/2510/2654 2647/2513/2657 593/1418/1468
f 2667/2546/2689 2668/2547/2690 2673/2548/2691 2672/2549/2692
f 2668/2547/2690 2669/2550/2693 2674/2551/2694 2673/2548/2691
f 2669/2550/2693 2670/2552/2695 2675/2553/2696 2674/2551/2694
f 2670/2552/2695 2671/2554/2697 2676/2555/2698 2675/2553/2696
f 2672/2549/2692 2673/2548/2691 2678/2556/2699 2677/2557/2700
f 2673/2548/2691 2674/2551/2694 2679/2558/2701 2678/2556/2699
f 2674/2551/2694 2675/2553/2696 2680/2559/2702 2679/2558/2701
f 2675/2553/2696 2676/2555/2698 2681/2560/2703 2680/2559/2702
f 2677/2557/2700 2678/2556/2699 2683/2561/2704 2682/2562/2705
f 2678/2556/2699 2679/2558/2701 2684/2563/2706 2683/2561/2704
f 2679/2558/2701 2680/2559/2702 2685/2564/2707 2684/2563/2706
f 2680/2559/2702 2681/2560/2703 2686/2565/2708 2685/2564/2707
f 2682/2562/2705 2683/2561/2704 2688/2566/2709 2687/2567/2710
f 2683/2561/2704 2684/2563/2706 2689/2568/2711 2688/2566/2709
f 2684/2563/2706 2685/2564/2707 2690/2569/2712 2689/2568/2711
f 2685/2564/2707 2686/2565/2708 2691/2570/2713 2690/2569/2712
f 68/1414/1504 901/2539/2714 2667/2546/2689 602/1449/1502
f 161/2571/91 2671/2554/2697 897/2537/2715 4/2536/89
f 5/2572/100 902/2573/2716 2691/2570/2713 157/2574/98
f 606/1452/1507 2687/2567/2710 906/2575/2717 69/1450/1505
f 901/2539/2714 900/2545/2718 2668/2547/2690 2667/2546/2689
f 160/2576/112 2676/2555/2698 2671/2554/2697 161/2571/91
f 902/2573/2716 903/2577/2719 2690/2569/2712 2691/2570/2713
f 605/1458/1516 2682/2562/2705 2687/2567/2710 606/1452/1507
f 900/2545/2718 899/2543/2720 2669/2550/2693 2668/2547/2690
f 159/2578/108 2681/2560/2703 2676/2555/2698 160/2576/112
f 903/2577/2719 904/2579/2721 2689/2568/2711 2690/2569/2712
f 604/1456/1513 2677/2557/2700 2682/2562/2705 605/1458/1516
f 899/2543/2720 898/2541/2722 2670/2552/2695 2669/2550/2693
f 158/2580/104 2686/2565/2708 2681/2560/2703 159/2578/108
f 904/2579/2721 905/2581/2723 2688/2566/2709 2689/2568/2711
f 603/1454/1510 2672/2549/2692 2677/2557/2700 604/1456/1513
f 898/2541/2722 897/2537/2715 2671/2554/2697 2670/2552/2695
f 157/2574/98 2691/2570/2713 2686/2565/2708 158/2580/104
f 905/2581/2723 906/2575/2717 2687/2567/2710 2688/2566/2709
f 602/1449/1502 2667/2546/2689 2672/2549/2692 603/1454/1510
f 2692/2582/2724 2693/2583/2725 2698/2584/2726 2697/2585/2727
f 2693/2583/2725 2694/2586/2728 2699/2587/2729 2698/2584/2726
f 2694/2586/2728 2695/2588/2730 2700/2589/2731 2699/2587/2729
f 2695/2588/2730 2696/2590/2732 2701/2591/2733 2700/2589/2731
f 2697/2585/2727 2698/2584/2726 2703/2592/2734 2702/2593/2735
f 2698/2584/2726 2699/2587/2729 2704/2594/2736 2703/2592/2734
f 2699/2587/2729 2700/2589/2731 2705/2595/2737 2704/2594/2736
f 2700/2589/2731 2701/2591/2733 2706/2596/2738 2705/2595/2737
f 2702/2593/2735 2703/2592/2734 2708/2597/2739 2707/2598/2740
f 2703/2592/2734 2704/2594/2736 2709/2599/2741 2708/2597/2739
f 2704/2594/2736 2705/2595/2737 2710/2600/2742 2709/2599/2741
f 2705/2595/2737 2706/2596/2738 2711/2601/2743 2710/2600/2742
f 2707/2598/2740 2708/2597/2739 2713/2602/2744 2712/2603/2745
f 2708/2597/2739 2709/2599/2741 2714/2604/2746 2713/2602/2744
f 2709/2599/2741 2710/2600/2742 2715/2605/2747 2714/2604/2746
f 2710/2600/2742 2711/2601/2743 2716/2606/2748 2715/2605/2747
f 69/1450/1546 906/2575/2749 2692/2582/2724 612/1485/1544
f 176/2607/140 2696/2590/2732 902/2573/2750 5/2572/138
f 6/2608/149 907/2609/2751 2716/2606/2748 172/2610/147
f 616/1488/1549 2712/2603/2745 911/2611/2752 70/1486/1547
f 906/2575/2749 905/2581/2753 2693/2583/2725 2692/2582/2724
f 175/2612/161 2701/2591/2733 2696/2590/2732 176/2607/140
f 907/2609/2751 908/2613/2754 2715/2605/2747 2716/2606/2748
f 615/1494/1558 2707/2598/2740 2712/2603/2745 616/1488/1549
f 905/2581/2753 904/2579/2755 2694/2586/2728 2693/2583/2725
f 174/2614/157 2706/2596/2738 2701/2591/2733 175/2612/161
f 908/2613/2754 909/2615/2756 2714/2604/2746 2715/2605/2747
f 614/1492/1555 2702/2593/2735 2707/2598/2740 615/1494/1558
f 904/2579/2755 903/2577/2757 2695/2588/2730 2694/2586/2728
f 173/2616/153 2711/2601/2743 2706/2596/2738 174/2614/157
f 909/2615/2756 910/2617/2758 2713/2602/2744 2714/2604/2746
f 613/1490/1552 2697/2585/2727 2702/2593/2735 614/1492/1555
f 903/2577/2757 902/2573/2750 2696/2590/2732 2695/2588/2730
f 172/2610/147 2716/2606/2748 2711/2601/2743 173/2616/153
f 910/2617/2758 911/2611/2752 2712/2603/2745 2713/2602/2744
f 612/1485/1544 2692/2582/2724 2697/2585/2727 613/1490/1552
f 2717/2618/2759 2718/2619/2760 2723/2620/2761 2722/2621/2762
f 2718/2619/2760 2719/2622/2763 2724/2623/2764 2723/2620/2761
f 2719/2622/2763 2720/2624/2765 2725/2625/2766 2724/2623/2764
f 2720/2624/2765 2721/2626/2767 2726/2627/2768 2725/2625/2766
f 2722/2621/2762 2723/2620/2761 2728/2628/2769 2727/2629/2770
f 2723/2620/2761 2724/2623/2764 2729/2630/2771 2728/2628/2769
f 2724/2623/2764 2725/2625/2766 2730/2631/2772 2729/2630/2771
f 2725/2625/2766 2726/2627/2768 2731/2632/2773 2730/2631/2772
f 2727/2629/2770 2728/2628/2769 2733/2633/2774 2732/2634/2775
f 2728/2628/2769 2729/2630/2771 2734/2635/2776 2733/2633/2774
f 2729/2630/2771 2730/2631/2772 2735/2636/2777 2734/2635/2776
f 2730/2631/2772 2731/2632/2773 2736/2637/2778 2735/2636/2777
f 2732/2634/2775 2733/2633/2774 2738/2638/2779 2737/2639/2780
f 2733/2633/2774 2734/2635/2776 2739/2640/2781 2738/2638/2779
f 2734/2635/2776 2735/2636/2777 2740/2641/2782 2739/2640/2781
f 2735/2636/2777 2736/2637/2778 2741/2642/2783 2740/2641/2782
f 70/1486/1588 911/2611/2784 2717/2618/2759 622/1521/1586
f 191/2643/189 2721/2626/2767 907/2609/2785 6/2608/187
f 7/2644/198 912/2645/2786 2741/2642/2783 187/2646/196
f 626/1524/1591 2737/2639/2780 916/2647/2787 71/1522/1589
f 911/2611/2784 910/2617/2788 2718/2619/2760 2717/2618/2759
f 190/2648/210 2726/2627/2768 2721/2626/2767 191/2643/189
f 912/2645/2786 913/2649/2789 2740/2641/2782 2741/2642/2783
f 625/1530/1600 2732/2634/2775 2737/2639/2780 626/1524/1591
f 910/2617/2788 909/2615/2790 2719/2622/2763 2718/2619/2760
f 189/2650/206 2731/2632/2773 2726/2627/2768 190/2648/210
f 913/2649/2789 914/2651/2791 2739/2640/2781 2740/2641/2782
f 624/1528/1597 2727/2629/2770 2732/2634/2775 625/1530/1600
f 909/2615/2790 908/2613/2792 2720/2624/2765 2719/2622/2763
f 188/2652/202 2736/2637/2778 2731/2632/2773 189/2650/206
f 914/2651/2791 915/2653/2793 2738/2638/2779 2739/2640/2781
f 623/1526/1594 2722/2621/2762 2727/2629/2770 624/1528/1597
f 908/2613/2792 907/2609/2785 2721/2626/2767 2720/2624/2765
f 187/2646/196 2741/2642/2783 2736/2637/2778 188/2652/202
f 915/2653/2793 916/2647/2787 2737/2639/2780 2738/2638/2779
f 622/1521/1586 2717/2618/2759 2722/2621/2762 623/1526/1594
f 2742/2654/2794 2743/2655/2795 2748/2656/2796 2747/2657/2797
f 2743/2655/2795 2744/2658/2798 2749/2659/2799 2748/2656/2796
f 2744/2658/2798 2745/2660/2800 2750/2661/2801 2749/2659/2799
f 2745/2660/2800 2746/2662/2802 2751/2663/2803 2750/2661/2801
f 2747/2657/2797 2748/2656/2796 2753/2664/2804 2752/2665/2805
f 2748/2656/2796 2749/2659/2799 2754/2666/2806 2753/2664/2804
f 2749/2659/2799 2750/2661/2801 2755/2667/2807 2754/2666/2806
f 2750/2661/2801 2751/2663/2803 2756/2668/2808 2755/2667/2807
f 2752/2665/2805 2753/2664/2804 2758/2669/2809 2757/2670/2810
f 2753/2664/2804 2754/2666/2806 2759/2671/2811 2758/2669/2809
f 2754/2666/2806 2755/2667/2807 2760/2672/2812 2759/2671/2811
f 2755/2667/2807 2756/2668/2808 2761/2673/2813 2760/2672/2812
f 2757/2670/2810 2758/2669/2809 2763/2674/2814 2762/2675/2815
f 2758/2669/2809 2759/2671/2811 2764/2676/2816 2763/2674/2814
f 2759/2671/2811 2760/2672/2812 2765/2677/2817 2764/2676/2816
f 2760/2672/2812 2761/2673/2813 2766/2678/2818 2765/2677/2817
f 71/1522/1630 916/2647/2819 2742/2654/2794 632/1557/1628
f 206/2679/238 2746/2662/2802 912/2645/2820 7/2644/236
f 8/2680/247 917/2681/2821 2766/2678/2818 202/2682/245
f 636/1560/1633 2762/2675/2815 921/2683/2822 72/1558/1631
f 916/2647/2819 915/2653/2823 2743/2655/2795 2742/2654/2794
f 205/2684/259 2751/2663/2803 2746/2662/2802 206/2679/238
f 917/2681/2821 918/2685/2824 2765/2677/2817 2766/2678/2818
f 635/1566/1642 2757/2670/2810 2762/2675/2815 636/1560/1633
f 915/2653/2823 914/2651/2825 2744/2658/2798 2743/2655/2795
f 204/2686/255 2756/2668/2808 2751/2663/2803 205/2684/259
f 918/2685/2824 919/2687/2826 2764/2676/2816 2765/2677/2817
f 634/1564/1639 2752/2665/2805 2757/2670/2810 635/1566/1642
f 914/2651/2825 913/2649/2827 2745/2660/2800 2744/2658/2798
f 203/2688/251 2761/2673/2813 2756/2668/2808 204/2686/255
f 919/2687/2826 920/2689/2828 2763/2674/2814 2764/2676/2816
f 633/1562/1636 2747/2657/2797 2752/2665/2805 634/1564/1639
f 913/2649/2827 912/2645/2820 2746/2662/2802 2745/2660/2800
f 202/2682/245 2766/2678/2818 2761/2673/2813 203/2688/251
f 920/2689/2828 921/2683/2822 2762/2675/2815 2763/2674/2814
f 632/1557/1628 2742/2654/2794 2747/2657/2797 633/1562/1636
f 2767/2690/2829 2768/2691/2830 2773/2692/2831 2772/2693/2832
f 2768/2691/2830 2769/2694/2833 2774/2695/2834 2773/2692/2831
f 2769/2694/2833 2770/2696/2835 2775/2697/2836 2774/2695/2834
f 2770/2696/2835 2771/2698/2837 2776/2699/2838 2775/2697/2836
f 2772/2693/2832 2773/2692/2831 2778/2700/2839 2777/2701/2840
f 2773/2692/2831 2774/2695/2834 2779/2702/2841 2778/2700/2839
f 2774/2695/2834 2775/2697/2836 2780/2703/2842 2779/2702/2841
f 2775/2697/2836 2776/2699/2838 2781/2704/2843 2780/2703/2842
f 2777/2701/2840 2778/2700/2839 2783/2705/2844 2782/2706/2845
f 2778/2700/2839 2779/2702/2841 2784/2707/2846 2783/2705/2844
f 2779/2702/2841 2780/2703/2842 2785/2708/2847 2784/2707/2846
f 2780/2703/2842 2781/2704/2843 2786/2709/2848 2785/2708/2847
f 2782/2706/2845 2783/2705/2844 2788/2710/2849 2787/2711/2850
f 2783/2705/2844 2784/2707/2846 2789/2712/2851 2788/2710/2849
f 2784/2707/2846 2785/2708/2847 2790/2713/2852 2789/2712/2851
f 2785/2708/2847 2786/2709/2848 2791/2714/2853 2790/2713/2852
f 72/1558/1672 921/2683/2854 2767/2690/2829 642/1593/1670
f 221/2715/287 2771/2698/2837 917/2681/2855 8/2680/285
f 9/2716/296 922/2717/2856 2791/2714/2853 217/2718/294
f 646/1596/1675 2787/2711/2850 926/2719/2857 73/1594/1673
f 921/2683/2854 920/2689/2858 2768/2691/2830 2767/2690/2829
f 220/2720/308 2776/2699/2838 2771/2698/2837 221/2715/287
f 922/2717/2856 923/2721/2859 2790/2713/2852 2791/2714/2853
f 645/1602/1684 2782/2706/2845 2787/2711/2850 646/1596/1675
f 920/2689/2858 919/2687/2860 2769/2694/2833 2768/2691/2830
f 219/2722/304 2781/2704/2843 2776/2699/2838 220/2720/308
f 923/2721/2859 924/2723/2861 2789/2712/2851 2790/2713/2852
f 644/1600/1681 2777/2701/2840 2782/2706/2845 645/1602/1684
f 919/2687/2860 918/2685/2862 2770/2696/2835 2769/2694/2833
f 218/2724/300 2786/2709/2848 2781/2704/2843 219/2722/304
f 924/2723/2861 925/2725/2863 2788/2710/2849 2789/2712/2851
f 643/1598/1678 2772/2693/2832 2777/2701/2840 644/1600/1681
f 918/2685/2862 917/2681/2855 2771/2698/2837 2770/2696/2835
f 217/2718/294 2791/2714/2853 2786/2709/2848 218/2724/300
f 925/2725/2863 926/2719/2857 2787/2711/2850 2788/2710/2849
f 642/1593/1670 2767/2690/2829 2772/2693/2832 643/1598/1678
f 2792/2726/2864 2793/2727/2865 2798/2728/2866 2797/2729/2867
f 2793/2727/2865 2794/2730/2868 2799/2731/2869 2798/2728/2866
f 2794/2730/2868 2795/2732/2870 2800/2733/2871 2799/2731/2869
f 2795/2732/2870 2796/2734/2872 2801/2735/2873 2800/2733/2871
f 2797/2729/2867 2798/2728/2866 2803/2736/2874 2802/2737/2875
f 2798/2728/2866 2799/2731/2869 2804/2738/2876 2803/2736/2874
f 2799/2731/2869 2800/2733/2871 2805/2739/2877 2804/2738/2876
f 2800/2733/2871 2801/2735/2873 2806/2740/2878 2805/2739/2877
f 2802/2737/2875 2803/2736/2874 2808/2741/2879 2807/2742/2880
f 2803/2736/2874 2804/2738/2876 2809/2743/2869 2808/2741/2879
f 2804/2738/2876 2805/2739/2877 2810/2744/2881 2809/2743/2869
f 2805/2739/2877 2806/2740/2878 2811/2745/2882 2810/2744/2881
f 2807/2742/2880 2808/2741/2879 2813/2746/2883 2812/2747/2884
f 2808/2741/2879 2809/2743/2869 2814/2748/2885 2813/2746/2883
f 2809/2743/2869 2810/2744/2881 2815/2749/2886 2814/2748/2885
f 2810/2744/2881 2811/2745/2882 2816/2750/2887 2815/2749/2886
f 73/1594/1713 926/2719/2888 2792/2726/2864 652/1629/1711
f 236/2751/335 2796/2734/2872 922/2717/2889 9/2716/333
f 10/2752/333 927/2753/2890 2816/2750/2887 232/2754/341
f 656/1632/1715 2812/2747/2884 931/2755/2891 74/1630/1713
f 926/2719/2888 925/2725/2892 2793/2727/2865 2792/2726/2864
f 235/2756/346 2801/2735/2873 2796/2734/2872 236/2751/335
f 927/2753/2890 928/2757/2893 2815/2749/2886 2816/2750/2887
f 655/1638/1718 2807/2742/2880 2812/2747/2884 656/1632/1715
f 925/2725/2892 924/2723/2894 2794/2730/2868 2793/2727/2865
f 234/2758/350 2806/2740/2878 2801/2735/2873 235/2756/346
f 928/2757/2893 929/2759/2894 2814/2748/2885 2815/2749/2886
f 654/1636/1721 2802/2737/2875 2807/2742/2880 655/1638/1718
f 924/2723/2894 923/2721/2895 2795/2732/2870 2794/2730/2868
f 233/2760/346 2811/2745/2882 2806/2740/2878 234/2758/350
f 929/2759/2894 930/2761/2896 2813/2746/2883 2814/2748/2885
f 653/1634/1718 2797/2729/2867 2802/2737/2875 654/1636/1721
f 923/2721/2895 922/2717/2889 2796/2734/2872 2795/2732/2870
f 232/2754/341 2816/2750/2887 2811/2745/2882 233/2760/346
f 930/2761/2896 931/2755/2891 2812/2747/2884 2813/2746/2883
f 652/1629/1711 2792/2726/2864 2797/2729/2867 653/1634/1718
f 2817/2762/2897 2818/2763/2898 2823/2764/2899 2822/2765/2900
f 2818/2763/2898 2819/2766/2901 2824/2767/2902 2823/2764/2899
f 2819/2766/2901 2820/2768/2903 2825/2769/2904 2824/2767/2902
f 2820/2768/2903 2821/2770/2905 2826/2771/2906 2825/2769/2904
f 2822/2765/2900 2823/2764/2899 2828/2772/2907 2827/2773/2908
f 2823/2764/2899 2824/2767/2902 2829/2774/2909 2828/2772/2907
f 2824/2767/2902 2825/2769/2904 2830/2775/2910 2829/2774/2909
f 2825/2769/2904 2826/2771/2906 2831/2776/2911 2830/2775/2910
f 2827/2773/2908 2828/2772/2907 2833/2777/2912 2832/2778/2913
f 2828/2772/2907 2829/2774/2909 2834/2779/2914 2833/2777/2912
f 2829/2774/2909 2830/2775/2910 2835/2780/2915 2834/2779/2914
f 2830/2775/2910 2831/2776/2911 2836/2781/2916 2835/2780/2915
f 2832/2778/2913 2833/2777/2912 2838/2782/2917 2837/2783/2918
f 2833/2777/2912 2834/2779/2914 2839/2784/2919 2838/2782/2917
f 2834/2779/2914 2835/2780/2915 2840/2785/2920 2839/2784/2919
f 2835/2780/2915 2836/2781/2916 2841/2786/2921 2840/2785/2920
f 74/1630/1752 931/2755/2922 2817/2762/2897 662/1665/1750
f 251/2787/380 2821/2770/2905 927/2753/2923 10/2752/378
f 11/2788/389 932/2789/2924 2841/2786/2921 247/2790/387
f 666/1668/1755 2837/2783/2918 936/2791/2925 75/1666/1753
f 931/2755/2922 930/2761/2926 2818/2763/2898 2817/2762/2897
f 250/2792/401 2826/2771/2906 2821/2770/2905 251/2787/380
f 932/2789/2924 933/2793/2927 2840/2785/2920 2841/2786/2921
f 665/1674/1764 2832/2778/2913 2837/2783/2918 666/1668/1755
f 930/2761/2926 929/2759/2928 2819/2766/2901 2818/2763/2898
f 249/2794/397 2831/2776/2911 2826/2771/2906 250/2792/401
f 933/2793/2927 934/2795/2929 2839/2784/2919 2840/2785/2920
f 664/1672/1761 2827/2773/2908 2832/2778/2913 665/1674/1764
f 929/2759/2928 928/2757/2930 2820/2768/2903 2819/2766/2901
f 248/2796/393 2836/2781/2916 2831/2776/2911 249/2794/397
f 934/2795/2929 935/2797/2931 2838/2782/2917 2839/2784/2919
f 663/1670/1758 2822/2765/2900 2827/2773/2908 664/1672/1761
f 928/2757/2930 927/2753/2923 2821/2770/2905 2820/2768/2903
f 247/2790/387 2841/2786/2921 2836/2781/2916 248/2796/393
f 935/2797/2931 936/2791/2925 2837/2783/2918 2838/2782/2917
f 662/1665/1750 2817/2762/2897 2822/2765/2900 663/1670/1758
f 2842/2798/2932 2843/2799/2933 2848/2800/2934 2847/2801/2935
f 2843/2799/2933 2844/2802/2936 2849/2803/2937 2848/2800/2934
f 2844/2802/2936 2845/2804/2938 2850/2805/2939 2849/2803/2937
f 2845/2804/2938 2846/2806/2940 2851/2807/2941 2850/2805/2939
f 2847/2801/2935 2848/2800/2934 2853/2808/2942 2852/2809/2943
f 2848/2800/2934 2849/2803/2937 2854/2810/2944 2853/2808/2942
f 2849/2803/2937 2850/2805/2939 2855/2811/2945 2854/2810/2944
f 2850/2805/2939 2851/2807/2941 2856/2812/2946 2855/2811/2945
f 2852/2809/2943 2853/2808/2942 2858/2813/2947 2857/2814/2948
f 2853/2808/2942 2854/2810/2944 2859/2815/2949 2858/2813/2947
f 2854/2810/2944 2855/2811/2945 2860/2816/2950 2859/2815/2949
f 2855/2811/2945 2856/2812/2946 2861/2817/2951 2860/2816/2950
f 2857/2814/2948 2858/2813/2947 2863/2818/2952 2862/2819/2953
f 2858/2813/2947 2859/2815/2949 2864/2820/2954 2863/2818/2952
f 2859/2815/2949 2860/2816/2950 2865/2821/2955 2864/2820/2954
f 2860/2816/2950 2861/2817/2951 2866/2822/2956 2865/2821/2955
f 75/1666/1794 936/2791/2957 2842/2798/2932 672/1701/1792
f 266/2823/429 2846/2806/2940 932/2789/2958 11/2788/427
f 12/2824/438 937/2825/2959 2866/2822/2956 262/2826/436
f 676/1704/1797 2862/2819/2953 941/2827/2960 76/1702/1795
f 936/2791/2957 935/2797/2961 2843/2799/2933 2842/2798/2932
f 265/2828/450 2851/2807/2941 2846/2806/2940 266/2823/429
f 937/2825/2959 938/2829/2962 2865/2821/2955 2866/2822/2956
f 675/1710/1806 2857/2814/2948 2862/2819/2953 676/1704/1797
f 935/2797/2961 934/2795/2963 2844/2802/2936 2843/2799/2933
f 264/2830/446 2856/2812/2946 2851/2807/2941 265/2828/450
f 938/2829/2962 939/2831/2964 2864/2820/2954 2865/2821/2955
f 674/1708/1803 2852/2809/2943 2857/2814/2948 675/1710/1806
f 934/2795/2963 933/2793/2965 2845/2804/2938 2844/2802/2936
f 263/2832/442 2861/2817/2951 2856/2812/2946 264/2830/446
f 939/2831/2964 940/2833/2966 2863/2818/2952 2864/2820/2954
f 673/1706/1800 2847/2801/2935 2852/2809/2943 674/1708/1803
f 933/2793/2965 932/2789/2958 2846/2806/2940 2845/2804/2938
f 262/2826/436 2866/2822/2956 2861/2817/2951 263/2832/442
f 940/2833/2966 941/2827/2960 2862/2819/2953 2863/2818/2952
f 672/1701/1792 2842/2798/2932 2847/2801/2935 673/1706/1800
f 2867/2834/2967 2868/2835/2968 2873/2836/2969 2872/2837/2970
f 2868/2835/2968 2869/2838/2971 2874/2839/2972 2873/2836/2969
f 2869/2838/2971 2870/2840/2973 2875/2841/2974 2874/2839/2972
f 2870/2840/2973 2871/2842/2975 2876/2843/2976 2875/2841/2974
f 2872/2837/2970 2873/2836/2969 2878/2844/2977 2877/2845/2978
f 2873/2836/2969 2874/2839/2972 2879/2846/2979 2878/2844/2977
f 2874/2839/2972 2875/2841/2974 2880/2847/2980 2879/2846/2979
f 2875/2841/2974 2876/2843/2976 2881/2848/2981 2880/2847/2980
f 2877/2845/2978 2878/2844/2977 2883/2849/2982 2882/2850/2983
f 2878/2844/2977 2879/2846/2979 2884/2851/2984 2883/2849/2982
f 2879/2846/2979 2880/2847/2980 2885/2852/2985 2884/2851/2984
f 2880/2847/2980 2881/2848/2981 2886/2853/2986 2885/2852/2985
f 2882/2850/2983 2883/2849/2982 2888/2854/2987 2887/2855/2988
f 2883/2849/2982 2884/2851/2984 2889/2856/2989 2888/2854/2987
f 2884/2851/2984 2885/2852/2985 2890/2857/2990 2889/2856/2989
f 2885/2852/2985 2886/2853/2986 2891/2858/2991 2890/2857/2990
f 76/1702/1836 941/2827/2992 2867/2834/2967 682/1737/1834
f 281/2859/478 2871/2842/2975 937/2825/2993 12/2824/476
f 13/2860/487 942/2861/2994 2891/2858/2991 277/2862/485
f 686/1740/1839 2887/2855/2988 946/2863/2995 77/1738/1837
f 941/2827/2992 940/2833/2996 2868/2835/2968 2867/2834/2967
f 280/2864/499 2876/2843/2976 2871/2842/2975 281/2859/478
f 942/2861/2994 943/2865/2997 2890/2857/2990 2891/2858/2991
f 685/1746/1848 2882/2850/2983 2887/2855/2988 686/1740/1839
f 940/2833/2996 939/2831/2998 2869/2838/2971 2868/2835/2968
f 279/2866/495 2881/2848/2981 2876/2843/2976 280/2864/499
f 943/2865/2997 944/2867/2999 2889/2856/2989 2890/2857/2990
f 684/1744/1845 2877/2845/2978 2882/2850/2983 685/1746/1848
f 939/2831/2998 938/2829/3000 2870/2840/2973 2869/2838/2971
f 278/2868/491 2886/2853/2986 2881/2848/2981 279/2866/495
f 944/2867/2999 945/2869/3001 2888/2854/2987 2889/2856/2989
f 683/1742/1842 2872/2837/2970 2877/2845/2978 684/1744/1845
f 938/2829/3000 937/2825/2993 2871/2842/2975 2870/2840/2973
f 277/2862/485 2891/2858/2991 2886/2853/2986 278/2868/491
f 945/2869/3001 946/2863/2995 2887/2855/2988 2888/2854/2987
f 682/1737/1834 2867/2834/2967 2872/2837/2970 683/1742/1842
f 2892/2870/3002 2893/2871/3003 2898/2872/3004 2897/2873/3005
f 2893/2871/3003 2894/2874/3006 2899/2875/3007 2898/2872/3004
f 2894/2874/3006 2895/2876/3008 2900/2877/3009 2899/2875/3007
f 2895/2876/3008 2896/2878/3010 2901/2879/3011 2900/2877/3009
f 2897/2873/3005 2898/2872/3004 2903/2880/3012 2902/2881/3013
f 2898/2872/3004 2899/2875/3007 2904/2882/3014 2903/2880/3012
f 2899/2875/3007 2900/2877/3009 2905/2883/3015 2904/2882/3014
f 2900/2877/3009 2901/2879/3011 2906/2884/3016 2905/2883/3015
f 2902/2881/3013 2903/2880/3012 2908/2885/3017 2907/2886/3018
f 2903/2880/3012 2904/2882/3014 2909/2887/3019 2908/2885/3017
f 2904/2882/3014 2905/2883/3015 2910/2888/3020 2909/2887/3019
f 2905/2883/3015 2906/2884/3016 2911/2889/3021 2910/2888/3020
f 2907/2886/3018 2908/2885/3017 2913/2890/3022 2912/2891/3023
f 2908/2885/3017 2909/2887/3019 2914/2892/3024 2913/2890/3022
f 2909/2887/3019 2910/2888/3020 2915/2893/3025 2914/2892/3024
f 2910/2888/3020 2911/2889/3021 2916/2894/3026 2915/2893/3025
f 77/1738/1878 946/2863/3027 2892/2870/3002 692/1773/1876
f 296/2895/527 2896/2878/3010 942/2861/3028 13/2860/525
f 14/2896/536 947/2897/3029 2916/2894/3026 292/2898/534
f 696/1776/1881 2912/2891/3023 951/2899/3030 78/1774/1879
f 946/2863/3027 945/2869/3031 2893/2871/3003 2892/2870/3002
f 295/2900/548 2901/2879/3011 2896/2878/3010 296/2895/527
f 947/2897/3029 948/2901/3032 2915/2893/3025 2916/2894/3026
f 695/1782/1890 2907/2886/3018 2912/2891/3023 696/1776/1881
f 945/2869/3031 944/2867/3033 2894/2874/3006 2893/2871/3003
f 294/2902/544 2906/2884/3016 2901/2879/3011 295/2900/548
f 948/2901/3032 949/2903/3034 2914/2892/3024 2915/2893/3025
f 694/1780/1887 2902/2881/3013 2907/2886/3018 695/1782/1890
f 944/2867/3033 943/2865/3035 2895/2876/3008 2894/2874/3006
f 293/2904/540 2911/2889/3021 2906/2884/3016 294/2902/544
f 949/2903/3034 950/2905/3036 2913/2890/3022 2914/2892/3024
f 693/1778/1884 2897/2873/3005 2902/2881/3013 694/1780/1887
f 943/2865/3035 942/2861/3028 2896/2878/3010 2895/2876/3008
f 292/2898/534 2916/2894/3026 2911/2889/3021 293/2904/540
f 950/2905/3036 951/2899/3030 2912/2891/3023 2913/2890/3022
f 692/1773/1876 2892/2870/3002 2897/2873/3005 693/1778/1884
f 2917/2906/3037 2918/2907/3038 2923/2908/3039 2922/2909/3040
f 2918/2907/3038 2919/2910/3041 2924/2911/3042 2923/2908/3039
f 2919/2910/3041 2920/2912/3043 2925/2913/3044 2924/2911/3042
f 2920/2912/3043 2921/2914/3045 2926/2915/3046 2925/2913/3044
f 2922/2909/3040 2923/2908/3039 2928/2916/3047 2927/2917/3048
f 2923/2908/3039 2924/2911/3042 2929/2918/3049 2928/2916/3047
f 2924/2911/3042 2925/2913/3044 2930/2919/3050 2929/2918/3049
f 2925/2913/3044 2926/2915/3046 2931/2920/3051 2930/2919/3050
f 2927/2917/3048 2928/2916/3047 2933/2921/3052 2932/2922/3053
f 2928/2916/3047 2929/2918/3049 2934/2923/3054 2933/2921/3052
f 2929/2918/3049 2930/2919/3050 2935/2924/3055 2934/2923/3054
f 2930/2919/3050 2931/2920/3051 2936/2925/3056 2935/2924/3055
f 2932/2922/3053 2933/2921/3052 2938/2926/3057 2937/2927/3058
f 2933/2921/3052 2934/2923/3054 2939/2928/3059 2938/2926/3057
f 2934/2923/3054 2935/2924/3055 2940/2929/3060 2939/2928/3059
f 2935/2924/3055 2936/2925/3056 2941/2930/3061 2940/2929/3060
f 78/1774/1920 951/2899/3062 2917/2906/3037 702/1809/1918
f 311/2931/576 2921/2914/3045 947/2897/3063 14/2896/574
f 15/2932/585 952/2933/3064 2941/2930/3061 307/2934/583
f 706/1812/1923 2937/2927/3058 956/2935/3065 79/1810/1921
f 951/2899/3062 950/2905/3066 2918/2907/3038 2917/2906/3037
f 310/2936/597 2926/2915/3046 2921/2914/3045 311/2931/576
f 952/2933/3064 953/2937/3067 2940/2929/3060 2941/2930/3061
f 705/1818/1932 2932/2922/3053 2937/2927/3058 706/1812/1923
f 950/2905/3066 949/2903/3068 2919/2910/3041 2918/2907/3038
f 309/2938/593 2931/2920/3051 2926/2915/3046 310/2936/597
f 953/2937/3067 954/2939/3069 2939/2928/3059 2940/2929/3060
f 704/1816/1929 2927/2917/3048 2932/2922/3053 705/1818/1932
f 949/2903/3068 948/2901/3070 2920/2912/3043 2919/2910/3041
f 308/2940/589 2936/2925/3056 2931/2920/3051 309/2938/593
f 954/2939/3069 955/2941/3071 2938/2926/3057 2939/2928/3059
f 703/1814/1926 2922/2909/3040 2927/2917/3048 704/1816/1929
f 948/2901/3070 947/2897/3063 2921/2914/3045 2920/2912/3043
f 307/2934/583 2941/2930/3061 2936/2925/3056 308/2940/589
f 955/2941/3071 956/2935/3065 2937/2927/3058 2938/2926/3057
f 702/1809/1918 2917/2906/3037 2922/2909/3040 703/1814/1926
f 2942/2942/3072 2943/2943/3073 2948/2944/3074 2947/2945/3075
f 2943/2943/3073 2944/2946/3076 2949/2947/3077 2948/2944/3074
f 2944/2946/3076 2945/2948/3078 2950/2949/3079 2949/2947/3077
f 2945/2948/3078 2946/2950/3080 2951/2951/3081 2950/2949/3079
f 2947/2945/3075 2948/2944/3074 2953/2952/3082 2952/2953/3083
f 2948/2944/3074 2949/2947/3077 2954/2954/3084 2953/2952/3082
f 2949/2947/3077 2950/2949/3079 2955/2955/3085 2954/2954/3084
f 2950/2949/3079 2951/2951/3081 2956/2956/3086 2955/2955/3085
f 2952/2953/3083 2953/2952/3082 2958/2957/3087 2957/2958/3088
f 2953/2952/3082 2954/2954/3084 2959/2959/3089 2958/2957/3087
f 2954/2954/3084 2955/2955/3085 2960/2960/3090 2959/2959/3089
f 2955/2955/3085 2956/2956/3086 2961/2961/3091 2960/2960/3090
f 2957/2958/3088 2958/2957/3087 2963/2962/3092 2962/2963/3093
f 2958/2957/3087 2959/2959/3089 2964/2964/3094 2963/2962/3092
f 2959/2959/3089 2960/2960/3090 2965/2965/3095 2964/2964/3094
f 2960/2960/3090 2961/2961/3091 2966/2966/3096 2965/2965/3095
f 79/1810/1962 956/2935/3097 2942/2942/3072 712/1845/1960
f 326/2967/625 2946/2950/3080 952/2933/3098 15/2932/623
f 16/2968/634 957/2969/3099 2966/2966/3096 322/2970/632
f 716/1848/1965 2962/2963/3093 961/2971/3100 80/1846/1963
f 956/2935/3097 955/2941/3101 2943/2943/3073 2942/2942/3072
f 325/2972/638 2951/2951/3081 2946/2950/3080 326/2967/625
f 957/2969/3099 958/2973/3102 2965/2965/3095 2966/2966/3096
f 715/1854/1968 2957/2958/3088 2962/2963/3093 716/1848/1965
f 955/2941/3101 954/2939/3103 2944/2946/3076 2943/2943/3073
f 324/2974/641 2956/2956/3086 2951/2951/3081 325/2972/638
f 958/2973/3102 959/2975/3103 2964/2964/3094 2965/2965/3095
f 714/1852/1971 2952/2953/3083 2957/2958/3088 715/1854/1968
f 954/2939/3103 953/2937/3104 2945/2948/3078 2944/2946/3076
f 323/2976/638 2961/2961/3091 2956/2956/3086 324/2974/641
f 959/2975/3103 960/2977/3105 2963/2962/3092 2964/2964/3094
f 713/1850/1968 2947/2945/3075 2952/2953/3083 714/1852/1971
f 953/2937/3104 952/2933/3098 2946/2950/3080 2945/2948/3078
f 322/2970/632 2966/2966/3096 2961/2961/3091 323/2976/638
f 960/2977/3105 961/2971/3100 2962/2963/3093 2963/2962/3092
f 712/1845/1960 2942/2942/3072 2947/2945/3075 713/1850/1968
f 2967/2978/3106 2968/2979/3107 2973/2980/3108 2972/2981/3109
f 2968/2979/3107 2969/2982/3110 2974/2983/3111 2973/2980/3108
f 2969/2982/3110 2970/2984/3112 2975/2985/3113 2974/2983/3111
f 2970/2984/3112 2971/2986/3114 2976/2987/3115 2975/2985/3113
f 2972/2981/3109 2973/2980/3108 2978/2988/3116 2977/2989/3117
f 2973/2980/3108 2974/2983/3111 2979/2990/3118 2978/2988/3116
f 2974/2983/3111 2975/2985/3113 2980/2991/3119 2979/2990/3118
f 2975/2985/3113 2976/2987/3115 2981/2992/3120 2980/2991/3119
f 2977/2989/3117 2978/2988/3116 2983/2993/3121 2982/2994/3122
f 2978/2988/3116 2979/2990/3118 2984/2995/3123 2983/2993/3121
f 2979/2990/3118 2980/2991/3119 2985/2996/3124 2984/2995/3123
f 2980/2991/3119 2981/2992/3120 2986/2997/3125 2985/2996/3124
f 2982/2994/3122 2983/2993/3121 2988/2998/3126 2987/2999/3127
f 2983/2993/3121 2984/2995/3123 2989/3000/3128 2988/2998/3126
f 2984/2995/3123 2985/2996/3124 2990/3001/3129 2989/3000/3128
f 2985/2996/3124 2986/2997/3125 2991/3002/3130 2990/3001/3129
f 80/1846/2002 961/2971/3131 2967/2978/3106 722/1881/2000
f 341/3003/671 2971/2986/3114 957/2969/3132 16/2968/669
f 17/3004/669 962/3005/3133 2991/3002/3130 337/3006/677
f 726/1884/2000 2987/2999/3127 966/3007/3134 81/1882/2003
f 961/2971/3131 960/2977/3135 2968/2979/3107 2967/2978/3106
f 340/3008/685 2976/2987/3115 2971/2986/3114 341/3003/671
f 962/3005/3133 963/3009/3136 2990/3001/3129 2991/3002/3130
f 725/1890/2013 2982/2994/3122 2987/2999/3127 726/1884/2000
f 960/2977/3135 959/2975/3137 2969/2982/3110 2968/2979/3107
f 339/3010/685 2981/2992/3120 2976/2987/3115 340/3008/685
f 963/3009/3136 964/3011/3137 2989/3000/3128 2990/3001/3129
f 724/1888/2010 2977/2989/3117 2982/2994/3122 725/1890/2013
f 959/2975/3137 958/2973/3138 2970/2984/3112 2969/2982/3110
f 338/3012/682 2986/2997/3125 2981/2992/3120 339/3010/685
f 964/3011/3137 965/3013/3139 2988/2998/3126 2989/3000/3128
f 723/1886/2007 2972/2981/3109 2977/2989/3117 724/1888/2010
f 958/2973/3138 957/2969/3132 2971/2986/3114 2970/2984/3112
f 337/3006/677 2991/3002/3130 2986/2997/3125 338/3012/682
f 965/3013/3139 966/3007/3134 2987/2999/3127 2988/2998/3126
f 722/1881/2000 2967/2978/3106 2972/2981/3109 723/1886/2007
f 2992/3014/3140 2993/3015/3141 2998/3016/3142 2997/3017/3143
f 2993/3015/3141 2994/3018/3144 2999/3019/3145 2998/3016/3142
f 2994/3018/3144 2995/3020/3146 3000/3021/3147 2999/3019/3145
f 2995/3020/3146 2996/3022/3148 3001/3023/3149 3000/3021/3147
f 2997/3017/3143 2998/3016/3142 3003/3024/3150 3002/3025/3151
f 2998/3016/3142 2999/3019/3145 3004/3026/3152 3003/3024/3150
f 2999/3019/3145 3000/3021/3147 3005/3027/3153 3004/3026/3152
f 3000/3021/3147 3001/3023/3149 3006/3028/3154 3005/3027/3153
f 3002/3025/3151 3003/3024/3150 3008/3029/3155 3007/3030/3156
f 3003/3024/3150 3004/3026/3152 3009/3031/3157 3008/3029/3155
f 3004/3026/3152 3005/3027/3153 3010/3032/3158 3009/3031/3157
f 3005/3027/3153 3006/3028/3154 3011/3033/3159 3010/3032/3158
f 3007/3030/3156 3008/3029/3155 3013/3034/3160 3012/3035/3161
f 3008/3029/3155 3009/3031/3157 3014/3036/3162 3013/3034/3160
f 3009/3031/3157 3010/3032/3158 3015/3037/3163 3014/3036/3162
f 3010/3032/3158 3011/3033/3159 3016/3038/3164 3015/3037/3163
f 81/1882/2043 966/3007/3165 2992/3014/3140 732/1917/2041
f 356/3039/716 2996/3022/3148 962/3005/3166 17/3004/714
f 18/3040/725 967/3041/3167 3016/3038/3164 352/3042/723
f 736/1920/2046 3012/3035/3161 971/3043/3168 82/1918/2044
f 966/3007/3165 965/3013/3169 2993/3015/3141 2992/3014/3140
f 355/3044/737 3001/3023/3149 2996/3022/3148 356/3039/716
f 967/3041/3167 968/3045/3170 3015/3037/3163 3016/3038/3164
f 735/1926/2055 3007/3030/3156 3012/3035/3161 736/1920/2046
f 965/3013/3169 964/3011/3171 2994/3018/3144 2993/3015/3141
f 354/3046/733 3006/3028/3154 3001/3023/3149 355/3044/737
f 968/3045/3170 969/3047/3172 3014/3036/3162 3015/3037/3163
f 734/1924/2052 3002/3025/3151 3007/3030/3156 735/1926/2055
f 964/3011/3171 963/3009/3173 2995/3020/3146 2994/3018/3144
f 353/3048/729 3011/3033/3159 3006/3028/3154 354/3046/733
f 969/3047/3172 970/3049/3174 3013/3034/3160 3014/3036/3162
f 733/1922/2049 2997/3017/3143 3002/3025/3151 734/1924/2052
f 963/3009/3173 962/3005/3166 2996/3022/3148 2995/3020/3146
f 352/3042/723 3016/3038/3164 3011/3033/3159 353/3048/729
f 970/3049/3174 971/3043/3168 3012/3035/3161 3013/3034/3160
f 732/1917/2041 2992/3014/3140 2997/3017/3143 733/1922/2049
f 3017/3050/3175 3018/3051/3176 3023/3052/3177 3022/3053/3178
f 3018/3051/3176 3019/3054/3179 3024/3055/3180 3023/3052/3177
f 3019/3054/3179 3020/3056/3181 3025/3057/3182 3024/3055/3180
f 3020/3056/3181 3021/3058/3183 3026/3059/3184 3025/3057/3182
f 3022/3053/3178 3023/3052/3177 3028/3060/3185 3027/3061/3186
f 3023/3052/3177 3024/3055/3180 3029/3062/3187 3028/3060/3185
f 3024/3055/3180 3025/3057/3182 3030/3063/3188 3029/3062/3187
f 3025/3057/3182 3026/3059/3184 3031/3064/3189 3030/3063/3188
f 3027/3061/3186 3028/3060/3185 3033/3065/3190 3032/3066/3191
f 3028/3060/3185 3029/3062/3187 3034/3067/3192 3033/3065/3190
f 3029/3062/3187 3030/3063/3188 3035/3068/3193 3034/3067/3192
f 3030/3063/3188 3031/3064/3189 3036/3069/3194 3035/3068/3193
f 3032/3066/3191 3033/3065/3190 3038/3070/3195 3037/3071/3196
f 3033/3065/3190 3034/3067/3192 3039/3072/3197 3038/3070/3195
f 3034/3067/3192 3035/3068/3193 3040/3073/3198 3039/3072/3197
f 3035/3068/3193 3036/3069/3194 3041/3074/3199 3040/3073/3198
f 82/1918/2085 971/3043/3200 3017/3050/3175 742/1953/2083
f 371/3075/765 3021/3058/3183 967/3041/3201 18/3040/763
f 19/3076/774 972/3077/3202 3041/3074/3199 367/3078/772
f 746/1956/2088 3037/3071/3196 976/3079/3203 83/1954/2086
f 971/3043/3200 970/3049/3204 3018/3051/3176 3017/3050/3175
f 370/3080/786 3026/3059/3184 3021/3058/3183 371/3075/765
f 972/3077/3202 973/3081/3205 3040/3073/3198 3041/3074/3199
f 745/1962/2097 3032/3066/3191 3037/3071/3196 746/1956/2088
f 970/3049/3204 969/3047/3206 3019/3054/3179 3018/3051/3176
f 369/3082/782 3031/3064/3189 3026/3059/3184 370/3080/786
f 973/3081/3205 974/3083/3207 3039/3072/3197 3040/3073/3198
f 744/1960/2094 3027/3061/3186 3032/3066/3191 745/1962/2097
f 969/3047/3206 968/3045/3208 3020/3056/3181 3019/3054/3179
f 368/3084/778 3036/3069/3194 3031/3064/3189 369/3082/782
f 974/3083/3207 975/3085/3209 3038/3070/3195 3039/3072/3197
f 743/1958/2091 3022/3053/3178 3027/3061/3186 744/1960/2094
f 968/3045/3208 967/3041/3201 3021/3058/3183 3020/3056/3181
f 367/3078/772 3041/3074/3199 3036/3069/3194 368/3084/778
f 975/3085/3209 976/3079/3203 3037/3071/3196 3038/3070/3195
f 742/1953/2083 3017/3050/3175 3022/3053/3178 743/1958/2091
f 3042/3086/3210 3043/3087/3211 3048/3088/3212 3047/3089/3213
f 3043/3087/3211 3044/3090/3214 3049/3091/3215 3048/3088/3212
f 3044/3090/3214 3045/3092/3216 3050/3093/3217 3049/3091/3215
f 3045/3092/3216 3046/3094/3218 3051/3095/3219 3050/3093/3217
f 3047/3089/3213 3048/3088/3212 3053/3096/3220 3052/3097/3221
f 3048/3088/3212 3049/3091/3215 3054/3098/3222 3053/3096/3220
f 3049/3091/3215 3050/3093/3217 3055/3099/3223 3054/3098/3222
f 3050/3093/3217 3051/3095/3219 3056/3100/3224 3055/3099/3223
f 3052/3097/3221 3053/3096/3220 3058/3101/3225 3057/3102/3226
f 3053/3096/3220 3054/3098/3222 3059/3103/3227 3058/3101/3225
f 3054/3098/3222 3055/3099/3223 3060/3104/3228 3059/3103/3227
f 3055/3099/3223 3056/3100/3224 3061/3105/3229 3060/3104/3228
f 3057/3102/3226 3058/3101/3225 3063/3106/3230 3062/3107/3231
f 3058/3101/3225 3059/3103/3227 3064/3108/3232 3063/3106/3230
f 3059/3103/3227 3060/3104/3228 3065/3109/3233 3064/3108/3232
f 3060/3104/3228 3061/3105/3229 3066/3110/3234 3065/3109/3233
f 83/1954/2127 976/3079/3235 3042/3086/3210 752/1989/2125
f 386/3111/814 3046/3094/3218 972/3077/3236 19/3076/812
f 20/3112/823 977/3113/3237 3066/3110/3234 382/3114/821
f 756/1992/2130 3062/3107/3231 981/3115/3238 84/1990/2128
f 976/3079/3235 975/3085/3239 3043/3087/3211 3042/3086/3210
f 385/3116/835 3051/3095/3219 3046/3094/3218 386/3111/814
f 977/3113/3237 978/3117/3240 3065/3109/3233 3066/3110/3234
f 755/1998/2139 3057/3102/3226 3062/3107/3231 756/1992/2130
f 975/3085/3239 974/3083/3241 3044/3090/3214 3043/3087/3211
f 384/3118/831 3056/3100/3224 3051/3095/3219 385/3116/835
f 978/3117/3240 979/3119/3242 3064/3108/3232 3065/3109/3233
f 754/1996/2136 3052/3097/3221 3057/3102/3226 755/1998/2139
f 974/3083/3241 973/3081/3243 3045/3092/3216 3044/3090/3214
f 383/3120/827 3061/3105/3229 3056/3100/3224 384/3118/831
f 979/3119/3242 980/3121/3244 3063/3106/3230 3064/3108/3232
f 753/1994/2133 3047/3089/3213 3052/3097/3221 754/1996/2136
f 973/3081/3243 972/3077/3236 3046/3094/3218 3045/3092/3216
f 382/3114/821 3066/3110/3234 3061/3105/3229 383/3120/827
f 980/3121/3244 981/3115/3238 3062/3107/3231 3063/3106/3230
f 752/1989/2125 3042/3086/3210 3047/3089/3213 753/1994/2133
f 3067/3122/3245 3068/3123/3246 3073/3124/3247 3072/3125/3248
f 3068/3123/3246 3069/3126/3249 3074/3127/3250 3073/3124/3247
f 3069/3126/3249 3070/3128/3251 3075/3129/3252 3074/3127/3250
f 3070/3128/3251 3071/3130/3253 3076/3131/3254 3075/3129/3252
f 3072/3125/3248 3073/3124/3247 3078/3132/3255 3077/3133/3256
f 3073/3124/3247 3074/3127/3250 3079/3134/3257 3078/3132/3255
f 3074/3127/3250 3075/3129/3252 3080/3135/3258 3079/3134/3257
f 3075/3129/3252 3076/3131/3254 3081/3136/3259 3080/3135/3258
f 3077/3133/3256 3078/3132/3255 3083/3137/3260 3082/3138/3261
f 3078/3132/3255 3079/3134/3257 3084/3139/3262 3083/3137/3260
f 3079/3134/3257 3080/3135/3258 3085/3140/3263 3084/3139/3262
f 3080/3135/3258 3081/3136/3259 3086/3141/3264 3085/3140/3263
f 3082/3138/3261 3083/3137/3260 3088/3142/3265 3087/3143/3266
f 3083/3137/3260 3084/3139/3262 3089/3144/3267 3088/3142/3265
f 3084/3139/3262 3085/3140/3263 3090/3145/3268 3089/3144/3267
f 3085/3140/3263 3086/3141/3264 3091/3146/3269 3090/3145/3268
f 84/1990/2169 981/3115/3270 3067/3122/3245 762/2025/2167
f 401/3147/863 3071/3130/3253 977/3113/3271 20/3112/861
f 21/3148/872 982/3149/3272 3091/3146/3269 397/3150/870
f 766/2028/2172 3087/3143/3266 986/3151/3273 85/2026/2170
f 981/3115/3270 980/3121/3274 3068/3123/3246 3067/3122/3245
f 400/3152/884 3076/3131/3254 3071/3130/3253 401/3147/863
f 982/3149/3272 983/3153/3275 3090/3145/3268 3091/3146/3269
f 765/2034/2181 3082/3138/3261 3087/3143/3266 766/2028/2172
f 980/3121/3274 979/3119/3276 3069/3126/3249 3068/3123/3246
f 399/3154/880 3081/3136/3259 3076/3131/3254 400/3152/884
f 983/3153/3275 984/3155/3277 3089/3144/3267 3090/3145/3268
f 764/2032/2178 3077/3133/3256 3082/3138/3261 765/2034/2181
f 979/3119/3276 978/3117/3278 3070/3128/3251 3069/3126/3249
f 398/3156/876 3086/3141/3264 3081/3136/3259 399/3154/880
f 984/3155/3277 985/3157/3279 3088/3142/3265 3089/3144/3267
f 763/2030/2175 3072/3125/3248 3077/3133/3256 764/2032/2178
f 978/3117/3278 977/3113/3271 3071/3130/3253 3070/3128/3251
f 397/3150/870 3091/3146/3269 3086/3141/3264 398/3156/876
f 985/3157/3279 986/3151/3273 3087/3143/3266 3088/3142/3265
f 762/2025/2167 3067/3122/3245 3072/3125/3248 763/2030/2175
f 3092/3158/3280 3093/3159/3281 3098/3160/3282 3097/3161/3283
f 3093/3159/3281 3094/3162/3284 3099/3163/3285 3098/3160/3282
f 3094/3162/3284 3095/3164/3286 3100/3165/3287 3099/3163/3285
f 3095/3164/3286 3096/3166/3288 3101/3167/3289 3100/3165/3287
f 3097/3161/3283 3098/3160/3282 3103/3168/3290 3102/3169/3291
f 3098/3160/3282 3099/3163/3285 3104/3170/3292 3103/3168/3290
f 3099/3163/3285 3100/3165/3287 3105/3171/3293 3104/3170/3292
f 3100/3165/3287 3101/3167/3289 3106/3172/3294 3105/3171/3293
f 3102/3169/3291 3103/3168/3290 3108/3173/3295 3107/3174/3296
f 3103/3168/3290 3104/3170/3292 3109/3175/3297 3108/3173/3295
f 3104/3170/3292 3105/3171/3293 3110/3176/3298 3109/3175/3297
f 3105/3171/3293 3106/3172/3294 3111/3177/3299 3110/3176/3298
f 3107/3174/3296 3108/3173/3295 3113/3178/3300 3112/3179/3301
f 3108/3173/3295 3109/3175/3297 3114/3180/3302 3113/3178/3300
f 3109/3175/3297 3110/3176/3298 3115/3181/3303 3114/3180/3302
f 3110/3176/3298 3111/3177/3299 3116/3182/3304 3115/3181/3303
f 85/2026/2211 986/3151/3305 3092/3158/3280 772/2061/2209
f 416/3183/912 3096/3166/3288 982/3149/3306 21/3148/910
f 22/3184/921 987/3185/3307 3116/3182/3304 412/3186/919
f 776/2064/2214 3112/3179/3301 991/3187/3308 86/2062/2212
f 986/3151/3305 985/3157/3309 3093/3159/3281 3092/3158/3280
f 415/3188/933 3101/3167/3289 3096/3166/3288 416/3183/912
f 987/3185/3307 988/3189/3310 3115/3181/3303 3116/3182/3304
f 775/2070/2223 3107/3174/3296 3112/3179/3301 776/2064/2214
f 985/3157/3309 984/3155/3311 3094/3162/3284 3093/3159/3281
f 414/3190/929 3106/3172/3294 3101/3167/3289 415/3188/933
f 988/3189/3310 989/3191/3312 3114/3180/3302 3115/3181/3303
f 774/2068/2220 3102/3169/3291 3107/3174/3296 775/2070/2223
f 984/3155/3311 983/3153/3313 3095/3164/3286 3094/3162/3284
f 413/3192/925 3111/3177/3299 3106/3172/3294 414/3190/929
f 989/3191/3312 990/3193/3314 3113/3178/3300 3114/3180/3302
f 773/2066/2217 3097/3161/3283 3102/3169/3291 774/2068/2220
f 983/3153/3313 982/3149/3306 3096/3166/3288 3095/3164/3286
f 412/3186/919 3116/3182/3304 3111/3177/3299 413/3192/925
f 990/3193/3314 991/3187/3308 3112/3179/3301 3113/3178/3300
f 772/2061/2209 3092/3158/3280 3097/3161/3283 773/2066/2217
f 3117/3194/3315 3118/3195/3316 3123/3196/3317 3122/3197/3318
f 3118/3195/3316 3119/3198/3319 3124/3199/3320 3123/3196/3317
f 3119/3198/3319 3120/3200/3321 3125/3201/3322 3124/3199/3320
f 3120/3200/3321 3121/3202/3323 3126/3203/3324 3125/3201/3322
f 3122/3197/3318 3123/3196/3317 3128/3204/3325 3127/3205/3326
f 3123/3196/3317 3124/3199/3320 3129/3206/3327 3128/3204/3325
f 3124/3199/3320 3125/3201/3322 3130/3207/3328 3129/3206/3327
f 3125/3201/3322 3126/3203/3324 3131/3208/3329 3130/3207/3328
f 3127/3205/3326 3128/3204/3325 3133/3209/3330 3132/3210/3331
f 3128/3204/3325 3129/3206/3327 3134/3211/3332 3133/3209/3330
f 3129/3206/3327 3130/3207/3328 3135/3212/3333 3134/3211/3332
f 3130/3207/3328 3131/3208/3329 3136/3213/3334 3135/3212/3333
f 3132/3210/3331 3133/3209/3330 3138/3214/3335 3137/3215/3336
f 3133/3209/3330 3134/3211/3332 3139/3216/3337 3138/3214/3335
f 3134/3211/3332 3135/3212/3333 3140/3217/3338 3139/3216/3337
f 3135/3212/3333 3136/3213/3334 3141/3218/3339 3140/3217/3338
f 86/2062/2253 991/3187/3340 3117/3194/3315 782/2097/2251
f 431/3219/961 3121/3202/3323 987/3185/3341 22/3184/959
f 23/3220/970 992/3221/3342 3141/3218/3339 427/3222/968
f 786/2100/2256 3137/3215/3336 996/3223/3343 87/2098/2254
f 991/3187/3340 990/3193/3344 3118/3195/3316 3117/3194/3315
f 430/3224/982 3126/3203/3324 3121/3202/3323 431/3219/961
f 992/3221/3342 993/3225/3345 3140/3217/3338 3141/3218/3339
f 785/2106/2265 3132/3210/3331 3137/3215/3336 786/2100/2256
f 990/3193/3344 989/3191/3346 3119/3198/3319 3118/3195/3316
f 429/3226/978 3131/3208/3329 3126/3203/3324 430/3224/982
f 993/3225/3345 994/3227/3347 3139/3216/3337 3140/3217/3338
f 784/2104/2262 3127/3205/3326 3132/3210/3331 785/2106/2265
f 989/3191/3346 988/3189/3348 3120/3200/3321 3119/3198/3319
f 428/3228/974 3136/3213/3334 3131/3208/3329 429/3226/978
f 994/3227/3347 995/3229/3349 3138/3214/3335 3139/3216/3337
f 783/2102/2259 3122/3197/3318 3127/3205/3326 784/2104/2262
f 988/3189/3348 987/3185/3341 3121/3202/3323 3120/3200/3321
f 427/3222/968 3141/3218/3339 3136/3213/3334 428/3228/974
f 995/3229/3349 996/3223/3343 3137/3215/3336 3138/3214/3335
f 782/2097/2251 3117/3194/3315 3122/3197/3318 783/2102/2259
f 3142/3230/3350 3143/3231/3351 3148/3232/3352 3147/3233/3353
f 3143/3231/3351 3144/3234/3354 3149/3235/3355 3148/3232/3352
f 3144/3234/3354 3145/3236/3356 3150/3237/3357 3149/3235/3355
f 3145/3236/3356 3146/3238/3358 3151/3239/3359 3150/3237/3357
f 3147/3233/3353 3148/3232/3352 3153/3240/3360 3152/3241/3361
f 3148/3232/3352 3149/3235/3355 3154/3242/3362 3153/3240/3360
f 3149/3235/3355 3150/3237/3357 3155/3243/3363 3154/3242/3362
f 3150/3237/3357 3151/3239/3359 3156/3244/3364 3155/3243/3363
f 3152/3241/3361 3153/3240/3360 3158/3245/3365 3157/3246/3366
f 3153/3240/3360 3154/3242/3362 3159/3247/3367 3158/3245/3365
f 3154/3242/3362 3155/3243/3363 3160/3248/3368 3159/3247/3367
f 3155/3243/3363 3156/3244/3364 3161/3249/3369 3160/3248/3368
f 3157/3246/3366 3158/3245/3365 3163/3250/3370 3162/3251/3371
f 3158/3245/3365 3159/3247/3367 3164/3252/3372 3163/3250/3370
f 3159/3247/3367 3160/3248/3368 3165/3253/3373 3164/3252/3372
f 3160/3248/3368 3161/3249/3369 3166/3254/3374 3165/3253/3373
f 87/2098/2295 996/3223/3375 3142/3230/3350 792/2133/2293
f 446/3255/1010 3146/3238/3358 992/3221/3376 23/3220/1008
f 24/3256/1019 997/3257/3377 3166/3254/3374 442/3258/1017
f 796/2136/2298 3162/3251/3371 1001/3259/3378 88/2134/2296
f 996/3223/3375 995/3229/3379 3143/3231/3351 3142/3230/3350
f 445/3260/1031 3151/3239/3359 3146/3238/3358 446/3255/1010
f 997/3257/3377 998/3261/3380 3165/3253/3373 3166/3254/3374
f 795/2142/2307 3157/3246/3366 3162/3251/3371 796/2136/2298
f 995/3229/3379 994/3227/3381 3144/3234/3354 3143/3231/3351
f 444/3262/1027 3156/3244/3364 3151/3239/3359 445/3260/1031
f 998/3261/3380 999/3263/3382 3164/3252/3372 3165/3253/3373
f 794/2140/2304 3152/3241/3361 3157/3246/3366 795/2142/2307
f 994/3227/3381 993/3225/3383 3145/3236/3356 3144/3234/3354
f 443/3264/1023 3161/3249/3369 3156/3244/3364 444/3262/1027
f 999/3263/3382 1000/3265/3384 3163/3250/3370 3164/3252/3372
f 793/2138/2301 3147/3233/3353 3152/3241/3361 794/2140/2304
f 993/3225/3383 992/3221/3376 3146/3238/3358 3145/3236/3356
f 442/3258/1017 3166/3254/3374 3161/3249/3369 443/3264/1023
f 1000/3265/3384 1001/3259/3378 3162/3251/3371 3163/3250/3370
f 792/2133/2293 3142/3230/3350 3147/3233/3353 793/2138/2301
f 3167/3266/3385 3168/3267/3386 3173/3268/3387 3172/3269/3388
f 3168/3267/3386 3169/3270/3389 3174/3271/3390 3173/3268/3387
f 3169/3270/3389 3170/3272/3391 3175/3273/3392 3174/3271/3390
f 3170/3272/3391 3171/3274/3393 3176/3275/3394 3175/3273/3392
f 3172/3269/3388 3173/3268/3387 3178/3276/3395 3177/3277/3396
f 3173/3268/3387 3174/3271/3390 3179/3278/3397 3178/3276/3395
f 3174/3271/3390 3175/3273/3392 3180/3279/3398 3179/3278/3397
f 3175/3273/3392 3176/3275/3394 3181/3280/3399 3180/3279/3398
f 3177/3277/3396 3178/3276/3395 3183/3281/3400 3182/3282/3401
f 3178/3276/3395 3179/3278/3397 3184/3283/3402 3183/3281/3400
f 3179/3278/3397 3180/3279/3398 3185/3284/3403 3184/3283/3402
f 3180/3279/3398 3181/3280/3399 3186/3285/3404 3185/3284/3403
f 3182/3282/3401 3183/3281/3400 3188/3286/3405 3187/3287/3406
f 3183/3281/3400 3184/3283/3402 3189/3288/3407 3188/3286/3405
f 3184/3283/3402 3185/3284/3403 3190/3289/3408 3189/3288/3407
f 3185/3284/3403 3186/3285/3404 3191/3290/3409 3190/3289/3408
f 88/2134/2337 1001/3259/3410 3167/3266/3385 802/2169/2335
f 461/3291/1059 3171/3274/3393 997/3257/3411 24/3256/1057
f 25/3292/1068 1002/3293/3412 3191/3290/3409 457/3294/1066
f 806/2172/2340 3187/3287/3406 1006/3295/3413 89/2170/2338
f 1001/3259/3410 1000/3265/3414 3168/3267/3386 3167/3266/3385
f 460/3296/1080 3176/3275/3394 3171/3274/3393 461/3291/1059
f 1002/3293/3412 1003/3297/3415 3190/3289/3408 3191/3290/3409
f 805/2178/2349 3182/3282/3401 3187/3287/3406 806/2172/2340
f 1000/3265/3414 999/3263/3416 3169/3270/3389 3168/3267/3386
f 459/3298/1076 3181/3280/3399 3176/3275/3394 460/3296/1080
f 1003/3297/3415 1004/3299/3417 3189/3288/3407 3190/3289/3408
f 804/2176/2346 3177/3277/3396 3182/3282/3401 805/2178/2349
f 999/3263/3416 998/3261/3418 3170/3272/3391 3169/3270/3389
f 458/3300/1072 3186/3285/3404 3181/3280/3399 459/3298/1076
f 1004/3299/3417 1005/3301/3419 3188/3286/3405 3189/3288/3407
f 803/2174/2343 3172/3269/3388 3177/3277/3396 804/2176/2346
f 998/3261/3418 997/3257/3411 3171/3274/3393 3170/3272/3391
f 457/3294/1066 3191/3290/3409 3186/3285/3404 458/3300/1072
f 1005/3301/3419 1006/3295/3413 3187/3287/3406 3188/3286/3405
f 802/2169/2335 3167/3266/3385 3172/3269/3388 803/2174/2343
f 3192/3302/3420 3193/3303/3421 3198/3304/3422 3197/3305/3423
f 3193/3303/3421 3194/3306/3424 3199/3307/3425 3198/3304/3422
f 3194/3306/3424 3195/3308/3426 3200/3309/3427 3199/3307/3425
f 3195/3308/3426 3196/3310/3428 3201/3311/3429 3200/3309/3427
f 3197/3305/3423 3198/3304/3422 3203/3312/3430 3202/3313/3431
f 3198/3304/3422 3199/3307/3425 3204/3314/3432 3203/3312/3430
f 3199/3307/3425 3200/3309/3427 3205/3315/3433 3204/3314/3432
f 3200/3309/3427 3201/3311/3429 3206/3316/3434 3205/3315/3433
f 3202/3313/3431 3203/3312/3430 3208/3317/3435 3207/3318/3436
f 3203/3312/3430 3204/3314/3432 3209/3319/3437 3208/3317/3435
f 3204/3314/3432 3205/3315/3433 3210/3320/3438 3209/3319/3437
f 3205/3315/3433 3206/3316/3434 3211/3321/3439 3210/3320/3438
f 3207/3318/3436 3208/3317/3435 3213/3322/3440 3212/3323/3441
f 3208/3317/3435 3209/3319/3437 3214/3324/3442 3213/3322/3440
f 3209/3319/3437 3210/3320/3438 3215/3325/3443 3214/3324/3442
f 3210/3320/3438 3211/3321/3439 3216/3326/3444 3215/3325/3443
f 89/2170/2379 1006/3295/3445 3192/3302/3420 812/2205/2377
f 476/3327/1108 3196/3310/3428 1002/3293/3446 25/3292/1106
f 26/3328/1117 1007/3329/3447 3216/3326/3444 472/3330/1115
f 816/2208/2382 3212/3323/3441 1011/3331/3448 90/2206/2380
f 1006/3295/3445 1005/3301/3449 3193/3303/3421 3192/3302/3420
f 475/3332/1129 3201/3311/3429 3196/3310/3428 476/3327/1108
f 1007/3329/3447 1008/3333/3450 3215/3325/3443 3216/3326/3444
f 815/2214/2391 3207/3318/3436 3212/3323/3441 816/2208/2382
f 1005/3301/3449 1004/3299/3451 3194/3306/3424 3193/3303/3421
f 474/3334/1125 3206/3316/3434 3201/3311/3429 475/3332/1129
f 1008/3333/3450 1009/3335/3452 3214/3324/3442 3215/3325/3443
f 814/2212/2388 3202/3313/3431 3207/3318/3436 815/2214/2391
f 1004/3299/3451 1003/3297/3453 3195/3308/3426 3194/3306/3424
f 473/3336/1121 3211/3321/3439 3206/3316/3434 474/3334/1125
f 1009/3335/3452 1010/3337/3454 3213/3322/3440 3214/3324/3442
f 813/2210/2385 3197/3305/3423 3202/3313/3431 814/2212/2388
f 1003/3297/3453 1002/3293/3446 3196/3310/3428 3195/3308/3426
f 472/3330/1115 3216/3326/3444 3211/3321/3439 473/3336/1121
f 1010/3337/3454 1011/3331/3448 3212/3323/3441 3213/3322/3440
f 812/2205/2377 3192/3302/3420 3197/3305/3423 813/2210/2385
f 3217/3338/3455 3218/3339/3456 3223/3340/3457 3222/3341/3458
f 3218/3339/3456 3219/3342/3459 3224/3343/3460 3223/3340/3457
f 3219/3342/3459 3220/3344/3461 3225/3345/3462 3224/3343/3460
f 3220/3344/3461 3221/3346/3463 3226/3347/3464 3225/3345/3462
f 3222/3341/3458 3223/3340/3457 3228/3348/3465 3227/3349/3466
f 3223/3340/3457 3224/3343/3460 3229/3350/3467 3228/3348/3465
f 3224/3343/3460 3225/3345/3462 3230/3351/3468 3229/3350/3467
f 3225/3345/3462 3226/3347/3464 3231/3352/3469 3230/3351/3468
f 3227/3349/3466 3228/3348/3465 3233/3353/3470 3232/3354/3471
f 3228/3348/3465 3229/3350/3467 3234/3355/3472 3233/3353/3470
f 3229/3350/3467 3230/3351/3468 3235/3356/3473 3234/3355/3472
f 3230/3351/3468 3231/3352/3469 3236/3357/3474 3235/3356/3473
f 3232/3354/3471 3233/3353/3470 3238/3358/3475 3237/3359/3476
f 3233/3353/3470 3234/3355/3472 3239/3360/3477 3238/3358/3475
f 3234/3355/3472 3235/3356/3473 3240/3361/3478 3239/3360/3477
f 3235/3356/3473 3236/3357/3474 3241/3362/3479 3240/3361/3478
f 90/2206/2421 1011/3331/3480 3217/3338/3455 822/2241/2419
f 491/3363/1157 3221/3346/3463 1007/3329/3481 26/3328/1155
f 27/3364/1166 1012/3365/3482 3241/3362/3479 487/3366/1164
f 826/2244/2424 3237/3359/3476 1016/3367/3483 91/2242/2422
f 1011/3331/3480 1010/3337/3484 3218/3339/3456 3217/3338/3455
f 490/3368/1178 3226/3347/3464 3221/3346/3463 491/3363/1157
f 1012/3365/3482 1013/3369/3485 3240/3361/3478 3241/3362/3479
f 825/2250/2433 3232/3354/3471 3237/3359/3476 826/2244/2424
f 1010/3337/3484 1009/3335/3486 3219/3342/3459 3218/3339/3456
f 489/3370/1174 3231/3352/3469 3226/3347/3464 490/3368/1178
f 1013/3369/3485 1014/3371/3487 3239/3360/3477 3240/3361/3478
f 824/2248/2430 3227/3349/3466 3232/3354/3471 825/2250/2433
f 1009/3335/3486 1008/3333/3488 3220/3344/3461 3219/3342/3459
f 488/3372/1170 3236/3357/3474 3231/3352/3469 489/3370/1174
f 1014/3371/3487 1015/3373/3489 3238/3358/3475 3239/3360/3477
f 823/2246/2427 3222/3341/3458 3227/3349/3466 824/2248/2430
f 1008/3333/3488 1007/3329/3481 3221/3346/3463 3220/3344/3461
f 487/3366/1164 3241/3362/3479 3236/3357/3474 488/3372/1170
f 1015/3373/3489 1016/3367/3483 3237/3359/3476 3238/3358/3475
f 822/2241/2419 3217/3338/3455 3222/3341/3458 823/2246/2427
f 3242/3374/3490 3243/3375/3491 3248/3376/3492 3247/3377/3493
f 3243/3375/3491 3244/3378/3494 3249/3379/3495 3248/3376/3492
f 3244/3378/3494 3245/3380/3496 3250/3381/3497 3249/3379/3495
f 3245/3380/3496 3246/3382/3498 3251/3383/3499 3250/3381/3497
f 3247/3377/3493 3248/3376/3492 3253/3384/3500 3252/3385/3501
f 3248/3376/3492 3249/3379/3495 3254/3386/3502 3253/3384/3500
f 3249/3379/3495 3250/3381/3497 3255/3387/3503 3254/3386/3502
f 3250/3381/3497 3251/3383/3499 3256/3388/3504 3255/3387/3503
f 3252/3385/3501 3253/3384/3500 3258/3389/3505 3257/3390/3506
f 3253/3384/3500 3254/3386/3502 3259/3391/3507 3258/3389/3505
f 3254/3386/3502 3255/3387/3503 3260/3392/3508 3259/3391/3507
f 3255/3387/3503 3256/3388/3504 3261/3393/3509 3260/3392/3508
f 3257/3390/3506 3258/3389/3505 3263/3394/3510 3262/3395/3511
f 3258/3389/3505 3259/3391/3507 3264/3396/3512 3263/3394/3510
f 3259/3391/3507 3260/3392/3508 3265/3397/3513 3264/3396/3512
f 3260/3392/3508 3261/3393/3509 3266/3398/3514 3265/3397/3513
f 91/2242/2463 1016/3367/3515 3242/3374/3490 832/2277/2461
f 506/3399/1206 3246/3382/3498 1012/3365/3516 27/3364/1204
f 28/3400/1215 1017/3401/3517 3266/3398/3514 502/3402/1213
f 836/2280/2466 3262/3395/3511 1021/3403/3518 92/2278/2464
f 1016/3367/3515 1015/3373/3519 3243/3375/3491 3242/3374/3490
f 505/3404/1227 3251/3383/3499 3246/3382/3498 506/3399/1206
f 1017/3401/3517 1018/3405/3520 3265/3397/3513 3266/3398/3514
f 835/2286/2475 3257/3390/3506 3262/3395/3511 836/2280/2466
f 1015/3373/3519 1014/3371/3521 3244/3378/3494 3243/3375/3491
f 504/3406/1223 3256/3388/3504 3251/3383/3499 505/3404/1227
f 1018/3405/3520 1019/3407/3522 3264/3396/3512 3265/3397/3513
f 834/2284/2472 3252/3385/3501 3257/3390/3506 835/2286/2475
f 1014/3371/3521 1013/3369/3523 3245/3380/3496 3244/3378/3494
f 503/3408/1219 3261/3393/3509 3256/3388/3504 504/3406/1223
f 1019/3407/3522 1020/3409/3524 3263/3394/3510 3264/3396/3512
f 833/2282/2469 3247/3377/3493 3252/3385/3501 834/2284/2472
f 1013/3369/3523 1012/3365/3516 3246/3382/3498 3245/3380/3496
f 502/3402/1213 3266/3398/3514 3261/3393/3509 503/3408/1219
f 1020/3409/3524 1021/3403/3518 3262/3395/3511 3263/3394/3510
f 832/2277/2461 3242/3374/3490 3247/3377/3493 833/2282/2469
f 3267/3410/3525 3268/3411/3526 3273/3412/3527 3272/3413/3528
f 3268/3411/3526 3269/3414/3529 3274/3415/3530 3273/3412/3527
f 3269/3414/3529 3270/3416/3531 3275/3417/3532 3274/3415/3530
f 3270/3416/3531 3271/3418/3533 3276/3419/3534 3275/3417/3532
f 3272/3413/3528 3273/3412/3527 3278/3420/3535 3277/3421/3536
f 3273/3412/3527 3274/3415/3530 3279/3422/3537 3278/3420/3535
f 3274/3415/3530 3275/3417/3532 3280/3423/3538 3279/3422/3537
f 3275/3417/3532 3276/3419/3534 3281/3424/3539 3280/3423/3538
f 3277/3421/3536 3278/3420/3535 3283/3425/3540 3282/3426/3541
f 3278/3420/3535 3279/3422/3537 3284/3427/3542 3283/3425/3540
f 3279/3422/3537 3280/3423/3538 3285/3428/3543 3284/3427/3542
f 3280/3423/3538 3281/3424/3539 3286/3429/3544 3285/3428/3543
f 3282/3426/3541 3283/3425/3540 3288/3430/3545 3287/3431/3546
f 3283/3425/3540 3284/3427/3542 3289/3432/3547 3288/3430/3545
f 3284/3427/3542 3285/3428/3543 3290/3433/3548 3289/3432/3547
f 3285/3428/3543 3286/3429/3544 3291/3434/3549 3290/3433/3548
f 92/2278/2505 1021/3403/3550 3267/3410/3525 842/2313/2503
f 521/3435/1255 3271/3418/3533 1017/3401/3551 28/3400/1253
f 29/3436/1264 1022/3437/3552 3291/3434/3549 517/3438/1262
f 846/2316/2508 3287/3431/3546 1026/3439/3553 93/2314/2506
f 1021/3403/3550 1020/3409/3554 3268/3411/3526 3267/3410/3525
f 520/3440/1276 3276/3419/3534 3271/3418/3533 521/3435/1255
f 1022/3437/3552 1023/3441/3555 3290/3433/3548 3291/3434/3549
f 845/2322/2517 3282/3426/3541 3287/3431/3546 846/2316/2508
f 1020/3409/3554 1019/3407/3556 3269/3414/3529 3268/3411/3526
f 519/3442/1272 3281/3424/3539 3276/3419/3534 520/3440/1276
f 1023/3441/3555 1024/3443/3557 3289/3432/3547 3290/3433/3548
f 844/2320/2514 3277/3421/3536 3282/3426/3541 845/2322/2517
f 1019/3407/3556 1018/3405/3558 3270/3416/3531 3269/3414/3529
f 518/3444/1268 3286/3429/3544 3281/3424/3539 519/3442/1272
f 1024/3443/3557 1025/3445/3559 3288/3430/3545 3289/3432/3547
f 843/2318/2511 3272/3413/3528 3277/3421/3536 844/2320/2514
f 1018/3405/3558 1017/3401/3551 3271/3418/3533 3270/3416/3531
f 517/3438/1262 3291/3434/3549 3286/3429/3544 518/3444/1268
f 1025/3445/3559 1026/3439/3553 3287/3431/3546 3288/3430/3545
f 842/2313/2503 3267/3410/3525 3272/3413/3528 843/2318/2511
f 3292/3446/3560 3293/3447/3561 3298/3448/3562 3297/3449/3563
f 3293/3447/3561 3294/3450/3564 3299/3451/3565 3298/3448/3562
f 3294/3450/3564 3295/3452/3566 3300/3453/3567 3299/3451/3565
f 3295/3452/3566 3296/3454/3568 3301/3455/3569 3300/3453/3567
f 3297/3449/3563 3298/3448/3562 3303/3456/3570 3302/3457/3571
f 3298/3448/3562 3299/3451/3565 3304/3458/3572 3303/3456/3570
f 3299/3451/3565 3300/3453/3567 3305/3459/3573 3304/3458/3572
f 3300/3453/3567 3301/3455/3569 3306/3460/3574 3305/3459/3573
f 3302/3457/3571 3303/3456/3570 3308/3461/3575 3307/3462/3576
f 3303/3456/3570 3304/3458/3572 3309/3463/3577 3308/3461/3575
f 3304/3458/3572 3305/3459/3573 3310/3464/3578 3309/3463/3577
f 3305/3459/3573 3306/3460/3574 3311/3465/3579 3310/3464/3578
f 3307/3462/3576 3308/3461/3575 3313/3466/3580 3312/3467/3581
f 3308/3461/3575 3309/3463/3577 3314/3468/3582 3313/3466/3580
f 3309/3463/3577 3310/3464/3578 3315/3469/3583 3314/3468/3582
f 3310/3464/3578 3311/3465/3579 3316/3470/3584 3315/3469/3583
f 93/2314/2547 1026/3439/3585 3292/3446/3560 852/2349/2545
f 536/3471/1304 3296/3454/3568 1022/3437/3586 29/3436/1302
f 30/3472/1313 1027/3473/3587 3316/3470/3584 532/3474/1311
f 856/2352/2550 3312/3467/3581 1031/3475/3588 94/2350/2548
f 1026/3439/3585 1025/3445/3589 3293/3447/3561 3292/3446/3560
f 535/3476/1325 3301/3455/3569 3296/3454/3568 536/3471/1304
f 1027/3473/3587 1028/3477/3590 3315/3469/3583 3316/3470/3584
f 855/2358/2559 3307/3462/3576 3312/3467/3581 856/2352/2550
f 1025/3445/3589 1024/3443/3591 3294/3450/3564 3293/3447/3561
f 534/3478/1321 3306/3460/3574 3301/3455/3569 535/3476/1325
f 1028/3477/3590 1029/3479/3592 3314/3468/3582 3315/3469/3583
f 854/2356/2556 3302/3457/3571 3307/3462/3576 855/2358/2559
f 1024/3443/3591 1023/3441/3593 3295/3452/3566 3294/3450/3564
f 533/3480/1317 3311/3465/3579 3306/3460/3574 534/3478/1321
f 1029/3479/3592 1030/3481/3594 3313/3466/3580 3314/3468/3582
f 853/2354/2553 3297/3449/3563 3302/3457/3571 854/2356/2556
f 1023/3441/3593 1022/3437/3586 3296/3454/3568 3295/3452/3566
f 532/3474/1311 3316/3470/3584 3311/3465/3579 533/3480/1317
f 1030/3481/3594 1031/3475/3588 3312/3467/3581 3313/3466/3580
f 852/2349/2545 3292/3446/3560 3297/3449/3563 853/2354/2553
f 3317/3482/3595 3318/3483/3596 3323/3484/3597 3322/3485/3598
f 3318/3483/3596 3319/3486/3599 3324/3487/3600 3323/3484/3597
f 3319/3486/3599 3320/3488/3601 3325/3489/3602 3324/3487/3600
f 3320/3488/3601 3321/3490/3603 3326/3491/3604 3325/3489/3602
f 3322/3485/3598 3323/3484/3597 3328/3492/3605 3327/3493/3606
f 3323/3484/3597 3324/3487/3600 3329/3494/3607 3328/3492/3605
f 3324/3487/3600 3325/3489/3602 3330/3495/3608 3329/3494/3607
f 3325/3489/3602 3326/3491/3604 3331/3496/3609 3330/3495/3608
f 3327/3493/3606 3328/3492/3605 3333/3497/3610 3332/3498/3611
f 3328/3492/3605 3329/3494/3607 3334/3499/3612 3333/3497/3610
f 3329/3494/3607 3330/3495/3608 3335/3500/3613 3334/3499/3612
f 3330/3495/3608 3331/3496/3609 3336/3501/3614 3335/3500/3613
f 3332/3498/3611 3333/3497/3610 3338/3502/3615 3337/3503/3616
f 3333/3497/3610 3334/3499/3612 3339/3504/3617 3338/3502/3615
f 3334/3499/3612 3335/3500/3613 3340/3505/3618 3339/3504/3617
f 3335/3500/3613 3336/3501/3614 3341/3506/3619 3340/3505/3618
f 94/2350/2589 1031/3475/3620 3317/3482/3595 862/2385/2587
f 551/3507/1353 3321/3490/3603 1027/3473/3621 30/3472/1351
f 31/3508/1362 1032/3509/3622 3341/3506/3619 547/3510/1360
f 866/2388/2592 3337/3503/3616 1036/3511/3623 95/2386/2590
f 1031/3475/3620 1030/3481/3624 3318/3483/3596 3317/3482/3595
f 550/3512/1374 3326/3491/3604 3321/3490/3603 551/3507/1353
f 1032/3509/3622 1033/3513/3625 3340/3505/3618 3341/3506/3619
f 865/2394/2601 3332/3498/3611 3337/3503/3616 866/2388/2592
f 1030/3481/3624 1029/3479/3626 3319/3486/3599 3318/3483/3596
f 549/3514/1370 3331/3496/3609 3326/3491/3604 550/3512/1374
f 1033/3513/3625 1034/3515/3627 3339/3504/3617 3340/3505/3618
f 864/2392/2598 3327/3493/3606 3332/3498/3611 865/2394/2601
f 1029/3479/3626 1028/3477/3628 3320/3488/3601 3319/3486/3599
f 548/3516/1366 3336/3501/3614 3331/3496/3609 549/3514/1370
f 1034/3515/3627 1035/3517/3629 3338/3502/3615 3339/3504/3617
f 863/2390/2595 3322/3485/3598 3327/3493/3606 864/2392/2598
f 1028/3477/3628 1027/3473/3621 3321/3490/3603 3320/3488/3601
f 547/3510/1360 3341/3506/3619 3336/3501/3614 548/3516/1366
f 1035/3517/3629 1036/3511/3623 3337/3503/3616 3338/3502/3615
f 862/2385/2587 3317/3482/3595 3322/3485/3598 863/2390/2595
f 3342/3518/3630 3343/3519/3631 3348/3520/3632 3347/3521/3633
f 3343/3519/3631 3344/3522/3634 3349/3523/3635 3348/3520/3632
f 3344/3522/3634 3345/3524/3636 3350/3525/3637 3349/3523/3635
f 3345/3524/3636 3346/3526/3638 3351/3527/3639 3350/3525/3637
f 3347/3521/3633 3348/3520/3632 3353/3528/3640 3352/3529/3641
f 3348/3520/3632 3349/3523/3635 3354/3530/3642 3353/3528/3640
f 3349/3523/3635 3350/3525/3637 3355/3531/3643 3354/3530/3642
f 3350/3525/3637 3351/3527/3639 3356/3532/3644 3355/3531/3643
f 3352/3529/3641 3353/3528/3640 3358/3533/3645 3357/3534/3646
f 3353/3528/3640 3354/3530/3642 3359/3535/3647 3358/3533/3645
f 3354/3530/3642 3355/3531/3643 3360/3536/3648 3359/3535/3647
f 3355/3531/3643 3356/3532/3644 3361/3537/3649 3360/3536/3648
f 3357/3534/3646 3358/3533/3645 3363/3538/3650 3362/3539/3651
f 3358/3533/3645 3359/3535/3647 3364/3540/3652 3363/3538/3650
f 3359/3535/3647 3360/3536/3648 3365/3541/3653 3364/3540/3652
f 3360/3536/3648 3361/3537/3649 3366/3542/3654 3365/3541/3653
f 95/2386/2631 1036/3511/3655 3342/3518/3630 872/2421/2629
f 566/3543/1402 3346/3526/3638 1032/3509/3656 31/3508/1400
f 32/3544/1411 1037/3545/3657 3366/3542/3654 562/3546/1409
f 876/2424/2634 3362/3539/3651 1041/3547/3658 96/2422/2632
f 1036/3511/3655 1035/3517/3659 3343/3519/3631 3342/3518/3630
f 565/3548/1422 3351/3527/3639 3346/3526/3638 566/3543/1402
f 1037/3545/3657 1038/3549/3660 3365/3541/3653 3366/3542/3654
f 875/2430/2642 3357/3534/3646 3362/3539/3651 876/2424/2634
f 1035/3517/3659 1034/3515/2659 3344/3522/3634 3343/3519/3631
f 564/3550/1418 3356/3532/3644 3351/3527/3639 565/3548/1422
f 1038/3549/3660 1039/3551/3661 3364/3540/3652 3365/3541/3653
f 874/2428/2639 3352/3529/3641 3357/3534/3646 875/2430/2642
f 1034/3515/2659 1033/3513/3662 3345/3524/3636 3344/3522/3634
f 563/3552/1415 3361/3537/3649 3356/3532/3644 564/3550/1418
f 1039/3551/3661 1040/3553/3663 3363/3538/3650 3364/3540/3652
f 873/2426/2637 3347/3521/3633 3352/3529/3641 874/2428/2639
f 1033/3513/3662 1032/3509/3656 3346/3526/3638 3345/3524/3636
f 562/3546/1409 3366/3542/3654 3361/3537/3649 563/3552/1415
f 1040/3553/3663 1041/3547/3658 3362/3539/3651 3363/3538/3650
f 872/2421/2629 3342/3518/3630 3347/3521/3633 873/2426/2637
