# Blender v3.0.1 OBJ File: 'tablero.blend'
# www.blender.org
mtllib reina.mtl
o Line010_Malla.004
v -0.000928 0.170771 -0.000000
v -0.133757 0.170771 -0.000000
v -0.133757 0.204685 -0.000000
v -0.113620 0.210337 -0.000000
v -0.127398 0.221642 -0.000000
v -0.132697 0.249550 -0.000000
v -0.122452 0.271099 -0.000000
v -0.094544 0.301480 -0.000000
v -0.088538 0.316671 -0.000000
v -0.097723 0.326916 -0.000000
v -0.106202 0.329389 -0.000000
v -0.096310 0.341400 -0.000000
v -0.085712 0.342813 -0.000000
v -0.059498 0.395149 -0.000000
v -0.048900 0.458031 -0.000000
v -0.054199 0.523739 0.000000
v -0.073275 0.523739 0.000000
v -0.088134 0.537623 0.000047
v -0.081047 0.552354 0.000000
v -0.068330 0.555180 0.000000
v -0.074688 0.567191 0.000000
v -0.048547 0.578496 0.000000
v -0.049003 0.587223 0.000000
v -0.058541 0.593228 0.000000
v -0.058541 0.597468 0.000000
v -0.049709 0.602060 0.000000
v -0.049356 0.628555 0.000000
v -0.066002 0.663828 0.000198
v -0.088569 0.674480 0.000000
v -0.077264 0.692497 0.000000
v -0.053595 0.682605 0.000000
v -0.047691 0.704871 0.000000
v -0.031794 0.721475 0.000000
v -0.007772 0.732073 0.000000
v -0.017663 0.740551 0.000000
v -0.021992 0.754880 0.000075
v -0.013511 0.769132 -0.000056
v 0.000000 0.772699 0.000000
v 0.000464 0.170771 0.000804
v 0.066879 0.170771 0.115837
v 0.066879 0.204685 0.115837
v 0.056810 0.210337 0.098398
v 0.063699 0.221642 0.110330
v 0.066349 0.249550 0.114919
v 0.061226 0.271099 0.106047
v 0.047272 0.301480 0.081878
v 0.044269 0.316671 0.076677
v 0.048862 0.326916 0.084631
v 0.053101 0.329389 0.091974
v 0.048155 0.341400 0.083407
v 0.042856 0.342813 0.074229
v 0.029749 0.395149 0.051527
v 0.024450 0.458031 0.042349
v 0.027100 0.523739 0.046938
v 0.036638 0.523739 0.063458
v 0.044108 0.537623 0.076303
v 0.040524 0.552354 0.070189
v 0.034165 0.555180 0.059175
v 0.037344 0.567191 0.064682
v 0.024274 0.578496 0.042043
v 0.024502 0.587223 0.042438
v 0.029271 0.593228 0.050698
v 0.029271 0.597468 0.050698
v 0.024855 0.602060 0.043049
v 0.024678 0.628555 0.042743
v 0.033172 0.663828 0.057061
v 0.044285 0.674480 0.076703
v 0.038632 0.692497 0.066913
v 0.026798 0.682605 0.046415
v 0.023846 0.704871 0.041302
v 0.015897 0.721475 0.027535
v 0.003886 0.732073 0.006731
v 0.008832 0.740551 0.015297
v 0.011061 0.754880 0.019008
v 0.006707 0.769132 0.011730
v 0.000000 0.772699 -0.000000
v 0.000464 0.170771 -0.000804
v 0.066879 0.170771 -0.115837
v 0.066879 0.204685 -0.115837
v 0.056810 0.210337 -0.098398
v 0.063699 0.221642 -0.110330
v 0.066349 0.249550 -0.114919
v 0.061226 0.271099 -0.106047
v 0.047272 0.301480 -0.081878
v 0.044269 0.316671 -0.076677
v 0.048862 0.326916 -0.084631
v 0.053101 0.329389 -0.091974
v 0.048155 0.341400 -0.083407
v 0.042856 0.342813 -0.074229
v 0.029749 0.395149 -0.051527
v 0.024450 0.458031 -0.042349
v 0.027100 0.523739 -0.046938
v 0.036638 0.523739 -0.063458
v 0.044026 0.537623 -0.076350
v 0.040524 0.552354 -0.070189
v 0.034165 0.555180 -0.059175
v 0.037344 0.567191 -0.064682
v 0.024273 0.578496 -0.042043
v 0.024501 0.587223 -0.042438
v 0.029271 0.593228 -0.050698
v 0.029271 0.597468 -0.050698
v 0.024855 0.602060 -0.043049
v 0.024678 0.628555 -0.042744
v 0.032830 0.663828 -0.057258
v 0.044284 0.674480 -0.076703
v 0.038632 0.692497 -0.066913
v 0.026798 0.682605 -0.046415
v 0.023846 0.704871 -0.041302
v 0.015897 0.721475 -0.027535
v 0.003886 0.732073 -0.006731
v 0.008832 0.740551 -0.015297
v 0.010931 0.754880 -0.019083
v 0.006805 0.769132 -0.011673
v 0.000000 0.772699 -0.000000
v -0.000867 0.170771 0.000331
v -0.000704 0.170771 0.000604
v -0.000463 0.170771 0.000802
v -0.000171 0.170771 0.000912
v 0.000147 0.170771 0.000917
v 0.011533 0.170771 0.019976
v 0.022602 0.170771 0.039148
v 0.033671 0.170771 0.058320
v 0.044740 0.170771 0.077492
v 0.055809 0.170771 0.096665
v 0.021148 0.170771 0.132208
v -0.024651 0.170771 0.131430
v -0.066778 0.170771 0.115663
v -0.101496 0.170771 0.087063
v -0.125069 0.170771 0.047790
v -0.111619 0.170771 -0.000000
v -0.089480 0.170771 -0.000000
v -0.067342 0.170771 -0.000000
v -0.045204 0.170771 -0.000000
v -0.023066 0.170771 -0.000000
v 0.066879 0.176423 0.115837
v 0.066879 0.182076 0.115837
v 0.066879 0.187728 0.115837
v 0.066879 0.193380 0.115837
v 0.066879 0.199033 0.115837
v 0.021148 0.204685 0.132208
v -0.024651 0.204685 0.131430
v -0.066778 0.204685 0.115663
v -0.101496 0.204685 0.087063
v -0.125069 0.204685 0.047790
v -0.133757 0.199033 -0.000000
v -0.133757 0.193380 -0.000000
v -0.133757 0.187728 -0.000000
v -0.133757 0.182076 -0.000000
v -0.133757 0.176423 -0.000000
v 0.065201 0.205627 0.112930
v 0.063522 0.206569 0.110024
v 0.061844 0.207511 0.107118
v 0.060166 0.208453 0.104211
v 0.058488 0.209395 0.101305
v 0.017964 0.210337 0.112304
v -0.020940 0.210337 0.111644
v -0.056725 0.210337 0.098250
v -0.086217 0.210337 0.073956
v -0.106240 0.210337 0.040595
v -0.116976 0.209395 -0.000000
v -0.120333 0.208453 -0.000000
v -0.123689 0.207511 -0.000000
v -0.127045 0.206569 -0.000000
v -0.130401 0.205627 -0.000000
v 0.057959 0.212221 0.100387
v 0.059107 0.214105 0.102376
v 0.060255 0.215989 0.104364
v 0.061403 0.217873 0.106353
v 0.062551 0.219758 0.108341
v 0.020142 0.221642 0.125922
v -0.023479 0.221642 0.125182
v -0.063603 0.221642 0.110164
v -0.096671 0.221642 0.082924
v -0.119123 0.221642 0.045518
v -0.125102 0.219758 -0.000000
v -0.122805 0.217874 -0.000000
v -0.120509 0.215989 -0.000000
v -0.118213 0.214105 -0.000000
v -0.115917 0.212221 -0.000000
v 0.064141 0.226293 0.111095
v 0.064582 0.230944 0.111860
v 0.065024 0.235596 0.112624
v 0.065465 0.240247 0.113389
v 0.065907 0.244899 0.114154
v 0.020980 0.249550 0.131160
v -0.024455 0.249550 0.130389
v -0.066249 0.249550 0.114746
v -0.100692 0.249550 0.086373
v -0.124078 0.249550 0.047411
v -0.131814 0.244899 -0.000000
v -0.130931 0.240247 -0.000000
v -0.130047 0.235596 -0.000000
v -0.129164 0.230944 -0.000000
v -0.128281 0.226293 -0.000000
v 0.065495 0.253142 0.113440
v 0.064641 0.256733 0.111962
v 0.063787 0.260325 0.110483
v 0.062934 0.263916 0.109004
v 0.062080 0.267508 0.107525
v 0.019360 0.271099 0.121034
v -0.022567 0.271099 0.120322
v -0.061134 0.271099 0.105887
v -0.092918 0.271099 0.079705
v -0.114498 0.271099 0.043751
v -0.124160 0.267508 -0.000000
v -0.125867 0.263916 -0.000000
v -0.127575 0.260325 -0.000000
v -0.129282 0.256733 -0.000000
v -0.130989 0.253142 -0.000000
v 0.058901 0.276163 0.102019
v 0.056575 0.281226 0.097990
v 0.054249 0.286290 0.093962
v 0.051924 0.291353 0.089934
v 0.049598 0.296417 0.085906
v 0.014948 0.301481 0.093449
v -0.017424 0.301481 0.092899
v -0.047201 0.301480 0.081754
v -0.071741 0.301480 0.061539
v -0.088403 0.301480 0.033779
v -0.099195 0.296417 -0.000000
v -0.103847 0.291353 -0.000000
v -0.108498 0.286290 -0.000000
v -0.113149 0.281226 -0.000000
v -0.117801 0.276163 -0.000000
v 0.046772 0.304012 0.081011
v 0.046271 0.306544 0.080144
v 0.045771 0.309076 0.079277
v 0.045270 0.311607 0.078410
v 0.044770 0.314139 0.077543
v 0.013998 0.316671 0.087513
v -0.016317 0.316671 0.086998
v -0.044203 0.316671 0.076561
v -0.067184 0.316671 0.057630
v -0.082787 0.316671 0.031634
v -0.089539 0.314139 -0.000000
v -0.090540 0.311608 -0.000000
v -0.091541 0.309076 -0.000000
v -0.092542 0.306544 -0.000000
v -0.093543 0.304012 -0.000000
v 0.045035 0.318378 0.078002
v 0.045800 0.320086 0.079328
v 0.046566 0.321793 0.080654
v 0.047331 0.323501 0.081980
v 0.048096 0.325208 0.083305
v 0.015451 0.326916 0.096592
v -0.018010 0.326916 0.096024
v -0.048788 0.326916 0.084504
v -0.074154 0.326916 0.063609
v -0.091376 0.326916 0.034915
v -0.096192 0.325208 -0.000000
v -0.094662 0.323501 -0.000000
v -0.093131 0.321793 -0.000000
v -0.091600 0.320086 -0.000000
v -0.090069 0.318378 -0.000000
v 0.049568 0.327328 0.085855
v 0.050275 0.327740 0.087079
v 0.050981 0.328152 0.088302
v 0.051688 0.328564 0.089526
v 0.052395 0.328977 0.090750
v 0.016791 0.329389 0.104972
v -0.019572 0.329389 0.104355
v -0.053021 0.329389 0.091835
v -0.080587 0.329389 0.069127
v -0.099304 0.329389 0.037945
v -0.104789 0.328977 -0.000000
v -0.103376 0.328564 -0.000000
v -0.101963 0.328152 -0.000000
v -0.100549 0.327740 -0.000000
v -0.099136 0.327328 -0.000000
v 0.052277 0.331391 0.090546
v 0.051452 0.333392 0.089118
v 0.050628 0.335394 0.087690
v 0.049804 0.337396 0.086263
v 0.048980 0.339398 0.084835
v 0.015227 0.341400 0.095195
v -0.017749 0.341400 0.094635
v -0.048083 0.341400 0.083282
v -0.073082 0.341400 0.062689
v -0.090055 0.341400 0.034410
v -0.097959 0.339398 -0.000000
v -0.099607 0.337396 -0.000000
v -0.101256 0.335394 -0.000000
v -0.102905 0.333392 -0.000000
v -0.104553 0.331391 -0.000000
v 0.047272 0.341635 0.081878
v 0.046389 0.341871 0.080348
v 0.045506 0.342106 0.078818
v 0.044623 0.342342 0.077288
v 0.043739 0.342577 0.075759
v 0.013552 0.342813 0.084720
v -0.015796 0.342813 0.084221
v -0.042792 0.342813 0.074117
v -0.065040 0.342813 0.055791
v -0.080145 0.342813 0.030624
v -0.087479 0.342577 -0.000000
v -0.089245 0.342342 -0.000000
v -0.091011 0.342106 -0.000000
v -0.092778 0.341871 -0.000000
v -0.094544 0.341635 -0.000000
v 0.040672 0.351536 0.070445
v 0.038487 0.360258 0.066662
v 0.036303 0.368981 0.062878
v 0.034118 0.377704 0.059094
v 0.031934 0.386427 0.055310
v 0.009407 0.395149 0.058809
v -0.010965 0.395149 0.058463
v -0.029704 0.395149 0.051449
v -0.045148 0.395149 0.038728
v -0.055633 0.395149 0.021258
v -0.063867 0.386427 -0.000000
v -0.068236 0.377704 -0.000000
v -0.072605 0.368981 -0.000000
v -0.076974 0.360258 -0.000000
v -0.081343 0.351536 -0.000000
v 0.028866 0.405630 0.049997
v 0.027983 0.416110 0.048467
v 0.027100 0.426590 0.046938
v 0.026216 0.437071 0.045408
v 0.025333 0.447551 0.043878
v 0.007731 0.458031 0.048334
v -0.009012 0.458031 0.048049
v -0.024413 0.458031 0.042285
v -0.037106 0.458031 0.031829
v -0.045724 0.458031 0.017471
v -0.050666 0.447551 -0.000000
v -0.052432 0.437071 -0.000000
v -0.054199 0.426590 -0.000000
v -0.055965 0.416110 -0.000000
v -0.057732 0.405630 -0.000000
v 0.024892 0.468983 0.043113
v 0.025333 0.479934 0.043878
v 0.025775 0.490885 0.044643
v 0.026216 0.501837 0.045408
v 0.026658 0.512788 0.046173
v 0.008569 0.523739 0.053571
v -0.009988 0.523739 0.053256
v -0.027059 0.523739 0.046867
v -0.041127 0.523739 0.035278
v -0.050678 0.523739 0.019365
v -0.053316 0.512788 0.000000
v -0.052432 0.501837 0.000000
v -0.051549 0.490885 -0.000000
v -0.050666 0.479934 -0.000000
v -0.049783 0.468983 -0.000000
v 0.028689 0.523739 0.049691
v 0.030279 0.523739 0.052445
v 0.031869 0.523739 0.055198
v 0.033458 0.523739 0.057952
v 0.035048 0.523739 0.060705
v 0.011585 0.523739 0.072427
v -0.013504 0.523739 0.072001
v -0.036583 0.523739 0.063363
v -0.055602 0.523739 0.047695
v -0.068516 0.523739 0.026180
v -0.070096 0.523739 0.000000
v -0.066917 0.523739 0.000000
v -0.063737 0.523739 0.000000
v -0.060558 0.523739 0.000000
v -0.057378 0.523739 0.000000
v 0.037883 0.526053 0.065599
v 0.039128 0.528367 0.067740
v 0.040373 0.530681 0.069881
v 0.041618 0.532995 0.072021
v 0.042863 0.535309 0.074162
v 0.013981 0.537623 0.087106
v -0.016196 0.537623 0.086610
v -0.043960 0.537623 0.076235
v -0.066846 0.537623 0.057403
v -0.082392 0.537623 0.031533
v -0.085657 0.535309 0.000039
v -0.083181 0.532995 0.000031
v -0.080705 0.530681 0.000024
v -0.078228 0.528367 0.000016
v -0.075752 0.526053 0.000008
v 0.043511 0.540078 0.075284
v 0.042913 0.542533 0.074265
v 0.042316 0.544989 0.073246
v 0.041719 0.547444 0.072227
v 0.041121 0.549899 0.071208
v 0.012814 0.552354 0.080109
v -0.014936 0.552354 0.079638
v -0.040463 0.552354 0.070084
v -0.061500 0.552354 0.052754
v -0.075783 0.552354 0.028957
v -0.082228 0.549899 0.000008
v -0.083409 0.547444 0.000016
v -0.084591 0.544989 0.000024
v -0.085772 0.542533 0.000031
v -0.086953 0.540078 0.000039
v 0.039464 0.552825 0.068353
v 0.038404 0.553296 0.066518
v 0.037344 0.553767 0.064682
v 0.036285 0.554238 0.062847
v 0.035225 0.554709 0.061011
v 0.010803 0.555180 0.067538
v -0.012593 0.555180 0.067141
v -0.034113 0.555180 0.059086
v -0.051849 0.555180 0.044476
v -0.063891 0.555180 0.024413
v -0.070449 0.554709 0.000000
v -0.072569 0.554238 0.000000
v -0.074688 0.553767 0.000000
v -0.076808 0.553296 0.000000
v -0.078928 0.552825 0.000000
v 0.034695 0.557182 0.060093
v 0.035225 0.559184 0.061011
v 0.035755 0.561186 0.061929
v 0.036285 0.563188 0.062847
v 0.036815 0.565189 0.063764
v 0.011809 0.567191 0.073823
v -0.013765 0.567191 0.073389
v -0.037288 0.567191 0.064585
v -0.056675 0.567191 0.048615
v -0.069837 0.567191 0.026685
v -0.073629 0.565189 0.000000
v -0.072569 0.563187 0.000000
v -0.071509 0.561186 0.000000
v -0.070449 0.559184 0.000000
v -0.069389 0.557182 0.000000
v 0.035166 0.569075 0.060909
v 0.032987 0.570959 0.057136
v 0.030809 0.572844 0.053362
v 0.028630 0.574728 0.049589
v 0.026452 0.576612 0.045816
v 0.007676 0.578496 0.047984
v -0.008947 0.578496 0.047702
v -0.024237 0.578496 0.041979
v -0.036838 0.578496 0.031599
v -0.045393 0.578496 0.017345
v -0.052904 0.576612 0.000000
v -0.057260 0.574728 0.000000
v -0.061617 0.572844 0.000000
v -0.065974 0.570959 0.000000
v -0.070331 0.569075 0.000000
v 0.024312 0.579950 0.042108
v 0.024349 0.581405 0.042174
v 0.024387 0.582859 0.042240
v 0.024426 0.584314 0.042306
v 0.024463 0.585768 0.042372
v 0.007748 0.587223 0.048435
v -0.009031 0.587223 0.048150
v -0.024464 0.587223 0.042374
v -0.037184 0.587223 0.031896
v -0.045820 0.587223 0.017508
v -0.048927 0.585768 0.000000
v -0.048851 0.584314 0.000000
v -0.048775 0.582859 0.000000
v -0.048699 0.581405 0.000000
v -0.048623 0.579950 0.000000
v 0.025296 0.588224 0.043814
v 0.026091 0.589225 0.045191
v 0.026886 0.590226 0.046568
v 0.027681 0.591227 0.047944
v 0.028476 0.592228 0.049321
v 0.009256 0.593228 0.057863
v -0.010789 0.593228 0.057523
v -0.029226 0.593228 0.050622
v -0.044421 0.593228 0.038105
v -0.054738 0.593228 0.020916
v -0.056951 0.592228 0.000000
v -0.055361 0.591227 0.000000
v -0.053772 0.590226 0.000000
v -0.052182 0.589225 0.000000
v -0.050592 0.588224 0.000000
v 0.029271 0.593935 0.050698
v 0.029271 0.594642 0.050698
v 0.029271 0.595348 0.050698
v 0.029271 0.596055 0.050698
v 0.029271 0.596761 0.050698
v 0.009256 0.597468 0.057863
v -0.010789 0.597468 0.057523
v -0.029226 0.597468 0.050622
v -0.044421 0.597468 0.038105
v -0.054738 0.597468 0.020916
v -0.058541 0.596761 0.000000
v -0.058541 0.596055 0.000000
v -0.058541 0.595348 0.000000
v -0.058541 0.594642 0.000000
v -0.058541 0.593935 0.000000
v 0.028535 0.598233 0.049423
v 0.027799 0.598998 0.048148
v 0.027063 0.599764 0.046874
v 0.026327 0.600529 0.045599
v 0.025591 0.601295 0.044324
v 0.007859 0.602060 0.049133
v -0.009161 0.602060 0.048845
v -0.024817 0.602060 0.042985
v -0.037720 0.602060 0.032356
v -0.046480 0.602060 0.017760
v -0.051181 0.601295 0.000000
v -0.052653 0.600529 0.000000
v -0.054125 0.599764 0.000000
v -0.055597 0.598998 0.000000
v -0.057069 0.598233 0.000000
v 0.024825 0.606476 0.042998
v 0.024796 0.610892 0.042947
v 0.024766 0.615308 0.042896
v 0.024737 0.619724 0.042845
v 0.024708 0.624139 0.042794
v 0.007804 0.628555 0.048784
v -0.009096 0.628555 0.048497
v -0.024641 0.628555 0.042679
v -0.037452 0.628555 0.032126
v -0.046150 0.628555 0.017634
v -0.049415 0.624139 0.000000
v -0.049474 0.619724 0.000000
v -0.049532 0.615308 0.000000
v -0.049591 0.610892 0.000000
v -0.049650 0.606476 0.000000
v 0.026094 0.634434 0.045130
v 0.027509 0.640313 0.047516
v 0.028925 0.646192 0.049902
v 0.030341 0.652070 0.052288
v 0.031757 0.657949 0.054674
v 0.010631 0.663828 0.065206
v -0.011970 0.663828 0.064890
v -0.032780 0.663828 0.057172
v -0.049954 0.663828 0.043111
v -0.061644 0.663828 0.023766
v -0.063227 0.657949 0.000165
v -0.060453 0.652070 0.000132
v -0.057679 0.646192 0.000099
v -0.054904 0.640313 0.000066
v -0.052130 0.634434 0.000033
v 0.035024 0.665603 0.060334
v 0.036876 0.667379 0.063608
v 0.038728 0.669154 0.066882
v 0.040580 0.670929 0.070155
v 0.042432 0.672705 0.073429
v 0.014003 0.674480 0.087543
v -0.016323 0.674480 0.087028
v -0.044218 0.674480 0.076587
v -0.067207 0.674480 0.057650
v -0.082816 0.674480 0.031644
v -0.084807 0.672705 0.000033
v -0.081046 0.670930 0.000066
v -0.077285 0.669154 0.000099
v -0.073524 0.667379 0.000132
v -0.069763 0.665603 0.000165
v 0.043343 0.677483 0.075071
v 0.042400 0.680486 0.073439
v 0.041458 0.683489 0.071808
v 0.040516 0.686491 0.070176
v 0.039574 0.689494 0.068544
v 0.012216 0.692497 0.076369
v -0.014239 0.692497 0.075920
v -0.038574 0.692497 0.066812
v -0.058629 0.692497 0.050292
v -0.072245 0.692497 0.027606
v -0.079148 0.689494 0.000000
v -0.081032 0.686491 0.000000
v -0.082916 0.683489 0.000000
v -0.084800 0.680486 0.000000
v -0.086685 0.677483 0.000000
v 0.036660 0.690848 0.063496
v 0.034687 0.689200 0.060080
v 0.032715 0.687551 0.056664
v 0.030743 0.685903 0.053247
v 0.028770 0.684254 0.049831
v 0.008474 0.682605 0.052974
v -0.009877 0.682605 0.052663
v -0.026757 0.682605 0.046345
v -0.040669 0.682605 0.034885
v -0.050114 0.682605 0.019149
v -0.057540 0.684254 0.000000
v -0.061485 0.685903 0.000000
v -0.065430 0.687551 0.000000
v -0.069374 0.689200 0.000000
v -0.073319 0.690848 0.000000
v 0.026306 0.686316 0.045563
v 0.025814 0.690027 0.044710
v 0.025322 0.693738 0.043858
v 0.024830 0.697449 0.043006
v 0.024338 0.701160 0.042154
v 0.007540 0.704871 0.047139
v -0.008789 0.704871 0.046862
v -0.023810 0.704871 0.041240
v -0.036189 0.704871 0.031043
v -0.044593 0.704871 0.017039
v -0.048675 0.701160 0.000000
v -0.049659 0.697449 0.000000
v -0.050643 0.693738 0.000000
v -0.051627 0.690027 0.000000
v -0.052611 0.686316 0.000000
v 0.022521 0.707639 0.039007
v 0.021196 0.710406 0.036713
v 0.019872 0.713173 0.034418
v 0.018547 0.715940 0.032124
v 0.017222 0.718708 0.029829
v 0.005027 0.721475 0.031426
v -0.005859 0.721475 0.031241
v -0.015873 0.721475 0.027493
v -0.024126 0.721475 0.020695
v -0.029729 0.721475 0.011360
v -0.034444 0.718708 0.000000
v -0.037093 0.715940 0.000000
v -0.039743 0.713173 0.000000
v -0.042392 0.710406 0.000000
v -0.045042 0.707639 0.000000
v 0.013895 0.723241 0.024067
v 0.011894 0.725008 0.020600
v 0.009892 0.726774 0.017133
v 0.007890 0.728540 0.013665
v 0.005888 0.730307 0.010198
v 0.001229 0.732073 0.007682
v -0.001432 0.732073 0.007637
v -0.003880 0.732073 0.006721
v -0.005897 0.732073 0.005059
v -0.007267 0.732073 0.002777
v -0.011775 0.730307 0.000000
v -0.015779 0.728540 0.000000
v -0.019783 0.726774 0.000000
v -0.023787 0.725008 0.000000
v -0.027790 0.723241 0.000000
v 0.004710 0.733486 0.008158
v 0.005535 0.734899 0.009586
v 0.006359 0.736312 0.011014
v 0.007183 0.737725 0.012442
v 0.008008 0.739138 0.013869
v 0.002793 0.740551 0.017459
v -0.003255 0.740551 0.017356
v -0.008818 0.740551 0.015274
v -0.013403 0.740551 0.011497
v -0.016516 0.740551 0.006311
v -0.016015 0.739138 0.000000
v -0.014366 0.737725 0.000000
v -0.012718 0.736312 0.000000
v -0.011069 0.734899 0.000000
v -0.009420 0.733486 0.000000
v 0.009203 0.742940 0.015915
v 0.009575 0.745328 0.016534
v 0.009947 0.747716 0.017153
v 0.010318 0.750104 0.017771
v 0.010690 0.752492 0.018390
v 0.003552 0.754880 0.021726
v -0.003979 0.754880 0.021623
v -0.010914 0.754880 0.019055
v -0.016639 0.754880 0.014372
v -0.020537 0.754880 0.007928
v -0.021271 0.752492 0.000063
v -0.020549 0.750104 0.000050
v -0.019828 0.747716 0.000038
v -0.019106 0.745328 0.000025
v -0.018385 0.742940 0.000013
v 0.010336 0.757255 0.017795
v 0.009610 0.759630 0.016582
v 0.008884 0.762006 0.015369
v 0.008159 0.764381 0.014156
v 0.007433 0.766756 0.012943
v 0.002081 0.769132 0.013364
v -0.002545 0.769132 0.013266
v -0.006794 0.769132 0.011656
v -0.010289 0.769132 0.008752
v -0.012654 0.769132 0.004775
v -0.014925 0.766756 -0.000034
v -0.016338 0.764381 -0.000012
v -0.017752 0.762006 0.000009
v -0.019165 0.759630 0.000031
v -0.020579 0.757255 0.000053
v 0.005589 0.769726 0.009775
v 0.004471 0.770321 0.007820
v 0.003354 0.770915 0.005865
v 0.002236 0.771510 0.003910
v 0.001118 0.772104 0.001955
v 0.000000 0.772699 -0.000000
v 0.000000 0.772699 0.000000
v 0.000000 0.772699 0.000000
v 0.000000 0.772699 0.000000
v 0.000000 0.772699 0.000000
v -0.002252 0.772104 -0.000009
v -0.004504 0.771510 -0.000019
v -0.006756 0.770915 -0.000028
v -0.009008 0.770321 -0.000038
v -0.011260 0.769726 -0.000047
v 0.000721 0.170771 0.000586
v 0.000875 0.170771 0.000308
v 0.000927 0.170771 0.000000
v 0.000875 0.170771 -0.000308
v 0.000721 0.170771 -0.000586
v 0.011533 0.170771 -0.019976
v 0.022602 0.170771 -0.039148
v 0.033671 0.170771 -0.058320
v 0.044740 0.170771 -0.077492
v 0.055810 0.170771 -0.096665
v 0.103922 0.170771 -0.084418
v 0.126147 0.170771 -0.044367
v 0.133556 0.170771 0.000000
v 0.126147 0.170771 0.044367
v 0.103922 0.170771 0.084418
v 0.066879 0.176423 -0.115837
v 0.066879 0.182076 -0.115837
v 0.066879 0.187728 -0.115837
v 0.066879 0.193380 -0.115837
v 0.066879 0.199033 -0.115837
v 0.103922 0.204685 -0.084418
v 0.126147 0.204685 -0.044367
v 0.133556 0.204685 0.000000
v 0.126147 0.204685 0.044367
v 0.103922 0.204685 0.084418
v 0.065201 0.205627 -0.112930
v 0.063523 0.206569 -0.110024
v 0.061845 0.207511 -0.107118
v 0.060167 0.208453 -0.104211
v 0.058488 0.209395 -0.101305
v 0.088277 0.210337 -0.071709
v 0.107157 0.210337 -0.037688
v 0.113450 0.210337 0.000000
v 0.107157 0.210337 0.037688
v 0.088277 0.210337 0.071709
v 0.057959 0.212221 -0.100387
v 0.059107 0.214105 -0.102375
v 0.060255 0.215989 -0.104364
v 0.061403 0.217874 -0.106353
v 0.062551 0.219758 -0.108341
v 0.098981 0.221642 -0.080405
v 0.120150 0.221642 -0.042258
v 0.127207 0.221642 0.000000
v 0.120150 0.221642 0.042258
v 0.098981 0.221642 0.080405
v 0.064141 0.226293 -0.111095
v 0.064582 0.230945 -0.111860
v 0.065024 0.235596 -0.112624
v 0.065466 0.240247 -0.113389
v 0.065907 0.244899 -0.114154
v 0.103098 0.249550 -0.083749
v 0.125148 0.249550 -0.044015
v 0.132498 0.249550 0.000000
v 0.125148 0.249550 0.044016
v 0.103098 0.249550 0.083749
v 0.065495 0.253142 -0.113440
v 0.064641 0.256733 -0.111962
v 0.063788 0.260325 -0.110483
v 0.062934 0.263916 -0.109004
v 0.062080 0.267508 -0.107525
v 0.095139 0.271099 -0.077283
v 0.115486 0.271099 -0.040617
v 0.122268 0.271099 0.000000
v 0.115486 0.271099 0.040617
v 0.095138 0.271099 0.077283
v 0.058901 0.276163 -0.102019
v 0.056575 0.281226 -0.097990
v 0.054249 0.286290 -0.093962
v 0.051924 0.291353 -0.089934
v 0.049598 0.296417 -0.085906
v 0.073455 0.301480 -0.059670
v 0.089165 0.301480 -0.031360
v 0.094402 0.301480 0.000000
v 0.089165 0.301480 0.031360
v 0.073455 0.301480 0.059670
v 0.046772 0.304012 -0.081011
v 0.046271 0.306544 -0.080144
v 0.045771 0.309076 -0.079277
v 0.045270 0.311608 -0.078410
v 0.044770 0.314139 -0.077543
v 0.068789 0.316671 -0.055879
v 0.083502 0.316671 -0.029368
v 0.088406 0.316671 0.000000
v 0.083502 0.316671 0.029368
v 0.068789 0.316671 0.055879
v 0.045035 0.318378 -0.078002
v 0.045800 0.320086 -0.079328
v 0.046566 0.321793 -0.080654
v 0.047331 0.323501 -0.081980
v 0.048096 0.325208 -0.083305
v 0.075926 0.326916 -0.061676
v 0.092164 0.326916 -0.032415
v 0.097577 0.326916 0.000000
v 0.092164 0.326916 0.032415
v 0.075926 0.326916 0.061676
v 0.049568 0.327328 -0.085855
v 0.050275 0.327740 -0.087079
v 0.050982 0.328152 -0.088302
v 0.051688 0.328564 -0.089526
v 0.052395 0.328977 -0.090750
v 0.082513 0.329389 -0.067027
v 0.100160 0.329389 -0.035227
v 0.106042 0.329389 0.000000
v 0.100160 0.329389 0.035227
v 0.082513 0.329389 0.067027
v 0.052277 0.331391 -0.090546
v 0.051453 0.333392 -0.089118
v 0.050628 0.335394 -0.087690
v 0.049804 0.337396 -0.086263
v 0.048980 0.339398 -0.084835
v 0.074828 0.341400 -0.060784
v 0.090831 0.341400 -0.031946
v 0.096166 0.341400 0.000000
v 0.090831 0.341400 0.031946
v 0.074828 0.341400 0.060784
v 0.047272 0.341635 -0.081878
v 0.046389 0.341871 -0.080348
v 0.045506 0.342106 -0.078818
v 0.044623 0.342342 -0.077288
v 0.043740 0.342577 -0.075759
v 0.066594 0.342813 -0.054096
v 0.080836 0.342813 -0.028431
v 0.085584 0.342813 0.000000
v 0.080836 0.342813 0.028431
v 0.066594 0.342813 0.054096
v 0.040672 0.351536 -0.070445
v 0.038487 0.360258 -0.066662
v 0.036303 0.368981 -0.062878
v 0.034118 0.377704 -0.059094
v 0.031934 0.386427 -0.055311
v 0.046227 0.395149 -0.037551
v 0.056113 0.395149 -0.019735
v 0.059409 0.395149 0.000000
v 0.056113 0.395149 0.019735
v 0.046227 0.395149 0.037551
v 0.028866 0.405630 -0.049997
v 0.027983 0.416110 -0.048467
v 0.027100 0.426590 -0.046938
v 0.026216 0.437071 -0.045408
v 0.025333 0.447551 -0.043878
v 0.037993 0.458031 -0.030862
v 0.046118 0.458031 -0.016220
v 0.048827 0.458031 -0.000000
v 0.046118 0.458031 0.016220
v 0.037993 0.458031 0.030862
v 0.024892 0.468983 -0.043113
v 0.025333 0.479934 -0.043878
v 0.025775 0.490885 -0.044643
v 0.026216 0.501837 -0.045408
v 0.026658 0.512788 -0.046173
v 0.042110 0.523739 -0.034207
v 0.051116 0.523739 -0.017978
v 0.054118 0.523739 -0.000000
v 0.051116 0.523739 0.017978
v 0.042110 0.523739 0.034207
v 0.028689 0.523739 -0.049691
v 0.030279 0.523739 -0.052445
v 0.031869 0.523739 -0.055198
v 0.033458 0.523739 -0.057952
v 0.035048 0.523739 -0.060705
v 0.056931 0.523739 -0.046246
v 0.069107 0.523739 -0.024305
v 0.073165 0.523739 -0.000000
v 0.069107 0.523739 0.024305
v 0.056931 0.523739 0.046246
v 0.037869 0.526053 -0.065607
v 0.039101 0.528367 -0.067756
v 0.040332 0.530681 -0.069904
v 0.041564 0.532995 -0.072053
v 0.042795 0.535309 -0.074201
v 0.068445 0.537623 -0.055661
v 0.083104 0.537623 -0.029278
v 0.088002 0.537623 -0.000047
v 0.083136 0.537623 0.029190
v 0.068505 0.537623 0.055587
v 0.043443 0.540078 -0.075323
v 0.042859 0.542533 -0.074296
v 0.042275 0.544989 -0.073269
v 0.041691 0.547444 -0.072243
v 0.041108 0.549899 -0.071216
v 0.062969 0.552354 -0.051151
v 0.076437 0.552354 -0.026883
v 0.080926 0.552354 -0.000000
v 0.076437 0.552354 0.026883
v 0.062969 0.552354 0.051151
v 0.039464 0.552825 -0.068353
v 0.038404 0.553296 -0.066518
v 0.037344 0.553767 -0.064682
v 0.036285 0.554238 -0.062847
v 0.035225 0.554709 -0.061011
v 0.053088 0.555180 -0.043125
v 0.064442 0.555180 -0.022665
v 0.068227 0.555180 -0.000000
v 0.064442 0.555180 0.022665
v 0.053088 0.555180 0.043125
v 0.034695 0.557182 -0.060093
v 0.035225 0.559184 -0.061011
v 0.035755 0.561186 -0.061929
v 0.036285 0.563188 -0.062847
v 0.036815 0.565189 -0.063764
v 0.058029 0.567191 -0.047138
v 0.070440 0.567191 -0.024774
v 0.074576 0.567191 -0.000000
v 0.070440 0.567191 0.024774
v 0.058029 0.567191 0.047138
v 0.035166 0.569075 -0.060909
v 0.032987 0.570959 -0.057136
v 0.030809 0.572844 -0.053362
v 0.028630 0.574728 -0.049589
v 0.026452 0.576612 -0.045816
v 0.037718 0.578496 -0.030639
v 0.045785 0.578496 -0.016103
v 0.048474 0.578496 -0.000000
v 0.045785 0.578496 0.016103
v 0.037718 0.578496 0.030639
v 0.024311 0.579950 -0.042108
v 0.024349 0.581405 -0.042174
v 0.024387 0.582859 -0.042240
v 0.024425 0.584314 -0.042306
v 0.024463 0.585768 -0.042372
v 0.038072 0.587223 -0.030927
v 0.046215 0.587223 -0.016254
v 0.048929 0.587223 -0.000000
v 0.046215 0.587223 0.016254
v 0.038072 0.587223 0.030927
v 0.025296 0.588224 -0.043814
v 0.026091 0.589225 -0.045191
v 0.026886 0.590226 -0.046568
v 0.027681 0.591227 -0.047944
v 0.028476 0.592228 -0.049321
v 0.045483 0.593228 -0.036947
v 0.055211 0.593228 -0.019418
v 0.058453 0.593228 -0.000000
v 0.055211 0.593228 0.019418
v 0.045483 0.593228 0.036947
v 0.029271 0.593935 -0.050698
v 0.029271 0.594642 -0.050698
v 0.029271 0.595348 -0.050698
v 0.029271 0.596055 -0.050698
v 0.029271 0.596761 -0.050698
v 0.045483 0.597468 -0.036947
v 0.055211 0.597468 -0.019418
v 0.058453 0.597468 -0.000000
v 0.055211 0.597468 0.019418
v 0.045483 0.597468 0.036947
v 0.028535 0.598233 -0.049423
v 0.027799 0.598998 -0.048148
v 0.027063 0.599764 -0.046874
v 0.026327 0.600529 -0.045599
v 0.025591 0.601295 -0.044324
v 0.038621 0.602060 -0.031373
v 0.046881 0.602060 -0.016489
v 0.049635 0.602060 -0.000000
v 0.046881 0.602060 0.016488
v 0.038621 0.602060 0.031373
v 0.024825 0.606476 -0.042998
v 0.024796 0.610892 -0.042947
v 0.024766 0.615308 -0.042896
v 0.024737 0.619724 -0.042845
v 0.024708 0.624139 -0.042795
v 0.038347 0.628555 -0.031150
v 0.046548 0.628555 -0.016371
v 0.049282 0.628555 -0.000000
v 0.046548 0.628555 0.016371
v 0.038347 0.628555 0.031150
v 0.026037 0.634434 -0.045163
v 0.027395 0.640313 -0.047582
v 0.028754 0.646192 -0.050001
v 0.030113 0.652071 -0.052420
v 0.031471 0.657949 -0.054839
v 0.051155 0.663828 -0.041809
v 0.062182 0.663828 -0.022079
v 0.065903 0.663828 -0.000197
v 0.062313 0.663828 0.021706
v 0.051405 0.663828 0.041502
v 0.034739 0.665603 -0.060499
v 0.036648 0.667379 -0.063740
v 0.038557 0.669154 -0.066980
v 0.040466 0.670930 -0.070221
v 0.042375 0.672705 -0.073462
v 0.068813 0.674480 -0.055898
v 0.083530 0.674480 -0.029378
v 0.088436 0.674480 -0.000000
v 0.083530 0.674480 0.029378
v 0.068813 0.674480 0.055898
v 0.043342 0.677483 -0.075071
v 0.042400 0.680486 -0.073439
v 0.041458 0.683489 -0.071808
v 0.040516 0.686491 -0.070176
v 0.039574 0.689494 -0.068544
v 0.060030 0.692497 -0.048764
v 0.072869 0.692497 -0.025628
v 0.077148 0.692497 -0.000000
v 0.072869 0.692497 0.025628
v 0.060030 0.692497 0.048764
v 0.036660 0.690848 -0.063496
v 0.034687 0.689200 -0.060080
v 0.032715 0.687551 -0.056664
v 0.030743 0.685903 -0.053247
v 0.028770 0.684254 -0.049831
v 0.041640 0.682605 -0.033826
v 0.050546 0.682605 -0.017778
v 0.053515 0.682605 -0.000000
v 0.050546 0.682605 0.017777
v 0.041641 0.682605 0.033825
v 0.026306 0.686316 -0.045563
v 0.025814 0.690027 -0.044710
v 0.025322 0.693738 -0.043858
v 0.024830 0.697449 -0.043006
v 0.024338 0.701160 -0.042154
v 0.037053 0.704871 -0.030099
v 0.044978 0.704871 -0.015819
v 0.047620 0.704871 -0.000000
v 0.044978 0.704871 0.015819
v 0.037054 0.704871 0.030099
v 0.022521 0.707639 -0.039007
v 0.021196 0.710406 -0.036713
v 0.019871 0.713173 -0.034418
v 0.018547 0.715940 -0.032124
v 0.017222 0.718708 -0.029829
v 0.024702 0.721475 -0.020066
v 0.029985 0.721475 -0.010546
v 0.031747 0.721475 -0.000000
v 0.029986 0.721475 0.010546
v 0.024702 0.721475 0.020066
v 0.013895 0.723241 -0.024067
v 0.011893 0.725008 -0.020600
v 0.009892 0.726774 -0.017133
v 0.007890 0.728540 -0.013665
v 0.005888 0.730307 -0.010198
v 0.006038 0.732073 -0.004905
v 0.007330 0.732073 -0.002578
v 0.007760 0.732073 -0.000000
v 0.007330 0.732073 0.002578
v 0.006039 0.732073 0.004905
v 0.004710 0.733486 -0.008158
v 0.005535 0.734899 -0.009586
v 0.006359 0.736312 -0.011014
v 0.007183 0.737725 -0.012442
v 0.008008 0.739138 -0.013869
v 0.013724 0.740551 -0.011148
v 0.016659 0.740551 -0.005859
v 0.017637 0.740551 -0.000000
v 0.016659 0.740551 0.005859
v 0.013724 0.740551 0.011148
v 0.009182 0.742940 -0.015928
v 0.009532 0.745328 -0.016559
v 0.009881 0.747716 -0.017190
v 0.010231 0.750104 -0.017821
v 0.010581 0.752492 -0.018452
v 0.017039 0.754880 -0.013938
v 0.020716 0.754880 -0.007366
v 0.021959 0.754880 -0.000075
v 0.020766 0.754880 0.007224
v 0.017134 0.754880 0.013821
v 0.010243 0.757255 -0.017848
v 0.009556 0.759630 -0.016613
v 0.008868 0.762006 -0.015378
v 0.008180 0.764381 -0.014143
v 0.007492 0.766756 -0.012908
v 0.010533 0.769132 -0.008484
v 0.012762 0.769132 -0.004429
v 0.013491 0.769132 0.000056
v 0.012724 0.769132 0.004535
v 0.010462 0.769132 0.008571
v 0.005671 0.769726 -0.009728
v 0.004537 0.770321 -0.007782
v 0.003402 0.770915 -0.005837
v 0.002268 0.771510 -0.003891
v 0.001134 0.772104 -0.001946
v 0.000000 0.772699 -0.000000
v 0.000000 0.772699 -0.000000
v 0.000000 0.772699 -0.000000
v 0.000000 0.772699 -0.000000
v 0.000000 0.772699 -0.000000
v 0.000147 0.170771 -0.000917
v -0.000171 0.170771 -0.000912
v -0.000463 0.170771 -0.000802
v -0.000704 0.170771 -0.000604
v -0.000867 0.170771 -0.000332
v -0.125069 0.170771 -0.047790
v -0.101496 0.170771 -0.087063
v -0.066778 0.170771 -0.115663
v -0.024650 0.170771 -0.131430
v 0.021148 0.170771 -0.132208
v -0.125069 0.204685 -0.047790
v -0.101496 0.204685 -0.087063
v -0.066778 0.204685 -0.115663
v -0.024650 0.204685 -0.131430
v 0.021148 0.204685 -0.132208
v -0.106240 0.210337 -0.040595
v -0.086217 0.210337 -0.073956
v -0.056725 0.210337 -0.098250
v -0.020939 0.210337 -0.111644
v 0.017964 0.210337 -0.112304
v -0.119123 0.221642 -0.045518
v -0.096671 0.221642 -0.082924
v -0.063603 0.221642 -0.110164
v -0.023479 0.221642 -0.125182
v 0.020142 0.221642 -0.125922
v -0.124078 0.249550 -0.047411
v -0.100692 0.249550 -0.086373
v -0.066249 0.249550 -0.114746
v -0.024455 0.249550 -0.130389
v 0.020980 0.249550 -0.131160
v -0.114498 0.271099 -0.043751
v -0.092918 0.271099 -0.079705
v -0.061134 0.271099 -0.105887
v -0.022567 0.271099 -0.120322
v 0.019360 0.271099 -0.121034
v -0.088403 0.301480 -0.033779
v -0.071741 0.301480 -0.061539
v -0.047201 0.301480 -0.081754
v -0.017424 0.301480 -0.092899
v 0.014948 0.301480 -0.093449
v -0.082787 0.316671 -0.031634
v -0.067184 0.316671 -0.057630
v -0.044203 0.316671 -0.076561
v -0.016317 0.316671 -0.086998
v 0.013998 0.316671 -0.087513
v -0.091376 0.326916 -0.034915
v -0.074154 0.326916 -0.063609
v -0.048788 0.326916 -0.084504
v -0.018010 0.326916 -0.096024
v 0.015451 0.326916 -0.096592
v -0.099304 0.329389 -0.037945
v -0.080587 0.329389 -0.069127
v -0.053021 0.329389 -0.091835
v -0.019572 0.329389 -0.104355
v 0.016791 0.329389 -0.104972
v -0.090054 0.341400 -0.034410
v -0.073081 0.341400 -0.062689
v -0.048083 0.341400 -0.083282
v -0.017749 0.341400 -0.094635
v 0.015227 0.341400 -0.095195
v -0.080145 0.342813 -0.030624
v -0.065040 0.342813 -0.055791
v -0.042792 0.342813 -0.074117
v -0.015796 0.342813 -0.084221
v 0.013552 0.342813 -0.084720
v -0.055633 0.395149 -0.021258
v -0.045148 0.395149 -0.038728
v -0.029704 0.395149 -0.051449
v -0.010965 0.395149 -0.058463
v 0.009407 0.395149 -0.058809
v -0.045724 0.458031 -0.017471
v -0.037106 0.458031 -0.031829
v -0.024413 0.458031 -0.042285
v -0.009012 0.458031 -0.048049
v 0.007731 0.458031 -0.048334
v -0.050678 0.523739 -0.019365
v -0.041127 0.523739 -0.035278
v -0.027059 0.523739 -0.046867
v -0.009988 0.523739 -0.053256
v 0.008569 0.523739 -0.053571
v -0.068516 0.523739 -0.026180
v -0.055602 0.523739 -0.047695
v -0.036583 0.523739 -0.063363
v -0.013504 0.523739 -0.072001
v 0.011585 0.523739 -0.072427
v -0.082426 0.537623 -0.031445
v -0.066908 0.537623 -0.057331
v -0.044041 0.537623 -0.076188
v -0.016289 0.537623 -0.086592
v 0.013888 0.537623 -0.087121
v -0.075783 0.552354 -0.028957
v -0.061500 0.552354 -0.052754
v -0.040463 0.552354 -0.070084
v -0.014936 0.552354 -0.079638
v 0.012814 0.552354 -0.080109
v -0.063891 0.555180 -0.024413
v -0.051849 0.555180 -0.044476
v -0.034113 0.555180 -0.059086
v -0.012593 0.555180 -0.067141
v 0.010803 0.555180 -0.067538
v -0.069837 0.567191 -0.026685
v -0.056675 0.567191 -0.048615
v -0.037288 0.567191 -0.064585
v -0.013765 0.567191 -0.073389
v 0.011809 0.567191 -0.073823
v -0.045393 0.578496 -0.017345
v -0.036838 0.578496 -0.031599
v -0.024237 0.578496 -0.041979
v -0.008947 0.578496 -0.047702
v 0.007676 0.578496 -0.047984
v -0.045820 0.587223 -0.017508
v -0.037184 0.587223 -0.031896
v -0.024464 0.587223 -0.042374
v -0.009031 0.587223 -0.048150
v 0.007748 0.587223 -0.048435
v -0.054738 0.593228 -0.020916
v -0.044422 0.593228 -0.038105
v -0.029226 0.593228 -0.050622
v -0.010789 0.593228 -0.057523
v 0.009256 0.593228 -0.057863
v -0.054738 0.597468 -0.020916
v -0.044422 0.597468 -0.038105
v -0.029226 0.597468 -0.050622
v -0.010789 0.597468 -0.057523
v 0.009256 0.597468 -0.057863
v -0.046480 0.602060 -0.017760
v -0.037720 0.602060 -0.032356
v -0.024817 0.602060 -0.042985
v -0.009161 0.602060 -0.048845
v 0.007859 0.602060 -0.049133
v -0.046150 0.628555 -0.017634
v -0.037452 0.628555 -0.032126
v -0.024641 0.628555 -0.042679
v -0.009096 0.628555 -0.048497
v 0.007803 0.628555 -0.048784
v -0.061785 0.663828 -0.023397
v -0.050212 0.663828 -0.042811
v -0.033122 0.663828 -0.056975
v -0.012358 0.663828 -0.064817
v 0.010240 0.663828 -0.065269
v -0.082816 0.674480 -0.031644
v -0.067207 0.674480 -0.057650
v -0.044218 0.674480 -0.076587
v -0.016323 0.674480 -0.087028
v 0.014003 0.674480 -0.087543
v -0.072245 0.692497 -0.027605
v -0.058629 0.692497 -0.050292
v -0.038574 0.692497 -0.066812
v -0.014239 0.692497 -0.075920
v 0.012216 0.692497 -0.076369
v -0.050114 0.682605 -0.019149
v -0.040669 0.682605 -0.034885
v -0.026757 0.682605 -0.046345
v -0.009877 0.682605 -0.052663
v 0.008474 0.682605 -0.052974
v -0.044593 0.704871 -0.017039
v -0.036189 0.704871 -0.031043
v -0.023810 0.704871 -0.041240
v -0.008789 0.704871 -0.046862
v 0.007540 0.704871 -0.047139
v -0.029729 0.721475 -0.011360
v -0.024126 0.721475 -0.020695
v -0.015873 0.721475 -0.027493
v -0.005859 0.721475 -0.031241
v 0.005027 0.721475 -0.031426
v -0.007267 0.732073 -0.002777
v -0.005897 0.732073 -0.005059
v -0.003880 0.732073 -0.006721
v -0.001432 0.732073 -0.007637
v 0.001229 0.732073 -0.007682
v -0.016516 0.740551 -0.006311
v -0.013403 0.740551 -0.011497
v -0.008818 0.740551 -0.015274
v -0.003255 0.740551 -0.017356
v 0.002793 0.740551 -0.017459
v -0.020590 0.754880 -0.007787
v -0.016737 0.754880 -0.014258
v -0.011044 0.754880 -0.018980
v -0.004127 0.754880 -0.021596
v 0.003403 0.754880 -0.021749
v -0.012614 0.769132 -0.004880
v -0.010216 0.769132 -0.008838
v -0.006697 0.769132 -0.011712
v -0.002435 0.769132 -0.013287
v 0.002192 0.769132 -0.013346
v 0.000000 0.772699 0.000000
v 0.000000 0.772699 0.000000
v 0.000000 0.772699 0.000000
v 0.000000 0.772699 0.000000
v 0.000000 0.772699 -0.000000
v -0.021000 0.170771 0.004636
v -0.015686 0.170771 0.009770
v -0.008450 0.170771 0.014636
v -0.000618 0.170771 0.018470
v 0.006485 0.170771 0.020505
v -0.041814 0.170771 0.013267
v -0.032848 0.170771 0.025228
v -0.020116 0.170771 0.034841
v -0.005424 0.170771 0.041062
v 0.009418 0.170771 0.042845
v -0.062968 0.170771 0.024060
v -0.051100 0.170771 0.043834
v -0.033620 0.170771 0.058232
v -0.012411 0.170771 0.066171
v 0.010647 0.170771 0.066562
v -0.084122 0.170771 0.034854
v -0.069352 0.170771 0.062439
v -0.047125 0.170771 0.081624
v -0.019397 0.170771 0.091280
v 0.011877 0.170771 0.090280
v -0.104936 0.170771 0.043485
v -0.086514 0.170771 0.077897
v -0.058791 0.170771 0.101829
v -0.024204 0.170771 0.113872
v 0.014809 0.170771 0.112620
v -0.125069 0.176423 0.047790
v -0.101496 0.176423 0.087063
v -0.066778 0.176423 0.115663
v -0.024651 0.176423 0.131430
v 0.021148 0.176423 0.132208
v -0.125069 0.182076 0.047790
v -0.101496 0.182076 0.087063
v -0.066778 0.182076 0.115663
v -0.024651 0.182076 0.131430
v 0.021148 0.182076 0.132208
v -0.125069 0.187728 0.047790
v -0.101496 0.187728 0.087063
v -0.066778 0.187728 0.115663
v -0.024651 0.187728 0.131430
v 0.021148 0.187728 0.132208
v -0.125069 0.193380 0.047790
v -0.101496 0.193380 0.087063
v -0.066778 0.193380 0.115663
v -0.024650 0.193380 0.131430
v 0.021148 0.193380 0.132208
v -0.125069 0.199033 0.047790
v -0.101496 0.199033 0.087063
v -0.066778 0.199033 0.115663
v -0.024651 0.199033 0.131430
v 0.021148 0.199033 0.132208
v -0.122017 0.205627 0.047137
v -0.099225 0.205627 0.085674
v -0.065567 0.205627 0.113565
v -0.024583 0.205627 0.128768
v 0.020187 0.205627 0.129238
v -0.118861 0.206569 0.045829
v -0.096624 0.206569 0.083330
v -0.063799 0.206569 0.110502
v -0.023854 0.206569 0.125344
v 0.019742 0.206569 0.125851
v -0.115655 0.207511 0.044192
v -0.093857 0.207511 0.080510
v -0.061751 0.207511 0.106957
v -0.022795 0.207511 0.121537
v 0.019556 0.207511 0.122256
v -0.112448 0.208453 0.042556
v -0.091090 0.208453 0.077689
v -0.059704 0.208453 0.103411
v -0.021736 0.208453 0.117731
v 0.019369 0.208453 0.118661
v -0.109292 0.209395 0.041248
v -0.088488 0.209395 0.075346
v -0.057936 0.209395 0.100347
v -0.021007 0.209395 0.114306
v 0.018925 0.209395 0.115274
v -0.108329 0.212221 0.041042
v -0.087771 0.212221 0.074907
v -0.057553 0.212221 0.099685
v -0.020986 0.212221 0.113465
v 0.018621 0.212221 0.114336
v -0.110487 0.214105 0.041937
v -0.089551 0.214105 0.076510
v -0.058763 0.214105 0.101781
v -0.021484 0.214105 0.115809
v 0.018926 0.214105 0.116653
v -0.112682 0.215989 0.043056
v -0.091444 0.215989 0.078440
v -0.060164 0.215989 0.104207
v -0.022209 0.215989 0.118413
v 0.019053 0.215989 0.119113
v -0.114876 0.217874 0.044176
v -0.093337 0.217874 0.080370
v -0.061565 0.217873 0.106633
v -0.022934 0.217873 0.121017
v 0.019181 0.217873 0.121573
v -0.117035 0.219758 0.045071
v -0.095117 0.219758 0.081973
v -0.062775 0.219758 0.108729
v -0.023432 0.219758 0.123361
v 0.019485 0.219758 0.123891
v -0.119926 0.226293 0.045689
v -0.097269 0.226293 0.083290
v -0.063922 0.226293 0.110716
v -0.023496 0.226293 0.125882
v 0.020395 0.226293 0.126704
v -0.120756 0.230945 0.046034
v -0.097954 0.230945 0.083906
v -0.064387 0.230944 0.111522
v -0.023688 0.230944 0.126784
v 0.020512 0.230944 0.127595
v -0.121600 0.235596 0.046464
v -0.098682 0.235596 0.084649
v -0.064926 0.235596 0.112455
v -0.023967 0.235596 0.127785
v 0.020561 0.235596 0.128541
v -0.122444 0.240247 0.046895
v -0.099410 0.240247 0.085391
v -0.065465 0.240247 0.113388
v -0.024246 0.240247 0.128787
v 0.020610 0.240247 0.129487
v -0.123275 0.244899 0.047239
v -0.100095 0.244899 0.086008
v -0.065930 0.244899 0.114194
v -0.024437 0.244899 0.129688
v 0.020727 0.244899 0.130379
v -0.122525 0.253142 0.047079
v -0.099537 0.253142 0.085666
v -0.065633 0.253142 0.113679
v -0.024421 0.253142 0.129035
v 0.020491 0.253142 0.129649
v -0.120920 0.256733 0.046413
v -0.098213 0.256733 0.084474
v -0.064733 0.256733 0.112121
v -0.024050 0.256733 0.127292
v 0.020265 0.256733 0.127926
v -0.119288 0.260325 0.045581
v -0.096805 0.260325 0.083039
v -0.063691 0.260325 0.110317
v -0.023511 0.260325 0.125355
v 0.020170 0.260325 0.126097
v -0.117656 0.263916 0.044748
v -0.095398 0.263916 0.081604
v -0.062650 0.263916 0.108513
v -0.022972 0.263916 0.123419
v 0.020075 0.263916 0.124268
v -0.116051 0.267508 0.044083
v -0.094074 0.267508 0.080412
v -0.061750 0.267508 0.106954
v -0.022602 0.267508 0.121676
v 0.019849 0.267508 0.122545
v -0.110268 0.276163 0.042846
v -0.089770 0.276163 0.077779
v -0.059456 0.276163 0.102981
v -0.022473 0.276163 0.116633
v 0.018028 0.276163 0.116918
v -0.105895 0.281226 0.041033
v -0.086165 0.281226 0.074531
v -0.057005 0.281226 0.098735
v -0.021463 0.281226 0.111886
v 0.017412 0.281226 0.112225
v -0.101451 0.286290 0.038765
v -0.082330 0.286290 0.070622
v -0.054167 0.286290 0.093821
v -0.019995 0.286290 0.106611
v 0.017154 0.286290 0.107241
v -0.097006 0.291353 0.036497
v -0.078495 0.291353 0.066713
v -0.051330 0.291353 0.088906
v -0.018528 0.291353 0.101335
v 0.016896 0.291353 0.102258
v -0.092633 0.296417 0.034684
v -0.074889 0.296417 0.063465
v -0.048879 0.296417 0.084661
v -0.017518 0.296417 0.096588
v 0.016280 0.296417 0.097564
v -0.087493 0.304012 0.033585
v -0.071064 0.304012 0.061125
v -0.046840 0.304012 0.081129
v -0.017404 0.304012 0.092106
v 0.014661 0.304012 0.092563
v -0.086552 0.306544 0.033194
v -0.070288 0.306544 0.060426
v -0.046312 0.306544 0.080215
v -0.017186 0.306544 0.091084
v 0.014529 0.306544 0.091553
v -0.085595 0.309076 0.032706
v -0.069463 0.309076 0.059585
v -0.045702 0.309076 0.079158
v -0.016870 0.309076 0.089949
v 0.014473 0.309076 0.090481
v -0.084639 0.311608 0.032218
v -0.068637 0.311607 0.058744
v -0.045091 0.311607 0.078100
v -0.016555 0.311607 0.088814
v 0.014418 0.311607 0.089409
v -0.083698 0.314139 0.031828
v -0.067861 0.314139 0.058045
v -0.044564 0.314139 0.077187
v -0.016337 0.314139 0.087792
v 0.014285 0.314139 0.088399
v -0.084180 0.318378 0.031931
v -0.068220 0.318378 0.058264
v -0.044755 0.318378 0.077518
v -0.016348 0.318378 0.088212
v 0.014437 0.318378 0.088867
v -0.085619 0.320086 0.032528
v -0.069407 0.320086 0.059333
v -0.045562 0.320086 0.078915
v -0.016680 0.320086 0.089775
v 0.014639 0.320086 0.090412
v -0.087082 0.321793 0.033274
v -0.070669 0.321793 0.060619
v -0.046495 0.321793 0.080533
v -0.017163 0.321793 0.091511
v 0.014724 0.321793 0.092052
v -0.088544 0.323501 0.034021
v -0.071931 0.323501 0.061906
v -0.047429 0.323501 0.082150
v -0.017646 0.323501 0.093247
v 0.014809 0.323501 0.093692
v -0.089984 0.325208 0.034618
v -0.073118 0.325208 0.062975
v -0.048236 0.325208 0.083547
v -0.017979 0.325208 0.094809
v 0.015012 0.325208 0.095237
v -0.092661 0.327328 0.035190
v -0.075110 0.327328 0.064194
v -0.049298 0.327328 0.085387
v -0.018038 0.327328 0.097144
v 0.015855 0.327328 0.097842
v -0.093989 0.327740 0.035741
v -0.076206 0.327740 0.065181
v -0.050043 0.327740 0.086676
v -0.018345 0.327740 0.098586
v 0.016042 0.327740 0.099268
v -0.095340 0.328152 0.036430
v -0.077371 0.328152 0.066368
v -0.050905 0.328152 0.088169
v -0.018791 0.328152 0.100189
v 0.016121 0.328152 0.100782
v -0.096690 0.328564 0.037119
v -0.078536 0.328564 0.067556
v -0.051767 0.328564 0.089663
v -0.019237 0.328564 0.101792
v 0.016199 0.328564 0.102296
v -0.098018 0.328977 0.037670
v -0.079631 0.328977 0.068542
v -0.052511 0.328977 0.090952
v -0.019544 0.328977 0.103234
v 0.016386 0.328977 0.103722
v -0.097804 0.331391 0.037624
v -0.079472 0.331391 0.068445
v -0.052426 0.331391 0.090805
v -0.019539 0.331391 0.103047
v 0.016319 0.331391 0.103513
v -0.096254 0.333392 0.036981
v -0.078194 0.333392 0.067294
v -0.051558 0.333392 0.089300
v -0.019181 0.333392 0.101365
v 0.016101 0.333392 0.101849
v -0.094679 0.335394 0.036177
v -0.076834 0.335394 0.065908
v -0.050552 0.335394 0.087559
v -0.018661 0.335394 0.099495
v 0.016009 0.335394 0.100083
v -0.093104 0.337396 0.035374
v -0.075475 0.337396 0.064523
v -0.049546 0.337396 0.085817
v -0.018141 0.337396 0.097625
v 0.015918 0.337396 0.098317
v -0.091554 0.339398 0.034731
v -0.074197 0.339398 0.063372
v -0.048677 0.339398 0.084312
v -0.017783 0.339398 0.095943
v 0.015699 0.339398 0.096653
v -0.088448 0.341635 0.034067
v -0.071886 0.341635 0.061958
v -0.047445 0.341635 0.082178
v -0.017714 0.341635 0.093234
v 0.014721 0.341635 0.093632
v -0.086788 0.341871 0.033378
v -0.070517 0.341871 0.060724
v -0.046515 0.341871 0.080566
v -0.017330 0.341871 0.091432
v 0.014487 0.341871 0.091849
v -0.085100 0.342106 0.032517
v -0.069061 0.342106 0.059240
v -0.045437 0.342106 0.078700
v -0.016773 0.342106 0.089428
v 0.014389 0.342106 0.089957
v -0.083412 0.342342 0.031656
v -0.067604 0.342342 0.057755
v -0.044360 0.342342 0.076833
v -0.016215 0.342342 0.087425
v 0.014291 0.342342 0.088065
v -0.081751 0.342577 0.030967
v -0.066235 0.342577 0.056522
v -0.043429 0.342577 0.075221
v -0.015832 0.342577 0.085622
v 0.014057 0.342577 0.086282
v -0.076172 0.351536 0.029774
v -0.062083 0.351536 0.053982
v -0.041215 0.351536 0.071387
v -0.015708 0.351536 0.080756
v 0.012301 0.351536 0.080854
v -0.072064 0.360258 0.028071
v -0.058696 0.360258 0.050931
v -0.038913 0.360258 0.067400
v -0.014759 0.360258 0.076298
v 0.011722 0.360258 0.076445
v -0.067889 0.368981 0.025941
v -0.055094 0.368981 0.047259
v -0.036248 0.368981 0.062783
v -0.013381 0.368981 0.071342
v 0.011479 0.368981 0.071764
v -0.063714 0.377704 0.023811
v -0.051492 0.377704 0.043587
v -0.033583 0.377704 0.058167
v -0.012002 0.377704 0.066387
v 0.011237 0.377704 0.067084
v -0.059606 0.386427 0.022107
v -0.048105 0.386427 0.040537
v -0.031280 0.386427 0.054179
v -0.011053 0.386427 0.061928
v 0.010658 0.386427 0.062675
v -0.054027 0.405630 0.020914
v -0.043952 0.405630 0.037996
v -0.029067 0.405630 0.050346
v -0.010929 0.405630 0.057062
v 0.008901 0.405630 0.057246
v -0.052366 0.416110 0.020226
v -0.042583 0.416110 0.036763
v -0.028136 0.416110 0.048733
v -0.010546 0.416110 0.055260
v 0.008667 0.416110 0.055464
v -0.050678 0.426590 0.019365
v -0.041127 0.426590 0.035278
v -0.027059 0.426590 0.046867
v -0.009988 0.426590 0.053256
v 0.008569 0.426590 0.053571
v -0.048991 0.437071 0.018503
v -0.039671 0.437071 0.033794
v -0.025981 0.437071 0.045001
v -0.009431 0.437071 0.051253
v 0.008471 0.437071 0.051679
v -0.047330 0.447551 0.017815
v -0.038301 0.447551 0.032561
v -0.025050 0.447551 0.043389
v -0.009047 0.447551 0.049450
v 0.008237 0.447551 0.049896
v -0.046527 0.468983 0.017643
v -0.037703 0.468983 0.032195
v -0.024732 0.468983 0.042837
v -0.009030 0.468983 0.048750
v 0.007984 0.468983 0.049115
v -0.047357 0.479934 0.017987
v -0.038388 0.479934 0.032812
v -0.025197 0.479934 0.043643
v -0.009221 0.479934 0.049651
v 0.008101 0.479934 0.050006
v -0.048201 0.490885 0.018418
v -0.039116 0.490885 0.033554
v -0.025736 0.490885 0.044576
v -0.009500 0.490885 0.050653
v 0.008150 0.490885 0.050952
v -0.049045 0.501837 0.018849
v -0.039844 0.501837 0.034296
v -0.026275 0.501837 0.045509
v -0.009779 0.501837 0.051654
v 0.008199 0.501837 0.051899
v -0.049875 0.512788 0.019193
v -0.040529 0.512788 0.034913
v -0.026740 0.512788 0.046315
v -0.009971 0.512788 0.052556
v 0.008316 0.512788 0.052790
v -0.053570 0.523739 0.019983
v -0.043278 0.523739 0.036595
v -0.028206 0.523739 0.048854
v -0.010053 0.523739 0.055778
v 0.009480 0.523739 0.056384
v -0.056559 0.523739 0.021222
v -0.045743 0.523739 0.038815
v -0.029881 0.523739 0.051756
v -0.010743 0.523739 0.059022
v 0.009901 0.523739 0.059593
v -0.059597 0.523739 0.022772
v -0.048365 0.523739 0.041487
v -0.031821 0.523739 0.055115
v -0.011746 0.523739 0.062629
v 0.010077 0.523739 0.062999
v -0.062635 0.523739 0.024323
v -0.050986 0.523739 0.044159
v -0.033760 0.523739 0.058474
v -0.012750 0.523739 0.066235
v 0.010254 0.523739 0.066405
v -0.065624 0.523739 0.025562
v -0.053451 0.523739 0.046379
v -0.035435 0.523739 0.061376
v -0.013440 0.523739 0.069479
v 0.010675 0.523739 0.069614
v -0.070766 0.526053 0.026669
v -0.057275 0.526053 0.048726
v -0.037471 0.526053 0.064913
v -0.013548 0.526053 0.073965
v 0.012301 0.526053 0.074616
v -0.073092 0.528367 0.027642
v -0.059189 0.528367 0.050461
v -0.038769 0.528367 0.067178
v -0.014077 0.528367 0.076494
v 0.012637 0.528367 0.077114
v -0.075454 0.530681 0.028857
v -0.061224 0.530681 0.052549
v -0.040271 0.530681 0.069799
v -0.014850 0.530681 0.079305
v 0.012783 0.530681 0.079766
v -0.077817 0.532995 0.030072
v -0.063259 0.532995 0.054637
v -0.041774 0.532995 0.072420
v -0.015623 0.532995 0.082116
v 0.012929 0.532995 0.082419
v -0.080142 0.535309 0.031044
v -0.065174 0.535309 0.056372
v -0.043071 0.535309 0.074685
v -0.016152 0.535309 0.084645
v 0.013265 0.535309 0.084917
v -0.081320 0.540078 0.031296
v -0.066050 0.540078 0.056908
v -0.043539 0.540078 0.075494
v -0.016179 0.540078 0.085673
v 0.013636 0.540078 0.086063
v -0.080212 0.542533 0.030829
v -0.065140 0.542533 0.056078
v -0.042923 0.542533 0.074412
v -0.015930 0.542533 0.084466
v 0.013471 0.542533 0.084872
v -0.079088 0.544989 0.030245
v -0.064173 0.544989 0.055078
v -0.042211 0.544989 0.073159
v -0.015566 0.544989 0.083124
v 0.013398 0.544989 0.083607
v -0.077963 0.547444 0.029662
v -0.063206 0.547444 0.054079
v -0.041499 0.547444 0.071907
v -0.015202 0.547444 0.081781
v 0.013324 0.547444 0.082342
v -0.076855 0.549899 0.029194
v -0.062296 0.549899 0.053249
v -0.040884 0.549899 0.070824
v -0.014954 0.549899 0.080574
v 0.013159 0.549899 0.081151
v -0.073855 0.552825 0.028545
v -0.060065 0.552825 0.051877
v -0.039698 0.552825 0.068759
v -0.014894 0.552825 0.077957
v 0.012207 0.552825 0.078233
v -0.071863 0.553296 0.027719
v -0.058422 0.553296 0.050397
v -0.038581 0.553296 0.066825
v -0.014433 0.553296 0.075793
v 0.011926 0.553296 0.076094
v -0.069837 0.553767 0.026685
v -0.056675 0.553767 0.048615
v -0.037288 0.553767 0.064585
v -0.013765 0.553767 0.073389
v 0.011809 0.553767 0.073823
v -0.067812 0.554238 0.025652
v -0.054927 0.554238 0.046834
v -0.035995 0.554238 0.062345
v -0.013096 0.554238 0.070985
v 0.011691 0.554238 0.071553
v -0.065819 0.554709 0.024825
v -0.053284 0.554709 0.045354
v -0.034878 0.554709 0.060411
v -0.012635 0.554709 0.068822
v 0.011410 0.554709 0.069414
v -0.064855 0.557182 0.024619
v -0.052567 0.557182 0.044915
v -0.034496 0.557182 0.059749
v -0.012614 0.557182 0.067982
v 0.011107 0.557182 0.068476
v -0.065851 0.559184 0.025033
v -0.053388 0.559184 0.045655
v -0.035054 0.559184 0.060716
v -0.012844 0.559184 0.069063
v 0.011247 0.559184 0.069545
v -0.066864 0.561186 0.025549
v -0.054262 0.561186 0.046546
v -0.035701 0.561186 0.061836
v -0.013179 0.561186 0.070265
v 0.011306 0.561186 0.070681
v -0.067877 0.563187 0.026066
v -0.055136 0.563187 0.047436
v -0.036347 0.563188 0.062955
v -0.013513 0.563188 0.071467
v 0.011365 0.563188 0.071816
v -0.068873 0.565189 0.026479
v -0.055957 0.565189 0.048176
v -0.036906 0.565189 0.063923
v -0.013743 0.565189 0.072549
v 0.011505 0.565189 0.072886
v -0.065875 0.569075 0.025838
v -0.053726 0.569075 0.046811
v -0.035716 0.569075 0.061862
v -0.013677 0.569075 0.069934
v 0.010561 0.569075 0.069968
v -0.061779 0.570959 0.024140
v -0.050348 0.570959 0.043769
v -0.033420 0.570959 0.057886
v -0.012731 0.570959 0.065487
v 0.009984 0.570959 0.065572
v -0.057615 0.572844 0.022015
v -0.046756 0.572844 0.040107
v -0.030762 0.572844 0.053282
v -0.011356 0.572844 0.060546
v 0.009742 0.572844 0.060904
v -0.053452 0.574728 0.019891
v -0.043164 0.574728 0.036446
v -0.028104 0.574728 0.048679
v -0.009981 0.574728 0.055604
v 0.009500 0.574728 0.056236
v -0.049355 0.576612 0.018192
v -0.039786 0.576612 0.033403
v -0.025809 0.576612 0.044702
v -0.009035 0.576612 0.051158
v 0.008923 0.576612 0.051839
v -0.045462 0.579950 0.017360
v -0.036889 0.579950 0.031631
v -0.024264 0.579950 0.042027
v -0.008948 0.579950 0.047762
v 0.007697 0.579950 0.048052
v -0.045534 0.581405 0.017390
v -0.036948 0.581405 0.031684
v -0.024304 0.581405 0.042096
v -0.008965 0.581405 0.047840
v 0.007707 0.581405 0.048128
v -0.045606 0.582859 0.017427
v -0.037011 0.582859 0.031748
v -0.024351 0.582859 0.042177
v -0.008989 0.582859 0.047926
v 0.007712 0.582859 0.048210
v -0.045679 0.584314 0.017464
v -0.037073 0.584314 0.031812
v -0.024397 0.584314 0.042257
v -0.009013 0.584314 0.048012
v 0.007716 0.584314 0.048291
v -0.045750 0.585768 0.017493
v -0.037132 0.585768 0.031865
v -0.024437 0.585768 0.042326
v -0.009029 0.585768 0.048090
v 0.007726 0.585768 0.048368
v -0.047265 0.588224 0.017817
v -0.038260 0.588224 0.032554
v -0.025038 0.588224 0.043367
v -0.009063 0.588224 0.049411
v 0.008203 0.588224 0.049842
v -0.048760 0.589225 0.018437
v -0.039492 0.589225 0.033664
v -0.025876 0.589225 0.044818
v -0.009408 0.589225 0.051033
v 0.008413 0.589225 0.051446
v -0.050279 0.590226 0.019212
v -0.040803 0.590226 0.035000
v -0.026845 0.590226 0.046498
v -0.009910 0.590226 0.052836
v 0.008502 0.590226 0.053149
v -0.051798 0.591227 0.019987
v -0.042113 0.591227 0.036336
v -0.027815 0.591227 0.048177
v -0.010411 0.591227 0.054639
v 0.008590 0.591227 0.054852
v -0.053293 0.592228 0.020607
v -0.043346 0.592227 0.037446
v -0.028653 0.592228 0.049628
v -0.010756 0.592228 0.056262
v 0.008801 0.592228 0.056456
v -0.054738 0.593935 0.020916
v -0.044422 0.593935 0.038105
v -0.029226 0.593935 0.050622
v -0.010789 0.593935 0.057523
v 0.009256 0.593935 0.057863
v -0.054738 0.594642 0.020916
v -0.044422 0.594642 0.038105
v -0.029226 0.594642 0.050622
v -0.010789 0.594642 0.057523
v 0.009256 0.594642 0.057863
v -0.054738 0.595348 0.020916
v -0.044421 0.595348 0.038105
v -0.029226 0.595348 0.050622
v -0.010789 0.595348 0.057523
v 0.009256 0.595348 0.057863
v -0.054738 0.596055 0.020916
v -0.044421 0.596055 0.038105
v -0.029226 0.596055 0.050622
v -0.010789 0.596055 0.057523
v 0.009256 0.596055 0.057863
v -0.054738 0.596761 0.020916
v -0.044421 0.596761 0.038105
v -0.029226 0.596761 0.050622
v -0.010789 0.596761 0.057523
v 0.009256 0.596761 0.057863
v -0.053400 0.598233 0.020630
v -0.043425 0.598233 0.037495
v -0.028695 0.598233 0.049702
v -0.010759 0.598233 0.056355
v 0.008834 0.598233 0.056560
v -0.052016 0.598998 0.020056
v -0.042284 0.598998 0.036467
v -0.027920 0.598998 0.048358
v -0.010439 0.598998 0.054853
v 0.008639 0.598998 0.055075
v -0.050609 0.599764 0.019338
v -0.041071 0.599764 0.035230
v -0.027022 0.599764 0.046803
v -0.009975 0.599764 0.053184
v 0.008558 0.599764 0.053498
v -0.049203 0.600529 0.018621
v -0.039857 0.600529 0.033993
v -0.026124 0.600529 0.045248
v -0.009510 0.600529 0.051514
v 0.008476 0.600529 0.051921
v -0.047819 0.601295 0.018047
v -0.038716 0.601295 0.032965
v -0.025348 0.601295 0.043905
v -0.009191 0.601295 0.050012
v 0.008281 0.601295 0.050436
v -0.046427 0.606476 0.017749
v -0.037680 0.606476 0.032332
v -0.024796 0.606476 0.042948
v -0.009160 0.606476 0.048798
v 0.007843 0.606476 0.049081
v -0.046371 0.610892 0.017726
v -0.037634 0.610892 0.032291
v -0.024765 0.610892 0.042894
v -0.009147 0.610892 0.048738
v 0.007835 0.610892 0.049022
v -0.046315 0.615308 0.017697
v -0.037586 0.615308 0.032241
v -0.024729 0.615308 0.042832
v -0.009128 0.615308 0.048671
v 0.007831 0.615308 0.048959
v -0.046259 0.619724 0.017669
v -0.037537 0.619724 0.032192
v -0.024693 0.619724 0.042770
v -0.009110 0.619724 0.048604
v 0.007828 0.619724 0.048896
v -0.046203 0.624139 0.017646
v -0.037492 0.624139 0.032150
v -0.024662 0.624139 0.042716
v -0.009097 0.624139 0.048544
v 0.007820 0.624139 0.048836
v -0.048667 0.634434 0.018204
v -0.039316 0.634434 0.033297
v -0.025621 0.634434 0.044425
v -0.009126 0.634434 0.050698
v 0.008627 0.634434 0.051229
v -0.051262 0.640313 0.019316
v -0.041443 0.640313 0.035260
v -0.027053 0.640313 0.046974
v -0.009694 0.640313 0.053537
v 0.009028 0.640313 0.054025
v -0.053897 0.646192 0.020700
v -0.043703 0.646192 0.037619
v -0.028711 0.646192 0.049926
v -0.010533 0.646192 0.056694
v 0.009217 0.646192 0.056995
v -0.056532 0.652070 0.022084
v -0.045963 0.652070 0.039977
v -0.030368 0.652070 0.052877
v -0.011371 0.652070 0.059851
v 0.009406 0.652070 0.059966
v -0.059128 0.657949 0.023197
v -0.048091 0.657949 0.041940
v -0.031800 0.657949 0.055427
v -0.011940 0.657949 0.062689
v 0.009807 0.657949 0.062761
v -0.065071 0.665603 0.024468
v -0.052513 0.665603 0.044646
v -0.034158 0.665603 0.059510
v -0.012072 0.665603 0.067873
v 0.011678 0.665603 0.068543
v -0.068620 0.667379 0.025903
v -0.055452 0.667379 0.047247
v -0.036170 0.667379 0.062926
v -0.012922 0.667379 0.071704
v 0.012143 0.667379 0.072343
v -0.072230 0.669154 0.027705
v -0.058581 0.669154 0.050380
v -0.038499 0.669154 0.066880
v -0.014146 0.669154 0.075959
v 0.012317 0.669154 0.076375
v -0.075840 0.670930 0.029508
v -0.061709 0.670929 0.053514
v -0.040828 0.670930 0.070834
v -0.015370 0.670930 0.080215
v 0.012490 0.670930 0.080406
v -0.079389 0.672705 0.030943
v -0.064648 0.672705 0.056115
v -0.042840 0.672705 0.074249
v -0.016221 0.672705 0.084046
v 0.012955 0.672705 0.084206
v -0.081102 0.677483 0.031278
v -0.065932 0.677483 0.056870
v -0.043538 0.677483 0.075410
v -0.016284 0.677483 0.085534
v 0.013464 0.677483 0.085876
v -0.079331 0.680486 0.030544
v -0.064471 0.680486 0.055554
v -0.042545 0.680486 0.073691
v -0.015875 0.680486 0.083611
v 0.013214 0.680486 0.083974
v -0.077531 0.683489 0.029625
v -0.062918 0.683489 0.053971
v -0.041396 0.683489 0.071700
v -0.015281 0.683489 0.081474
v 0.013110 0.683489 0.081956
v -0.075730 0.686491 0.028706
v -0.061365 0.686491 0.052387
v -0.040246 0.686491 0.069709
v -0.014686 0.686491 0.079337
v 0.013005 0.686491 0.079938
v -0.073959 0.689494 0.027972
v -0.059904 0.689494 0.051072
v -0.039254 0.689494 0.067989
v -0.014277 0.689494 0.077414
v 0.012755 0.689494 0.078036
v -0.068658 0.690848 0.026838
v -0.055959 0.690848 0.048658
v -0.037151 0.690848 0.064347
v -0.014160 0.690848 0.072791
v 0.011086 0.690848 0.072879
v -0.064949 0.689200 0.025301
v -0.052901 0.689200 0.045904
v -0.035072 0.689200 0.060747
v -0.013303 0.689200 0.068766
v 0.010564 0.689200 0.068898
v -0.061180 0.687551 0.023377
v -0.049649 0.687551 0.042589
v -0.032665 0.687551 0.056579
v -0.012058 0.687551 0.064292
v 0.010345 0.687551 0.064672
v -0.057410 0.685903 0.021454
v -0.046396 0.685903 0.039273
v -0.030259 0.685903 0.052410
v -0.010813 0.685903 0.059817
v 0.010126 0.685903 0.060446
v -0.053701 0.684254 0.019916
v -0.043338 0.684254 0.036519
v -0.028180 0.684254 0.048810
v -0.009957 0.684254 0.055792
v 0.009603 0.684254 0.056465
v -0.049219 0.686316 0.018958
v -0.040003 0.686316 0.034478
v -0.026402 0.686316 0.045730
v -0.009857 0.686316 0.051882
v 0.008192 0.686316 0.052104
v -0.048294 0.690027 0.018574
v -0.039240 0.690027 0.033791
v -0.025884 0.690027 0.044832
v -0.009644 0.690027 0.050878
v 0.008062 0.690027 0.051111
v -0.047354 0.693738 0.018094
v -0.038429 0.693738 0.032964
v -0.025283 0.693738 0.043792
v -0.009333 0.693738 0.049762
v 0.008007 0.693738 0.050057
v -0.046413 0.697449 0.017614
v -0.037617 0.697449 0.032137
v -0.024683 0.697449 0.042753
v -0.009023 0.697449 0.048646
v 0.007952 0.697449 0.049002
v -0.045488 0.701160 0.017231
v -0.036855 0.701160 0.031450
v -0.024165 0.701160 0.041855
v -0.008809 0.701160 0.047642
v 0.007822 0.701160 0.048009
v -0.042184 0.707639 0.016524
v -0.034396 0.707639 0.029946
v -0.022854 0.707639 0.039584
v -0.008736 0.707639 0.044760
v 0.006782 0.707639 0.044795
v -0.039693 0.710406 0.015491
v -0.032342 0.710406 0.028095
v -0.021458 0.710406 0.037166
v -0.008160 0.710406 0.042056
v 0.006431 0.710406 0.042121
v -0.037161 0.713173 0.014200
v -0.030157 0.713173 0.025869
v -0.019841 0.713173 0.034366
v -0.007324 0.713173 0.039051
v 0.006284 0.713173 0.039282
v -0.034629 0.715940 0.012908
v -0.027973 0.715940 0.023642
v -0.018225 0.715940 0.031567
v -0.006488 0.715940 0.036046
v 0.006137 0.715940 0.036444
v -0.032138 0.718708 0.011875
v -0.025919 0.718708 0.021792
v -0.016829 0.718708 0.029149
v -0.005913 0.718708 0.033342
v 0.005786 0.718708 0.033770
v -0.026088 0.723241 0.010581
v -0.021416 0.723241 0.019037
v -0.014429 0.723241 0.024991
v -0.005778 0.723241 0.028066
v 0.003881 0.723241 0.027883
v -0.022324 0.725008 0.009020
v -0.018312 0.725008 0.016242
v -0.012319 0.725008 0.021337
v -0.004909 0.725008 0.023980
v 0.003350 0.725008 0.023843
v -0.018498 0.726774 0.007068
v -0.015011 0.726774 0.012877
v -0.009876 0.726774 0.017107
v -0.003646 0.726774 0.019439
v 0.003128 0.726774 0.019554
v -0.014672 0.728540 0.005116
v -0.011711 0.728540 0.009512
v -0.007434 0.728540 0.012877
v -0.002382 0.728540 0.014898
v 0.002906 0.728540 0.015265
v -0.010908 0.730307 0.003555
v -0.008607 0.730307 0.006716
v -0.005324 0.730307 0.009222
v -0.001513 0.730307 0.010812
v 0.002375 0.730307 0.011224
v -0.008766 0.733486 0.003097
v -0.007013 0.733486 0.005741
v -0.004475 0.733486 0.007751
v -0.001465 0.733486 0.008944
v 0.001701 0.733486 0.009141
v -0.010316 0.734899 0.003740
v -0.008291 0.734899 0.006893
v -0.005343 0.734899 0.009255
v -0.001823 0.734899 0.010627
v 0.001919 0.734899 0.010804
v -0.011891 0.736312 0.004544
v -0.009650 0.736312 0.008278
v -0.006349 0.736312 0.010997
v -0.002344 0.736312 0.012496
v 0.002011 0.736312 0.012570
v -0.013467 0.737725 0.005348
v -0.011009 0.737725 0.009664
v -0.007355 0.737725 0.012739
v -0.002864 0.737725 0.014366
v 0.002102 0.737725 0.014337
v -0.015017 0.739138 0.005990
v -0.012287 0.739138 0.010815
v -0.008223 0.739138 0.014244
v -0.003222 0.739138 0.016049
v 0.002321 0.739138 0.016000
v -0.017170 0.742940 0.006463
v -0.013886 0.742939 0.011804
v -0.009071 0.742940 0.015729
v -0.003260 0.742940 0.017929
v 0.003010 0.742940 0.018094
v -0.017843 0.745328 0.006756
v -0.014437 0.745327 0.012318
v -0.009439 0.745328 0.016394
v -0.003404 0.745328 0.018668
v 0.003119 0.745328 0.018820
v -0.018526 0.747716 0.007119
v -0.015021 0.747716 0.012935
v -0.009866 0.747716 0.017164
v -0.003617 0.747716 0.019490
v 0.003172 0.747716 0.019592
v -0.019210 0.750104 0.007483
v -0.015605 0.750104 0.013551
v -0.010293 0.750104 0.017934
v -0.003830 0.750104 0.020312
v 0.003226 0.750104 0.020364
v -0.019883 0.752492 0.007776
v -0.016156 0.752492 0.014065
v -0.010662 0.752492 0.018599
v -0.003974 0.752492 0.021051
v 0.003334 0.752492 0.021091
v -0.019256 0.757255 0.007633
v -0.015691 0.757255 0.013772
v -0.010418 0.757255 0.018164
v -0.003968 0.757255 0.020502
v 0.003127 0.757255 0.020481
v -0.017935 0.759630 0.007061
v -0.014611 0.759630 0.012768
v -0.009693 0.759630 0.016862
v -0.003683 0.759630 0.019055
v 0.002918 0.759630 0.019058
v -0.016595 0.762006 0.006351
v -0.013464 0.762006 0.011562
v -0.008854 0.762006 0.015355
v -0.003262 0.762006 0.017445
v 0.002816 0.762006 0.017545
v -0.015255 0.764381 0.005641
v -0.012317 0.764381 0.010356
v -0.008015 0.764381 0.013848
v -0.002841 0.764381 0.015835
v 0.002714 0.764381 0.016032
v -0.013935 0.766756 0.005070
v -0.011237 0.766756 0.009352
v -0.007290 0.766756 0.012547
v -0.002556 0.766756 0.014388
v 0.002505 0.766756 0.014608
v -0.010604 0.769726 0.004346
v -0.008761 0.769726 0.007826
v -0.005976 0.769726 0.010252
v -0.002492 0.769726 0.011480
v 0.001444 0.769726 0.011369
v -0.008483 0.770321 0.003476
v -0.007009 0.770321 0.006261
v -0.004781 0.770321 0.008201
v -0.001994 0.770321 0.009184
v 0.001155 0.770321 0.009095
v -0.006327 0.770915 0.002387
v -0.005145 0.770915 0.004376
v -0.003397 0.770915 0.005828
v -0.001273 0.770915 0.006633
v 0.001040 0.770915 0.006682
v -0.004170 0.771510 0.001298
v -0.003280 0.771510 0.002491
v -0.002013 0.771510 0.003454
v -0.000551 0.771510 0.004082
v 0.000925 0.771510 0.004269
v -0.002050 0.772104 0.000429
v -0.001528 0.772104 0.000926
v -0.000818 0.772104 0.001404
v -0.000053 0.772104 0.001786
v 0.000637 0.772104 0.001995
v 0.014515 0.170771 0.015869
v 0.016304 0.170771 0.008700
v 0.016900 0.170771 0.000000
v 0.016304 0.170771 -0.008700
v 0.014515 0.170771 -0.015869
v 0.032396 0.170771 0.029579
v 0.038273 0.170771 0.015833
v 0.040232 0.170771 0.000000
v 0.038273 0.170771 -0.015833
v 0.032396 0.170771 -0.029579
v 0.052321 0.170771 0.042502
v 0.063511 0.170771 0.022337
v 0.067241 0.170771 0.000000
v 0.063511 0.170771 -0.022337
v 0.052321 0.170771 -0.042502
v 0.072246 0.170771 0.055425
v 0.088750 0.170771 0.028842
v 0.094251 0.170771 0.000000
v 0.088750 0.170771 -0.028842
v 0.072246 0.170771 -0.055425
v 0.090128 0.170771 0.069135
v 0.110718 0.170771 0.035975
v 0.117582 0.170771 0.000000
v 0.110718 0.170771 -0.035975
v 0.090128 0.170771 -0.069135
v 0.103921 0.176423 0.084418
v 0.126147 0.176423 0.044367
v 0.133556 0.176423 0.000000
v 0.126147 0.176423 -0.044367
v 0.103922 0.176423 -0.084418
v 0.103921 0.182076 0.084418
v 0.126147 0.182076 0.044367
v 0.133556 0.182076 0.000000
v 0.126147 0.182076 -0.044367
v 0.103922 0.182076 -0.084418
v 0.103922 0.187728 0.084418
v 0.126147 0.187728 0.044367
v 0.133556 0.187728 0.000000
v 0.126147 0.187728 -0.044367
v 0.103922 0.187728 -0.084418
v 0.103922 0.193380 0.084418
v 0.126147 0.193380 0.044367
v 0.133556 0.193380 0.000000
v 0.126147 0.193380 -0.044367
v 0.103922 0.193380 -0.084418
v 0.103921 0.199033 0.084418
v 0.126147 0.199033 0.044367
v 0.133556 0.199033 0.000000
v 0.126147 0.199033 -0.044367
v 0.103922 0.199033 -0.084418
v 0.101830 0.205627 0.082101
v 0.123808 0.205627 0.043095
v 0.131134 0.205627 0.000000
v 0.123808 0.205627 -0.043095
v 0.101830 0.205627 -0.082101
v 0.099120 0.206569 0.080023
v 0.120478 0.206569 0.042013
v 0.127597 0.206569 0.000000
v 0.120478 0.206569 -0.042013
v 0.099120 0.206569 -0.080023
v 0.096099 0.207511 0.078064
v 0.116652 0.207511 0.041027
v 0.123503 0.207511 0.000000
v 0.116652 0.207511 -0.041027
v 0.096099 0.207511 -0.078064
v 0.093079 0.208453 0.076105
v 0.112826 0.208453 0.040041
v 0.119408 0.208453 0.000000
v 0.112826 0.208453 -0.040041
v 0.093079 0.208453 -0.076105
v 0.090368 0.209395 0.074026
v 0.109496 0.209395 0.038960
v 0.115871 0.209395 0.000000
v 0.109496 0.209395 -0.038960
v 0.090368 0.209395 -0.074026
v 0.089708 0.212221 0.073295
v 0.108757 0.212221 0.038558
v 0.115107 0.212221 0.000000
v 0.108757 0.212221 -0.038558
v 0.089708 0.212221 -0.073295
v 0.091562 0.214105 0.074717
v 0.111036 0.214105 0.039298
v 0.117527 0.214105 0.000000
v 0.111036 0.214105 -0.039298
v 0.091562 0.214105 -0.074717
v 0.093629 0.215989 0.076057
v 0.113653 0.215989 0.039973
v 0.120328 0.215989 0.000000
v 0.113653 0.215989 -0.039973
v 0.093629 0.215989 -0.076057
v 0.095696 0.217874 0.077398
v 0.116271 0.217874 0.040647
v 0.123130 0.217874 0.000000
v 0.116271 0.217874 -0.040647
v 0.095696 0.217874 -0.077397
v 0.097550 0.219758 0.078820
v 0.118550 0.219758 0.041387
v 0.125550 0.219758 0.000000
v 0.118550 0.219758 -0.041387
v 0.097550 0.219758 -0.078820
v 0.099531 0.226293 0.081014
v 0.120766 0.226293 0.042593
v 0.127844 0.226293 0.000000
v 0.120766 0.226293 -0.042593
v 0.099531 0.226293 -0.081014
v 0.100245 0.230945 0.081561
v 0.121642 0.230945 0.042877
v 0.128775 0.230944 0.000000
v 0.121642 0.230944 -0.042877
v 0.100245 0.230945 -0.081561
v 0.101040 0.235596 0.082077
v 0.122649 0.235596 0.043137
v 0.129852 0.235596 0.000000
v 0.122649 0.235596 -0.043137
v 0.101040 0.235596 -0.082077
v 0.101834 0.240247 0.082593
v 0.123656 0.240247 0.043396
v 0.130930 0.240247 0.000000
v 0.123656 0.240247 -0.043396
v 0.101835 0.240247 -0.082592
v 0.102548 0.244899 0.083139
v 0.124532 0.244899 0.043681
v 0.131860 0.244899 0.000000
v 0.124532 0.244899 -0.043681
v 0.102548 0.244899 -0.083139
v 0.102034 0.253142 0.082570
v 0.123958 0.253142 0.043368
v 0.131266 0.253142 0.000000
v 0.123958 0.253142 -0.043368
v 0.102034 0.253142 -0.082570
v 0.100655 0.256733 0.081513
v 0.122263 0.256733 0.042818
v 0.129466 0.256733 0.000000
v 0.122263 0.256733 -0.042818
v 0.100655 0.256733 -0.081513
v 0.099118 0.260325 0.080516
v 0.120317 0.260325 0.042316
v 0.127383 0.260325 0.000000
v 0.120317 0.260325 -0.042316
v 0.099118 0.260325 -0.080516
v 0.097582 0.263916 0.079519
v 0.118370 0.263916 0.041815
v 0.125300 0.263916 0.000000
v 0.118370 0.263916 -0.041815
v 0.097582 0.263916 -0.079519
v 0.096202 0.267508 0.078462
v 0.116676 0.267508 0.041265
v 0.123500 0.267508 0.000000
v 0.116676 0.267508 -0.041265
v 0.096202 0.267508 -0.078462
v 0.092240 0.276163 0.074072
v 0.112244 0.276163 0.038854
v 0.118912 0.276163 0.000000
v 0.112244 0.276163 -0.038854
v 0.092240 0.276163 -0.074072
v 0.088483 0.281226 0.071192
v 0.107628 0.281226 0.037355
v 0.114010 0.281226 0.000000
v 0.107628 0.281226 -0.037355
v 0.088483 0.281226 -0.071192
v 0.084297 0.286290 0.068476
v 0.102326 0.286290 0.035989
v 0.108335 0.286290 0.000000
v 0.102326 0.286290 -0.035989
v 0.084297 0.286290 -0.068476
v 0.080111 0.291353 0.065761
v 0.097023 0.291353 0.034622
v 0.102660 0.291353 0.000000
v 0.097023 0.291353 -0.034622
v 0.080111 0.291353 -0.065761
v 0.076354 0.296417 0.062881
v 0.092407 0.296417 0.033123
v 0.097758 0.296417 0.000000
v 0.092407 0.296417 -0.033123
v 0.076354 0.296417 -0.062881
v 0.072832 0.304012 0.058979
v 0.088468 0.304012 0.030981
v 0.093680 0.304012 0.000000
v 0.088468 0.304012 -0.030981
v 0.072832 0.304012 -0.058979
v 0.072023 0.306544 0.058359
v 0.087474 0.306544 0.030658
v 0.092625 0.306544 0.000000
v 0.087475 0.306544 -0.030658
v 0.072023 0.306544 -0.058359
v 0.071122 0.309076 0.057774
v 0.086333 0.309076 0.030364
v 0.091404 0.309076 0.000000
v 0.086333 0.309076 -0.030364
v 0.071122 0.309076 -0.057774
v 0.070222 0.311607 0.057190
v 0.085192 0.311608 0.030070
v 0.090183 0.311607 0.000000
v 0.085192 0.311607 -0.030070
v 0.070222 0.311608 -0.057190
v 0.069413 0.314139 0.056570
v 0.084199 0.314139 0.029748
v 0.089128 0.314139 0.000000
v 0.084199 0.314139 -0.029748
v 0.069413 0.314139 -0.056570
v 0.069743 0.318378 0.056936
v 0.084568 0.318379 0.029948
v 0.089510 0.318378 0.000000
v 0.084568 0.318378 -0.029948
v 0.069743 0.318378 -0.056936
v 0.070980 0.320086 0.057884
v 0.086087 0.320086 0.030442
v 0.091123 0.320086 0.000000
v 0.086088 0.320086 -0.030442
v 0.070980 0.320086 -0.057884
v 0.072358 0.321793 0.058778
v 0.087833 0.321793 0.030891
v 0.092991 0.321793 0.000000
v 0.087833 0.321793 -0.030891
v 0.072358 0.321793 -0.058778
v 0.073735 0.323501 0.059671
v 0.089578 0.323501 0.031341
v 0.094859 0.323501 0.000000
v 0.089578 0.323501 -0.031341
v 0.073735 0.323501 -0.059671
v 0.074972 0.325208 0.060619
v 0.091097 0.325208 0.031834
v 0.096472 0.325208 0.000000
v 0.091097 0.325208 -0.031834
v 0.074972 0.325208 -0.060619
v 0.076806 0.327328 0.062652
v 0.093149 0.327328 0.032950
v 0.098596 0.327328 0.000000
v 0.093149 0.327328 -0.032950
v 0.076806 0.327328 -0.062652
v 0.077947 0.327740 0.063527
v 0.094551 0.327740 0.033406
v 0.100086 0.327740 0.000000
v 0.094551 0.327740 -0.033406
v 0.077947 0.327740 -0.063527
v 0.079219 0.328152 0.064352
v 0.096162 0.328152 0.033821
v 0.101810 0.328152 0.000000
v 0.096162 0.328152 -0.033821
v 0.079219 0.328152 -0.064352
v 0.080491 0.328564 0.065177
v 0.097773 0.328564 0.034236
v 0.103534 0.328564 0.000000
v 0.097773 0.328564 -0.034236
v 0.080491 0.328564 -0.065177
v 0.081632 0.328977 0.066052
v 0.099175 0.328977 0.034691
v 0.105023 0.328977 0.000000
v 0.099175 0.328977 -0.034691
v 0.081632 0.328977 -0.066052
v 0.081486 0.331391 0.065889
v 0.099011 0.331391 0.034602
v 0.104853 0.331391 0.000000
v 0.099011 0.331391 -0.034602
v 0.081486 0.331391 -0.065889
v 0.080154 0.333392 0.064868
v 0.097375 0.333392 0.034071
v 0.103115 0.333392 0.000000
v 0.097375 0.333392 -0.034071
v 0.080154 0.333392 -0.064868
v 0.078670 0.335394 0.063906
v 0.095496 0.335394 0.033587
v 0.101104 0.335394 0.000000
v 0.095496 0.335394 -0.033587
v 0.078670 0.335394 -0.063906
v 0.077187 0.337396 0.062943
v 0.093616 0.337396 0.033102
v 0.099093 0.337396 0.000000
v 0.093616 0.337396 -0.033102
v 0.077187 0.337396 -0.062943
v 0.075855 0.339398 0.061923
v 0.091980 0.339398 0.032571
v 0.097355 0.339398 0.000000
v 0.091980 0.339398 -0.032571
v 0.075855 0.339398 -0.061922
v 0.073727 0.341635 0.059565
v 0.089600 0.341635 0.031276
v 0.094891 0.341635 0.000000
v 0.089600 0.341635 -0.031276
v 0.073727 0.341635 -0.059565
v 0.072300 0.341871 0.058471
v 0.087847 0.341871 0.030707
v 0.093030 0.341871 0.000000
v 0.087847 0.341871 -0.030707
v 0.072301 0.341871 -0.058471
v 0.070711 0.342106 0.057440
v 0.085834 0.342106 0.030188
v 0.090875 0.342106 0.000000
v 0.085834 0.342106 -0.030188
v 0.070711 0.342106 -0.057440
v 0.069121 0.342342 0.056409
v 0.083820 0.342342 0.029669
v 0.088720 0.342342 0.000000
v 0.083820 0.342342 -0.029669
v 0.069121 0.342342 -0.056409
v 0.067694 0.342577 0.055315
v 0.082067 0.342577 0.029100
v 0.086858 0.342577 0.000000
v 0.082067 0.342577 -0.029100
v 0.067694 0.342577 -0.055315
v 0.063871 0.351536 0.051079
v 0.077791 0.351536 0.026774
v 0.082431 0.351536 0.000000
v 0.077791 0.351536 -0.026774
v 0.063871 0.351536 -0.051079
v 0.060342 0.360258 0.048374
v 0.073456 0.360258 0.025367
v 0.077827 0.360258 0.000000
v 0.073456 0.360258 -0.025367
v 0.060342 0.360258 -0.048374
v 0.056410 0.368981 0.045823
v 0.068475 0.368981 0.024083
v 0.072496 0.368981 0.000000
v 0.068475 0.368981 -0.024083
v 0.056410 0.368981 -0.045823
v 0.052478 0.377704 0.043273
v 0.063494 0.377704 0.022799
v 0.067166 0.377704 0.000000
v 0.063494 0.377704 -0.022799
v 0.052478 0.377704 -0.043273
v 0.048949 0.386427 0.040567
v 0.059158 0.386427 0.021392
v 0.062561 0.386427 0.000000
v 0.059158 0.386427 -0.021392
v 0.048949 0.386427 -0.040567
v 0.045126 0.405630 0.036332
v 0.054882 0.405630 0.019066
v 0.058134 0.405630 0.000000
v 0.054882 0.405630 -0.019066
v 0.045126 0.405630 -0.036332
v 0.043699 0.416110 0.035238
v 0.053129 0.416110 0.018497
v 0.056273 0.416110 0.000000
v 0.053129 0.416110 -0.018497
v 0.043699 0.416110 -0.035238
v 0.042110 0.426590 0.034207
v 0.051116 0.426590 0.017978
v 0.054118 0.426590 -0.000000
v 0.051116 0.426590 -0.017978
v 0.042110 0.426590 -0.034207
v 0.040520 0.437071 0.033175
v 0.049102 0.437071 0.017459
v 0.051963 0.437071 -0.000000
v 0.049102 0.437071 -0.017459
v 0.040520 0.437071 -0.033176
v 0.039093 0.447551 0.032082
v 0.047349 0.447551 0.016890
v 0.050101 0.447551 -0.000000
v 0.047349 0.447551 -0.016890
v 0.039093 0.447551 -0.032082
v 0.038543 0.468983 0.031472
v 0.046734 0.468983 0.016555
v 0.049464 0.468983 -0.000000
v 0.046734 0.468983 -0.016555
v 0.038543 0.468983 -0.031472
v 0.039256 0.479934 0.032019
v 0.047610 0.479934 0.016839
v 0.050395 0.479934 -0.000000
v 0.047610 0.479934 -0.016839
v 0.039256 0.479934 -0.032019
v 0.040051 0.490885 0.032534
v 0.048617 0.490885 0.017099
v 0.051472 0.490885 -0.000000
v 0.048617 0.490885 -0.017099
v 0.040051 0.490885 -0.032534
v 0.040846 0.501837 0.033050
v 0.049624 0.501837 0.017358
v 0.052550 0.501837 -0.000000
v 0.049624 0.501837 -0.017358
v 0.040846 0.501837 -0.033050
v 0.041559 0.512788 0.033597
v 0.050500 0.512788 0.017643
v 0.053480 0.512788 -0.000000
v 0.050500 0.512788 -0.017643
v 0.041559 0.512788 -0.033597
v 0.044091 0.523739 0.036402
v 0.053331 0.523739 0.019183
v 0.056412 0.523739 -0.000000
v 0.053331 0.523739 -0.019183
v 0.044091 0.523739 -0.036402
v 0.046659 0.523739 0.038370
v 0.056487 0.523739 0.020207
v 0.059762 0.523739 -0.000000
v 0.056487 0.523739 -0.020207
v 0.046659 0.523739 -0.038371
v 0.049520 0.523739 0.040226
v 0.060111 0.523739 0.021142
v 0.063642 0.523739 -0.000000
v 0.060111 0.523739 -0.021142
v 0.049520 0.523739 -0.040227
v 0.052382 0.523739 0.042082
v 0.063736 0.523739 0.022076
v 0.067521 0.523739 -0.000000
v 0.063736 0.523739 -0.022076
v 0.052382 0.523739 -0.042083
v 0.054950 0.523739 0.044051
v 0.066891 0.523739 0.023100
v 0.070871 0.523739 -0.000000
v 0.066891 0.523739 -0.023100
v 0.054950 0.523739 -0.044051
v 0.058479 0.526053 0.047951
v 0.070836 0.526053 0.025239
v 0.074952 0.526053 -0.000006
v 0.070830 0.526053 -0.025250
v 0.058469 0.526053 -0.047961
v 0.060485 0.528367 0.049478
v 0.073296 0.528367 0.026029
v 0.077562 0.528367 -0.000014
v 0.073285 0.528367 -0.026055
v 0.060464 0.528367 -0.049501
v 0.062718 0.530681 0.050917
v 0.076121 0.530681 0.026747
v 0.080584 0.530681 -0.000024
v 0.076106 0.530681 -0.026792
v 0.062688 0.530681 -0.050953
v 0.064951 0.532995 0.052355
v 0.078947 0.532995 0.027466
v 0.083605 0.532995 -0.000033
v 0.078927 0.532995 -0.027528
v 0.064912 0.532995 -0.052406
v 0.066956 0.535309 0.053883
v 0.081407 0.535309 0.028256
v 0.086215 0.535309 -0.000041
v 0.081381 0.535309 -0.028334
v 0.066908 0.535309 -0.053946
v 0.067764 0.540078 0.054777
v 0.082309 0.540078 0.028747
v 0.087149 0.540078 -0.000041
v 0.082284 0.540078 -0.028825
v 0.067715 0.540078 -0.054840
v 0.066805 0.542533 0.054052
v 0.081135 0.542533 0.028374
v 0.085905 0.542533 -0.000033
v 0.081115 0.542533 -0.028437
v 0.066766 0.542533 -0.054103
v 0.065737 0.544989 0.053369
v 0.079786 0.544989 0.028036
v 0.084464 0.544989 -0.000024
v 0.079770 0.544989 -0.028081
v 0.065707 0.544989 -0.053406
v 0.064670 0.547444 0.052687
v 0.078437 0.547444 0.027698
v 0.083023 0.547444 -0.000014
v 0.078426 0.547444 -0.027725
v 0.064649 0.547444 -0.052710
v 0.063711 0.549899 0.051962
v 0.077263 0.549899 0.027326
v 0.081778 0.549899 -0.000006
v 0.077257 0.549899 -0.027337
v 0.063700 0.549899 -0.051972
v 0.061649 0.552825 0.049688
v 0.074959 0.552825 0.026080
v 0.079396 0.552825 -0.000000
v 0.074959 0.552825 -0.026080
v 0.061649 0.552825 -0.049688
v 0.059937 0.553296 0.048376
v 0.072856 0.553296 0.025397
v 0.077162 0.553296 -0.000000
v 0.072856 0.553296 -0.025397
v 0.059937 0.553296 -0.048376
v 0.058029 0.553767 0.047138
v 0.070440 0.553767 0.024774
v 0.074576 0.553767 -0.000000
v 0.070440 0.553767 -0.024774
v 0.058029 0.553767 -0.047138
v 0.056121 0.554238 0.045901
v 0.068023 0.554238 0.024151
v 0.071990 0.554238 -0.000000
v 0.068023 0.554238 -0.024151
v 0.056121 0.554238 -0.045901
v 0.054409 0.554709 0.044588
v 0.065920 0.554709 0.023468
v 0.069757 0.554709 -0.000000
v 0.065920 0.554709 -0.023468
v 0.054409 0.554709 -0.044588
v 0.053749 0.557182 0.043857
v 0.065181 0.557182 0.023067
v 0.068992 0.557182 -0.000000
v 0.065181 0.557182 -0.023067
v 0.053749 0.557182 -0.043857
v 0.054605 0.559184 0.044513
v 0.066233 0.559184 0.023408
v 0.070109 0.559184 -0.000000
v 0.066233 0.559184 -0.023408
v 0.054605 0.559184 -0.044513
v 0.055559 0.561186 0.045132
v 0.067441 0.561186 0.023719
v 0.071402 0.561186 -0.000000
v 0.067441 0.561186 -0.023720
v 0.055559 0.561186 -0.045132
v 0.056513 0.563187 0.045750
v 0.068649 0.563187 0.024031
v 0.072695 0.563188 -0.000000
v 0.068649 0.563188 -0.024031
v 0.056512 0.563188 -0.045750
v 0.057369 0.565189 0.046407
v 0.069701 0.565189 0.024372
v 0.073812 0.565189 -0.000000
v 0.069701 0.565189 -0.024372
v 0.057368 0.565189 -0.046407
v 0.055314 0.569075 0.044130
v 0.067403 0.569075 0.023122
v 0.071433 0.569075 -0.000000
v 0.067403 0.569075 -0.023123
v 0.055314 0.569075 -0.044130
v 0.051795 0.570959 0.041432
v 0.063079 0.570959 0.021719
v 0.066841 0.570959 -0.000000
v 0.063079 0.570959 -0.021719
v 0.051795 0.570959 -0.041432
v 0.047874 0.572844 0.038889
v 0.058112 0.572844 0.020438
v 0.061525 0.572844 -0.000000
v 0.058112 0.572844 -0.020439
v 0.047873 0.572844 -0.038889
v 0.043952 0.574728 0.036345
v 0.053145 0.574728 0.019158
v 0.056209 0.574728 -0.000000
v 0.053145 0.574728 -0.019158
v 0.043952 0.574728 -0.036345
v 0.040433 0.576612 0.033647
v 0.048821 0.576612 0.017754
v 0.051618 0.576612 -0.000000
v 0.048821 0.576612 -0.017755
v 0.040433 0.576612 -0.033647
v 0.037765 0.579950 0.030692
v 0.045838 0.579950 0.016132
v 0.048529 0.579950 -0.000000
v 0.045838 0.579950 -0.016132
v 0.037765 0.579950 -0.030692
v 0.037827 0.581405 0.030739
v 0.045913 0.581405 0.016156
v 0.048609 0.581405 -0.000000
v 0.045913 0.581405 -0.016156
v 0.037827 0.581405 -0.030739
v 0.037895 0.582859 0.030783
v 0.046000 0.582859 0.016178
v 0.048701 0.582859 -0.000000
v 0.046000 0.582859 -0.016179
v 0.037895 0.582859 -0.030783
v 0.037964 0.584314 0.030828
v 0.046087 0.584314 0.016201
v 0.048794 0.584314 -0.000000
v 0.046087 0.584314 -0.016201
v 0.037964 0.584314 -0.030828
v 0.038025 0.585768 0.030875
v 0.046162 0.585768 0.016225
v 0.048874 0.585768 -0.000000
v 0.046162 0.585768 -0.016225
v 0.038025 0.585768 -0.030875
v 0.039063 0.588224 0.032024
v 0.047323 0.588224 0.016857
v 0.050076 0.588224 -0.000000
v 0.047323 0.588224 -0.016857
v 0.039063 0.588224 -0.032025
v 0.040347 0.589225 0.033009
v 0.048900 0.589225 0.017369
v 0.051752 0.589225 -0.000000
v 0.048900 0.589225 -0.017369
v 0.040347 0.589225 -0.033009
v 0.041778 0.590226 0.033937
v 0.050713 0.590226 0.017836
v 0.053691 0.590226 -0.000000
v 0.050713 0.590226 -0.017836
v 0.041778 0.590226 -0.033937
v 0.043209 0.591227 0.034865
v 0.052525 0.591227 0.018303
v 0.055631 0.591227 -0.000000
v 0.052525 0.591227 -0.018303
v 0.043209 0.591227 -0.034865
v 0.044493 0.592227 0.035849
v 0.054103 0.592228 0.018815
v 0.057306 0.592228 -0.000000
v 0.054103 0.592228 -0.018815
v 0.044493 0.592228 -0.035850
v 0.045483 0.593935 0.036947
v 0.055211 0.593935 0.019418
v 0.058453 0.593935 -0.000000
v 0.055211 0.593935 -0.019418
v 0.045483 0.593935 -0.036947
v 0.045483 0.594642 0.036947
v 0.055211 0.594642 0.019418
v 0.058453 0.594642 -0.000000
v 0.055211 0.594642 -0.019418
v 0.045483 0.594642 -0.036947
v 0.045483 0.595348 0.036947
v 0.055211 0.595348 0.019418
v 0.058453 0.595348 -0.000000
v 0.055211 0.595348 -0.019418
v 0.045483 0.595348 -0.036947
v 0.045483 0.596055 0.036947
v 0.055211 0.596055 0.019418
v 0.058453 0.596055 -0.000000
v 0.055211 0.596055 -0.019418
v 0.045483 0.596055 -0.036947
v 0.045483 0.596761 0.036947
v 0.055211 0.596761 0.019418
v 0.058453 0.596761 -0.000000
v 0.055211 0.596761 -0.019418
v 0.045483 0.596761 -0.036947
v 0.044566 0.598233 0.035931
v 0.054185 0.598233 0.018860
v 0.057391 0.598233 -0.000000
v 0.054185 0.598233 -0.018860
v 0.044566 0.598233 -0.035931
v 0.043377 0.598998 0.035019
v 0.052724 0.598998 0.018386
v 0.055840 0.598998 -0.000000
v 0.052724 0.598998 -0.018386
v 0.043377 0.598998 -0.035019
v 0.042052 0.599764 0.034160
v 0.051046 0.599764 0.017953
v 0.054044 0.599764 -0.000000
v 0.051046 0.599764 -0.017953
v 0.042052 0.599764 -0.034160
v 0.040727 0.600529 0.033301
v 0.049368 0.600529 0.017521
v 0.052248 0.600529 -0.000000
v 0.049368 0.600529 -0.017521
v 0.040727 0.600529 -0.033301
v 0.039538 0.601295 0.032389
v 0.047907 0.601295 0.017046
v 0.050697 0.601295 -0.000000
v 0.047907 0.601295 -0.017047
v 0.039538 0.601295 -0.032389
v 0.038585 0.606476 0.031332
v 0.046840 0.606476 0.016466
v 0.049592 0.606476 -0.000000
v 0.046840 0.606476 -0.016466
v 0.038585 0.606476 -0.031332
v 0.038537 0.610892 0.031296
v 0.046782 0.610892 0.016447
v 0.049530 0.610892 -0.000000
v 0.046782 0.610892 -0.016447
v 0.038537 0.610892 -0.031296
v 0.038484 0.615308 0.031261
v 0.046715 0.615308 0.016430
v 0.049458 0.615308 -0.000000
v 0.046715 0.615308 -0.016430
v 0.038484 0.615308 -0.031262
v 0.038431 0.619724 0.031227
v 0.046648 0.619724 0.016413
v 0.049386 0.619724 -0.000000
v 0.046648 0.619724 -0.016413
v 0.038431 0.619724 -0.031227
v 0.038384 0.624139 0.031191
v 0.046589 0.624139 0.016394
v 0.049324 0.624139 -0.000000
v 0.046589 0.624139 -0.016394
v 0.038384 0.624139 -0.031191
v 0.040098 0.634434 0.033045
v 0.048494 0.634434 0.017400
v 0.051284 0.634434 -0.000024
v 0.048469 0.634434 -0.017446
v 0.040053 0.634434 -0.033086
v 0.042360 0.640313 0.034736
v 0.051258 0.640313 0.018261
v 0.054208 0.640313 -0.000058
v 0.051212 0.640313 -0.018373
v 0.042273 0.640313 -0.034831
v 0.044876 0.646192 0.036326
v 0.054430 0.646192 0.019039
v 0.057592 0.646192 -0.000099
v 0.054365 0.646192 -0.019225
v 0.044751 0.646192 -0.036480
v 0.047392 0.652070 0.037916
v 0.057603 0.652070 0.019816
v 0.060977 0.652071 -0.000139
v 0.057518 0.652071 -0.020078
v 0.047229 0.652070 -0.038129
v 0.049653 0.657949 0.039608
v 0.060367 0.657949 0.020678
v 0.063901 0.657949 -0.000174
v 0.060261 0.657949 -0.021004
v 0.049449 0.657949 -0.039874
v 0.053725 0.665603 0.044119
v 0.064921 0.665603 0.023155
v 0.068617 0.665603 -0.000174
v 0.064815 0.665603 -0.023482
v 0.053521 0.665603 -0.044385
v 0.056743 0.667379 0.046475
v 0.068643 0.667379 0.024400
v 0.072581 0.667379 -0.000139
v 0.068558 0.667379 -0.024661
v 0.056580 0.667379 -0.046688
v 0.060109 0.669154 0.048700
v 0.072921 0.669154 0.025542
v 0.077169 0.669154 -0.000099
v 0.072856 0.669154 -0.025729
v 0.059984 0.669154 -0.048854
v 0.063475 0.670929 0.050926
v 0.077200 0.670930 0.026685
v 0.081758 0.670930 -0.000058
v 0.077153 0.670930 -0.026796
v 0.063388 0.670930 -0.051020
v 0.066492 0.672705 0.053281
v 0.080921 0.672705 0.027929
v 0.085722 0.672705 -0.000024
v 0.080896 0.672705 -0.027975
v 0.066447 0.672705 -0.053322
v 0.067639 0.677483 0.054598
v 0.082217 0.677483 0.028664
v 0.087076 0.677483 -0.000000
v 0.082217 0.677483 -0.028664
v 0.067639 0.677483 -0.054598
v 0.066117 0.680486 0.053431
v 0.080347 0.680486 0.028057
v 0.085091 0.680486 -0.000000
v 0.080347 0.680486 -0.028057
v 0.066117 0.680486 -0.053431
v 0.064421 0.683489 0.052331
v 0.078199 0.683489 0.027503
v 0.082792 0.683489 -0.000000
v 0.078199 0.683489 -0.027503
v 0.064421 0.683489 -0.052331
v 0.062726 0.686491 0.051231
v 0.076051 0.686491 0.026950
v 0.080493 0.686491 -0.000000
v 0.076051 0.686491 -0.026950
v 0.062726 0.686491 -0.051231
v 0.061204 0.689494 0.050064
v 0.074182 0.689494 0.026343
v 0.078508 0.689494 -0.000000
v 0.074182 0.689494 -0.026343
v 0.061204 0.689494 -0.050064
v 0.057572 0.690848 0.046040
v 0.070119 0.690848 0.024133
v 0.074302 0.690848 -0.000000
v 0.070119 0.690848 -0.024133
v 0.057572 0.690848 -0.046040
v 0.054386 0.689200 0.043597
v 0.066205 0.689200 0.022862
v 0.070144 0.689200 -0.000000
v 0.066205 0.689200 -0.022862
v 0.054386 0.689200 -0.043597
v 0.050835 0.687551 0.041295
v 0.061707 0.687551 0.021703
v 0.065331 0.687551 -0.000000
v 0.061707 0.687551 -0.021703
v 0.050835 0.687551 -0.041295
v 0.047285 0.685903 0.038992
v 0.057210 0.685903 0.020544
v 0.060519 0.685903 -0.000000
v 0.057210 0.685903 -0.020544
v 0.047285 0.685903 -0.038992
v 0.044098 0.684254 0.036549
v 0.053295 0.684254 0.019273
v 0.056361 0.684254 -0.000000
v 0.053295 0.684254 -0.019273
v 0.044098 0.684254 -0.036549
v 0.041027 0.686316 0.033146
v 0.049860 0.686316 0.017404
v 0.052805 0.686316 -0.000000
v 0.049860 0.686316 -0.017405
v 0.041027 0.686316 -0.033146
v 0.040233 0.690027 0.032537
v 0.048884 0.690027 0.017087
v 0.051768 0.690027 -0.000000
v 0.048884 0.690027 -0.017087
v 0.040233 0.690027 -0.032537
v 0.039347 0.693738 0.031962
v 0.047762 0.693738 0.016798
v 0.050567 0.693738 -0.000000
v 0.047762 0.693738 -0.016798
v 0.039347 0.693738 -0.031962
v 0.038461 0.697449 0.031388
v 0.046640 0.697449 0.016509
v 0.049367 0.697449 -0.000000
v 0.046640 0.697449 -0.016509
v 0.038461 0.697449 -0.031388
v 0.037667 0.701160 0.030779
v 0.045664 0.701160 0.016192
v 0.048330 0.701160 -0.000000
v 0.045664 0.701160 -0.016192
v 0.037667 0.701160 -0.030779
v 0.035403 0.707639 0.028270
v 0.043132 0.707639 0.014815
v 0.045708 0.707639 -0.000000
v 0.043132 0.707639 -0.014815
v 0.035403 0.707639 -0.028270
v 0.033263 0.710406 0.026629
v 0.040502 0.710406 0.013961
v 0.042916 0.710406 -0.000000
v 0.040502 0.710406 -0.013961
v 0.033263 0.710406 -0.026630
v 0.030878 0.713173 0.025083
v 0.037482 0.713173 0.013183
v 0.039683 0.713173 -0.000000
v 0.037482 0.713173 -0.013183
v 0.030878 0.713173 -0.025083
v 0.028493 0.715940 0.023536
v 0.034461 0.715940 0.012404
v 0.036451 0.715940 -0.000000
v 0.034461 0.715940 -0.012404
v 0.028493 0.715940 -0.023536
v 0.026353 0.718708 0.021895
v 0.031832 0.718708 0.011550
v 0.033658 0.718708 -0.000000
v 0.031832 0.718708 -0.011551
v 0.026353 0.718708 -0.021895
v 0.022208 0.723241 0.017302
v 0.027195 0.723241 0.009028
v 0.028858 0.723241 -0.000000
v 0.027195 0.723241 -0.009028
v 0.022208 0.723241 -0.017302
v 0.018974 0.725008 0.014823
v 0.023222 0.725008 0.007738
v 0.024638 0.725008 -0.000000
v 0.023222 0.725008 -0.007738
v 0.018974 0.725008 -0.014823
v 0.015370 0.726774 0.012486
v 0.018658 0.726774 0.006562
v 0.019753 0.726774 -0.000000
v 0.018658 0.726774 -0.006562
v 0.015370 0.726774 -0.012486
v 0.011767 0.728540 0.010148
v 0.014093 0.728540 0.005386
v 0.014869 0.728540 -0.000000
v 0.014093 0.728540 -0.005386
v 0.011767 0.728540 -0.010149
v 0.008533 0.730307 0.007669
v 0.010120 0.730307 0.004096
v 0.010649 0.730307 -0.000000
v 0.010120 0.730307 -0.004096
v 0.008533 0.730307 -0.007669
v 0.007066 0.733486 0.006043
v 0.008479 0.733486 0.003203
v 0.008950 0.733486 -0.000000
v 0.008479 0.733486 -0.003203
v 0.007066 0.733486 -0.006043
v 0.008397 0.734899 0.007064
v 0.010115 0.734899 0.003734
v 0.010687 0.734899 -0.000000
v 0.010115 0.734899 -0.003734
v 0.008397 0.734899 -0.007064
v 0.009881 0.736312 0.008026
v 0.011994 0.736312 0.004218
v 0.012699 0.736312 -0.000000
v 0.011994 0.736312 -0.004218
v 0.009881 0.736312 -0.008027
v 0.011365 0.737725 0.008989
v 0.013874 0.737725 0.004703
v 0.014710 0.737725 -0.000000
v 0.013874 0.737725 -0.004703
v 0.011365 0.737725 -0.008989
v 0.012696 0.739138 0.010010
v 0.015510 0.739138 0.005234
v 0.016447 0.739138 -0.000000
v 0.015510 0.739138 -0.005234
v 0.012696 0.739138 -0.010010
v 0.014182 0.742940 0.011638
v 0.017166 0.742939 0.006124
v 0.018158 0.742940 -0.000009
v 0.017157 0.742940 -0.006141
v 0.014164 0.742940 -0.011654
v 0.014772 0.745328 0.012075
v 0.017886 0.745327 0.006344
v 0.018918 0.745328 -0.000022
v 0.017869 0.745328 -0.006386
v 0.014739 0.745328 -0.012111
v 0.015429 0.747716 0.012485
v 0.018712 0.747716 0.006541
v 0.019798 0.747716 -0.000038
v 0.018687 0.747716 -0.006612
v 0.015381 0.747716 -0.012543
v 0.016086 0.750104 0.012895
v 0.019539 0.750104 0.006739
v 0.020678 0.750104 -0.000053
v 0.019506 0.750104 -0.006839
v 0.016023 0.750104 -0.012976
v 0.016676 0.752492 0.013331
v 0.020259 0.752492 0.006959
v 0.021439 0.752492 -0.000066
v 0.020218 0.752492 -0.007084
v 0.016598 0.752492 -0.013433
v 0.016238 0.757255 0.012859
v 0.019773 0.757255 0.006703
v 0.020939 0.757255 -0.000059
v 0.019739 0.757255 -0.006815
v 0.016174 0.757255 -0.012949
v 0.015083 0.759630 0.012002
v 0.018363 0.759630 0.006270
v 0.019450 0.759630 -0.000036
v 0.018344 0.759630 -0.006337
v 0.015046 0.759630 -0.012056
v 0.013798 0.762006 0.011196
v 0.016745 0.762006 0.005879
v 0.017725 0.762006 -0.000009
v 0.016739 0.762006 -0.005897
v 0.013786 0.762006 -0.011211
v 0.012513 0.764381 0.010391
v 0.015127 0.764381 0.005489
v 0.016001 0.764381 0.000017
v 0.015134 0.764381 -0.005457
v 0.012527 0.764381 -0.010366
v 0.011358 0.766756 0.009533
v 0.013718 0.766756 0.005055
v 0.014511 0.766756 0.000040
v 0.013739 0.766756 -0.004980
v 0.011399 0.766756 -0.009473
v 0.009066 0.769726 0.007011
v 0.011158 0.769726 0.003675
v 0.011867 0.769726 0.000049
v 0.011189 0.769726 -0.003582
v 0.009124 0.769726 -0.006935
v 0.007253 0.770321 0.005609
v 0.008927 0.770321 0.002940
v 0.009493 0.770321 0.000040
v 0.008951 0.770321 -0.002865
v 0.007299 0.770321 -0.005548
v 0.005231 0.770915 0.004286
v 0.006362 0.770915 0.002267
v 0.006746 0.770915 0.000028
v 0.006381 0.770915 -0.002214
v 0.005267 0.770915 -0.004242
v 0.003210 0.771510 0.002963
v 0.003798 0.771510 0.001595
v 0.003998 0.771510 0.000017
v 0.003811 0.771510 -0.001563
v 0.003234 0.771510 -0.002936
v 0.001397 0.772104 0.001560
v 0.001566 0.772104 0.000860
v 0.001625 0.772104 0.000007
v 0.001573 0.772104 -0.000847
v 0.001410 0.772104 -0.001549
v 0.006485 0.170771 -0.020505
v -0.000618 0.170771 -0.018470
v -0.008450 0.170771 -0.014636
v -0.015686 0.170771 -0.009770
v -0.021000 0.170771 -0.004636
v 0.009418 0.170771 -0.042845
v -0.005424 0.170771 -0.041062
v -0.020116 0.170771 -0.034841
v -0.032848 0.170771 -0.025228
v -0.041814 0.170771 -0.013267
v 0.010647 0.170771 -0.066562
v -0.012411 0.170771 -0.066171
v -0.033620 0.170771 -0.058233
v -0.051100 0.170771 -0.043834
v -0.062968 0.170771 -0.024061
v 0.011877 0.170771 -0.090279
v -0.019397 0.170771 -0.091280
v -0.047125 0.170771 -0.081624
v -0.069352 0.170771 -0.062439
v -0.084122 0.170771 -0.034854
v 0.014809 0.170771 -0.112620
v -0.024204 0.170771 -0.113872
v -0.058791 0.170771 -0.101829
v -0.086514 0.170771 -0.077897
v -0.104936 0.170771 -0.043485
v 0.021148 0.176423 -0.132208
v -0.024650 0.176423 -0.131430
v -0.066778 0.176423 -0.115663
v -0.101496 0.176423 -0.087063
v -0.125069 0.176423 -0.047790
v 0.021148 0.182076 -0.132208
v -0.024650 0.182076 -0.131430
v -0.066778 0.182076 -0.115663
v -0.101496 0.182076 -0.087063
v -0.125069 0.182076 -0.047790
v 0.021148 0.187728 -0.132208
v -0.024650 0.187728 -0.131430
v -0.066778 0.187728 -0.115663
v -0.101496 0.187728 -0.087063
v -0.125069 0.187728 -0.047790
v 0.021148 0.193380 -0.132208
v -0.024650 0.193380 -0.131430
v -0.066778 0.193380 -0.115663
v -0.101496 0.193380 -0.087063
v -0.125069 0.193380 -0.047790
v 0.021148 0.199033 -0.132208
v -0.024650 0.199033 -0.131430
v -0.066778 0.199033 -0.115663
v -0.101496 0.199033 -0.087063
v -0.125069 0.199033 -0.047790
v 0.020187 0.205627 -0.129238
v -0.024583 0.205627 -0.128768
v -0.065567 0.205627 -0.113566
v -0.099225 0.205627 -0.085674
v -0.122017 0.205627 -0.047137
v 0.019742 0.206569 -0.125851
v -0.023854 0.206569 -0.125344
v -0.063798 0.206569 -0.110503
v -0.096623 0.206569 -0.083330
v -0.118861 0.206569 -0.045829
v 0.019556 0.207511 -0.122256
v -0.022795 0.207511 -0.121537
v -0.061751 0.207511 -0.106957
v -0.093857 0.207511 -0.080510
v -0.115654 0.207511 -0.044192
v 0.019369 0.208453 -0.118661
v -0.021736 0.208453 -0.117731
v -0.059704 0.208453 -0.103411
v -0.091090 0.208453 -0.077689
v -0.112448 0.208453 -0.042556
v 0.018925 0.209395 -0.115274
v -0.021007 0.209395 -0.114306
v -0.057935 0.209395 -0.100348
v -0.088488 0.209395 -0.075346
v -0.109292 0.209395 -0.041248
v 0.018621 0.212221 -0.114336
v -0.020986 0.212221 -0.113465
v -0.057553 0.212221 -0.099685
v -0.087771 0.212221 -0.074907
v -0.108328 0.212221 -0.041042
v 0.018926 0.214105 -0.116653
v -0.021484 0.214105 -0.115809
v -0.058763 0.214105 -0.101781
v -0.089551 0.214105 -0.076510
v -0.110487 0.214105 -0.041937
v 0.019053 0.215989 -0.119113
v -0.022209 0.215989 -0.118413
v -0.060164 0.215989 -0.104207
v -0.091444 0.215989 -0.078440
v -0.112682 0.215989 -0.043056
v 0.019181 0.217874 -0.121573
v -0.022934 0.217874 -0.121017
v -0.061565 0.217874 -0.106633
v -0.093337 0.217874 -0.080370
v -0.114876 0.217874 -0.044176
v 0.019485 0.219758 -0.123891
v -0.023432 0.219758 -0.123361
v -0.062775 0.219758 -0.108729
v -0.095117 0.219758 -0.081973
v -0.117035 0.219758 -0.045071
v 0.020395 0.226293 -0.126704
v -0.023496 0.226293 -0.125882
v -0.063922 0.226293 -0.110716
v -0.097269 0.226293 -0.083290
v -0.119926 0.226293 -0.045689
v 0.020512 0.230945 -0.127595
v -0.023688 0.230945 -0.126784
v -0.064387 0.230945 -0.111522
v -0.097954 0.230944 -0.083907
v -0.120756 0.230945 -0.046034
v 0.020561 0.235596 -0.128541
v -0.023967 0.235596 -0.127785
v -0.064926 0.235596 -0.112455
v -0.098682 0.235596 -0.084649
v -0.121600 0.235596 -0.046464
v 0.020610 0.240247 -0.129487
v -0.024246 0.240247 -0.128787
v -0.065465 0.240247 -0.113388
v -0.099410 0.240247 -0.085391
v -0.122444 0.240247 -0.046895
v 0.020727 0.244899 -0.130379
v -0.024437 0.244899 -0.129688
v -0.065930 0.244899 -0.114194
v -0.100095 0.244899 -0.086008
v -0.123275 0.244899 -0.047239
v 0.020491 0.253142 -0.129649
v -0.024421 0.253142 -0.129035
v -0.065633 0.253142 -0.113679
v -0.099537 0.253142 -0.085666
v -0.122525 0.253142 -0.047079
v 0.020265 0.256733 -0.127926
v -0.024050 0.256733 -0.127292
v -0.064733 0.256733 -0.112121
v -0.098213 0.256733 -0.084474
v -0.120920 0.256733 -0.046413
v 0.020170 0.260325 -0.126097
v -0.023511 0.260325 -0.125356
v -0.063691 0.260325 -0.110317
v -0.096805 0.260325 -0.083039
v -0.119288 0.260325 -0.045581
v 0.020075 0.263916 -0.124268
v -0.022972 0.263916 -0.123419
v -0.062650 0.263916 -0.108513
v -0.095398 0.263916 -0.081604
v -0.117656 0.263916 -0.044748
v 0.019849 0.267508 -0.122545
v -0.022602 0.267508 -0.121676
v -0.061750 0.267508 -0.106954
v -0.094074 0.267508 -0.080412
v -0.116051 0.267508 -0.044083
v 0.018029 0.276163 -0.116918
v -0.022473 0.276163 -0.116633
v -0.059456 0.276163 -0.102981
v -0.089770 0.276163 -0.077779
v -0.110268 0.276163 -0.042846
v 0.017412 0.281226 -0.112225
v -0.021463 0.281226 -0.111886
v -0.057005 0.281226 -0.098736
v -0.086165 0.281226 -0.074531
v -0.105895 0.281226 -0.041033
v 0.017154 0.286290 -0.107241
v -0.019995 0.286290 -0.106611
v -0.054167 0.286290 -0.093821
v -0.082330 0.286290 -0.070622
v -0.101451 0.286290 -0.038765
v 0.016896 0.291353 -0.102258
v -0.018528 0.291353 -0.101335
v -0.051330 0.291353 -0.088906
v -0.078495 0.291353 -0.066713
v -0.097006 0.291353 -0.036497
v 0.016280 0.296417 -0.097564
v -0.017518 0.296417 -0.096588
v -0.048879 0.296417 -0.084661
v -0.074889 0.296417 -0.063465
v -0.092633 0.296417 -0.034684
v 0.014661 0.304012 -0.092563
v -0.017404 0.304012 -0.092106
v -0.046840 0.304012 -0.081129
v -0.071064 0.304012 -0.061125
v -0.087493 0.304012 -0.033585
v 0.014529 0.306544 -0.091553
v -0.017186 0.306544 -0.091084
v -0.046312 0.306544 -0.080215
v -0.070288 0.306544 -0.060426
v -0.086552 0.306544 -0.033195
v 0.014473 0.309076 -0.090481
v -0.016870 0.309076 -0.089949
v -0.045702 0.309076 -0.079158
v -0.069463 0.309076 -0.059585
v -0.085595 0.309076 -0.032707
v 0.014418 0.311608 -0.089409
v -0.016554 0.311608 -0.088814
v -0.045091 0.311607 -0.078100
v -0.068637 0.311607 -0.058744
v -0.084639 0.311607 -0.032218
v 0.014285 0.314139 -0.088399
v -0.016337 0.314139 -0.087792
v -0.044564 0.314139 -0.077187
v -0.067861 0.314139 -0.058045
v -0.083698 0.314139 -0.031828
v 0.014437 0.318379 -0.088867
v -0.016348 0.318379 -0.088212
v -0.044755 0.318378 -0.077518
v -0.068220 0.318378 -0.058264
v -0.084180 0.318378 -0.031931
v 0.014639 0.320086 -0.090412
v -0.016680 0.320086 -0.089775
v -0.045561 0.320086 -0.078915
v -0.069407 0.320086 -0.059333
v -0.085619 0.320086 -0.032528
v 0.014724 0.321793 -0.092052
v -0.017163 0.321793 -0.091511
v -0.046495 0.321793 -0.080533
v -0.070669 0.321793 -0.060620
v -0.087082 0.321793 -0.033275
v 0.014810 0.323501 -0.093692
v -0.017646 0.323501 -0.093247
v -0.047429 0.323501 -0.082150
v -0.071931 0.323501 -0.061906
v -0.088544 0.323501 -0.034021
v 0.015012 0.325208 -0.095237
v -0.017979 0.325208 -0.094809
v -0.048236 0.325208 -0.083547
v -0.073118 0.325208 -0.062975
v -0.089984 0.325208 -0.034618
v 0.015855 0.327328 -0.097842
v -0.018038 0.327328 -0.097144
v -0.049298 0.327328 -0.085387
v -0.075110 0.327328 -0.064194
v -0.092661 0.327328 -0.035190
v 0.016042 0.327740 -0.099268
v -0.018345 0.327740 -0.098586
v -0.050043 0.327740 -0.086676
v -0.076206 0.327740 -0.065181
v -0.093989 0.327740 -0.035741
v 0.016121 0.328152 -0.100782
v -0.018791 0.328152 -0.100189
v -0.050905 0.328152 -0.088170
v -0.077371 0.328152 -0.066368
v -0.095340 0.328152 -0.036430
v 0.016199 0.328564 -0.102296
v -0.019237 0.328564 -0.101792
v -0.051767 0.328564 -0.089663
v -0.078536 0.328564 -0.067556
v -0.096690 0.328564 -0.037119
v 0.016386 0.328977 -0.103721
v -0.019544 0.328977 -0.103234
v -0.052511 0.328977 -0.090952
v -0.079631 0.328977 -0.068542
v -0.098018 0.328977 -0.037670
v 0.016319 0.331391 -0.103513
v -0.019539 0.331391 -0.103047
v -0.052426 0.331391 -0.090805
v -0.079472 0.331391 -0.068445
v -0.097804 0.331391 -0.037624
v 0.016101 0.333392 -0.101849
v -0.019181 0.333392 -0.101365
v -0.051557 0.333392 -0.089300
v -0.078194 0.333392 -0.067294
v -0.096254 0.333392 -0.036981
v 0.016009 0.335394 -0.100083
v -0.018661 0.335394 -0.099495
v -0.050552 0.335394 -0.087559
v -0.076834 0.335394 -0.065908
v -0.094679 0.335394 -0.036178
v 0.015918 0.337396 -0.098317
v -0.018140 0.337396 -0.097625
v -0.049546 0.337396 -0.085817
v -0.075475 0.337396 -0.064523
v -0.093104 0.337396 -0.035374
v 0.015699 0.339398 -0.096653
v -0.017783 0.339398 -0.095943
v -0.048677 0.339398 -0.084312
v -0.074197 0.339398 -0.063372
v -0.091554 0.339398 -0.034731
v 0.014721 0.341635 -0.093632
v -0.017714 0.341635 -0.093234
v -0.047445 0.341635 -0.082178
v -0.071886 0.341635 -0.061958
v -0.088448 0.341635 -0.034067
v 0.014487 0.341871 -0.091849
v -0.017330 0.341871 -0.091432
v -0.046515 0.341871 -0.080566
v -0.070517 0.341871 -0.060724
v -0.086787 0.341871 -0.033378
v 0.014389 0.342106 -0.089957
v -0.016773 0.342106 -0.089428
v -0.045437 0.342106 -0.078700
v -0.069061 0.342106 -0.059240
v -0.085100 0.342106 -0.032517
v 0.014291 0.342342 -0.088065
v -0.016215 0.342342 -0.087425
v -0.044360 0.342342 -0.076833
v -0.067604 0.342342 -0.057755
v -0.083412 0.342342 -0.031656
v 0.014057 0.342577 -0.086282
v -0.015832 0.342577 -0.085622
v -0.043429 0.342577 -0.075221
v -0.066235 0.342577 -0.056522
v -0.081751 0.342577 -0.030967
v 0.012301 0.351536 -0.080854
v -0.015708 0.351536 -0.080756
v -0.041215 0.351536 -0.071387
v -0.062083 0.351536 -0.053982
v -0.076172 0.351536 -0.029774
v 0.011722 0.360258 -0.076445
v -0.014759 0.360258 -0.076298
v -0.038913 0.360258 -0.067400
v -0.058696 0.360258 -0.050931
v -0.072064 0.360258 -0.028071
v 0.011479 0.368981 -0.071764
v -0.013381 0.368981 -0.071342
v -0.036248 0.368981 -0.062783
v -0.055094 0.368981 -0.047259
v -0.067889 0.368981 -0.025941
v 0.011237 0.377704 -0.067084
v -0.012002 0.377704 -0.066387
v -0.033583 0.377704 -0.058167
v -0.051492 0.377704 -0.043587
v -0.063714 0.377704 -0.023811
v 0.010658 0.386427 -0.062675
v -0.011053 0.386427 -0.061928
v -0.031280 0.386427 -0.054179
v -0.048105 0.386427 -0.040537
v -0.059606 0.386427 -0.022107
v 0.008901 0.405630 -0.057246
v -0.010929 0.405630 -0.057062
v -0.029067 0.405630 -0.050346
v -0.043952 0.405630 -0.037996
v -0.054027 0.405630 -0.020914
v 0.008667 0.416110 -0.055464
v -0.010546 0.416110 -0.055260
v -0.028136 0.416110 -0.048733
v -0.042583 0.416110 -0.036763
v -0.052366 0.416110 -0.020226
v 0.008569 0.426590 -0.053571
v -0.009988 0.426590 -0.053256
v -0.027059 0.426590 -0.046867
v -0.041127 0.426590 -0.035278
v -0.050678 0.426590 -0.019365
v 0.008471 0.437071 -0.051679
v -0.009431 0.437071 -0.051253
v -0.025981 0.437071 -0.045001
v -0.039671 0.437071 -0.033794
v -0.048991 0.437071 -0.018503
v 0.008237 0.447551 -0.049896
v -0.009047 0.447551 -0.049450
v -0.025050 0.447551 -0.043389
v -0.038301 0.447551 -0.032561
v -0.047330 0.447551 -0.017815
v 0.007984 0.468983 -0.049115
v -0.009030 0.468983 -0.048750
v -0.024732 0.468983 -0.042837
v -0.037704 0.468983 -0.032195
v -0.046527 0.468983 -0.017643
v 0.008101 0.479934 -0.050006
v -0.009221 0.479934 -0.049651
v -0.025197 0.479934 -0.043643
v -0.038388 0.479934 -0.032812
v -0.047357 0.479934 -0.017987
v 0.008150 0.490885 -0.050952
v -0.009500 0.490885 -0.050653
v -0.025736 0.490885 -0.044576
v -0.039116 0.490885 -0.033554
v -0.048201 0.490885 -0.018418
v 0.008199 0.501837 -0.051899
v -0.009779 0.501837 -0.051654
v -0.026275 0.501837 -0.045509
v -0.039844 0.501837 -0.034296
v -0.049045 0.501837 -0.018849
v 0.008316 0.512788 -0.052790
v -0.009971 0.512788 -0.052556
v -0.026740 0.512788 -0.046315
v -0.040529 0.512788 -0.034913
v -0.049875 0.512788 -0.019193
v 0.009479 0.523739 -0.056384
v -0.010053 0.523739 -0.055778
v -0.028206 0.523739 -0.048854
v -0.043278 0.523739 -0.036595
v -0.053570 0.523739 -0.019983
v 0.009901 0.523739 -0.059593
v -0.010743 0.523739 -0.059022
v -0.029881 0.523739 -0.051756
v -0.045743 0.523739 -0.038815
v -0.056559 0.523739 -0.021222
v 0.010077 0.523739 -0.062999
v -0.011746 0.523739 -0.062629
v -0.031821 0.523739 -0.055115
v -0.048365 0.523739 -0.041487
v -0.059597 0.523739 -0.022772
v 0.010254 0.523739 -0.066405
v -0.012750 0.523739 -0.066235
v -0.033760 0.523739 -0.058474
v -0.050986 0.523739 -0.044159
v -0.062635 0.523739 -0.024323
v 0.010675 0.523739 -0.069614
v -0.013440 0.523739 -0.069479
v -0.035435 0.523739 -0.061376
v -0.053451 0.523739 -0.046379
v -0.065624 0.523739 -0.025562
v 0.012287 0.526053 -0.074620
v -0.013560 0.526053 -0.073965
v -0.037481 0.526053 -0.064908
v -0.057281 0.526053 -0.048715
v -0.070769 0.526053 -0.026655
v 0.012607 0.528367 -0.077120
v -0.014106 0.528367 -0.076490
v -0.038793 0.528367 -0.067164
v -0.059207 0.528367 -0.050439
v -0.073101 0.528367 -0.027613
v 0.012737 0.530681 -0.079774
v -0.014896 0.530681 -0.079296
v -0.040312 0.530681 -0.069775
v -0.061255 0.530681 -0.052513
v -0.075471 0.530681 -0.028813
v 0.012866 0.532995 -0.082427
v -0.015687 0.532995 -0.082103
v -0.041831 0.532995 -0.072387
v -0.063303 0.532995 -0.054588
v -0.077841 0.532995 -0.030013
v 0.013186 0.535309 -0.084927
v -0.016233 0.535309 -0.084628
v -0.043143 0.535309 -0.074643
v -0.065229 0.535309 -0.056311
v -0.080172 0.535309 -0.030971
v 0.013557 0.540078 -0.086073
v -0.016259 0.540078 -0.085656
v -0.043610 0.540078 -0.075453
v -0.066105 0.540078 -0.056847
v -0.081350 0.540078 -0.031223
v 0.013408 0.542533 -0.084880
v -0.015994 0.542533 -0.084452
v -0.042981 0.542533 -0.074379
v -0.065184 0.542533 -0.056029
v -0.080237 0.542533 -0.030769
v 0.013351 0.544989 -0.083615
v -0.015613 0.544989 -0.083115
v -0.042252 0.544989 -0.073136
v -0.064204 0.544989 -0.055043
v -0.079104 0.544989 -0.030201
v 0.013294 0.547444 -0.082349
v -0.015231 0.547444 -0.081778
v -0.041523 0.547444 -0.071893
v -0.063223 0.547444 -0.054057
v -0.077972 0.547444 -0.029633
v 0.013145 0.549899 -0.081156
v -0.014967 0.549899 -0.080574
v -0.040894 0.549899 -0.070819
v -0.062302 0.549899 -0.053238
v -0.076859 0.549899 -0.029180
v 0.012207 0.552825 -0.078233
v -0.014894 0.552825 -0.077956
v -0.039698 0.552825 -0.068759
v -0.060065 0.552825 -0.051877
v -0.073855 0.552825 -0.028545
v 0.011926 0.553296 -0.076094
v -0.014433 0.553296 -0.075793
v -0.038581 0.553296 -0.066824
v -0.058422 0.553296 -0.050397
v -0.071863 0.553296 -0.027719
v 0.011809 0.553767 -0.073823
v -0.013765 0.553767 -0.073389
v -0.037288 0.553767 -0.064585
v -0.056675 0.553767 -0.048615
v -0.069837 0.553767 -0.026685
v 0.011691 0.554238 -0.071553
v -0.013096 0.554238 -0.070985
v -0.035995 0.554238 -0.062345
v -0.054927 0.554238 -0.046834
v -0.067812 0.554238 -0.025652
v 0.011410 0.554709 -0.069414
v -0.012635 0.554709 -0.068822
v -0.034878 0.554709 -0.060411
v -0.053284 0.554709 -0.045354
v -0.065819 0.554709 -0.024825
v 0.011107 0.557182 -0.068476
v -0.012614 0.557182 -0.067982
v -0.034496 0.557182 -0.059749
v -0.052567 0.557182 -0.044915
v -0.064855 0.557182 -0.024619
v 0.011247 0.559184 -0.069545
v -0.012844 0.559184 -0.069063
v -0.035054 0.559184 -0.060716
v -0.053388 0.559184 -0.045655
v -0.065851 0.559184 -0.025033
v 0.011306 0.561186 -0.070681
v -0.013179 0.561186 -0.070265
v -0.035701 0.561186 -0.061836
v -0.054262 0.561186 -0.046546
v -0.066864 0.561186 -0.025549
v 0.011365 0.563188 -0.071816
v -0.013513 0.563188 -0.071467
v -0.036347 0.563188 -0.062955
v -0.055136 0.563188 -0.047436
v -0.067877 0.563188 -0.026066
v 0.011505 0.565189 -0.072886
v -0.013743 0.565189 -0.072549
v -0.036906 0.565189 -0.063923
v -0.055957 0.565189 -0.048176
v -0.068873 0.565189 -0.026479
v 0.010561 0.569075 -0.069968
v -0.013677 0.569075 -0.069934
v -0.035716 0.569075 -0.061862
v -0.053726 0.569075 -0.046811
v -0.065875 0.569075 -0.025838
v 0.009984 0.570959 -0.065572
v -0.012731 0.570959 -0.065487
v -0.033420 0.570959 -0.057886
v -0.050348 0.570959 -0.043769
v -0.061779 0.570959 -0.024139
v 0.009742 0.572844 -0.060904
v -0.011356 0.572844 -0.060546
v -0.030762 0.572844 -0.053282
v -0.046756 0.572844 -0.040107
v -0.057615 0.572844 -0.022015
v 0.009500 0.574728 -0.056236
v -0.009981 0.574728 -0.055604
v -0.028104 0.574728 -0.048679
v -0.043164 0.574728 -0.036446
v -0.053452 0.574728 -0.019891
v 0.008923 0.576612 -0.051839
v -0.009035 0.576612 -0.051158
v -0.025809 0.576612 -0.044702
v -0.039786 0.576612 -0.033403
v -0.049355 0.576612 -0.018192
v 0.007697 0.579950 -0.048052
v -0.008948 0.579950 -0.047762
v -0.024264 0.579950 -0.042027
v -0.036889 0.579950 -0.031631
v -0.045462 0.579950 -0.017360
v 0.007707 0.581405 -0.048128
v -0.008965 0.581405 -0.047840
v -0.024304 0.581405 -0.042096
v -0.036948 0.581405 -0.031684
v -0.045534 0.581405 -0.017389
v 0.007712 0.582859 -0.048210
v -0.008989 0.582859 -0.047926
v -0.024351 0.582859 -0.042177
v -0.037011 0.582859 -0.031748
v -0.045606 0.582859 -0.017427
v 0.007716 0.584314 -0.048291
v -0.009013 0.584314 -0.048012
v -0.024397 0.584314 -0.042257
v -0.037073 0.584314 -0.031812
v -0.045679 0.584314 -0.017464
v 0.007726 0.585768 -0.048368
v -0.009029 0.585768 -0.048090
v -0.024437 0.585768 -0.042326
v -0.037132 0.585768 -0.031865
v -0.045750 0.585768 -0.017493
v 0.008203 0.588224 -0.049842
v -0.009063 0.588224 -0.049411
v -0.025038 0.588224 -0.043367
v -0.038260 0.588224 -0.032554
v -0.047265 0.588224 -0.017817
v 0.008413 0.589225 -0.051446
v -0.009408 0.589225 -0.051033
v -0.025876 0.589225 -0.044818
v -0.039492 0.589225 -0.033664
v -0.048760 0.589225 -0.018437
v 0.008502 0.590226 -0.053149
v -0.009910 0.590226 -0.052836
v -0.026845 0.590226 -0.046498
v -0.040803 0.590226 -0.035000
v -0.050279 0.590226 -0.019212
v 0.008590 0.591227 -0.054852
v -0.010411 0.591227 -0.054639
v -0.027815 0.591227 -0.048177
v -0.042113 0.591227 -0.036336
v -0.051798 0.591227 -0.019987
v 0.008800 0.592227 -0.056456
v -0.010757 0.592227 -0.056262
v -0.028653 0.592228 -0.049628
v -0.043346 0.592228 -0.037446
v -0.053293 0.592228 -0.020607
v 0.009256 0.593935 -0.057863
v -0.010789 0.593935 -0.057523
v -0.029226 0.593935 -0.050622
v -0.044422 0.593935 -0.038105
v -0.054738 0.593935 -0.020916
v 0.009256 0.594642 -0.057863
v -0.010789 0.594642 -0.057523
v -0.029226 0.594642 -0.050622
v -0.044422 0.594642 -0.038105
v -0.054738 0.594642 -0.020916
v 0.009256 0.595348 -0.057863
v -0.010789 0.595348 -0.057523
v -0.029226 0.595348 -0.050622
v -0.044422 0.595348 -0.038105
v -0.054738 0.595348 -0.020916
v 0.009256 0.596055 -0.057863
v -0.010789 0.596055 -0.057523
v -0.029226 0.596055 -0.050622
v -0.044422 0.596055 -0.038105
v -0.054738 0.596055 -0.020916
v 0.009256 0.596761 -0.057863
v -0.010789 0.596761 -0.057523
v -0.029226 0.596761 -0.050622
v -0.044422 0.596761 -0.038105
v -0.054738 0.596761 -0.020916
v 0.008834 0.598233 -0.056560
v -0.010759 0.598233 -0.056355
v -0.028695 0.598233 -0.049702
v -0.043425 0.598233 -0.037495
v -0.053400 0.598233 -0.020630
v 0.008639 0.598998 -0.055075
v -0.010439 0.598998 -0.054853
v -0.027920 0.598998 -0.048358
v -0.042284 0.598998 -0.036467
v -0.052016 0.598998 -0.020056
v 0.008557 0.599764 -0.053498
v -0.009975 0.599764 -0.053184
v -0.027022 0.599764 -0.046803
v -0.041071 0.599764 -0.035230
v -0.050609 0.599764 -0.019338
v 0.008476 0.600529 -0.051921
v -0.009510 0.600529 -0.051514
v -0.026124 0.600529 -0.045248
v -0.039857 0.600529 -0.033993
v -0.049203 0.600529 -0.018620
v 0.008281 0.601295 -0.050436
v -0.009191 0.601295 -0.050012
v -0.025348 0.601295 -0.043904
v -0.038716 0.601295 -0.032965
v -0.047819 0.601295 -0.018047
v 0.007842 0.606476 -0.049081
v -0.009160 0.606476 -0.048798
v -0.024796 0.606476 -0.042948
v -0.037680 0.606476 -0.032332
v -0.046427 0.606476 -0.017749
v 0.007835 0.610892 -0.049022
v -0.009147 0.610892 -0.048738
v -0.024765 0.610892 -0.042894
v -0.037634 0.610892 -0.032291
v -0.046371 0.610892 -0.017726
v 0.007831 0.615308 -0.048959
v -0.009128 0.615308 -0.048671
v -0.024729 0.615308 -0.042832
v -0.037586 0.615308 -0.032241
v -0.046315 0.615308 -0.017697
v 0.007828 0.619724 -0.048896
v -0.009110 0.619724 -0.048604
v -0.024693 0.619724 -0.042770
v -0.037537 0.619724 -0.032192
v -0.046259 0.619724 -0.017669
v 0.007820 0.624139 -0.048836
v -0.009097 0.624139 -0.048544
v -0.024662 0.624139 -0.042716
v -0.037492 0.624139 -0.032150
v -0.046203 0.624139 -0.017646
v 0.008569 0.634434 -0.051248
v -0.009178 0.634434 -0.050697
v -0.025662 0.634434 -0.044401
v -0.039343 0.634434 -0.033252
v -0.048679 0.634434 -0.018144
v 0.008903 0.640313 -0.054052
v -0.009814 0.640313 -0.053521
v -0.027154 0.640313 -0.046916
v -0.041517 0.640313 -0.035164
v -0.051301 0.640313 -0.019194
v 0.009022 0.646192 -0.057026
v -0.010727 0.646192 -0.056657
v -0.028881 0.646192 -0.049827
v -0.043832 0.646192 -0.037469
v -0.053968 0.646192 -0.020516
v 0.009141 0.652070 -0.060001
v -0.011640 0.652070 -0.059794
v -0.030609 0.652071 -0.052738
v -0.046147 0.652070 -0.039773
v -0.056635 0.652070 -0.021837
v 0.009475 0.657949 -0.062805
v -0.012276 0.657949 -0.062618
v -0.032101 0.657949 -0.055253
v -0.048320 0.657949 -0.041685
v -0.059256 0.657949 -0.022887
v 0.011346 0.665603 -0.068587
v -0.012408 0.665603 -0.067801
v -0.034458 0.665603 -0.059337
v -0.052743 0.665603 -0.044391
v -0.065199 0.665603 -0.024158
v 0.011877 0.667379 -0.072378
v -0.013191 0.667379 -0.071646
v -0.036410 0.667379 -0.062787
v -0.055636 0.667379 -0.047043
v -0.068723 0.667379 -0.025655
v 0.012122 0.669154 -0.076406
v -0.014340 0.669154 -0.075923
v -0.038670 0.669154 -0.066781
v -0.058709 0.669154 -0.050231
v -0.072301 0.669154 -0.027521
v 0.012366 0.670930 -0.080433
v -0.015490 0.670930 -0.080199
v -0.040929 0.670930 -0.070775
v -0.061783 0.670930 -0.053419
v -0.075878 0.670930 -0.029386
v 0.012897 0.672705 -0.084225
v -0.016273 0.672705 -0.084044
v -0.042881 0.672705 -0.074225
v -0.064675 0.672705 -0.056070
v -0.079402 0.672705 -0.030883
v 0.013464 0.677483 -0.085876
v -0.016285 0.677483 -0.085534
v -0.043538 0.677483 -0.075410
v -0.065932 0.677483 -0.056870
v -0.081102 0.677483 -0.031278
v 0.013214 0.680486 -0.083975
v -0.015876 0.680486 -0.083611
v -0.042545 0.680486 -0.073691
v -0.064471 0.680486 -0.055554
v -0.079331 0.680486 -0.030544
v 0.013109 0.683489 -0.081956
v -0.015281 0.683489 -0.081474
v -0.041396 0.683489 -0.071700
v -0.062918 0.683489 -0.053971
v -0.077531 0.683489 -0.029625
v 0.013005 0.686491 -0.079938
v -0.014686 0.686491 -0.079337
v -0.040246 0.686491 -0.069709
v -0.061365 0.686491 -0.052387
v -0.075730 0.686491 -0.028706
v 0.012755 0.689494 -0.078036
v -0.014277 0.689494 -0.077414
v -0.039254 0.689494 -0.067989
v -0.059904 0.689494 -0.051072
v -0.073959 0.689494 -0.027972
v 0.011086 0.690848 -0.072879
v -0.014160 0.690848 -0.072791
v -0.037151 0.690848 -0.064347
v -0.055959 0.690848 -0.048658
v -0.068658 0.690848 -0.026838
v 0.010564 0.689200 -0.068898
v -0.013303 0.689200 -0.068766
v -0.035072 0.689200 -0.060747
v -0.052901 0.689200 -0.045904
v -0.064949 0.689200 -0.025301
v 0.010345 0.687551 -0.064672
v -0.012058 0.687551 -0.064292
v -0.032666 0.687551 -0.056579
v -0.049649 0.687551 -0.042589
v -0.061180 0.687551 -0.023377
v 0.010126 0.685903 -0.060446
v -0.010813 0.685903 -0.059817
v -0.030259 0.685903 -0.052410
v -0.046396 0.685903 -0.039273
v -0.057410 0.685903 -0.021454
v 0.009603 0.684254 -0.056465
v -0.009957 0.684254 -0.055792
v -0.028180 0.684254 -0.048810
v -0.043338 0.684254 -0.036519
v -0.053701 0.684254 -0.019916
v 0.008192 0.686316 -0.052104
v -0.009857 0.686316 -0.051882
v -0.026402 0.686316 -0.045730
v -0.040003 0.686316 -0.034478
v -0.049219 0.686316 -0.018957
v 0.008062 0.690027 -0.051111
v -0.009644 0.690027 -0.050878
v -0.025884 0.690027 -0.044832
v -0.039240 0.690027 -0.033791
v -0.048294 0.690027 -0.018574
v 0.008007 0.693738 -0.050057
v -0.009333 0.693738 -0.049762
v -0.025283 0.693738 -0.043792
v -0.038429 0.693738 -0.032964
v -0.047354 0.693738 -0.018094
v 0.007952 0.697449 -0.049002
v -0.009023 0.697449 -0.048646
v -0.024683 0.697449 -0.042753
v -0.037617 0.697449 -0.032137
v -0.046413 0.697449 -0.017614
v 0.007822 0.701160 -0.048009
v -0.008809 0.701160 -0.047642
v -0.024165 0.701160 -0.041855
v -0.036855 0.701160 -0.031450
v -0.045488 0.701160 -0.017231
v 0.006782 0.707639 -0.044795
v -0.008736 0.707639 -0.044760
v -0.022854 0.707639 -0.039584
v -0.034396 0.707639 -0.029946
v -0.042184 0.707639 -0.016524
v 0.006431 0.710406 -0.042121
v -0.008160 0.710406 -0.042056
v -0.021458 0.710406 -0.037166
v -0.032342 0.710406 -0.028095
v -0.039693 0.710406 -0.015491
v 0.006284 0.713173 -0.039282
v -0.007324 0.713173 -0.039051
v -0.019841 0.713173 -0.034366
v -0.030157 0.713173 -0.025869
v -0.037161 0.713173 -0.014200
v 0.006136 0.715940 -0.036444
v -0.006488 0.715940 -0.036046
v -0.018225 0.715940 -0.031567
v -0.027973 0.715940 -0.023642
v -0.034629 0.715940 -0.012908
v 0.005785 0.718708 -0.033770
v -0.005913 0.718708 -0.033342
v -0.016829 0.718708 -0.029149
v -0.025919 0.718708 -0.021792
v -0.032138 0.718708 -0.011875
v 0.003881 0.723241 -0.027884
v -0.005779 0.723241 -0.028066
v -0.014429 0.723241 -0.024991
v -0.021416 0.723241 -0.019037
v -0.026088 0.723241 -0.010581
v 0.003350 0.725008 -0.023843
v -0.004909 0.725008 -0.023980
v -0.012319 0.725008 -0.021337
v -0.018312 0.725008 -0.016242
v -0.022324 0.725008 -0.009020
v 0.003128 0.726774 -0.019554
v -0.003646 0.726774 -0.019439
v -0.009877 0.726774 -0.017107
v -0.015012 0.726774 -0.012877
v -0.018498 0.726774 -0.007068
v 0.002906 0.728540 -0.015265
v -0.002382 0.728540 -0.014898
v -0.007434 0.728540 -0.012877
v -0.011711 0.728540 -0.009512
v -0.014672 0.728540 -0.005116
v 0.002375 0.730307 -0.011224
v -0.001513 0.730307 -0.010812
v -0.005324 0.730307 -0.009222
v -0.008607 0.730307 -0.006716
v -0.010908 0.730307 -0.003555
v 0.001701 0.733486 -0.009141
v -0.001465 0.733486 -0.008944
v -0.004475 0.733486 -0.007751
v -0.007013 0.733486 -0.005741
v -0.008766 0.733486 -0.003097
v 0.001919 0.734899 -0.010804
v -0.001823 0.734899 -0.010627
v -0.005343 0.734899 -0.009255
v -0.008291 0.734899 -0.006892
v -0.010316 0.734899 -0.003740
v 0.002011 0.736312 -0.012570
v -0.002344 0.736312 -0.012496
v -0.006349 0.736312 -0.010997
v -0.009650 0.736312 -0.008278
v -0.011891 0.736312 -0.004544
v 0.002102 0.737725 -0.014337
v -0.002864 0.737725 -0.014366
v -0.007355 0.737725 -0.012739
v -0.011009 0.737725 -0.009663
v -0.013467 0.737725 -0.005348
v 0.002321 0.739138 -0.016000
v -0.003222 0.739138 -0.016049
v -0.008224 0.739138 -0.014244
v -0.012287 0.739138 -0.010815
v -0.015017 0.739138 -0.005990
v 0.002988 0.742940 -0.018101
v -0.003280 0.742939 -0.017928
v -0.009086 0.742940 -0.015720
v -0.013897 0.742940 -0.011787
v -0.017175 0.742940 -0.006440
v 0.003071 0.745328 -0.018830
v -0.003449 0.745327 -0.018662
v -0.009478 0.745328 -0.016372
v -0.014465 0.745328 -0.012281
v -0.017858 0.745328 -0.006709
v 0.003098 0.747716 -0.019604
v -0.003691 0.747716 -0.019476
v -0.009931 0.747716 -0.017127
v -0.015070 0.747716 -0.012877
v -0.018553 0.747716 -0.007049
v 0.003124 0.750104 -0.020378
v -0.003933 0.750104 -0.020290
v -0.010385 0.750104 -0.017881
v -0.015675 0.750104 -0.013473
v -0.019249 0.750104 -0.007389
v 0.003207 0.752492 -0.021107
v -0.004102 0.752492 -0.021024
v -0.010776 0.752492 -0.018533
v -0.016243 0.752492 -0.013968
v -0.019932 0.752492 -0.007658
v 0.003018 0.757255 -0.020492
v -0.004081 0.757255 -0.020475
v -0.010521 0.757255 -0.018104
v -0.015771 0.757255 -0.013687
v -0.019301 0.757255 -0.007532
v 0.002852 0.759630 -0.019063
v -0.003752 0.759630 -0.019038
v -0.009756 0.759630 -0.016826
v -0.014660 0.759630 -0.012717
v -0.017963 0.759630 -0.007002
v 0.002797 0.762006 -0.017548
v -0.003281 0.762006 -0.017441
v -0.008871 0.762006 -0.015346
v -0.013476 0.762006 -0.011548
v -0.016602 0.762006 -0.006334
v 0.002742 0.764381 -0.016032
v -0.002810 0.764381 -0.015845
v -0.007985 0.764381 -0.013866
v -0.012293 0.764381 -0.010378
v -0.015241 0.764381 -0.005666
v 0.002577 0.766756 -0.014603
v -0.002481 0.766756 -0.014408
v -0.007220 0.766756 -0.012587
v -0.011182 0.766756 -0.009408
v -0.013903 0.766756 -0.005135
v 0.001539 0.769726 -0.011356
v -0.002397 0.769726 -0.011501
v -0.005890 0.769726 -0.010301
v -0.008696 0.769726 -0.007899
v -0.010568 0.769726 -0.004434
v 0.001231 0.770321 -0.009085
v -0.001917 0.770321 -0.009201
v -0.004712 0.770321 -0.008241
v -0.006957 0.770321 -0.006319
v -0.008454 0.770321 -0.003547
v 0.001096 0.770915 -0.006673
v -0.001217 0.770915 -0.006643
v -0.003348 0.770915 -0.005856
v -0.005108 0.770915 -0.004419
v -0.006307 0.770915 -0.002440
v 0.000961 0.771510 -0.004261
v -0.000517 0.771510 -0.004086
v -0.001985 0.771510 -0.003471
v -0.003259 0.771510 -0.002518
v -0.004160 0.771510 -0.001333
v 0.000653 0.772104 -0.001990
v -0.000038 0.772104 -0.001786
v -0.000806 0.772104 -0.001411
v -0.001520 0.772104 -0.000939
v -0.002046 0.772104 -0.000446
vt 0.022925 0.055556
vt 0.022925 0.111111
vt 0.045850 0.111111
vt 0.045850 0.055556
vt 0.022925 0.166667
vt 0.045850 0.166667
vt 0.022925 0.222222
vt 0.045850 0.222222
vt 0.022925 0.277778
vt 0.045850 0.277778
vt 0.068775 0.111111
vt 0.068775 0.055556
vt 0.068775 0.166667
vt 0.068775 0.222222
vt 0.068775 0.277778
vt 0.091700 0.111111
vt 0.091700 0.055556
vt 0.091700 0.166667
vt 0.091700 0.222222
vt 0.091700 0.277778
vt 0.114625 0.111111
vt 0.114625 0.055556
vt 0.114625 0.166667
vt 0.114625 0.222222
vt 0.114625 0.277778
vt 0.000000 0.000000
vt 0.000000 0.055556
vt 0.022925 0.000000
vt 0.022925 0.333333
vt 0.000000 0.277778
vt 0.000000 0.333333
vt 0.137550 0.333333
vt 0.137550 0.277778
vt 0.114625 0.333333
vt 0.114625 0.000000
vt 0.137550 0.055556
vt 0.137550 0.000000
vt 0.000000 0.111111
vt 0.045850 0.333333
vt 0.137550 0.222222
vt 0.091700 0.000000
vt 0.000000 0.166667
vt 0.068775 0.333333
vt 0.137550 0.166667
vt 0.068775 0.000000
vt 0.000000 0.222222
vt 0.091700 0.333333
vt 0.137550 0.111111
vt 0.045850 0.000000
vt 0.143403 0.055556
vt 0.143403 0.111111
vt 0.149257 0.111111
vt 0.149257 0.055556
vt 0.143403 0.166667
vt 0.149257 0.166667
vt 0.143403 0.222222
vt 0.149257 0.222222
vt 0.143403 0.277778
vt 0.149257 0.277778
vt 0.155110 0.111111
vt 0.155110 0.055556
vt 0.155110 0.166667
vt 0.155110 0.222222
vt 0.155110 0.277778
vt 0.160963 0.111111
vt 0.160963 0.055556
vt 0.160963 0.166667
vt 0.160963 0.222222
vt 0.160963 0.277778
vt 0.166816 0.111111
vt 0.166816 0.055556
vt 0.166816 0.166667
vt 0.166816 0.222222
vt 0.166816 0.277778
vt 0.143403 0.000000
vt 0.143403 0.333333
vt 0.172669 0.333333
vt 0.172669 0.277778
vt 0.166816 0.333333
vt 0.166816 0.000000
vt 0.172669 0.055556
vt 0.172669 0.000000
vt 0.149257 0.333333
vt 0.172669 0.222222
vt 0.160963 0.000000
vt 0.155110 0.333333
vt 0.172669 0.166667
vt 0.155110 0.000000
vt 0.160963 0.333333
vt 0.172669 0.111111
vt 0.149257 0.000000
vt 0.176279 0.055556
vt 0.176279 0.111111
vt 0.179889 0.111111
vt 0.179889 0.055556
vt 0.176279 0.166667
vt 0.179889 0.166667
vt 0.176279 0.222222
vt 0.179889 0.222222
vt 0.176279 0.277778
vt 0.179889 0.277778
vt 0.183498 0.111111
vt 0.183498 0.055556
vt 0.183498 0.166667
vt 0.183498 0.222222
vt 0.183498 0.277778
vt 0.187108 0.111111
vt 0.187108 0.055556
vt 0.187108 0.166667
vt 0.187108 0.222222
vt 0.187108 0.277778
vt 0.190718 0.111111
vt 0.190718 0.055556
vt 0.190718 0.166667
vt 0.190718 0.222222
vt 0.190718 0.277778
vt 0.176279 0.000000
vt 0.176279 0.333333
vt 0.194327 0.333333
vt 0.194327 0.277778
vt 0.190718 0.333333
vt 0.190718 0.000000
vt 0.194327 0.055556
vt 0.194327 0.000000
vt 0.179889 0.333333
vt 0.194327 0.222222
vt 0.187108 0.000000
vt 0.183498 0.333333
vt 0.194327 0.166667
vt 0.183498 0.000000
vt 0.187108 0.333333
vt 0.194327 0.111111
vt 0.179889 0.000000
vt 0.197403 0.055556
vt 0.197403 0.111111
vt 0.200479 0.111111
vt 0.200479 0.055556
vt 0.197403 0.166667
vt 0.200479 0.166667
vt 0.197403 0.222222
vt 0.200479 0.222222
vt 0.197403 0.277778
vt 0.200479 0.277778
vt 0.203555 0.111111
vt 0.203555 0.055556
vt 0.203555 0.166667
vt 0.203555 0.222222
vt 0.203555 0.277778
vt 0.206631 0.111111
vt 0.206631 0.055556
vt 0.206631 0.166667
vt 0.206631 0.222222
vt 0.206631 0.277778
vt 0.209707 0.111111
vt 0.209707 0.055556
vt 0.209707 0.166667
vt 0.209707 0.222222
vt 0.209707 0.277778
vt 0.197403 0.000000
vt 0.197403 0.333333
vt 0.212783 0.333333
vt 0.212783 0.277778
vt 0.209707 0.333333
vt 0.209707 0.000000
vt 0.212783 0.055556
vt 0.212783 0.000000
vt 0.200479 0.333333
vt 0.212783 0.222222
vt 0.206631 0.000000
vt 0.203555 0.333333
vt 0.212783 0.166667
vt 0.203555 0.000000
vt 0.206631 0.333333
vt 0.212783 0.111111
vt 0.200479 0.000000
vt 0.217685 0.055556
vt 0.217685 0.111111
vt 0.222588 0.111111
vt 0.222588 0.055556
vt 0.217685 0.166667
vt 0.222588 0.166667
vt 0.217685 0.222222
vt 0.222588 0.222222
vt 0.217685 0.277778
vt 0.222588 0.277778
vt 0.227491 0.111111
vt 0.227491 0.055556
vt 0.227491 0.166667
vt 0.227491 0.222222
vt 0.227491 0.277778
vt 0.232394 0.111111
vt 0.232394 0.055556
vt 0.232394 0.166667
vt 0.232394 0.222222
vt 0.232394 0.277778
vt 0.237296 0.111111
vt 0.237296 0.055556
vt 0.237296 0.166667
vt 0.237296 0.222222
vt 0.237296 0.277778
vt 0.217685 0.000000
vt 0.217685 0.333333
vt 0.242199 0.333333
vt 0.242199 0.277778
vt 0.237296 0.333333
vt 0.237296 0.000000
vt 0.242199 0.055556
vt 0.242199 0.000000
vt 0.222588 0.333333
vt 0.242199 0.222222
vt 0.232394 0.000000
vt 0.227491 0.333333
vt 0.242199 0.166667
vt 0.227491 0.000000
vt 0.232394 0.333333
vt 0.242199 0.111111
vt 0.222588 0.000000
vt 0.246317 0.055556
vt 0.246317 0.111111
vt 0.250435 0.111111
vt 0.250435 0.055556
vt 0.246317 0.166667
vt 0.250435 0.166667
vt 0.246317 0.222222
vt 0.250435 0.222222
vt 0.246317 0.277778
vt 0.250435 0.277778
vt 0.254553 0.111111
vt 0.254553 0.055556
vt 0.254553 0.166667
vt 0.254553 0.222222
vt 0.254553 0.277778
vt 0.258672 0.111111
vt 0.258672 0.055556
vt 0.258672 0.166667
vt 0.258672 0.222222
vt 0.258672 0.277778
vt 0.262790 0.111111
vt 0.262790 0.055556
vt 0.262790 0.166667
vt 0.262790 0.222222
vt 0.262790 0.277778
vt 0.246317 0.000000
vt 0.246317 0.333333
vt 0.266908 0.333333
vt 0.266908 0.277778
vt 0.262790 0.333333
vt 0.262790 0.000000
vt 0.266908 0.055556
vt 0.266908 0.000000
vt 0.250435 0.333333
vt 0.266908 0.222222
vt 0.258672 0.000000
vt 0.254553 0.333333
vt 0.266908 0.166667
vt 0.254553 0.000000
vt 0.258672 0.333333
vt 0.266908 0.111111
vt 0.250435 0.000000
vt 0.274028 0.055556
vt 0.274028 0.111111
vt 0.281148 0.111111
vt 0.281148 0.055556
vt 0.274028 0.166667
vt 0.281148 0.166667
vt 0.274028 0.222222
vt 0.281148 0.222222
vt 0.274028 0.277778
vt 0.281148 0.277778
vt 0.288268 0.111111
vt 0.288268 0.055556
vt 0.288268 0.166667
vt 0.288268 0.222222
vt 0.288268 0.277778
vt 0.295388 0.111111
vt 0.295388 0.055556
vt 0.295388 0.166667
vt 0.295388 0.222222
vt 0.295388 0.277778
vt 0.302508 0.111111
vt 0.302508 0.055556
vt 0.302508 0.166667
vt 0.302508 0.222222
vt 0.302508 0.277778
vt 0.274028 0.000000
vt 0.274028 0.333333
vt 0.309628 0.333333
vt 0.309628 0.277778
vt 0.302508 0.333333
vt 0.302508 0.000000
vt 0.309628 0.055556
vt 0.309628 0.000000
vt 0.281148 0.333333
vt 0.309628 0.222222
vt 0.295388 0.000000
vt 0.288268 0.333333
vt 0.309628 0.166667
vt 0.288268 0.000000
vt 0.295388 0.333333
vt 0.309628 0.111111
vt 0.281148 0.000000
vt 0.312447 0.055556
vt 0.312447 0.111111
vt 0.315266 0.111111
vt 0.315266 0.055556
vt 0.312447 0.166667
vt 0.315266 0.166667
vt 0.312447 0.222222
vt 0.315266 0.222222
vt 0.312447 0.277778
vt 0.315266 0.277778
vt 0.318086 0.111111
vt 0.318086 0.055556
vt 0.318086 0.166667
vt 0.318086 0.222222
vt 0.318086 0.277778
vt 0.320905 0.111111
vt 0.320905 0.055556
vt 0.320905 0.166667
vt 0.320905 0.222222
vt 0.320905 0.277778
vt 0.323724 0.111111
vt 0.323724 0.055556
vt 0.323724 0.166667
vt 0.323724 0.222222
vt 0.323724 0.277778
vt 0.312447 0.000000
vt 0.312447 0.333333
vt 0.326543 0.333333
vt 0.326543 0.277778
vt 0.323724 0.333333
vt 0.323724 0.000000
vt 0.326543 0.055556
vt 0.326543 0.000000
vt 0.315266 0.333333
vt 0.326543 0.222222
vt 0.320905 0.000000
vt 0.318086 0.333333
vt 0.326543 0.166667
vt 0.318086 0.000000
vt 0.320905 0.333333
vt 0.326543 0.111111
vt 0.315266 0.000000
vt 0.328918 0.055556
vt 0.328918 0.111111
vt 0.331293 0.111111
vt 0.331293 0.055556
vt 0.328918 0.166667
vt 0.331293 0.166667
vt 0.328918 0.222222
vt 0.331293 0.222222
vt 0.328918 0.277778
vt 0.331293 0.277778
vt 0.333667 0.111111
vt 0.333667 0.055556
vt 0.333667 0.166667
vt 0.333667 0.222222
vt 0.333667 0.277778
vt 0.336042 0.111111
vt 0.336042 0.055556
vt 0.336042 0.166667
vt 0.336042 0.222222
vt 0.336042 0.277778
vt 0.338417 0.111111
vt 0.338417 0.055556
vt 0.338417 0.166667
vt 0.338417 0.222222
vt 0.338417 0.277778
vt 0.328918 0.000000
vt 0.328918 0.333333
vt 0.340791 0.333333
vt 0.340791 0.277778
vt 0.338417 0.333333
vt 0.338417 0.000000
vt 0.340791 0.055556
vt 0.340791 0.000000
vt 0.331293 0.333333
vt 0.340791 0.222222
vt 0.336042 0.000000
vt 0.333667 0.333333
vt 0.340791 0.166667
vt 0.333667 0.000000
vt 0.336042 0.333333
vt 0.340791 0.111111
vt 0.331293 0.000000
vt 0.342316 0.055556
vt 0.342316 0.111111
vt 0.343840 0.111111
vt 0.343840 0.055556
vt 0.342316 0.166667
vt 0.343840 0.166667
vt 0.342316 0.222222
vt 0.343840 0.222222
vt 0.342316 0.277778
vt 0.343840 0.277778
vt 0.345364 0.111111
vt 0.345364 0.055556
vt 0.345364 0.166667
vt 0.345364 0.222222
vt 0.345364 0.277778
vt 0.346889 0.111111
vt 0.346889 0.055556
vt 0.346889 0.166667
vt 0.346889 0.222222
vt 0.346889 0.277778
vt 0.348413 0.111111
vt 0.348413 0.055556
vt 0.348413 0.166667
vt 0.348413 0.222222
vt 0.348413 0.277778
vt 0.342316 0.000000
vt 0.342316 0.333333
vt 0.349937 0.333333
vt 0.349937 0.277778
vt 0.348413 0.333333
vt 0.348413 0.000000
vt 0.349937 0.055556
vt 0.349937 0.000000
vt 0.343840 0.333333
vt 0.349937 0.222222
vt 0.346889 0.000000
vt 0.345364 0.333333
vt 0.349937 0.166667
vt 0.345364 0.000000
vt 0.346889 0.333333
vt 0.349937 0.111111
vt 0.343840 0.000000
vt 0.352623 0.055556
vt 0.352623 0.111111
vt 0.355308 0.111111
vt 0.355308 0.055556
vt 0.352623 0.166667
vt 0.355308 0.166667
vt 0.352623 0.222222
vt 0.355308 0.222222
vt 0.352623 0.277778
vt 0.355308 0.277778
vt 0.357994 0.111111
vt 0.357994 0.055556
vt 0.357994 0.166667
vt 0.357994 0.222222
vt 0.357994 0.277778
vt 0.360679 0.111111
vt 0.360679 0.055556
vt 0.360679 0.166667
vt 0.360679 0.222222
vt 0.360679 0.277778
vt 0.363365 0.111111
vt 0.363365 0.055556
vt 0.363365 0.166667
vt 0.363365 0.222222
vt 0.363365 0.277778
vt 0.352623 0.000000
vt 0.352623 0.333333
vt 0.366050 0.333333
vt 0.366050 0.277778
vt 0.363365 0.333333
vt 0.363365 0.000000
vt 0.366050 0.055556
vt 0.366050 0.000000
vt 0.355308 0.333333
vt 0.366050 0.222222
vt 0.360679 0.000000
vt 0.357994 0.333333
vt 0.366050 0.166667
vt 0.357994 0.000000
vt 0.360679 0.333333
vt 0.366050 0.111111
vt 0.355308 0.000000
vt 0.367895 0.055556
vt 0.367895 0.111111
vt 0.369741 0.111111
vt 0.369741 0.055556
vt 0.367895 0.166667
vt 0.369741 0.166667
vt 0.367895 0.222222
vt 0.369741 0.222222
vt 0.367895 0.277778
vt 0.369741 0.277778
vt 0.371586 0.111111
vt 0.371586 0.055556
vt 0.371586 0.166667
vt 0.371586 0.222222
vt 0.371586 0.277778
vt 0.373431 0.111111
vt 0.373431 0.055556
vt 0.373431 0.166667
vt 0.373431 0.222222
vt 0.373431 0.277778
vt 0.375277 0.111111
vt 0.375277 0.055556
vt 0.375277 0.166667
vt 0.375277 0.222222
vt 0.375277 0.277778
vt 0.367895 0.000000
vt 0.367895 0.333333
vt 0.377122 0.333333
vt 0.377122 0.277778
vt 0.375277 0.333333
vt 0.375277 0.000000
vt 0.377122 0.055556
vt 0.377122 0.000000
vt 0.369741 0.333333
vt 0.377122 0.222222
vt 0.373431 0.000000
vt 0.371586 0.333333
vt 0.377122 0.166667
vt 0.371586 0.000000
vt 0.373431 0.333333
vt 0.377122 0.111111
vt 0.369741 0.000000
vt 0.387225 0.055556
vt 0.387225 0.111111
vt 0.397327 0.111111
vt 0.397327 0.055556
vt 0.387225 0.166667
vt 0.397327 0.166667
vt 0.387225 0.222222
vt 0.397327 0.222222
vt 0.387225 0.277778
vt 0.397327 0.277778
vt 0.407430 0.111111
vt 0.407430 0.055556
vt 0.407430 0.166667
vt 0.407430 0.222222
vt 0.407430 0.277778
vt 0.417532 0.111111
vt 0.417532 0.055556
vt 0.417532 0.166667
vt 0.417532 0.222222
vt 0.417532 0.277778
vt 0.427635 0.111111
vt 0.427635 0.055556
vt 0.427635 0.166667
vt 0.427635 0.222222
vt 0.427635 0.277778
vt 0.387225 0.000000
vt 0.387225 0.333333
vt 0.437737 0.333333
vt 0.437737 0.277778
vt 0.427635 0.333333
vt 0.427635 0.000000
vt 0.437737 0.055556
vt 0.437737 0.000000
vt 0.397327 0.333333
vt 0.437737 0.222222
vt 0.417532 0.000000
vt 0.407430 0.333333
vt 0.437737 0.166667
vt 0.407430 0.000000
vt 0.417532 0.333333
vt 0.437737 0.111111
vt 0.397327 0.000000
vt 0.448743 0.055556
vt 0.448743 0.111111
vt 0.459749 0.111111
vt 0.459749 0.055556
vt 0.448743 0.166667
vt 0.459749 0.166667
vt 0.448743 0.222222
vt 0.459749 0.222222
vt 0.448743 0.277778
vt 0.459749 0.277778
vt 0.470755 0.111111
vt 0.470755 0.055556
vt 0.470755 0.166667
vt 0.470755 0.222222
vt 0.470755 0.277778
vt 0.481761 0.111111
vt 0.481761 0.055556
vt 0.481761 0.166667
vt 0.481761 0.222222
vt 0.481761 0.277778
vt 0.492766 0.111111
vt 0.492766 0.055556
vt 0.492766 0.166667
vt 0.492766 0.222222
vt 0.492766 0.277778
vt 0.448743 0.000000
vt 0.448743 0.333333
vt 0.503772 0.333333
vt 0.503772 0.277778
vt 0.492766 0.333333
vt 0.492766 0.000000
vt 0.503772 0.055556
vt 0.503772 0.000000
vt 0.459749 0.333333
vt 0.503772 0.222222
vt 0.481761 0.000000
vt 0.470755 0.333333
vt 0.503772 0.166667
vt 0.470755 0.000000
vt 0.481761 0.333333
vt 0.503772 0.111111
vt 0.459749 0.000000
vt 0.515150 0.055556
vt 0.515150 0.111111
vt 0.526527 0.111111
vt 0.526527 0.055556
vt 0.515150 0.166667
vt 0.526527 0.166667
vt 0.515150 0.222222
vt 0.526527 0.222222
vt 0.515150 0.277778
vt 0.526527 0.277778
vt 0.537905 0.111111
vt 0.537905 0.055556
vt 0.537905 0.166667
vt 0.537905 0.222222
vt 0.537905 0.277778
vt 0.549282 0.111111
vt 0.549282 0.055556
vt 0.549282 0.166667
vt 0.549282 0.222222
vt 0.549282 0.277778
vt 0.560659 0.111111
vt 0.560659 0.055556
vt 0.560659 0.166667
vt 0.560659 0.222222
vt 0.560659 0.277778
vt 0.515150 0.000000
vt 0.515150 0.333333
vt 0.572037 0.333333
vt 0.572037 0.277778
vt 0.560659 0.333333
vt 0.560659 0.000000
vt 0.572037 0.055556
vt 0.572037 0.000000
vt 0.526527 0.333333
vt 0.572037 0.222222
vt 0.549282 0.000000
vt 0.537905 0.333333
vt 0.572037 0.166667
vt 0.537905 0.000000
vt 0.549282 0.333333
vt 0.572037 0.111111
vt 0.526527 0.000000
vt 0.575329 0.055556
vt 0.575329 0.111111
vt 0.578622 0.111111
vt 0.578622 0.055556
vt 0.575329 0.166667
vt 0.578622 0.166667
vt 0.575329 0.222222
vt 0.578622 0.222222
vt 0.575329 0.277778
vt 0.578622 0.277778
vt 0.581914 0.111111
vt 0.581914 0.055556
vt 0.581914 0.166667
vt 0.581914 0.222222
vt 0.581914 0.277778
vt 0.585206 0.111111
vt 0.585206 0.055556
vt 0.585206 0.166667
vt 0.585206 0.222222
vt 0.585206 0.277778
vt 0.588499 0.111111
vt 0.588499 0.055556
vt 0.588499 0.166667
vt 0.588499 0.222222
vt 0.588499 0.277778
vt 0.575329 0.000000
vt 0.575329 0.333333
vt 0.591791 0.333333
vt 0.591791 0.277778
vt 0.588499 0.333333
vt 0.588499 0.000000
vt 0.591791 0.055556
vt 0.591791 0.000000
vt 0.578622 0.333333
vt 0.591791 0.222222
vt 0.585206 0.000000
vt 0.581914 0.333333
vt 0.591791 0.166667
vt 0.581914 0.000000
vt 0.585206 0.333333
vt 0.591791 0.111111
vt 0.578622 0.000000
vt 0.595301 0.055556
vt 0.595301 0.111111
vt 0.598811 0.111111
vt 0.598811 0.055556
vt 0.595301 0.166667
vt 0.598811 0.166667
vt 0.595301 0.222222
vt 0.598811 0.222222
vt 0.595301 0.277778
vt 0.598811 0.277778
vt 0.602320 0.111111
vt 0.602320 0.055556
vt 0.602320 0.166667
vt 0.602320 0.222222
vt 0.602320 0.277778
vt 0.605830 0.111111
vt 0.605830 0.055556
vt 0.605830 0.166667
vt 0.605830 0.222222
vt 0.605830 0.277778
vt 0.609340 0.111111
vt 0.609340 0.055556
vt 0.609340 0.166667
vt 0.609340 0.222222
vt 0.609340 0.277778
vt 0.595301 0.000000
vt 0.595301 0.333333
vt 0.612850 0.333333
vt 0.612850 0.277778
vt 0.609340 0.333333
vt 0.609340 0.000000
vt 0.612850 0.055556
vt 0.612850 0.000000
vt 0.598811 0.333333
vt 0.612850 0.222222
vt 0.605830 0.000000
vt 0.602320 0.333333
vt 0.612850 0.166667
vt 0.602320 0.000000
vt 0.605830 0.333333
vt 0.612850 0.111111
vt 0.598811 0.000000
vt 0.615671 0.055556
vt 0.615671 0.111111
vt 0.618492 0.111111
vt 0.618492 0.055556
vt 0.615671 0.166667
vt 0.618492 0.166667
vt 0.615671 0.222222
vt 0.618492 0.222222
vt 0.615671 0.277778
vt 0.618492 0.277778
vt 0.621314 0.111111
vt 0.621314 0.055556
vt 0.621314 0.166667
vt 0.621314 0.222222
vt 0.621314 0.277778
vt 0.624135 0.111111
vt 0.624135 0.055556
vt 0.624135 0.166667
vt 0.624135 0.222222
vt 0.624135 0.277778
vt 0.626956 0.111111
vt 0.626956 0.055556
vt 0.626956 0.166667
vt 0.626956 0.222222
vt 0.626956 0.277778
vt 0.615671 0.000000
vt 0.615671 0.333333
vt 0.629777 0.333333
vt 0.629777 0.277778
vt 0.626956 0.333333
vt 0.626956 0.000000
vt 0.629777 0.055556
vt 0.629777 0.000000
vt 0.618492 0.333333
vt 0.629777 0.222222
vt 0.624135 0.000000
vt 0.621314 0.333333
vt 0.629777 0.166667
vt 0.621314 0.000000
vt 0.624135 0.333333
vt 0.629777 0.111111
vt 0.618492 0.000000
vt 0.632026 0.055556
vt 0.632026 0.111111
vt 0.634274 0.111111
vt 0.634274 0.055556
vt 0.632026 0.166667
vt 0.634274 0.166667
vt 0.632026 0.222222
vt 0.634274 0.222222
vt 0.632026 0.277778
vt 0.634274 0.277778
vt 0.636523 0.111111
vt 0.636523 0.055556
vt 0.636523 0.166667
vt 0.636523 0.222222
vt 0.636523 0.277778
vt 0.638771 0.111111
vt 0.638771 0.055556
vt 0.638771 0.166667
vt 0.638771 0.222222
vt 0.638771 0.277778
vt 0.641020 0.111111
vt 0.641020 0.055556
vt 0.641020 0.166667
vt 0.641020 0.222222
vt 0.641020 0.277778
vt 0.632026 0.000000
vt 0.632026 0.333333
vt 0.643268 0.333333
vt 0.643268 0.277778
vt 0.641020 0.333333
vt 0.641020 0.000000
vt 0.643268 0.055556
vt 0.643268 0.000000
vt 0.634274 0.333333
vt 0.643268 0.222222
vt 0.638771 0.000000
vt 0.636523 0.333333
vt 0.643268 0.166667
vt 0.636523 0.000000
vt 0.638771 0.333333
vt 0.643268 0.111111
vt 0.634274 0.000000
vt 0.645614 0.055556
vt 0.645614 0.111111
vt 0.647959 0.111111
vt 0.647959 0.055556
vt 0.645614 0.166667
vt 0.647959 0.166667
vt 0.645614 0.222222
vt 0.647959 0.222222
vt 0.645614 0.277778
vt 0.647959 0.277778
vt 0.650305 0.111111
vt 0.650305 0.055556
vt 0.650305 0.166667
vt 0.650305 0.222222
vt 0.650305 0.277778
vt 0.652651 0.111111
vt 0.652651 0.055556
vt 0.652651 0.166667
vt 0.652651 0.222222
vt 0.652651 0.277778
vt 0.654996 0.111111
vt 0.654996 0.055556
vt 0.654996 0.166667
vt 0.654996 0.222222
vt 0.654996 0.277778
vt 0.645614 0.000000
vt 0.645614 0.333333
vt 0.657342 0.333333
vt 0.657342 0.277778
vt 0.654996 0.333333
vt 0.654996 0.000000
vt 0.657342 0.055556
vt 0.657342 0.000000
vt 0.647959 0.333333
vt 0.657342 0.222222
vt 0.652651 0.000000
vt 0.650305 0.333333
vt 0.657342 0.166667
vt 0.650305 0.000000
vt 0.652651 0.333333
vt 0.657342 0.111111
vt 0.647959 0.000000
vt 0.662257 0.055556
vt 0.662257 0.111111
vt 0.667173 0.111111
vt 0.667173 0.055556
vt 0.662257 0.166667
vt 0.667173 0.166667
vt 0.662257 0.222222
vt 0.667173 0.222222
vt 0.662257 0.277778
vt 0.667173 0.277778
vt 0.672089 0.111111
vt 0.672089 0.055556
vt 0.672089 0.166667
vt 0.672089 0.222222
vt 0.672089 0.277778
vt 0.677004 0.111111
vt 0.677004 0.055556
vt 0.677004 0.166667
vt 0.677004 0.222222
vt 0.677004 0.277778
vt 0.681920 0.111111
vt 0.681920 0.055556
vt 0.681920 0.166667
vt 0.681920 0.222222
vt 0.681920 0.277778
vt 0.662257 0.000000
vt 0.662257 0.333333
vt 0.686836 0.333333
vt 0.686836 0.277778
vt 0.681920 0.333333
vt 0.681920 0.000000
vt 0.686836 0.055556
vt 0.686836 0.000000
vt 0.667173 0.333333
vt 0.686836 0.222222
vt 0.677004 0.000000
vt 0.672089 0.333333
vt 0.686836 0.166667
vt 0.672089 0.000000
vt 0.677004 0.333333
vt 0.686836 0.111111
vt 0.667173 0.000000
vt 0.688344 0.055556
vt 0.688344 0.111111
vt 0.689852 0.111111
vt 0.689852 0.055556
vt 0.688344 0.166667
vt 0.689852 0.166667
vt 0.688344 0.222222
vt 0.689852 0.222222
vt 0.688344 0.277778
vt 0.689852 0.277778
vt 0.691360 0.111111
vt 0.691360 0.055556
vt 0.691360 0.166667
vt 0.691360 0.222222
vt 0.691360 0.277778
vt 0.692869 0.111111
vt 0.692869 0.055556
vt 0.692869 0.166667
vt 0.692869 0.222222
vt 0.692869 0.277778
vt 0.694377 0.111111
vt 0.694377 0.055556
vt 0.694377 0.166667
vt 0.694377 0.222222
vt 0.694377 0.277778
vt 0.688344 0.000000
vt 0.688344 0.333333
vt 0.695885 0.333333
vt 0.695885 0.277778
vt 0.694377 0.333333
vt 0.694377 0.000000
vt 0.695885 0.055556
vt 0.695885 0.000000
vt 0.689852 0.333333
vt 0.695885 0.222222
vt 0.692869 0.000000
vt 0.691360 0.333333
vt 0.695885 0.166667
vt 0.691360 0.000000
vt 0.692869 0.333333
vt 0.695885 0.111111
vt 0.689852 0.000000
vt 0.697830 0.055556
vt 0.697830 0.111111
vt 0.699776 0.111111
vt 0.699776 0.055556
vt 0.697830 0.166667
vt 0.699776 0.166667
vt 0.697830 0.222222
vt 0.699776 0.222222
vt 0.697830 0.277778
vt 0.699776 0.277778
vt 0.701721 0.111111
vt 0.701721 0.055556
vt 0.701721 0.166667
vt 0.701721 0.222222
vt 0.701721 0.277778
vt 0.703666 0.111111
vt 0.703666 0.055556
vt 0.703666 0.166667
vt 0.703666 0.222222
vt 0.703666 0.277778
vt 0.705612 0.111111
vt 0.705612 0.055556
vt 0.705612 0.166667
vt 0.705612 0.222222
vt 0.705612 0.277778
vt 0.697830 0.000000
vt 0.697830 0.333333
vt 0.707557 0.333333
vt 0.707557 0.277778
vt 0.705612 0.333333
vt 0.705612 0.000000
vt 0.707557 0.055556
vt 0.707557 0.000000
vt 0.699776 0.333333
vt 0.707557 0.222222
vt 0.703666 0.000000
vt 0.701721 0.333333
vt 0.707557 0.166667
vt 0.701721 0.000000
vt 0.703666 0.333333
vt 0.707557 0.111111
vt 0.699776 0.000000
vt 0.708289 0.055556
vt 0.708289 0.111111
vt 0.709020 0.111111
vt 0.709020 0.055556
vt 0.708289 0.166667
vt 0.709020 0.166667
vt 0.708289 0.222222
vt 0.709020 0.222222
vt 0.708289 0.277778
vt 0.709020 0.277778
vt 0.709752 0.111111
vt 0.709752 0.055556
vt 0.709752 0.166667
vt 0.709752 0.222222
vt 0.709752 0.277778
vt 0.710484 0.111111
vt 0.710484 0.055556
vt 0.710484 0.166667
vt 0.710484 0.222222
vt 0.710484 0.277778
vt 0.711215 0.111111
vt 0.711215 0.055556
vt 0.711215 0.166667
vt 0.711215 0.222222
vt 0.711215 0.277778
vt 0.708289 0.000000
vt 0.708289 0.333333
vt 0.711947 0.333333
vt 0.711947 0.277778
vt 0.711215 0.333333
vt 0.711215 0.000000
vt 0.711947 0.055556
vt 0.711947 0.000000
vt 0.709020 0.333333
vt 0.711947 0.222222
vt 0.710484 0.000000
vt 0.709752 0.333333
vt 0.711947 0.166667
vt 0.709752 0.000000
vt 0.710484 0.333333
vt 0.711947 0.111111
vt 0.709020 0.000000
vt 0.713665 0.055556
vt 0.713665 0.111111
vt 0.715383 0.111111
vt 0.715383 0.055556
vt 0.713665 0.166667
vt 0.715383 0.166667
vt 0.713665 0.222222
vt 0.715383 0.222222
vt 0.713665 0.277778
vt 0.715383 0.277778
vt 0.717101 0.111111
vt 0.717101 0.055556
vt 0.717101 0.166667
vt 0.717101 0.222222
vt 0.717101 0.277778
vt 0.718819 0.111111
vt 0.718819 0.055556
vt 0.718819 0.166667
vt 0.718819 0.222222
vt 0.718819 0.277778
vt 0.720537 0.111111
vt 0.720537 0.055556
vt 0.720537 0.166667
vt 0.720537 0.222222
vt 0.720537 0.277778
vt 0.713665 0.000000
vt 0.713665 0.333333
vt 0.722255 0.333333
vt 0.722255 0.277778
vt 0.720537 0.333333
vt 0.720537 0.000000
vt 0.722255 0.055556
vt 0.722255 0.000000
vt 0.715383 0.333333
vt 0.722255 0.222222
vt 0.718819 0.000000
vt 0.717101 0.333333
vt 0.722255 0.166667
vt 0.717101 0.000000
vt 0.718819 0.333333
vt 0.722255 0.111111
vt 0.715383 0.000000
vt 0.726828 0.055556
vt 0.726828 0.111111
vt 0.731402 0.111111
vt 0.731402 0.055556
vt 0.726828 0.166667
vt 0.731402 0.166667
vt 0.726828 0.222222
vt 0.731402 0.222222
vt 0.726828 0.277778
vt 0.731402 0.277778
vt 0.735975 0.111111
vt 0.735975 0.055556
vt 0.735975 0.166667
vt 0.735975 0.222222
vt 0.735975 0.277778
vt 0.740548 0.111111
vt 0.740548 0.055556
vt 0.740548 0.166667
vt 0.740548 0.222222
vt 0.740548 0.277778
vt 0.745121 0.111111
vt 0.745121 0.055556
vt 0.745121 0.166667
vt 0.745121 0.222222
vt 0.745121 0.277778
vt 0.726828 0.000000
vt 0.726828 0.333333
vt 0.749694 0.333333
vt 0.749694 0.277778
vt 0.745121 0.333333
vt 0.745121 0.000000
vt 0.749694 0.055556
vt 0.749694 0.000000
vt 0.731402 0.333333
vt 0.749694 0.222222
vt 0.740548 0.000000
vt 0.735975 0.333333
vt 0.749694 0.166667
vt 0.735975 0.000000
vt 0.740548 0.333333
vt 0.749694 0.111111
vt 0.731402 0.000000
vt 0.756426 0.055556
vt 0.756426 0.111111
vt 0.763158 0.111111
vt 0.763158 0.055556
vt 0.756426 0.166667
vt 0.763158 0.166667
vt 0.756426 0.222222
vt 0.763158 0.222222
vt 0.756426 0.277778
vt 0.763158 0.277778
vt 0.769889 0.111111
vt 0.769889 0.055556
vt 0.769889 0.166667
vt 0.769889 0.222222
vt 0.769889 0.277778
vt 0.776621 0.111111
vt 0.776621 0.055556
vt 0.776621 0.166667
vt 0.776621 0.222222
vt 0.776621 0.277778
vt 0.783353 0.111111
vt 0.783353 0.055556
vt 0.783353 0.166667
vt 0.783353 0.222222
vt 0.783353 0.277778
vt 0.756426 0.000000
vt 0.756426 0.333333
vt 0.790084 0.333333
vt 0.790084 0.277778
vt 0.783353 0.333333
vt 0.783353 0.000000
vt 0.790084 0.055556
vt 0.790084 0.000000
vt 0.763158 0.333333
vt 0.790084 0.222222
vt 0.776621 0.000000
vt 0.769889 0.333333
vt 0.790084 0.166667
vt 0.769889 0.000000
vt 0.776621 0.333333
vt 0.790084 0.111111
vt 0.763158 0.000000
vt 0.794391 0.055556
vt 0.794391 0.111111
vt 0.798698 0.111111
vt 0.798698 0.055556
vt 0.794391 0.166667
vt 0.798698 0.166667
vt 0.794391 0.222222
vt 0.798698 0.222222
vt 0.794391 0.277778
vt 0.798698 0.277778
vt 0.803005 0.111111
vt 0.803005 0.055556
vt 0.803005 0.166667
vt 0.803005 0.222222
vt 0.803005 0.277778
vt 0.807312 0.111111
vt 0.807312 0.055556
vt 0.807312 0.166667
vt 0.807312 0.222222
vt 0.807312 0.277778
vt 0.811619 0.111111
vt 0.811619 0.055556
vt 0.811619 0.166667
vt 0.811619 0.222222
vt 0.811619 0.277778
vt 0.794391 0.000000
vt 0.794391 0.333333
vt 0.815926 0.333333
vt 0.815926 0.277778
vt 0.811619 0.333333
vt 0.811619 0.000000
vt 0.815926 0.055556
vt 0.815926 0.000000
vt 0.798698 0.333333
vt 0.815926 0.222222
vt 0.807312 0.000000
vt 0.803005 0.333333
vt 0.815926 0.166667
vt 0.803005 0.000000
vt 0.807312 0.333333
vt 0.815926 0.111111
vt 0.798698 0.000000
vt 0.819597 0.055556
vt 0.819597 0.111111
vt 0.823268 0.111111
vt 0.823268 0.055556
vt 0.819597 0.166667
vt 0.823268 0.166667
vt 0.819597 0.222222
vt 0.823268 0.222222
vt 0.819597 0.277778
vt 0.823268 0.277778
vt 0.826939 0.111111
vt 0.826939 0.055556
vt 0.826939 0.166667
vt 0.826939 0.222222
vt 0.826939 0.277778
vt 0.830610 0.111111
vt 0.830610 0.055556
vt 0.830610 0.166667
vt 0.830610 0.222222
vt 0.830610 0.277778
vt 0.834281 0.111111
vt 0.834281 0.055556
vt 0.834281 0.166667
vt 0.834281 0.222222
vt 0.834281 0.277778
vt 0.819597 0.000000
vt 0.819597 0.333333
vt 0.837952 0.333333
vt 0.837952 0.277778
vt 0.834281 0.333333
vt 0.834281 0.000000
vt 0.837952 0.055556
vt 0.837952 0.000000
vt 0.823268 0.333333
vt 0.837952 0.222222
vt 0.830610 0.000000
vt 0.826939 0.333333
vt 0.837952 0.166667
vt 0.826939 0.000000
vt 0.830610 0.333333
vt 0.837952 0.111111
vt 0.823268 0.000000
vt 0.842379 0.055556
vt 0.842379 0.111111
vt 0.846807 0.111111
vt 0.846807 0.055556
vt 0.842379 0.166667
vt 0.846807 0.166667
vt 0.842379 0.222222
vt 0.846807 0.222222
vt 0.842379 0.277778
vt 0.846807 0.277778
vt 0.851234 0.111111
vt 0.851234 0.055556
vt 0.851234 0.166667
vt 0.851234 0.222222
vt 0.851234 0.277778
vt 0.855662 0.111111
vt 0.855662 0.055556
vt 0.855662 0.166667
vt 0.855662 0.222222
vt 0.855662 0.277778
vt 0.860089 0.111111
vt 0.860089 0.055556
vt 0.860089 0.166667
vt 0.860089 0.222222
vt 0.860089 0.277778
vt 0.842379 0.000000
vt 0.842379 0.333333
vt 0.864516 0.333333
vt 0.864516 0.277778
vt 0.860089 0.333333
vt 0.860089 0.000000
vt 0.864516 0.055556
vt 0.864516 0.000000
vt 0.846807 0.333333
vt 0.864516 0.222222
vt 0.855662 0.000000
vt 0.851234 0.333333
vt 0.864516 0.166667
vt 0.851234 0.000000
vt 0.855662 0.333333
vt 0.864516 0.111111
vt 0.846807 0.000000
vt 0.868492 0.055556
vt 0.868492 0.111111
vt 0.872468 0.111111
vt 0.872468 0.055556
vt 0.868492 0.166667
vt 0.872468 0.166667
vt 0.868492 0.222222
vt 0.872468 0.222222
vt 0.868492 0.277778
vt 0.872468 0.277778
vt 0.876443 0.111111
vt 0.876443 0.055556
vt 0.876443 0.166667
vt 0.876443 0.222222
vt 0.876443 0.277778
vt 0.880419 0.111111
vt 0.880419 0.055556
vt 0.880419 0.166667
vt 0.880419 0.222222
vt 0.880419 0.277778
vt 0.884395 0.111111
vt 0.884395 0.055556
vt 0.884395 0.166667
vt 0.884395 0.222222
vt 0.884395 0.277778
vt 0.868492 0.000000
vt 0.868492 0.333333
vt 0.888370 0.333333
vt 0.888370 0.277778
vt 0.884395 0.333333
vt 0.884395 0.000000
vt 0.888370 0.055556
vt 0.888370 0.000000
vt 0.872468 0.333333
vt 0.888370 0.222222
vt 0.880419 0.000000
vt 0.876443 0.333333
vt 0.888370 0.166667
vt 0.876443 0.000000
vt 0.880419 0.333333
vt 0.888370 0.111111
vt 0.872468 0.000000
vt 0.892338 0.055556
vt 0.892338 0.111111
vt 0.896305 0.111111
vt 0.896305 0.055556
vt 0.892338 0.166667
vt 0.896305 0.166667
vt 0.892338 0.222222
vt 0.896305 0.222222
vt 0.892338 0.277778
vt 0.896305 0.277778
vt 0.900272 0.111111
vt 0.900272 0.055556
vt 0.900272 0.166667
vt 0.900272 0.222222
vt 0.900272 0.277778
vt 0.904239 0.111111
vt 0.904239 0.055556
vt 0.904239 0.166667
vt 0.904239 0.222222
vt 0.904239 0.277778
vt 0.908207 0.111111
vt 0.908207 0.055556
vt 0.908207 0.166667
vt 0.908207 0.222222
vt 0.908207 0.277778
vt 0.892338 0.000000
vt 0.892338 0.333333
vt 0.912174 0.333333
vt 0.912174 0.277778
vt 0.908207 0.333333
vt 0.908207 0.000000
vt 0.912174 0.055556
vt 0.912174 0.000000
vt 0.896305 0.333333
vt 0.912174 0.222222
vt 0.904239 0.000000
vt 0.900272 0.333333
vt 0.912174 0.166667
vt 0.900272 0.000000
vt 0.904239 0.333333
vt 0.912174 0.111111
vt 0.896305 0.000000
vt 0.916706 0.055556
vt 0.916706 0.111111
vt 0.921237 0.111111
vt 0.921237 0.055556
vt 0.916706 0.166667
vt 0.921237 0.166667
vt 0.916706 0.222222
vt 0.921237 0.222222
vt 0.916706 0.277778
vt 0.921237 0.277778
vt 0.925769 0.111111
vt 0.925769 0.055556
vt 0.925769 0.166667
vt 0.925769 0.222222
vt 0.925769 0.277778
vt 0.930301 0.111111
vt 0.930301 0.055556
vt 0.930301 0.166667
vt 0.930301 0.222222
vt 0.930301 0.277778
vt 0.934832 0.111111
vt 0.934832 0.055556
vt 0.934832 0.166667
vt 0.934832 0.222222
vt 0.934832 0.277778
vt 0.916706 0.000000
vt 0.916706 0.333333
vt 0.939364 0.333333
vt 0.939364 0.277778
vt 0.934832 0.333333
vt 0.934832 0.000000
vt 0.939364 0.055556
vt 0.939364 0.000000
vt 0.921237 0.333333
vt 0.939364 0.222222
vt 0.930301 0.000000
vt 0.925769 0.333333
vt 0.939364 0.166667
vt 0.925769 0.000000
vt 0.930301 0.333333
vt 0.939364 0.111111
vt 0.921237 0.000000
vt 0.941612 0.055556
vt 0.941612 0.111111
vt 0.943861 0.111111
vt 0.943861 0.055556
vt 0.941612 0.166667
vt 0.943861 0.166667
vt 0.941612 0.222222
vt 0.943861 0.222222
vt 0.941612 0.277778
vt 0.943861 0.277778
vt 0.946109 0.111111
vt 0.946109 0.055556
vt 0.946109 0.166667
vt 0.946109 0.222222
vt 0.946109 0.277778
vt 0.948358 0.111111
vt 0.948358 0.055556
vt 0.948358 0.166667
vt 0.948358 0.222222
vt 0.948358 0.277778
vt 0.950606 0.111111
vt 0.950606 0.055556
vt 0.950606 0.166667
vt 0.950606 0.222222
vt 0.950606 0.277778
vt 0.941612 0.000000
vt 0.941612 0.333333
vt 0.952855 0.333333
vt 0.952855 0.277778
vt 0.950606 0.333333
vt 0.950606 0.000000
vt 0.952855 0.055556
vt 0.952855 0.000000
vt 0.943861 0.333333
vt 0.952855 0.222222
vt 0.948358 0.000000
vt 0.946109 0.333333
vt 0.952855 0.166667
vt 0.946109 0.000000
vt 0.948358 0.333333
vt 0.952855 0.111111
vt 0.943861 0.000000
vt 0.955438 0.055556
vt 0.955438 0.111111
vt 0.958021 0.111111
vt 0.958021 0.055556
vt 0.955438 0.166667
vt 0.958021 0.166667
vt 0.955438 0.222222
vt 0.958021 0.222222
vt 0.955438 0.277778
vt 0.958021 0.277778
vt 0.960604 0.111111
vt 0.960604 0.055556
vt 0.960604 0.166667
vt 0.960604 0.222222
vt 0.960604 0.277778
vt 0.963188 0.111111
vt 0.963188 0.055556
vt 0.963188 0.166667
vt 0.963188 0.222222
vt 0.963188 0.277778
vt 0.965771 0.111111
vt 0.965771 0.055556
vt 0.965771 0.166667
vt 0.965771 0.222222
vt 0.965771 0.277778
vt 0.955438 0.000000
vt 0.955438 0.333333
vt 0.968354 0.333333
vt 0.968354 0.277778
vt 0.965771 0.333333
vt 0.965771 0.000000
vt 0.968354 0.055556
vt 0.968354 0.000000
vt 0.958021 0.333333
vt 0.968354 0.222222
vt 0.963188 0.000000
vt 0.960604 0.333333
vt 0.968354 0.166667
vt 0.960604 0.000000
vt 0.963188 0.333333
vt 0.968354 0.111111
vt 0.958021 0.000000
vt 0.971217 0.055556
vt 0.971217 0.111111
vt 0.974079 0.111111
vt 0.974079 0.055556
vt 0.971217 0.166667
vt 0.974079 0.166667
vt 0.971217 0.222222
vt 0.974079 0.222222
vt 0.971217 0.277778
vt 0.974079 0.277778
vt 0.976942 0.111111
vt 0.976942 0.055556
vt 0.976942 0.166667
vt 0.976942 0.222222
vt 0.976942 0.277778
vt 0.979804 0.111111
vt 0.979804 0.055556
vt 0.979804 0.166667
vt 0.979804 0.222222
vt 0.979804 0.277778
vt 0.982666 0.111111
vt 0.982666 0.055556
vt 0.982666 0.166667
vt 0.982666 0.222222
vt 0.982666 0.277778
vt 0.971217 0.000000
vt 0.971217 0.333333
vt 0.985529 0.333333
vt 0.985529 0.277778
vt 0.982666 0.333333
vt 0.982666 0.000000
vt 0.985529 0.055556
vt 0.985529 0.000000
vt 0.974079 0.333333
vt 0.985529 0.222222
vt 0.979804 0.000000
vt 0.976942 0.333333
vt 0.985529 0.166667
vt 0.976942 0.000000
vt 0.979804 0.333333
vt 0.985529 0.111111
vt 0.974079 0.000000
vt 0.987941 0.055556
vt 0.987941 0.111111
vt 0.990352 0.111111
vt 0.990352 0.055556
vt 0.987941 0.166667
vt 0.990352 0.166667
vt 0.987941 0.222222
vt 0.990352 0.222222
vt 0.987941 0.277778
vt 0.990352 0.277778
vt 0.992764 0.111111
vt 0.992764 0.055556
vt 0.992764 0.166667
vt 0.992764 0.222222
vt 0.992764 0.277778
vt 0.995176 0.111111
vt 0.995176 0.055556
vt 0.995176 0.166667
vt 0.995176 0.222222
vt 0.995176 0.277778
vt 0.997588 0.111111
vt 0.997588 0.055556
vt 0.997588 0.166667
vt 0.997588 0.222222
vt 0.997588 0.277778
vt 0.987941 0.000000
vt 0.987941 0.333333
vt 1.000000 0.333333
vt 1.000000 0.277778
vt 0.997588 0.333333
vt 0.997588 0.000000
vt 1.000000 0.055556
vt 1.000000 0.000000
vt 0.990352 0.333333
vt 1.000000 0.222222
vt 0.995176 0.000000
vt 0.992764 0.333333
vt 1.000000 0.166667
vt 0.992764 0.000000
vt 0.995176 0.333333
vt 1.000000 0.111111
vt 0.990352 0.000000
vt 0.022925 0.388889
vt 0.022925 0.444444
vt 0.045850 0.444444
vt 0.045850 0.388889
vt 0.022925 0.500000
vt 0.045850 0.500000
vt 0.022925 0.555556
vt 0.045850 0.555556
vt 0.022925 0.611111
vt 0.045850 0.611111
vt 0.068775 0.444444
vt 0.068775 0.388889
vt 0.068775 0.500000
vt 0.068775 0.555556
vt 0.068775 0.611111
vt 0.091700 0.444444
vt 0.091700 0.388889
vt 0.091700 0.500000
vt 0.091700 0.555556
vt 0.091700 0.611111
vt 0.114625 0.444444
vt 0.114625 0.388889
vt 0.114625 0.500000
vt 0.114625 0.555556
vt 0.114625 0.611111
vt 0.000000 0.388889
vt 0.022925 0.666667
vt 0.000000 0.611111
vt 0.000000 0.666667
vt 0.137550 0.666667
vt 0.137550 0.611111
vt 0.114625 0.666667
vt 0.137550 0.388889
vt 0.000000 0.444444
vt 0.045850 0.666667
vt 0.137550 0.555556
vt 0.000000 0.500000
vt 0.068775 0.666667
vt 0.137550 0.500000
vt 0.000000 0.555556
vt 0.091700 0.666667
vt 0.137550 0.444444
vt 0.143403 0.388889
vt 0.143403 0.444444
vt 0.149257 0.444444
vt 0.149257 0.388889
vt 0.143403 0.500000
vt 0.149257 0.500000
vt 0.143403 0.555556
vt 0.149257 0.555556
vt 0.143403 0.611111
vt 0.149257 0.611111
vt 0.155110 0.444444
vt 0.155110 0.388889
vt 0.155110 0.500000
vt 0.155110 0.555556
vt 0.155110 0.611111
vt 0.160963 0.444444
vt 0.160963 0.388889
vt 0.160963 0.500000
vt 0.160963 0.555556
vt 0.160963 0.611111
vt 0.166816 0.444444
vt 0.166816 0.388889
vt 0.166816 0.500000
vt 0.166816 0.555556
vt 0.166816 0.611111
vt 0.143403 0.666667
vt 0.172669 0.666667
vt 0.172669 0.611111
vt 0.166816 0.666667
vt 0.172669 0.388889
vt 0.149257 0.666667
vt 0.172669 0.555556
vt 0.155110 0.666667
vt 0.172669 0.500000
vt 0.160963 0.666667
vt 0.172669 0.444444
vt 0.176279 0.388889
vt 0.176279 0.444444
vt 0.179889 0.444444
vt 0.179889 0.388889
vt 0.176279 0.500000
vt 0.179889 0.500000
vt 0.176279 0.555556
vt 0.179889 0.555556
vt 0.176279 0.611111
vt 0.179889 0.611111
vt 0.183498 0.444444
vt 0.183498 0.388889
vt 0.183498 0.500000
vt 0.183498 0.555556
vt 0.183498 0.611111
vt 0.187108 0.444444
vt 0.187108 0.388889
vt 0.187108 0.500000
vt 0.187108 0.555556
vt 0.187108 0.611111
vt 0.190718 0.444444
vt 0.190718 0.388889
vt 0.190718 0.500000
vt 0.190718 0.555556
vt 0.190718 0.611111
vt 0.176279 0.666667
vt 0.194327 0.666667
vt 0.194327 0.611111
vt 0.190718 0.666667
vt 0.194327 0.388889
vt 0.179889 0.666667
vt 0.194327 0.555556
vt 0.183498 0.666667
vt 0.194327 0.500000
vt 0.187108 0.666667
vt 0.194327 0.444444
vt 0.197403 0.388889
vt 0.197403 0.444444
vt 0.200479 0.444444
vt 0.200479 0.388889
vt 0.197403 0.500000
vt 0.200479 0.500000
vt 0.197403 0.555556
vt 0.200479 0.555556
vt 0.197403 0.611111
vt 0.200479 0.611111
vt 0.203555 0.444444
vt 0.203555 0.388889
vt 0.203555 0.500000
vt 0.203555 0.555556
vt 0.203555 0.611111
vt 0.206631 0.444444
vt 0.206631 0.388889
vt 0.206631 0.500000
vt 0.206631 0.555556
vt 0.206631 0.611111
vt 0.209707 0.444444
vt 0.209707 0.388889
vt 0.209707 0.500000
vt 0.209707 0.555556
vt 0.209707 0.611111
vt 0.197403 0.666667
vt 0.212783 0.666667
vt 0.212783 0.611111
vt 0.209707 0.666667
vt 0.212783 0.388889
vt 0.200479 0.666667
vt 0.212783 0.555556
vt 0.203555 0.666667
vt 0.212783 0.500000
vt 0.206631 0.666667
vt 0.212783 0.444444
vt 0.217685 0.388889
vt 0.217685 0.444444
vt 0.222588 0.444444
vt 0.222588 0.388889
vt 0.217685 0.500000
vt 0.222588 0.500000
vt 0.217685 0.555556
vt 0.222588 0.555556
vt 0.217685 0.611111
vt 0.222588 0.611111
vt 0.227491 0.444444
vt 0.227491 0.388889
vt 0.227491 0.500000
vt 0.227491 0.555556
vt 0.227491 0.611111
vt 0.232394 0.444444
vt 0.232394 0.388889
vt 0.232394 0.500000
vt 0.232394 0.555556
vt 0.232394 0.611111
vt 0.237296 0.444444
vt 0.237296 0.388889
vt 0.237296 0.500000
vt 0.237296 0.555556
vt 0.237296 0.611111
vt 0.217685 0.666667
vt 0.242199 0.666667
vt 0.242199 0.611111
vt 0.237296 0.666667
vt 0.242199 0.388889
vt 0.222588 0.666667
vt 0.242199 0.555556
vt 0.227491 0.666667
vt 0.242199 0.500000
vt 0.232394 0.666667
vt 0.242199 0.444444
vt 0.246317 0.388889
vt 0.246317 0.444444
vt 0.250435 0.444444
vt 0.250435 0.388889
vt 0.246317 0.500000
vt 0.250435 0.500000
vt 0.246317 0.555556
vt 0.250435 0.555556
vt 0.246317 0.611111
vt 0.250435 0.611111
vt 0.254553 0.444444
vt 0.254553 0.388889
vt 0.254553 0.500000
vt 0.254553 0.555556
vt 0.254553 0.611111
vt 0.258672 0.444444
vt 0.258672 0.388889
vt 0.258672 0.500000
vt 0.258672 0.555556
vt 0.258672 0.611111
vt 0.262790 0.444444
vt 0.262790 0.388889
vt 0.262790 0.500000
vt 0.262790 0.555556
vt 0.262790 0.611111
vt 0.246317 0.666667
vt 0.266908 0.666667
vt 0.266908 0.611111
vt 0.262790 0.666667
vt 0.266908 0.388889
vt 0.250435 0.666667
vt 0.266908 0.555556
vt 0.254553 0.666667
vt 0.266908 0.500000
vt 0.258672 0.666667
vt 0.266908 0.444444
vt 0.274028 0.388889
vt 0.274028 0.444444
vt 0.281148 0.444444
vt 0.281148 0.388889
vt 0.274028 0.500000
vt 0.281148 0.500000
vt 0.274028 0.555556
vt 0.281148 0.555556
vt 0.274028 0.611111
vt 0.281148 0.611111
vt 0.288268 0.444444
vt 0.288268 0.388889
vt 0.288268 0.500000
vt 0.288268 0.555556
vt 0.288268 0.611111
vt 0.295388 0.444444
vt 0.295388 0.388889
vt 0.295388 0.500000
vt 0.295388 0.555556
vt 0.295388 0.611111
vt 0.302508 0.444444
vt 0.302508 0.388889
vt 0.302508 0.500000
vt 0.302508 0.555556
vt 0.302508 0.611111
vt 0.274028 0.666667
vt 0.309628 0.666667
vt 0.309628 0.611111
vt 0.302508 0.666667
vt 0.309628 0.388889
vt 0.281148 0.666667
vt 0.309628 0.555556
vt 0.288268 0.666667
vt 0.309628 0.500000
vt 0.295388 0.666667
vt 0.309628 0.444444
vt 0.312447 0.388889
vt 0.312447 0.444444
vt 0.315266 0.444444
vt 0.315266 0.388889
vt 0.312447 0.500000
vt 0.315266 0.500000
vt 0.312447 0.555556
vt 0.315266 0.555556
vt 0.312447 0.611111
vt 0.315266 0.611111
vt 0.318086 0.444444
vt 0.318086 0.388889
vt 0.318086 0.500000
vt 0.318086 0.555556
vt 0.318086 0.611111
vt 0.320905 0.444444
vt 0.320905 0.388889
vt 0.320905 0.500000
vt 0.320905 0.555556
vt 0.320905 0.611111
vt 0.323724 0.444444
vt 0.323724 0.388889
vt 0.323724 0.500000
vt 0.323724 0.555556
vt 0.323724 0.611111
vt 0.312447 0.666667
vt 0.326543 0.666667
vt 0.326543 0.611111
vt 0.323724 0.666667
vt 0.326543 0.388889
vt 0.315266 0.666667
vt 0.326543 0.555556
vt 0.318086 0.666667
vt 0.326543 0.500000
vt 0.320905 0.666667
vt 0.326543 0.444444
vt 0.328918 0.388889
vt 0.328918 0.444444
vt 0.331293 0.444444
vt 0.331293 0.388889
vt 0.328918 0.500000
vt 0.331293 0.500000
vt 0.328918 0.555556
vt 0.331293 0.555556
vt 0.328918 0.611111
vt 0.331293 0.611111
vt 0.333667 0.444444
vt 0.333667 0.388889
vt 0.333667 0.500000
vt 0.333667 0.555556
vt 0.333667 0.611111
vt 0.336042 0.444444
vt 0.336042 0.388889
vt 0.336042 0.500000
vt 0.336042 0.555556
vt 0.336042 0.611111
vt 0.338417 0.444444
vt 0.338417 0.388889
vt 0.338417 0.500000
vt 0.338417 0.555556
vt 0.338417 0.611111
vt 0.328918 0.666667
vt 0.340791 0.666667
vt 0.340791 0.611111
vt 0.338417 0.666667
vt 0.340791 0.388889
vt 0.331293 0.666667
vt 0.340791 0.555556
vt 0.333667 0.666667
vt 0.340791 0.500000
vt 0.336042 0.666667
vt 0.340791 0.444444
vt 0.342316 0.388889
vt 0.342316 0.444444
vt 0.343840 0.444444
vt 0.343840 0.388889
vt 0.342316 0.500000
vt 0.343840 0.500000
vt 0.342316 0.555556
vt 0.343840 0.555556
vt 0.342316 0.611111
vt 0.343840 0.611111
vt 0.345364 0.444444
vt 0.345364 0.388889
vt 0.345364 0.500000
vt 0.345364 0.555556
vt 0.345364 0.611111
vt 0.346889 0.444444
vt 0.346889 0.388889
vt 0.346889 0.500000
vt 0.346889 0.555556
vt 0.346889 0.611111
vt 0.348413 0.444444
vt 0.348413 0.388889
vt 0.348413 0.500000
vt 0.348413 0.555556
vt 0.348413 0.611111
vt 0.342316 0.666667
vt 0.349937 0.666667
vt 0.349937 0.611111
vt 0.348413 0.666667
vt 0.349937 0.388889
vt 0.343840 0.666667
vt 0.349937 0.555556
vt 0.345364 0.666667
vt 0.349937 0.500000
vt 0.346889 0.666667
vt 0.349937 0.444444
vt 0.352623 0.388889
vt 0.352623 0.444444
vt 0.355308 0.444444
vt 0.355308 0.388889
vt 0.352623 0.500000
vt 0.355308 0.500000
vt 0.352623 0.555556
vt 0.355308 0.555556
vt 0.352623 0.611111
vt 0.355308 0.611111
vt 0.357994 0.444444
vt 0.357994 0.388889
vt 0.357994 0.500000
vt 0.357994 0.555556
vt 0.357994 0.611111
vt 0.360679 0.444444
vt 0.360679 0.388889
vt 0.360679 0.500000
vt 0.360679 0.555556
vt 0.360679 0.611111
vt 0.363365 0.444444
vt 0.363365 0.388889
vt 0.363365 0.500000
vt 0.363365 0.555556
vt 0.363365 0.611111
vt 0.352623 0.666667
vt 0.366050 0.666667
vt 0.366050 0.611111
vt 0.363365 0.666667
vt 0.366050 0.388889
vt 0.355308 0.666667
vt 0.366050 0.555556
vt 0.357994 0.666667
vt 0.366050 0.500000
vt 0.360679 0.666667
vt 0.366050 0.444444
vt 0.367895 0.388889
vt 0.367895 0.444444
vt 0.369741 0.444444
vt 0.369741 0.388889
vt 0.367895 0.500000
vt 0.369741 0.500000
vt 0.367895 0.555556
vt 0.369741 0.555556
vt 0.367895 0.611111
vt 0.369741 0.611111
vt 0.371586 0.444444
vt 0.371586 0.388889
vt 0.371586 0.500000
vt 0.371586 0.555556
vt 0.371586 0.611111
vt 0.373431 0.444444
vt 0.373431 0.388889
vt 0.373431 0.500000
vt 0.373431 0.555556
vt 0.373431 0.611111
vt 0.375277 0.444444
vt 0.375277 0.388889
vt 0.375277 0.500000
vt 0.375277 0.555556
vt 0.375277 0.611111
vt 0.367895 0.666667
vt 0.377122 0.666667
vt 0.377122 0.611111
vt 0.375277 0.666667
vt 0.377122 0.388889
vt 0.369741 0.666667
vt 0.377122 0.555556
vt 0.371586 0.666667
vt 0.377122 0.500000
vt 0.373431 0.666667
vt 0.377122 0.444444
vt 0.387225 0.388889
vt 0.387225 0.444444
vt 0.397327 0.444444
vt 0.397327 0.388889
vt 0.387225 0.500000
vt 0.397327 0.500000
vt 0.387225 0.555556
vt 0.397327 0.555556
vt 0.387225 0.611111
vt 0.397327 0.611111
vt 0.407430 0.444444
vt 0.407430 0.388889
vt 0.407430 0.500000
vt 0.407430 0.555556
vt 0.407430 0.611111
vt 0.417532 0.444444
vt 0.417532 0.388889
vt 0.417532 0.500000
vt 0.417532 0.555556
vt 0.417532 0.611111
vt 0.427635 0.444444
vt 0.427635 0.388889
vt 0.427635 0.500000
vt 0.427635 0.555556
vt 0.427635 0.611111
vt 0.387225 0.666667
vt 0.437737 0.666667
vt 0.437737 0.611111
vt 0.427635 0.666667
vt 0.437737 0.388889
vt 0.397327 0.666667
vt 0.437737 0.555556
vt 0.407430 0.666667
vt 0.437737 0.500000
vt 0.417532 0.666667
vt 0.437737 0.444444
vt 0.448743 0.388889
vt 0.448743 0.444444
vt 0.459749 0.444444
vt 0.459749 0.388889
vt 0.448743 0.500000
vt 0.459749 0.500000
vt 0.448743 0.555556
vt 0.459749 0.555556
vt 0.448743 0.611111
vt 0.459749 0.611111
vt 0.470755 0.444444
vt 0.470755 0.388889
vt 0.470755 0.500000
vt 0.470755 0.555556
vt 0.470755 0.611111
vt 0.481761 0.444444
vt 0.481761 0.388889
vt 0.481761 0.500000
vt 0.481761 0.555556
vt 0.481761 0.611111
vt 0.492766 0.444444
vt 0.492766 0.388889
vt 0.492766 0.500000
vt 0.492766 0.555556
vt 0.492766 0.611111
vt 0.448743 0.666667
vt 0.503772 0.666667
vt 0.503772 0.611111
vt 0.492766 0.666667
vt 0.503772 0.388889
vt 0.459749 0.666667
vt 0.503772 0.555556
vt 0.470755 0.666667
vt 0.503772 0.500000
vt 0.481761 0.666667
vt 0.503772 0.444444
vt 0.515150 0.388889
vt 0.515150 0.444444
vt 0.526527 0.444444
vt 0.526527 0.388889
vt 0.515150 0.500000
vt 0.526527 0.500000
vt 0.515150 0.555556
vt 0.526527 0.555556
vt 0.515150 0.611111
vt 0.526527 0.611111
vt 0.537905 0.444444
vt 0.537905 0.388889
vt 0.537905 0.500000
vt 0.537905 0.555556
vt 0.537905 0.611111
vt 0.549282 0.444444
vt 0.549282 0.388889
vt 0.549282 0.500000
vt 0.549282 0.555556
vt 0.549282 0.611111
vt 0.560659 0.444444
vt 0.560659 0.388889
vt 0.560659 0.500000
vt 0.560659 0.555556
vt 0.560659 0.611111
vt 0.515150 0.666667
vt 0.572037 0.666667
vt 0.572037 0.611111
vt 0.560659 0.666667
vt 0.572037 0.388889
vt 0.526527 0.666667
vt 0.572037 0.555556
vt 0.537905 0.666667
vt 0.572037 0.500000
vt 0.549282 0.666667
vt 0.572037 0.444444
vt 0.575329 0.388889
vt 0.575329 0.444444
vt 0.578622 0.444444
vt 0.578622 0.388889
vt 0.575329 0.500000
vt 0.578622 0.500000
vt 0.575329 0.555556
vt 0.578622 0.555556
vt 0.575329 0.611111
vt 0.578622 0.611111
vt 0.581914 0.444444
vt 0.581914 0.388889
vt 0.581914 0.500000
vt 0.581914 0.555556
vt 0.581914 0.611111
vt 0.585206 0.444444
vt 0.585206 0.388889
vt 0.585206 0.500000
vt 0.585206 0.555556
vt 0.585206 0.611111
vt 0.588499 0.444444
vt 0.588499 0.388889
vt 0.588499 0.500000
vt 0.588499 0.555556
vt 0.588499 0.611111
vt 0.575329 0.666667
vt 0.591791 0.666667
vt 0.591791 0.611111
vt 0.588499 0.666667
vt 0.591791 0.388889
vt 0.578622 0.666667
vt 0.591791 0.555556
vt 0.581914 0.666667
vt 0.591791 0.500000
vt 0.585206 0.666667
vt 0.591791 0.444444
vt 0.595301 0.388889
vt 0.595301 0.444444
vt 0.598811 0.444444
vt 0.598811 0.388889
vt 0.595301 0.500000
vt 0.598811 0.500000
vt 0.595301 0.555556
vt 0.598811 0.555556
vt 0.595301 0.611111
vt 0.598811 0.611111
vt 0.602320 0.444444
vt 0.602320 0.388889
vt 0.602320 0.500000
vt 0.602320 0.555556
vt 0.602320 0.611111
vt 0.605830 0.444444
vt 0.605830 0.388889
vt 0.605830 0.500000
vt 0.605830 0.555556
vt 0.605830 0.611111
vt 0.609340 0.444444
vt 0.609340 0.388889
vt 0.609340 0.500000
vt 0.609340 0.555556
vt 0.609340 0.611111
vt 0.595301 0.666667
vt 0.612850 0.666667
vt 0.612850 0.611111
vt 0.609340 0.666667
vt 0.612850 0.388889
vt 0.598811 0.666667
vt 0.612850 0.555556
vt 0.602320 0.666667
vt 0.612850 0.500000
vt 0.605830 0.666667
vt 0.612850 0.444444
vt 0.615671 0.388889
vt 0.615671 0.444444
vt 0.618492 0.444444
vt 0.618492 0.388889
vt 0.615671 0.500000
vt 0.618492 0.500000
vt 0.615671 0.555556
vt 0.618492 0.555556
vt 0.615671 0.611111
vt 0.618492 0.611111
vt 0.621314 0.444444
vt 0.621314 0.388889
vt 0.621314 0.500000
vt 0.621314 0.555556
vt 0.621314 0.611111
vt 0.624135 0.444444
vt 0.624135 0.388889
vt 0.624135 0.500000
vt 0.624135 0.555556
vt 0.624135 0.611111
vt 0.626956 0.444444
vt 0.626956 0.388889
vt 0.626956 0.500000
vt 0.626956 0.555556
vt 0.626956 0.611111
vt 0.615671 0.666667
vt 0.629777 0.666667
vt 0.629777 0.611111
vt 0.626956 0.666667
vt 0.629777 0.388889
vt 0.618492 0.666667
vt 0.629777 0.555556
vt 0.621314 0.666667
vt 0.629777 0.500000
vt 0.624135 0.666667
vt 0.629777 0.444444
vt 0.632026 0.388889
vt 0.632026 0.444444
vt 0.634274 0.444444
vt 0.634274 0.388889
vt 0.632026 0.500000
vt 0.634274 0.500000
vt 0.632026 0.555556
vt 0.634274 0.555556
vt 0.632026 0.611111
vt 0.634274 0.611111
vt 0.636523 0.444444
vt 0.636523 0.388889
vt 0.636523 0.500000
vt 0.636523 0.555556
vt 0.636523 0.611111
vt 0.638771 0.444444
vt 0.638771 0.388889
vt 0.638771 0.500000
vt 0.638771 0.555556
vt 0.638771 0.611111
vt 0.641020 0.444444
vt 0.641020 0.388889
vt 0.641020 0.500000
vt 0.641020 0.555556
vt 0.641020 0.611111
vt 0.632026 0.666667
vt 0.643268 0.666667
vt 0.643268 0.611111
vt 0.641020 0.666667
vt 0.643268 0.388889
vt 0.634274 0.666667
vt 0.643268 0.555556
vt 0.636523 0.666667
vt 0.643268 0.500000
vt 0.638771 0.666667
vt 0.643268 0.444444
vt 0.645614 0.388889
vt 0.645614 0.444444
vt 0.647959 0.444444
vt 0.647959 0.388889
vt 0.645614 0.500000
vt 0.647959 0.500000
vt 0.645614 0.555556
vt 0.647959 0.555556
vt 0.645614 0.611111
vt 0.647959 0.611111
vt 0.650305 0.444444
vt 0.650305 0.388889
vt 0.650305 0.500000
vt 0.650305 0.555556
vt 0.650305 0.611111
vt 0.652651 0.444444
vt 0.652651 0.388889
vt 0.652651 0.500000
vt 0.652651 0.555556
vt 0.652651 0.611111
vt 0.654996 0.444444
vt 0.654996 0.388889
vt 0.654996 0.500000
vt 0.654996 0.555556
vt 0.654996 0.611111
vt 0.645614 0.666667
vt 0.657342 0.666667
vt 0.657342 0.611111
vt 0.654996 0.666667
vt 0.657342 0.388889
vt 0.647959 0.666667
vt 0.657342 0.555556
vt 0.650305 0.666667
vt 0.657342 0.500000
vt 0.652651 0.666667
vt 0.657342 0.444444
vt 0.662257 0.388889
vt 0.662257 0.444444
vt 0.667173 0.444444
vt 0.667173 0.388889
vt 0.662257 0.500000
vt 0.667173 0.500000
vt 0.662257 0.555556
vt 0.667173 0.555556
vt 0.662257 0.611111
vt 0.667173 0.611111
vt 0.672089 0.444444
vt 0.672089 0.388889
vt 0.672089 0.500000
vt 0.672089 0.555556
vt 0.672089 0.611111
vt 0.677004 0.444444
vt 0.677004 0.388889
vt 0.677004 0.500000
vt 0.677004 0.555556
vt 0.677004 0.611111
vt 0.681920 0.444444
vt 0.681920 0.388889
vt 0.681920 0.500000
vt 0.681920 0.555556
vt 0.681920 0.611111
vt 0.662257 0.666667
vt 0.686836 0.666667
vt 0.686836 0.611111
vt 0.681920 0.666667
vt 0.686836 0.388889
vt 0.667173 0.666667
vt 0.686836 0.555556
vt 0.672089 0.666667
vt 0.686836 0.500000
vt 0.677004 0.666667
vt 0.686836 0.444444
vt 0.688344 0.388889
vt 0.688344 0.444444
vt 0.689852 0.444444
vt 0.689852 0.388889
vt 0.688344 0.500000
vt 0.689852 0.500000
vt 0.688344 0.555556
vt 0.689852 0.555556
vt 0.688344 0.611111
vt 0.689852 0.611111
vt 0.691360 0.444444
vt 0.691360 0.388889
vt 0.691360 0.500000
vt 0.691360 0.555556
vt 0.691360 0.611111
vt 0.692869 0.444444
vt 0.692869 0.388889
vt 0.692869 0.500000
vt 0.692869 0.555556
vt 0.692869 0.611111
vt 0.694377 0.444444
vt 0.694377 0.388889
vt 0.694377 0.500000
vt 0.694377 0.555556
vt 0.694377 0.611111
vt 0.688344 0.666667
vt 0.695885 0.666667
vt 0.695885 0.611111
vt 0.694377 0.666667
vt 0.695885 0.388889
vt 0.689852 0.666667
vt 0.695885 0.555556
vt 0.691360 0.666667
vt 0.695885 0.500000
vt 0.692869 0.666667
vt 0.695885 0.444444
vt 0.697830 0.388889
vt 0.697830 0.444444
vt 0.699776 0.444444
vt 0.699776 0.388889
vt 0.697830 0.500000
vt 0.699776 0.500000
vt 0.697830 0.555556
vt 0.699776 0.555556
vt 0.697830 0.611111
vt 0.699776 0.611111
vt 0.701721 0.444444
vt 0.701721 0.388889
vt 0.701721 0.500000
vt 0.701721 0.555556
vt 0.701721 0.611111
vt 0.703666 0.444444
vt 0.703666 0.388889
vt 0.703666 0.500000
vt 0.703666 0.555556
vt 0.703666 0.611111
vt 0.705612 0.444444
vt 0.705612 0.388889
vt 0.705612 0.500000
vt 0.705612 0.555556
vt 0.705612 0.611111
vt 0.697830 0.666667
vt 0.707557 0.666667
vt 0.707557 0.611111
vt 0.705612 0.666667
vt 0.707557 0.388889
vt 0.699776 0.666667
vt 0.707557 0.555556
vt 0.701721 0.666667
vt 0.707557 0.500000
vt 0.703666 0.666667
vt 0.707557 0.444444
vt 0.708289 0.388889
vt 0.708289 0.444444
vt 0.709020 0.444444
vt 0.709020 0.388889
vt 0.708289 0.500000
vt 0.709020 0.500000
vt 0.708289 0.555556
vt 0.709020 0.555556
vt 0.708289 0.611111
vt 0.709020 0.611111
vt 0.709752 0.444444
vt 0.709752 0.388889
vt 0.709752 0.500000
vt 0.709752 0.555556
vt 0.709752 0.611111
vt 0.710484 0.444444
vt 0.710484 0.388889
vt 0.710484 0.500000
vt 0.710484 0.555556
vt 0.710484 0.611111
vt 0.711215 0.444444
vt 0.711215 0.388889
vt 0.711215 0.500000
vt 0.711215 0.555556
vt 0.711215 0.611111
vt 0.708289 0.666667
vt 0.711947 0.666667
vt 0.711947 0.611111
vt 0.711215 0.666667
vt 0.711947 0.388889
vt 0.709020 0.666667
vt 0.711947 0.555556
vt 0.709752 0.666667
vt 0.711947 0.500000
vt 0.710484 0.666667
vt 0.711947 0.444444
vt 0.713665 0.388889
vt 0.713665 0.444444
vt 0.715383 0.444444
vt 0.715383 0.388889
vt 0.713665 0.500000
vt 0.715383 0.500000
vt 0.713665 0.555556
vt 0.715383 0.555556
vt 0.713665 0.611111
vt 0.715383 0.611111
vt 0.717101 0.444444
vt 0.717101 0.388889
vt 0.717101 0.500000
vt 0.717101 0.555556
vt 0.717101 0.611111
vt 0.718819 0.444444
vt 0.718819 0.388889
vt 0.718819 0.500000
vt 0.718819 0.555556
vt 0.718819 0.611111
vt 0.720537 0.444444
vt 0.720537 0.388889
vt 0.720537 0.500000
vt 0.720537 0.555556
vt 0.720537 0.611111
vt 0.713665 0.666667
vt 0.722255 0.666667
vt 0.722255 0.611111
vt 0.720537 0.666667
vt 0.722255 0.388889
vt 0.715383 0.666667
vt 0.722255 0.555556
vt 0.717101 0.666667
vt 0.722255 0.500000
vt 0.718819 0.666667
vt 0.722255 0.444444
vt 0.726828 0.388889
vt 0.726828 0.444444
vt 0.731402 0.444444
vt 0.731402 0.388889
vt 0.726828 0.500000
vt 0.731402 0.500000
vt 0.726828 0.555556
vt 0.731402 0.555556
vt 0.726828 0.611111
vt 0.731402 0.611111
vt 0.735975 0.444444
vt 0.735975 0.388889
vt 0.735975 0.500000
vt 0.735975 0.555556
vt 0.735975 0.611111
vt 0.740548 0.444444
vt 0.740548 0.388889
vt 0.740548 0.500000
vt 0.740548 0.555556
vt 0.740548 0.611111
vt 0.745121 0.444444
vt 0.745121 0.388889
vt 0.745121 0.500000
vt 0.745121 0.555556
vt 0.745121 0.611111
vt 0.726828 0.666667
vt 0.749694 0.666667
vt 0.749694 0.611111
vt 0.745121 0.666667
vt 0.749694 0.388889
vt 0.731402 0.666667
vt 0.749694 0.555556
vt 0.735975 0.666667
vt 0.749694 0.500000
vt 0.740548 0.666667
vt 0.749694 0.444444
vt 0.756426 0.388889
vt 0.756426 0.444444
vt 0.763158 0.444444
vt 0.763158 0.388889
vt 0.756426 0.500000
vt 0.763158 0.500000
vt 0.756426 0.555556
vt 0.763158 0.555556
vt 0.756426 0.611111
vt 0.763158 0.611111
vt 0.769889 0.444444
vt 0.769889 0.388889
vt 0.769889 0.500000
vt 0.769889 0.555556
vt 0.769889 0.611111
vt 0.776621 0.444444
vt 0.776621 0.388889
vt 0.776621 0.500000
vt 0.776621 0.555556
vt 0.776621 0.611111
vt 0.783353 0.444444
vt 0.783353 0.388889
vt 0.783353 0.500000
vt 0.783353 0.555556
vt 0.783353 0.611111
vt 0.756426 0.666667
vt 0.790084 0.666667
vt 0.790084 0.611111
vt 0.783353 0.666667
vt 0.790084 0.388889
vt 0.763158 0.666667
vt 0.790084 0.555556
vt 0.769889 0.666667
vt 0.790084 0.500000
vt 0.776621 0.666667
vt 0.790084 0.444444
vt 0.794391 0.388889
vt 0.794391 0.444444
vt 0.798698 0.444444
vt 0.798698 0.388889
vt 0.794391 0.500000
vt 0.798698 0.500000
vt 0.794391 0.555556
vt 0.798698 0.555556
vt 0.794391 0.611111
vt 0.798698 0.611111
vt 0.803005 0.444444
vt 0.803005 0.388889
vt 0.803005 0.500000
vt 0.803005 0.555556
vt 0.803005 0.611111
vt 0.807312 0.444444
vt 0.807312 0.388889
vt 0.807312 0.500000
vt 0.807312 0.555556
vt 0.807312 0.611111
vt 0.811619 0.444444
vt 0.811619 0.388889
vt 0.811619 0.500000
vt 0.811619 0.555556
vt 0.811619 0.611111
vt 0.794391 0.666667
vt 0.815926 0.666667
vt 0.815926 0.611111
vt 0.811619 0.666667
vt 0.815926 0.388889
vt 0.798698 0.666667
vt 0.815926 0.555556
vt 0.803005 0.666667
vt 0.815926 0.500000
vt 0.807312 0.666667
vt 0.815926 0.444444
vt 0.819597 0.388889
vt 0.819597 0.444444
vt 0.823268 0.444444
vt 0.823268 0.388889
vt 0.819597 0.500000
vt 0.823268 0.500000
vt 0.819597 0.555556
vt 0.823268 0.555556
vt 0.819597 0.611111
vt 0.823268 0.611111
vt 0.826939 0.444444
vt 0.826939 0.388889
vt 0.826939 0.500000
vt 0.826939 0.555556
vt 0.826939 0.611111
vt 0.830610 0.444444
vt 0.830610 0.388889
vt 0.830610 0.500000
vt 0.830610 0.555556
vt 0.830610 0.611111
vt 0.834281 0.444444
vt 0.834281 0.388889
vt 0.834281 0.500000
vt 0.834281 0.555556
vt 0.834281 0.611111
vt 0.819597 0.666667
vt 0.837952 0.666667
vt 0.837952 0.611111
vt 0.834281 0.666667
vt 0.837952 0.388889
vt 0.823268 0.666667
vt 0.837952 0.555556
vt 0.826939 0.666667
vt 0.837952 0.500000
vt 0.830610 0.666667
vt 0.837952 0.444444
vt 0.842379 0.388889
vt 0.842379 0.444444
vt 0.846807 0.444444
vt 0.846807 0.388889
vt 0.842379 0.500000
vt 0.846807 0.500000
vt 0.842379 0.555556
vt 0.846807 0.555556
vt 0.842379 0.611111
vt 0.846807 0.611111
vt 0.851234 0.444444
vt 0.851234 0.388889
vt 0.851234 0.500000
vt 0.851234 0.555556
vt 0.851234 0.611111
vt 0.855662 0.444444
vt 0.855662 0.388889
vt 0.855662 0.500000
vt 0.855662 0.555556
vt 0.855662 0.611111
vt 0.860089 0.444444
vt 0.860089 0.388889
vt 0.860089 0.500000
vt 0.860089 0.555556
vt 0.860089 0.611111
vt 0.842379 0.666667
vt 0.864516 0.666667
vt 0.864516 0.611111
vt 0.860089 0.666667
vt 0.864516 0.388889
vt 0.846807 0.666667
vt 0.864516 0.555556
vt 0.851234 0.666667
vt 0.864516 0.500000
vt 0.855662 0.666667
vt 0.864516 0.444444
vt 0.868492 0.388889
vt 0.868492 0.444444
vt 0.872468 0.444444
vt 0.872468 0.388889
vt 0.868492 0.500000
vt 0.872468 0.500000
vt 0.868492 0.555556
vt 0.872468 0.555556
vt 0.868492 0.611111
vt 0.872468 0.611111
vt 0.876443 0.444444
vt 0.876443 0.388889
vt 0.876443 0.500000
vt 0.876443 0.555556
vt 0.876443 0.611111
vt 0.880419 0.444444
vt 0.880419 0.388889
vt 0.880419 0.500000
vt 0.880419 0.555556
vt 0.880419 0.611111
vt 0.884395 0.444444
vt 0.884395 0.388889
vt 0.884395 0.500000
vt 0.884395 0.555556
vt 0.884395 0.611111
vt 0.868492 0.666667
vt 0.888370 0.666667
vt 0.888370 0.611111
vt 0.884395 0.666667
vt 0.888370 0.388889
vt 0.872468 0.666667
vt 0.888370 0.555556
vt 0.876443 0.666667
vt 0.888370 0.500000
vt 0.880419 0.666667
vt 0.888370 0.444444
vt 0.892338 0.388889
vt 0.892338 0.444444
vt 0.896305 0.444444
vt 0.896305 0.388889
vt 0.892338 0.500000
vt 0.896305 0.500000
vt 0.892338 0.555556
vt 0.896305 0.555556
vt 0.892338 0.611111
vt 0.896305 0.611111
vt 0.900272 0.444444
vt 0.900272 0.388889
vt 0.900272 0.500000
vt 0.900272 0.555556
vt 0.900272 0.611111
vt 0.904239 0.444444
vt 0.904239 0.388889
vt 0.904239 0.500000
vt 0.904239 0.555556
vt 0.904239 0.611111
vt 0.908207 0.444444
vt 0.908207 0.388889
vt 0.908207 0.500000
vt 0.908207 0.555556
vt 0.908207 0.611111
vt 0.892338 0.666667
vt 0.912174 0.666667
vt 0.912174 0.611111
vt 0.908207 0.666667
vt 0.912174 0.388889
vt 0.896305 0.666667
vt 0.912174 0.555556
vt 0.900272 0.666667
vt 0.912174 0.500000
vt 0.904239 0.666667
vt 0.912174 0.444444
vt 0.916706 0.388889
vt 0.916706 0.444444
vt 0.921237 0.444444
vt 0.921237 0.388889
vt 0.916706 0.500000
vt 0.921237 0.500000
vt 0.916706 0.555556
vt 0.921237 0.555556
vt 0.916706 0.611111
vt 0.921237 0.611111
vt 0.925769 0.444444
vt 0.925769 0.388889
vt 0.925769 0.500000
vt 0.925769 0.555556
vt 0.925769 0.611111
vt 0.930301 0.444444
vt 0.930301 0.388889
vt 0.930301 0.500000
vt 0.930301 0.555556
vt 0.930301 0.611111
vt 0.934832 0.444444
vt 0.934832 0.388889
vt 0.934832 0.500000
vt 0.934832 0.555556
vt 0.934832 0.611111
vt 0.916706 0.666667
vt 0.939364 0.666667
vt 0.939364 0.611111
vt 0.934832 0.666667
vt 0.939364 0.388889
vt 0.921237 0.666667
vt 0.939364 0.555556
vt 0.925769 0.666667
vt 0.939364 0.500000
vt 0.930301 0.666667
vt 0.939364 0.444444
vt 0.941612 0.388889
vt 0.941612 0.444444
vt 0.943861 0.444444
vt 0.943861 0.388889
vt 0.941612 0.500000
vt 0.943861 0.500000
vt 0.941612 0.555556
vt 0.943861 0.555556
vt 0.941612 0.611111
vt 0.943861 0.611111
vt 0.946109 0.444444
vt 0.946109 0.388889
vt 0.946109 0.500000
vt 0.946109 0.555556
vt 0.946109 0.611111
vt 0.948358 0.444444
vt 0.948358 0.388889
vt 0.948358 0.500000
vt 0.948358 0.555556
vt 0.948358 0.611111
vt 0.950606 0.444444
vt 0.950606 0.388889
vt 0.950606 0.500000
vt 0.950606 0.555556
vt 0.950606 0.611111
vt 0.941612 0.666667
vt 0.952855 0.666667
vt 0.952855 0.611111
vt 0.950606 0.666667
vt 0.952855 0.388889
vt 0.943861 0.666667
vt 0.952855 0.555556
vt 0.946109 0.666667
vt 0.952855 0.500000
vt 0.948358 0.666667
vt 0.952855 0.444444
vt 0.955438 0.388889
vt 0.955438 0.444444
vt 0.958021 0.444444
vt 0.958021 0.388889
vt 0.955438 0.500000
vt 0.958021 0.500000
vt 0.955438 0.555556
vt 0.958021 0.555556
vt 0.955438 0.611111
vt 0.958021 0.611111
vt 0.960604 0.444444
vt 0.960604 0.388889
vt 0.960604 0.500000
vt 0.960604 0.555556
vt 0.960604 0.611111
vt 0.963188 0.444444
vt 0.963188 0.388889
vt 0.963188 0.500000
vt 0.963188 0.555556
vt 0.963188 0.611111
vt 0.965771 0.444444
vt 0.965771 0.388889
vt 0.965771 0.500000
vt 0.965771 0.555556
vt 0.965771 0.611111
vt 0.955438 0.666667
vt 0.968354 0.666667
vt 0.968354 0.611111
vt 0.965771 0.666667
vt 0.968354 0.388889
vt 0.958021 0.666667
vt 0.968354 0.555556
vt 0.960604 0.666667
vt 0.968354 0.500000
vt 0.963188 0.666667
vt 0.968354 0.444444
vt 0.971217 0.388889
vt 0.971217 0.444444
vt 0.974079 0.444444
vt 0.974079 0.388889
vt 0.971217 0.500000
vt 0.974079 0.500000
vt 0.971217 0.555556
vt 0.974079 0.555556
vt 0.971217 0.611111
vt 0.974079 0.611111
vt 0.976942 0.444444
vt 0.976942 0.388889
vt 0.976942 0.500000
vt 0.976942 0.555556
vt 0.976942 0.611111
vt 0.979804 0.444444
vt 0.979804 0.388889
vt 0.979804 0.500000
vt 0.979804 0.555556
vt 0.979804 0.611111
vt 0.982666 0.444444
vt 0.982666 0.388889
vt 0.982666 0.500000
vt 0.982666 0.555556
vt 0.982666 0.611111
vt 0.971217 0.666667
vt 0.985529 0.666667
vt 0.985529 0.611111
vt 0.982666 0.666667
vt 0.985529 0.388889
vt 0.974079 0.666667
vt 0.985529 0.555556
vt 0.976942 0.666667
vt 0.985529 0.500000
vt 0.979804 0.666667
vt 0.985529 0.444444
vt 0.987941 0.388889
vt 0.987941 0.444444
vt 0.990352 0.444444
vt 0.990352 0.388889
vt 0.987941 0.500000
vt 0.990352 0.500000
vt 0.987941 0.555556
vt 0.990352 0.555556
vt 0.987941 0.611111
vt 0.990352 0.611111
vt 0.992764 0.444444
vt 0.992764 0.388889
vt 0.992764 0.500000
vt 0.992764 0.555556
vt 0.992764 0.611111
vt 0.995176 0.444444
vt 0.995176 0.388889
vt 0.995176 0.500000
vt 0.995176 0.555556
vt 0.995176 0.611111
vt 0.997588 0.444444
vt 0.997588 0.388889
vt 0.997588 0.500000
vt 0.997588 0.555556
vt 0.997588 0.611111
vt 0.987941 0.666667
vt 1.000000 0.666667
vt 1.000000 0.611111
vt 0.997588 0.666667
vt 1.000000 0.388889
vt 0.990352 0.666667
vt 1.000000 0.555556
vt 0.992764 0.666667
vt 1.000000 0.500000
vt 0.995176 0.666667
vt 1.000000 0.444444
vt 0.022925 0.722222
vt 0.022925 0.777778
vt 0.045850 0.777778
vt 0.045850 0.722222
vt 0.022925 0.833333
vt 0.045850 0.833333
vt 0.022925 0.888889
vt 0.045850 0.888889
vt 0.022925 0.944444
vt 0.045850 0.944444
vt 0.068775 0.777778
vt 0.068775 0.722222
vt 0.068775 0.833333
vt 0.068775 0.888889
vt 0.068775 0.944444
vt 0.091700 0.777778
vt 0.091700 0.722222
vt 0.091700 0.833333
vt 0.091700 0.888889
vt 0.091700 0.944444
vt 0.114625 0.777778
vt 0.114625 0.722222
vt 0.114625 0.833333
vt 0.114625 0.888889
vt 0.114625 0.944444
vt 0.000000 0.722222
vt 0.022925 1.000000
vt 0.000000 0.944444
vt 0.000000 1.000000
vt 0.137550 1.000000
vt 0.137550 0.944444
vt 0.114625 1.000000
vt 0.137550 0.722222
vt 0.000000 0.777778
vt 0.045850 1.000000
vt 0.137550 0.888889
vt 0.000000 0.833333
vt 0.068775 1.000000
vt 0.137550 0.833333
vt 0.000000 0.888889
vt 0.091700 1.000000
vt 0.137550 0.777778
vt 0.143403 0.722222
vt 0.143403 0.777778
vt 0.149257 0.777778
vt 0.149257 0.722222
vt 0.143403 0.833333
vt 0.149257 0.833333
vt 0.143403 0.888889
vt 0.149257 0.888889
vt 0.143403 0.944444
vt 0.149257 0.944444
vt 0.155110 0.777778
vt 0.155110 0.722222
vt 0.155110 0.833333
vt 0.155110 0.888889
vt 0.155110 0.944444
vt 0.160963 0.777778
vt 0.160963 0.722222
vt 0.160963 0.833333
vt 0.160963 0.888889
vt 0.160963 0.944444
vt 0.166816 0.777778
vt 0.166816 0.722222
vt 0.166816 0.833333
vt 0.166816 0.888889
vt 0.166816 0.944444
vt 0.143403 1.000000
vt 0.172669 1.000000
vt 0.172669 0.944444
vt 0.166816 1.000000
vt 0.172669 0.722222
vt 0.149257 1.000000
vt 0.172669 0.888889
vt 0.155110 1.000000
vt 0.172669 0.833333
vt 0.160963 1.000000
vt 0.172669 0.777778
vt 0.176279 0.722222
vt 0.176279 0.777778
vt 0.179889 0.777778
vt 0.179889 0.722222
vt 0.176279 0.833333
vt 0.179889 0.833333
vt 0.176279 0.888889
vt 0.179889 0.888889
vt 0.176279 0.944444
vt 0.179889 0.944444
vt 0.183498 0.777778
vt 0.183498 0.722222
vt 0.183498 0.833333
vt 0.183498 0.888889
vt 0.183498 0.944444
vt 0.187108 0.777778
vt 0.187108 0.722222
vt 0.187108 0.833333
vt 0.187108 0.888889
vt 0.187108 0.944444
vt 0.190718 0.777778
vt 0.190718 0.722222
vt 0.190718 0.833333
vt 0.190718 0.888889
vt 0.190718 0.944444
vt 0.176279 1.000000
vt 0.194327 1.000000
vt 0.194327 0.944444
vt 0.190718 1.000000
vt 0.194327 0.722222
vt 0.179889 1.000000
vt 0.194327 0.888889
vt 0.183498 1.000000
vt 0.194327 0.833333
vt 0.187108 1.000000
vt 0.194327 0.777778
vt 0.197403 0.722222
vt 0.197403 0.777778
vt 0.200479 0.777778
vt 0.200479 0.722222
vt 0.197403 0.833333
vt 0.200479 0.833333
vt 0.197403 0.888889
vt 0.200479 0.888889
vt 0.197403 0.944444
vt 0.200479 0.944444
vt 0.203555 0.777778
vt 0.203555 0.722222
vt 0.203555 0.833333
vt 0.203555 0.888889
vt 0.203555 0.944444
vt 0.206631 0.777778
vt 0.206631 0.722222
vt 0.206631 0.833333
vt 0.206631 0.888889
vt 0.206631 0.944444
vt 0.209707 0.777778
vt 0.209707 0.722222
vt 0.209707 0.833333
vt 0.209707 0.888889
vt 0.209707 0.944444
vt 0.197403 1.000000
vt 0.212783 1.000000
vt 0.212783 0.944444
vt 0.209707 1.000000
vt 0.212783 0.722222
vt 0.200479 1.000000
vt 0.212783 0.888889
vt 0.203555 1.000000
vt 0.212783 0.833333
vt 0.206631 1.000000
vt 0.212783 0.777778
vt 0.217685 0.722222
vt 0.217685 0.777778
vt 0.222588 0.777778
vt 0.222588 0.722222
vt 0.217685 0.833333
vt 0.222588 0.833333
vt 0.217685 0.888889
vt 0.222588 0.888889
vt 0.217685 0.944444
vt 0.222588 0.944444
vt 0.227491 0.777778
vt 0.227491 0.722222
vt 0.227491 0.833333
vt 0.227491 0.888889
vt 0.227491 0.944444
vt 0.232394 0.777778
vt 0.232394 0.722222
vt 0.232394 0.833333
vt 0.232394 0.888889
vt 0.232394 0.944444
vt 0.237296 0.777778
vt 0.237296 0.722222
vt 0.237296 0.833333
vt 0.237296 0.888889
vt 0.237296 0.944444
vt 0.217685 1.000000
vt 0.242199 1.000000
vt 0.242199 0.944444
vt 0.237296 1.000000
vt 0.242199 0.722222
vt 0.222588 1.000000
vt 0.242199 0.888889
vt 0.227491 1.000000
vt 0.242199 0.833333
vt 0.232394 1.000000
vt 0.242199 0.777778
vt 0.246317 0.722222
vt 0.246317 0.777778
vt 0.250435 0.777778
vt 0.250435 0.722222
vt 0.246317 0.833333
vt 0.250435 0.833333
vt 0.246317 0.888889
vt 0.250435 0.888889
vt 0.246317 0.944444
vt 0.250435 0.944444
vt 0.254553 0.777778
vt 0.254553 0.722222
vt 0.254553 0.833333
vt 0.254553 0.888889
vt 0.254553 0.944444
vt 0.258672 0.777778
vt 0.258672 0.722222
vt 0.258672 0.833333
vt 0.258672 0.888889
vt 0.258672 0.944444
vt 0.262790 0.777778
vt 0.262790 0.722222
vt 0.262790 0.833333
vt 0.262790 0.888889
vt 0.262790 0.944444
vt 0.246317 1.000000
vt 0.266908 1.000000
vt 0.266908 0.944444
vt 0.262790 1.000000
vt 0.266908 0.722222
vt 0.250435 1.000000
vt 0.266908 0.888889
vt 0.254553 1.000000
vt 0.266908 0.833333
vt 0.258672 1.000000
vt 0.266908 0.777778
vt 0.274028 0.722222
vt 0.274028 0.777778
vt 0.281148 0.777778
vt 0.281148 0.722222
vt 0.274028 0.833333
vt 0.281148 0.833333
vt 0.274028 0.888889
vt 0.281148 0.888889
vt 0.274028 0.944444
vt 0.281148 0.944444
vt 0.288268 0.777778
vt 0.288268 0.722222
vt 0.288268 0.833333
vt 0.288268 0.888889
vt 0.288268 0.944444
vt 0.295388 0.777778
vt 0.295388 0.722222
vt 0.295388 0.833333
vt 0.295388 0.888889
vt 0.295388 0.944444
vt 0.302508 0.777778
vt 0.302508 0.722222
vt 0.302508 0.833333
vt 0.302508 0.888889
vt 0.302508 0.944444
vt 0.274028 1.000000
vt 0.309628 1.000000
vt 0.309628 0.944444
vt 0.302508 1.000000
vt 0.309628 0.722222
vt 0.281148 1.000000
vt 0.309628 0.888889
vt 0.288268 1.000000
vt 0.309628 0.833333
vt 0.295388 1.000000
vt 0.309628 0.777778
vt 0.312447 0.722222
vt 0.312447 0.777778
vt 0.315266 0.777778
vt 0.315266 0.722222
vt 0.312447 0.833333
vt 0.315266 0.833333
vt 0.312447 0.888889
vt 0.315266 0.888889
vt 0.312447 0.944444
vt 0.315266 0.944444
vt 0.318086 0.777778
vt 0.318086 0.722222
vt 0.318086 0.833333
vt 0.318086 0.888889
vt 0.318086 0.944444
vt 0.320905 0.777778
vt 0.320905 0.722222
vt 0.320905 0.833333
vt 0.320905 0.888889
vt 0.320905 0.944444
vt 0.323724 0.777778
vt 0.323724 0.722222
vt 0.323724 0.833333
vt 0.323724 0.888889
vt 0.323724 0.944444
vt 0.312447 1.000000
vt 0.326543 1.000000
vt 0.326543 0.944444
vt 0.323724 1.000000
vt 0.326543 0.722222
vt 0.315266 1.000000
vt 0.326543 0.888889
vt 0.318086 1.000000
vt 0.326543 0.833333
vt 0.320905 1.000000
vt 0.326543 0.777778
vt 0.328918 0.722222
vt 0.328918 0.777778
vt 0.331293 0.777778
vt 0.331293 0.722222
vt 0.328918 0.833333
vt 0.331293 0.833333
vt 0.328918 0.888889
vt 0.331293 0.888889
vt 0.328918 0.944444
vt 0.331293 0.944444
vt 0.333667 0.777778
vt 0.333667 0.722222
vt 0.333667 0.833333
vt 0.333667 0.888889
vt 0.333667 0.944444
vt 0.336042 0.777778
vt 0.336042 0.722222
vt 0.336042 0.833333
vt 0.336042 0.888889
vt 0.336042 0.944444
vt 0.338417 0.777778
vt 0.338417 0.722222
vt 0.338417 0.833333
vt 0.338417 0.888889
vt 0.338417 0.944444
vt 0.328918 1.000000
vt 0.340791 1.000000
vt 0.340791 0.944444
vt 0.338417 1.000000
vt 0.340791 0.722222
vt 0.331293 1.000000
vt 0.340791 0.888889
vt 0.333667 1.000000
vt 0.340791 0.833333
vt 0.336042 1.000000
vt 0.340791 0.777778
vt 0.342316 0.722222
vt 0.342316 0.777778
vt 0.343840 0.777778
vt 0.343840 0.722222
vt 0.342316 0.833333
vt 0.343840 0.833333
vt 0.342316 0.888889
vt 0.343840 0.888889
vt 0.342316 0.944444
vt 0.343840 0.944444
vt 0.345364 0.777778
vt 0.345364 0.722222
vt 0.345364 0.833333
vt 0.345364 0.888889
vt 0.345364 0.944444
vt 0.346889 0.777778
vt 0.346889 0.722222
vt 0.346889 0.833333
vt 0.346889 0.888889
vt 0.346889 0.944444
vt 0.348413 0.777778
vt 0.348413 0.722222
vt 0.348413 0.833333
vt 0.348413 0.888889
vt 0.348413 0.944444
vt 0.342316 1.000000
vt 0.349937 1.000000
vt 0.349937 0.944444
vt 0.348413 1.000000
vt 0.349937 0.722222
vt 0.343840 1.000000
vt 0.349937 0.888889
vt 0.345364 1.000000
vt 0.349937 0.833333
vt 0.346889 1.000000
vt 0.349937 0.777778
vt 0.352623 0.722222
vt 0.352623 0.777778
vt 0.355308 0.777778
vt 0.355308 0.722222
vt 0.352623 0.833333
vt 0.355308 0.833333
vt 0.352623 0.888889
vt 0.355308 0.888889
vt 0.352623 0.944444
vt 0.355308 0.944444
vt 0.357994 0.777778
vt 0.357994 0.722222
vt 0.357994 0.833333
vt 0.357994 0.888889
vt 0.357994 0.944444
vt 0.360679 0.777778
vt 0.360679 0.722222
vt 0.360679 0.833333
vt 0.360679 0.888889
vt 0.360679 0.944444
vt 0.363365 0.777778
vt 0.363365 0.722222
vt 0.363365 0.833333
vt 0.363365 0.888889
vt 0.363365 0.944444
vt 0.352623 1.000000
vt 0.366050 1.000000
vt 0.366050 0.944444
vt 0.363365 1.000000
vt 0.366050 0.722222
vt 0.355308 1.000000
vt 0.366050 0.888889
vt 0.357994 1.000000
vt 0.366050 0.833333
vt 0.360679 1.000000
vt 0.366050 0.777778
vt 0.367895 0.722222
vt 0.367895 0.777778
vt 0.369741 0.777778
vt 0.369741 0.722222
vt 0.367895 0.833333
vt 0.369741 0.833333
vt 0.367895 0.888889
vt 0.369741 0.888889
vt 0.367895 0.944444
vt 0.369741 0.944444
vt 0.371586 0.777778
vt 0.371586 0.722222
vt 0.371586 0.833333
vt 0.371586 0.888889
vt 0.371586 0.944444
vt 0.373431 0.777778
vt 0.373431 0.722222
vt 0.373431 0.833333
vt 0.373431 0.888889
vt 0.373431 0.944444
vt 0.375277 0.777778
vt 0.375277 0.722222
vt 0.375277 0.833333
vt 0.375277 0.888889
vt 0.375277 0.944444
vt 0.367895 1.000000
vt 0.377122 1.000000
vt 0.377122 0.944444
vt 0.375277 1.000000
vt 0.377122 0.722222
vt 0.369741 1.000000
vt 0.377122 0.888889
vt 0.371586 1.000000
vt 0.377122 0.833333
vt 0.373431 1.000000
vt 0.377122 0.777778
vt 0.387225 0.722222
vt 0.387225 0.777778
vt 0.397327 0.777778
vt 0.397327 0.722222
vt 0.387225 0.833333
vt 0.397327 0.833333
vt 0.387225 0.888889
vt 0.397327 0.888889
vt 0.387225 0.944444
vt 0.397327 0.944444
vt 0.407430 0.777778
vt 0.407430 0.722222
vt 0.407430 0.833333
vt 0.407430 0.888889
vt 0.407430 0.944444
vt 0.417532 0.777778
vt 0.417532 0.722222
vt 0.417532 0.833333
vt 0.417532 0.888889
vt 0.417532 0.944444
vt 0.427635 0.777778
vt 0.427635 0.722222
vt 0.427635 0.833333
vt 0.427635 0.888889
vt 0.427635 0.944444
vt 0.387225 1.000000
vt 0.437737 1.000000
vt 0.437737 0.944444
vt 0.427635 1.000000
vt 0.437737 0.722222
vt 0.397327 1.000000
vt 0.437737 0.888889
vt 0.407430 1.000000
vt 0.437737 0.833333
vt 0.417532 1.000000
vt 0.437737 0.777778
vt 0.448743 0.722222
vt 0.448743 0.777778
vt 0.459749 0.777778
vt 0.459749 0.722222
vt 0.448743 0.833333
vt 0.459749 0.833333
vt 0.448743 0.888889
vt 0.459749 0.888889
vt 0.448743 0.944444
vt 0.459749 0.944444
vt 0.470755 0.777778
vt 0.470755 0.722222
vt 0.470755 0.833333
vt 0.470755 0.888889
vt 0.470755 0.944444
vt 0.481761 0.777778
vt 0.481761 0.722222
vt 0.481761 0.833333
vt 0.481761 0.888889
vt 0.481761 0.944444
vt 0.492766 0.777778
vt 0.492766 0.722222
vt 0.492766 0.833333
vt 0.492766 0.888889
vt 0.492766 0.944444
vt 0.448743 1.000000
vt 0.503772 1.000000
vt 0.503772 0.944444
vt 0.492766 1.000000
vt 0.503772 0.722222
vt 0.459749 1.000000
vt 0.503772 0.888889
vt 0.470755 1.000000
vt 0.503772 0.833333
vt 0.481761 1.000000
vt 0.503772 0.777778
vt 0.515150 0.722222
vt 0.515150 0.777778
vt 0.526527 0.777778
vt 0.526527 0.722222
vt 0.515150 0.833333
vt 0.526527 0.833333
vt 0.515150 0.888889
vt 0.526527 0.888889
vt 0.515150 0.944444
vt 0.526527 0.944444
vt 0.537905 0.777778
vt 0.537905 0.722222
vt 0.537905 0.833333
vt 0.537905 0.888889
vt 0.537905 0.944444
vt 0.549282 0.777778
vt 0.549282 0.722222
vt 0.549282 0.833333
vt 0.549282 0.888889
vt 0.549282 0.944444
vt 0.560659 0.777778
vt 0.560659 0.722222
vt 0.560659 0.833333
vt 0.560659 0.888889
vt 0.560659 0.944444
vt 0.515150 1.000000
vt 0.572037 1.000000
vt 0.572037 0.944444
vt 0.560659 1.000000
vt 0.572037 0.722222
vt 0.526527 1.000000
vt 0.572037 0.888889
vt 0.537905 1.000000
vt 0.572037 0.833333
vt 0.549282 1.000000
vt 0.572037 0.777778
vt 0.575329 0.722222
vt 0.575329 0.777778
vt 0.578622 0.777778
vt 0.578622 0.722222
vt 0.575329 0.833333
vt 0.578622 0.833333
vt 0.575329 0.888889
vt 0.578622 0.888889
vt 0.575329 0.944444
vt 0.578622 0.944444
vt 0.581914 0.777778
vt 0.581914 0.722222
vt 0.581914 0.833333
vt 0.581914 0.888889
vt 0.581914 0.944444
vt 0.585206 0.777778
vt 0.585206 0.722222
vt 0.585206 0.833333
vt 0.585206 0.888889
vt 0.585206 0.944444
vt 0.588499 0.777778
vt 0.588499 0.722222
vt 0.588499 0.833333
vt 0.588499 0.888889
vt 0.588499 0.944444
vt 0.575329 1.000000
vt 0.591791 1.000000
vt 0.591791 0.944444
vt 0.588499 1.000000
vt 0.591791 0.722222
vt 0.578622 1.000000
vt 0.591791 0.888889
vt 0.581914 1.000000
vt 0.591791 0.833333
vt 0.585206 1.000000
vt 0.591791 0.777778
vt 0.595301 0.722222
vt 0.595301 0.777778
vt 0.598811 0.777778
vt 0.598811 0.722222
vt 0.595301 0.833333
vt 0.598811 0.833333
vt 0.595301 0.888889
vt 0.598811 0.888889
vt 0.595301 0.944444
vt 0.598811 0.944444
vt 0.602320 0.777778
vt 0.602320 0.722222
vt 0.602320 0.833333
vt 0.602320 0.888889
vt 0.602320 0.944444
vt 0.605830 0.777778
vt 0.605830 0.722222
vt 0.605830 0.833333
vt 0.605830 0.888889
vt 0.605830 0.944444
vt 0.609340 0.777778
vt 0.609340 0.722222
vt 0.609340 0.833333
vt 0.609340 0.888889
vt 0.609340 0.944444
vt 0.595301 1.000000
vt 0.612850 1.000000
vt 0.612850 0.944444
vt 0.609340 1.000000
vt 0.612850 0.722222
vt 0.598811 1.000000
vt 0.612850 0.888889
vt 0.602320 1.000000
vt 0.612850 0.833333
vt 0.605830 1.000000
vt 0.612850 0.777778
vt 0.615671 0.722222
vt 0.615671 0.777778
vt 0.618492 0.777778
vt 0.618492 0.722222
vt 0.615671 0.833333
vt 0.618492 0.833333
vt 0.615671 0.888889
vt 0.618492 0.888889
vt 0.615671 0.944444
vt 0.618492 0.944444
vt 0.621314 0.777778
vt 0.621314 0.722222
vt 0.621314 0.833333
vt 0.621314 0.888889
vt 0.621314 0.944444
vt 0.624135 0.777778
vt 0.624135 0.722222
vt 0.624135 0.833333
vt 0.624135 0.888889
vt 0.624135 0.944444
vt 0.626956 0.777778
vt 0.626956 0.722222
vt 0.626956 0.833333
vt 0.626956 0.888889
vt 0.626956 0.944444
vt 0.615671 1.000000
vt 0.629777 1.000000
vt 0.629777 0.944444
vt 0.626956 1.000000
vt 0.629777 0.722222
vt 0.618492 1.000000
vt 0.629777 0.888889
vt 0.621314 1.000000
vt 0.629777 0.833333
vt 0.624135 1.000000
vt 0.629777 0.777778
vt 0.632026 0.722222
vt 0.632026 0.777778
vt 0.634274 0.777778
vt 0.634274 0.722222
vt 0.632026 0.833333
vt 0.634274 0.833333
vt 0.632026 0.888889
vt 0.634274 0.888889
vt 0.632026 0.944444
vt 0.634274 0.944444
vt 0.636523 0.777778
vt 0.636523 0.722222
vt 0.636523 0.833333
vt 0.636523 0.888889
vt 0.636523 0.944444
vt 0.638771 0.777778
vt 0.638771 0.722222
vt 0.638771 0.833333
vt 0.638771 0.888889
vt 0.638771 0.944444
vt 0.641020 0.777778
vt 0.641020 0.722222
vt 0.641020 0.833333
vt 0.641020 0.888889
vt 0.641020 0.944444
vt 0.632026 1.000000
vt 0.643268 1.000000
vt 0.643268 0.944444
vt 0.641020 1.000000
vt 0.643268 0.722222
vt 0.634274 1.000000
vt 0.643268 0.888889
vt 0.636523 1.000000
vt 0.643268 0.833333
vt 0.638771 1.000000
vt 0.643268 0.777778
vt 0.645614 0.722222
vt 0.645614 0.777778
vt 0.647959 0.777778
vt 0.647959 0.722222
vt 0.645614 0.833333
vt 0.647959 0.833333
vt 0.645614 0.888889
vt 0.647959 0.888889
vt 0.645614 0.944444
vt 0.647959 0.944444
vt 0.650305 0.777778
vt 0.650305 0.722222
vt 0.650305 0.833333
vt 0.650305 0.888889
vt 0.650305 0.944444
vt 0.652651 0.777778
vt 0.652651 0.722222
vt 0.652651 0.833333
vt 0.652651 0.888889
vt 0.652651 0.944444
vt 0.654996 0.777778
vt 0.654996 0.722222
vt 0.654996 0.833333
vt 0.654996 0.888889
vt 0.654996 0.944444
vt 0.645614 1.000000
vt 0.657342 1.000000
vt 0.657342 0.944444
vt 0.654996 1.000000
vt 0.657342 0.722222
vt 0.647959 1.000000
vt 0.657342 0.888889
vt 0.650305 1.000000
vt 0.657342 0.833333
vt 0.652651 1.000000
vt 0.657342 0.777778
vt 0.662257 0.722222
vt 0.662257 0.777778
vt 0.667173 0.777778
vt 0.667173 0.722222
vt 0.662257 0.833333
vt 0.667173 0.833333
vt 0.662257 0.888889
vt 0.667173 0.888889
vt 0.662257 0.944444
vt 0.667173 0.944444
vt 0.672089 0.777778
vt 0.672089 0.722222
vt 0.672089 0.833333
vt 0.672089 0.888889
vt 0.672089 0.944444
vt 0.677004 0.777778
vt 0.677004 0.722222
vt 0.677004 0.833333
vt 0.677004 0.888889
vt 0.677004 0.944444
vt 0.681920 0.777778
vt 0.681920 0.722222
vt 0.681920 0.833333
vt 0.681920 0.888889
vt 0.681920 0.944444
vt 0.662257 1.000000
vt 0.686836 1.000000
vt 0.686836 0.944444
vt 0.681920 1.000000
vt 0.686836 0.722222
vt 0.667173 1.000000
vt 0.686836 0.888889
vt 0.672089 1.000000
vt 0.686836 0.833333
vt 0.677004 1.000000
vt 0.686836 0.777778
vt 0.688344 0.722222
vt 0.688344 0.777778
vt 0.689852 0.777778
vt 0.689852 0.722222
vt 0.688344 0.833333
vt 0.689852 0.833333
vt 0.688344 0.888889
vt 0.689852 0.888889
vt 0.688344 0.944444
vt 0.689852 0.944444
vt 0.691360 0.777778
vt 0.691360 0.722222
vt 0.691360 0.833333
vt 0.691360 0.888889
vt 0.691360 0.944444
vt 0.692869 0.777778
vt 0.692869 0.722222
vt 0.692869 0.833333
vt 0.692869 0.888889
vt 0.692869 0.944444
vt 0.694377 0.777778
vt 0.694377 0.722222
vt 0.694377 0.833333
vt 0.694377 0.888889
vt 0.694377 0.944444
vt 0.688344 1.000000
vt 0.695885 1.000000
vt 0.695885 0.944444
vt 0.694377 1.000000
vt 0.695885 0.722222
vt 0.689852 1.000000
vt 0.695885 0.888889
vt 0.691360 1.000000
vt 0.695885 0.833333
vt 0.692869 1.000000
vt 0.695885 0.777778
vt 0.697830 0.722222
vt 0.697830 0.777778
vt 0.699776 0.777778
vt 0.699776 0.722222
vt 0.697830 0.833333
vt 0.699776 0.833333
vt 0.697830 0.888889
vt 0.699776 0.888889
vt 0.697830 0.944444
vt 0.699776 0.944444
vt 0.701721 0.777778
vt 0.701721 0.722222
vt 0.701721 0.833333
vt 0.701721 0.888889
vt 0.701721 0.944444
vt 0.703666 0.777778
vt 0.703666 0.722222
vt 0.703666 0.833333
vt 0.703666 0.888889
vt 0.703666 0.944444
vt 0.705612 0.777778
vt 0.705612 0.722222
vt 0.705612 0.833333
vt 0.705612 0.888889
vt 0.705612 0.944444
vt 0.697830 1.000000
vt 0.707557 1.000000
vt 0.707557 0.944444
vt 0.705612 1.000000
vt 0.707557 0.722222
vt 0.699776 1.000000
vt 0.707557 0.888889
vt 0.701721 1.000000
vt 0.707557 0.833333
vt 0.703666 1.000000
vt 0.707557 0.777778
vt 0.708289 0.722222
vt 0.708289 0.777778
vt 0.709020 0.777778
vt 0.709020 0.722222
vt 0.708289 0.833333
vt 0.709020 0.833333
vt 0.708289 0.888889
vt 0.709020 0.888889
vt 0.708289 0.944444
vt 0.709020 0.944444
vt 0.709752 0.777778
vt 0.709752 0.722222
vt 0.709752 0.833333
vt 0.709752 0.888889
vt 0.709752 0.944444
vt 0.710484 0.777778
vt 0.710484 0.722222
vt 0.710484 0.833333
vt 0.710484 0.888889
vt 0.710484 0.944444
vt 0.711215 0.777778
vt 0.711215 0.722222
vt 0.711215 0.833333
vt 0.711215 0.888889
vt 0.711215 0.944444
vt 0.708289 1.000000
vt 0.711947 1.000000
vt 0.711947 0.944444
vt 0.711215 1.000000
vt 0.711947 0.722222
vt 0.709020 1.000000
vt 0.711947 0.888889
vt 0.709752 1.000000
vt 0.711947 0.833333
vt 0.710484 1.000000
vt 0.711947 0.777778
vt 0.713665 0.722222
vt 0.713665 0.777778
vt 0.715383 0.777778
vt 0.715383 0.722222
vt 0.713665 0.833333
vt 0.715383 0.833333
vt 0.713665 0.888889
vt 0.715383 0.888889
vt 0.713665 0.944444
vt 0.715383 0.944444
vt 0.717101 0.777778
vt 0.717101 0.722222
vt 0.717101 0.833333
vt 0.717101 0.888889
vt 0.717101 0.944444
vt 0.718819 0.777778
vt 0.718819 0.722222
vt 0.718819 0.833333
vt 0.718819 0.888889
vt 0.718819 0.944444
vt 0.720537 0.777778
vt 0.720537 0.722222
vt 0.720537 0.833333
vt 0.720537 0.888889
vt 0.720537 0.944444
vt 0.713665 1.000000
vt 0.722255 1.000000
vt 0.722255 0.944444
vt 0.720537 1.000000
vt 0.722255 0.722222
vt 0.715383 1.000000
vt 0.722255 0.888889
vt 0.717101 1.000000
vt 0.722255 0.833333
vt 0.718819 1.000000
vt 0.722255 0.777778
vt 0.726828 0.722222
vt 0.726828 0.777778
vt 0.731402 0.777778
vt 0.731402 0.722222
vt 0.726828 0.833333
vt 0.731402 0.833333
vt 0.726828 0.888889
vt 0.731402 0.888889
vt 0.726828 0.944444
vt 0.731402 0.944444
vt 0.735975 0.777778
vt 0.735975 0.722222
vt 0.735975 0.833333
vt 0.735975 0.888889
vt 0.735975 0.944444
vt 0.740548 0.777778
vt 0.740548 0.722222
vt 0.740548 0.833333
vt 0.740548 0.888889
vt 0.740548 0.944444
vt 0.745121 0.777778
vt 0.745121 0.722222
vt 0.745121 0.833333
vt 0.745121 0.888889
vt 0.745121 0.944444
vt 0.726828 1.000000
vt 0.749694 1.000000
vt 0.749694 0.944444
vt 0.745121 1.000000
vt 0.749694 0.722222
vt 0.731402 1.000000
vt 0.749694 0.888889
vt 0.735975 1.000000
vt 0.749694 0.833333
vt 0.740548 1.000000
vt 0.749694 0.777778
vt 0.756426 0.722222
vt 0.756426 0.777778
vt 0.763158 0.777778
vt 0.763158 0.722222
vt 0.756426 0.833333
vt 0.763158 0.833333
vt 0.756426 0.888889
vt 0.763158 0.888889
vt 0.756426 0.944444
vt 0.763158 0.944444
vt 0.769889 0.777778
vt 0.769889 0.722222
vt 0.769889 0.833333
vt 0.769889 0.888889
vt 0.769889 0.944444
vt 0.776621 0.777778
vt 0.776621 0.722222
vt 0.776621 0.833333
vt 0.776621 0.888889
vt 0.776621 0.944444
vt 0.783353 0.777778
vt 0.783353 0.722222
vt 0.783353 0.833333
vt 0.783353 0.888889
vt 0.783353 0.944444
vt 0.756426 1.000000
vt 0.790084 1.000000
vt 0.790084 0.944444
vt 0.783353 1.000000
vt 0.790084 0.722222
vt 0.763158 1.000000
vt 0.790084 0.888889
vt 0.769889 1.000000
vt 0.790084 0.833333
vt 0.776621 1.000000
vt 0.790084 0.777778
vt 0.794391 0.722222
vt 0.794391 0.777778
vt 0.798698 0.777778
vt 0.798698 0.722222
vt 0.794391 0.833333
vt 0.798698 0.833333
vt 0.794391 0.888889
vt 0.798698 0.888889
vt 0.794391 0.944444
vt 0.798698 0.944444
vt 0.803005 0.777778
vt 0.803005 0.722222
vt 0.803005 0.833333
vt 0.803005 0.888889
vt 0.803005 0.944444
vt 0.807312 0.777778
vt 0.807312 0.722222
vt 0.807312 0.833333
vt 0.807312 0.888889
vt 0.807312 0.944444
vt 0.811619 0.777778
vt 0.811619 0.722222
vt 0.811619 0.833333
vt 0.811619 0.888889
vt 0.811619 0.944444
vt 0.794391 1.000000
vt 0.815926 1.000000
vt 0.815926 0.944444
vt 0.811619 1.000000
vt 0.815926 0.722222
vt 0.798698 1.000000
vt 0.815926 0.888889
vt 0.803005 1.000000
vt 0.815926 0.833333
vt 0.807312 1.000000
vt 0.815926 0.777778
vt 0.819597 0.722222
vt 0.819597 0.777778
vt 0.823268 0.777778
vt 0.823268 0.722222
vt 0.819597 0.833333
vt 0.823268 0.833333
vt 0.819597 0.888889
vt 0.823268 0.888889
vt 0.819597 0.944444
vt 0.823268 0.944444
vt 0.826939 0.777778
vt 0.826939 0.722222
vt 0.826939 0.833333
vt 0.826939 0.888889
vt 0.826939 0.944444
vt 0.830610 0.777778
vt 0.830610 0.722222
vt 0.830610 0.833333
vt 0.830610 0.888889
vt 0.830610 0.944444
vt 0.834281 0.777778
vt 0.834281 0.722222
vt 0.834281 0.833333
vt 0.834281 0.888889
vt 0.834281 0.944444
vt 0.819597 1.000000
vt 0.837952 1.000000
vt 0.837952 0.944444
vt 0.834281 1.000000
vt 0.837952 0.722222
vt 0.823268 1.000000
vt 0.837952 0.888889
vt 0.826939 1.000000
vt 0.837952 0.833333
vt 0.830610 1.000000
vt 0.837952 0.777778
vt 0.842379 0.722222
vt 0.842379 0.777778
vt 0.846807 0.777778
vt 0.846807 0.722222
vt 0.842379 0.833333
vt 0.846807 0.833333
vt 0.842379 0.888889
vt 0.846807 0.888889
vt 0.842379 0.944444
vt 0.846807 0.944444
vt 0.851234 0.777778
vt 0.851234 0.722222
vt 0.851234 0.833333
vt 0.851234 0.888889
vt 0.851234 0.944444
vt 0.855662 0.777778
vt 0.855662 0.722222
vt 0.855662 0.833333
vt 0.855662 0.888889
vt 0.855662 0.944444
vt 0.860089 0.777778
vt 0.860089 0.722222
vt 0.860089 0.833333
vt 0.860089 0.888889
vt 0.860089 0.944444
vt 0.842379 1.000000
vt 0.864516 1.000000
vt 0.864516 0.944444
vt 0.860089 1.000000
vt 0.864516 0.722222
vt 0.846807 1.000000
vt 0.864516 0.888889
vt 0.851234 1.000000
vt 0.864516 0.833333
vt 0.855662 1.000000
vt 0.864516 0.777778
vt 0.868492 0.722222
vt 0.868492 0.777778
vt 0.872468 0.777778
vt 0.872468 0.722222
vt 0.868492 0.833333
vt 0.872468 0.833333
vt 0.868492 0.888889
vt 0.872468 0.888889
vt 0.868492 0.944444
vt 0.872468 0.944444
vt 0.876443 0.777778
vt 0.876443 0.722222
vt 0.876443 0.833333
vt 0.876443 0.888889
vt 0.876443 0.944444
vt 0.880419 0.777778
vt 0.880419 0.722222
vt 0.880419 0.833333
vt 0.880419 0.888889
vt 0.880419 0.944444
vt 0.884395 0.777778
vt 0.884395 0.722222
vt 0.884395 0.833333
vt 0.884395 0.888889
vt 0.884395 0.944444
vt 0.868492 1.000000
vt 0.888370 1.000000
vt 0.888370 0.944444
vt 0.884395 1.000000
vt 0.888370 0.722222
vt 0.872468 1.000000
vt 0.888370 0.888889
vt 0.876443 1.000000
vt 0.888370 0.833333
vt 0.880419 1.000000
vt 0.888370 0.777778
vt 0.892338 0.722222
vt 0.892338 0.777778
vt 0.896305 0.777778
vt 0.896305 0.722222
vt 0.892338 0.833333
vt 0.896305 0.833333
vt 0.892338 0.888889
vt 0.896305 0.888889
vt 0.892338 0.944444
vt 0.896305 0.944444
vt 0.900272 0.777778
vt 0.900272 0.722222
vt 0.900272 0.833333
vt 0.900272 0.888889
vt 0.900272 0.944444
vt 0.904239 0.777778
vt 0.904239 0.722222
vt 0.904239 0.833333
vt 0.904239 0.888889
vt 0.904239 0.944444
vt 0.908207 0.777778
vt 0.908207 0.722222
vt 0.908207 0.833333
vt 0.908207 0.888889
vt 0.908207 0.944444
vt 0.892338 1.000000
vt 0.912174 1.000000
vt 0.912174 0.944444
vt 0.908207 1.000000
vt 0.912174 0.722222
vt 0.896305 1.000000
vt 0.912174 0.888889
vt 0.900272 1.000000
vt 0.912174 0.833333
vt 0.904239 1.000000
vt 0.912174 0.777778
vt 0.916706 0.722222
vt 0.916706 0.777778
vt 0.921237 0.777778
vt 0.921237 0.722222
vt 0.916706 0.833333
vt 0.921237 0.833333
vt 0.916706 0.888889
vt 0.921237 0.888889
vt 0.916706 0.944444
vt 0.921237 0.944444
vt 0.925769 0.777778
vt 0.925769 0.722222
vt 0.925769 0.833333
vt 0.925769 0.888889
vt 0.925769 0.944444
vt 0.930301 0.777778
vt 0.930301 0.722222
vt 0.930301 0.833333
vt 0.930301 0.888889
vt 0.930301 0.944444
vt 0.934832 0.777778
vt 0.934832 0.722222
vt 0.934832 0.833333
vt 0.934832 0.888889
vt 0.934832 0.944444
vt 0.916706 1.000000
vt 0.939364 1.000000
vt 0.939364 0.944444
vt 0.934832 1.000000
vt 0.939364 0.722222
vt 0.921237 1.000000
vt 0.939364 0.888889
vt 0.925769 1.000000
vt 0.939364 0.833333
vt 0.930301 1.000000
vt 0.939364 0.777778
vt 0.941612 0.722222
vt 0.941612 0.777778
vt 0.943861 0.777778
vt 0.943861 0.722222
vt 0.941612 0.833333
vt 0.943861 0.833333
vt 0.941612 0.888889
vt 0.943861 0.888889
vt 0.941612 0.944444
vt 0.943861 0.944444
vt 0.946109 0.777778
vt 0.946109 0.722222
vt 0.946109 0.833333
vt 0.946109 0.888889
vt 0.946109 0.944444
vt 0.948358 0.777778
vt 0.948358 0.722222
vt 0.948358 0.833333
vt 0.948358 0.888889
vt 0.948358 0.944444
vt 0.950606 0.777778
vt 0.950606 0.722222
vt 0.950606 0.833333
vt 0.950606 0.888889
vt 0.950606 0.944444
vt 0.941612 1.000000
vt 0.952855 1.000000
vt 0.952855 0.944444
vt 0.950606 1.000000
vt 0.952855 0.722222
vt 0.943861 1.000000
vt 0.952855 0.888889
vt 0.946109 1.000000
vt 0.952855 0.833333
vt 0.948358 1.000000
vt 0.952855 0.777778
vt 0.955438 0.722222
vt 0.955438 0.777778
vt 0.958021 0.777778
vt 0.958021 0.722222
vt 0.955438 0.833333
vt 0.958021 0.833333
vt 0.955438 0.888889
vt 0.958021 0.888889
vt 0.955438 0.944444
vt 0.958021 0.944444
vt 0.960604 0.777778
vt 0.960604 0.722222
vt 0.960604 0.833333
vt 0.960604 0.888889
vt 0.960604 0.944444
vt 0.963188 0.777778
vt 0.963188 0.722222
vt 0.963188 0.833333
vt 0.963188 0.888889
vt 0.963188 0.944444
vt 0.965771 0.777778
vt 0.965771 0.722222
vt 0.965771 0.833333
vt 0.965771 0.888889
vt 0.965771 0.944444
vt 0.955438 1.000000
vt 0.968354 1.000000
vt 0.968354 0.944444
vt 0.965771 1.000000
vt 0.968354 0.722222
vt 0.958021 1.000000
vt 0.968354 0.888889
vt 0.960604 1.000000
vt 0.968354 0.833333
vt 0.963188 1.000000
vt 0.968354 0.777778
vt 0.971217 0.722222
vt 0.971217 0.777778
vt 0.974079 0.777778
vt 0.974079 0.722222
vt 0.971217 0.833333
vt 0.974079 0.833333
vt 0.971217 0.888889
vt 0.974079 0.888889
vt 0.971217 0.944444
vt 0.974079 0.944444
vt 0.976942 0.777778
vt 0.976942 0.722222
vt 0.976942 0.833333
vt 0.976942 0.888889
vt 0.976942 0.944444
vt 0.979804 0.777778
vt 0.979804 0.722222
vt 0.979804 0.833333
vt 0.979804 0.888889
vt 0.979804 0.944444
vt 0.982666 0.777778
vt 0.982666 0.722222
vt 0.982666 0.833333
vt 0.982666 0.888889
vt 0.982666 0.944444
vt 0.971217 1.000000
vt 0.985529 1.000000
vt 0.985529 0.944444
vt 0.982666 1.000000
vt 0.985529 0.722222
vt 0.974079 1.000000
vt 0.985529 0.888889
vt 0.976942 1.000000
vt 0.985529 0.833333
vt 0.979804 1.000000
vt 0.985529 0.777778
vt 0.987941 0.722222
vt 0.987941 0.777778
vt 0.990352 0.777778
vt 0.990352 0.722222
vt 0.987941 0.833333
vt 0.990352 0.833333
vt 0.987941 0.888889
vt 0.990352 0.888889
vt 0.987941 0.944444
vt 0.990352 0.944444
vt 0.992764 0.777778
vt 0.992764 0.722222
vt 0.992764 0.833333
vt 0.992764 0.888889
vt 0.992764 0.944444
vt 0.995176 0.777778
vt 0.995176 0.722222
vt 0.995176 0.833333
vt 0.995176 0.888889
vt 0.995176 0.944444
vt 0.997588 0.777778
vt 0.997588 0.722222
vt 0.997588 0.833333
vt 0.997588 0.888889
vt 0.997588 0.944444
vt 0.987941 1.000000
vt 1.000000 1.000000
vt 1.000000 0.944444
vt 0.997588 1.000000
vt 1.000000 0.722222
vt 0.990352 1.000000
vt 1.000000 0.888889
vt 0.992764 1.000000
vt 1.000000 0.833333
vt 0.995176 1.000000
vt 1.000000 0.777778
vn 0.0000 -1.0000 0.0000
vn -0.9358 0.0000 0.3525
vn -0.7576 0.0000 0.6527
vn -0.5000 0.0000 0.8660
vn -0.1865 0.0000 0.9825
vn 0.1627 0.0000 0.9867
vn -1.0000 0.0000 -0.0000
vn 0.5000 0.0000 0.8660
vn -0.2636 0.9591 0.1030
vn -0.2264 0.9532 0.2002
vn -0.1891 0.9686 0.1617
vn -0.2437 0.9656 0.0907
vn -0.1557 0.9503 0.2697
vn -0.1221 0.9697 0.2115
vn -0.0602 0.9532 0.2961
vn -0.0455 0.9686 0.2446
vn 0.0426 0.9591 0.2798
vn 0.0433 0.9656 0.2564
vn -0.1788 0.9720 0.1522
vn -0.2381 0.9673 0.0875
vn -0.1135 0.9739 0.1965
vn -0.0424 0.9720 0.2310
vn 0.0433 0.9673 0.2499
vn -0.1874 0.9691 0.1602
vn -0.2432 0.9658 0.0899
vn -0.1206 0.9705 0.2088
vn -0.0451 0.9691 0.2424
vn 0.0437 0.9658 0.2556
vn -0.2223 0.9562 0.1906
vn -0.2605 0.9606 0.0974
vn -0.1510 0.9533 0.2616
vn -0.0539 0.9562 0.2878
vn 0.0459 0.9606 0.2743
vn -0.2774 0.9608 -0.0000
vn -0.2757 0.9559 0.1007
vn -0.2737 0.9618 -0.0000
vn 0.1368 0.9618 0.2370
vn 0.0507 0.9559 0.2891
vn 0.1387 0.9608 0.2402
vn 0.1386 0.9608 0.2401
vn 0.0398 0.9548 0.2944
vn 0.1363 0.9622 0.2360
vn -0.2725 0.9622 -0.0000
vn -0.2749 0.9548 0.1127
vn -0.2773 0.9608 -0.0000
vn -0.2537 0.9434 0.2138
vn 0.1336 0.9636 0.2314
vn -0.0718 0.9418 0.3283
vn -0.2665 0.9638 -0.0000
vn -0.1771 0.9352 0.3067
vn 0.1324 0.9643 0.2294
vn -0.1772 0.9351 0.3069
vn -0.2648 0.9643 0.0000
vn -0.0584 0.9434 0.3266
vn 0.1332 0.9638 0.2308
vn -0.2484 0.9418 0.2264
vn -0.2672 0.9636 -0.0000
vn -0.6053 -0.7633 0.2260
vn -0.5055 -0.7462 0.4332
vn -0.4532 -0.8025 0.3880
vn -0.5786 -0.7868 0.2149
vn -0.3384 -0.7362 0.5861
vn -0.2938 -0.8092 0.5088
vn -0.1224 -0.7462 0.6544
vn -0.1095 -0.8025 0.5865
vn 0.1069 -0.7633 0.6372
vn 0.1032 -0.7868 0.6085
vn -0.4385 -0.8170 0.3745
vn -0.5702 -0.7939 0.2112
vn -0.2815 -0.8265 0.4875
vn -0.1051 -0.8170 0.5670
vn 0.1022 -0.7939 0.5995
vn -0.4552 -0.8002 0.3905
vn -0.5790 -0.7860 0.2166
vn -0.2959 -0.8061 0.5126
vn -0.1106 -0.8002 0.5894
vn 0.1019 -0.7860 0.6097
vn -0.5081 -0.7376 0.4448
vn -0.6077 -0.7586 0.2349
vn -0.3431 -0.7274 0.5943
vn -0.1312 -0.7376 0.6624
vn 0.1004 -0.7586 0.6438
vn -0.6448 -0.7643 0.0000
vn -0.6236 -0.7408 0.2496
vn -0.6379 -0.7701 0.0000
vn 0.3189 -0.7701 0.5524
vn 0.0956 -0.7408 0.6649
vn 0.3224 -0.7643 0.5585
vn 0.3225 -0.7642 0.5585
vn 0.1148 -0.7442 0.6581
vn 0.3196 -0.7690 0.5536
vn -0.6393 -0.7690 -0.0000
vn -0.6273 -0.7442 0.2296
vn -0.6450 -0.7642 -0.0000
vn -0.5371 -0.6934 0.4804
vn 0.3143 -0.7777 0.5445
vn -0.1271 -0.6971 0.7056
vn -0.6295 -0.7770 -0.0000
vn -0.3712 -0.6701 0.6429
vn 0.3130 -0.7798 0.5421
vn -0.3711 -0.6703 0.6427
vn -0.6260 -0.7798 0.0000
vn -0.1475 -0.6934 0.7053
vn 0.3148 -0.7770 0.5452
vn -0.5475 -0.6972 0.4628
vn -0.6287 -0.7777 0.0000
vn -0.9207 -0.1805 0.3460
vn -0.7467 -0.1721 0.6426
vn -0.7416 -0.2050 0.6388
vn -0.9180 -0.1948 0.3455
vn -0.4929 -0.1680 0.8537
vn -0.4889 -0.2096 0.8468
vn -0.1831 -0.1721 0.9679
vn -0.1824 -0.2050 0.9616
vn 0.1607 -0.1805 0.9704
vn 0.1598 -0.1948 0.9677
vn -0.7400 -0.2157 0.6371
vn -0.9171 -0.1995 0.3451
vn -0.4874 -0.2230 0.8442
vn -0.1818 -0.2157 0.9594
vn 0.1597 -0.1996 0.9668
vn -0.7417 -0.2046 0.6387
vn -0.9180 -0.1947 0.3456
vn -0.4890 -0.2090 0.8469
vn -0.1823 -0.2046 0.9617
vn 0.1597 -0.1947 0.9678
vn -0.7459 -0.1711 0.6437
vn -0.9202 -0.1799 0.3477
vn -0.4930 -0.1670 0.8539
vn -0.1845 -0.1711 0.9678
vn 0.1590 -0.1799 0.9707
vn -0.9834 -0.1816 -0.0000
vn -0.9208 -0.1703 0.3510
vn -0.9828 -0.1846 -0.0000
vn 0.4914 -0.1846 0.8511
vn 0.1565 -0.1703 0.9729
vn 0.4917 -0.1816 0.8516
vn 0.1635 -0.1707 0.9717
vn 0.4914 -0.1845 0.8512
vn -0.9828 -0.1845 -0.0000
vn -0.9232 -0.1707 0.3442
vn -0.7469 -0.1491 0.6480
vn 0.4910 -0.1891 0.8504
vn -0.1814 -0.1495 0.9720
vn -0.9820 -0.1890 -0.0000
vn -0.4951 -0.1393 0.8576
vn 0.4908 -0.1905 0.8502
vn -0.9817 -0.1905 -0.0000
vn -0.1877 -0.1491 0.9708
vn 0.4910 -0.1890 0.8504
vn -0.7510 -0.1495 0.6431
vn -0.9820 -0.1891 -0.0000
vn -0.8502 0.4154 0.3234
vn -0.6938 0.3967 0.6010
vn -0.6720 0.4629 0.5780
vn -0.8384 0.4448 0.3151
vn -0.4608 0.3879 0.7982
vn -0.4411 0.4708 0.7641
vn -0.1736 0.3967 0.9014
vn -0.1646 0.4629 0.8710
vn 0.1450 0.4154 0.8980
vn 0.1463 0.4448 0.8836
vn -0.6639 0.4839 0.5702
vn -0.8343 0.4541 0.3126
vn -0.4339 0.4970 0.7515
vn -0.1619 0.4839 0.8600
vn 0.1465 0.4541 0.8788
vn -0.6714 0.4646 0.5773
vn -0.8384 0.4453 0.3144
vn -0.4405 0.4732 0.7629
vn -0.1643 0.4646 0.8701
vn 0.1469 0.4453 0.8832
vn -0.6948 0.4012 0.5970
vn -0.8506 0.4181 0.3188
vn -0.4599 0.3924 0.7966
vn -0.1696 0.4012 0.9002
vn 0.1493 0.4181 0.8961
vn -0.9077 0.4196 -0.0000
vn -0.8605 0.3983 0.3176
vn -0.9051 0.4251 -0.0000
vn 0.4526 0.4251 0.7839
vn 0.1552 0.3983 0.9040
vn 0.4539 0.4196 0.7861
vn 0.4538 0.4196 0.7861
vn 0.1404 0.3965 0.9072
vn 0.4524 0.4258 0.7836
vn -0.9048 0.4258 -0.0000
vn -0.8559 0.3965 0.3321
vn -0.7122 0.3543 0.6060
vn 0.4505 0.4339 0.7802
vn -0.1824 0.3526 0.9178
vn -0.9007 0.4344 -0.0000
vn -0.4716 0.3323 0.8168
vn 0.4497 0.4370 0.7789
vn -0.4716 0.3322 0.8169
vn -0.8994 0.4371 -0.0000
vn -0.1687 0.3543 0.9198
vn 0.4504 0.4344 0.7800
vn -0.7037 0.3526 0.6169
vn -0.9009 0.4339 0.0000
vn -0.7018 0.6603 0.2673
vn -0.5820 0.6375 0.5048
vn -0.5360 0.7095 0.4575
vn -0.6768 0.6920 0.2512
vn -0.3897 0.6265 0.6750
vn -0.3486 0.7168 0.6038
vn -0.1462 0.6375 0.7565
vn -0.1282 0.7095 0.6929
vn 0.1194 0.6603 0.7415
vn 0.1208 0.6920 0.7117
vn -0.5194 0.7299 0.4443
vn -0.6680 0.7015 0.2483
vn -0.3352 0.7419 0.5807
vn -0.1251 0.7299 0.6720
vn 0.1190 0.7015 0.7027
vn -0.5316 0.7119 0.4588
vn -0.6747 0.6930 0.2540
vn -0.3469 0.7201 0.6009
vn -0.1315 0.7119 0.6898
vn 0.1174 0.6930 0.7113
vn -0.5779 0.6455 0.4993
vn -0.6985 0.6650 0.2643
vn -0.3864 0.6347 0.6693
vn -0.1434 0.6455 0.7501
vn 0.1204 0.6650 0.7371
vn -0.7459 0.6661 -0.0000
vn -0.7196 0.6430 0.2620
vn -0.7409 0.6717 -0.0000
vn 0.3704 0.6717 0.6416
vn 0.1329 0.6430 0.7542
vn 0.3729 0.6661 0.6460
vn 0.3728 0.6663 0.6458
vn 0.1096 0.6396 0.7609
vn 0.3697 0.6732 0.6404
vn -0.7395 0.6732 -0.0000
vn -0.7137 0.6396 0.2855
vn -0.7457 0.6663 -0.0000
vn -0.6166 0.5912 0.5199
vn 0.3662 0.6810 0.6342
vn -0.1651 0.5874 0.7923
vn -0.7313 0.6821 -0.0000
vn -0.4133 0.5629 0.7158
vn 0.3645 0.6845 0.6314
vn -0.4134 0.5624 0.7161
vn -0.7290 0.6845 0.0000
vn -0.1419 0.5912 0.7939
vn 0.3656 0.6821 0.6333
vn -0.6036 0.5874 0.5391
vn -0.7323 0.6810 -0.0000
vn -0.8739 0.3553 0.3319
vn -0.7115 0.3388 0.6157
vn -0.6951 0.3985 0.5983
vn -0.8651 0.3818 0.3254
vn -0.4718 0.3310 0.8172
vn -0.4570 0.4059 0.7915
vn -0.1775 0.3388 0.9240
vn -0.1706 0.3985 0.9011
vn 0.1495 0.3553 0.9227
vn 0.1507 0.3818 0.9119
vn -0.6890 0.4178 0.5923
vn -0.8620 0.3903 0.3234
vn -0.4514 0.4300 0.7819
vn -0.1684 0.4178 0.8928
vn 0.1509 0.3903 0.9082
vn -0.6949 0.3999 0.5977
vn -0.8652 0.3822 0.3247
vn -0.4565 0.4078 0.7908
vn -0.1702 0.3999 0.9006
vn 0.1514 0.3822 0.9116
vn -0.7127 0.3422 0.6124
vn -0.8746 0.3573 0.3278
vn -0.4712 0.3345 0.8162
vn -0.1740 0.3422 0.9234
vn 0.1534 0.3573 0.9213
vn -0.9334 0.3588 -0.0000
vn -0.8821 0.3395 0.3264
vn -0.9315 0.3638 -0.0000
vn 0.4657 0.3638 0.8067
vn 0.1584 0.3395 0.9272
vn 0.4667 0.3588 0.8084
vn 0.4667 0.3589 0.8083
vn 0.1455 0.3382 0.9298
vn 0.4656 0.3644 0.8065
vn -0.9312 0.3644 -0.0000
vn -0.8779 0.3382 0.3389
vn -0.9334 0.3589 -0.0000
vn -0.7259 0.3004 0.6187
vn 0.4641 0.3719 0.8039
vn -0.1846 0.2992 0.9362
vn -0.9281 0.3722 -0.0000
vn -0.4798 0.2811 0.8311
vn 0.4636 0.3747 0.8029
vn -0.9272 0.3747 -0.0000
vn -0.1728 0.3004 0.9380
vn 0.4641 0.3722 0.8038
vn -0.7185 0.2992 0.6279
vn -0.9283 0.3719 0.0000
vn -0.7072 -0.6558 0.2641
vn -0.5855 -0.6366 0.5020
vn -0.5396 -0.7034 0.4626
vn -0.6835 -0.6841 0.2546
vn -0.3900 -0.6258 0.6755
vn -0.3512 -0.7118 0.6083
vn -0.1420 -0.6366 0.7580
vn -0.1308 -0.7034 0.6986
vn 0.1248 -0.6559 0.7445
vn 0.1213 -0.6841 0.7193
vn -0.5260 -0.7216 0.4501
vn -0.6759 -0.6928 0.2514
vn -0.3397 -0.7338 0.5884
vn -0.1268 -0.7216 0.6806
vn 0.1202 -0.6928 0.7111
vn -0.5411 -0.7009 0.4647
vn -0.6837 -0.6833 0.2563
vn -0.3530 -0.7083 0.6114
vn -0.1319 -0.7009 0.7009
vn 0.1198 -0.6833 0.7203
vn -0.5863 -0.6283 0.5113
vn -0.7083 -0.6512 0.2723
vn -0.3933 -0.6174 0.6813
vn -0.1497 -0.6283 0.7634
vn 0.1183 -0.6512 0.7496
vn -0.7537 -0.6572 0.0000
vn -0.7217 -0.6305 0.2857
vn -0.7478 -0.6640 0.0000
vn 0.3739 -0.6640 0.6476
vn 0.1134 -0.6306 0.7678
vn 0.3769 -0.6572 0.6527
vn 0.3769 -0.6571 0.6528
vn 0.1324 -0.6338 0.7621
vn 0.3744 -0.6628 0.6485
vn -0.7488 -0.6628 0.0000
vn -0.7262 -0.6338 0.2664
vn -0.7538 -0.6571 -0.0000
vn -0.6101 -0.5783 0.5416
vn 0.3698 -0.6730 0.6406
vn -0.1449 -0.5817 0.8004
vn -0.7403 -0.6722 0.0000
vn -0.4165 -0.5532 0.7214
vn 0.3686 -0.6756 0.6385
vn -0.4165 -0.5534 0.7213
vn -0.7373 -0.6756 -0.0000
vn -0.1640 -0.5783 0.7991
vn 0.3702 -0.6722 0.6411
vn -0.6207 -0.5817 0.5257
vn -0.7397 -0.6730 -0.0000
vn -0.2701 -0.9576 0.1003
vn -0.2305 -0.9529 0.1969
vn -0.1945 -0.9668 0.1658
vn -0.2522 -0.9632 0.0928
vn -0.1563 -0.9499 0.2707
vn -0.1250 -0.9683 0.2164
vn -0.0553 -0.9529 0.2981
vn -0.0463 -0.9668 0.2513
vn 0.0481 -0.9576 0.2841
vn 0.0458 -0.9632 0.2648
vn -0.1854 -0.9699 0.1578
vn -0.2468 -0.9648 0.0907
vn -0.1177 -0.9719 0.2038
vn -0.0440 -0.9699 0.2394
vn 0.0449 -0.9648 0.2590
vn -0.1957 -0.9662 0.1679
vn -0.2524 -0.9630 0.0944
vn -0.1266 -0.9674 0.2192
vn -0.0475 -0.9662 0.2535
vn 0.0444 -0.9630 0.2657
vn -0.2341 -0.9498 0.2075
vn -0.2728 -0.9561 0.1071
vn -0.1611 -0.9466 0.2791
vn -0.0627 -0.9498 0.3065
vn 0.0436 -0.9561 0.2899
vn -0.2873 -0.9578 0.0000
vn -0.2848 -0.9515 0.1162
vn -0.2824 -0.9593 0.0000
vn 0.1412 -0.9593 0.2446
vn 0.0417 -0.9515 0.3047
vn 0.1436 -0.9578 0.2488
vn 0.1437 -0.9578 0.2489
vn 0.0521 -0.9527 0.2996
vn 0.1417 -0.9590 0.2455
vn -0.2835 -0.9590 -0.0000
vn -0.2854 -0.9527 0.1046
vn -0.2572 -0.9377 0.2337
vn 0.1381 -0.9611 0.2392
vn -0.0608 -0.9392 0.3379
vn -0.2768 -0.9609 0.0000
vn -0.1832 -0.9305 0.3173
vn 0.1372 -0.9616 0.2376
vn -0.1831 -0.9305 0.3172
vn -0.2744 -0.9616 0.0000
vn -0.0738 -0.9377 0.3396
vn 0.1384 -0.9609 0.2397
vn -0.2622 -0.9392 0.2216
vn -0.2762 -0.9611 0.0000
vn -0.7331 0.6192 0.2813
vn -0.6053 0.5964 0.5273
vn -0.5630 0.6702 0.4837
vn -0.7100 0.6519 0.2663
vn -0.4053 0.5855 0.7021
vn -0.3676 0.6778 0.6367
vn -0.1540 0.5964 0.7878
vn -0.1374 0.6702 0.7294
vn 0.1229 0.6193 0.7755
vn 0.1244 0.6519 0.7481
vn -0.5487 0.6916 0.4698
vn -0.7027 0.6617 0.2616
vn -0.3550 0.7043 0.6148
vn -0.1325 0.6916 0.7100
vn 0.1247 0.6617 0.7393
vn -0.5617 0.6726 0.4817
vn -0.7099 0.6527 0.2647
vn -0.3660 0.6813 0.6339
vn -0.1364 0.6726 0.7273
vn 0.1257 0.6527 0.7471
vn -0.6048 0.6042 0.5187
vn -0.7322 0.6237 0.2736
vn -0.4024 0.5935 0.6970
vn -0.1468 0.6042 0.7832
vn 0.1291 0.6237 0.7709
vn -0.7806 0.6250 -0.0000
vn -0.7501 0.6013 0.2753
vn -0.7759 0.6309 -0.0000
vn 0.3879 0.6309 0.6719
vn 0.1366 0.6013 0.7872
vn 0.3903 0.6250 0.6760
vn 0.3903 0.6251 0.6760
vn 0.1179 0.5982 0.7926
vn 0.3875 0.6320 0.6711
vn -0.7749 0.6320 -0.0000
vn -0.7454 0.5982 0.2943
vn -0.7805 0.6251 -0.0000
vn -0.6377 0.5490 0.5403
vn 0.3840 0.6405 0.6650
vn -0.1677 0.5458 0.8209
vn -0.7673 0.6412 -0.0000
vn -0.4268 0.5209 0.7392
vn 0.3825 0.6440 0.6626
vn -0.4269 0.5207 0.7393
vn -0.7651 0.6440 -0.0000
vn -0.1491 0.5490 0.8224
vn 0.3837 0.6412 0.6645
vn -0.6271 0.5458 0.5557
vn -0.7679 0.6405 -0.0000
vn -0.1293 0.9903 0.0508
vn -0.1116 0.9888 0.0991
vn -0.0920 0.9926 0.0788
vn -0.1189 0.9919 0.0443
vn -0.0771 0.9880 0.1336
vn -0.0594 0.9929 0.1029
vn -0.0300 0.9888 0.1462
vn -0.0222 0.9926 0.1191
vn 0.0206 0.9903 0.1373
vn 0.0210 0.9919 0.1251
vn -0.0868 0.9935 0.0739
vn -0.1161 0.9923 0.0426
vn -0.0550 0.9939 0.0953
vn -0.0205 0.9935 0.1122
vn 0.0212 0.9923 0.1218
vn -0.0913 0.9928 0.0779
vn -0.1187 0.9920 0.0437
vn -0.0586 0.9931 0.1015
vn -0.0218 0.9928 0.1180
vn 0.0215 0.9920 0.1247
vn -0.1094 0.9896 0.0936
vn -0.1277 0.9907 0.0475
vn -0.0745 0.9888 0.1290
vn -0.0263 0.9896 0.1416
vn 0.0227 0.9907 0.1343
vn -0.1359 0.9907 0.0000
vn -0.1356 0.9895 0.0496
vn -0.1339 0.9910 0.0000
vn 0.0670 0.9910 0.1160
vn 0.0248 0.9895 0.1422
vn 0.0679 0.9907 0.1177
vn 0.0679 0.9907 0.1176
vn 0.0195 0.9892 0.1450
vn 0.0667 0.9911 0.1155
vn -0.1334 0.9911 -0.0000
vn -0.1353 0.9892 0.0556
vn -0.1358 0.9907 0.0000
vn -0.1259 0.9863 0.1063
vn 0.0653 0.9914 0.1131
vn -0.0359 0.9859 0.1633
vn -0.1302 0.9915 -0.0000
vn -0.0885 0.9842 0.1533
vn 0.0647 0.9916 0.1120
vn -0.0886 0.9842 0.1534
vn -0.1294 0.9916 0.0000
vn -0.0291 0.9863 0.1622
vn 0.0651 0.9915 0.1128
vn -0.1235 0.9859 0.1127
vn -0.1306 0.9914 -0.0000
vn -0.8440 0.4335 0.3159
vn -0.6908 0.4143 0.5926
vn -0.6672 0.4821 0.5679
vn -0.8313 0.4634 0.3070
vn -0.4571 0.4053 0.7917
vn -0.4358 0.4901 0.7549
vn -0.1678 0.4143 0.8945
vn -0.1582 0.4821 0.8617
vn 0.1485 0.4335 0.8888
vn 0.1497 0.4634 0.8734
vn -0.6556 0.5033 0.5629
vn -0.8251 0.4731 0.3089
vn -0.4281 0.5166 0.7415
vn -0.1597 0.5033 0.8492
vn 0.1450 0.4731 0.8690
vn -0.6602 0.4837 0.5745
vn -0.8272 0.4644 0.3163
vn -0.4352 0.4923 0.7538
vn -0.1675 0.4837 0.8590
vn 0.1397 0.4644 0.8746
vn -0.6847 0.4187 0.5966
vn -0.8401 0.4364 0.3222
vn -0.4561 0.4096 0.7900
vn -0.1743 0.4187 0.8912
vn 0.1410 0.4364 0.8886
vn -0.8991 0.4377 -0.0000
vn -0.8543 0.4161 0.3114
vn -0.8964 0.4432 -0.0000
vn 0.4482 0.4432 0.7763
vn 0.1575 0.4161 0.8956
vn 0.4496 0.4377 0.7786
vn 0.4495 0.4381 0.7785
vn 0.1335 0.4139 0.9005
vn 0.4479 0.4446 0.7757
vn -0.8957 0.4446 -0.0000
vn -0.8466 0.4139 0.3346
vn -0.8989 0.4381 -0.0000
vn -0.7096 0.3710 0.5991
vn 0.4460 0.4522 0.7724
vn -0.1862 0.3686 0.9108
vn -0.8913 0.4534 -0.0000
vn -0.4687 0.3482 0.8118
vn 0.4451 0.4557 0.7709
vn -0.4688 0.3476 0.8120
vn -0.8901 0.4557 -0.0000
vn -0.1640 0.3710 0.9140
vn 0.4457 0.4534 0.7719
vn -0.6956 0.3686 0.6166
vn -0.8919 0.4522 -0.0000
vn -0.9246 0.1603 0.3456
vn -0.7503 0.1525 0.6432
vn -0.7470 0.1824 0.6394
vn -0.9228 0.1735 0.3439
vn -0.4944 0.1488 0.8564
vn -0.4912 0.1864 0.8508
vn -0.1819 0.1525 0.9714
vn -0.1802 0.1824 0.9666
vn 0.1630 0.1603 0.9735
vn 0.1636 0.1735 0.9712
vn -0.7436 0.1924 0.6403
vn -0.9210 0.1779 0.3466
vn -0.4900 0.1990 0.8487
vn -0.1827 0.1924 0.9642
vn 0.1603 0.1779 0.9709
vn -0.7428 0.1827 0.6441
vn -0.9204 0.1737 0.3503
vn -0.4912 0.1868 0.8508
vn -0.1864 0.1827 0.9653
vn 0.1569 0.1737 0.9722
vn -0.7466 0.1531 0.6474
vn -0.9225 0.1608 0.3510
vn -0.4944 0.1494 0.8563
vn -0.1874 0.1531 0.9703
vn 0.1572 0.1608 0.9744
vn -0.9868 0.1617 -0.0000
vn -0.9268 0.1520 0.3434
vn -0.9864 0.1643 -0.0000
vn 0.4932 0.1643 0.8543
vn 0.1661 0.1520 0.9743
vn 0.4934 0.1617 0.8546
vn 0.4934 0.1618 0.8546
vn 0.1545 0.1516 0.9763
vn 0.4932 0.1646 0.8542
vn -0.9864 0.1646 0.0000
vn -0.9227 0.1516 0.3544
vn -0.9868 0.1618 -0.0000
vn -0.7540 0.1330 0.6432
vn 0.4929 0.1683 0.8537
vn -0.1904 0.1326 0.9727
vn -0.9857 0.1686 0.0000
vn -0.4961 0.1240 0.8593
vn 0.4927 0.1698 0.8535
vn -0.4962 0.1238 0.8594
vn -0.9855 0.1698 -0.0000
vn -0.1800 0.1330 0.9746
vn 0.4928 0.1686 0.8536
vn -0.7472 0.1326 0.6512
vn -0.9857 0.1683 -0.0000
vn -0.9324 -0.0777 0.3530
vn -0.7545 -0.0739 0.6522
vn -0.7535 -0.0886 0.6514
vn -0.9319 -0.0841 0.3529
vn -0.4987 -0.0721 0.8638
vn -0.4979 -0.0906 0.8625
vn -0.1876 -0.0739 0.9795
vn -0.1874 -0.0886 0.9783
vn 0.1605 -0.0777 0.9840
vn 0.1603 -0.0841 0.9835
vn -0.7543 -0.0934 0.6498
vn -0.9324 -0.0862 0.3511
vn -0.4977 -0.0967 0.8620
vn -0.1856 -0.0934 0.9782
vn 0.1621 -0.0862 0.9830
vn -0.7557 -0.0885 0.6489
vn -0.9332 -0.0840 0.3495
vn -0.4979 -0.0905 0.8625
vn -0.1841 -0.0885 0.9789
vn 0.1639 -0.0840 0.9829
vn -0.7565 -0.0737 0.6498
vn -0.9335 -0.0775 0.3500
vn -0.4987 -0.0719 0.8638
vn -0.1845 -0.0737 0.9801
vn 0.1637 -0.0775 0.9835
vn -0.9969 -0.0782 -0.0000
vn -0.9322 -0.0733 0.3544
vn -0.9968 -0.0795 -0.0000
vn 0.4984 -0.0795 0.8633
vn 0.1592 -0.0733 0.9845
vn 0.4985 -0.0782 0.8634
vn 0.1651 -0.0733 0.9836
vn -0.9343 -0.0733 0.3488
vn -0.7542 -0.0639 0.6535
vn 0.4983 -0.0815 0.8631
vn -0.1835 -0.0640 0.9809
vn -0.9967 -0.0815 -0.0000
vn -0.4991 -0.0596 0.8645
vn 0.4983 -0.0821 0.8631
vn -0.4991 -0.0597 0.8645
vn -0.9966 -0.0821 0.0000
vn -0.1888 -0.0639 0.9799
vn -0.7577 -0.0640 0.6494
vn -0.6496 -0.7200 0.2441
vn -0.5402 -0.7016 0.4647
vn -0.4900 -0.7632 0.4213
vn -0.6240 -0.7458 0.2334
vn -0.3614 -0.6910 0.6261
vn -0.3185 -0.7706 0.5520
vn -0.1323 -0.7015 0.7003
vn -0.1196 -0.7633 0.6349
vn 0.1135 -0.7199 0.6847
vn 0.1101 -0.7459 0.6569
vn -0.4762 -0.7793 0.4072
vn -0.6163 -0.7535 0.2289
vn -0.3063 -0.7901 0.5309
vn -0.1142 -0.7795 0.6159
vn 0.1103 -0.7537 0.6479
vn -0.4930 -0.7608 0.4222
vn -0.6251 -0.7449 0.2332
vn -0.3204 -0.7674 0.5554
vn -0.1186 -0.7608 0.6380
vn 0.1111 -0.7450 0.6578
vn -0.5432 -0.6931 0.4739
vn -0.6524 -0.7152 0.2507
vn -0.3652 -0.6823 0.6333
vn -0.1382 -0.6930 0.7076
vn 0.1097 -0.7151 0.6904
vn -0.6928 -0.7211 -0.0002
vn -0.6667 -0.6960 0.2667
vn -0.6861 -0.7275 0.0000
vn 0.3431 -0.7275 0.5942
vn 0.1022 -0.6956 0.7111
vn 0.3463 -0.7211 0.6001
vn 0.3469 -0.7210 0.5999
vn 0.1240 -0.6992 0.7041
vn 0.3440 -0.7262 0.5952
vn -0.6875 -0.7262 0.0003
vn -0.6712 -0.6994 0.2456
vn -0.6930 -0.7210 0.0005
vn -0.5693 -0.6457 0.5088
vn 0.3387 -0.7358 0.5864
vn -0.1337 -0.6493 0.7487
vn -0.6782 -0.7349 0.0003
vn -0.3919 -0.6211 0.6787
vn 0.3376 -0.7380 0.5842
vn -0.3913 -0.6215 0.6788
vn -0.6748 -0.7380 0.0002
vn -0.1563 -0.6453 0.7477
vn 0.3394 -0.7349 0.5872
vn -0.5807 -0.6495 0.4909
vn -0.6772 -0.7358 0.0001
vn -0.8483 0.4196 0.3231
vn -0.6922 0.4008 0.6002
vn -0.6701 0.4671 0.5768
vn -0.8364 0.4489 0.3146
vn -0.4596 0.3918 0.7970
vn -0.4397 0.4751 0.7622
vn -0.1728 0.4005 0.8999
vn -0.1638 0.4673 0.8688
vn 0.1452 0.4193 0.8961
vn 0.1464 0.4491 0.8814
vn -0.6619 0.4881 0.5689
vn -0.8323 0.4582 0.3120
vn -0.4324 0.5014 0.7494
vn -0.1612 0.4884 0.8576
vn 0.1464 0.4586 0.8765
vn -0.6696 0.4688 0.5760
vn -0.8364 0.4494 0.3138
vn -0.4392 0.4775 0.7610
vn -0.1637 0.4690 0.8679
vn 0.1467 0.4497 0.8811
vn -0.6933 0.4053 0.5959
vn -0.8488 0.4223 0.3182
vn -0.4590 0.3964 0.7951
vn -0.1693 0.4051 0.8985
vn 0.1490 0.4221 0.8942
vn -0.9058 0.4237 0.0007
vn -0.8586 0.4025 0.3176
vn -0.9032 0.4292 0.0004
vn 0.4520 0.4292 0.7820
vn 0.1558 0.4020 0.9023
vn 0.4535 0.4237 0.7841
vn 0.4526 0.4238 0.7846
vn 0.1397 0.4001 0.9058
vn 0.4515 0.4300 0.7819
vn -0.9028 0.4300 0.0001
vn -0.8542 0.4008 0.3313
vn -0.9058 0.4238 -0.0003
vn -0.7107 0.3582 0.6055
vn 0.4498 0.4381 0.7783
vn -0.1824 0.3560 0.9165
vn -0.8987 0.4386 0.0002
vn -0.4704 0.3358 0.8161
vn 0.4489 0.4412 0.7770
vn -0.4711 0.3357 0.8157
vn -0.8974 0.4412 0.0003
vn -0.1677 0.3578 0.9186
vn 0.4495 0.4386 0.7782
vn -0.7026 0.3566 0.6158
vn -0.8989 0.4381 0.0004
vn -0.2119 0.9738 0.0829
vn -0.1825 0.9699 0.1615
vn -0.1515 0.9799 0.1295
vn -0.1955 0.9780 0.0727
vn -0.1257 0.9679 0.2178
vn -0.0978 0.9807 0.1693
vn -0.0486 0.9699 0.2388
vn -0.0364 0.9799 0.1960
vn 0.0342 0.9738 0.2249
vn 0.0348 0.9780 0.2056
vn -0.1431 0.9822 0.1217
vn -0.1908 0.9791 0.0701
vn -0.0907 0.9834 0.1571
vn -0.0339 0.9822 0.1848
vn 0.0348 0.9791 0.2003
vn -0.1500 0.9803 0.1283
vn -0.1950 0.9782 0.0721
vn -0.0965 0.9812 0.1671
vn -0.0361 0.9803 0.1941
vn 0.0351 0.9782 0.2049
vn -0.1789 0.9718 0.1534
vn -0.2092 0.9747 0.0783
vn -0.1217 0.9699 0.2109
vn -0.0434 0.9718 0.2316
vn 0.0368 0.9747 0.2203
vn -0.2228 0.9749 0.0000
vn -0.2219 0.9717 0.0810
vn -0.2198 0.9756 -0.0000
vn 0.1099 0.9756 0.1903
vn 0.0408 0.9717 0.2327
vn 0.1114 0.9749 0.1930
vn 0.1114 0.9749 0.1929
vn 0.0319 0.9710 0.2371
vn 0.1094 0.9758 0.1895
vn -0.2188 0.9758 0.0000
vn -0.2213 0.9710 0.0909
vn -0.2227 0.9749 0.0000
vn -0.2051 0.9634 0.1729
vn 0.1072 0.9767 0.1857
vn -0.0583 0.9623 0.2656
vn -0.2138 0.9769 0.0000
vn -0.1436 0.9579 0.2487
vn 0.1062 0.9772 0.1840
vn -0.1437 0.9578 0.2489
vn -0.2125 0.9772 -0.0000
vn -0.0472 0.9634 0.2640
vn 0.1069 0.9769 0.1852
vn -0.2008 0.9623 0.1833
vn -0.2144 0.9767 -0.0000
vn -0.8333 -0.4562 0.3122
vn -0.6818 -0.4383 0.5857
vn -0.6547 -0.5045 0.5629
vn -0.8191 -0.4845 0.3070
vn -0.4516 -0.4291 0.7823
vn -0.4291 -0.5133 0.7432
vn -0.1664 -0.4383 0.8833
vn -0.1601 -0.5045 0.8484
vn 0.1463 -0.4562 0.8778
vn 0.1437 -0.4845 0.8629
vn -0.6461 -0.5243 0.5547
vn -0.8145 -0.4936 0.3048
vn -0.4216 -0.5377 0.7302
vn -0.1573 -0.5243 0.8369
vn 0.1433 -0.4936 0.8578
vn -0.6555 -0.5026 0.5636
vn -0.8193 -0.4839 0.3077
vn -0.4299 -0.5107 0.7446
vn -0.1604 -0.5026 0.8495
vn 0.1432 -0.4839 0.8633
vn -0.6811 -0.4332 0.5903
vn -0.8331 -0.4531 0.3173
vn -0.4529 -0.4238 0.7844
vn -0.1707 -0.4332 0.8850
vn 0.1418 -0.4531 0.8801
vn -0.8891 -0.4577 0.0000
vn -0.8399 -0.4333 0.3269
vn -0.8857 -0.4642 0.0000
vn 0.4429 -0.4642 0.7670
vn 0.1368 -0.4333 0.8908
vn 0.4445 -0.4577 0.7700
vn 0.4446 -0.4577 0.7700
vn 0.1528 -0.4353 0.8872
vn 0.4431 -0.4634 0.7674
vn -0.8861 -0.4634 -0.0000
vn -0.8447 -0.4353 0.3113
vn -0.6928 -0.3868 0.6086
vn 0.4405 -0.4732 0.7629
vn -0.1657 -0.3888 0.9063
vn -0.8813 -0.4726 0.0000
vn -0.4655 -0.3651 0.8062
vn 0.4398 -0.4759 0.7617
vn -0.4655 -0.3652 0.8062
vn -0.8795 -0.4759 0.0000
vn -0.1806 -0.3868 0.9043
vn 0.4406 -0.4726 0.7632
vn -0.7020 -0.3888 0.5967
vn -0.8810 -0.4732 0.0000
vn -0.3859 0.9106 0.1481
vn -0.3295 0.8992 0.2879
vn -0.2807 0.9299 0.2377
vn -0.3599 0.9236 0.1318
vn -0.2246 0.8934 0.3890
vn -0.1807 0.9324 0.3130
vn -0.0846 0.8992 0.4293
vn -0.0655 0.9299 0.3619
vn 0.0647 0.9106 0.4083
vn 0.0658 0.9236 0.3776
vn -0.2656 0.9372 0.2261
vn -0.3515 0.9272 0.1293
vn -0.1689 0.9412 0.2926
vn -0.0630 0.9372 0.3430
vn 0.0637 0.9272 0.3691
vn -0.2758 0.9310 0.2389
vn -0.3573 0.9242 0.1349
vn -0.1788 0.9338 0.3097
vn -0.0690 0.9310 0.3583
vn 0.0618 0.9242 0.3769
vn -0.3220 0.9044 0.2799
vn -0.3803 0.9133 0.1456
vn -0.2192 0.8988 0.3797
vn -0.0814 0.9044 0.4188
vn 0.0641 0.9133 0.4021
vn -0.4065 0.9137 0.0000
vn -0.4021 0.9040 0.1452
vn -0.4016 0.9158 0.0000
vn 0.2008 0.9158 0.3478
vn 0.0753 0.9040 0.4208
vn 0.2032 0.9137 0.3520
vn 0.2031 0.9138 0.3517
vn 0.0561 0.9018 0.4286
vn 0.1998 0.9167 0.3460
vn -0.3996 0.9167 0.0000
vn -0.3992 0.9018 0.1657
vn -0.4061 0.9138 0.0000
vn -0.3650 0.8794 0.3057
vn 0.1965 0.9195 0.3404
vn -0.1042 0.8763 0.4704
vn -0.3915 0.9202 0.0000
vn -0.2519 0.8639 0.4363
vn 0.1948 0.9210 0.3375
vn -0.2523 0.8634 0.4370
vn -0.3897 0.9210 0.0000
vn -0.0823 0.8794 0.4689
vn 0.1958 0.9202 0.3391
vn -0.3553 0.8763 0.3254
vn -0.3931 0.9195 0.0000
vn -0.9347 -0.0504 0.3517
vn -0.7569 -0.0479 0.6518
vn -0.7564 -0.0575 0.6516
vn -0.9345 -0.0546 0.3519
vn -0.4995 -0.0468 0.8651
vn -0.4991 -0.0588 0.8645
vn -0.1860 -0.0479 0.9814
vn -0.1861 -0.0575 0.9808
vn 0.1627 -0.0504 0.9854
vn 0.1625 -0.0546 0.9852
vn -0.7562 -0.0607 0.6515
vn -0.9344 -0.0560 0.3519
vn -0.4990 -0.0628 0.8643
vn -0.1861 -0.0607 0.9807
vn 0.1624 -0.0560 0.9851
vn -0.7563 -0.0575 0.6516
vn -0.9344 -0.0546 0.3520
vn -0.1862 -0.0575 0.9808
vn 0.1624 -0.0546 0.9852
vn -0.7566 -0.0479 0.6521
vn -0.9345 -0.0503 0.3523
vn -0.4995 -0.0467 0.8651
vn -0.1865 -0.0479 0.9813
vn 0.1622 -0.0503 0.9855
vn -0.9987 -0.0507 0.0000
vn -0.9344 -0.0476 0.3530
vn -0.9987 -0.0516 0.0000
vn 0.4993 -0.0516 0.8649
vn 0.1615 -0.0476 0.9857
vn 0.4994 -0.0507 0.8649
vn 0.1634 -0.0476 0.9854
vn -0.9351 -0.0476 0.3512
vn -0.7564 -0.0415 0.6528
vn 0.4993 -0.0529 0.8648
vn -0.1855 -0.0415 0.9818
vn -0.9986 -0.0529 0.0000
vn -0.4996 -0.0387 0.8654
vn 0.4993 -0.0533 0.8648
vn -0.9986 -0.0533 0.0000
vn -0.1872 -0.0415 0.9815
vn -0.7575 -0.0415 0.6515
vn -0.5100 -0.8387 0.1911
vn -0.4289 -0.8249 0.3683
vn -0.3762 -0.8686 0.3226
vn -0.4834 -0.8567 0.1798
vn -0.2887 -0.8164 0.5001
vn -0.2434 -0.8735 0.4216
vn -0.1045 -0.8248 0.5556
vn -0.0913 -0.8686 0.4871
vn 0.0895 -0.8387 0.5372
vn 0.0860 -0.8567 0.5085
vn -0.3625 -0.8793 0.3091
vn -0.4755 -0.8620 0.1756
vn -0.2316 -0.8862 0.4012
vn -0.0865 -0.8793 0.4684
vn 0.0857 -0.8620 0.4996
vn -0.3791 -0.8667 0.3242
vn -0.4844 -0.8561 0.1803
vn -0.2456 -0.8710 0.4254
vn -0.0912 -0.8667 0.4904
vn 0.0860 -0.8561 0.5097
vn -0.4334 -0.8171 0.3800
vn -0.5138 -0.8346 0.1988
vn -0.2942 -0.8085 0.5096
vn -0.1124 -0.8172 0.5654
vn 0.0847 -0.8346 0.5443
vn -0.5434 -0.8395 0.0000
vn -0.5298 -0.8205 0.2145
vn -0.5363 -0.8440 0.0000
vn 0.2681 -0.8440 0.4644
vn 0.0791 -0.8205 0.5661
vn 0.2717 -0.8395 0.4706
vn 0.2718 -0.8393 0.4708
vn 0.0981 -0.8236 0.5587
vn 0.2690 -0.8430 0.4658
vn -0.5379 -0.8430 -0.0000
vn -0.5329 -0.8236 0.1944
vn -0.5436 -0.8393 -0.0000
vn -0.4635 -0.7814 0.4178
vn 0.2635 -0.8498 0.4564
vn -0.1090 -0.7851 0.6097
vn -0.5281 -0.8492 0.0000
vn -0.3239 -0.7619 0.5610
vn 0.2623 -0.8514 0.4542
vn -0.3237 -0.7621 0.5607
vn -0.5245 -0.8514 0.0000
vn -0.1301 -0.7814 0.6103
vn 0.2641 -0.8492 0.4574
vn -0.4735 -0.7851 0.3993
vn -0.5271 -0.8498 -0.0000
vn -0.4465 0.8778 0.1734
vn -0.3787 0.8635 0.3331
vn -0.3263 0.9031 0.2792
vn -0.4182 0.8949 0.1558
vn -0.2582 0.8563 0.4472
vn -0.2112 0.9064 0.3658
vn -0.0991 0.8635 0.4945
vn -0.0786 0.9031 0.4222
vn 0.0730 0.8778 0.4734
vn 0.0742 0.8949 0.4401
vn -0.3109 0.9128 0.2649
vn -0.4099 0.8995 0.1511
vn -0.1982 0.9181 0.3432
vn -0.0740 0.9128 0.4017
vn 0.0741 0.8995 0.4305
vn -0.3238 0.9046 0.2773
vn -0.4174 0.8954 0.1548
vn -0.2090 0.9084 0.3621
vn -0.0782 0.9046 0.4190
vn 0.0746 0.8954 0.4389
vn -0.3741 0.8701 0.3209
vn -0.4427 0.8813 0.1656
vn -0.2525 0.8631 0.4373
vn -0.0909 0.8701 0.4844
vn 0.0779 0.8813 0.4662
vn -0.4716 0.8818 -0.0000
vn -0.4644 0.8692 0.1695
vn -0.4662 0.8847 -0.0000
vn 0.2331 0.8847 0.4038
vn 0.0854 0.8692 0.4870
vn 0.2358 0.8818 0.4085
vn 0.2358 0.8819 0.4083
vn 0.0684 0.8666 0.4942
vn 0.2323 0.8855 0.4024
vn -0.4646 0.8855 -0.0000
vn -0.4622 0.8666 0.1878
vn -0.4715 0.8819 0.0000
vn -0.4173 0.8379 0.3519
vn 0.2285 0.8895 0.3957
vn -0.1157 0.8346 0.5386
vn -0.4559 0.8900 -0.0000
vn -0.2872 0.8186 0.4974
vn 0.2267 0.8913 0.3927
vn -0.2873 0.8184 0.4977
vn -0.4535 0.8913 0.0000
vn -0.0961 0.8379 0.5373
vn 0.2279 0.8900 0.3948
vn -0.4086 0.8346 0.3695
vn -0.4569 0.8895 0.0000
vn -0.9358 0.0129 0.3524
vn -0.7576 0.0122 0.6526
vn -0.7576 0.0147 0.6526
vn -0.9358 0.0139 0.3523
vn -0.5000 0.0119 0.8660
vn -0.4999 0.0150 0.8659
vn -0.1864 0.0122 0.9824
vn -0.1864 0.0147 0.9824
vn 0.1627 0.0129 0.9866
vn 0.1627 0.0139 0.9866
vn -0.7575 0.0155 0.6526
vn -0.9357 0.0143 0.3524
vn -0.4999 0.0161 0.8659
vn -0.1864 0.0155 0.9823
vn 0.1627 0.0143 0.9866
vn -0.7575 0.0147 0.6527
vn -0.9357 0.0139 0.3525
vn -0.1865 0.0147 0.9823
vn 0.1626 0.0139 0.9866
vn -0.7575 0.0122 0.6527
vn -0.9357 0.0129 0.3525
vn -0.1865 0.0122 0.9824
vn 0.1626 0.0129 0.9866
vn -0.9999 0.0130 0.0000
vn -0.9359 0.0122 0.3521
vn -0.9999 0.0132 0.0000
vn 0.5000 0.0132 0.8659
vn 0.1630 0.0122 0.9866
vn 0.5000 0.0130 0.8660
vn 0.1623 0.0122 0.9867
vn -0.9356 0.0122 0.3528
vn -0.7578 0.0106 0.6525
vn 0.5000 0.0135 0.8659
vn -0.1867 0.0106 0.9824
vn -0.9999 0.0135 -0.0000
vn -0.5000 0.0099 0.8660
vn 0.5000 0.0136 0.8659
vn -0.9999 0.0136 -0.0000
vn -0.1862 0.0106 0.9825
vn -0.7574 0.0106 0.6529
vn -0.8497 -0.4158 0.3244
vn -0.6922 -0.3987 0.6016
vn -0.6693 -0.4617 0.5821
vn -0.8377 -0.4427 0.3199
vn -0.4600 -0.3897 0.7978
vn -0.4403 -0.4703 0.7648
vn -0.1739 -0.3983 0.9006
vn -0.1674 -0.4620 0.8709
vn 0.1448 -0.4154 0.8980
vn 0.1438 -0.4431 0.8849
vn -0.6642 -0.4809 0.5724
vn -0.8352 -0.4512 0.3145
vn -0.4334 -0.4942 0.7536
vn -0.1606 -0.4814 0.8616
vn 0.1482 -0.4518 0.8797
vn -0.6741 -0.4601 0.5778
vn -0.8404 -0.4419 0.3139
vn -0.4402 -0.4682 0.7662
vn -0.1595 -0.4605 0.8732
vn 0.1523 -0.4422 0.8839
vn -0.6953 -0.3946 0.6008
vn -0.8517 -0.4131 0.3224
vn -0.4592 -0.3856 0.8003
vn -0.1679 -0.3942 0.9036
vn 0.1515 -0.4127 0.8982
vn -0.9088 -0.4172 -0.0004
vn -0.8554 -0.3945 0.3357
vn -0.9059 -0.4235 0.0004
vn 0.4533 -0.4235 0.7843
vn 0.1366 -0.3933 0.9092
vn 0.4541 -0.4172 0.7872
vn 0.4571 -0.4170 0.7856
vn 0.1611 -0.3956 0.9042
vn 0.4553 -0.4224 0.7837
vn -0.9064 -0.4224 0.0025
vn -0.8613 -0.3962 0.3182
vn -0.9089 -0.4170 0.0030
vn -0.7020 -0.3507 0.6198
vn 0.4517 -0.4321 0.7805
vn -0.1634 -0.3519 0.9217
vn -0.9023 -0.4311 0.0021
vn -0.4720 -0.3298 0.8176
vn 0.4517 -0.4345 0.7792
vn -0.4694 -0.3303 0.8189
vn -0.9007 -0.4345 0.0016
vn -0.1860 -0.3496 0.9183
vn 0.4530 -0.4311 0.7804
vn -0.7125 -0.3526 0.6067
vn -0.9018 -0.4321 0.0010
vn -0.4091 -0.8991 0.1559
vn -0.3458 -0.8891 0.2999
vn -0.2975 -0.9195 0.2571
vn -0.3848 -0.9116 0.1447
vn -0.2339 -0.8829 0.4071
vn -0.1922 -0.9227 0.3343
vn -0.0847 -0.8893 0.4494
vn -0.0726 -0.9193 0.3867
vn 0.0716 -0.8992 0.4316
vn 0.0686 -0.9114 0.4057
vn -0.2860 -0.9266 0.2442
vn -0.3781 -0.9151 0.1398
vn -0.1820 -0.9311 0.3162
vn -0.0676 -0.9264 0.3705
vn 0.0691 -0.9149 0.3978
vn -0.3015 -0.9182 0.2571
vn -0.3867 -0.9110 0.1431
vn -0.1945 -0.9210 0.3376
vn -0.0712 -0.9181 0.3900
vn 0.0700 -0.9109 0.4067
vn -0.3526 -0.8832 0.3093
vn -0.4143 -0.8959 0.1601
vn -0.2402 -0.8769 0.4164
vn -0.0911 -0.8835 0.4596
vn 0.0687 -0.8962 0.4383
vn -0.4366 -0.8997 0.0018
vn -0.4286 -0.8858 0.1779
vn -0.4299 -0.9029 0.0011
vn 0.2159 -0.9029 0.3717
vn 0.0636 -0.8866 0.4582
vn 0.2198 -0.8997 0.3772
vn 0.2181 -0.8995 0.3785
vn 0.0796 -0.8887 0.4515
vn 0.2160 -0.9020 0.3738
vn -0.4317 -0.9020 0.0001
vn -0.4316 -0.8884 0.1563
vn -0.4368 -0.8995 -0.0003
vn -0.3797 -0.8572 0.3480
vn 0.2114 -0.9069 0.3646
vn -0.0891 -0.8610 0.5007
vn -0.4227 -0.9063 0.0003
vn -0.2672 -0.8432 0.4665
vn 0.2101 -0.9078 0.3629
vn -0.2689 -0.8435 0.4649
vn -0.4193 -0.9078 0.0005
vn -0.1076 -0.8581 0.5021
vn 0.2116 -0.9063 0.3660
vn -0.3901 -0.8606 0.3273
vn -0.4214 -0.9069 0.0008
vn -0.8007 0.5157 0.3049
vn -0.6569 0.4942 0.5694
vn -0.6250 0.5672 0.5363
vn -0.7834 0.5480 0.2933
vn -0.4375 0.4840 0.7578
vn -0.4090 0.5753 0.7083
vn -0.1647 0.4942 0.8536
vn -0.1520 0.5672 0.8095
vn 0.1363 0.5157 0.8459
vn 0.1377 0.5480 0.8251
vn -0.6132 0.5894 0.5259
vn -0.7773 0.5581 0.2904
vn -0.3989 0.6030 0.6909
vn -0.1488 0.5894 0.7940
vn 0.1372 0.5581 0.8184
vn -0.6231 0.5693 0.5362
vn -0.7827 0.5488 0.2937
vn -0.4079 0.5784 0.7065
vn -0.1528 0.5693 0.8078
vn 0.1370 0.5488 0.8247
vn -0.6563 0.5004 0.5647
vn -0.8000 0.5194 0.3005
vn -0.4358 0.4903 0.7548
vn -0.1608 0.5004 0.8507
vn 0.1398 0.5194 0.8430
vn -0.8537 0.5208 -0.0000
vn -0.8144 0.4973 0.2990
vn -0.8500 0.5267 0.0000
vn 0.4250 0.5267 0.7362
vn 0.1483 0.4973 0.8548
vn 0.4269 0.5208 0.7393
vn 0.4268 0.5209 0.7393
vn 0.1297 0.4948 0.8593
vn 0.4247 0.5278 0.7356
vn -0.8494 0.5278 0.0000
vn -0.8090 0.4948 0.3173
vn -0.8536 0.5209 0.0000
vn -0.6821 0.4474 0.5783
vn 0.4220 0.5364 0.7309
vn -0.1774 0.4449 0.8778
vn -0.8435 0.5371 -0.0000
vn -0.4534 0.4217 0.7853
vn 0.4209 0.5398 0.7290
vn -0.4534 0.4214 0.7854
vn -0.8418 0.5398 -0.0000
vn -0.1598 0.4474 0.8799
vn 0.4218 0.5371 0.7305
vn -0.6715 0.4449 0.5925
vn -0.8440 0.5364 0.0000
vn 0.3750 0.9157 -0.1444
vn 0.3202 0.9049 -0.2804
vn 0.2722 0.9341 -0.2310
vn 0.3493 0.9282 -0.1284
vn 0.2186 0.8994 -0.3786
vn 0.1754 0.9364 -0.3038
vn 0.0827 0.9049 -0.4175
vn 0.0640 0.9341 -0.3513
vn -0.0624 0.9157 -0.3969
vn -0.0634 0.9282 -0.3667
vn 0.2577 0.9410 -0.2194
vn 0.3413 0.9315 -0.1255
vn 0.1639 0.9448 -0.2838
vn 0.0611 0.9410 -0.3329
vn -0.0619 0.9315 -0.3583
vn 0.2681 0.9352 -0.2315
vn 0.3472 0.9287 -0.1304
vn 0.1735 0.9378 -0.3006
vn 0.0664 0.9352 -0.3479
vn -0.0607 0.9287 -0.3659
vn 0.3135 0.9099 -0.2716
vn 0.3698 0.9184 -0.1407
vn 0.2132 0.9045 -0.3692
vn 0.0784 0.9099 -0.4073
vn -0.0631 0.9184 -0.3907
vn 0.3950 0.9187 0.0000
vn 0.3909 0.9095 -0.1415
vn 0.3902 0.9207 -0.0000
vn -0.1951 0.9207 -0.3379
vn -0.0729 0.9095 -0.4093
vn -0.1975 0.9187 -0.3421
vn -0.1973 0.9188 -0.3418
vn -0.0552 0.9074 -0.4166
vn -0.1941 0.9215 -0.3363
vn 0.3883 0.9215 0.0000
vn 0.3884 0.9074 -0.1605
vn 0.3947 0.9188 -0.0000
vn 0.3552 0.8860 -0.2980
vn -0.1909 0.9243 -0.3306
vn 0.1009 0.8831 -0.4581
vn 0.3804 0.9248 0.0000
vn 0.2455 0.8712 -0.4252
vn -0.1892 0.9256 -0.3278
vn 0.2458 0.8708 -0.4258
vn 0.3785 0.9256 0.0000
vn 0.0805 0.8860 -0.4566
vn -0.1902 0.9248 -0.3294
vn 0.3463 0.8831 -0.3165
vn 0.3818 0.9242 0.0000
vn -0.9067 0.2473 0.3417
vn -0.7363 0.2354 0.6343
vn -0.7283 0.2800 0.6254
vn -0.9024 0.2670 0.3382
vn -0.4866 0.2298 0.8428
vn -0.4791 0.2858 0.8299
vn -0.1812 0.2354 0.9549
vn -0.1775 0.2800 0.9434
vn 0.1574 0.2473 0.9561
vn 0.1583 0.2670 0.9506
vn -0.7243 0.2947 0.6233
vn -0.9004 0.2735 0.3384
vn -0.4763 0.3043 0.8250
vn -0.1776 0.2947 0.9389
vn 0.1571 0.2735 0.9490
vn -0.7265 0.2807 0.6272
vn -0.9015 0.2673 0.3405
vn -0.4790 0.2868 0.8297
vn -0.1799 0.2807 0.9428
vn 0.1559 0.2673 0.9509
vn -0.7356 0.2371 0.6346
vn -0.9063 0.2484 0.3419
vn -0.4864 0.2315 0.8425
vn -0.1818 0.2371 0.9543
vn 0.1570 0.2484 0.9558
vn -0.9683 0.2496 -0.0000
vn -0.9114 0.2352 0.3377
vn -0.9673 0.2535 -0.0000
vn 0.4837 0.2535 0.8377
vn 0.1633 0.2352 0.9581
vn 0.4842 0.2496 0.8386
vn 0.4842 0.2497 0.8386
vn 0.1517 0.2345 0.9602
vn 0.4836 0.2538 0.8377
vn -0.9672 0.2538 0.0000
vn -0.9074 0.2345 0.3487
vn -0.9683 0.2497 0.0000
vn -0.7444 0.2066 0.6350
vn 0.4829 0.2594 0.8364
vn -0.1881 0.2059 0.9603
vn -0.9657 0.2598 0.0000
vn -0.4906 0.1928 0.8498
vn 0.4826 0.2616 0.8359
vn -0.4906 0.1927 0.8498
vn -0.9652 0.2616 0.0000
vn -0.1777 0.2066 0.9621
vn 0.4828 0.2598 0.8363
vn -0.7376 0.2059 0.6431
vn -0.9658 0.2594 0.0000
vn -0.6897 0.6755 0.2608
vn -0.5732 0.6529 0.4951
vn -0.5259 0.7239 0.4465
vn -0.6640 0.7067 0.2443
vn -0.3834 0.6419 0.6640
vn -0.3411 0.7311 0.5909
vn -0.1422 0.6529 0.7440
vn -0.1237 0.7239 0.6787
vn 0.1190 0.6755 0.7277
vn 0.1204 0.7067 0.6972
vn -0.5079 0.7439 0.4343
vn -0.6543 0.7161 0.2431
vn -0.3275 0.7555 0.5673
vn -0.1222 0.7439 0.6571
vn 0.1166 0.7161 0.6882
vn -0.5190 0.7263 0.4507
vn -0.6602 0.7079 0.2511
vn -0.3395 0.7342 0.5880
vn -0.1308 0.7263 0.6748
vn 0.1127 0.7079 0.6973
vn -0.5661 0.6608 0.4928
vn -0.6844 0.6803 0.2622
vn -0.3800 0.6499 0.6582
vn -0.1437 0.6608 0.7367
vn 0.1151 0.6803 0.7238
vn -0.7321 0.6812 0.0000
vn -0.7075 0.6586 0.2561
vn -0.7269 0.6867 0.0000
vn 0.3635 0.6867 0.6296
vn 0.1319 0.6586 0.7408
vn 0.3660 0.6812 0.6340
vn 0.3658 0.6816 0.6337
vn 0.1049 0.6550 0.7483
vn 0.3626 0.6885 0.6280
vn -0.7252 0.6885 0.0000
vn -0.7005 0.6550 0.2833
vn -0.7317 0.6816 0.0000
vn -0.6083 0.6073 0.5110
vn 0.3591 0.6958 0.6220
vn -0.1653 0.6030 0.7804
vn -0.7168 0.6973 -0.0000
vn -0.4077 0.5789 0.7061
vn 0.3574 0.6994 0.6190
vn -0.4080 0.5781 0.7066
vn -0.7147 0.6994 0.0000
vn -0.1384 0.6073 0.7823
vn 0.3584 0.6973 0.6208
vn -0.5932 0.6030 0.5334
vn -0.7182 0.6958 0.0000
vn -0.3939 0.9075 0.1460
vn -0.3374 0.8959 0.2889
vn -0.2885 0.9274 0.2382
vn -0.3681 0.9207 0.1295
vn -0.2281 0.8899 0.3950
vn -0.1837 0.9300 0.3182
vn -0.0815 0.8959 0.4367
vn -0.0621 0.9274 0.3690
vn 0.0705 0.9075 0.4142
vn 0.0719 0.9207 0.3835
vn -0.2702 0.9349 0.2301
vn -0.3574 0.9246 0.1318
vn -0.1720 0.9390 0.2978
vn -0.0642 0.9349 0.3491
vn 0.0646 0.9246 0.3754
vn -0.2753 0.9283 0.2497
vn -0.3593 0.9217 0.1462
vn -0.1824 0.9311 0.3159
vn -0.0786 0.9283 0.3633
vn 0.0531 0.9217 0.3842
vn -0.3194 0.9001 0.2963
vn -0.3806 0.9103 0.1625
vn -0.2239 0.8941 0.3879
vn -0.0969 0.9001 0.4247
vn 0.0496 0.9103 0.4109
vn -0.4135 0.9105 0.0000
vn -0.4096 0.9008 0.1445
vn -0.4088 0.9126 0.0000
vn 0.2044 0.9126 0.3540
vn 0.0796 0.9007 0.4270
vn 0.2068 0.9105 0.3581
vn 0.2060 0.9112 0.3568
vn 0.0416 0.8976 0.4389
vn 0.2022 0.9145 0.3503
vn -0.4045 0.9145 -0.0000
vn -0.4009 0.8975 0.1834
vn -0.4120 0.9112 -0.0000
vn -0.3723 0.8756 0.3076
vn 0.2002 0.9163 0.3468
vn -0.1195 0.8707 0.4770
vn -0.3967 0.9179 0.0000
vn -0.2554 0.8597 0.4424
vn 0.1981 0.9181 0.3432
vn -0.2569 0.8579 0.4450
vn -0.3963 0.9181 0.0000
vn -0.0802 0.8756 0.4763
vn 0.1984 0.9179 0.3436
vn -0.3533 0.8707 0.3420
vn -0.4004 0.9163 0.0000
vn -0.6150 -0.7494 0.2454
vn -0.5095 -0.7307 0.4544
vn -0.4596 -0.7896 0.4065
vn -0.5897 -0.7739 0.2308
vn -0.3469 -0.7201 0.6009
vn -0.3025 -0.7962 0.5239
vn -0.1388 -0.7307 0.6685
vn -0.1222 -0.7896 0.6013
vn 0.0950 -0.7494 0.6553
vn 0.0949 -0.7739 0.6261
vn -0.4513 -0.8048 0.3854
vn -0.5858 -0.7808 0.2172
vn -0.2899 -0.8148 0.5021
vn -0.1081 -0.8048 0.5836
vn 0.1048 -0.7808 0.6159
vn -0.4724 -0.7875 0.3958
vn -0.5976 -0.7724 0.2153
vn -0.3041 -0.7937 0.5268
vn -0.1066 -0.7875 0.6070
vn 0.1124 -0.7724 0.6252
vn -0.5243 -0.7233 0.4494
vn -0.6256 -0.7445 0.2333
vn -0.3507 -0.7127 0.6075
vn -0.1270 -0.7233 0.6788
vn 0.1108 -0.7445 0.6584
vn -0.6607 -0.7507 0.0000
vn -0.6344 -0.7254 0.2671
vn -0.6532 -0.7572 0.0000
vn 0.3266 -0.7572 0.5657
vn 0.0859 -0.7254 0.6830
vn 0.3303 -0.7507 0.5722
vn 0.3308 -0.7499 0.5729
vn 0.1228 -0.7297 0.6727
vn 0.3281 -0.7546 0.5682
vn -0.6561 -0.7546 0.0000
vn -0.6440 -0.7297 0.2300
vn -0.6615 -0.7499 0.0000
vn -0.5418 -0.6763 0.4990
vn 0.3221 -0.7649 0.5578
vn -0.1244 -0.6819 0.7208
vn -0.6468 -0.7627 0.0000
vn -0.3787 -0.6529 0.6560
vn 0.3213 -0.7662 0.5565
vn -0.3780 -0.6545 0.6548
vn -0.6426 -0.7662 0.0000
vn -0.1613 -0.6763 0.7187
vn 0.3234 -0.7627 0.5601
vn -0.5620 -0.6819 0.4681
vn -0.6441 -0.7649 0.0000
vn -0.8970 -0.2807 0.3415
vn -0.7276 -0.2681 0.6314
vn -0.7162 -0.3160 0.6223
vn -0.8909 -0.3012 0.3399
vn -0.4820 -0.2616 0.8362
vn -0.4721 -0.3228 0.8203
vn -0.1818 -0.2677 0.9462
vn -0.1784 -0.3164 0.9317
vn 0.1538 -0.2803 0.9475
vn 0.1534 -0.3017 0.9410
vn -0.7141 -0.3312 0.6167
vn -0.8900 -0.3079 0.3363
vn -0.4683 -0.3420 0.8147
vn -0.1735 -0.3319 0.9272
vn 0.1573 -0.3086 0.9381
vn -0.7196 -0.3152 0.6187
vn -0.8929 -0.3008 0.3351
vn -0.4714 -0.3217 0.8211
vn -0.1714 -0.3156 0.9333
vn 0.1610 -0.3012 0.9399
vn -0.7294 -0.2661 0.6302
vn -0.8980 -0.2794 0.3398
vn -0.4804 -0.2596 0.8378
vn -0.1754 -0.2657 0.9480
vn 0.1605 -0.2790 0.9468
vn -0.9594 -0.2819 -0.0004
vn -0.8991 -0.2655 0.3480
vn -0.9580 -0.2866 0.0005
vn 0.4794 -0.2866 0.8295
vn 0.1477 -0.2643 0.9531
vn 0.4794 -0.2819 0.8311
vn 0.4828 -0.2818 0.8291
vn 0.1672 -0.2655 0.9495
vn 0.4817 -0.2860 0.8284
vn -0.9582 -0.2860 0.0030
vn -0.9032 -0.2663 0.3365
vn -0.9595 -0.2818 0.0036
vn -0.7315 -0.2336 0.6406
vn 0.4790 -0.2932 0.8274
vn -0.1716 -0.2337 0.9571
vn -0.9562 -0.2926 0.0025
vn -0.4879 -0.2183 0.8452
vn 0.4793 -0.2951 0.8265
vn -0.4849 -0.2185 0.8468
vn -0.9555 -0.2951 0.0018
vn -0.1892 -0.2324 0.9540
vn 0.4803 -0.2926 0.8269
vn -0.7384 -0.2345 0.6323
vn -0.9561 -0.2931 0.0011
vn -0.8127 0.4961 0.3057
vn -0.6668 0.4753 0.5740
vn -0.6379 0.5467 0.5424
vn -0.7972 0.5273 0.2941
vn -0.4406 0.4650 0.7679
vn -0.4147 0.5552 0.7209
vn -0.1591 0.4747 0.8656
vn -0.1480 0.5472 0.8238
vn 0.1464 0.4956 0.8561
vn 0.1469 0.5279 0.8365
vn -0.6241 0.5686 0.5359
vn -0.7898 0.5373 0.2958
vn -0.4060 0.5826 0.7041
vn -0.1511 0.5694 0.8080
vn 0.1396 0.5383 0.8311
vn -0.6299 0.5486 0.5498
vn -0.7925 0.5285 0.3043
vn -0.4156 0.5576 0.7186
vn -0.1624 0.5491 0.8198
vn 0.1310 0.5291 0.8384
vn -0.6608 0.4806 0.5765
vn -0.8085 0.4998 0.3107
vn -0.4430 0.4702 0.7633
vn -0.1730 0.4798 0.8601
vn 0.1307 0.4991 0.8567
vn -0.8656 0.5007 0.0034
vn -0.8246 0.4782 0.3023
vn -0.8623 0.5064 0.0024
vn 0.4333 0.5064 0.7456
vn 0.1572 0.4773 0.8645
vn 0.4357 0.5007 0.7480
vn 0.4291 0.5011 0.7515
vn 0.1212 0.4738 0.8723
vn 0.4285 0.5082 0.7471
vn -0.8612 0.5082 -0.0025
vn -0.8178 0.4760 0.3234
vn -0.8654 0.5011 -0.0042
vn -0.6890 0.4295 0.5838
vn 0.4298 0.5158 0.7411
vn -0.1884 0.4246 0.8855
vn -0.8557 0.5174 -0.0010
vn -0.4546 0.4038 0.7939
vn 0.4276 0.5196 0.7397
vn -0.4606 0.4029 0.7909
vn -0.8544 0.5196 0.0005
vn -0.1547 0.4285 0.8902
vn 0.4270 0.5174 0.7416
vn -0.6767 0.4268 0.5999
vn -0.8567 0.5158 0.0017
vn -0.2515 0.9636 0.0903
vn -0.2183 0.9584 0.1836
vn -0.1832 0.9720 0.1470
vn -0.2333 0.9692 0.0784
vn -0.1483 0.9556 0.2544
vn -0.1159 0.9732 0.1988
vn -0.0522 0.9584 0.2805
vn -0.0376 0.9720 0.2318
vn 0.0454 0.9636 0.2634
vn 0.0467 0.9692 0.2417
vn -0.1692 0.9751 0.1431
vn -0.2248 0.9709 0.0822
vn -0.1078 0.9768 0.1850
vn -0.0412 0.9751 0.2177
vn 0.0392 0.9709 0.2361
vn -0.1679 0.9723 0.1629
vn -0.2222 0.9697 0.1011
vn -0.1154 0.9734 0.1980
vn -0.0590 0.9723 0.2264
vn 0.0215 0.9697 0.2432
vn -0.1891 0.9575 0.2178
vn -0.2296 0.9631 0.1404
vn -0.1477 0.9560 0.2534
vn -0.0962 0.9575 0.2719
vn -0.0090 0.9631 0.2690
vn -0.2624 0.9650 -0.0011
vn -0.2622 0.9608 0.0900
vn -0.2592 0.9658 -0.0011
vn 0.1286 0.9658 0.2250
vn 0.0509 0.9608 0.2725
vn 0.1302 0.9650 0.2278
vn 0.1720 0.9656 0.1952
vn -0.0269 0.9556 0.2934
vn 0.1245 0.9680 0.2177
vn -0.2508 0.9680 -0.0011
vn -0.2282 0.9477 0.2232
vn -0.2551 0.9654 0.0541
vn -0.2431 0.9497 0.1974
vn 0.1258 0.9674 0.2199
vn -0.1049 0.9445 0.3114
vn -0.2484 0.9686 -0.0010
vn -0.1686 0.9423 0.2893
vn 0.1241 0.9683 0.2170
vn -0.1693 0.9391 0.2990
vn -0.2500 0.9683 -0.0010
vn -0.0520 0.9497 0.3089
vn 0.1233 0.9686 0.2157
vn -0.2047 0.9417 0.2670
vn -0.2534 0.9674 -0.0011
vn 0.7732 0.0000 0.6342
vn 0.9441 0.0000 0.3298
vn 1.0000 0.0000 0.0000
vn 0.9441 0.0000 -0.3298
vn 0.7732 0.0000 -0.6342
vn 0.5000 0.0000 -0.8660
vn 0.2210 0.9591 0.1768
vn 0.2866 0.9532 0.0960
vn 0.2346 0.9686 0.0829
vn 0.2004 0.9656 0.1657
vn 0.3114 0.9503 -0.0000
vn 0.2442 0.9697 -0.0000
vn 0.2866 0.9532 -0.0960
vn 0.2346 0.9686 -0.0829
vn 0.2210 0.9591 -0.1768
vn 0.2004 0.9656 -0.1657
vn 0.2212 0.9720 0.0788
vn 0.1948 0.9673 0.1625
vn 0.2269 0.9739 -0.0000
vn 0.2212 0.9720 -0.0788
vn 0.1948 0.9673 -0.1625
vn 0.2325 0.9691 0.0821
vn 0.1994 0.9658 0.1656
vn 0.2411 0.9705 -0.0000
vn 0.2325 0.9691 -0.0821
vn 0.1994 0.9658 -0.1656
vn 0.2762 0.9562 0.0972
vn 0.2146 0.9606 0.1769
vn 0.3021 0.9533 -0.0000
vn 0.2762 0.9562 -0.0972
vn 0.2146 0.9606 -0.1769
vn 0.2251 0.9559 0.1885
vn 0.1368 0.9618 -0.2370
vn 0.2251 0.9559 -0.1885
vn 0.1387 0.9608 -0.2402
vn 0.1386 0.9608 -0.2401
vn 0.2351 0.9548 -0.1817
vn 0.1363 0.9622 -0.2360
vn 0.2351 0.9548 0.1817
vn 0.3120 0.9434 0.1127
vn 0.1336 0.9636 -0.2314
vn 0.3202 0.9418 -0.1020
vn 0.3542 0.9352 0.0000
vn 0.1324 0.9643 -0.2293
vn 0.3544 0.9351 0.0000
vn 0.3120 0.9434 -0.1127
vn 0.1332 0.9638 -0.2308
vn 0.3202 0.9418 0.1020
vn 0.4983 -0.7633 0.4112
vn 0.6279 -0.7462 0.2212
vn 0.5626 -0.8025 0.1984
vn 0.4754 -0.7868 0.3936
vn 0.6768 -0.7362 0.0000
vn 0.5875 -0.8092 0.0000
vn 0.6279 -0.7462 -0.2212
vn 0.5626 -0.8025 -0.1984
vn 0.4983 -0.7633 -0.4112
vn 0.4754 -0.7868 -0.3936
vn 0.5436 -0.8170 0.1925
vn 0.4681 -0.7939 0.3882
vn 0.5630 -0.8265 0.0000
vn 0.5436 -0.8170 -0.1925
vn 0.4681 -0.7939 -0.3882
vn 0.5657 -0.8002 0.1989
vn 0.4771 -0.7860 0.3931
vn 0.5918 -0.8061 0.0000
vn 0.5657 -0.8002 -0.1989
vn 0.4771 -0.7860 -0.3931
vn 0.6393 -0.7376 0.2176
vn 0.5073 -0.7586 0.4089
vn 0.6863 -0.7274 -0.0000
vn 0.6393 -0.7376 -0.2176
vn 0.5073 -0.7586 -0.4089
vn 0.5280 -0.7408 0.4153
vn 0.3189 -0.7701 -0.5524
vn 0.5280 -0.7408 -0.4152
vn 0.3224 -0.7643 -0.5585
vn 0.3225 -0.7642 -0.5586
vn 0.5125 -0.7441 -0.4285
vn 0.3196 -0.7690 -0.5536
vn 0.5125 -0.7442 0.4284
vn 0.6846 -0.6934 0.2249
vn 0.3143 -0.7777 -0.5445
vn 0.6746 -0.6971 -0.2428
vn 0.7423 -0.6701 0.0000
vn 0.3130 -0.7798 -0.5421
vn 0.7421 -0.6703 -0.0000
vn 0.6846 -0.6934 -0.2249
vn 0.3148 -0.7770 -0.5452
vn 0.6746 -0.6972 0.2427
vn 0.7600 -0.1805 0.6244
vn 0.9298 -0.1721 0.3253
vn 0.9240 -0.2050 0.3229
vn 0.7582 -0.1948 0.6222
vn 0.9858 -0.1680 0.0000
vn 0.9778 -0.2096 0.0000
vn 0.9298 -0.1721 -0.3253
vn 0.9240 -0.2050 -0.3229
vn 0.7600 -0.1805 -0.6244
vn 0.7582 -0.1948 -0.6222
vn 0.9218 -0.2157 0.3223
vn 0.7574 -0.1996 0.6217
vn 0.9748 -0.2230 0.0000
vn 0.9218 -0.2157 -0.3223
vn 0.7574 -0.1996 -0.6217
vn 0.9240 -0.2046 0.3230
vn 0.7583 -0.1947 0.6222
vn 0.9779 -0.2090 0.0000
vn 0.9240 -0.2046 -0.3230
vn 0.7583 -0.1947 -0.6222
vn 0.9304 -0.1711 0.3242
vn 0.7612 -0.1799 0.6231
vn 0.9860 -0.1670 0.0000
vn 0.9304 -0.1711 -0.3242
vn 0.7612 -0.1799 -0.6231
vn 0.7643 -0.1703 0.6219
vn 0.4914 -0.1846 -0.8511
vn 0.7643 -0.1703 -0.6219
vn 0.4917 -0.1816 -0.8516
vn 0.7597 -0.1707 -0.6275
vn 0.4914 -0.1845 -0.8512
vn 0.7597 -0.1707 0.6275
vn 0.9346 -0.1491 0.3229
vn 0.4910 -0.1891 -0.8504
vn 0.9325 -0.1495 -0.3289
vn 0.9903 -0.1393 0.0000
vn 0.4908 -0.1905 -0.8502
vn 0.9902 -0.1393 0.0000
vn 0.9346 -0.1491 -0.3229
vn 0.4910 -0.1890 -0.8504
vn 0.9325 -0.1495 0.3289
vn 0.7052 0.4154 0.5746
vn 0.8674 0.3967 0.3004
vn 0.8366 0.4629 0.2930
vn 0.6921 0.4448 0.5685
vn 0.9217 0.3879 0.0000
vn 0.8823 0.4708 -0.0000
vn 0.8674 0.3967 -0.3004
vn 0.8366 0.4629 -0.2930
vn 0.7052 0.4154 -0.5746
vn 0.6921 0.4448 -0.5685
vn 0.8258 0.4839 0.2898
vn 0.6878 0.4541 0.5663
vn 0.8678 0.4970 -0.0000
vn 0.8258 0.4839 -0.2898
vn 0.6878 0.4541 -0.5663
vn 0.8357 0.4646 0.2928
vn 0.6915 0.4453 0.5688
vn 0.8810 0.4732 -0.0000
vn 0.8357 0.4646 -0.2928
vn 0.6915 0.4453 -0.5688
vn 0.8644 0.4012 0.3032
vn 0.7014 0.4181 0.5773
vn 0.9198 0.3924 0.0000
vn 0.8644 0.4012 -0.3032
vn 0.7014 0.4181 -0.5773
vn 0.7053 0.3983 0.5864
vn 0.4526 0.4251 -0.7839
vn 0.7053 0.3983 -0.5864
vn 0.4539 0.4196 -0.7861
vn 0.4538 0.4196 -0.7861
vn 0.7155 0.3965 -0.5752
vn 0.4524 0.4258 -0.7836
vn 0.7155 0.3965 0.5752
vn 0.8809 0.3543 0.3138
vn 0.4505 0.4339 -0.7802
vn 0.8860 0.3526 -0.3010
vn 0.9432 0.3323 0.0000
vn 0.4497 0.4370 -0.7789
vn 0.9432 0.3322 0.0000
vn 0.8809 0.3543 -0.3138
vn 0.4504 0.4344 -0.7800
vn 0.8860 0.3526 0.3010
vn 0.5824 0.6603 0.4741
vn 0.7282 0.6375 0.2516
vn 0.6642 0.7095 0.2354
vn 0.5560 0.6920 0.4605
vn 0.7794 0.6265 -0.0000
vn 0.6973 0.7168 -0.0000
vn 0.7282 0.6375 -0.2516
vn 0.6642 0.7095 -0.2354
vn 0.5824 0.6603 -0.4741
vn 0.5560 0.6920 -0.4605
vn 0.6445 0.7299 0.2277
vn 0.5491 0.7015 0.4544
vn 0.6705 0.7419 0.0000
vn 0.6445 0.7299 -0.2277
vn 0.5491 0.7015 -0.4544
vn 0.6631 0.7119 0.2310
vn 0.5574 0.6930 0.4573
vn 0.6939 0.7201 -0.0000
vn 0.6631 0.7120 -0.2310
vn 0.5574 0.6930 -0.4573
vn 0.7214 0.6455 0.2508
vn 0.5781 0.6650 0.4728
vn 0.7728 0.6347 -0.0000
vn 0.7214 0.6455 -0.2508
vn 0.5781 0.6650 -0.4728
vn 0.5867 0.6430 0.4922
vn 0.3704 0.6717 -0.6416
vn 0.5867 0.6430 -0.4922
vn 0.3729 0.6661 -0.6460
vn 0.3728 0.6663 -0.6458
vn 0.6041 0.6396 -0.4754
vn 0.3697 0.6732 -0.6404
vn 0.6041 0.6396 0.4754
vn 0.7585 0.5912 0.2740
vn 0.3662 0.6810 -0.6342
vn 0.7687 0.5874 -0.2531
vn 0.8265 0.5629 -0.0000
vn 0.3645 0.6845 -0.6314
vn 0.8269 0.5624 -0.0000
vn 0.7585 0.5912 -0.2740
vn 0.3656 0.6821 -0.6333
vn 0.7687 0.5874 0.2531
vn 0.7243 0.3553 0.5909
vn 0.8889 0.3388 0.3083
vn 0.8657 0.3985 0.3029
vn 0.7143 0.3818 0.5865
vn 0.9436 0.3310 0.0000
vn 0.9139 0.4059 0.0000
vn 0.8889 0.3388 -0.3083
vn 0.8657 0.3985 -0.3029
vn 0.7243 0.3553 -0.5909
vn 0.7143 0.3818 -0.5865
vn 0.8574 0.4178 0.3005
vn 0.7111 0.3903 0.5848
vn 0.9028 0.4300 0.0000
vn 0.8574 0.4178 -0.3005
vn 0.7111 0.3903 -0.5848
vn 0.8651 0.3999 0.3029
vn 0.7138 0.3822 0.5869
vn 0.9131 0.4078 -0.0000
vn 0.8651 0.3999 -0.3029
vn 0.7138 0.3822 -0.5869
vn 0.8867 0.3422 0.3110
vn 0.7212 0.3573 0.5935
vn 0.9424 0.3345 0.0000
vn 0.8867 0.3422 -0.3110
vn 0.7212 0.3573 -0.5935
vn 0.7237 0.3395 0.6008
vn 0.4657 0.3638 -0.8067
vn 0.7237 0.3395 -0.6008
vn 0.4667 0.3588 -0.8084
vn 0.4667 0.3589 -0.8083
vn 0.7325 0.3382 -0.5909
vn 0.4656 0.3644 -0.8065
vn 0.7325 0.3382 0.5909
vn 0.8987 0.3004 0.3193
vn 0.4641 0.3719 -0.8039
vn 0.9030 0.2992 -0.3082
vn 0.9597 0.2811 -0.0000
vn 0.4636 0.3746 -0.8030
vn 0.8988 0.3004 -0.3193
vn 0.4641 0.3722 -0.8038
vn 0.9030 0.2992 0.3083
vn 0.5823 -0.6558 0.4804
vn 0.7275 -0.6366 0.2561
vn 0.6705 -0.7034 0.2360
vn 0.5623 -0.6841 0.4647
vn 0.7800 -0.6258 -0.0000
vn 0.7024 -0.7118 0.0000
vn 0.7275 -0.6366 -0.2561
vn 0.6705 -0.7034 -0.2360
vn 0.5823 -0.6559 -0.4804
vn 0.5623 -0.6841 -0.4647
vn 0.6528 -0.7216 0.2305
vn 0.5557 -0.6928 0.4597
vn 0.6794 -0.7338 0.0000
vn 0.6528 -0.7216 -0.2305
vn 0.5557 -0.6928 -0.4597
vn 0.6730 -0.7009 0.2362
vn 0.5639 -0.6833 0.4639
vn 0.7060 -0.7083 0.0000
vn 0.6730 -0.7009 -0.2362
vn 0.5639 -0.6833 -0.4639
vn 0.7360 -0.6283 0.2521
vn 0.5900 -0.6512 0.4773
vn 0.7867 -0.6174 -0.0000
vn 0.7360 -0.6283 -0.2521
vn 0.5900 -0.6512 -0.4773
vn 0.6083 -0.6305 0.4821
vn 0.3739 -0.6640 -0.6476
vn 0.6083 -0.6305 -0.4821
vn 0.3769 -0.6572 -0.6528
vn 0.3769 -0.6571 -0.6528
vn 0.5938 -0.6338 -0.4957
vn 0.3744 -0.6628 -0.6485
vn 0.5938 -0.6338 0.4957
vn 0.7741 -0.5783 0.2575
vn 0.3698 -0.6730 -0.6406
vn 0.7656 -0.5817 -0.2747
vn 0.8330 -0.5532 0.0000
vn 0.3686 -0.6756 -0.6385
vn 0.8329 -0.5534 -0.0000
vn 0.7741 -0.5783 -0.2575
vn 0.3702 -0.6722 -0.6411
vn 0.7656 -0.5817 0.2747
vn 0.2219 -0.9576 0.1837
vn 0.2858 -0.9529 0.1012
vn 0.2408 -0.9668 0.0855
vn 0.2064 -0.9632 0.1720
vn 0.3126 -0.9499 0.0000
vn 0.2499 -0.9683 -0.0000
vn 0.2858 -0.9529 -0.1012
vn 0.2408 -0.9668 -0.0855
vn 0.2219 -0.9576 -0.1837
vn 0.2064 -0.9632 -0.1720
vn 0.2294 -0.9699 0.0817
vn 0.2019 -0.9648 0.1684
vn 0.2353 -0.9719 0.0000
vn 0.2294 -0.9699 -0.0817
vn 0.2019 -0.9648 -0.1684
vn 0.2433 -0.9662 0.0856
vn 0.2079 -0.9630 0.1714
vn 0.2531 -0.9674 0.0000
vn 0.2433 -0.9662 -0.0856
vn 0.2079 -0.9630 -0.1714
vn 0.2968 -0.9498 0.0989
vn 0.2292 -0.9561 0.1827
vn 0.3223 -0.9466 0.0000
vn 0.2968 -0.9498 -0.0989
vn 0.2292 -0.9561 -0.1827
vn 0.2431 -0.9515 0.1885
vn 0.1412 -0.9593 -0.2446
vn 0.2430 -0.9515 -0.1885
vn 0.1436 -0.9578 -0.2488
vn 0.1437 -0.9578 -0.2489
vn 0.2333 -0.9527 -0.1949
vn 0.1417 -0.9590 -0.2455
vn 0.2333 -0.9527 0.1949
vn 0.3310 -0.9377 0.1059
vn 0.1381 -0.9611 -0.2392
vn 0.3230 -0.9392 -0.1163
vn 0.3664 -0.9305 -0.0000
vn 0.1372 -0.9616 -0.2376
vn 0.3663 -0.9305 0.0000
vn 0.3310 -0.9377 -0.1059
vn 0.1384 -0.9609 -0.2397
vn 0.3230 -0.9392 0.1163
vn 0.6102 0.6192 0.4942
vn 0.7593 0.5964 0.2606
vn 0.7004 0.6702 0.2457
vn 0.5856 0.6519 0.4817
vn 0.8107 0.5855 -0.0000
vn 0.7352 0.6778 -0.0000
vn 0.7593 0.5964 -0.2606
vn 0.7004 0.6702 -0.2457
vn 0.6102 0.6192 -0.4942
vn 0.5856 0.6519 -0.4817
vn 0.6812 0.6916 0.2403
vn 0.5779 0.6617 0.4777
vn 0.7099 0.7043 -0.0000
vn 0.6812 0.6916 -0.2403
vn 0.5779 0.6617 -0.4777
vn 0.6980 0.6726 0.2456
vn 0.5842 0.6527 0.4824
vn 0.7320 0.6813 -0.0000
vn 0.6980 0.6726 -0.2456
vn 0.5842 0.6527 -0.4824
vn 0.7517 0.6042 0.2644
vn 0.6031 0.6237 0.4973
vn 0.8049 0.5935 -0.0000
vn 0.7517 0.6042 -0.2644
vn 0.6031 0.6237 -0.4973
vn 0.6135 0.6013 0.5120
vn 0.3879 0.6309 -0.6719
vn 0.6135 0.6013 -0.5120
vn 0.3903 0.6250 -0.6760
vn 0.3903 0.6251 -0.6760
vn 0.6275 0.5982 -0.4984
vn 0.3875 0.6320 -0.6711
vn 0.6275 0.5982 0.4984
vn 0.7868 0.5490 0.2821
vn 0.3840 0.6405 -0.6650
vn 0.7948 0.5458 -0.2652
vn 0.8536 0.5209 0.0000
vn 0.3825 0.6440 -0.6626
vn 0.8537 0.5208 -0.0000
vn 0.7868 0.5490 -0.2821
vn 0.3837 0.6412 -0.6645
vn 0.7948 0.5458 0.2652
vn 0.1086 0.9903 0.0866
vn 0.1416 0.9888 0.0471
vn 0.1143 0.9926 0.0403
vn 0.0978 0.9919 0.0808
vn 0.1542 0.9880 0.0000
vn 0.1188 0.9929 -0.0000
vn 0.1416 0.9888 -0.0471
vn 0.1143 0.9926 -0.0403
vn 0.1086 0.9903 -0.0866
vn 0.0978 0.9919 -0.0808
vn 0.1074 0.9935 0.0383
vn 0.0949 0.9923 0.0792
vn 0.1100 0.9939 0.0000
vn 0.1074 0.9935 -0.0383
vn 0.0949 0.9923 -0.0792
vn 0.1131 0.9928 0.0401
vn 0.0972 0.9920 0.0810
vn 0.1172 0.9931 0.0000
vn 0.1131 0.9928 -0.0401
vn 0.0972 0.9920 -0.0810
vn 0.1358 0.9896 0.0480
vn 0.1050 0.9907 0.0868
vn 0.1490 0.9888 -0.0000
vn 0.1358 0.9896 -0.0480
vn 0.1050 0.9907 -0.0868
vn 0.1107 0.9895 0.0926
vn 0.0670 0.9910 -0.1160
vn 0.1107 0.9895 -0.0926
vn 0.0679 0.9907 -0.1177
vn 0.0679 0.9907 -0.1176
vn 0.1158 0.9892 -0.0894
vn 0.0667 0.9911 -0.1155
vn 0.1158 0.9892 0.0894
vn 0.1550 0.9863 0.0559
vn 0.0653 0.9914 -0.1131
vn 0.1594 0.9859 -0.0506
vn 0.1771 0.9842 0.0000
vn 0.0647 0.9916 -0.1120
vn 0.1772 0.9842 -0.0000
vn 0.1550 0.9863 -0.0559
vn 0.0651 0.9915 -0.1128
vn 0.1594 0.9859 0.0506
vn 0.6955 0.4335 0.5730
vn 0.8586 0.4143 0.3020
vn 0.8254 0.4821 0.2939
vn 0.6815 0.4634 0.5664
vn 0.9142 0.4053 -0.0000
vn 0.8717 0.4901 -0.0000
vn 0.8586 0.4143 -0.3020
vn 0.8254 0.4821 -0.2939
vn 0.6955 0.4335 -0.5730
vn 0.6815 0.4634 -0.5664
vn 0.8153 0.5033 0.2863
vn 0.6801 0.4731 0.5601
vn 0.8562 0.5166 0.0000
vn 0.8153 0.5033 -0.2863
vn 0.6801 0.4731 -0.5601
vn 0.8277 0.4837 0.2845
vn 0.6876 0.4644 0.5582
vn 0.8704 0.4923 -0.0000
vn 0.8277 0.4837 -0.2845
vn 0.6876 0.4644 -0.5582
vn 0.8590 0.4187 0.2947
vn 0.6991 0.4364 0.5665
vn 0.9123 0.4096 -0.0000
vn 0.8590 0.4187 -0.2947
vn 0.6991 0.4364 -0.5665
vn 0.6968 0.4161 0.5842
vn 0.4482 0.4432 -0.7763
vn 0.6968 0.4161 -0.5842
vn 0.4496 0.4377 -0.7786
vn 0.4495 0.4381 -0.7785
vn 0.7131 0.4139 -0.5659
vn 0.4479 0.4446 -0.7757
vn 0.7131 0.4139 0.5659
vn 0.8736 0.3710 0.3150
vn 0.4460 0.4522 -0.7724
vn 0.8818 0.3686 -0.2941
vn 0.9374 0.3482 -0.0000
vn 0.4451 0.4557 -0.7709
vn 0.9376 0.3476 0.0000
vn 0.8736 0.3710 -0.3150
vn 0.4457 0.4534 -0.7719
vn 0.8818 0.3686 0.2941
vn 0.7616 0.1603 0.6279
vn 0.9322 0.1525 0.3282
vn 0.9272 0.1824 0.3272
vn 0.7593 0.1735 0.6272
vn 0.9889 0.1488 -0.0000
vn 0.9825 0.1864 -0.0000
vn 0.9322 0.1525 -0.3282
vn 0.9272 0.1824 -0.3272
vn 0.7616 0.1603 -0.6279
vn 0.7593 0.1735 -0.6272
vn 0.9264 0.1924 0.3238
vn 0.7607 0.1779 0.6243
vn 0.9800 0.1990 -0.0000
vn 0.9263 0.1924 -0.3238
vn 0.7607 0.1779 -0.6243
vn 0.9292 0.1827 0.3212
vn 0.7636 0.1737 0.6220
vn 0.9824 0.1868 0.0000
vn 0.9292 0.1827 -0.3212
vn 0.7636 0.1737 -0.6220
vn 0.9340 0.1531 0.3229
vn 0.7652 0.1608 0.6234
vn 0.9888 0.1494 0.0000
vn 0.9340 0.1531 -0.3229
vn 0.7652 0.1608 -0.6234
vn 0.7608 0.1520 0.6310
vn 0.4932 0.1643 -0.8543
vn 0.7608 0.1520 -0.6310
vn 0.4934 0.1617 -0.8546
vn 0.4934 0.1618 -0.8546
vn 0.7683 0.1516 -0.6219
vn 0.4932 0.1646 -0.8542
vn 0.7683 0.1516 0.6219
vn 0.9341 0.1330 0.3314
vn 0.4929 0.1683 -0.8537
vn 0.9376 0.1326 -0.3215
vn 0.9923 0.1240 -0.0000
vn 0.4927 0.1698 -0.8535
vn 0.9923 0.1238 -0.0000
vn 0.9341 0.1330 -0.3314
vn 0.4928 0.1686 -0.8536
vn 0.9376 0.1326 0.3215
vn 0.7719 -0.0777 0.6310
vn 0.9420 -0.0739 0.3273
vn 0.9409 -0.0886 0.3268
vn 0.7716 -0.0841 0.6305
vn 0.9974 -0.0721 -0.0000
vn 0.9959 -0.0906 0.0000
vn 0.9420 -0.0739 -0.3273
vn 0.9409 -0.0886 -0.3268
vn 0.7719 -0.0777 -0.6310
vn 0.7716 -0.0841 -0.6305
vn 0.9399 -0.0934 0.3284
vn 0.7702 -0.0862 0.6319
vn 0.9953 -0.0967 0.0000
vn 0.9399 -0.0934 -0.3284
vn 0.7702 -0.0862 -0.6319
vn 0.9398 -0.0885 0.3301
vn 0.7693 -0.0840 0.6334
vn 0.9959 -0.0905 0.0000
vn 0.9398 -0.0885 -0.3301
vn 0.7693 -0.0840 -0.6334
vn 0.9410 -0.0737 0.3302
vn 0.7699 -0.0775 0.6335
vn 0.9974 -0.0719 -0.0000
vn 0.9410 -0.0737 -0.3302
vn 0.7699 -0.0775 -0.6335
vn 0.7731 -0.0733 0.6301
vn 0.4984 -0.0795 -0.8633
vn 0.7731 -0.0733 -0.6301
vn 0.4985 -0.0782 -0.8634
vn 0.7693 -0.0733 -0.6347
vn 0.7693 -0.0733 0.6347
vn 0.9430 -0.0639 0.3265
vn 0.4983 -0.0815 -0.8631
vn 0.9413 -0.0640 -0.3315
vn 0.9982 -0.0596 0.0000
vn 0.4983 -0.0821 -0.8631
vn 0.9982 -0.0597 -0.0000
vn 0.9430 -0.0639 -0.3265
vn 0.9413 -0.0640 0.3315
vn 0.5362 -0.7200 0.4405
vn 0.6726 -0.7016 0.2354
vn 0.6098 -0.7632 0.2137
vn 0.5141 -0.7458 0.4237
vn 0.7229 -0.6910 -0.0001
vn 0.6373 -0.7706 -0.0001
vn 0.6726 -0.7015 -0.2356
vn 0.6097 -0.7633 -0.2139
vn 0.5362 -0.7199 -0.4407
vn 0.5139 -0.7459 -0.4238
vn 0.5908 -0.7793 0.2088
vn 0.5063 -0.7535 0.4193
vn 0.6129 -0.7901 -0.0002
vn 0.5905 -0.7795 -0.2091
vn 0.5060 -0.7537 -0.4195
vn 0.6121 -0.7608 0.2158
vn 0.5146 -0.7449 0.4247
vn 0.6412 -0.7674 -0.0002
vn 0.6119 -0.7608 -0.2163
vn 0.5141 -0.7450 -0.4251
vn 0.6820 -0.6931 0.2335
vn 0.5433 -0.7152 0.4396
vn 0.7310 -0.6823 -0.0003
vn 0.6819 -0.6930 -0.2342
vn 0.5430 -0.7151 -0.4402
vn 0.5643 -0.6960 0.4440
vn 0.3430 -0.7275 -0.5942
vn 0.5647 -0.6956 -0.4440
vn 0.3465 -0.7211 -0.5999
vn 0.3460 -0.7210 -0.6004
vn 0.5478 -0.6992 -0.4594
vn 0.3435 -0.7262 -0.5956
vn 0.5483 -0.6994 0.4585
vn 0.7253 -0.6457 0.2386
vn 0.3385 -0.7358 -0.5866
vn 0.7152 -0.6493 -0.2585
vn 0.7837 -0.6211 0.0001
vn 0.3372 -0.7380 -0.5845
vn 0.7834 -0.6215 -0.0005
vn 0.7257 -0.6453 -0.2385
vn 0.3389 -0.7349 -0.5875
vn 0.7154 -0.6495 0.2574
vn 0.7039 0.4196 0.5731
vn 0.8659 0.4008 0.2994
vn 0.8346 0.4671 0.2920
vn 0.6906 0.4489 0.5670
vn 0.9201 0.3918 -0.0004
vn 0.8799 0.4751 -0.0003
vn 0.8657 0.4005 -0.3003
vn 0.8343 0.4673 -0.2926
vn 0.7035 0.4193 -0.5738
vn 0.6901 0.4491 -0.5675
vn 0.8236 0.4881 0.2888
vn 0.6864 0.4582 0.5648
vn 0.8652 0.5014 -0.0002
vn 0.8233 0.4884 -0.2892
vn 0.6859 0.4586 -0.5650
vn 0.8337 0.4688 0.2919
vn 0.6900 0.4494 0.5674
vn 0.8786 0.4775 -0.0002
vn 0.8335 0.4690 -0.2921
vn 0.6897 0.4497 -0.5676
vn 0.8627 0.4053 0.3025
vn 0.7000 0.4223 0.5760
vn 0.9181 0.3964 -0.0001
vn 0.8627 0.4051 -0.3027
vn 0.6999 0.4221 -0.5761
vn 0.7043 0.4025 0.5848
vn 0.4512 0.4292 -0.7824
vn 0.7035 0.4020 -0.5860
vn 0.4523 0.4237 -0.7848
vn 0.4531 0.4238 -0.7843
vn 0.7145 0.4001 -0.5739
vn 0.4514 0.4300 -0.7819
vn 0.7140 0.4007 0.5741
vn 0.8797 0.3582 0.3127
vn 0.4491 0.4381 -0.7787
vn 0.8849 0.3560 -0.3003
vn 0.9419 0.3358 -0.0007
vn 0.4485 0.4412 -0.7773
vn 0.9420 0.3357 0.0001
vn 0.8794 0.3578 -0.3141
vn 0.4492 0.4386 -0.7784
vn 0.8846 0.3566 0.3005
vn 0.1777 0.9738 0.1421
vn 0.2311 0.9699 0.0773
vn 0.1879 0.9799 0.0665
vn 0.1606 0.9780 0.1329
vn 0.2514 0.9679 -0.0000
vn 0.1955 0.9807 -0.0000
vn 0.2311 0.9699 -0.0773
vn 0.1879 0.9799 -0.0665
vn 0.1777 0.9738 -0.1421
vn 0.1606 0.9780 -0.1329
vn 0.1770 0.9822 0.0631
vn 0.1561 0.9791 0.1302
vn 0.1814 0.9834 -0.0000
vn 0.1770 0.9822 -0.0631
vn 0.1561 0.9791 -0.1302
vn 0.1862 0.9803 0.0658
vn 0.1599 0.9782 0.1328
vn 0.1930 0.9812 0.0000
vn 0.1862 0.9803 -0.0658
vn 0.1599 0.9782 -0.1328
vn 0.2223 0.9718 0.0782
vn 0.1724 0.9747 0.1421
vn 0.2435 0.9699 -0.0000
vn 0.2223 0.9718 -0.0782
vn 0.1724 0.9747 -0.1421
vn 0.1811 0.9717 0.1517
vn 0.1099 0.9756 -0.1903
vn 0.1811 0.9717 -0.1517
vn 0.1114 0.9749 -0.1930
vn 0.1114 0.9749 -0.1929
vn 0.1894 0.9710 -0.1461
vn 0.1094 0.9758 -0.1895
vn 0.1894 0.9710 0.1462
vn 0.2522 0.9634 0.0912
vn 0.1072 0.9767 -0.1857
vn 0.2592 0.9623 -0.0823
vn 0.2872 0.9579 -0.0000
vn 0.1062 0.9772 -0.1840
vn 0.2874 0.9578 -0.0000
vn 0.2522 0.9634 -0.0912
vn 0.1069 0.9769 -0.1852
vn 0.2592 0.9623 0.0823
vn 0.6871 -0.4562 0.5656
vn 0.8481 -0.4383 0.2976
vn 0.8148 -0.5045 0.2856
vn 0.6754 -0.4845 0.5559
vn 0.9033 -0.4291 0.0000
vn 0.8582 -0.5133 0.0000
vn 0.8481 -0.4383 -0.2976
vn 0.8148 -0.5045 -0.2856
vn 0.6871 -0.4562 -0.5656
vn 0.6754 -0.4845 -0.5559
vn 0.8034 -0.5243 0.2822
vn 0.6713 -0.4936 0.5530
vn 0.8431 -0.5377 -0.0000
vn 0.8034 -0.5243 -0.2822
vn 0.6713 -0.4936 -0.5530
vn 0.8159 -0.5026 0.2859
vn 0.6761 -0.4839 0.5557
vn 0.8598 -0.5107 0.0000
vn 0.8159 -0.5026 -0.2859
vn 0.6761 -0.4839 -0.5556
vn 0.8518 -0.4332 0.2946
vn 0.6913 -0.4531 0.5628
vn 0.9057 -0.4239 -0.0000
vn 0.8518 -0.4332 -0.2946
vn 0.6913 -0.4531 -0.5629
vn 0.7031 -0.4333 0.5639
vn 0.4429 -0.4642 -0.7670
vn 0.7031 -0.4333 -0.5639
vn 0.4445 -0.4577 -0.7700
vn 0.4446 -0.4577 -0.7700
vn 0.6920 -0.4353 -0.5759
vn 0.4431 -0.4634 -0.7674
vn 0.6920 -0.4353 0.5759
vn 0.8734 -0.3868 0.2957
vn 0.4405 -0.4732 -0.7629
vn 0.8677 -0.3888 -0.3096
vn 0.9310 -0.3651 0.0000
vn 0.4398 -0.4759 -0.7617
vn 0.9309 -0.3652 -0.0000
vn 0.8734 -0.3868 -0.2957
vn 0.4406 -0.4726 -0.7632
vn 0.8677 -0.3888 0.3096
vn 0.3212 0.9106 0.2602
vn 0.4140 0.8992 0.1414
vn 0.3462 0.9299 0.1242
vn 0.2941 0.9236 0.2457
vn 0.4492 0.8934 0.0000
vn 0.3614 0.9324 0.0000
vn 0.4140 0.8992 -0.1414
vn 0.3462 0.9299 -0.1242
vn 0.3212 0.9106 -0.2602
vn 0.2941 0.9236 -0.2457
vn 0.3286 0.9372 0.1170
vn 0.2877 0.9272 0.2397
vn 0.3379 0.9412 0.0000
vn 0.3286 0.9372 -0.1170
vn 0.2877 0.9272 -0.2397
vn 0.3448 0.9310 0.1194
vn 0.2955 0.9242 0.2420
vn 0.3577 0.9338 -0.0000
vn 0.3448 0.9310 -0.1194
vn 0.2955 0.9242 -0.2420
vn 0.4034 0.9044 0.1389
vn 0.3162 0.9133 0.2566
vn 0.4384 0.8988 -0.0000
vn 0.4034 0.9044 -0.1389
vn 0.3162 0.9133 -0.2566
vn 0.3268 0.9040 0.2756
vn 0.2008 0.9158 -0.3478
vn 0.3268 0.9040 -0.2756
vn 0.2033 0.9137 -0.3520
vn 0.2031 0.9138 -0.3517
vn 0.3431 0.9018 -0.2629
vn 0.1998 0.9167 -0.3460
vn 0.3431 0.9018 0.2629
vn 0.4472 0.8794 0.1632
vn 0.1965 0.9195 -0.3404
vn 0.4594 0.8763 -0.1450
vn 0.5037 0.8639 0.0000
vn 0.1948 0.9210 -0.3375
vn 0.5046 0.8634 -0.0000
vn 0.4473 0.8794 -0.1632
vn 0.1958 0.9202 -0.3391
vn 0.4594 0.8763 0.1450
vn 0.7720 -0.0504 0.6336
vn 0.9429 -0.0479 0.3296
vn 0.9425 -0.0575 0.3293
vn 0.7720 -0.0546 0.6333
vn 0.9989 -0.0468 0.0000
vn 0.9983 -0.0588 0.0000
vn 0.9429 -0.0479 -0.3296
vn 0.9425 -0.0575 -0.3292
vn 0.7720 -0.0504 -0.6336
vn 0.7720 -0.0546 -0.6333
vn 0.9423 -0.0607 0.3292
vn 0.7719 -0.0560 0.6332
vn 0.9980 -0.0628 0.0000
vn 0.9423 -0.0607 -0.3292
vn 0.7719 -0.0560 -0.6332
vn 0.9425 -0.0575 0.3292
vn 0.7720 -0.0546 0.6332
vn 0.7720 -0.0546 -0.6332
vn 0.9431 -0.0479 0.3291
vn 0.7724 -0.0503 0.6332
vn 0.9989 -0.0467 0.0000
vn 0.9431 -0.0479 -0.3291
vn 0.7724 -0.0503 -0.6332
vn 0.7729 -0.0475 0.6327
vn 0.4993 -0.0516 -0.8649
vn 0.7729 -0.0475 -0.6327
vn 0.4994 -0.0507 -0.8649
vn 0.7717 -0.0476 -0.6342
vn 0.7717 -0.0476 0.6342
vn 0.9435 -0.0415 0.3286
vn 0.4993 -0.0529 -0.8648
vn 0.9430 -0.0415 -0.3303
vn 0.9993 -0.0387 0.0000
vn 0.4993 -0.0533 -0.8648
vn 0.9435 -0.0415 -0.3286
vn 0.9430 -0.0415 0.3303
vn 0.4205 -0.8387 0.3461
vn 0.5334 -0.8248 0.1873
vn 0.4674 -0.8686 0.1645
vn 0.3974 -0.8567 0.3287
vn 0.5775 -0.8164 -0.0000
vn 0.4868 -0.8735 -0.0000
vn 0.5334 -0.8248 -0.1873
vn 0.4674 -0.8686 -0.1645
vn 0.4205 -0.8387 -0.3461
vn 0.3974 -0.8567 -0.3287
vn 0.4489 -0.8793 0.1593
vn 0.3898 -0.8620 0.3240
vn 0.4632 -0.8862 0.0000
vn 0.4489 -0.8793 -0.1593
vn 0.3898 -0.8620 -0.3240
vn 0.4703 -0.8667 0.1662
vn 0.3984 -0.8561 0.3293
vn 0.4912 -0.8710 -0.0000
vn 0.4703 -0.8667 -0.1662
vn 0.3984 -0.8561 -0.3293
vn 0.5458 -0.8171 0.1853
vn 0.4290 -0.8346 0.3455
vn 0.5884 -0.8085 -0.0000
vn 0.5458 -0.8171 -0.1853
vn 0.4290 -0.8346 -0.3455
vn 0.4507 -0.8205 0.3516
vn 0.2681 -0.8440 -0.4644
vn 0.4507 -0.8205 -0.3516
vn 0.2717 -0.8395 -0.4706
vn 0.2718 -0.8393 -0.4708
vn 0.4348 -0.8236 -0.3643
vn 0.2690 -0.8430 -0.4659
vn 0.4348 -0.8236 0.3643
vn 0.5936 -0.7814 0.1925
vn 0.2635 -0.8498 -0.4564
vn 0.5825 -0.7851 -0.2104
vn 0.6478 -0.7619 -0.0000
vn 0.2623 -0.8514 -0.4542
vn 0.6474 -0.7621 -0.0000
vn 0.5936 -0.7814 -0.1925
vn 0.2641 -0.8492 -0.4574
vn 0.5825 -0.7851 0.2104
vn 0.9441 0.0000 0.3297
vn 0.9441 0.0000 -0.3297
vn 0.7731 -0.0000 0.6342
vn 0.7731 0.0000 -0.6342
vn 0.3734 0.8778 0.2999
vn 0.4778 0.8635 0.1614
vn 0.4049 0.9031 0.1430
vn 0.3440 0.8949 0.2843
vn 0.5164 0.8563 0.0000
vn 0.4224 0.9064 0.0000
vn 0.4778 0.8635 -0.1614
vn 0.4049 0.9031 -0.1430
vn 0.3734 0.8778 -0.2999
vn 0.3440 0.8949 -0.2843
vn 0.3849 0.9128 0.1368
vn 0.3358 0.8995 0.2794
vn 0.3963 0.9181 0.0000
vn 0.3849 0.9128 -0.1368
vn 0.3358 0.8995 -0.2794
vn 0.4020 0.9046 0.1418
vn 0.3428 0.8954 0.2841
vn 0.4181 0.9084 -0.0000
vn 0.4020 0.9046 -0.1418
vn 0.3428 0.8954 -0.2841
vn 0.4649 0.8701 0.1635
vn 0.3648 0.8813 0.3005
vn 0.5050 0.8631 0.0000
vn 0.4649 0.8701 -0.1635
vn 0.3648 0.8813 -0.3005
vn 0.3790 0.8692 0.3175
vn 0.2331 0.8847 -0.4038
vn 0.3790 0.8692 -0.3175
vn 0.2358 0.8818 -0.4085
vn 0.2357 0.8819 -0.4083
vn 0.3938 0.8667 -0.3064
vn 0.2323 0.8855 -0.4024
vn 0.3938 0.8666 0.3064
vn 0.5134 0.8379 0.1854
vn 0.2284 0.8895 -0.3957
vn 0.5242 0.8346 -0.1691
vn 0.5743 0.8186 0.0000
vn 0.2267 0.8913 -0.3927
vn 0.5746 0.8184 0.0000
vn 0.5134 0.8379 -0.1854
vn 0.2280 0.8900 -0.3948
vn 0.5243 0.8346 0.1691
vn 0.7731 0.0129 0.6342
vn 0.9440 0.0122 0.3298
vn 0.9439 0.0147 0.3298
vn 0.7730 0.0139 0.6342
vn 0.9999 0.0119 -0.0000
vn 0.9999 0.0150 -0.0000
vn 0.9440 0.0122 -0.3298
vn 0.9439 0.0147 -0.3298
vn 0.7731 0.0129 -0.6342
vn 0.7730 0.0139 -0.6342
vn 0.9440 0.0155 0.3297
vn 0.7731 0.0143 0.6342
vn 0.9999 0.0161 -0.0000
vn 0.9440 0.0155 -0.3297
vn 0.7731 0.0143 -0.6342
vn 0.9440 0.0147 0.3296
vn 0.7731 0.0139 0.6341
vn 0.9440 0.0147 -0.3296
vn 0.7731 0.0139 -0.6341
vn 0.9440 0.0122 0.3297
vn 0.7731 0.0129 0.6341
vn 0.9440 0.0122 -0.3297
vn 0.7731 0.0129 -0.6341
vn 0.7729 0.0122 0.6344
vn 0.5000 0.0132 -0.8659
vn 0.7729 0.0122 -0.6344
vn 0.5000 0.0130 -0.8659
vn 0.5000 0.0130 -0.8660
vn 0.7733 0.0122 -0.6339
vn 0.7733 0.0121 0.6339
vn 0.9439 0.0106 0.3300
vn 0.5000 0.0135 -0.8659
vn 0.9441 0.0106 -0.3295
vn 1.0000 0.0099 -0.0000
vn 0.5000 0.0136 -0.8659
vn 0.9439 0.0106 -0.3300
vn 0.9441 0.0106 0.3295
vn 0.7057 -0.4158 0.5736
vn 0.8671 -0.3987 0.2986
vn 0.8388 -0.4617 0.2886
vn 0.6959 -0.4427 0.5655
vn 0.9209 -0.3897 -0.0006
vn 0.8825 -0.4703 -0.0011
vn 0.8669 -0.3983 -0.2997
vn 0.8379 -0.4620 -0.2905
vn 0.7053 -0.4154 -0.5745
vn 0.6945 -0.4431 -0.5670
vn 0.8278 -0.4809 0.2890
vn 0.6900 -0.4512 0.5660
vn 0.8693 -0.4942 -0.0015
vn 0.8265 -0.4814 -0.2917
vn 0.6878 -0.4518 -0.5682
vn 0.8374 -0.4601 0.2949
vn 0.6920 -0.4419 0.5708
vn 0.8836 -0.4682 -0.0019
vn 0.8360 -0.4605 -0.2985
vn 0.6893 -0.4422 -0.5739
vn 0.8679 -0.3946 0.3017
vn 0.7051 -0.4131 0.5764
vn 0.9226 -0.3856 -0.0024
vn 0.8664 -0.3942 -0.3064
vn 0.7021 -0.4127 -0.5803
vn 0.7184 -0.3945 0.5730
vn 0.4526 -0.4235 -0.7847
vn 0.7191 -0.3933 -0.5729
vn 0.4547 -0.4172 -0.7869
vn 0.4518 -0.4170 -0.7887
vn 0.7025 -0.3956 -0.5916
vn 0.4511 -0.4224 -0.7862
vn 0.7062 -0.3962 0.5868
vn 0.8878 -0.3507 0.2981
vn 0.4501 -0.4321 -0.7815
vn 0.8799 -0.3519 -0.3193
vn 0.9440 -0.3298 -0.0000
vn 0.4490 -0.4345 -0.7808
vn 0.9439 -0.3302 -0.0029
vn 0.8882 -0.3496 -0.2981
vn 0.4493 -0.4311 -0.7825
vn 0.8817 -0.3526 0.3137
vn 0.3395 -0.8991 0.2764
vn 0.4326 -0.8891 0.1495
vn 0.3713 -0.9195 0.1291
vn 0.3177 -0.9116 0.2609
vn 0.4695 -0.8829 -0.0010
vn 0.3856 -0.9227 -0.0007
vn 0.4316 -0.8893 -0.1514
vn 0.3712 -0.9193 -0.1305
vn 0.3380 -0.8992 -0.2779
vn 0.3171 -0.9114 -0.2623
vn 0.3545 -0.9266 0.1256
vn 0.3101 -0.9151 0.2576
vn 0.3648 -0.9311 -0.0005
vn 0.3546 -0.9264 -0.1267
vn 0.3099 -0.9149 -0.2587
vn 0.3734 -0.9182 0.1326
vn 0.3173 -0.9110 0.2633
vn 0.3896 -0.9210 -0.0004
vn 0.3734 -0.9181 -0.1333
vn 0.3172 -0.9109 -0.2640
vn 0.4442 -0.8832 0.1507
vn 0.3458 -0.8959 0.2788
vn 0.4807 -0.8769 -0.0002
vn 0.4435 -0.8835 -0.1509
vn 0.3452 -0.8962 -0.2787
vn 0.3684 -0.8858 0.2823
vn 0.2140 -0.9029 -0.3728
vn 0.3650 -0.8866 -0.2842
vn 0.2167 -0.8997 -0.3790
vn 0.2187 -0.8995 -0.3781
vn 0.3512 -0.8887 -0.2947
vn 0.2157 -0.9020 -0.3739
vn 0.3511 -0.8884 0.2956
vn 0.4912 -0.8572 0.1548
vn 0.2101 -0.9069 -0.3654
vn 0.4782 -0.8610 -0.1732
vn 0.5376 -0.8432 -0.0018
vn 0.2092 -0.9078 -0.3634
vn 0.5371 -0.8435 0.0004
vn 0.4886 -0.8581 -0.1579
vn 0.2111 -0.9063 -0.3662
vn 0.4785 -0.8606 0.1742
vn 0.6644 0.5157 0.5410
vn 0.8216 0.4942 0.2842
vn 0.7770 0.5672 0.2731
vn 0.6457 0.5480 0.5318
vn 0.8751 0.4840 -0.0000
vn 0.8179 0.5753 0.0000
vn 0.8216 0.4942 -0.2842
vn 0.7770 0.5672 -0.2731
vn 0.6644 0.5157 -0.5410
vn 0.6457 0.5480 -0.5318
vn 0.7621 0.5894 0.2681
vn 0.6401 0.5581 0.5280
vn 0.7978 0.6030 -0.0000
vn 0.7621 0.5894 -0.2681
vn 0.6401 0.5581 -0.5280
vn 0.7760 0.5693 0.2715
vn 0.6457 0.5488 0.5310
vn 0.8158 0.5784 -0.0000
vn 0.7760 0.5693 -0.2715
vn 0.6457 0.5488 -0.5310
vn 0.8172 0.5004 0.2861
vn 0.6602 0.5194 0.5426
vn 0.8716 0.4903 0.0000
vn 0.8172 0.5004 -0.2861
vn 0.6602 0.5194 -0.5426
vn 0.6661 0.4973 0.5558
vn 0.4250 0.5267 -0.7362
vn 0.6661 0.4973 -0.5558
vn 0.4268 0.5208 -0.7393
vn 0.4268 0.5209 -0.7393
vn 0.6793 0.4948 -0.5420
vn 0.4247 0.5278 -0.7356
vn 0.6793 0.4948 0.5420
vn 0.8419 0.4475 0.3016
vn 0.4220 0.5364 -0.7309
vn 0.8489 0.4449 -0.2853
vn 0.9068 0.4217 -0.0000
vn 0.4209 0.5398 -0.7290
vn 0.9069 0.4214 0.0000
vn 0.8419 0.4474 -0.3016
vn 0.4218 0.5371 -0.7305
vn 0.8489 0.4449 0.2853
vn -0.3125 0.9157 -0.2525
vn -0.4030 0.9049 -0.1371
vn -0.3362 0.9341 -0.1202
vn -0.2859 0.9282 -0.2383
vn -0.4372 0.8994 0.0000
vn -0.3508 0.9364 -0.0000
vn -0.4030 0.9049 0.1371
vn -0.3362 0.9341 0.1202
vn -0.3125 0.9157 0.2525
vn -0.2859 0.9282 0.2383
vn -0.3188 0.9410 -0.1135
vn -0.2794 0.9315 -0.2328
vn -0.3278 0.9448 -0.0000
vn -0.3188 0.9410 0.1135
vn -0.2794 0.9315 0.2328
vn -0.3345 0.9352 -0.1164
vn -0.2866 0.9287 -0.2355
vn -0.3471 0.9378 -0.0000
vn -0.3345 0.9352 0.1164
vn -0.2866 0.9287 0.2355
vn -0.3919 0.9099 -0.1357
vn -0.3068 0.9184 -0.2499
vn -0.4264 0.9045 0.0000
vn -0.3919 0.9099 0.1357
vn -0.3068 0.9184 0.2499
vn -0.3180 0.9095 -0.2677
vn -0.1951 0.9207 0.3379
vn -0.3180 0.9095 0.2678
vn -0.1975 0.9187 0.3421
vn -0.1973 0.9188 0.3418
vn -0.3332 0.9074 0.2561
vn -0.1941 0.9215 0.3363
vn -0.3332 0.9074 -0.2561
vn -0.4357 0.8860 -0.1586
vn -0.1909 0.9243 0.3306
vn -0.4472 0.8831 0.1417
vn -0.4910 0.8712 0.0000
vn -0.1892 0.9256 0.3278
vn -0.4917 0.8708 0.0000
vn -0.4357 0.8860 0.1586
vn -0.1902 0.9248 0.3294
vn -0.4472 0.8831 -0.1417
vn 0.7493 0.2473 0.6144
vn 0.9175 0.2354 0.3205
vn 0.9058 0.2800 0.3180
vn 0.7441 0.2670 0.6124
vn 0.9732 0.2298 -0.0000
vn 0.9583 0.2858 -0.0000
vn 0.9175 0.2354 -0.3205
vn 0.9058 0.2800 -0.3180
vn 0.7493 0.2473 -0.6144
vn 0.7441 0.2670 -0.6124
vn 0.9020 0.2947 0.3156
vn 0.7433 0.2735 0.6105
vn 0.9526 0.3043 0.0000
vn 0.9020 0.2947 -0.3156
vn 0.7433 0.2735 -0.6105
vn 0.9064 0.2807 0.3156
vn 0.7456 0.2673 0.6104
vn 0.9580 0.2868 0.0000
vn 0.9064 0.2807 -0.3156
vn 0.7456 0.2673 -0.6104
vn 0.9174 0.2371 0.3197
vn 0.7493 0.2484 0.6139
vn 0.9728 0.2315 -0.0000
vn 0.9174 0.2371 -0.3197
vn 0.7493 0.2484 -0.6139
vn 0.7481 0.2352 0.6205
vn 0.4837 0.2535 -0.8377
vn 0.7481 0.2352 -0.6205
vn 0.4842 0.2496 -0.8386
vn 0.4842 0.2497 -0.8386
vn 0.7557 0.2345 -0.6115
vn 0.4836 0.2538 -0.8377
vn 0.7557 0.2345 0.6115
vn 0.9221 0.2066 0.3272
vn 0.4829 0.2594 -0.8364
vn 0.9257 0.2059 -0.3173
vn 0.9812 0.1928 -0.0000
vn 0.4826 0.2616 -0.8359
vn 0.9813 0.1927 -0.0000
vn 0.9221 0.2066 -0.3272
vn 0.4828 0.2598 -0.8363
vn 0.9257 0.2059 0.3173
vn 0.5707 0.6755 0.4669
vn 0.7154 0.6529 0.2489
vn 0.6497 0.7239 0.2322
vn 0.5436 0.7067 0.4529
vn 0.7668 0.6419 0.0000
vn 0.6823 0.7311 -0.0000
vn 0.7154 0.6529 -0.2489
vn 0.6497 0.7239 -0.2322
vn 0.5707 0.6755 -0.4669
vn 0.5436 0.7067 -0.4529
vn 0.6301 0.7439 0.2227
vn 0.5377 0.7161 0.4451
vn 0.6551 0.7555 -0.0000
vn 0.6301 0.7439 -0.2227
vn 0.5377 0.7161 -0.4451
vn 0.6498 0.7263 0.2241
vn 0.5475 0.7079 0.4462
vn 0.6790 0.7342 0.0000
vn 0.6498 0.7263 -0.2241
vn 0.5475 0.7079 -0.4462
vn 0.7098 0.6608 0.2439
vn 0.5693 0.6803 0.4616
vn 0.7600 0.6499 0.0000
vn 0.7098 0.6608 -0.2439
vn 0.5693 0.6803 -0.4616
vn 0.5756 0.6586 0.4847
vn 0.3635 0.6867 -0.6296
vn 0.5756 0.6586 -0.4847
vn 0.3660 0.6812 -0.6340
vn 0.3659 0.6816 -0.6337
vn 0.5956 0.6550 -0.4650
vn 0.3626 0.6885 -0.6281
vn 0.5956 0.6550 0.4650
vn 0.7467 0.6073 0.2713
vn 0.3591 0.6958 -0.6220
vn 0.7585 0.6030 -0.2471
vn 0.8154 0.5789 0.0000
vn 0.3574 0.6994 -0.6190
vn 0.8160 0.5781 -0.0000
vn 0.7467 0.6073 -0.2713
vn 0.3584 0.6973 -0.6208
vn 0.7585 0.6030 0.2471
vn 0.3234 0.9075 0.2681
vn 0.4189 0.8959 0.1477
vn 0.3506 0.9274 0.1307
vn 0.2962 0.9207 0.2540
vn 0.4562 0.8899 -0.0000
vn 0.3674 0.9300 -0.0000
vn 0.4189 0.8959 -0.1477
vn 0.3506 0.9274 -0.1307
vn 0.3234 0.9075 -0.2681
vn 0.2962 0.9207 -0.2540
vn 0.3344 0.9349 0.1190
vn 0.2929 0.9246 0.2436
vn 0.3439 0.9390 0.0000
vn 0.3344 0.9349 -0.1190
vn 0.2929 0.9246 -0.2436
vn 0.3539 0.9283 0.1136
vn 0.3062 0.9217 0.2381
vn 0.3648 0.9311 0.0000
vn 0.3539 0.9283 -0.1136
vn 0.3062 0.9217 -0.2381
vn 0.4163 0.9001 0.1284
vn 0.3310 0.9103 0.2484
vn 0.4479 0.8941 0.0000
vn 0.4163 0.9001 -0.1284
vn 0.3310 0.9103 -0.2484
vn 0.3300 0.9008 0.2824
vn 0.2044 0.9126 -0.3540
vn 0.3300 0.9008 -0.2824
vn 0.2068 0.9105 -0.3581
vn 0.2060 0.9112 -0.3568
vn 0.3593 0.8975 -0.2555
vn 0.2022 0.9145 -0.3503
vn 0.3594 0.8975 0.2555
vn 0.4526 0.8756 0.1686
vn 0.2002 0.9163 -0.3468
vn 0.4728 0.8707 -0.1350
vn 0.5109 0.8597 -0.0000
vn 0.1981 0.9181 -0.3432
vn 0.5139 0.8579 -0.0000
vn 0.4526 0.8756 -0.1686
vn 0.1984 0.9179 -0.3436
vn 0.4729 0.8707 0.1350
vn 0.5200 -0.7494 0.4099
vn 0.6483 -0.7307 0.2141
vn 0.5819 -0.7896 0.1948
vn 0.4948 -0.7739 0.3952
vn 0.6939 -0.7201 -0.0000
vn 0.6050 -0.7962 -0.0000
vn 0.6483 -0.7307 -0.2141
vn 0.5819 -0.7896 -0.1948
vn 0.5200 -0.7494 -0.4099
vn 0.4948 -0.7739 -0.3953
vn 0.5594 -0.8048 0.1982
vn 0.4810 -0.7808 0.3987
vn 0.5798 -0.8148 -0.0000
vn 0.5594 -0.8048 -0.1982
vn 0.4810 -0.7808 -0.3987
vn 0.5790 -0.7875 0.2112
vn 0.4852 -0.7724 0.4099
vn 0.6082 -0.7938 0.0000
vn 0.5790 -0.7875 -0.2112
vn 0.4852 -0.7724 -0.4099
vn 0.6513 -0.7233 0.2294
vn 0.5148 -0.7445 0.4251
vn 0.7014 -0.7127 -0.0000
vn 0.6513 -0.7233 -0.2294
vn 0.5148 -0.7445 -0.4251
vn 0.5485 -0.7254 0.4158
vn 0.3266 -0.7572 -0.5656
vn 0.5485 -0.7254 -0.4158
vn 0.3303 -0.7507 -0.5722
vn 0.3308 -0.7499 -0.5729
vn 0.5212 -0.7297 -0.4427
vn 0.3281 -0.7546 -0.5682
vn 0.5212 -0.7297 0.4427
vn 0.7031 -0.6763 0.2197
vn 0.3221 -0.7649 -0.5578
vn 0.6864 -0.6819 -0.2527
vn 0.7575 -0.6529 -0.0000
vn 0.3213 -0.7662 -0.5565
vn 0.7561 -0.6545 -0.0000
vn 0.7031 -0.6763 -0.2197
vn 0.3234 -0.7627 -0.5601
vn 0.6864 -0.6819 0.2526
vn 0.7442 -0.2807 0.6061
vn 0.9106 -0.2681 0.3145
vn 0.8970 -0.3160 0.3091
vn 0.7398 -0.3012 0.6016
vn 0.9652 -0.2616 -0.0007
vn 0.9465 -0.3228 -0.0013
vn 0.9103 -0.2677 -0.3157
vn 0.8961 -0.3164 -0.3113
vn 0.7437 -0.2803 -0.6070
vn 0.7382 -0.3017 -0.6033
vn 0.8911 -0.3312 0.3101
vn 0.7363 -0.3079 0.6026
vn 0.9397 -0.3420 -0.0018
vn 0.8897 -0.3319 -0.3134
vn 0.7338 -0.3086 -0.6053
vn 0.8956 -0.3152 0.3138
vn 0.7367 -0.3008 0.6057
vn 0.9468 -0.3217 -0.0023
vn 0.8940 -0.3156 -0.3182
vn 0.7335 -0.3012 -0.6093
vn 0.9105 -0.2661 0.3166
vn 0.7433 -0.2794 0.6078
vn 0.9657 -0.2596 -0.0029
vn 0.9087 -0.2657 -0.3221
vn 0.7397 -0.2790 -0.6124
vn 0.7510 -0.2655 0.6046
vn 0.4786 -0.2866 -0.8299
vn 0.7515 -0.2643 -0.6044
vn 0.4800 -0.2819 -0.8307
vn 0.4766 -0.2818 -0.8327
vn 0.7387 -0.2655 -0.6196
vn 0.4765 -0.2860 -0.8313
vn 0.7431 -0.2663 0.6140
vn 0.9205 -0.2336 0.3131
vn 0.4771 -0.2932 -0.8285
vn 0.9146 -0.2337 -0.3300
vn 0.9759 -0.2183 -0.0000
vn 0.4762 -0.2951 -0.8284
vn 0.9758 -0.2185 -0.0034
vn 0.9208 -0.2324 -0.3131
vn 0.4760 -0.2926 -0.8294
vn 0.9168 -0.2345 0.3234
vn 0.6711 0.4961 0.5509
vn 0.8305 0.4753 0.2905
vn 0.7887 0.5467 0.2812
vn 0.6533 0.5273 0.5433
vn 0.8853 0.4650 -0.0023
vn 0.8317 0.5552 -0.0013
vn 0.8292 0.4747 -0.2950
vn 0.7875 0.5472 -0.2837
vn 0.6682 0.4956 -0.5548
vn 0.6510 0.5279 -0.5455
vn 0.7761 0.5686 0.2726
vn 0.6511 0.5373 0.5361
vn 0.8128 0.5826 -0.0004
vn 0.7753 0.5694 -0.2732
vn 0.6500 0.5383 -0.5365
vn 0.7911 0.5486 0.2706
vn 0.6598 0.5285 0.5342
vn 0.8301 0.5576 0.0006
vn 0.7912 0.5491 -0.2693
vn 0.6606 0.5291 -0.5327
vn 0.8297 0.4806 0.2841
vn 0.6733 0.4998 0.5449
vn 0.8825 0.4702 0.0020
vn 0.8314 0.4798 -0.2803
vn 0.6765 0.4991 -0.5415
vn 0.6741 0.4782 0.5630
vn 0.4290 0.5064 -0.7480
vn 0.6701 0.4773 -0.5684
vn 0.4299 0.5006 -0.7514
vn 0.4363 0.5011 -0.7474
vn 0.6948 0.4738 -0.5411
vn 0.4328 0.5082 -0.7446
vn 0.6890 0.4760 0.5466
vn 0.8501 0.4295 0.3048
vn 0.4269 0.5158 -0.7428
vn 0.8611 0.4247 -0.2796
vn 0.9149 0.4038 -0.0032
vn 0.4267 0.5196 -0.7402
vn 0.9152 0.4029 0.0035
vn 0.8483 0.4285 -0.3111
vn 0.4287 0.5174 -0.7406
vn 0.8579 0.4268 0.2861
vn 0.2040 0.9636 0.1727
vn 0.2682 0.9584 0.0973
vn 0.2189 0.9720 0.0852
vn 0.1846 0.9692 0.1628
vn 0.2945 0.9556 0.0012
vn 0.2301 0.9732 0.0010
vn 0.2690 0.9584 -0.0950
vn 0.2196 0.9720 -0.0833
vn 0.2054 0.9636 -0.1710
vn 0.1859 0.9692 -0.1613
vn 0.2085 0.9751 0.0749
vn 0.1836 0.9709 0.1536
vn 0.2141 0.9768 0.0009
vn 0.2091 0.9751 -0.0732
vn 0.1849 0.9709 -0.1520
vn 0.2250 0.9723 0.0640
vn 0.1987 0.9697 0.1419
vn 0.2292 0.9734 0.0010
vn 0.2255 0.9723 -0.0621
vn 0.1999 0.9697 -0.1402
vn 0.2831 0.9575 0.0549
vn 0.2364 0.9631 0.1286
vn 0.2934 0.9560 0.0012
vn 0.2835 0.9575 -0.0526
vn 0.2375 0.9631 -0.1267
vn 0.2090 0.9608 0.1821
vn 0.1305 0.9658 -0.2239
vn 0.2105 0.9608 -0.1803
vn 0.1321 0.9650 -0.2266
vn 0.0826 0.9655 -0.2470
vn 0.2682 0.9555 -0.1227
vn 0.1263 0.9680 -0.2167
vn 0.3061 0.9480 0.0871
vn 0.2925 0.9497 0.1119
vn 0.1276 0.9674 -0.2189
vn 0.3233 0.9442 -0.0622
vn 0.3348 0.9423 0.0014
vn 0.1259 0.9683 -0.2160
vn 0.3436 0.9391 -0.0043
vn 0.2935 0.9497 -0.1094
vn 0.1251 0.9686 -0.2146
vn 0.3331 0.9418 0.0446
vn 0.1627 0.0000 -0.9867
vn -0.1865 0.0000 -0.9825
vn -0.5000 0.0000 -0.8660
vn -0.7576 0.0000 -0.6527
vn -0.9358 -0.0000 -0.3525
vn 0.0426 0.9591 -0.2798
vn -0.0602 0.9532 -0.2961
vn -0.0455 0.9686 -0.2446
vn 0.0433 0.9656 -0.2564
vn -0.1557 0.9503 -0.2697
vn -0.1221 0.9697 -0.2115
vn -0.2264 0.9532 -0.2002
vn -0.1891 0.9686 -0.1617
vn -0.2636 0.9591 -0.1030
vn -0.2437 0.9656 -0.0907
vn -0.0424 0.9720 -0.2310
vn 0.0433 0.9673 -0.2499
vn -0.1135 0.9739 -0.1965
vn -0.1788 0.9720 -0.1522
vn -0.2381 0.9673 -0.0875
vn -0.0451 0.9691 -0.2424
vn 0.0437 0.9658 -0.2555
vn -0.1206 0.9705 -0.2088
vn -0.1874 0.9691 -0.1602
vn -0.2432 0.9658 -0.0899
vn -0.0539 0.9562 -0.2878
vn 0.0459 0.9606 -0.2743
vn -0.1510 0.9533 -0.2616
vn -0.2223 0.9562 -0.1906
vn -0.2605 0.9606 -0.0974
vn 0.0507 0.9559 -0.2891
vn -0.2757 0.9559 -0.1007
vn -0.2749 0.9548 -0.1127
vn 0.0398 0.9548 -0.2944
vn -0.0584 0.9434 -0.3266
vn -0.2484 0.9418 -0.2264
vn -0.1771 0.9352 -0.3067
vn -0.1772 0.9351 -0.3069
vn -0.2536 0.9434 -0.2138
vn -0.0718 0.9418 -0.3283
vn 0.1069 -0.7633 -0.6372
vn -0.1224 -0.7462 -0.6544
vn -0.1095 -0.8025 -0.5865
vn 0.1032 -0.7868 -0.6085
vn -0.3384 -0.7362 -0.5861
vn -0.2938 -0.8092 -0.5088
vn -0.5055 -0.7462 -0.4332
vn -0.4532 -0.8025 -0.3880
vn -0.6053 -0.7633 -0.2260
vn -0.5786 -0.7868 -0.2149
vn -0.1051 -0.8170 -0.5670
vn 0.1022 -0.7939 -0.5995
vn -0.2815 -0.8265 -0.4875
vn -0.4385 -0.8170 -0.3745
vn -0.5702 -0.7939 -0.2112
vn -0.1106 -0.8002 -0.5894
vn 0.1019 -0.7860 -0.6097
vn -0.2959 -0.8061 -0.5126
vn -0.4552 -0.8002 -0.3905
vn -0.5790 -0.7860 -0.2166
vn -0.1312 -0.7376 -0.6624
vn 0.1004 -0.7586 -0.6438
vn -0.3431 -0.7274 -0.5943
vn -0.5081 -0.7376 -0.4448
vn -0.6078 -0.7586 -0.2349
vn 0.0956 -0.7408 -0.6649
vn -0.6236 -0.7408 -0.2496
vn -0.6273 -0.7441 -0.2296
vn 0.1148 -0.7442 -0.6581
vn -0.1475 -0.6934 -0.7053
vn -0.5475 -0.6971 -0.4628
vn -0.3712 -0.6701 -0.6429
vn -0.3711 -0.6703 -0.6427
vn -0.5371 -0.6934 -0.4804
vn -0.1271 -0.6972 -0.7056
vn 0.1607 -0.1805 -0.9704
vn -0.1831 -0.1721 -0.9679
vn -0.1824 -0.2050 -0.9616
vn 0.1598 -0.1948 -0.9677
vn -0.4929 -0.1680 -0.8537
vn -0.4889 -0.2096 -0.8468
vn -0.7467 -0.1721 -0.6426
vn -0.7416 -0.2050 -0.6388
vn -0.9207 -0.1805 -0.3460
vn -0.9180 -0.1948 -0.3455
vn -0.1818 -0.2157 -0.9594
vn 0.1597 -0.1996 -0.9668
vn -0.4874 -0.2230 -0.8442
vn -0.7400 -0.2157 -0.6371
vn -0.9171 -0.1995 -0.3451
vn -0.1823 -0.2046 -0.9617
vn 0.1597 -0.1947 -0.9678
vn -0.4890 -0.2090 -0.8469
vn -0.7417 -0.2046 -0.6387
vn -0.9180 -0.1947 -0.3456
vn -0.1845 -0.1711 -0.9678
vn 0.1590 -0.1799 -0.9707
vn -0.4930 -0.1670 -0.8539
vn -0.7459 -0.1711 -0.6437
vn -0.9202 -0.1799 -0.3477
vn 0.1565 -0.1703 -0.9729
vn -0.9208 -0.1703 -0.3510
vn -0.9232 -0.1707 -0.3442
vn 0.1635 -0.1707 -0.9717
vn -0.1877 -0.1491 -0.9708
vn -0.7510 -0.1495 -0.6431
vn -0.4951 -0.1393 -0.8576
vn -0.7469 -0.1491 -0.6480
vn -0.1814 -0.1495 -0.9720
vn 0.1450 0.4154 -0.8980
vn -0.1736 0.3967 -0.9014
vn -0.1646 0.4629 -0.8710
vn 0.1463 0.4448 -0.8836
vn -0.4608 0.3879 -0.7982
vn -0.4411 0.4708 -0.7641
vn -0.6938 0.3967 -0.6010
vn -0.6720 0.4629 -0.5780
vn -0.8502 0.4154 -0.3234
vn -0.8384 0.4448 -0.3151
vn -0.1619 0.4839 -0.8600
vn 0.1465 0.4541 -0.8788
vn -0.4339 0.4970 -0.7515
vn -0.6639 0.4839 -0.5702
vn -0.8343 0.4541 -0.3126
vn -0.1643 0.4646 -0.8701
vn 0.1469 0.4453 -0.8832
vn -0.4405 0.4732 -0.7629
vn -0.6714 0.4646 -0.5774
vn -0.8384 0.4453 -0.3144
vn -0.1696 0.4012 -0.9002
vn 0.1493 0.4181 -0.8961
vn -0.4599 0.3924 -0.7966
vn -0.6948 0.4012 -0.5970
vn -0.8506 0.4181 -0.3188
vn 0.1552 0.3983 -0.9040
vn -0.8605 0.3983 -0.3176
vn -0.8559 0.3965 -0.3321
vn 0.1404 0.3965 -0.9072
vn -0.1687 0.3543 -0.9198
vn -0.7037 0.3526 -0.6169
vn -0.4716 0.3323 -0.8168
vn -0.4716 0.3322 -0.8169
vn -0.7122 0.3543 -0.6060
vn -0.1824 0.3526 -0.9178
vn 0.1194 0.6603 -0.7415
vn -0.1462 0.6375 -0.7565
vn -0.1282 0.7095 -0.6929
vn 0.1208 0.6920 -0.7117
vn -0.3897 0.6265 -0.6750
vn -0.3486 0.7168 -0.6038
vn -0.5820 0.6375 -0.5048
vn -0.5360 0.7095 -0.4575
vn -0.7018 0.6603 -0.2673
vn -0.6768 0.6920 -0.2512
vn -0.1251 0.7299 -0.6720
vn 0.1190 0.7015 -0.7027
vn -0.3352 0.7419 -0.5807
vn -0.5194 0.7299 -0.4443
vn -0.6680 0.7015 -0.2483
vn -0.1315 0.7120 -0.6898
vn 0.1174 0.6930 -0.7113
vn -0.3469 0.7201 -0.6009
vn -0.5316 0.7120 -0.4588
vn -0.6747 0.6930 -0.2540
vn -0.1434 0.6455 -0.7501
vn 0.1204 0.6650 -0.7371
vn -0.3864 0.6347 -0.6693
vn -0.5779 0.6455 -0.4993
vn -0.6985 0.6650 -0.2643
vn 0.1329 0.6430 -0.7542
vn -0.7196 0.6430 -0.2620
vn -0.7137 0.6396 -0.2855
vn 0.1096 0.6396 -0.7609
vn -0.1419 0.5912 -0.7939
vn -0.6036 0.5874 -0.5391
vn -0.4133 0.5629 -0.7158
vn -0.4134 0.5624 -0.7161
vn -0.6166 0.5912 -0.5199
vn -0.1651 0.5874 -0.7923
vn 0.1495 0.3553 -0.9227
vn -0.1775 0.3388 -0.9240
vn -0.1706 0.3985 -0.9012
vn 0.1507 0.3818 -0.9119
vn -0.4718 0.3310 -0.8172
vn -0.4570 0.4058 -0.7915
vn -0.7115 0.3388 -0.6157
vn -0.6951 0.3985 -0.5983
vn -0.8739 0.3553 -0.3319
vn -0.8651 0.3818 -0.3254
vn -0.1684 0.4178 -0.8928
vn 0.1509 0.3903 -0.9082
vn -0.4514 0.4300 -0.7819
vn -0.6890 0.4178 -0.5923
vn -0.8620 0.3903 -0.3234
vn -0.1702 0.3999 -0.9006
vn 0.1514 0.3822 -0.9116
vn -0.4565 0.4078 -0.7908
vn -0.6949 0.3999 -0.5977
vn -0.8652 0.3822 -0.3247
vn -0.1740 0.3422 -0.9234
vn 0.1534 0.3573 -0.9213
vn -0.4712 0.3345 -0.8162
vn -0.7127 0.3422 -0.6124
vn -0.8746 0.3573 -0.3278
vn 0.1584 0.3395 -0.9272
vn -0.8821 0.3395 -0.3264
vn -0.8779 0.3382 -0.3389
vn 0.1455 0.3382 -0.9298
vn -0.1728 0.3004 -0.9380
vn -0.7185 0.2992 -0.6279
vn -0.4798 0.2811 -0.8311
vn -0.7259 0.3004 -0.6187
vn -0.1846 0.2992 -0.9362
vn 0.1248 -0.6559 -0.7445
vn -0.1420 -0.6366 -0.7581
vn -0.1308 -0.7034 -0.6986
vn 0.1213 -0.6841 -0.7193
vn -0.3900 -0.6258 -0.6755
vn -0.3512 -0.7118 -0.6083
vn -0.5855 -0.6366 -0.5020
vn -0.5396 -0.7034 -0.4626
vn -0.7072 -0.6559 -0.2641
vn -0.6835 -0.6841 -0.2546
vn -0.1268 -0.7216 -0.6806
vn 0.1202 -0.6928 -0.7111
vn -0.3397 -0.7338 -0.5884
vn -0.5260 -0.7216 -0.4501
vn -0.6759 -0.6928 -0.2514
vn -0.1319 -0.7009 -0.7010
vn 0.1198 -0.6833 -0.7203
vn -0.3530 -0.7083 -0.6114
vn -0.5411 -0.7009 -0.4648
vn -0.6837 -0.6833 -0.2564
vn -0.1497 -0.6283 -0.7634
vn 0.1183 -0.6512 -0.7496
vn -0.3933 -0.6174 -0.6813
vn -0.5863 -0.6283 -0.5113
vn -0.7083 -0.6512 -0.2723
vn 0.1134 -0.6305 -0.7678
vn -0.7217 -0.6305 -0.2857
vn -0.7262 -0.6338 -0.2664
vn 0.1324 -0.6338 -0.7621
vn -0.1640 -0.5783 -0.7991
vn -0.6207 -0.5817 -0.5257
vn -0.4165 -0.5532 -0.7214
vn -0.4165 -0.5534 -0.7213
vn -0.6101 -0.5783 -0.5416
vn -0.1449 -0.5817 -0.8004
vn 0.0481 -0.9576 -0.2841
vn -0.0553 -0.9529 -0.2981
vn -0.0463 -0.9668 -0.2513
vn 0.0458 -0.9632 -0.2648
vn -0.1563 -0.9499 -0.2707
vn -0.1250 -0.9683 -0.2164
vn -0.2305 -0.9529 -0.1969
vn -0.1945 -0.9668 -0.1658
vn -0.2700 -0.9576 -0.1003
vn -0.2522 -0.9632 -0.0927
vn -0.0440 -0.9699 -0.2395
vn 0.0449 -0.9648 -0.2590
vn -0.1177 -0.9719 -0.2038
vn -0.1854 -0.9699 -0.1578
vn -0.2468 -0.9648 -0.0907
vn -0.0475 -0.9662 -0.2535
vn 0.0444 -0.9630 -0.2657
vn -0.1266 -0.9674 -0.2192
vn -0.1957 -0.9662 -0.1679
vn -0.2524 -0.9630 -0.0944
vn -0.0627 -0.9498 -0.3065
vn 0.0436 -0.9561 -0.2899
vn -0.1611 -0.9466 -0.2791
vn -0.2341 -0.9498 -0.2076
vn -0.2728 -0.9561 -0.1071
vn 0.0417 -0.9515 -0.3047
vn -0.2848 -0.9515 -0.1162
vn -0.2854 -0.9527 -0.1046
vn 0.0521 -0.9527 -0.2995
vn -0.0738 -0.9377 -0.3396
vn -0.2622 -0.9392 -0.2216
vn -0.1832 -0.9305 -0.3173
vn -0.1831 -0.9305 -0.3172
vn -0.2572 -0.9377 -0.2337
vn -0.0608 -0.9392 -0.3379
vn 0.1229 0.6192 -0.7755
vn -0.1540 0.5964 -0.7878
vn -0.1374 0.6702 -0.7294
vn 0.1244 0.6519 -0.7481
vn -0.4054 0.5855 -0.7021
vn -0.3676 0.6778 -0.6367
vn -0.6053 0.5964 -0.5272
vn -0.5630 0.6702 -0.4837
vn -0.7331 0.6192 -0.2813
vn -0.7100 0.6519 -0.2663
vn -0.1325 0.6916 -0.7100
vn 0.1247 0.6617 -0.7393
vn -0.3550 0.7043 -0.6148
vn -0.5487 0.6916 -0.4698
vn -0.7027 0.6617 -0.2616
vn -0.1364 0.6726 -0.7273
vn 0.1257 0.6527 -0.7471
vn -0.3660 0.6813 -0.6339
vn -0.5617 0.6726 -0.4817
vn -0.7099 0.6527 -0.2647
vn -0.1468 0.6042 -0.7832
vn 0.1291 0.6237 -0.7709
vn -0.4024 0.5935 -0.6970
vn -0.6048 0.6042 -0.5187
vn -0.7322 0.6237 -0.2736
vn 0.1366 0.6013 -0.7872
vn -0.7501 0.6013 -0.2753
vn -0.7454 0.5982 -0.2942
vn 0.1179 0.5982 -0.7926
vn -0.1491 0.5490 -0.8224
vn -0.6271 0.5458 -0.5557
vn -0.4268 0.5209 -0.7392
vn -0.4269 0.5208 -0.7393
vn -0.6377 0.5490 -0.5403
vn -0.1677 0.5458 -0.8209
vn 0.0207 0.9903 -0.1374
vn -0.0300 0.9888 -0.1462
vn -0.0222 0.9926 -0.1191
vn 0.0210 0.9919 -0.1251
vn -0.0771 0.9880 -0.1336
vn -0.0594 0.9929 -0.1029
vn -0.1116 0.9888 -0.0991
vn -0.0920 0.9926 -0.0788
vn -0.1293 0.9903 -0.0508
vn -0.1189 0.9919 -0.0443
vn -0.0205 0.9935 -0.1122
vn 0.0212 0.9923 -0.1218
vn -0.0550 0.9939 -0.0953
vn -0.0868 0.9935 -0.0739
vn -0.1161 0.9923 -0.0426
vn -0.0218 0.9928 -0.1180
vn 0.0215 0.9920 -0.1247
vn -0.0586 0.9931 -0.1015
vn -0.0913 0.9928 -0.0779
vn -0.1187 0.9920 -0.0437
vn -0.0263 0.9896 -0.1416
vn 0.0227 0.9907 -0.1343
vn -0.0745 0.9888 -0.1290
vn -0.1095 0.9896 -0.0936
vn -0.1277 0.9907 -0.0475
vn 0.0248 0.9895 -0.1422
vn -0.1355 0.9895 -0.0496
vn -0.1353 0.9892 -0.0556
vn 0.0195 0.9892 -0.1449
vn -0.0291 0.9863 -0.1622
vn -0.1235 0.9859 -0.1127
vn -0.0885 0.9842 -0.1533
vn -0.0886 0.9842 -0.1534
vn -0.1259 0.9863 -0.1063
vn -0.0359 0.9859 -0.1633
vn 0.1485 0.4335 -0.8888
vn -0.1678 0.4143 -0.8945
vn -0.1582 0.4821 -0.8617
vn 0.1497 0.4634 -0.8734
vn -0.4571 0.4053 -0.7917
vn -0.4358 0.4901 -0.7549
vn -0.6908 0.4143 -0.5926
vn -0.6672 0.4821 -0.5679
vn -0.8440 0.4335 -0.3159
vn -0.8313 0.4634 -0.3070
vn -0.1597 0.5033 -0.8492
vn 0.1450 0.4731 -0.8690
vn -0.4281 0.5166 -0.7415
vn -0.6556 0.5033 -0.5629
vn -0.8251 0.4731 -0.3089
vn -0.1675 0.4837 -0.8590
vn 0.1397 0.4644 -0.8746
vn -0.4352 0.4923 -0.7538
vn -0.6602 0.4837 -0.5745
vn -0.8272 0.4644 -0.3163
vn -0.1743 0.4187 -0.8912
vn 0.1410 0.4364 -0.8886
vn -0.4561 0.4096 -0.7900
vn -0.6847 0.4187 -0.5966
vn -0.8401 0.4364 -0.3222
vn 0.1575 0.4161 -0.8956
vn -0.8543 0.4161 -0.3114
vn -0.8466 0.4139 -0.3346
vn 0.1335 0.4139 -0.9005
vn -0.1640 0.3710 -0.9140
vn -0.6956 0.3686 -0.6166
vn -0.4687 0.3482 -0.8118
vn -0.4688 0.3476 -0.8120
vn -0.7096 0.3710 -0.5991
vn -0.1862 0.3686 -0.9108
vn 0.1630 0.1603 -0.9735
vn -0.1819 0.1525 -0.9714
vn -0.1802 0.1824 -0.9666
vn 0.1636 0.1735 -0.9712
vn -0.4944 0.1488 -0.8564
vn -0.4912 0.1864 -0.8508
vn -0.7503 0.1525 -0.6432
vn -0.7470 0.1824 -0.6394
vn -0.9246 0.1603 -0.3456
vn -0.9228 0.1735 -0.3439
vn -0.1827 0.1924 -0.9642
vn 0.1603 0.1779 -0.9709
vn -0.4900 0.1990 -0.8487
vn -0.7436 0.1924 -0.6403
vn -0.9210 0.1779 -0.3466
vn -0.1864 0.1827 -0.9653
vn 0.1569 0.1737 -0.9722
vn -0.4912 0.1868 -0.8508
vn -0.7428 0.1827 -0.6441
vn -0.9204 0.1737 -0.3503
vn -0.1874 0.1531 -0.9703
vn 0.1572 0.1608 -0.9744
vn -0.4944 0.1494 -0.8563
vn -0.7466 0.1531 -0.6474
vn -0.9225 0.1608 -0.3510
vn 0.1661 0.1520 -0.9743
vn -0.9268 0.1520 -0.3433
vn -0.9227 0.1516 -0.3544
vn 0.1545 0.1516 -0.9763
vn -0.1800 0.1330 -0.9746
vn -0.7472 0.1326 -0.6512
vn -0.4961 0.1240 -0.8593
vn -0.4962 0.1238 -0.8594
vn -0.7540 0.1330 -0.6432
vn -0.1904 0.1326 -0.9727
vn 0.1605 -0.0777 -0.9840
vn -0.1876 -0.0739 -0.9795
vn -0.1874 -0.0886 -0.9783
vn 0.1603 -0.0841 -0.9835
vn -0.4987 -0.0721 -0.8638
vn -0.4979 -0.0906 -0.8625
vn -0.7545 -0.0739 -0.6522
vn -0.7535 -0.0886 -0.6514
vn -0.9324 -0.0777 -0.3530
vn -0.9319 -0.0841 -0.3529
vn -0.1856 -0.0934 -0.9782
vn 0.1621 -0.0862 -0.9830
vn -0.4977 -0.0967 -0.8620
vn -0.7543 -0.0934 -0.6498
vn -0.9324 -0.0862 -0.3511
vn -0.1841 -0.0885 -0.9789
vn 0.1639 -0.0840 -0.9829
vn -0.4979 -0.0905 -0.8625
vn -0.7557 -0.0885 -0.6489
vn -0.9332 -0.0840 -0.3495
vn -0.1845 -0.0737 -0.9801
vn 0.1637 -0.0775 -0.9835
vn -0.4987 -0.0719 -0.8638
vn -0.7565 -0.0737 -0.6498
vn -0.9335 -0.0775 -0.3500
vn 0.1591 -0.0733 -0.9845
vn -0.9322 -0.0733 -0.3544
vn -0.9343 -0.0733 -0.3488
vn 0.1651 -0.0733 -0.9836
vn -0.1888 -0.0639 -0.9799
vn -0.7577 -0.0640 -0.6494
vn -0.4991 -0.0596 -0.8645
vn -0.4991 -0.0597 -0.8645
vn -0.7542 -0.0639 -0.6535
vn -0.1835 -0.0640 -0.9809
vn 0.1134 -0.7200 -0.6847
vn -0.1324 -0.7016 -0.7002
vn -0.1198 -0.7632 -0.6350
vn 0.1099 -0.7458 -0.6571
vn -0.3615 -0.6910 -0.6260
vn -0.3187 -0.7706 -0.5518
vn -0.5403 -0.7015 -0.4647
vn -0.4901 -0.7633 -0.4210
vn -0.6497 -0.7199 -0.2440
vn -0.6240 -0.7459 -0.2331
vn -0.1146 -0.7793 -0.6160
vn 0.1099 -0.7535 -0.6482
vn -0.3066 -0.7901 -0.5307
vn -0.4763 -0.7795 -0.4069
vn -0.6163 -0.7537 -0.2284
vn -0.1191 -0.7608 -0.6380
vn 0.1106 -0.7449 -0.6580
vn -0.3208 -0.7674 -0.5552
vn -0.4932 -0.7608 -0.4217
vn -0.6252 -0.7450 -0.2327
vn -0.1388 -0.6931 -0.7074
vn 0.1090 -0.7152 -0.6903
vn -0.3658 -0.6823 -0.6329
vn -0.5437 -0.6930 -0.4735
vn -0.6527 -0.7151 -0.2502
vn 0.1024 -0.6960 -0.7107
vn -0.6669 -0.6956 -0.2671
vn -0.6718 -0.6992 -0.2447
vn 0.1229 -0.6994 -0.7041
vn -0.1560 -0.6457 -0.7475
vn -0.5815 -0.6493 -0.4902
vn -0.3918 -0.6211 -0.6788
vn -0.3922 -0.6215 -0.6782
vn -0.5694 -0.6453 -0.5092
vn -0.1348 -0.6495 -0.7483
vn 0.1443 0.4196 -0.8962
vn -0.1737 0.4008 -0.8996
vn -0.1644 0.4671 -0.8688
vn 0.1457 0.4489 -0.8816
vn -0.4604 0.3918 -0.7966
vn -0.4402 0.4751 -0.7619
vn -0.6929 0.4005 -0.5996
vn -0.6705 0.4673 -0.5762
vn -0.8487 0.4193 -0.3223
vn -0.8365 0.4491 -0.3139
vn -0.1617 0.4881 -0.8577
vn 0.1459 0.4582 -0.8768
vn -0.4328 0.5014 -0.7492
vn -0.6621 0.4884 -0.5684
vn -0.8323 0.4586 -0.3115
vn -0.1641 0.4688 -0.8679
vn 0.1464 0.4494 -0.8812
vn -0.4394 0.4775 -0.7608
vn -0.6697 0.4690 -0.5757
vn -0.8364 0.4497 -0.3135
vn -0.1694 0.4053 -0.8984
vn 0.1488 0.4223 -0.8942
vn -0.4591 0.3964 -0.7951
vn -0.6935 0.4051 -0.5958
vn -0.8489 0.4221 -0.3181
vn 0.1543 0.4025 -0.9023
vn -0.8593 0.4020 -0.3163
vn -0.8543 0.4001 -0.3319
vn 0.1402 0.4008 -0.9054
vn -0.1690 0.3582 -0.9182
vn -0.7025 0.3560 -0.6163
vn -0.4715 0.3358 -0.8154
vn -0.4709 0.3357 -0.8158
vn -0.7117 0.3578 -0.6045
vn -0.1821 0.3566 -0.9163
vn 0.0342 0.9738 -0.2250
vn -0.0486 0.9699 -0.2388
vn -0.0364 0.9799 -0.1960
vn 0.0348 0.9780 -0.2056
vn -0.1257 0.9679 -0.2178
vn -0.0978 0.9807 -0.1693
vn -0.1825 0.9699 -0.1615
vn -0.1515 0.9799 -0.1295
vn -0.2119 0.9738 -0.0829
vn -0.1955 0.9780 -0.0727
vn -0.0339 0.9822 -0.1848
vn 0.0348 0.9791 -0.2003
vn -0.0907 0.9834 -0.1571
vn -0.1431 0.9822 -0.1217
vn -0.1908 0.9791 -0.0701
vn -0.0361 0.9803 -0.1941
vn 0.0351 0.9782 -0.2049
vn -0.0965 0.9812 -0.1671
vn -0.1500 0.9803 -0.1283
vn -0.1950 0.9782 -0.0721
vn -0.0434 0.9718 -0.2317
vn 0.0368 0.9747 -0.2203
vn -0.1217 0.9699 -0.2109
vn -0.1789 0.9718 -0.1534
vn -0.2092 0.9747 -0.0783
vn 0.0408 0.9717 -0.2327
vn -0.2219 0.9717 -0.0810
vn -0.2213 0.9710 -0.0909
vn 0.0319 0.9710 -0.2371
vn -0.0472 0.9634 -0.2640
vn -0.2008 0.9623 -0.1833
vn -0.1436 0.9579 -0.2487
vn -0.1437 0.9578 -0.2489
vn -0.2051 0.9634 -0.1729
vn -0.0583 0.9623 -0.2656
vn 0.1463 -0.4562 -0.8778
vn -0.1664 -0.4383 -0.8833
vn -0.1601 -0.5045 -0.8484
vn 0.1437 -0.4845 -0.8629
vn -0.4516 -0.4291 -0.7823
vn -0.4291 -0.5133 -0.7432
vn -0.6818 -0.4383 -0.5857
vn -0.6547 -0.5045 -0.5629
vn -0.8333 -0.4562 -0.3122
vn -0.8191 -0.4845 -0.3070
vn -0.1573 -0.5243 -0.8369
vn 0.1433 -0.4936 -0.8578
vn -0.4216 -0.5377 -0.7302
vn -0.6461 -0.5243 -0.5547
vn -0.8145 -0.4936 -0.3048
vn -0.1604 -0.5026 -0.8495
vn 0.1432 -0.4839 -0.8633
vn -0.4299 -0.5107 -0.7446
vn -0.6555 -0.5026 -0.5636
vn -0.8193 -0.4839 -0.3077
vn -0.1707 -0.4332 -0.8850
vn 0.1418 -0.4531 -0.8801
vn -0.4529 -0.4239 -0.7844
vn -0.6811 -0.4332 -0.5903
vn -0.8331 -0.4531 -0.3173
vn 0.1368 -0.4333 -0.8908
vn -0.8399 -0.4333 -0.3269
vn -0.8447 -0.4353 -0.3113
vn 0.1528 -0.4353 -0.8872
vn -0.1806 -0.3868 -0.9043
vn -0.7020 -0.3888 -0.5967
vn -0.4655 -0.3651 -0.8063
vn -0.4655 -0.3652 -0.8062
vn -0.6928 -0.3868 -0.6086
vn -0.1657 -0.3888 -0.9063
vn 0.0647 0.9106 -0.4083
vn -0.0846 0.8992 -0.4293
vn -0.0655 0.9299 -0.3619
vn 0.0658 0.9236 -0.3776
vn -0.2246 0.8934 -0.3890
vn -0.1807 0.9324 -0.3130
vn -0.3295 0.8992 -0.2879
vn -0.2807 0.9299 -0.2377
vn -0.3859 0.9106 -0.1481
vn -0.3599 0.9236 -0.1318
vn -0.0630 0.9372 -0.3430
vn 0.0637 0.9272 -0.3691
vn -0.1689 0.9412 -0.2926
vn -0.2656 0.9372 -0.2261
vn -0.3515 0.9272 -0.1293
vn -0.0690 0.9310 -0.3583
vn 0.0618 0.9242 -0.3769
vn -0.1788 0.9338 -0.3097
vn -0.2758 0.9310 -0.2389
vn -0.3573 0.9242 -0.1349
vn -0.0814 0.9044 -0.4188
vn 0.0641 0.9133 -0.4021
vn -0.2192 0.8988 -0.3797
vn -0.3220 0.9044 -0.2799
vn -0.3803 0.9133 -0.1456
vn 0.0753 0.9040 -0.4208
vn -0.4021 0.9040 -0.1452
vn -0.3992 0.9018 -0.1656
vn 0.0561 0.9018 -0.4285
vn -0.0823 0.8794 -0.4689
vn -0.3553 0.8763 -0.3254
vn -0.2519 0.8639 -0.4363
vn -0.2523 0.8634 -0.4370
vn -0.3650 0.8794 -0.3057
vn -0.1042 0.8763 -0.4704
vn 0.1627 -0.0504 -0.9854
vn -0.1860 -0.0479 -0.9814
vn -0.1861 -0.0575 -0.9808
vn 0.1625 -0.0546 -0.9852
vn -0.4994 -0.0468 -0.8651
vn -0.4991 -0.0588 -0.8645
vn -0.7569 -0.0479 -0.6518
vn -0.7564 -0.0575 -0.6516
vn -0.9347 -0.0504 -0.3517
vn -0.9345 -0.0546 -0.3519
vn -0.1861 -0.0607 -0.9807
vn 0.1624 -0.0560 -0.9851
vn -0.4990 -0.0628 -0.8643
vn -0.7562 -0.0607 -0.6515
vn -0.9344 -0.0560 -0.3519
vn -0.1862 -0.0575 -0.9808
vn 0.1624 -0.0546 -0.9852
vn -0.7563 -0.0575 -0.6516
vn -0.9344 -0.0546 -0.3520
vn -0.1865 -0.0479 -0.9813
vn 0.1622 -0.0503 -0.9855
vn -0.4995 -0.0467 -0.8651
vn -0.7566 -0.0479 -0.6521
vn -0.9345 -0.0503 -0.3523
vn 0.1615 -0.0475 -0.9857
vn -0.9344 -0.0476 -0.3530
vn -0.9351 -0.0476 -0.3512
vn 0.1634 -0.0476 -0.9854
vn -0.1872 -0.0415 -0.9815
vn -0.7575 -0.0415 -0.6515
vn -0.4996 -0.0387 -0.8654
vn -0.7564 -0.0415 -0.6528
vn -0.1855 -0.0415 -0.9818
vn 0.0895 -0.8387 -0.5372
vn -0.1045 -0.8248 -0.5556
vn -0.0913 -0.8686 -0.4871
vn 0.0860 -0.8567 -0.5085
vn -0.2887 -0.8164 -0.5001
vn -0.2434 -0.8735 -0.4215
vn -0.4289 -0.8248 -0.3683
vn -0.3762 -0.8686 -0.3226
vn -0.5100 -0.8387 -0.1912
vn -0.4834 -0.8567 -0.1798
vn -0.0865 -0.8793 -0.4684
vn 0.0857 -0.8620 -0.4996
vn -0.2316 -0.8862 -0.4012
vn -0.3625 -0.8793 -0.3091
vn -0.4755 -0.8620 -0.1756
vn -0.0912 -0.8667 -0.4904
vn 0.0860 -0.8561 -0.5096
vn -0.2456 -0.8710 -0.4254
vn -0.3791 -0.8667 -0.3242
vn -0.4844 -0.8561 -0.1803
vn -0.1124 -0.8171 -0.5654
vn 0.0847 -0.8346 -0.5443
vn -0.2942 -0.8085 -0.5096
vn -0.4334 -0.8172 -0.3800
vn -0.5137 -0.8346 -0.1988
vn 0.0791 -0.8205 -0.5661
vn -0.5298 -0.8205 -0.2145
vn -0.5329 -0.8236 -0.1944
vn 0.0981 -0.8235 -0.5587
vn -0.1301 -0.7814 -0.6103
vn -0.4735 -0.7851 -0.3992
vn -0.3239 -0.7619 -0.5610
vn -0.3237 -0.7621 -0.5607
vn -0.4635 -0.7814 -0.4178
vn -0.1090 -0.7851 -0.6097
vn 0.0730 0.8778 -0.4733
vn -0.0991 0.8635 -0.4945
vn -0.0786 0.9031 -0.4222
vn 0.0742 0.8949 -0.4401
vn -0.2582 0.8563 -0.4472
vn -0.2112 0.9064 -0.3658
vn -0.3787 0.8635 -0.3331
vn -0.3263 0.9031 -0.2792
vn -0.4465 0.8778 -0.1734
vn -0.4182 0.8949 -0.1558
vn -0.0740 0.9128 -0.4017
vn 0.0741 0.8995 -0.4306
vn -0.1982 0.9181 -0.3432
vn -0.3109 0.9128 -0.2649
vn -0.4099 0.8995 -0.1511
vn -0.0782 0.9046 -0.4190
vn 0.0746 0.8954 -0.4389
vn -0.2090 0.9084 -0.3621
vn -0.3238 0.9046 -0.2773
vn -0.4174 0.8954 -0.1548
vn -0.0909 0.8701 -0.4844
vn 0.0779 0.8813 -0.4662
vn -0.2525 0.8631 -0.4373
vn -0.3741 0.8701 -0.3209
vn -0.4427 0.8813 -0.1656
vn 0.0854 0.8692 -0.4870
vn -0.4644 0.8692 -0.1695
vn -0.4622 0.8666 -0.1878
vn 0.0684 0.8667 -0.4942
vn -0.0961 0.8379 -0.5373
vn -0.4085 0.8346 -0.3695
vn -0.2872 0.8186 -0.4974
vn -0.2873 0.8184 -0.4977
vn -0.4173 0.8379 -0.3519
vn -0.1157 0.8346 -0.5385
vn 0.1627 0.0129 -0.9866
vn -0.1864 0.0122 -0.9824
vn -0.1864 0.0147 -0.9824
vn 0.1627 0.0139 -0.9866
vn -0.5000 0.0119 -0.8660
vn -0.4999 0.0150 -0.8659
vn -0.7576 0.0122 -0.6526
vn -0.7576 0.0147 -0.6526
vn -0.9358 0.0129 -0.3524
vn -0.9358 0.0139 -0.3523
vn -0.1864 0.0155 -0.9823
vn 0.1627 0.0143 -0.9866
vn -0.4999 0.0161 -0.8659
vn -0.7575 0.0155 -0.6526
vn -0.9357 0.0143 -0.3524
vn -0.1865 0.0147 -0.9823
vn 0.1626 0.0139 -0.9866
vn -0.7575 0.0147 -0.6527
vn -0.9357 0.0139 -0.3525
vn -0.1865 0.0122 -0.9824
vn 0.1626 0.0129 -0.9866
vn -0.7575 0.0122 -0.6527
vn -0.9357 0.0129 -0.3525
vn 0.1630 0.0122 -0.9866
vn -0.9359 0.0122 -0.3521
vn -0.9356 0.0122 -0.3527
vn 0.1623 0.0121 -0.9867
vn -0.1862 0.0106 -0.9825
vn -0.7574 0.0106 -0.6529
vn -0.5000 0.0099 -0.8660
vn -0.7578 0.0106 -0.6525
vn -0.1867 0.0106 -0.9824
vn 0.1439 -0.4158 -0.8980
vn -0.1749 -0.3987 -0.9002
vn -0.1695 -0.4617 -0.8707
vn 0.1418 -0.4427 -0.8854
vn -0.4610 -0.3897 -0.7973
vn -0.4422 -0.4703 -0.7637
vn -0.6930 -0.3983 -0.6009
vn -0.6705 -0.4620 -0.5804
vn -0.8501 -0.4154 -0.3236
vn -0.8382 -0.4431 -0.3179
vn -0.1636 -0.4809 -0.8614
vn 0.1452 -0.4512 -0.8805
vn -0.4359 -0.4942 -0.7521
vn -0.6659 -0.4814 -0.5699
vn -0.8360 -0.4518 -0.3115
vn -0.1633 -0.4601 -0.8727
vn 0.1483 -0.4419 -0.8847
vn -0.4435 -0.4682 -0.7643
vn -0.6765 -0.4605 -0.5747
vn -0.8416 -0.4422 -0.3100
vn -0.1726 -0.3946 -0.9025
vn 0.1467 -0.4131 -0.8988
vn -0.4634 -0.3856 -0.7978
vn -0.6986 -0.3942 -0.5972
vn -0.8536 -0.4127 -0.3179
vn 0.1370 -0.3945 -0.9086
vn -0.8557 -0.3933 -0.3363
vn -0.8636 -0.3956 -0.3126
vn 0.1551 -0.3962 -0.9050
vn -0.1858 -0.3507 -0.9179
vn -0.7165 -0.3519 -0.6023
vn -0.4720 -0.3298 -0.8176
vn -0.4745 -0.3303 -0.8160
vn -0.7022 -0.3496 -0.6202
vn -0.1692 -0.3526 -0.9204
vn 0.0696 -0.8991 -0.4322
vn -0.0868 -0.8891 -0.4494
vn -0.0739 -0.9195 -0.3861
vn 0.0671 -0.9116 -0.4056
vn -0.2356 -0.8829 -0.4061
vn -0.1934 -0.9227 -0.3336
vn -0.3469 -0.8893 -0.2981
vn -0.2986 -0.9193 -0.2562
vn -0.4096 -0.8992 -0.1538
vn -0.3857 -0.9114 -0.1434
vn -0.0685 -0.9266 -0.3698
vn 0.0680 -0.9151 -0.3974
vn -0.1828 -0.9311 -0.3157
vn -0.2870 -0.9264 -0.2438
vn -0.3790 -0.9149 -0.1390
vn -0.0719 -0.9182 -0.3896
vn 0.0694 -0.9110 -0.4065
vn -0.1951 -0.9210 -0.3372
vn -0.3021 -0.9181 -0.2567
vn -0.3872 -0.9109 -0.1427
vn -0.0916 -0.8832 -0.4600
vn 0.0685 -0.8959 -0.4389
vn -0.2405 -0.8769 -0.4162
vn -0.3524 -0.8835 -0.3087
vn -0.4140 -0.8962 -0.1596
vn 0.0602 -0.8858 -0.4602
vn -0.4287 -0.8866 -0.1740
vn -0.4309 -0.8887 -0.1568
vn 0.0805 -0.8884 -0.4519
vn -0.1115 -0.8572 -0.5028
vn -0.3891 -0.8610 -0.3275
vn -0.2704 -0.8432 -0.4647
vn -0.2682 -0.8435 -0.4653
vn -0.3811 -0.8581 -0.3442
vn -0.0884 -0.8606 -0.5015
vn 0.1363 0.5157 -0.8459
vn -0.1647 0.4942 -0.8536
vn -0.1520 0.5672 -0.8095
vn 0.1377 0.5480 -0.8251
vn -0.4375 0.4840 -0.7578
vn -0.4090 0.5753 -0.7083
vn -0.6569 0.4942 -0.5694
vn -0.6250 0.5672 -0.5363
vn -0.8007 0.5157 -0.3049
vn -0.7834 0.5480 -0.2933
vn -0.1488 0.5894 -0.7940
vn 0.1372 0.5581 -0.8184
vn -0.3989 0.6030 -0.6909
vn -0.6132 0.5894 -0.5259
vn -0.7773 0.5581 -0.2904
vn -0.1528 0.5693 -0.8078
vn 0.1370 0.5488 -0.8247
vn -0.4079 0.5784 -0.7065
vn -0.6231 0.5693 -0.5362
vn -0.7827 0.5488 -0.2937
vn -0.1608 0.5004 -0.8507
vn 0.1398 0.5194 -0.8430
vn -0.4358 0.4903 -0.7548
vn -0.6563 0.5004 -0.5647
vn -0.8000 0.5194 -0.3005
vn 0.1483 0.4973 -0.8548
vn -0.8144 0.4973 -0.2990
vn -0.8090 0.4948 -0.3173
vn 0.1297 0.4948 -0.8593
vn -0.1598 0.4475 -0.8799
vn -0.6715 0.4449 -0.5925
vn -0.4534 0.4217 -0.7853
vn -0.4534 0.4214 -0.7854
vn -0.6821 0.4474 -0.5783
vn -0.1774 0.4449 -0.8778
vn -0.0624 0.9157 0.3969
vn 0.0828 0.9049 0.4175
vn 0.0640 0.9341 0.3513
vn -0.0634 0.9282 0.3667
vn 0.2186 0.8994 0.3786
vn 0.1754 0.9364 0.3038
vn 0.3202 0.9049 0.2804
vn 0.2722 0.9341 0.2311
vn 0.3750 0.9157 0.1444
vn 0.3493 0.9282 0.1284
vn 0.0611 0.9410 0.3329
vn -0.0619 0.9315 0.3583
vn 0.1639 0.9448 0.2838
vn 0.2577 0.9410 0.2194
vn 0.3413 0.9315 0.1256
vn 0.0664 0.9352 0.3479
vn -0.0607 0.9287 0.3659
vn 0.1735 0.9378 0.3006
vn 0.2681 0.9352 0.2315
vn 0.3472 0.9287 0.1304
vn 0.0785 0.9099 0.4073
vn -0.0631 0.9184 0.3907
vn 0.2132 0.9045 0.3693
vn 0.3135 0.9099 0.2716
vn 0.3698 0.9184 0.1407
vn -0.0729 0.9095 0.4092
vn 0.3909 0.9095 0.1415
vn 0.3884 0.9074 0.1605
vn -0.0552 0.9074 0.4166
vn 0.0805 0.8860 0.4566
vn 0.3463 0.8831 0.3165
vn 0.2455 0.8712 0.4252
vn 0.2458 0.8708 0.4258
vn 0.3552 0.8860 0.2980
vn 0.1009 0.8831 0.4581
vn 0.1574 0.2473 -0.9561
vn -0.1812 0.2354 -0.9549
vn -0.1775 0.2800 -0.9434
vn 0.1583 0.2670 -0.9506
vn -0.4866 0.2298 -0.8428
vn -0.4791 0.2858 -0.8299
vn -0.7363 0.2354 -0.6343
vn -0.7283 0.2800 -0.6254
vn -0.9067 0.2473 -0.3417
vn -0.9024 0.2670 -0.3382
vn -0.1776 0.2947 -0.9389
vn 0.1571 0.2735 -0.9490
vn -0.4763 0.3043 -0.8250
vn -0.7243 0.2947 -0.6233
vn -0.9004 0.2735 -0.3384
vn -0.1799 0.2807 -0.9428
vn 0.1559 0.2673 -0.9509
vn -0.4790 0.2868 -0.8297
vn -0.7265 0.2807 -0.6272
vn -0.9015 0.2673 -0.3405
vn -0.1818 0.2371 -0.9543
vn 0.1570 0.2484 -0.9558
vn -0.4864 0.2315 -0.8425
vn -0.7356 0.2371 -0.6346
vn -0.9063 0.2484 -0.3419
vn 0.1633 0.2352 -0.9581
vn -0.9114 0.2352 -0.3377
vn -0.9074 0.2345 -0.3487
vn 0.1517 0.2345 -0.9602
vn -0.1777 0.2066 -0.9621
vn -0.7376 0.2059 -0.6430
vn -0.4906 0.1928 -0.8498
vn -0.4906 0.1927 -0.8498
vn -0.7444 0.2066 -0.6350
vn -0.1881 0.2059 -0.9603
vn 0.1190 0.6755 -0.7277
vn -0.1422 0.6529 -0.7440
vn -0.1237 0.7239 -0.6787
vn 0.1204 0.7067 -0.6972
vn -0.3834 0.6419 -0.6640
vn -0.3411 0.7311 -0.5909
vn -0.5732 0.6529 -0.4951
vn -0.5259 0.7239 -0.4465
vn -0.6897 0.6755 -0.2608
vn -0.6640 0.7067 -0.2443
vn -0.1222 0.7439 -0.6571
vn 0.1166 0.7161 -0.6882
vn -0.3275 0.7555 -0.5673
vn -0.5079 0.7439 -0.4343
vn -0.6543 0.7161 -0.2431
vn -0.1308 0.7263 -0.6748
vn 0.1127 0.7079 -0.6973
vn -0.3395 0.7342 -0.5880
vn -0.5190 0.7263 -0.4507
vn -0.6602 0.7079 -0.2511
vn -0.1437 0.6608 -0.7367
vn 0.1151 0.6803 -0.7238
vn -0.3800 0.6499 -0.6582
vn -0.5661 0.6608 -0.4928
vn -0.6844 0.6803 -0.2622
vn 0.1319 0.6586 -0.7408
vn -0.7075 0.6586 -0.2561
vn -0.7005 0.6550 -0.2833
vn 0.1049 0.6550 -0.7483
vn -0.1384 0.6073 -0.7823
vn -0.5932 0.6030 -0.5334
vn -0.4077 0.5789 -0.7061
vn -0.4080 0.5781 -0.7066
vn -0.6083 0.6073 -0.5110
vn -0.1653 0.6030 -0.7804
vn 0.0705 0.9075 -0.4142
vn -0.0815 0.8959 -0.4367
vn -0.0621 0.9274 -0.3690
vn 0.0719 0.9207 -0.3835
vn -0.2281 0.8899 -0.3950
vn -0.1837 0.9300 -0.3182
vn -0.3374 0.8959 -0.2889
vn -0.2885 0.9274 -0.2382
vn -0.3939 0.9075 -0.1460
vn -0.3681 0.9207 -0.1295
vn -0.0642 0.9349 -0.3491
vn 0.0645 0.9246 -0.3754
vn -0.1720 0.9390 -0.2978
vn -0.2702 0.9349 -0.2301
vn -0.3574 0.9246 -0.1318
vn -0.0786 0.9283 -0.3633
vn 0.0531 0.9217 -0.3842
vn -0.1824 0.9311 -0.3159
vn -0.2753 0.9283 -0.2497
vn -0.3593 0.9217 -0.1462
vn -0.0969 0.9001 -0.4247
vn 0.0496 0.9103 -0.4109
vn -0.2239 0.8941 -0.3879
vn -0.3194 0.9001 -0.2963
vn -0.3806 0.9103 -0.1625
vn 0.0796 0.9008 -0.4270
vn -0.4096 0.9008 -0.1445
vn -0.4009 0.8975 -0.1834
vn 0.0416 0.8975 -0.4390
vn -0.0802 0.8756 -0.4762
vn -0.3533 0.8707 -0.3420
vn -0.2554 0.8597 -0.4424
vn -0.2569 0.8579 -0.4450
vn -0.3723 0.8756 -0.3076
vn -0.1195 0.8707 -0.4770
vn 0.0950 -0.7494 -0.6553
vn -0.1388 -0.7307 -0.6685
vn -0.1222 -0.7896 -0.6013
vn 0.0949 -0.7739 -0.6261
vn -0.3469 -0.7201 -0.6009
vn -0.3025 -0.7962 -0.5239
vn -0.5095 -0.7307 -0.4544
vn -0.4596 -0.7896 -0.4065
vn -0.6150 -0.7494 -0.2454
vn -0.5897 -0.7739 -0.2308
vn -0.1081 -0.8048 -0.5836
vn 0.1048 -0.7808 -0.6159
vn -0.2899 -0.8148 -0.5021
vn -0.4513 -0.8048 -0.3854
vn -0.5858 -0.7808 -0.2172
vn -0.1066 -0.7875 -0.6070
vn 0.1124 -0.7724 -0.6252
vn -0.3041 -0.7938 -0.5267
vn -0.4724 -0.7875 -0.3958
vn -0.5976 -0.7724 -0.2153
vn -0.1270 -0.7233 -0.6788
vn 0.1108 -0.7445 -0.6584
vn -0.3507 -0.7127 -0.6075
vn -0.5244 -0.7233 -0.4494
vn -0.6256 -0.7445 -0.2332
vn 0.0859 -0.7254 -0.6830
vn -0.6344 -0.7254 -0.2671
vn -0.6440 -0.7297 -0.2300
vn 0.1228 -0.7297 -0.6727
vn -0.1613 -0.6763 -0.7188
vn -0.5620 -0.6819 -0.4681
vn -0.3787 -0.6529 -0.6560
vn -0.3780 -0.6545 -0.6548
vn -0.5418 -0.6763 -0.4990
vn -0.1244 -0.6819 -0.7208
vn 0.1528 -0.2807 -0.9476
vn -0.1830 -0.2681 -0.9459
vn -0.1808 -0.3160 -0.9314
vn 0.1511 -0.3012 -0.9415
vn -0.4831 -0.2616 -0.8355
vn -0.4743 -0.3228 -0.8190
vn -0.7285 -0.2677 -0.6305
vn -0.7177 -0.3164 -0.6204
vn -0.8975 -0.2803 -0.3406
vn -0.8916 -0.3017 -0.3377
vn -0.1770 -0.3312 -0.9268
vn 0.1537 -0.3079 -0.9389
vn -0.4714 -0.3420 -0.8129
vn -0.7163 -0.3319 -0.6138
vn -0.8911 -0.3086 -0.3328
vn -0.1760 -0.3152 -0.9326
vn 0.1562 -0.3008 -0.9408
vn -0.4754 -0.3217 -0.8188
vn -0.7225 -0.3156 -0.6151
vn -0.8944 -0.3012 -0.3305
vn -0.1811 -0.2661 -0.9468
vn 0.1547 -0.2794 -0.9476
vn -0.4853 -0.2596 -0.8349
vn -0.7333 -0.2657 -0.6259
vn -0.9002 -0.2790 -0.3343
vn 0.1482 -0.2655 -0.9527
vn -0.8992 -0.2643 -0.3486
vn -0.9059 -0.2655 -0.3299
vn 0.1602 -0.2663 -0.9505
vn -0.1891 -0.2336 -0.9538
vn -0.7431 -0.2337 -0.6271
vn -0.4880 -0.2183 -0.8451
vn -0.4909 -0.2185 -0.8434
vn -0.7316 -0.2325 -0.6409
vn -0.1783 -0.2345 -0.9556
vn 0.1416 0.4961 -0.8566
vn -0.1637 0.4753 -0.8645
vn -0.1508 0.5467 -0.8236
vn 0.1439 0.5273 -0.8374
vn -0.4447 0.4650 -0.7655
vn -0.4170 0.5552 -0.7196
vn -0.6701 0.4747 -0.5706
vn -0.6394 0.5472 -0.5401
vn -0.8146 0.4956 -0.3013
vn -0.7979 0.5279 -0.2910
vn -0.1520 0.5686 -0.8084
vn 0.1388 0.5373 -0.8319
vn -0.4067 0.5826 -0.7037
vn -0.6242 0.5694 -0.5349
vn -0.7896 0.5383 -0.2947
vn -0.1612 0.5486 -0.8204
vn 0.1327 0.5285 -0.8385
vn -0.4145 0.5576 -0.7192
vn -0.6288 0.5491 -0.5506
vn -0.7916 0.5291 -0.3057
vn -0.1688 0.4806 -0.8605
vn 0.1352 0.4998 -0.8555
vn -0.4395 0.4702 -0.7653
vn -0.6584 0.4798 -0.5799
vn -0.8072 0.4991 -0.3151
vn 0.1505 0.4782 -0.8653
vn -0.8273 0.4773 -0.2962
vn -0.8160 0.4738 -0.3311
vn 0.1289 0.4760 -0.8700
vn -0.1611 0.4295 -0.8886
vn -0.6727 0.4247 -0.6059
vn -0.4602 0.4038 -0.7907
vn -0.4546 0.4029 -0.7944
vn -0.6936 0.4285 -0.5791
vn -0.1811 0.4268 -0.8860
vn 0.0476 0.9636 -0.2630
vn -0.0499 0.9584 -0.2809
vn -0.0357 0.9720 -0.2321
vn 0.0488 0.9692 -0.2413
vn -0.1462 0.9556 -0.2557
vn -0.1142 0.9732 -0.1998
vn -0.2168 0.9584 -0.1855
vn -0.1819 0.9720 -0.1485
vn -0.2508 0.9636 -0.0924
vn -0.2327 0.9692 -0.0804
vn -0.0393 0.9751 -0.2181
vn 0.0412 0.9709 -0.2358
vn -0.1063 0.9768 -0.1859
vn -0.1680 0.9751 -0.1445
vn -0.2241 0.9709 -0.0841
vn -0.0571 0.9723 -0.2269
vn 0.0235 0.9697 -0.2430
vn -0.1138 0.9734 -0.1990
vn -0.1665 0.9723 -0.1643
vn -0.2214 0.9697 -0.1030
vn -0.0940 0.9575 -0.2726
vn -0.0068 0.9631 -0.2691
vn -0.1456 0.9560 -0.2546
vn -0.1873 0.9575 -0.2192
vn -0.2284 0.9631 -0.1423
vn 0.0532 0.9608 -0.2720
vn -0.2614 0.9608 -0.0921
vn -0.2412 0.9559 -0.1678
vn -0.0770 0.9481 -0.3086
vn -0.0494 0.9497 -0.3093
vn -0.2126 0.9437 -0.2534
vn -0.1662 0.9423 -0.2907
vn -0.1754 0.9391 -0.2955
vn -0.2415 0.9497 -0.1994
vn -0.1283 0.9418 -0.3108
usemtl cristal_2
s 1
f 1240/1/1 1241/2/1 1246/3/1 1245/4/1
f 1241/2/1 1242/5/1 1247/6/1 1246/3/1
f 1242/5/1 1243/7/1 1248/8/1 1247/6/1
f 1243/7/1 1244/9/1 1249/10/1 1248/8/1
f 1245/4/1 1246/3/1 1251/11/1 1250/12/1
f 1246/3/1 1247/6/1 1252/13/1 1251/11/1
f 1247/6/1 1248/8/1 1253/14/1 1252/13/1
f 1248/8/1 1249/10/1 1254/15/1 1253/14/1
f 1250/12/1 1251/11/1 1256/16/1 1255/17/1
f 1251/11/1 1252/13/1 1257/18/1 1256/16/1
f 1252/13/1 1253/14/1 1258/19/1 1257/18/1
f 1253/14/1 1254/15/1 1259/20/1 1258/19/1
f 1255/17/1 1256/16/1 1261/21/1 1260/22/1
f 1256/16/1 1257/18/1 1262/23/1 1261/21/1
f 1257/18/1 1258/19/1 1263/24/1 1262/23/1
f 1258/19/1 1259/20/1 1264/25/1 1263/24/1
f 1/26/1 115/27/1 1240/1/1 134/28/1
f 120/29/1 1244/9/1 119/30/1 39/31/1
f 40/32/1 125/33/1 1264/25/1 124/34/1
f 130/35/1 1260/22/1 129/36/1 2/37/1
f 115/27/1 116/38/1 1241/2/1 1240/1/1
f 121/39/1 1249/10/1 1244/9/1 120/29/1
f 125/33/1 126/40/1 1263/24/1 1264/25/1
f 131/41/1 1255/17/1 1260/22/1 130/35/1
f 116/38/1 117/42/1 1242/5/1 1241/2/1
f 122/43/1 1254/15/1 1249/10/1 121/39/1
f 126/40/1 127/44/1 1262/23/1 1263/24/1
f 132/45/1 1250/12/1 1255/17/1 131/41/1
f 117/42/1 118/46/1 1243/7/1 1242/5/1
f 123/47/1 1259/20/1 1254/15/1 122/43/1
f 127/44/1 128/48/1 1261/21/1 1262/23/1
f 133/49/1 1245/4/1 1250/12/1 132/45/1
f 118/46/1 119/30/1 1244/9/1 1243/7/1
f 124/34/1 1264/25/1 1259/20/1 123/47/1
f 128/48/1 129/36/1 1260/22/1 1261/21/1
f 134/28/1 1240/1/1 1245/4/1 133/49/1
f 1265/50/2 1266/51/3 1271/52/3 1270/53/2
f 1266/51/3 1267/54/4 1272/55/4 1271/52/3
f 1267/54/4 1268/56/5 1273/57/5 1272/55/4
f 1268/56/5 1269/58/6 1274/59/6 1273/57/5
f 1270/53/2 1271/52/3 1276/60/3 1275/61/2
f 1271/52/3 1272/55/4 1277/62/4 1276/60/3
f 1272/55/4 1273/57/5 1278/63/5 1277/62/4
f 1273/57/5 1274/59/6 1279/64/6 1278/63/5
f 1275/61/2 1276/60/3 1281/65/3 1280/66/2
f 1276/60/3 1277/62/4 1282/67/4 1281/65/3
f 1277/62/4 1278/63/5 1283/68/5 1282/67/4
f 1278/63/5 1279/64/6 1284/69/6 1283/68/5
f 1280/66/2 1281/65/3 1286/70/3 1285/71/2
f 1281/65/3 1282/67/4 1287/72/4 1286/70/3
f 1282/67/4 1283/68/5 1288/73/5 1287/72/4
f 1283/68/5 1284/69/6 1289/74/6 1288/73/5
f 2/37/7 129/36/2 1265/50/2 149/75/7
f 135/76/8 1269/58/6 125/33/6 40/32/8
f 41/77/8 140/78/6 1289/74/6 139/79/8
f 145/80/7 1285/71/2 144/81/2 3/82/7
f 129/36/2 128/48/3 1266/51/3 1265/50/2
f 136/83/8 1274/59/6 1269/58/6 135/76/8
f 140/78/6 141/84/5 1288/73/5 1289/74/6
f 146/85/7 1280/66/2 1285/71/2 145/80/7
f 128/48/3 127/44/4 1267/54/4 1266/51/3
f 137/86/8 1279/64/6 1274/59/6 136/83/8
f 141/84/5 142/87/4 1287/72/4 1288/73/5
f 147/88/7 1275/61/2 1280/66/2 146/85/7
f 127/44/4 126/40/5 1268/56/5 1267/54/4
f 138/89/8 1284/69/6 1279/64/6 137/86/8
f 142/87/4 143/90/3 1286/70/3 1287/72/4
f 148/91/7 1270/53/2 1275/61/2 147/88/7
f 126/40/5 125/33/6 1269/58/6 1268/56/5
f 139/79/8 1289/74/6 1284/69/6 138/89/8
f 143/90/3 144/81/2 1285/71/2 1286/70/3
f 149/75/7 1265/50/2 1270/53/2 148/91/7
f 1290/92/9 1291/93/10 1296/94/11 1295/95/12
f 1291/93/10 1292/96/13 1297/97/14 1296/94/11
f 1292/96/13 1293/98/15 1298/99/16 1297/97/14
f 1293/98/15 1294/100/17 1299/101/18 1298/99/16
f 1295/95/12 1296/94/11 1301/102/19 1300/103/20
f 1296/94/11 1297/97/14 1302/104/21 1301/102/19
f 1297/97/14 1298/99/16 1303/105/22 1302/104/21
f 1298/99/16 1299/101/18 1304/106/23 1303/105/22
f 1300/103/20 1301/102/19 1306/107/24 1305/108/25
f 1301/102/19 1302/104/21 1307/109/26 1306/107/24
f 1302/104/21 1303/105/22 1308/110/27 1307/109/26
f 1303/105/22 1304/106/23 1309/111/28 1308/110/27
f 1305/108/25 1306/107/24 1311/112/29 1310/113/30
f 1306/107/24 1307/109/26 1312/114/31 1311/112/29
f 1307/109/26 1308/110/27 1313/115/32 1312/114/31
f 1308/110/27 1309/111/28 1314/116/33 1313/115/32
f 3/82/34 144/81/35 1290/92/9 164/117/36
f 150/118/37 1294/100/17 140/78/38 41/77/39
f 42/119/40 155/120/41 1314/116/33 154/121/42
f 160/122/43 1310/113/30 159/123/44 4/124/45
f 144/81/35 143/90/46 1291/93/10 1290/92/9
f 151/125/47 1299/101/18 1294/100/17 150/118/37
f 155/120/41 156/126/48 1313/115/32 1314/116/33
f 161/127/49 1305/108/25 1310/113/30 160/122/43
f 143/90/46 142/87/50 1292/96/13 1291/93/10
f 152/128/51 1304/106/23 1299/101/18 151/125/47
f 156/126/48 157/129/52 1312/114/31 1313/115/32
f 162/130/53 1300/103/20 1305/108/25 161/127/49
f 142/87/50 141/84/54 1293/98/15 1292/96/13
f 153/131/55 1309/111/28 1304/106/23 152/128/51
f 157/129/52 158/132/56 1311/112/29 1312/114/31
f 163/133/57 1295/95/12 1300/103/20 162/130/53
f 141/84/54 140/78/38 1294/100/17 1293/98/15
f 154/121/42 1314/116/33 1309/111/28 153/131/55
f 158/132/56 159/123/44 1310/113/30 1311/112/29
f 164/117/36 1290/92/9 1295/95/12 163/133/57
f 1315/134/58 1316/135/59 1321/136/60 1320/137/61
f 1316/135/59 1317/138/62 1322/139/63 1321/136/60
f 1317/138/62 1318/140/64 1323/141/65 1322/139/63
f 1318/140/64 1319/142/66 1324/143/67 1323/141/65
f 1320/137/61 1321/136/60 1326/144/68 1325/145/69
f 1321/136/60 1322/139/63 1327/146/70 1326/144/68
f 1322/139/63 1323/141/65 1328/147/71 1327/146/70
f 1323/141/65 1324/143/67 1329/148/72 1328/147/71
f 1325/145/69 1326/144/68 1331/149/73 1330/150/74
f 1326/144/68 1327/146/70 1332/151/75 1331/149/73
f 1327/146/70 1328/147/71 1333/152/76 1332/151/75
f 1328/147/71 1329/148/72 1334/153/77 1333/152/76
f 1330/150/74 1331/149/73 1336/154/78 1335/155/79
f 1331/149/73 1332/151/75 1337/156/80 1336/154/78
f 1332/151/75 1333/152/76 1338/157/81 1337/156/80
f 1333/152/76 1334/153/77 1339/158/82 1338/157/81
f 4/124/83 159/123/84 1315/134/58 179/159/85
f 165/160/86 1319/142/66 155/120/87 42/119/88
f 43/161/89 170/162/90 1339/158/82 169/163/91
f 175/164/92 1335/155/79 174/165/93 5/166/94
f 159/123/84 158/132/95 1316/135/59 1315/134/58
f 166/167/96 1324/143/67 1319/142/66 165/160/86
f 170/162/90 171/168/97 1338/157/81 1339/158/82
f 176/169/98 1330/150/74 1335/155/79 175/164/92
f 158/132/95 157/129/99 1317/138/62 1316/135/59
f 167/170/100 1329/148/72 1324/143/67 166/167/96
f 171/168/97 172/171/101 1337/156/80 1338/157/81
f 177/172/102 1325/145/69 1330/150/74 176/169/98
f 157/129/99 156/126/103 1318/140/64 1317/138/62
f 168/173/104 1334/153/77 1329/148/72 167/170/100
f 172/171/101 173/174/105 1336/154/78 1337/156/80
f 178/175/106 1320/137/61 1325/145/69 177/172/102
f 156/126/103 155/120/87 1319/142/66 1318/140/64
f 169/163/91 1339/158/82 1334/153/77 168/173/104
f 173/174/105 174/165/93 1335/155/79 1336/154/78
f 179/159/85 1315/134/58 1320/137/61 178/175/106
f 1340/176/107 1341/177/108 1346/178/109 1345/179/110
f 1341/177/108 1342/180/111 1347/181/112 1346/178/109
f 1342/180/111 1343/182/113 1348/183/114 1347/181/112
f 1343/182/113 1344/184/115 1349/185/116 1348/183/114
f 1345/179/110 1346/178/109 1351/186/117 1350/187/118
f 1346/178/109 1347/181/112 1352/188/119 1351/186/117
f 1347/181/112 1348/183/114 1353/189/120 1352/188/119
f 1348/183/114 1349/185/116 1354/190/121 1353/189/120
f 1350/187/118 1351/186/117 1356/191/122 1355/192/123
f 1351/186/117 1352/188/119 1357/193/124 1356/191/122
f 1352/188/119 1353/189/120 1358/194/125 1357/193/124
f 1353/189/120 1354/190/121 1359/195/126 1358/194/125
f 1355/192/123 1356/191/122 1361/196/127 1360/197/128
f 1356/191/122 1357/193/124 1362/198/129 1361/196/127
f 1357/193/124 1358/194/125 1363/199/130 1362/198/129
f 1358/194/125 1359/195/126 1364/200/131 1363/199/130
f 5/166/132 174/165/133 1340/176/107 194/201/134
f 180/202/135 1344/184/115 170/162/136 43/161/137
f 44/203/137 185/204/138 1364/200/131 184/205/139
f 190/206/140 1360/197/128 189/207/141 6/208/132
f 174/165/133 173/174/142 1341/177/108 1340/176/107
f 181/209/143 1349/185/116 1344/184/115 180/202/135
f 185/204/138 186/210/144 1363/199/130 1364/200/131
f 191/211/145 1355/192/123 1360/197/128 190/206/140
f 173/174/142 172/171/146 1342/180/111 1341/177/108
f 182/212/147 1354/190/121 1349/185/116 181/209/143
f 186/210/144 187/213/146 1362/198/129 1363/199/130
f 192/214/148 1350/187/118 1355/192/123 191/211/145
f 172/171/146 171/168/149 1343/182/113 1342/180/111
f 183/215/150 1359/195/126 1354/190/121 182/212/147
f 187/213/146 188/216/151 1361/196/127 1362/198/129
f 193/217/152 1345/179/110 1350/187/118 192/214/148
f 171/168/149 170/162/136 1344/184/115 1343/182/113
f 184/205/139 1364/200/131 1359/195/126 183/215/150
f 188/216/151 189/207/141 1360/197/128 1361/196/127
f 194/201/134 1340/176/107 1345/179/110 193/217/152
f 1365/218/153 1366/219/154 1371/220/155 1370/221/156
f 1366/219/154 1367/222/157 1372/223/158 1371/220/155
f 1367/222/157 1368/224/159 1373/225/160 1372/223/158
f 1368/224/159 1369/226/161 1374/227/162 1373/225/160
f 1370/221/156 1371/220/155 1376/228/163 1375/229/164
f 1371/220/155 1372/223/158 1377/230/165 1376/228/163
f 1372/223/158 1373/225/160 1378/231/166 1377/230/165
f 1373/225/160 1374/227/162 1379/232/167 1378/231/166
f 1375/229/164 1376/228/163 1381/233/168 1380/234/169
f 1376/228/163 1377/230/165 1382/235/170 1381/233/168
f 1377/230/165 1378/231/166 1383/236/171 1382/235/170
f 1378/231/166 1379/232/167 1384/237/172 1383/236/171
f 1380/234/169 1381/233/168 1386/238/173 1385/239/174
f 1381/233/168 1382/235/170 1387/240/175 1386/238/173
f 1382/235/170 1383/236/171 1388/241/176 1387/240/175
f 1383/236/171 1384/237/172 1389/242/177 1388/241/176
f 6/208/178 189/207/179 1365/218/153 209/243/180
f 195/244/181 1369/226/161 185/204/182 44/203/183
f 45/245/184 200/246/185 1389/242/177 199/247/186
f 205/248/187 1385/239/174 204/249/188 7/250/178
f 189/207/179 188/216/189 1366/219/154 1365/218/153
f 196/251/190 1374/227/162 1369/226/161 195/244/181
f 200/246/185 201/252/191 1388/241/176 1389/242/177
f 206/253/192 1380/234/169 1385/239/174 205/248/187
f 188/216/189 187/213/193 1367/222/157 1366/219/154
f 197/254/194 1379/232/167 1374/227/162 196/251/190
f 201/252/191 202/255/195 1387/240/175 1388/241/176
f 207/256/196 1375/229/164 1380/234/169 206/253/192
f 187/213/193 186/210/197 1368/224/159 1367/222/157
f 198/257/198 1384/237/172 1379/232/167 197/254/194
f 202/255/195 203/258/199 1386/238/173 1387/240/175
f 208/259/200 1370/221/156 1375/229/164 207/256/196
f 186/210/197 185/204/182 1369/226/161 1368/224/159
f 199/247/186 1389/242/177 1384/237/172 198/257/198
f 203/258/199 204/249/188 1385/239/174 1386/238/173
f 209/243/180 1365/218/153 1370/221/156 208/259/200
f 1390/260/201 1391/261/202 1396/262/203 1395/263/204
f 1391/261/202 1392/264/205 1397/265/206 1396/262/203
f 1392/264/205 1393/266/207 1398/267/208 1397/265/206
f 1393/266/207 1394/268/209 1399/269/210 1398/267/208
f 1395/263/204 1396/262/203 1401/270/211 1400/271/212
f 1396/262/203 1397/265/206 1402/272/213 1401/270/211
f 1397/265/206 1398/267/208 1403/273/214 1402/272/213
f 1398/267/208 1399/269/210 1404/274/215 1403/273/214
f 1400/271/212 1401/270/211 1406/275/216 1405/276/217
f 1401/270/211 1402/272/213 1407/277/218 1406/275/216
f 1402/272/213 1403/273/214 1408/278/219 1407/277/218
f 1403/273/214 1404/274/215 1409/279/220 1408/278/219
f 1405/276/217 1406/275/216 1411/280/221 1410/281/222
f 1406/275/216 1407/277/218 1412/282/223 1411/280/221
f 1407/277/218 1408/278/219 1413/283/224 1412/282/223
f 1408/278/219 1409/279/220 1414/284/225 1413/283/224
f 7/250/226 204/249/227 1390/260/201 224/285/228
f 210/286/229 1394/268/209 200/246/230 45/245/231
f 46/287/232 215/288/233 1414/284/225 214/289/234
f 220/290/235 1410/281/222 219/291/236 8/292/237
f 204/249/227 203/258/238 1391/261/202 1390/260/201
f 211/293/239 1399/269/210 1394/268/209 210/286/229
f 215/288/233 216/294/240 1413/283/224 1414/284/225
f 221/295/241 1405/276/217 1410/281/222 220/290/235
f 203/258/238 202/255/242 1392/264/205 1391/261/202
f 212/296/243 1404/274/215 1399/269/210 211/293/239
f 216/294/240 217/297/244 1412/282/223 1413/283/224
f 222/298/245 1400/271/212 1405/276/217 221/295/241
f 202/255/242 201/252/246 1393/266/207 1392/264/205
f 213/299/247 1409/279/220 1404/274/215 212/296/243
f 217/297/244 218/300/248 1411/280/221 1412/282/223
f 223/301/249 1395/263/204 1400/271/212 222/298/245
f 201/252/246 200/246/230 1394/268/209 1393/266/207
f 214/289/234 1414/284/225 1409/279/220 213/299/247
f 218/300/248 219/291/236 1410/281/222 1411/280/221
f 224/285/228 1390/260/201 1395/263/204 223/301/249
f 1415/302/250 1416/303/251 1421/304/252 1420/305/253
f 1416/303/251 1417/306/254 1422/307/255 1421/304/252
f 1417/306/254 1418/308/256 1423/309/257 1422/307/255
f 1418/308/256 1419/310/258 1424/311/259 1423/309/257
f 1420/305/253 1421/304/252 1426/312/260 1425/313/261
f 1421/304/252 1422/307/255 1427/314/262 1426/312/260
f 1422/307/255 1423/309/257 1428/315/263 1427/314/262
f 1423/309/257 1424/311/259 1429/316/264 1428/315/263
f 1425/313/261 1426/312/260 1431/317/265 1430/318/266
f 1426/312/260 1427/314/262 1432/319/267 1431/317/265
f 1427/314/262 1428/315/263 1433/320/268 1432/319/267
f 1428/315/263 1429/316/264 1434/321/269 1433/320/268
f 1430/318/266 1431/317/265 1436/322/270 1435/323/271
f 1431/317/265 1432/319/267 1437/324/272 1436/322/270
f 1432/319/267 1433/320/268 1438/325/273 1437/324/272
f 1433/320/268 1434/321/269 1439/326/274 1438/325/273
f 8/292/275 219/291/276 1415/302/250 239/327/277
f 225/328/278 1419/310/258 215/288/279 46/287/280
f 47/329/281 230/330/282 1439/326/274 229/331/283
f 235/332/284 1435/323/271 234/333/285 9/334/286
f 219/291/276 218/300/287 1416/303/251 1415/302/250
f 226/335/288 1424/311/259 1419/310/258 225/328/278
f 230/330/282 231/336/289 1438/325/273 1439/326/274
f 236/337/290 1430/318/266 1435/323/271 235/332/284
f 218/300/287 217/297/291 1417/306/254 1416/303/251
f 227/338/292 1429/316/264 1424/311/259 226/335/288
f 231/336/289 232/339/291 1437/324/272 1438/325/273
f 237/340/293 1425/313/261 1430/318/266 236/337/290
f 217/297/291 216/294/294 1418/308/256 1417/306/254
f 228/341/295 1434/321/269 1429/316/264 227/338/292
f 232/339/291 233/342/296 1436/322/270 1437/324/272
f 238/343/297 1420/305/253 1425/313/261 237/340/293
f 216/294/294 215/288/279 1419/310/258 1418/308/256
f 229/331/283 1439/326/274 1434/321/269 228/341/295
f 233/342/296 234/333/285 1435/323/271 1436/322/270
f 239/327/277 1415/302/250 1420/305/253 238/343/297
f 1440/344/298 1441/345/299 1446/346/300 1445/347/301
f 1441/345/299 1442/348/302 1447/349/303 1446/346/300
f 1442/348/302 1443/350/304 1448/351/305 1447/349/303
f 1443/350/304 1444/352/306 1449/353/307 1448/351/305
f 1445/347/301 1446/346/300 1451/354/308 1450/355/309
f 1446/346/300 1447/349/303 1452/356/310 1451/354/308
f 1447/349/303 1448/351/305 1453/357/311 1452/356/310
f 1448/351/305 1449/353/307 1454/358/312 1453/357/311
f 1450/355/309 1451/354/308 1456/359/313 1455/360/314
f 1451/354/308 1452/356/310 1457/361/315 1456/359/313
f 1452/356/310 1453/357/311 1458/362/316 1457/361/315
f 1453/357/311 1454/358/312 1459/363/317 1458/362/316
f 1455/360/314 1456/359/313 1461/364/318 1460/365/319
f 1456/359/313 1457/361/315 1462/366/320 1461/364/318
f 1457/361/315 1458/362/316 1463/367/321 1462/366/320
f 1458/362/316 1459/363/317 1464/368/322 1463/367/321
f 9/334/323 234/333/324 1440/344/298 254/369/325
f 240/370/326 1444/352/306 230/330/327 47/329/328
f 48/371/329 245/372/330 1464/368/322 244/373/331
f 250/374/332 1460/365/319 249/375/333 10/376/334
f 234/333/324 233/342/335 1441/345/299 1440/344/298
f 241/377/336 1449/353/307 1444/352/306 240/370/326
f 245/372/330 246/378/337 1463/367/321 1464/368/322
f 251/379/338 1455/360/314 1460/365/319 250/374/332
f 233/342/335 232/339/339 1442/348/302 1441/345/299
f 242/380/340 1454/358/312 1449/353/307 241/377/336
f 246/378/337 247/381/341 1462/366/320 1463/367/321
f 252/382/342 1450/355/309 1455/360/314 251/379/338
f 232/339/339 231/336/343 1443/350/304 1442/348/302
f 243/383/344 1459/363/317 1454/358/312 242/380/340
f 247/381/341 248/384/345 1461/364/318 1462/366/320
f 253/385/346 1445/347/301 1450/355/309 252/382/342
f 231/336/343 230/330/327 1444/352/306 1443/350/304
f 244/373/331 1464/368/322 1459/363/317 243/383/344
f 248/384/345 249/375/333 1460/365/319 1461/364/318
f 254/369/325 1440/344/298 1445/347/301 253/385/346
f 1465/386/347 1466/387/348 1471/388/349 1470/389/350
f 1466/387/348 1467/390/351 1472/391/352 1471/388/349
f 1467/390/351 1468/392/353 1473/393/354 1472/391/352
f 1468/392/353 1469/394/355 1474/395/356 1473/393/354
f 1470/389/350 1471/388/349 1476/396/357 1475/397/358
f 1471/388/349 1472/391/352 1477/398/359 1476/396/357
f 1472/391/352 1473/393/354 1478/399/360 1477/398/359
f 1473/393/354 1474/395/356 1479/400/361 1478/399/360
f 1475/397/358 1476/396/357 1481/401/362 1480/402/363
f 1476/396/357 1477/398/359 1482/403/364 1481/401/362
f 1477/398/359 1478/399/360 1483/404/365 1482/403/364
f 1478/399/360 1479/400/361 1484/405/366 1483/404/365
f 1480/402/363 1481/401/362 1486/406/367 1485/407/368
f 1481/401/362 1482/403/364 1487/408/369 1486/406/367
f 1482/403/364 1483/404/365 1488/409/370 1487/408/369
f 1483/404/365 1484/405/366 1489/410/371 1488/409/370
f 10/376/372 249/375/373 1465/386/347 269/411/374
f 255/412/375 1469/394/355 245/372/376 48/371/377
f 49/413/378 260/414/379 1489/410/371 259/415/380
f 265/416/381 1485/407/368 264/417/382 11/418/372
f 249/375/373 248/384/383 1466/387/348 1465/386/347
f 256/419/384 1474/395/356 1469/394/355 255/412/375
f 260/414/379 261/420/385 1488/409/370 1489/410/371
f 266/421/386 1480/402/363 1485/407/368 265/416/381
f 248/384/383 247/381/387 1467/390/351 1466/387/348
f 257/422/388 1479/400/361 1474/395/356 256/419/384
f 261/420/385 262/423/389 1487/408/369 1488/409/370
f 267/424/390 1475/397/358 1480/402/363 266/421/386
f 247/381/387 246/378/391 1468/392/353 1467/390/351
f 258/425/392 1484/405/366 1479/400/361 257/422/388
f 262/423/389 263/426/393 1486/406/367 1487/408/369
f 268/427/394 1470/389/350 1475/397/358 267/424/390
f 246/378/391 245/372/376 1469/394/355 1468/392/353
f 259/415/380 1489/410/371 1484/405/366 258/425/392
f 263/426/393 264/417/382 1485/407/368 1486/406/367
f 269/411/374 1465/386/347 1470/389/350 268/427/394
f 1490/428/395 1491/429/396 1496/430/397 1495/431/398
f 1491/429/396 1492/432/399 1497/433/400 1496/430/397
f 1492/432/399 1493/434/401 1498/435/402 1497/433/400
f 1493/434/401 1494/436/403 1499/437/404 1498/435/402
f 1495/431/398 1496/430/397 1501/438/405 1500/439/406
f 1496/430/397 1497/433/400 1502/440/407 1501/438/405
f 1497/433/400 1498/435/402 1503/441/408 1502/440/407
f 1498/435/402 1499/437/404 1504/442/409 1503/441/408
f 1500/439/406 1501/438/405 1506/443/410 1505/444/411
f 1501/438/405 1502/440/407 1507/445/412 1506/443/410
f 1502/440/407 1503/441/408 1508/446/413 1507/445/412
f 1503/441/408 1504/442/409 1509/447/414 1508/446/413
f 1505/444/411 1506/443/410 1511/448/415 1510/449/416
f 1506/443/410 1507/445/412 1512/450/417 1511/448/415
f 1507/445/412 1508/446/413 1513/451/418 1512/450/417
f 1508/446/413 1509/447/414 1514/452/419 1513/451/418
f 11/418/420 264/417/421 1490/428/395 284/453/422
f 270/454/423 1494/436/403 260/414/424 49/413/425
f 50/455/426 275/456/427 1514/452/419 274/457/428
f 280/458/429 1510/449/416 279/459/430 12/460/431
f 264/417/421 263/426/432 1491/429/396 1490/428/395
f 271/461/433 1499/437/404 1494/436/403 270/454/423
f 275/456/427 276/462/434 1513/451/418 1514/452/419
f 281/463/435 1505/444/411 1510/449/416 280/458/429
f 263/426/432 262/423/436 1492/432/399 1491/429/396
f 272/464/437 1504/442/409 1499/437/404 271/461/433
f 276/462/434 277/465/438 1512/450/417 1513/451/418
f 282/466/439 1500/439/406 1505/444/411 281/463/435
f 262/423/436 261/420/440 1493/434/401 1492/432/399
f 273/467/441 1509/447/414 1504/442/409 272/464/437
f 277/465/438 278/468/442 1511/448/415 1512/450/417
f 283/469/443 1495/431/398 1500/439/406 282/466/439
f 261/420/440 260/414/424 1494/436/403 1493/434/401
f 274/457/428 1514/452/419 1509/447/414 273/467/441
f 278/468/442 279/459/430 1510/449/416 1511/448/415
f 284/453/422 1490/428/395 1495/431/398 283/469/443
f 1515/470/444 1516/471/445 1521/472/446 1520/473/447
f 1516/471/445 1517/474/448 1522/475/449 1521/472/446
f 1517/474/448 1518/476/450 1523/477/451 1522/475/449
f 1518/476/450 1519/478/452 1524/479/453 1523/477/451
f 1520/473/447 1521/472/446 1526/480/454 1525/481/455
f 1521/472/446 1522/475/449 1527/482/456 1526/480/454
f 1522/475/449 1523/477/451 1528/483/457 1527/482/456
f 1523/477/451 1524/479/453 1529/484/458 1528/483/457
f 1525/481/455 1526/480/454 1531/485/459 1530/486/460
f 1526/480/454 1527/482/456 1532/487/461 1531/485/459
f 1527/482/456 1528/483/457 1533/488/462 1532/487/461
f 1528/483/457 1529/484/458 1534/489/463 1533/488/462
f 1530/486/460 1531/485/459 1536/490/464 1535/491/465
f 1531/485/459 1532/487/461 1537/492/466 1536/490/464
f 1532/487/461 1533/488/462 1538/493/467 1537/492/466
f 1533/488/462 1534/489/463 1539/494/468 1538/493/467
f 12/460/469 279/459/470 1515/470/444 299/495/471
f 285/496/472 1519/478/452 275/456/473 50/455/474
f 51/497/475 290/498/476 1539/494/468 289/499/477
f 295/500/478 1535/491/465 294/501/479 13/502/480
f 279/459/470 278/468/481 1516/471/445 1515/470/444
f 286/503/482 1524/479/453 1519/478/452 285/496/472
f 290/498/476 291/504/483 1538/493/467 1539/494/468
f 296/505/484 1530/486/460 1535/491/465 295/500/478
f 278/468/481 277/465/485 1517/474/448 1516/471/445
f 287/506/486 1529/484/458 1524/479/453 286/503/482
f 291/504/483 292/507/487 1537/492/466 1538/493/467
f 297/508/488 1525/481/455 1530/486/460 296/505/484
f 277/465/485 276/462/489 1518/476/450 1517/474/448
f 288/509/490 1534/489/463 1529/484/458 287/506/486
f 292/507/487 293/510/491 1536/490/464 1537/492/466
f 298/511/492 1520/473/447 1525/481/455 297/508/488
f 276/462/489 275/456/473 1519/478/452 1518/476/450
f 289/499/477 1539/494/468 1534/489/463 288/509/490
f 293/510/491 294/501/479 1535/491/465 1536/490/464
f 299/495/471 1515/470/444 1520/473/447 298/511/492
f 1540/512/493 1541/513/494 1546/514/495 1545/515/496
f 1541/513/494 1542/516/497 1547/517/498 1546/514/495
f 1542/516/497 1543/518/499 1548/519/500 1547/517/498
f 1543/518/499 1544/520/501 1549/521/502 1548/519/500
f 1545/515/496 1546/514/495 1551/522/503 1550/523/504
f 1546/514/495 1547/517/498 1552/524/505 1551/522/503
f 1547/517/498 1548/519/500 1553/525/506 1552/524/505
f 1548/519/500 1549/521/502 1554/526/507 1553/525/506
f 1550/523/504 1551/522/503 1556/527/508 1555/528/509
f 1551/522/503 1552/524/505 1557/529/510 1556/527/508
f 1552/524/505 1553/525/506 1558/530/511 1557/529/510
f 1553/525/506 1554/526/507 1559/531/512 1558/530/511
f 1555/528/509 1556/527/508 1561/532/513 1560/533/514
f 1556/527/508 1557/529/510 1562/534/515 1561/532/513
f 1557/529/510 1558/530/511 1563/535/516 1562/534/515
f 1558/530/511 1559/531/512 1564/536/517 1563/535/516
f 13/502/518 294/501/519 1540/512/493 314/537/520
f 300/538/521 1544/520/501 290/498/522 51/497/523
f 52/539/524 305/540/525 1564/536/517 304/541/526
f 310/542/527 1560/533/514 309/543/528 14/544/529
f 294/501/519 293/510/530 1541/513/494 1540/512/493
f 301/545/531 1549/521/502 1544/520/501 300/538/521
f 305/540/525 306/546/532 1563/535/516 1564/536/517
f 311/547/533 1555/528/509 1560/533/514 310/542/527
f 293/510/530 292/507/534 1542/516/497 1541/513/494
f 302/548/535 1554/526/507 1549/521/502 301/545/531
f 306/546/532 307/549/536 1562/534/515 1563/535/516
f 312/550/537 1550/523/504 1555/528/509 311/547/533
f 292/507/534 291/504/538 1543/518/499 1542/516/497
f 303/551/539 1559/531/512 1554/526/507 302/548/535
f 307/549/536 308/552/540 1561/532/513 1562/534/515
f 313/553/541 1545/515/496 1550/523/504 312/550/537
f 291/504/538 290/498/522 1544/520/501 1543/518/499
f 304/541/526 1564/536/517 1559/531/512 303/551/539
f 308/552/540 309/543/528 1560/533/514 1561/532/513
f 314/537/520 1540/512/493 1545/515/496 313/553/541
f 1565/554/542 1566/555/543 1571/556/544 1570/557/545
f 1566/555/543 1567/558/546 1572/559/547 1571/556/544
f 1567/558/546 1568/560/548 1573/561/549 1572/559/547
f 1568/560/548 1569/562/550 1574/563/551 1573/561/549
f 1570/557/545 1571/556/544 1576/564/552 1575/565/553
f 1571/556/544 1572/559/547 1577/566/554 1576/564/552
f 1572/559/547 1573/561/549 1578/567/555 1577/566/554
f 1573/561/549 1574/563/551 1579/568/556 1578/567/555
f 1575/565/553 1576/564/552 1581/569/557 1580/570/558
f 1576/564/552 1577/566/554 1582/571/559 1581/569/557
f 1577/566/554 1578/567/555 1583/572/560 1582/571/559
f 1578/567/555 1579/568/556 1584/573/561 1583/572/560
f 1580/570/558 1581/569/557 1586/574/562 1585/575/563
f 1581/569/557 1582/571/559 1587/576/564 1586/574/562
f 1582/571/559 1583/572/560 1588/577/565 1587/576/564
f 1583/572/560 1584/573/561 1589/578/566 1588/577/565
f 14/544/567 309/543/568 1565/554/542 329/579/569
f 315/580/570 1569/562/550 305/540/571 52/539/572
f 53/581/573 320/582/574 1589/578/566 319/583/575
f 325/584/576 1585/575/563 324/585/577 15/586/578
f 309/543/568 308/552/579 1566/555/543 1565/554/542
f 316/587/580 1574/563/551 1569/562/550 315/580/570
f 320/582/574 321/588/581 1588/577/565 1589/578/566
f 326/589/582 1580/570/558 1585/575/563 325/584/576
f 308/552/579 307/549/583 1567/558/546 1566/555/543
f 317/590/584 1579/568/556 1574/563/551 316/587/580
f 321/588/581 322/591/585 1587/576/564 1588/577/565
f 327/592/586 1575/565/553 1580/570/558 326/589/582
f 307/549/583 306/546/587 1568/560/548 1567/558/546
f 318/593/588 1584/573/561 1579/568/556 317/590/584
f 322/591/585 323/594/589 1586/574/562 1587/576/564
f 328/595/590 1570/557/545 1575/565/553 327/592/586
f 306/546/587 305/540/571 1569/562/550 1568/560/548
f 319/583/575 1589/578/566 1584/573/561 318/593/588
f 323/594/589 324/585/577 1585/575/563 1586/574/562
f 329/579/569 1565/554/542 1570/557/545 328/595/590
f 1590/596/591 1591/597/592 1596/598/593 1595/599/594
f 1591/597/592 1592/600/595 1597/601/596 1596/598/593
f 1592/600/595 1593/602/597 1598/603/598 1597/601/596
f 1593/602/597 1594/604/599 1599/605/600 1598/603/598
f 1595/599/594 1596/598/593 1601/606/601 1600/607/602
f 1596/598/593 1597/601/596 1602/608/603 1601/606/601
f 1597/601/596 1598/603/598 1603/609/604 1602/608/603
f 1598/603/598 1599/605/600 1604/610/605 1603/609/604
f 1600/607/602 1601/606/601 1606/611/606 1605/612/607
f 1601/606/601 1602/608/603 1607/613/608 1606/611/606
f 1602/608/603 1603/609/604 1608/614/609 1607/613/608
f 1603/609/604 1604/610/605 1609/615/610 1608/614/609
f 1605/612/607 1606/611/606 1611/616/611 1610/617/612
f 1606/611/606 1607/613/608 1612/618/613 1611/616/611
f 1607/613/608 1608/614/609 1613/619/614 1612/618/613
f 1608/614/609 1609/615/610 1614/620/615 1613/619/614
f 15/586/616 324/585/617 1590/596/591 344/621/618
f 330/622/619 1594/604/599 320/582/620 53/581/621
f 54/623/621 335/624/622 1614/620/615 334/625/619
f 340/626/618 1610/617/612 339/627/623 16/628/616
f 324/585/617 323/594/624 1591/597/592 1590/596/591
f 331/629/625 1599/605/600 1594/604/599 330/622/619
f 335/624/622 336/630/626 1613/619/614 1614/620/615
f 341/631/627 1605/612/607 1610/617/612 340/626/618
f 323/594/624 322/591/628 1592/600/595 1591/597/592
f 332/632/629 1604/610/605 1599/605/600 331/629/625
f 336/630/626 337/633/630 1612/618/613 1613/619/614
f 342/634/631 1600/607/602 1605/612/607 341/631/627
f 322/591/628 321/588/632 1593/602/597 1592/600/595
f 333/635/625 1609/615/610 1604/610/605 332/632/629
f 337/633/630 338/636/633 1611/616/611 1612/618/613
f 343/637/627 1595/599/594 1600/607/602 342/634/631
f 321/588/632 320/582/620 1594/604/599 1593/602/597
f 334/625/619 1614/620/615 1609/615/610 333/635/625
f 338/636/633 339/627/623 1610/617/612 1611/616/611
f 344/621/618 1590/596/591 1595/599/594 343/637/627
f 1615/638/1 1616/639/1 1621/640/1 1620/641/1
f 1616/639/1 1617/642/1 1622/643/1 1621/640/1
f 1617/642/1 1618/644/1 1623/645/1 1622/643/1
f 1618/644/1 1619/646/1 1624/647/1 1623/645/1
f 1620/641/1 1621/640/1 1626/648/1 1625/649/1
f 1621/640/1 1622/643/1 1627/650/1 1626/648/1
f 1622/643/1 1623/645/1 1628/651/1 1627/650/1
f 1623/645/1 1624/647/1 1629/652/1 1628/651/1
f 1625/649/1 1626/648/1 1631/653/1 1630/654/1
f 1626/648/1 1627/650/1 1632/655/1 1631/653/1
f 1627/650/1 1628/651/1 1633/656/1 1632/655/1
f 1628/651/1 1629/652/1 1634/657/1 1633/656/1
f 1630/654/1 1631/653/1 1636/658/1 1635/659/1
f 1631/653/1 1632/655/1 1637/660/1 1636/658/1
f 1632/655/1 1633/656/1 1638/661/1 1637/660/1
f 1633/656/1 1634/657/1 1639/662/1 1638/661/1
f 16/628/1 339/627/1 1615/638/1 359/663/1
f 345/664/1 1619/646/1 335/624/1 54/623/1
f 55/665/1 350/666/1 1639/662/1 349/667/1
f 355/668/1 1635/659/1 354/669/1 17/670/1
f 339/627/1 338/636/1 1616/639/1 1615/638/1
f 346/671/1 1624/647/1 1619/646/1 345/664/1
f 350/666/1 351/672/1 1638/661/1 1639/662/1
f 356/673/1 1630/654/1 1635/659/1 355/668/1
f 338/636/1 337/633/1 1617/642/1 1616/639/1
f 347/674/1 1629/652/1 1624/647/1 346/671/1
f 351/672/1 352/675/1 1637/660/1 1638/661/1
f 357/676/1 1625/649/1 1630/654/1 356/673/1
f 337/633/1 336/630/1 1618/644/1 1617/642/1
f 348/677/1 1634/657/1 1629/652/1 347/674/1
f 352/675/1 353/678/1 1636/658/1 1637/660/1
f 358/679/1 1620/641/1 1625/649/1 357/676/1
f 336/630/1 335/624/1 1619/646/1 1618/644/1
f 349/667/1 1639/662/1 1634/657/1 348/677/1
f 353/678/1 354/669/1 1635/659/1 1636/658/1
f 359/663/1 1615/638/1 1620/641/1 358/679/1
f 1640/680/634 1641/681/635 1646/682/636 1645/683/637
f 1641/681/635 1642/684/638 1647/685/639 1646/682/636
f 1642/684/638 1643/686/640 1648/687/641 1647/685/639
f 1643/686/640 1644/688/642 1649/689/643 1648/687/641
f 1645/683/637 1646/682/636 1651/690/644 1650/691/645
f 1646/682/636 1647/685/639 1652/692/646 1651/690/644
f 1647/685/639 1648/687/641 1653/693/647 1652/692/646
f 1648/687/641 1649/689/643 1654/694/648 1653/693/647
f 1650/691/645 1651/690/644 1656/695/649 1655/696/650
f 1651/690/644 1652/692/646 1657/697/651 1656/695/649
f 1652/692/646 1653/693/647 1658/698/652 1657/697/651
f 1653/693/647 1654/694/648 1659/699/653 1658/698/652
f 1655/696/650 1656/695/649 1661/700/654 1660/701/655
f 1656/695/649 1657/697/651 1662/702/656 1661/700/654
f 1657/697/651 1658/698/652 1663/703/657 1662/702/656
f 1658/698/652 1659/699/653 1664/704/658 1663/703/657
f 17/670/659 354/669/660 1640/680/634 374/705/661
f 360/706/662 1644/688/642 350/666/663 55/665/664
f 56/707/665 365/708/666 1664/704/658 364/709/667
f 370/710/668 1660/701/655 369/711/669 18/712/670
f 354/669/660 353/678/671 1641/681/635 1640/680/634
f 361/713/672 1649/689/643 1644/688/642 360/706/662
f 365/708/666 366/714/673 1663/703/657 1664/704/658
f 371/715/674 1655/696/650 1660/701/655 370/710/668
f 353/678/671 352/675/675 1642/684/638 1641/681/635
f 362/716/676 1654/694/648 1649/689/643 361/713/672
f 366/714/673 367/717/677 1662/702/656 1663/703/657
f 372/718/678 1650/691/645 1655/696/650 371/715/674
f 352/675/675 351/672/679 1643/686/640 1642/684/638
f 363/719/680 1659/699/653 1654/694/648 362/716/676
f 367/717/677 368/720/681 1661/700/654 1662/702/656
f 373/721/682 1645/683/637 1650/691/645 372/718/678
f 351/672/679 350/666/663 1644/688/642 1643/686/640
f 364/709/667 1664/704/658 1659/699/653 363/719/680
f 368/720/681 369/711/669 1660/701/655 1661/700/654
f 374/705/661 1640/680/634 1645/683/637 373/721/682
f 1665/722/683 1666/723/684 1671/724/685 1670/725/686
f 1666/723/684 1667/726/687 1672/727/688 1671/724/685
f 1667/726/687 1668/728/689 1673/729/690 1672/727/688
f 1668/728/689 1669/730/691 1674/731/692 1673/729/690
f 1670/725/686 1671/724/685 1676/732/693 1675/733/694
f 1671/724/685 1672/727/688 1677/734/695 1676/732/693
f 1672/727/688 1673/729/690 1678/735/696 1677/734/695
f 1673/729/690 1674/731/692 1679/736/697 1678/735/696
f 1675/733/694 1676/732/693 1681/737/698 1680/738/699
f 1676/732/693 1677/734/695 1682/739/700 1681/737/698
f 1677/734/695 1678/735/696 1683/740/701 1682/739/700
f 1678/735/696 1679/736/697 1684/741/702 1683/740/701
f 1680/738/699 1681/737/698 1686/742/703 1685/743/704
f 1681/737/698 1682/739/700 1687/744/705 1686/742/703
f 1682/739/700 1683/740/701 1688/745/706 1687/744/705
f 1683/740/701 1684/741/702 1689/746/707 1688/745/706
f 18/712/708 369/711/709 1665/722/683 389/747/710
f 375/748/711 1669/730/691 365/708/712 56/707/713
f 57/749/714 380/750/715 1689/746/707 379/751/716
f 385/752/717 1685/743/704 384/753/718 19/754/719
f 369/711/709 368/720/720 1666/723/684 1665/722/683
f 376/755/721 1674/731/692 1669/730/691 375/748/711
f 380/750/715 381/756/722 1688/745/706 1689/746/707
f 386/757/723 1680/738/699 1685/743/704 385/752/717
f 368/720/720 367/717/724 1667/726/687 1666/723/684
f 377/758/725 1679/736/697 1674/731/692 376/755/721
f 381/756/722 382/759/726 1687/744/705 1688/745/706
f 387/760/727 1675/733/694 1680/738/699 386/757/723
f 367/717/724 366/714/728 1668/728/689 1667/726/687
f 378/761/729 1684/741/702 1679/736/697 377/758/725
f 382/759/726 383/762/730 1686/742/703 1687/744/705
f 388/763/731 1670/725/686 1675/733/694 387/760/727
f 366/714/728 365/708/712 1669/730/691 1668/728/689
f 379/751/716 1689/746/707 1684/741/702 378/761/729
f 383/762/730 384/753/718 1685/743/704 1686/742/703
f 389/747/710 1665/722/683 1670/725/686 388/763/731
f 1690/764/732 1691/765/733 1696/766/734 1695/767/735
f 1691/765/733 1692/768/736 1697/769/737 1696/766/734
f 1692/768/736 1693/770/738 1698/771/739 1697/769/737
f 1693/770/738 1694/772/740 1699/773/741 1698/771/739
f 1695/767/735 1696/766/734 1701/774/742 1700/775/743
f 1696/766/734 1697/769/737 1702/776/744 1701/774/742
f 1697/769/737 1698/771/739 1703/777/745 1702/776/744
f 1698/771/739 1699/773/741 1704/778/746 1703/777/745
f 1700/775/743 1701/774/742 1706/779/747 1705/780/748
f 1701/774/742 1702/776/744 1707/781/749 1706/779/747
f 1702/776/744 1703/777/745 1708/782/750 1707/781/749
f 1703/777/745 1704/778/746 1709/783/751 1708/782/750
f 1705/780/748 1706/779/747 1711/784/752 1710/785/753
f 1706/779/747 1707/781/749 1712/786/754 1711/784/752
f 1707/781/749 1708/782/750 1713/787/755 1712/786/754
f 1708/782/750 1709/783/751 1714/788/756 1713/787/755
f 19/754/757 384/753/758 1690/764/732 404/789/759
f 390/790/760 1694/772/740 380/750/761 57/749/762
f 58/791/763 395/792/764 1714/788/756 394/793/765
f 400/794/766 1710/785/753 399/795/767 20/796/768
f 384/753/758 383/762/769 1691/765/733 1690/764/732
f 391/797/770 1699/773/741 1694/772/740 390/790/760
f 395/792/764 396/798/771 1713/787/755 1714/788/756
f 401/799/772 1705/780/748 1710/785/753 400/794/766
f 383/762/769 382/759/773 1692/768/736 1691/765/733
f 392/800/774 1704/778/746 1699/773/741 391/797/770
f 396/798/771 397/801/775 1712/786/754 1713/787/755
f 402/802/776 1700/775/743 1705/780/748 401/799/772
f 382/759/773 381/756/777 1693/770/738 1692/768/736
f 393/803/778 1709/783/751 1704/778/746 392/800/774
f 397/801/775 398/804/779 1711/784/752 1712/786/754
f 403/805/780 1695/767/735 1700/775/743 402/802/776
f 381/756/777 380/750/761 1694/772/740 1693/770/738
f 394/793/765 1714/788/756 1709/783/751 393/803/778
f 398/804/779 399/795/767 1710/785/753 1711/784/752
f 404/789/759 1690/764/732 1695/767/735 403/805/780
f 1715/806/781 1716/807/782 1721/808/783 1720/809/784
f 1716/807/782 1717/810/785 1722/811/786 1721/808/783
f 1717/810/785 1718/812/787 1723/813/788 1722/811/786
f 1718/812/787 1719/814/789 1724/815/790 1723/813/788
f 1720/809/784 1721/808/783 1726/816/791 1725/817/792
f 1721/808/783 1722/811/786 1727/818/793 1726/816/791
f 1722/811/786 1723/813/788 1728/819/794 1727/818/793
f 1723/813/788 1724/815/790 1729/820/795 1728/819/794
f 1725/817/792 1726/816/791 1731/821/796 1730/822/797
f 1726/816/791 1727/818/793 1732/823/798 1731/821/796
f 1727/818/793 1728/819/794 1733/824/799 1732/823/798
f 1728/819/794 1729/820/795 1734/825/800 1733/824/799
f 1730/822/797 1731/821/796 1736/826/801 1735/827/802
f 1731/821/796 1732/823/798 1737/828/803 1736/826/801
f 1732/823/798 1733/824/799 1738/829/804 1737/828/803
f 1733/824/799 1734/825/800 1739/830/805 1738/829/804
f 20/796/806 399/795/807 1715/806/781 419/831/808
f 405/832/809 1719/814/789 395/792/810 58/791/811
f 59/833/812 410/834/813 1739/830/805 409/835/814
f 415/836/815 1735/827/802 414/837/816 21/838/806
f 399/795/807 398/804/817 1716/807/782 1715/806/781
f 406/839/818 1724/815/790 1719/814/789 405/832/809
f 410/834/813 411/840/819 1738/829/804 1739/830/805
f 416/841/820 1730/822/797 1735/827/802 415/836/815
f 398/804/817 397/801/821 1717/810/785 1716/807/782
f 407/842/822 1729/820/795 1724/815/790 406/839/818
f 411/840/819 412/843/823 1737/828/803 1738/829/804
f 417/844/824 1725/817/792 1730/822/797 416/841/820
f 397/801/821 396/798/825 1718/812/787 1717/810/785
f 408/845/826 1734/825/800 1729/820/795 407/842/822
f 412/843/823 413/846/827 1736/826/801 1737/828/803
f 418/847/828 1720/809/784 1725/817/792 417/844/824
f 396/798/825 395/792/810 1719/814/789 1718/812/787
f 409/835/814 1739/830/805 1734/825/800 408/845/826
f 413/846/827 414/837/816 1735/827/802 1736/826/801
f 419/831/808 1715/806/781 1720/809/784 418/847/828
f 1740/848/829 1741/849/830 1746/850/831 1745/851/832
f 1741/849/830 1742/852/833 1747/853/834 1746/850/831
f 1742/852/833 1743/854/835 1748/855/836 1747/853/834
f 1743/854/835 1744/856/837 1749/857/838 1748/855/836
f 1745/851/832 1746/850/831 1751/858/839 1750/859/840
f 1746/850/831 1747/853/834 1752/860/841 1751/858/839
f 1747/853/834 1748/855/836 1753/861/842 1752/860/841
f 1748/855/836 1749/857/838 1754/862/843 1753/861/842
f 1750/859/840 1751/858/839 1756/863/844 1755/864/845
f 1751/858/839 1752/860/841 1757/865/846 1756/863/844
f 1752/860/841 1753/861/842 1758/866/847 1757/865/846
f 1753/861/842 1754/862/843 1759/867/848 1758/866/847
f 1755/864/845 1756/863/844 1761/868/849 1760/869/850
f 1756/863/844 1757/865/846 1762/870/851 1761/868/849
f 1757/865/846 1758/866/847 1763/871/852 1762/870/851
f 1758/866/847 1759/867/848 1764/872/853 1763/871/852
f 21/838/854 414/837/855 1740/848/829 434/873/856
f 420/874/857 1744/856/837 410/834/858 59/833/859
f 60/875/860 425/876/861 1764/872/853 424/877/862
f 430/878/863 1760/869/850 429/879/864 22/880/865
f 414/837/855 413/846/866 1741/849/830 1740/848/829
f 421/881/867 1749/857/838 1744/856/837 420/874/857
f 425/876/861 426/882/868 1763/871/852 1764/872/853
f 431/883/869 1755/864/845 1760/869/850 430/878/863
f 413/846/866 412/843/870 1742/852/833 1741/849/830
f 422/884/871 1754/862/843 1749/857/838 421/881/867
f 426/882/868 427/885/872 1762/870/851 1763/871/852
f 432/886/873 1750/859/840 1755/864/845 431/883/869
f 412/843/870 411/840/874 1743/854/835 1742/852/833
f 423/887/875 1759/867/848 1754/862/843 422/884/871
f 427/885/872 428/888/876 1761/868/849 1762/870/851
f 433/889/877 1745/851/832 1750/859/840 432/886/873
f 411/840/874 410/834/858 1744/856/837 1743/854/835
f 424/877/862 1764/872/853 1759/867/848 423/887/875
f 428/888/876 429/879/864 1760/869/850 1761/868/849
f 434/873/856 1740/848/829 1745/851/832 433/889/877
f 1765/890/878 1766/891/879 1771/892/880 1770/893/881
f 1766/891/879 1767/894/882 1772/895/883 1771/892/880
f 1767/894/882 1768/896/884 1773/897/885 1772/895/883
f 1768/896/884 1769/898/886 1774/899/887 1773/897/885
f 1770/893/881 1771/892/880 1776/900/888 1775/901/889
f 1771/892/880 1772/895/883 1777/902/890 1776/900/888
f 1772/895/883 1773/897/885 1778/903/891 1777/902/890
f 1773/897/885 1774/899/887 1779/904/892 1778/903/891
f 1775/901/889 1776/900/888 1781/905/893 1780/906/894
f 1776/900/888 1777/902/890 1782/907/883 1781/905/893
f 1777/902/890 1778/903/891 1783/908/895 1782/907/883
f 1778/903/891 1779/904/892 1784/909/896 1783/908/895
f 1780/906/894 1781/905/893 1786/910/897 1785/911/898
f 1781/905/893 1782/907/883 1787/912/899 1786/910/897
f 1782/907/883 1783/908/895 1788/913/900 1787/912/899
f 1783/908/895 1784/909/896 1789/914/901 1788/913/900
f 22/880/902 429/879/903 1765/890/878 449/915/904
f 435/916/905 1769/898/886 425/876/906 60/875/907
f 61/917/907 440/918/908 1789/914/901 439/919/905
f 445/920/904 1785/911/898 444/921/909 23/922/902
f 429/879/903 428/888/910 1766/891/879 1765/890/878
f 436/923/911 1774/899/887 1769/898/886 435/916/905
f 440/918/908 441/924/912 1788/913/900 1789/914/901
f 446/925/913 1780/906/894 1785/911/898 445/920/904
f 428/888/910 427/885/914 1767/894/882 1766/891/879
f 437/926/915 1779/904/892 1774/899/887 436/923/911
f 441/924/912 442/927/914 1787/912/899 1788/913/900
f 447/928/916 1775/901/889 1780/906/894 446/925/913
f 427/885/914 426/882/917 1768/896/884 1767/894/882
f 438/929/911 1784/909/896 1779/904/892 437/926/915
f 442/927/914 443/930/918 1786/910/897 1787/912/899
f 448/931/913 1770/893/881 1775/901/889 447/928/916
f 426/882/917 425/876/906 1769/898/886 1768/896/884
f 439/919/905 1789/914/901 1784/909/896 438/929/911
f 443/930/918 444/921/909 1785/911/898 1786/910/897
f 449/915/904 1765/890/878 1770/893/881 448/931/913
f 1790/932/919 1791/933/920 1796/934/921 1795/935/922
f 1791/933/920 1792/936/923 1797/937/924 1796/934/921
f 1792/936/923 1793/938/925 1798/939/926 1797/937/924
f 1793/938/925 1794/940/927 1799/941/928 1798/939/926
f 1795/935/922 1796/934/921 1801/942/929 1800/943/930
f 1796/934/921 1797/937/924 1802/944/931 1801/942/929
f 1797/937/924 1798/939/926 1803/945/932 1802/944/931
f 1798/939/926 1799/941/928 1804/946/933 1803/945/932
f 1800/943/930 1801/942/929 1806/947/934 1805/948/935
f 1801/942/929 1802/944/931 1807/949/936 1806/947/934
f 1802/944/931 1803/945/932 1808/950/937 1807/949/936
f 1803/945/932 1804/946/933 1809/951/938 1808/950/937
f 1805/948/935 1806/947/934 1811/952/939 1810/953/940
f 1806/947/934 1807/949/936 1812/954/941 1811/952/939
f 1807/949/936 1808/950/937 1813/955/942 1812/954/941
f 1808/950/937 1809/951/938 1814/956/943 1813/955/942
f 23/922/944 444/921/945 1790/932/919 464/957/946
f 450/958/947 1794/940/927 440/918/948 61/917/949
f 62/959/950 455/960/951 1814/956/943 454/961/952
f 460/962/953 1810/953/940 459/963/954 24/964/955
f 444/921/945 443/930/956 1791/933/920 1790/932/919
f 451/965/957 1799/941/928 1794/940/927 450/958/947
f 455/960/951 456/966/958 1813/955/942 1814/956/943
f 461/967/959 1805/948/935 1810/953/940 460/962/953
f 443/930/956 442/927/960 1792/936/923 1791/933/920
f 452/968/961 1804/946/933 1799/941/928 451/965/957
f 456/966/958 457/969/962 1812/954/941 1813/955/942
f 462/970/963 1800/943/930 1805/948/935 461/967/959
f 442/927/960 441/924/964 1793/938/925 1792/936/923
f 453/971/965 1809/951/938 1804/946/933 452/968/961
f 457/969/962 458/972/966 1811/952/939 1812/954/941
f 463/973/967 1795/935/922 1800/943/930 462/970/963
f 441/924/964 440/918/948 1794/940/927 1793/938/925
f 454/961/952 1814/956/943 1809/951/938 453/971/965
f 458/972/966 459/963/954 1810/953/940 1811/952/939
f 464/957/946 1790/932/919 1795/935/922 463/973/967
f 1815/974/2 1816/975/3 1821/976/3 1820/977/2
f 1816/975/3 1817/978/4 1822/979/4 1821/976/3
f 1817/978/4 1818/980/5 1823/981/5 1822/979/4
f 1818/980/5 1819/982/6 1824/983/6 1823/981/5
f 1820/977/2 1821/976/3 1826/984/3 1825/985/2
f 1821/976/3 1822/979/4 1827/986/4 1826/984/3
f 1822/979/4 1823/981/5 1828/987/5 1827/986/4
f 1823/981/5 1824/983/6 1829/988/6 1828/987/5
f 1825/985/2 1826/984/3 1831/989/3 1830/990/2
f 1826/984/3 1827/986/4 1832/991/4 1831/989/3
f 1827/986/4 1828/987/5 1833/992/5 1832/991/4
f 1828/987/5 1829/988/6 1834/993/6 1833/992/5
f 1830/990/2 1831/989/3 1836/994/3 1835/995/2
f 1831/989/3 1832/991/4 1837/996/4 1836/994/3
f 1832/991/4 1833/992/5 1838/997/5 1837/996/4
f 1833/992/5 1834/993/6 1839/998/6 1838/997/5
f 24/964/7 459/963/2 1815/974/2 479/999/7
f 465/1000/8 1819/982/6 455/960/6 62/959/8
f 63/1001/8 470/1002/6 1839/998/6 469/1003/8
f 475/1004/7 1835/995/2 474/1005/2 25/1006/7
f 459/963/2 458/972/3 1816/975/3 1815/974/2
f 466/1007/8 1824/983/6 1819/982/6 465/1000/8
f 470/1002/6 471/1008/5 1838/997/5 1839/998/6
f 476/1009/7 1830/990/2 1835/995/2 475/1004/7
f 458/972/3 457/969/4 1817/978/4 1816/975/3
f 467/1010/8 1829/988/6 1824/983/6 466/1007/8
f 471/1008/5 472/1011/4 1837/996/4 1838/997/5
f 477/1012/7 1825/985/2 1830/990/2 476/1009/7
f 457/969/4 456/966/5 1818/980/5 1817/978/4
f 468/1013/8 1834/993/6 1829/988/6 467/1010/8
f 472/1011/4 473/1014/3 1836/994/3 1837/996/4
f 478/1015/7 1820/977/2 1825/985/2 477/1012/7
f 456/966/5 455/960/6 1819/982/6 1818/980/5
f 469/1003/8 1839/998/6 1834/993/6 468/1013/8
f 473/1014/3 474/1005/2 1835/995/2 1836/994/3
f 479/999/7 1815/974/2 1820/977/2 478/1015/7
f 1840/1016/968 1841/1017/969 1846/1018/970 1845/1019/971
f 1841/1017/969 1842/1020/972 1847/1021/973 1846/1018/970
f 1842/1020/972 1843/1022/974 1848/1023/975 1847/1021/973
f 1843/1022/974 1844/1024/976 1849/1025/977 1848/1023/975
f 1845/1019/971 1846/1018/970 1851/1026/978 1850/1027/979
f 1846/1018/970 1847/1021/973 1852/1028/980 1851/1026/978
f 1847/1021/973 1848/1023/975 1853/1029/981 1852/1028/980
f 1848/1023/975 1849/1025/977 1854/1030/982 1853/1029/981
f 1850/1027/979 1851/1026/978 1856/1031/983 1855/1032/984
f 1851/1026/978 1852/1028/980 1857/1033/985 1856/1031/983
f 1852/1028/980 1853/1029/981 1858/1034/986 1857/1033/985
f 1853/1029/981 1854/1030/982 1859/1035/987 1858/1034/986
f 1855/1032/984 1856/1031/983 1861/1036/988 1860/1037/989
f 1856/1031/983 1857/1033/985 1862/1038/990 1861/1036/988
f 1857/1033/985 1858/1034/986 1863/1039/991 1862/1038/990
f 1858/1034/986 1859/1035/987 1864/1040/992 1863/1039/991
f 25/1006/993 474/1005/994 1840/1016/968 494/1041/995
f 480/1042/996 1844/1024/976 470/1002/997 63/1001/998
f 64/1043/999 485/1044/1000 1864/1040/992 484/1045/1001
f 490/1046/1002 1860/1037/989 489/1047/1003 26/1048/1004
f 474/1005/994 473/1014/1005 1841/1017/969 1840/1016/968
f 481/1049/1006 1849/1025/977 1844/1024/976 480/1042/996
f 485/1044/1000 486/1050/1007 1863/1039/991 1864/1040/992
f 491/1051/1008 1855/1032/984 1860/1037/989 490/1046/1002
f 473/1014/1005 472/1011/1009 1842/1020/972 1841/1017/969
f 482/1052/1010 1854/1030/982 1849/1025/977 481/1049/1006
f 486/1050/1007 487/1053/1011 1862/1038/990 1863/1039/991
f 492/1054/1012 1850/1027/979 1855/1032/984 491/1051/1008
f 472/1011/1009 471/1008/1013 1843/1022/974 1842/1020/972
f 483/1055/1014 1859/1035/987 1854/1030/982 482/1052/1010
f 487/1053/1011 488/1056/1015 1861/1036/988 1862/1038/990
f 493/1057/1016 1845/1019/971 1850/1027/979 492/1054/1012
f 471/1008/1013 470/1002/997 1844/1024/976 1843/1022/974
f 484/1045/1001 1864/1040/992 1859/1035/987 483/1055/1014
f 488/1056/1015 489/1047/1003 1860/1037/989 1861/1036/988
f 494/1041/995 1840/1016/968 1845/1019/971 493/1057/1016
f 1865/1058/1017 1866/1059/1018 1871/1060/1019 1870/1061/1020
f 1866/1059/1018 1867/1062/1021 1872/1063/1022 1871/1060/1019
f 1867/1062/1021 1868/1064/1023 1873/1065/1024 1872/1063/1022
f 1868/1064/1023 1869/1066/1025 1874/1067/1026 1873/1065/1024
f 1870/1061/1020 1871/1060/1019 1876/1068/1027 1875/1069/1028
f 1871/1060/1019 1872/1063/1022 1877/1070/1029 1876/1068/1027
f 1872/1063/1022 1873/1065/1024 1878/1071/1030 1877/1070/1029
f 1873/1065/1024 1874/1067/1026 1879/1072/1031 1878/1071/1030
f 1875/1069/1028 1876/1068/1027 1881/1073/1032 1880/1074/1033
f 1876/1068/1027 1877/1070/1029 1882/1075/1022 1881/1073/1032
f 1877/1070/1029 1878/1071/1030 1883/1076/1034 1882/1075/1022
f 1878/1071/1030 1879/1072/1031 1884/1077/1035 1883/1076/1034
f 1880/1074/1033 1881/1073/1032 1886/1078/1036 1885/1079/1037
f 1881/1073/1032 1882/1075/1022 1887/1080/1021 1886/1078/1036
f 1882/1075/1022 1883/1076/1034 1888/1081/1038 1887/1080/1021
f 1883/1076/1034 1884/1077/1035 1889/1082/1039 1888/1081/1038
f 26/1048/1040 489/1047/1041 1865/1058/1017 509/1083/1042
f 495/1084/1043 1869/1066/1025 485/1044/1044 64/1043/1045
f 65/1085/1045 500/1086/1046 1889/1082/1039 499/1087/1043
f 505/1088/1042 1885/1079/1037 504/1089/1047 27/1090/1040
f 489/1047/1041 488/1056/1048 1866/1059/1018 1865/1058/1017
f 496/1091/1049 1874/1067/1026 1869/1066/1025 495/1084/1043
f 500/1086/1046 501/1092/1050 1888/1081/1038 1889/1082/1039
f 506/1093/1051 1880/1074/1033 1885/1079/1037 505/1088/1042
f 488/1056/1048 487/1053/1052 1867/1062/1021 1866/1059/1018
f 497/1094/1053 1879/1072/1031 1874/1067/1026 496/1091/1049
f 501/1092/1050 502/1095/1052 1887/1080/1021 1888/1081/1038
f 507/1096/1054 1875/1069/1028 1880/1074/1033 506/1093/1051
f 487/1053/1052 486/1050/1055 1868/1064/1023 1867/1062/1021
f 498/1097/1049 1884/1077/1035 1879/1072/1031 497/1094/1053
f 502/1095/1052 503/1098/1056 1886/1078/1036 1887/1080/1021
f 508/1099/1051 1870/1061/1020 1875/1069/1028 507/1096/1054
f 486/1050/1055 485/1044/1044 1869/1066/1025 1868/1064/1023
f 499/1087/1043 1889/1082/1039 1884/1077/1035 498/1097/1049
f 503/1098/1056 504/1089/1047 1885/1079/1037 1886/1078/1036
f 509/1083/1042 1865/1058/1017 1870/1061/1020 508/1099/1051
f 1890/1100/1057 1891/1101/1058 1896/1102/1059 1895/1103/1060
f 1891/1101/1058 1892/1104/1061 1897/1105/1062 1896/1102/1059
f 1892/1104/1061 1893/1106/1063 1898/1107/1064 1897/1105/1062
f 1893/1106/1063 1894/1108/1065 1899/1109/1066 1898/1107/1064
f 1895/1103/1060 1896/1102/1059 1901/1110/1067 1900/1111/1068
f 1896/1102/1059 1897/1105/1062 1902/1112/1069 1901/1110/1067
f 1897/1105/1062 1898/1107/1064 1903/1113/1070 1902/1112/1069
f 1898/1107/1064 1899/1109/1066 1904/1114/1071 1903/1113/1070
f 1900/1111/1068 1901/1110/1067 1906/1115/1072 1905/1116/1073
f 1901/1110/1067 1902/1112/1069 1907/1117/1074 1906/1115/1072
f 1902/1112/1069 1903/1113/1070 1908/1118/1075 1907/1117/1074
f 1903/1113/1070 1904/1114/1071 1909/1119/1076 1908/1118/1075
f 1905/1116/1073 1906/1115/1072 1911/1120/1077 1910/1121/1078
f 1906/1115/1072 1907/1117/1074 1912/1122/1079 1911/1120/1077
f 1907/1117/1074 1908/1118/1075 1913/1123/1080 1912/1122/1079
f 1908/1118/1075 1909/1119/1076 1914/1124/1081 1913/1123/1080
f 27/1090/1082 504/1089/1083 1890/1100/1057 524/1125/1084
f 510/1126/1085 1894/1108/1065 500/1086/1086 65/1085/1087
f 66/1127/1088 515/1128/1089 1914/1124/1081 514/1129/1090
f 520/1130/1091 1910/1121/1078 519/1131/1092 28/1132/1093
f 504/1089/1083 503/1098/1094 1891/1101/1058 1890/1100/1057
f 511/1133/1095 1899/1109/1066 1894/1108/1065 510/1126/1085
f 515/1128/1089 516/1134/1096 1913/1123/1080 1914/1124/1081
f 521/1135/1097 1905/1116/1073 1910/1121/1078 520/1130/1091
f 503/1098/1094 502/1095/1098 1892/1104/1061 1891/1101/1058
f 512/1136/1099 1904/1114/1071 1899/1109/1066 511/1133/1095
f 516/1134/1096 517/1137/1100 1912/1122/1079 1913/1123/1080
f 522/1138/1101 1900/1111/1068 1905/1116/1073 521/1135/1097
f 502/1095/1098 501/1092/1102 1893/1106/1063 1892/1104/1061
f 513/1139/1103 1909/1119/1076 1904/1114/1071 512/1136/1099
f 517/1137/1100 518/1140/1104 1911/1120/1077 1912/1122/1079
f 523/1141/1105 1895/1103/1060 1900/1111/1068 522/1138/1101
f 501/1092/1102 500/1086/1086 1894/1108/1065 1893/1106/1063
f 514/1129/1090 1914/1124/1081 1909/1119/1076 513/1139/1103
f 518/1140/1104 519/1131/1092 1910/1121/1078 1911/1120/1077
f 524/1125/1084 1890/1100/1057 1895/1103/1060 523/1141/1105
f 1915/1142/1106 1916/1143/1107 1921/1144/1108 1920/1145/1109
f 1916/1143/1107 1917/1146/1110 1922/1147/1111 1921/1144/1108
f 1917/1146/1110 1918/1148/1112 1923/1149/1113 1922/1147/1111
f 1918/1148/1112 1919/1150/1114 1924/1151/1115 1923/1149/1113
f 1920/1145/1109 1921/1144/1108 1926/1152/1116 1925/1153/1117
f 1921/1144/1108 1922/1147/1111 1927/1154/1118 1926/1152/1116
f 1922/1147/1111 1923/1149/1113 1928/1155/1119 1927/1154/1118
f 1923/1149/1113 1924/1151/1115 1929/1156/1120 1928/1155/1119
f 1925/1153/1117 1926/1152/1116 1931/1157/1121 1930/1158/1122
f 1926/1152/1116 1927/1154/1118 1932/1159/1123 1931/1157/1121
f 1927/1154/1118 1928/1155/1119 1933/1160/1124 1932/1159/1123
f 1928/1155/1119 1929/1156/1120 1934/1161/1125 1933/1160/1124
f 1930/1158/1122 1931/1157/1121 1936/1162/1126 1935/1163/1127
f 1931/1157/1121 1932/1159/1123 1937/1164/1128 1936/1162/1126
f 1932/1159/1123 1933/1160/1124 1938/1165/1129 1937/1164/1128
f 1933/1160/1124 1934/1161/1125 1939/1166/1130 1938/1165/1129
f 28/1132/1131 519/1131/1132 1915/1142/1106 539/1167/1133
f 525/1168/1134 1919/1150/1114 515/1128/1135 66/1127/1136
f 67/1169/1137 530/1170/1138 1939/1166/1130 529/1171/1139
f 535/1172/1140 1935/1163/1127 534/1173/1141 29/1174/1142
f 519/1131/1132 518/1140/1143 1916/1143/1107 1915/1142/1106
f 526/1175/1144 1924/1151/1115 1919/1150/1114 525/1168/1134
f 530/1170/1138 531/1176/1145 1938/1165/1129 1939/1166/1130
f 536/1177/1146 1930/1158/1122 1935/1163/1127 535/1172/1140
f 518/1140/1143 517/1137/1147 1917/1146/1110 1916/1143/1107
f 527/1178/1148 1929/1156/1120 1924/1151/1115 526/1175/1144
f 531/1176/1145 532/1179/1149 1937/1164/1128 1938/1165/1129
f 537/1180/1150 1925/1153/1117 1930/1158/1122 536/1177/1146
f 517/1137/1147 516/1134/1151 1918/1148/1112 1917/1146/1110
f 528/1181/1152 1934/1161/1125 1929/1156/1120 527/1178/1148
f 532/1179/1149 533/1182/1153 1936/1162/1126 1937/1164/1128
f 538/1183/1154 1920/1145/1109 1925/1153/1117 537/1180/1150
f 516/1134/1151 515/1128/1135 1919/1150/1114 1918/1148/1112
f 529/1171/1139 1939/1166/1130 1934/1161/1125 528/1181/1152
f 533/1182/1153 534/1173/1141 1935/1163/1127 1936/1162/1126
f 539/1167/1133 1915/1142/1106 1920/1145/1109 538/1183/1154
f 1940/1184/1155 1941/1185/1156 1946/1186/1157 1945/1187/1158
f 1941/1185/1156 1942/1188/1159 1947/1189/1160 1946/1186/1157
f 1942/1188/1159 1943/1190/1161 1948/1191/1162 1947/1189/1160
f 1943/1190/1161 1944/1192/1163 1949/1193/1164 1948/1191/1162
f 1945/1187/1158 1946/1186/1157 1951/1194/1165 1950/1195/1166
f 1946/1186/1157 1947/1189/1160 1952/1196/1167 1951/1194/1165
f 1947/1189/1160 1948/1191/1162 1953/1197/1168 1952/1196/1167
f 1948/1191/1162 1949/1193/1164 1954/1198/1169 1953/1197/1168
f 1950/1195/1166 1951/1194/1165 1956/1199/1170 1955/1200/1171
f 1951/1194/1165 1952/1196/1167 1957/1201/1172 1956/1199/1170
f 1952/1196/1167 1953/1197/1168 1958/1202/1173 1957/1201/1172
f 1953/1197/1168 1954/1198/1169 1959/1203/1174 1958/1202/1173
f 1955/1200/1171 1956/1199/1170 1961/1204/1175 1960/1205/1176
f 1956/1199/1170 1957/1201/1172 1962/1206/1177 1961/1204/1175
f 1957/1201/1172 1958/1202/1173 1963/1207/1178 1962/1206/1177
f 1958/1202/1173 1959/1203/1174 1964/1208/1179 1963/1207/1178
f 29/1174/1180 534/1173/1181 1940/1184/1155 554/1209/1182
f 540/1210/1183 1944/1192/1163 530/1170/1184 67/1169/1185
f 68/1211/1186 545/1212/1187 1964/1208/1179 544/1213/1188
f 550/1214/1189 1960/1205/1176 549/1215/1190 30/1216/1191
f 534/1173/1181 533/1182/1192 1941/1185/1156 1940/1184/1155
f 541/1217/1193 1949/1193/1164 1944/1192/1163 540/1210/1183
f 545/1212/1187 546/1218/1194 1963/1207/1178 1964/1208/1179
f 551/1219/1195 1955/1200/1171 1960/1205/1176 550/1214/1189
f 533/1182/1192 532/1179/1196 1942/1188/1159 1941/1185/1156
f 542/1220/1197 1954/1198/1169 1949/1193/1164 541/1217/1193
f 546/1218/1194 547/1221/1198 1962/1206/1177 1963/1207/1178
f 552/1222/1199 1950/1195/1166 1955/1200/1171 551/1219/1195
f 532/1179/1196 531/1176/1200 1943/1190/1161 1942/1188/1159
f 543/1223/1201 1959/1203/1174 1954/1198/1169 542/1220/1197
f 547/1221/1198 548/1224/1202 1961/1204/1175 1962/1206/1177
f 553/1225/1203 1945/1187/1158 1950/1195/1166 552/1222/1199
f 531/1176/1200 530/1170/1184 1944/1192/1163 1943/1190/1161
f 544/1213/1188 1964/1208/1179 1959/1203/1174 543/1223/1201
f 548/1224/1202 549/1215/1190 1960/1205/1176 1961/1204/1175
f 554/1209/1182 1940/1184/1155 1945/1187/1158 553/1225/1203
f 1965/1226/1204 1966/1227/1205 1971/1228/1206 1970/1229/1207
f 1966/1227/1205 1967/1230/1208 1972/1231/1209 1971/1228/1206
f 1967/1230/1208 1968/1232/1210 1973/1233/1211 1972/1231/1209
f 1968/1232/1210 1969/1234/1212 1974/1235/1213 1973/1233/1211
f 1970/1229/1207 1971/1228/1206 1976/1236/1214 1975/1237/1215
f 1971/1228/1206 1972/1231/1209 1977/1238/1216 1976/1236/1214
f 1972/1231/1209 1973/1233/1211 1978/1239/1217 1977/1238/1216
f 1973/1233/1211 1974/1235/1213 1979/1240/1218 1978/1239/1217
f 1975/1237/1215 1976/1236/1214 1981/1241/1219 1980/1242/1220
f 1976/1236/1214 1977/1238/1216 1982/1243/1221 1981/1241/1219
f 1977/1238/1216 1978/1239/1217 1983/1244/1222 1982/1243/1221
f 1978/1239/1217 1979/1240/1218 1984/1245/1223 1983/1244/1222
f 1980/1242/1220 1981/1241/1219 1986/1246/1224 1985/1247/1225
f 1981/1241/1219 1982/1243/1221 1987/1248/1226 1986/1246/1224
f 1982/1243/1221 1983/1244/1222 1988/1249/1227 1987/1248/1226
f 1983/1244/1222 1984/1245/1223 1989/1250/1228 1988/1249/1227
f 30/1216/1229 549/1215/1230 1965/1226/1204 569/1251/1231
f 555/1252/1232 1969/1234/1212 545/1212/1233 68/1211/1234
f 69/1253/1235 560/1254/1236 1989/1250/1228 559/1255/1237
f 565/1256/1238 1985/1247/1225 564/1257/1239 31/1258/1240
f 549/1215/1230 548/1224/1241 1966/1227/1205 1965/1226/1204
f 556/1259/1242 1974/1235/1213 1969/1234/1212 555/1252/1232
f 560/1254/1236 561/1260/1243 1988/1249/1227 1989/1250/1228
f 566/1261/1244 1980/1242/1220 1985/1247/1225 565/1256/1238
f 548/1224/1241 547/1221/1245 1967/1230/1208 1966/1227/1205
f 557/1262/1246 1979/1240/1218 1974/1235/1213 556/1259/1242
f 561/1260/1243 562/1263/1247 1987/1248/1226 1988/1249/1227
f 567/1264/1248 1975/1237/1215 1980/1242/1220 566/1261/1244
f 547/1221/1245 546/1218/1249 1968/1232/1210 1967/1230/1208
f 558/1265/1250 1984/1245/1223 1979/1240/1218 557/1262/1246
f 562/1263/1247 563/1266/1251 1986/1246/1224 1987/1248/1226
f 568/1267/1252 1970/1229/1207 1975/1237/1215 567/1264/1248
f 546/1218/1249 545/1212/1233 1969/1234/1212 1968/1232/1210
f 559/1255/1237 1989/1250/1228 1984/1245/1223 558/1265/1250
f 563/1266/1251 564/1257/1239 1985/1247/1225 1986/1246/1224
f 569/1251/1231 1965/1226/1204 1970/1229/1207 568/1267/1252
f 1990/1268/1253 1991/1269/1254 1996/1270/1255 1995/1271/1256
f 1991/1269/1254 1992/1272/1257 1997/1273/1258 1996/1270/1255
f 1992/1272/1257 1993/1274/1259 1998/1275/1260 1997/1273/1258
f 1993/1274/1259 1994/1276/1261 1999/1277/1262 1998/1275/1260
f 1995/1271/1256 1996/1270/1255 2001/1278/1263 2000/1279/1264
f 1996/1270/1255 1997/1273/1258 2002/1280/1265 2001/1278/1263
f 1997/1273/1258 1998/1275/1260 2003/1281/1266 2002/1280/1265
f 1998/1275/1260 1999/1277/1262 2004/1282/1267 2003/1281/1266
f 2000/1279/1264 2001/1278/1263 2006/1283/1268 2005/1284/1269
f 2001/1278/1263 2002/1280/1265 2007/1285/1270 2006/1283/1268
f 2002/1280/1265 2003/1281/1266 2008/1286/1271 2007/1285/1270
f 2003/1281/1266 2004/1282/1267 2009/1287/1272 2008/1286/1271
f 2005/1284/1269 2006/1283/1268 2011/1288/1273 2010/1289/1274
f 2006/1283/1268 2007/1285/1270 2012/1290/1275 2011/1288/1273
f 2007/1285/1270 2008/1286/1271 2013/1291/1276 2012/1290/1275
f 2008/1286/1271 2009/1287/1272 2014/1292/1277 2013/1291/1276
f 31/1258/1278 564/1257/1279 1990/1268/1253 584/1293/1280
f 570/1294/1281 1994/1276/1261 560/1254/1282 69/1253/1283
f 70/1295/1284 575/1296/1285 2014/1292/1277 574/1297/1286
f 580/1298/1287 2010/1289/1274 579/1299/1288 32/1300/1289
f 564/1257/1279 563/1266/1290 1991/1269/1254 1990/1268/1253
f 571/1301/1291 1999/1277/1262 1994/1276/1261 570/1294/1281
f 575/1296/1285 576/1302/1292 2013/1291/1276 2014/1292/1277
f 581/1303/1293 2005/1284/1269 2010/1289/1274 580/1298/1287
f 563/1266/1290 562/1263/1294 1992/1272/1257 1991/1269/1254
f 572/1304/1295 2004/1282/1267 1999/1277/1262 571/1301/1291
f 576/1302/1292 577/1305/1296 2012/1290/1275 2013/1291/1276
f 582/1306/1297 2000/1279/1264 2005/1284/1269 581/1303/1293
f 562/1263/1294 561/1260/1298 1993/1274/1259 1992/1272/1257
f 573/1307/1299 2009/1287/1272 2004/1282/1267 572/1304/1295
f 577/1305/1296 578/1308/1300 2011/1288/1273 2012/1290/1275
f 583/1309/1301 1995/1271/1256 2000/1279/1264 582/1306/1297
f 561/1260/1298 560/1254/1282 1994/1276/1261 1993/1274/1259
f 574/1297/1286 2014/1292/1277 2009/1287/1272 573/1307/1299
f 578/1308/1300 579/1299/1288 2010/1289/1274 2011/1288/1273
f 584/1293/1280 1990/1268/1253 1995/1271/1256 583/1309/1301
f 2015/1310/1302 2016/1311/1303 2021/1312/1304 2020/1313/1305
f 2016/1311/1303 2017/1314/1306 2022/1315/1307 2021/1312/1304
f 2017/1314/1306 2018/1316/1308 2023/1317/1309 2022/1315/1307
f 2018/1316/1308 2019/1318/1310 2024/1319/1311 2023/1317/1309
f 2020/1313/1305 2021/1312/1304 2026/1320/1312 2025/1321/1313
f 2021/1312/1304 2022/1315/1307 2027/1322/1314 2026/1320/1312
f 2022/1315/1307 2023/1317/1309 2028/1323/1315 2027/1322/1314
f 2023/1317/1309 2024/1319/1311 2029/1324/1316 2028/1323/1315
f 2025/1321/1313 2026/1320/1312 2031/1325/1317 2030/1326/1318
f 2026/1320/1312 2027/1322/1314 2032/1327/1319 2031/1325/1317
f 2027/1322/1314 2028/1323/1315 2033/1328/1320 2032/1327/1319
f 2028/1323/1315 2029/1324/1316 2034/1329/1321 2033/1328/1320
f 2030/1326/1318 2031/1325/1317 2036/1330/1322 2035/1331/1323
f 2031/1325/1317 2032/1327/1319 2037/1332/1324 2036/1330/1322
f 2032/1327/1319 2033/1328/1320 2038/1333/1325 2037/1332/1324
f 2033/1328/1320 2034/1329/1321 2039/1334/1326 2038/1333/1325
f 32/1300/1327 579/1299/1328 2015/1310/1302 599/1335/1329
f 585/1336/1330 2019/1318/1310 575/1296/1331 70/1295/1332
f 71/1337/1333 590/1338/1334 2039/1334/1326 589/1339/1335
f 595/1340/1336 2035/1331/1323 594/1341/1337 33/1342/1338
f 579/1299/1328 578/1308/1339 2016/1311/1303 2015/1310/1302
f 586/1343/1340 2024/1319/1311 2019/1318/1310 585/1336/1330
f 590/1338/1334 591/1344/1341 2038/1333/1325 2039/1334/1326
f 596/1345/1342 2030/1326/1318 2035/1331/1323 595/1340/1336
f 578/1308/1339 577/1305/1343 2017/1314/1306 2016/1311/1303
f 587/1346/1344 2029/1324/1316 2024/1319/1311 586/1343/1340
f 591/1344/1341 592/1347/1345 2037/1332/1324 2038/1333/1325
f 597/1348/1346 2025/1321/1313 2030/1326/1318 596/1345/1342
f 577/1305/1343 576/1302/1347 2018/1316/1308 2017/1314/1306
f 588/1349/1348 2034/1329/1321 2029/1324/1316 587/1346/1344
f 592/1347/1345 593/1350/1349 2036/1330/1322 2037/1332/1324
f 598/1351/1350 2020/1313/1305 2025/1321/1313 597/1348/1346
f 576/1302/1347 575/1296/1331 2019/1318/1310 2018/1316/1308
f 589/1339/1335 2039/1334/1326 2034/1329/1321 588/1349/1348
f 593/1350/1349 594/1341/1337 2035/1331/1323 2036/1330/1322
f 599/1335/1329 2015/1310/1302 2020/1313/1305 598/1351/1350
f 2040/1352/1351 2041/1353/1352 2046/1354/1353 2045/1355/1354
f 2041/1353/1352 2042/1356/1355 2047/1357/1356 2046/1354/1353
f 2042/1356/1355 2043/1358/1357 2048/1359/1358 2047/1357/1356
f 2043/1358/1357 2044/1360/1359 2049/1361/1360 2048/1359/1358
f 2045/1355/1354 2046/1354/1353 2051/1362/1361 2050/1363/1362
f 2046/1354/1353 2047/1357/1356 2052/1364/1363 2051/1362/1361
f 2047/1357/1356 2048/1359/1358 2053/1365/1364 2052/1364/1363
f 2048/1359/1358 2049/1361/1360 2054/1366/1365 2053/1365/1364
f 2050/1363/1362 2051/1362/1361 2056/1367/1366 2055/1368/1367
f 2051/1362/1361 2052/1364/1363 2057/1369/1368 2056/1367/1366
f 2052/1364/1363 2053/1365/1364 2058/1370/1369 2057/1369/1368
f 2053/1365/1364 2054/1366/1365 2059/1371/1370 2058/1370/1369
f 2055/1368/1367 2056/1367/1366 2061/1372/1371 2060/1373/1372
f 2056/1367/1366 2057/1369/1368 2062/1374/1373 2061/1372/1371
f 2057/1369/1368 2058/1370/1369 2063/1375/1374 2062/1374/1373
f 2058/1370/1369 2059/1371/1370 2064/1376/1375 2063/1375/1374
f 33/1342/1376 594/1341/1377 2040/1352/1351 614/1377/1378
f 600/1378/1379 2044/1360/1359 590/1338/1380 71/1337/1381
f 72/1379/1382 605/1380/1383 2064/1376/1375 604/1381/1384
f 610/1382/1385 2060/1373/1372 609/1383/1386 34/1384/1387
f 594/1341/1377 593/1350/1388 2041/1353/1352 2040/1352/1351
f 601/1385/1389 2049/1361/1360 2044/1360/1359 600/1378/1379
f 605/1380/1383 606/1386/1390 2063/1375/1374 2064/1376/1375
f 611/1387/1391 2055/1368/1367 2060/1373/1372 610/1382/1385
f 593/1350/1388 592/1347/1392 2042/1356/1355 2041/1353/1352
f 602/1388/1393 2054/1366/1365 2049/1361/1360 601/1385/1389
f 606/1386/1390 607/1389/1394 2062/1374/1373 2063/1375/1374
f 612/1390/1395 2050/1363/1362 2055/1368/1367 611/1387/1391
f 592/1347/1392 591/1344/1396 2043/1358/1357 2042/1356/1355
f 603/1391/1397 2059/1371/1370 2054/1366/1365 602/1388/1393
f 607/1389/1394 608/1392/1398 2061/1372/1371 2062/1374/1373
f 613/1393/1399 2045/1355/1354 2050/1363/1362 612/1390/1395
f 591/1344/1396 590/1338/1380 2044/1360/1359 2043/1358/1357
f 604/1381/1384 2064/1376/1375 2059/1371/1370 603/1391/1397
f 608/1392/1398 609/1383/1386 2060/1373/1372 2061/1372/1371
f 614/1377/1378 2040/1352/1351 2045/1355/1354 613/1393/1399
f 2065/1394/1400 2066/1395/1401 2071/1396/1402 2070/1397/1403
f 2066/1395/1401 2067/1398/1404 2072/1399/1405 2071/1396/1402
f 2067/1398/1404 2068/1400/1406 2073/1401/1407 2072/1399/1405
f 2068/1400/1406 2069/1402/1408 2074/1403/1409 2073/1401/1407
f 2070/1397/1403 2071/1396/1402 2076/1404/1410 2075/1405/1411
f 2071/1396/1402 2072/1399/1405 2077/1406/1412 2076/1404/1410
f 2072/1399/1405 2073/1401/1407 2078/1407/1413 2077/1406/1412
f 2073/1401/1407 2074/1403/1409 2079/1408/1414 2078/1407/1413
f 2075/1405/1411 2076/1404/1410 2081/1409/1415 2080/1410/1416
f 2076/1404/1410 2077/1406/1412 2082/1411/1417 2081/1409/1415
f 2077/1406/1412 2078/1407/1413 2083/1412/1418 2082/1411/1417
f 2078/1407/1413 2079/1408/1414 2084/1413/1419 2083/1412/1418
f 2080/1410/1416 2081/1409/1415 2086/1414/1420 2085/1415/1421
f 2081/1409/1415 2082/1411/1417 2087/1416/1422 2086/1414/1420
f 2082/1411/1417 2083/1412/1418 2088/1417/1423 2087/1416/1422
f 2083/1412/1418 2084/1413/1419 2089/1418/1424 2088/1417/1423
f 34/1384/1425 609/1383/1426 2065/1394/1400 629/1419/1427
f 615/1420/1428 2069/1402/1408 605/1380/1429 72/1379/1430
f 73/1421/1431 620/1422/1432 2089/1418/1424 619/1423/1433
f 625/1424/1434 2085/1415/1421 624/1425/1435 35/1426/1436
f 609/1383/1426 608/1392/1437 2066/1395/1401 2065/1394/1400
f 616/1427/1438 2074/1403/1409 2069/1402/1408 615/1420/1428
f 620/1422/1432 621/1428/1439 2088/1417/1423 2089/1418/1424
f 626/1429/1440 2080/1410/1416 2085/1415/1421 625/1424/1434
f 608/1392/1437 607/1389/1441 2067/1398/1404 2066/1395/1401
f 617/1430/1442 2079/1408/1414 2074/1403/1409 616/1427/1438
f 621/1428/1439 622/1431/1443 2087/1416/1422 2088/1417/1423
f 627/1432/1444 2075/1405/1411 2080/1410/1416 626/1429/1440
f 607/1389/1441 606/1386/1445 2068/1400/1406 2067/1398/1404
f 618/1433/1446 2084/1413/1419 2079/1408/1414 617/1430/1442
f 622/1431/1443 623/1434/1447 2086/1414/1420 2087/1416/1422
f 628/1435/1448 2070/1397/1403 2075/1405/1411 627/1432/1444
f 606/1386/1445 605/1380/1429 2069/1402/1408 2068/1400/1406
f 619/1423/1433 2089/1418/1424 2084/1413/1419 618/1433/1446
f 623/1434/1447 624/1425/1435 2085/1415/1421 2086/1414/1420
f 629/1419/1427 2065/1394/1400 2070/1397/1403 628/1435/1448
f 2090/1436/1449 2091/1437/1450 2096/1438/1451 2095/1439/1452
f 2091/1437/1450 2092/1440/1453 2097/1441/1454 2096/1438/1451
f 2092/1440/1453 2093/1442/1455 2098/1443/1456 2097/1441/1454
f 2093/1442/1455 2094/1444/1457 2099/1445/1458 2098/1443/1456
f 2095/1439/1452 2096/1438/1451 2101/1446/1459 2100/1447/1460
f 2096/1438/1451 2097/1441/1454 2102/1448/1461 2101/1446/1459
f 2097/1441/1454 2098/1443/1456 2103/1449/1462 2102/1448/1461
f 2098/1443/1456 2099/1445/1458 2104/1450/1463 2103/1449/1462
f 2100/1447/1460 2101/1446/1459 2106/1451/1464 2105/1452/1465
f 2101/1446/1459 2102/1448/1461 2107/1453/1466 2106/1451/1464
f 2102/1448/1461 2103/1449/1462 2108/1454/1467 2107/1453/1466
f 2103/1449/1462 2104/1450/1463 2109/1455/1468 2108/1454/1467
f 2105/1452/1465 2106/1451/1464 2111/1456/1469 2110/1457/1470
f 2106/1451/1464 2107/1453/1466 2112/1458/1471 2111/1456/1469
f 2107/1453/1466 2108/1454/1467 2113/1459/1472 2112/1458/1471
f 2108/1454/1467 2109/1455/1468 2114/1460/1473 2113/1459/1472
f 35/1426/1474 624/1425/1475 2090/1436/1449 644/1461/1476
f 630/1462/1477 2094/1444/1457 620/1422/1478 73/1421/1479
f 74/1463/1480 635/1464/1481 2114/1460/1473 634/1465/1482
f 640/1466/1483 2110/1457/1470 639/1467/1484 36/1468/1485
f 624/1425/1475 623/1434/1486 2091/1437/1450 2090/1436/1449
f 631/1469/1487 2099/1445/1458 2094/1444/1457 630/1462/1477
f 635/1464/1481 636/1470/1488 2113/1459/1472 2114/1460/1473
f 641/1471/1489 2105/1452/1465 2110/1457/1470 640/1466/1483
f 623/1434/1486 622/1431/1490 2092/1440/1453 2091/1437/1450
f 632/1472/1491 2104/1450/1463 2099/1445/1458 631/1469/1487
f 636/1470/1488 637/1473/1492 2112/1458/1471 2113/1459/1472
f 642/1474/1493 2100/1447/1460 2105/1452/1465 641/1471/1489
f 622/1431/1490 621/1428/1494 2093/1442/1455 2092/1440/1453
f 633/1475/1495 2109/1455/1468 2104/1450/1463 632/1472/1491
f 637/1473/1492 638/1476/1496 2111/1456/1469 2112/1458/1471
f 643/1477/1497 2095/1439/1452 2100/1447/1460 642/1474/1493
f 621/1428/1494 620/1422/1478 2094/1444/1457 2093/1442/1455
f 634/1465/1482 2114/1460/1473 2109/1455/1468 633/1475/1495
f 638/1476/1496 639/1467/1484 2110/1457/1470 2111/1456/1469
f 644/1461/1476 2090/1436/1449 2095/1439/1452 643/1477/1497
f 2115/1478/1498 2116/1479/1499 2121/1480/1500 2120/1481/1501
f 2116/1479/1499 2117/1482/1502 2122/1483/1503 2121/1480/1500
f 2117/1482/1502 2118/1484/1504 2123/1485/1505 2122/1483/1503
f 2118/1484/1504 2119/1486/1506 2124/1487/1507 2123/1485/1505
f 2120/1481/1501 2121/1480/1500 2126/1488/1508 2125/1489/1509
f 2121/1480/1500 2122/1483/1503 2127/1490/1510 2126/1488/1508
f 2122/1483/1503 2123/1485/1505 2128/1491/1511 2127/1490/1510
f 2123/1485/1505 2124/1487/1507 2129/1492/1512 2128/1491/1511
f 2125/1489/1509 2126/1488/1508 2131/1493/1513 2130/1494/1514
f 2126/1488/1508 2127/1490/1510 2132/1495/1515 2131/1493/1513
f 2127/1490/1510 2128/1491/1511 2133/1496/1516 2132/1495/1515
f 2128/1491/1511 2129/1492/1512 2134/1497/1517 2133/1496/1516
f 2130/1494/1514 2131/1493/1513 2136/1498/1518 2135/1499/1519
f 2131/1493/1513 2132/1495/1515 2137/1500/1520 2136/1498/1518
f 2132/1495/1515 2133/1496/1516 2138/1501/1521 2137/1500/1520
f 2133/1496/1516 2134/1497/1517 2139/1502/1522 2138/1501/1521
f 36/1468/1523 639/1467/1524 2115/1478/1498 659/1503/1525
f 645/1504/1526 2119/1486/1506 635/1464/1527 74/1463/1528
f 75/1505/1529 650/1506/1530 2139/1502/1522 649/1507/1531
f 655/1508/1532 2135/1499/1519 654/1509/1533 37/1510/1534
f 639/1467/1524 638/1476/1535 2116/1479/1499 2115/1478/1498
f 646/1511/1536 2124/1487/1507 2119/1486/1506 645/1504/1526
f 650/1506/1530 651/1512/1537 2138/1501/1521 2139/1502/1522
f 656/1513/1538 2130/1494/1514 2135/1499/1519 655/1508/1532
f 638/1476/1535 637/1473/1539 2117/1482/1502 2116/1479/1499
f 647/1514/1540 2129/1492/1512 2124/1487/1507 646/1511/1536
f 651/1512/1537 652/1515/1541 2137/1500/1520 2138/1501/1521
f 657/1516/1542 2125/1489/1509 2130/1494/1514 656/1513/1538
f 637/1473/1539 636/1470/1543 2118/1484/1504 2117/1482/1502
f 648/1517/1544 2134/1497/1517 2129/1492/1512 647/1514/1540
f 652/1515/1541 653/1518/1545 2136/1498/1518 2137/1500/1520
f 658/1519/1546 2120/1481/1501 2125/1489/1509 657/1516/1542
f 636/1470/1543 635/1464/1527 2119/1486/1506 2118/1484/1504
f 649/1507/1531 2139/1502/1522 2134/1497/1517 648/1517/1544
f 653/1518/1545 654/1509/1533 2135/1499/1519 2136/1498/1518
f 659/1503/1525 2115/1478/1498 2120/1481/1501 658/1519/1546
f 2140/1520/1547 2141/1521/1548 2146/1522/1549 2145/1523/1550
f 2141/1521/1548 2142/1524/1551 2147/1525/1552 2146/1522/1549
f 2142/1524/1551 2143/1526/1553 2148/1527/1554 2147/1525/1552
f 2143/1526/1553 2144/1528/1555 2149/1529/1556 2148/1527/1554
f 2145/1523/1550 2146/1522/1549 2151/1530/1557 2150/1531/1558
f 2146/1522/1549 2147/1525/1552 2152/1532/1559 2151/1530/1557
f 2147/1525/1552 2148/1527/1554 2153/1533/1560 2152/1532/1559
f 2148/1527/1554 2149/1529/1556 2154/1534/1561 2153/1533/1560
f 2150/1531/1558 2151/1530/1557 2156/1535/1562 2155/1536/1563
f 2151/1530/1557 2152/1532/1559 2157/1537/1564 2156/1535/1562
f 2152/1532/1559 2153/1533/1560 2158/1538/1565 2157/1537/1564
f 2153/1533/1560 2154/1534/1561 2159/1539/1566 2158/1538/1565
f 2155/1536/1563 2156/1535/1562 2161/1540/1567 2160/1541/1568
f 2156/1535/1562 2157/1537/1564 2162/1542/1569 2161/1540/1567
f 2157/1537/1564 2158/1538/1565 2163/1543/1570 2162/1542/1569
f 2158/1538/1565 2159/1539/1566 2164/1544/1571 2163/1543/1570
f 37/1510/1572 654/1509/1573 2140/1520/1547 674/1545/1574
f 660/1546/1575 2144/1528/1555 650/1506/1576 75/1505/1577
f 76/1547/1578 665/1548/1579 2164/1544/1571 664/1549/1580
f 670/1550/1581 2160/1541/1568 669/1551/1582 38/1552/1583
f 654/1509/1573 653/1518/1584 2141/1521/1548 2140/1520/1547
f 661/1553/1585 2149/1529/1556 2144/1528/1555 660/1546/1575
f 665/1548/1579 666/1554/1586 2163/1543/1570 2164/1544/1571
f 671/1555/1587 2155/1536/1563 2160/1541/1568 670/1550/1581
f 653/1518/1584 652/1515/1588 2142/1524/1551 2141/1521/1548
f 662/1556/1589 2154/1534/1561 2149/1529/1556 661/1553/1585
f 666/1554/1586 667/1557/1590 2162/1542/1569 2163/1543/1570
f 672/1558/1591 2150/1531/1558 2155/1536/1563 671/1555/1587
f 652/1515/1588 651/1512/1592 2143/1526/1553 2142/1524/1551
f 663/1559/1593 2159/1539/1566 2154/1534/1561 662/1556/1589
f 667/1557/1590 668/1560/1594 2161/1540/1567 2162/1542/1569
f 673/1561/1595 2145/1523/1550 2150/1531/1558 672/1558/1591
f 651/1512/1592 650/1506/1576 2144/1528/1555 2143/1526/1553
f 664/1549/1580 2164/1544/1571 2159/1539/1566 663/1559/1593
f 668/1560/1594 669/1551/1582 2160/1541/1568 2161/1540/1567
f 674/1545/1574 2140/1520/1547 2145/1523/1550 673/1561/1595
f 2165/1562/1 2166/1563/1 2171/1564/1 2170/1565/1
f 2166/1563/1 2167/1566/1 2172/1567/1 2171/1564/1
f 2167/1566/1 2168/1568/1 2173/1569/1 2172/1567/1
f 2168/1568/1 2169/1570/1 2174/1571/1 2173/1569/1
f 2170/1565/1 2171/1564/1 2176/1572/1 2175/1573/1
f 2171/1564/1 2172/1567/1 2177/1574/1 2176/1572/1
f 2172/1567/1 2173/1569/1 2178/1575/1 2177/1574/1
f 2173/1569/1 2174/1571/1 2179/1576/1 2178/1575/1
f 2175/1573/1 2176/1572/1 2181/1577/1 2180/1578/1
f 2176/1572/1 2177/1574/1 2182/1579/1 2181/1577/1
f 2177/1574/1 2178/1575/1 2183/1580/1 2182/1579/1
f 2178/1575/1 2179/1576/1 2184/1581/1 2183/1580/1
f 2180/1578/1 2181/1577/1 2186/1582/1 2185/1583/1
f 2181/1577/1 2182/1579/1 2187/1584/1 2186/1582/1
f 2182/1579/1 2183/1580/1 2188/1585/1 2187/1584/1
f 2183/1580/1 2184/1581/1 2189/1586/1 2188/1585/1
f 39/31/1 675/1587/1 2165/1562/1 120/29/1
f 680/1588/1 2169/1570/1 679/1589/1 77/1590/1
f 78/1591/1 685/1592/1 2189/1586/1 684/1593/1
f 124/34/1 2185/1583/1 689/1594/1 40/32/1
f 675/1587/1 676/1595/1 2166/1563/1 2165/1562/1
f 681/1596/1 2174/1571/1 2169/1570/1 680/1588/1
f 685/1592/1 686/1597/1 2188/1585/1 2189/1586/1
f 123/47/1 2180/1578/1 2185/1583/1 124/34/1
f 676/1595/1 677/1598/1 2167/1566/1 2166/1563/1
f 682/1599/1 2179/1576/1 2174/1571/1 681/1596/1
f 686/1597/1 687/1600/1 2187/1584/1 2188/1585/1
f 122/43/1 2175/1573/1 2180/1578/1 123/47/1
f 677/1598/1 678/1601/1 2168/1568/1 2167/1566/1
f 683/1602/1 2184/1581/1 2179/1576/1 682/1599/1
f 687/1600/1 688/1603/1 2186/1582/1 2187/1584/1
f 121/39/1 2170/1565/1 2175/1573/1 122/43/1
f 678/1601/1 679/1589/1 2169/1570/1 2168/1568/1
f 684/1593/1 2189/1586/1 2184/1581/1 683/1602/1
f 688/1603/1 689/1594/1 2185/1583/1 2186/1582/1
f 120/29/1 2165/1562/1 2170/1565/1 121/39/1
f 2190/1604/1596 2191/1605/1597 2196/1606/1597 2195/1607/1596
f 2191/1605/1597 2192/1608/1598 2197/1609/1598 2196/1606/1597
f 2192/1608/1598 2193/1610/1599 2198/1611/1599 2197/1609/1598
f 2193/1610/1599 2194/1612/1600 2199/1613/1600 2198/1611/1599
f 2195/1607/1596 2196/1606/1597 2201/1614/1597 2200/1615/1596
f 2196/1606/1597 2197/1609/1598 2202/1616/1598 2201/1614/1597
f 2197/1609/1598 2198/1611/1599 2203/1617/1599 2202/1616/1598
f 2198/1611/1599 2199/1613/1600 2204/1618/1600 2203/1617/1599
f 2200/1615/1596 2201/1614/1597 2206/1619/1597 2205/1620/1596
f 2201/1614/1597 2202/1616/1598 2207/1621/1598 2206/1619/1597
f 2202/1616/1598 2203/1617/1599 2208/1622/1599 2207/1621/1598
f 2203/1617/1599 2204/1618/1600 2209/1623/1600 2208/1622/1599
f 2205/1620/1596 2206/1619/1597 2211/1624/1597 2210/1625/1596
f 2206/1619/1597 2207/1621/1598 2212/1626/1598 2211/1624/1597
f 2207/1621/1598 2208/1622/1599 2213/1627/1599 2212/1626/1598
f 2208/1622/1599 2209/1623/1600 2214/1628/1600 2213/1627/1599
f 40/32/8 689/1594/1596 2190/1604/1596 135/76/8
f 690/1629/1601 2194/1612/1600 685/1592/1600 78/1591/1601
f 79/1630/1601 695/1631/1600 2214/1628/1600 694/1632/1601
f 139/79/8 2210/1625/1596 699/1633/1596 41/77/8
f 689/1594/1596 688/1603/1597 2191/1605/1597 2190/1604/1596
f 691/1634/1601 2199/1613/1600 2194/1612/1600 690/1629/1601
f 695/1631/1600 696/1635/1599 2213/1627/1599 2214/1628/1600
f 138/89/8 2205/1620/1596 2210/1625/1596 139/79/8
f 688/1603/1597 687/1600/1598 2192/1608/1598 2191/1605/1597
f 692/1636/1601 2204/1618/1600 2199/1613/1600 691/1634/1601
f 696/1635/1599 697/1637/1598 2212/1626/1598 2213/1627/1599
f 137/86/8 2200/1615/1596 2205/1620/1596 138/89/8
f 687/1600/1598 686/1597/1599 2193/1610/1599 2192/1608/1598
f 693/1638/1601 2209/1623/1600 2204/1618/1600 692/1636/1601
f 697/1637/1598 698/1639/1597 2211/1624/1597 2212/1626/1598
f 136/83/8 2195/1607/1596 2200/1615/1596 137/86/8
f 686/1597/1599 685/1592/1600 2194/1612/1600 2193/1610/1599
f 694/1632/1601 2214/1628/1600 2209/1623/1600 693/1638/1601
f 698/1639/1597 699/1633/1596 2210/1625/1596 2211/1624/1597
f 135/76/8 2190/1604/1596 2195/1607/1596 136/83/8
f 2215/1640/1602 2216/1641/1603 2221/1642/1604 2220/1643/1605
f 2216/1641/1603 2217/1644/1606 2222/1645/1607 2221/1642/1604
f 2217/1644/1606 2218/1646/1608 2223/1647/1609 2222/1645/1607
f 2218/1646/1608 2219/1648/1610 2224/1649/1611 2223/1647/1609
f 2220/1643/1605 2221/1642/1604 2226/1650/1612 2225/1651/1613
f 2221/1642/1604 2222/1645/1607 2227/1652/1614 2226/1650/1612
f 2222/1645/1607 2223/1647/1609 2228/1653/1615 2227/1652/1614
f 2223/1647/1609 2224/1649/1611 2229/1654/1616 2228/1653/1615
f 2225/1651/1613 2226/1650/1612 2231/1655/1617 2230/1656/1618
f 2226/1650/1612 2227/1652/1614 2232/1657/1619 2231/1655/1617
f 2227/1652/1614 2228/1653/1615 2233/1658/1620 2232/1657/1619
f 2228/1653/1615 2229/1654/1616 2234/1659/1621 2233/1658/1620
f 2230/1656/1618 2231/1655/1617 2236/1660/1622 2235/1661/1623
f 2231/1655/1617 2232/1657/1619 2237/1662/1624 2236/1660/1622
f 2232/1657/1619 2233/1658/1620 2238/1663/1625 2237/1662/1624
f 2233/1658/1620 2234/1659/1621 2239/1664/1626 2238/1663/1625
f 41/77/39 699/1633/1627 2215/1640/1602 150/118/37
f 700/1665/1628 2219/1648/1610 695/1631/1629 79/1630/1630
f 80/1666/1631 705/1667/1632 2239/1664/1626 704/1668/1633
f 154/121/42 2235/1661/1623 709/1669/1634 42/119/40
f 699/1633/1627 698/1639/1635 2216/1641/1603 2215/1640/1602
f 701/1670/1636 2224/1649/1611 2219/1648/1610 700/1665/1628
f 705/1667/1632 706/1671/1637 2238/1663/1625 2239/1664/1626
f 153/131/55 2230/1656/1618 2235/1661/1623 154/121/42
f 698/1639/1635 697/1637/1638 2217/1644/1606 2216/1641/1603
f 702/1672/1639 2229/1654/1616 2224/1649/1611 701/1670/1636
f 706/1671/1637 707/1673/1640 2237/1662/1624 2238/1663/1625
f 152/128/51 2225/1651/1613 2230/1656/1618 153/131/55
f 697/1637/1638 696/1635/1641 2218/1646/1608 2217/1644/1606
f 703/1674/1642 2234/1659/1621 2229/1654/1616 702/1672/1639
f 707/1673/1640 708/1675/1643 2236/1660/1622 2237/1662/1624
f 151/125/47 2220/1643/1605 2225/1651/1613 152/128/51
f 696/1635/1641 695/1631/1629 2219/1648/1610 2218/1646/1608
f 704/1668/1633 2239/1664/1626 2234/1659/1621 703/1674/1642
f 708/1675/1643 709/1669/1634 2235/1661/1623 2236/1660/1622
f 150/118/37 2215/1640/1602 2220/1643/1605 151/125/47
f 2240/1676/1644 2241/1677/1645 2246/1678/1646 2245/1679/1647
f 2241/1677/1645 2242/1680/1648 2247/1681/1649 2246/1678/1646
f 2242/1680/1648 2243/1682/1650 2248/1683/1651 2247/1681/1649
f 2243/1682/1650 2244/1684/1652 2249/1685/1653 2248/1683/1651
f 2245/1679/1647 2246/1678/1646 2251/1686/1654 2250/1687/1655
f 2246/1678/1646 2247/1681/1649 2252/1688/1656 2251/1686/1654
f 2247/1681/1649 2248/1683/1651 2253/1689/1657 2252/1688/1656
f 2248/1683/1651 2249/1685/1653 2254/1690/1658 2253/1689/1657
f 2250/1687/1655 2251/1686/1654 2256/1691/1659 2255/1692/1660
f 2251/1686/1654 2252/1688/1656 2257/1693/1661 2256/1691/1659
f 2252/1688/1656 2253/1689/1657 2258/1694/1662 2257/1693/1661
f 2253/1689/1657 2254/1690/1658 2259/1695/1663 2258/1694/1662
f 2255/1692/1660 2256/1691/1659 2261/1696/1664 2260/1697/1665
f 2256/1691/1659 2257/1693/1661 2262/1698/1666 2261/1696/1664
f 2257/1693/1661 2258/1694/1662 2263/1699/1667 2262/1698/1666
f 2258/1694/1662 2259/1695/1663 2264/1700/1668 2263/1699/1667
f 42/119/88 709/1669/1669 2240/1676/1644 165/160/86
f 710/1701/1670 2244/1684/1652 705/1667/1671 80/1666/1672
f 81/1702/1673 715/1703/1674 2264/1700/1668 714/1704/1675
f 169/163/91 2260/1697/1665 719/1705/1676 43/161/89
f 709/1669/1669 708/1675/1677 2241/1677/1645 2240/1676/1644
f 711/1706/1678 2249/1685/1653 2244/1684/1652 710/1701/1670
f 715/1703/1674 716/1707/1679 2263/1699/1667 2264/1700/1668
f 168/173/104 2255/1692/1660 2260/1697/1665 169/163/91
f 708/1675/1677 707/1673/1680 2242/1680/1648 2241/1677/1645
f 712/1708/1681 2254/1690/1658 2249/1685/1653 711/1706/1678
f 716/1707/1679 717/1709/1682 2262/1698/1666 2263/1699/1667
f 167/170/100 2250/1687/1655 2255/1692/1660 168/173/104
f 707/1673/1680 706/1671/1683 2243/1682/1650 2242/1680/1648
f 713/1710/1684 2259/1695/1663 2254/1690/1658 712/1708/1681
f 717/1709/1682 718/1711/1685 2261/1696/1664 2262/1698/1666
f 166/167/96 2245/1679/1647 2250/1687/1655 167/170/100
f 706/1671/1683 705/1667/1671 2244/1684/1652 2243/1682/1650
f 714/1704/1675 2264/1700/1668 2259/1695/1663 713/1710/1684
f 718/1711/1685 719/1705/1676 2260/1697/1665 2261/1696/1664
f 165/160/86 2240/1676/1644 2245/1679/1647 166/167/96
f 2265/1712/1686 2266/1713/1687 2271/1714/1688 2270/1715/1689
f 2266/1713/1687 2267/1716/1690 2272/1717/1691 2271/1714/1688
f 2267/1716/1690 2268/1718/1692 2273/1719/1693 2272/1717/1691
f 2268/1718/1692 2269/1720/1694 2274/1721/1695 2273/1719/1693
f 2270/1715/1689 2271/1714/1688 2276/1722/1696 2275/1723/1697
f 2271/1714/1688 2272/1717/1691 2277/1724/1698 2276/1722/1696
f 2272/1717/1691 2273/1719/1693 2278/1725/1699 2277/1724/1698
f 2273/1719/1693 2274/1721/1695 2279/1726/1700 2278/1725/1699
f 2275/1723/1697 2276/1722/1696 2281/1727/1701 2280/1728/1702
f 2276/1722/1696 2277/1724/1698 2282/1729/1703 2281/1727/1701
f 2277/1724/1698 2278/1725/1699 2283/1730/1704 2282/1729/1703
f 2278/1725/1699 2279/1726/1700 2284/1731/1705 2283/1730/1704
f 2280/1728/1702 2281/1727/1701 2286/1732/1706 2285/1733/1707
f 2281/1727/1701 2282/1729/1703 2287/1734/1708 2286/1732/1706
f 2282/1729/1703 2283/1730/1704 2288/1735/1709 2287/1734/1708
f 2283/1730/1704 2284/1731/1705 2289/1736/1710 2288/1735/1709
f 43/161/137 719/1705/1711 2265/1712/1686 180/202/135
f 720/1737/1712 2269/1720/1694 715/1703/1713 81/1702/1714
f 82/1738/1714 725/1739/1715 2289/1736/1710 724/1740/1716
f 184/205/139 2285/1733/1707 729/1741/1717 44/203/137
f 719/1705/1711 718/1711/1718 2266/1713/1687 2265/1712/1686
f 721/1742/1719 2274/1721/1695 2269/1720/1694 720/1737/1712
f 725/1739/1715 726/1743/1720 2288/1735/1709 2289/1736/1710
f 183/215/150 2280/1728/1702 2285/1733/1707 184/205/139
f 718/1711/1718 717/1709/1721 2267/1716/1690 2266/1713/1687
f 722/1744/1722 2279/1726/1700 2274/1721/1695 721/1742/1719
f 726/1743/1720 727/1745/1723 2287/1734/1708 2288/1735/1709
f 182/212/147 2275/1723/1697 2280/1728/1702 183/215/150
f 717/1709/1721 716/1707/1724 2268/1718/1692 2267/1716/1690
f 723/1746/1725 2284/1731/1705 2279/1726/1700 722/1744/1722
f 727/1745/1723 728/1747/1726 2286/1732/1706 2287/1734/1708
f 181/209/143 2270/1715/1689 2275/1723/1697 182/212/147
f 716/1707/1724 715/1703/1713 2269/1720/1694 2268/1718/1692
f 724/1740/1716 2289/1736/1710 2284/1731/1705 723/1746/1725
f 728/1747/1726 729/1741/1717 2285/1733/1707 2286/1732/1706
f 180/202/135 2265/1712/1686 2270/1715/1689 181/209/143
f 2290/1748/1727 2291/1749/1728 2296/1750/1729 2295/1751/1730
f 2291/1749/1728 2292/1752/1731 2297/1753/1732 2296/1750/1729
f 2292/1752/1731 2293/1754/1733 2298/1755/1734 2297/1753/1732
f 2293/1754/1733 2294/1756/1735 2299/1757/1736 2298/1755/1734
f 2295/1751/1730 2296/1750/1729 2301/1758/1737 2300/1759/1738
f 2296/1750/1729 2297/1753/1732 2302/1760/1739 2301/1758/1737
f 2297/1753/1732 2298/1755/1734 2303/1761/1740 2302/1760/1739
f 2298/1755/1734 2299/1757/1736 2304/1762/1741 2303/1761/1740
f 2300/1759/1738 2301/1758/1737 2306/1763/1742 2305/1764/1743
f 2301/1758/1737 2302/1760/1739 2307/1765/1744 2306/1763/1742
f 2302/1760/1739 2303/1761/1740 2308/1766/1745 2307/1765/1744
f 2303/1761/1740 2304/1762/1741 2309/1767/1746 2308/1766/1745
f 2305/1764/1743 2306/1763/1742 2311/1768/1747 2310/1769/1748
f 2306/1763/1742 2307/1765/1744 2312/1770/1749 2311/1768/1747
f 2307/1765/1744 2308/1766/1745 2313/1771/1750 2312/1770/1749
f 2308/1766/1745 2309/1767/1746 2314/1772/1751 2313/1771/1750
f 44/203/183 729/1741/1752 2290/1748/1727 195/244/181
f 730/1773/1753 2294/1756/1735 725/1739/1754 82/1738/1755
f 83/1774/1756 735/1775/1757 2314/1772/1751 734/1776/1758
f 199/247/186 2310/1769/1748 739/1777/1759 45/245/184
f 729/1741/1752 728/1747/1760 2291/1749/1728 2290/1748/1727
f 731/1778/1761 2299/1757/1736 2294/1756/1735 730/1773/1753
f 735/1775/1757 736/1779/1762 2313/1771/1750 2314/1772/1751
f 198/257/198 2305/1764/1743 2310/1769/1748 199/247/186
f 728/1747/1760 727/1745/1763 2292/1752/1731 2291/1749/1728
f 732/1780/1764 2304/1762/1741 2299/1757/1736 731/1778/1761
f 736/1779/1762 737/1781/1765 2312/1770/1749 2313/1771/1750
f 197/254/194 2300/1759/1738 2305/1764/1743 198/257/198
f 727/1745/1763 726/1743/1766 2293/1754/1733 2292/1752/1731
f 733/1782/1767 2309/1767/1746 2304/1762/1741 732/1780/1764
f 737/1781/1765 738/1783/1768 2311/1768/1747 2312/1770/1749
f 196/251/190 2295/1751/1730 2300/1759/1738 197/254/194
f 726/1743/1766 725/1739/1754 2294/1756/1735 2293/1754/1733
f 734/1776/1758 2314/1772/1751 2309/1767/1746 733/1782/1767
f 738/1783/1768 739/1777/1759 2310/1769/1748 2311/1768/1747
f 195/244/181 2290/1748/1727 2295/1751/1730 196/251/190
f 2315/1784/1769 2316/1785/1770 2321/1786/1771 2320/1787/1772
f 2316/1785/1770 2317/1788/1773 2322/1789/1774 2321/1786/1771
f 2317/1788/1773 2318/1790/1775 2323/1791/1776 2322/1789/1774
f 2318/1790/1775 2319/1792/1777 2324/1793/1778 2323/1791/1776
f 2320/1787/1772 2321/1786/1771 2326/1794/1779 2325/1795/1780
f 2321/1786/1771 2322/1789/1774 2327/1796/1781 2326/1794/1779
f 2322/1789/1774 2323/1791/1776 2328/1797/1782 2327/1796/1781
f 2323/1791/1776 2324/1793/1778 2329/1798/1783 2328/1797/1782
f 2325/1795/1780 2326/1794/1779 2331/1799/1784 2330/1800/1785
f 2326/1794/1779 2327/1796/1781 2332/1801/1786 2331/1799/1784
f 2327/1796/1781 2328/1797/1782 2333/1802/1787 2332/1801/1786
f 2328/1797/1782 2329/1798/1783 2334/1803/1788 2333/1802/1787
f 2330/1800/1785 2331/1799/1784 2336/1804/1789 2335/1805/1790
f 2331/1799/1784 2332/1801/1786 2337/1806/1791 2336/1804/1789
f 2332/1801/1786 2333/1802/1787 2338/1807/1792 2337/1806/1791
f 2333/1802/1787 2334/1803/1788 2339/1808/1793 2338/1807/1792
f 45/245/231 739/1777/1794 2315/1784/1769 210/286/229
f 740/1809/1795 2319/1792/1777 735/1775/1796 83/1774/1797
f 84/1810/1798 745/1811/1799 2339/1808/1793 744/1812/1800
f 214/289/234 2335/1805/1790 749/1813/1801 46/287/232
f 739/1777/1794 738/1783/1802 2316/1785/1770 2315/1784/1769
f 741/1814/1803 2324/1793/1778 2319/1792/1777 740/1809/1795
f 745/1811/1799 746/1815/1804 2338/1807/1792 2339/1808/1793
f 213/299/247 2330/1800/1785 2335/1805/1790 214/289/234
f 738/1783/1802 737/1781/1805 2317/1788/1773 2316/1785/1770
f 742/1816/1806 2329/1798/1783 2324/1793/1778 741/1814/1803
f 746/1815/1804 747/1817/1807 2337/1806/1791 2338/1807/1792
f 212/296/243 2325/1795/1780 2330/1800/1785 213/299/247
f 737/1781/1805 736/1779/1808 2318/1790/1775 2317/1788/1773
f 743/1818/1809 2334/1803/1788 2329/1798/1783 742/1816/1806
f 747/1817/1807 748/1819/1810 2336/1804/1789 2337/1806/1791
f 211/293/239 2320/1787/1772 2325/1795/1780 212/296/243
f 736/1779/1808 735/1775/1796 2319/1792/1777 2318/1790/1775
f 744/1812/1800 2339/1808/1793 2334/1803/1788 743/1818/1809
f 748/1819/1810 749/1813/1801 2335/1805/1790 2336/1804/1789
f 210/286/229 2315/1784/1769 2320/1787/1772 211/293/239
f 2340/1820/1811 2341/1821/1812 2346/1822/1813 2345/1823/1814
f 2341/1821/1812 2342/1824/1815 2347/1825/1816 2346/1822/1813
f 2342/1824/1815 2343/1826/1817 2348/1827/1818 2347/1825/1816
f 2343/1826/1817 2344/1828/1819 2349/1829/1820 2348/1827/1818
f 2345/1823/1814 2346/1822/1813 2351/1830/1821 2350/1831/1822
f 2346/1822/1813 2347/1825/1816 2352/1832/1823 2351/1830/1821
f 2347/1825/1816 2348/1827/1818 2353/1833/1824 2352/1832/1823
f 2348/1827/1818 2349/1829/1820 2354/1834/1825 2353/1833/1824
f 2350/1831/1822 2351/1830/1821 2356/1835/1826 2355/1836/1827
f 2351/1830/1821 2352/1832/1823 2357/1837/1828 2356/1835/1826
f 2352/1832/1823 2353/1833/1824 2358/1838/1829 2357/1837/1828
f 2353/1833/1824 2354/1834/1825 2359/1839/1830 2358/1838/1829
f 2355/1836/1827 2356/1835/1826 2361/1840/1831 2360/1841/1832
f 2356/1835/1826 2357/1837/1828 2362/1842/1833 2361/1840/1831
f 2357/1837/1828 2358/1838/1829 2363/1843/1834 2362/1842/1833
f 2358/1838/1829 2359/1839/1830 2364/1844/1835 2363/1843/1834
f 46/287/280 749/1813/1836 2340/1820/1811 225/328/278
f 750/1845/1837 2344/1828/1819 745/1811/1838 84/1810/1839
f 85/1846/1840 755/1847/1841 2364/1844/1835 754/1848/1842
f 229/331/283 2360/1841/1832 759/1849/1843 47/329/281
f 749/1813/1836 748/1819/1844 2341/1821/1812 2340/1820/1811
f 751/1850/1845 2349/1829/1820 2344/1828/1819 750/1845/1837
f 755/1847/1841 756/1851/1846 2363/1843/1834 2364/1844/1835
f 228/341/295 2355/1836/1827 2360/1841/1832 229/331/283
f 748/1819/1844 747/1817/1847 2342/1824/1815 2341/1821/1812
f 752/1852/1848 2354/1834/1825 2349/1829/1820 751/1850/1845
f 756/1851/1846 757/1853/1847 2362/1842/1833 2363/1843/1834
f 227/338/292 2350/1831/1822 2355/1836/1827 228/341/295
f 747/1817/1847 746/1815/1849 2343/1826/1817 2342/1824/1815
f 753/1854/1850 2359/1839/1830 2354/1834/1825 752/1852/1848
f 757/1853/1847 758/1855/1851 2361/1840/1831 2362/1842/1833
f 226/335/288 2345/1823/1814 2350/1831/1822 227/338/292
f 746/1815/1849 745/1811/1838 2344/1828/1819 2343/1826/1817
f 754/1848/1842 2364/1844/1835 2359/1839/1830 753/1854/1850
f 758/1855/1851 759/1849/1843 2360/1841/1832 2361/1840/1831
f 225/328/278 2340/1820/1811 2345/1823/1814 226/335/288
f 2365/1856/1852 2366/1857/1853 2371/1858/1854 2370/1859/1855
f 2366/1857/1853 2367/1860/1856 2372/1861/1857 2371/1858/1854
f 2367/1860/1856 2368/1862/1858 2373/1863/1859 2372/1861/1857
f 2368/1862/1858 2369/1864/1860 2374/1865/1861 2373/1863/1859
f 2370/1859/1855 2371/1858/1854 2376/1866/1862 2375/1867/1863
f 2371/1858/1854 2372/1861/1857 2377/1868/1864 2376/1866/1862
f 2372/1861/1857 2373/1863/1859 2378/1869/1865 2377/1868/1864
f 2373/1863/1859 2374/1865/1861 2379/1870/1866 2378/1869/1865
f 2375/1867/1863 2376/1866/1862 2381/1871/1867 2380/1872/1868
f 2376/1866/1862 2377/1868/1864 2382/1873/1869 2381/1871/1867
f 2377/1868/1864 2378/1869/1865 2383/1874/1870 2382/1873/1869
f 2378/1869/1865 2379/1870/1866 2384/1875/1871 2383/1874/1870
f 2380/1872/1868 2381/1871/1867 2386/1876/1872 2385/1877/1873
f 2381/1871/1867 2382/1873/1869 2387/1878/1874 2386/1876/1872
f 2382/1873/1869 2383/1874/1870 2388/1879/1875 2387/1878/1874
f 2383/1874/1870 2384/1875/1871 2389/1880/1876 2388/1879/1875
f 47/329/328 759/1849/1877 2365/1856/1852 240/370/326
f 760/1881/1878 2369/1864/1860 755/1847/1879 85/1846/1880
f 86/1882/1881 765/1883/1882 2389/1880/1876 764/1884/1883
f 244/373/331 2385/1877/1873 769/1885/1884 48/371/329
f 759/1849/1877 758/1855/1885 2366/1857/1853 2365/1856/1852
f 761/1886/1886 2374/1865/1861 2369/1864/1860 760/1881/1878
f 765/1883/1882 766/1887/1887 2388/1879/1875 2389/1880/1876
f 243/383/344 2380/1872/1868 2385/1877/1873 244/373/331
f 758/1855/1885 757/1853/1888 2367/1860/1856 2366/1857/1853
f 762/1888/1889 2379/1870/1866 2374/1865/1861 761/1886/1886
f 766/1887/1887 767/1889/1890 2387/1878/1874 2388/1879/1875
f 242/380/340 2375/1867/1863 2380/1872/1868 243/383/344
f 757/1853/1888 756/1851/1891 2368/1862/1858 2367/1860/1856
f 763/1890/1892 2384/1875/1871 2379/1870/1866 762/1888/1889
f 767/1889/1890 768/1891/1893 2386/1876/1872 2387/1878/1874
f 241/377/336 2370/1859/1855 2375/1867/1863 242/380/340
f 756/1851/1891 755/1847/1879 2369/1864/1860 2368/1862/1858
f 764/1884/1883 2389/1880/1876 2384/1875/1871 763/1890/1892
f 768/1891/1893 769/1885/1884 2385/1877/1873 2386/1876/1872
f 240/370/326 2365/1856/1852 2370/1859/1855 241/377/336
f 2390/1892/1894 2391/1893/1895 2396/1894/1896 2395/1895/1897
f 2391/1893/1895 2392/1896/1898 2397/1897/1899 2396/1894/1896
f 2392/1896/1898 2393/1898/1900 2398/1899/1901 2397/1897/1899
f 2393/1898/1900 2394/1900/1902 2399/1901/1903 2398/1899/1901
f 2395/1895/1897 2396/1894/1896 2401/1902/1904 2400/1903/1905
f 2396/1894/1896 2397/1897/1899 2402/1904/1906 2401/1902/1904
f 2397/1897/1899 2398/1899/1901 2403/1905/1907 2402/1904/1906
f 2398/1899/1901 2399/1901/1903 2404/1906/1908 2403/1905/1907
f 2400/1903/1905 2401/1902/1904 2406/1907/1909 2405/1908/1910
f 2401/1902/1904 2402/1904/1906 2407/1909/1911 2406/1907/1909
f 2402/1904/1906 2403/1905/1907 2408/1910/1912 2407/1909/1911
f 2403/1905/1907 2404/1906/1908 2409/1911/1913 2408/1910/1912
f 2405/1908/1910 2406/1907/1909 2411/1912/1914 2410/1913/1915
f 2406/1907/1909 2407/1909/1911 2412/1914/1916 2411/1912/1914
f 2407/1909/1911 2408/1910/1912 2413/1915/1917 2412/1914/1916
f 2408/1910/1912 2409/1911/1913 2414/1916/1918 2413/1915/1917
f 48/371/377 769/1885/1919 2390/1892/1894 255/412/375
f 770/1917/1920 2394/1900/1902 765/1883/1921 86/1882/1922
f 87/1918/1923 775/1919/1924 2414/1916/1918 774/1920/1925
f 259/415/380 2410/1913/1915 779/1921/1926 49/413/378
f 769/1885/1919 768/1891/1927 2391/1893/1895 2390/1892/1894
f 771/1922/1928 2399/1901/1903 2394/1900/1902 770/1917/1920
f 775/1919/1924 776/1923/1929 2413/1915/1917 2414/1916/1918
f 258/425/392 2405/1908/1910 2410/1913/1915 259/415/380
f 768/1891/1927 767/1889/1930 2392/1896/1898 2391/1893/1895
f 772/1924/1931 2404/1906/1908 2399/1901/1903 771/1922/1928
f 776/1923/1929 777/1925/1932 2412/1914/1916 2413/1915/1917
f 257/422/388 2400/1903/1905 2405/1908/1910 258/425/392
f 767/1889/1930 766/1887/1933 2393/1898/1900 2392/1896/1898
f 773/1926/1934 2409/1911/1913 2404/1906/1908 772/1924/1931
f 777/1925/1932 778/1927/1935 2411/1912/1914 2412/1914/1916
f 256/419/384 2395/1895/1897 2400/1903/1905 257/422/388
f 766/1887/1933 765/1883/1921 2394/1900/1902 2393/1898/1900
f 774/1920/1925 2414/1916/1918 2409/1911/1913 773/1926/1934
f 778/1927/1935 779/1921/1926 2410/1913/1915 2411/1912/1914
f 255/412/375 2390/1892/1894 2395/1895/1897 256/419/384
f 2415/1928/1936 2416/1929/1937 2421/1930/1938 2420/1931/1939
f 2416/1929/1937 2417/1932/1940 2422/1933/1941 2421/1930/1938
f 2417/1932/1940 2418/1934/1942 2423/1935/1943 2422/1933/1941
f 2418/1934/1942 2419/1936/1944 2424/1937/1945 2423/1935/1943
f 2420/1931/1939 2421/1930/1938 2426/1938/1946 2425/1939/1947
f 2421/1930/1938 2422/1933/1941 2427/1940/1948 2426/1938/1946
f 2422/1933/1941 2423/1935/1943 2428/1941/1949 2427/1940/1948
f 2423/1935/1943 2424/1937/1945 2429/1942/1950 2428/1941/1949
f 2425/1939/1947 2426/1938/1946 2431/1943/1951 2430/1944/1952
f 2426/1938/1946 2427/1940/1948 2432/1945/1953 2431/1943/1951
f 2427/1940/1948 2428/1941/1949 2433/1946/1954 2432/1945/1953
f 2428/1941/1949 2429/1942/1950 2434/1947/1955 2433/1946/1954
f 2430/1944/1952 2431/1943/1951 2436/1948/1956 2435/1949/1957
f 2431/1943/1951 2432/1945/1953 2437/1950/1958 2436/1948/1956
f 2432/1945/1953 2433/1946/1954 2438/1951/1959 2437/1950/1958
f 2433/1946/1954 2434/1947/1955 2439/1952/1960 2438/1951/1959
f 49/413/425 779/1921/1961 2415/1928/1936 270/454/423
f 780/1953/1962 2419/1936/1944 775/1919/1963 87/1918/1964
f 88/1954/1965 785/1955/1966 2439/1952/1960 784/1956/1967
f 274/457/428 2435/1949/1957 789/1957/1968 50/455/426
f 779/1921/1961 778/1927/1969 2416/1929/1937 2415/1928/1936
f 781/1958/1970 2424/1937/1945 2419/1936/1944 780/1953/1962
f 785/1955/1966 786/1959/1971 2438/1951/1959 2439/1952/1960
f 273/467/441 2430/1944/1952 2435/1949/1957 274/457/428
f 778/1927/1969 777/1925/1972 2417/1932/1940 2416/1929/1937
f 782/1960/1973 2429/1942/1950 2424/1937/1945 781/1958/1970
f 786/1959/1971 787/1961/1974 2437/1950/1958 2438/1951/1959
f 272/464/437 2425/1939/1947 2430/1944/1952 273/467/441
f 777/1925/1972 776/1923/1975 2418/1934/1942 2417/1932/1940
f 783/1962/1976 2434/1947/1955 2429/1942/1950 782/1960/1973
f 787/1961/1974 788/1963/1977 2436/1948/1956 2437/1950/1958
f 271/461/433 2420/1931/1939 2425/1939/1947 272/464/437
f 776/1923/1975 775/1919/1963 2419/1936/1944 2418/1934/1942
f 784/1956/1967 2439/1952/1960 2434/1947/1955 783/1962/1976
f 788/1963/1977 789/1957/1968 2435/1949/1957 2436/1948/1956
f 270/454/423 2415/1928/1936 2420/1931/1939 271/461/433
f 2440/1964/1978 2441/1965/1979 2446/1966/1980 2445/1967/1981
f 2441/1965/1979 2442/1968/1982 2447/1969/1983 2446/1966/1980
f 2442/1968/1982 2443/1970/1984 2448/1971/1985 2447/1969/1983
f 2443/1970/1984 2444/1972/1986 2449/1973/1987 2448/1971/1985
f 2445/1967/1981 2446/1966/1980 2451/1974/1988 2450/1975/1989
f 2446/1966/1980 2447/1969/1983 2452/1976/1990 2451/1974/1988
f 2447/1969/1983 2448/1971/1985 2453/1977/1991 2452/1976/1990
f 2448/1971/1985 2449/1973/1987 2454/1978/1992 2453/1977/1991
f 2450/1975/1989 2451/1974/1988 2456/1979/1993 2455/1980/1994
f 2451/1974/1988 2452/1976/1990 2457/1981/1995 2456/1979/1993
f 2452/1976/1990 2453/1977/1991 2458/1982/1996 2457/1981/1995
f 2453/1977/1991 2454/1978/1992 2459/1983/1997 2458/1982/1996
f 2455/1980/1994 2456/1979/1993 2461/1984/1998 2460/1985/1999
f 2456/1979/1993 2457/1981/1995 2462/1986/2000 2461/1984/1998
f 2457/1981/1995 2458/1982/1996 2463/1987/2001 2462/1986/2000
f 2458/1982/1996 2459/1983/1997 2464/1988/2002 2463/1987/2001
f 50/455/474 789/1957/2003 2440/1964/1978 285/496/472
f 790/1989/2004 2444/1972/1986 785/1955/2005 88/1954/2006
f 89/1990/2007 795/1991/2008 2464/1988/2002 794/1992/2009
f 289/499/477 2460/1985/1999 799/1993/2010 51/497/475
f 789/1957/2003 788/1963/2011 2441/1965/1979 2440/1964/1978
f 791/1994/2012 2449/1973/1987 2444/1972/1986 790/1989/2004
f 795/1991/2008 796/1995/2013 2463/1987/2001 2464/1988/2002
f 288/509/490 2455/1980/1994 2460/1985/1999 289/499/477
f 788/1963/2011 787/1961/2014 2442/1968/1982 2441/1965/1979
f 792/1996/2015 2454/1978/1992 2449/1973/1987 791/1994/2012
f 796/1995/2013 797/1997/2016 2462/1986/2000 2463/1987/2001
f 287/506/486 2450/1975/1989 2455/1980/1994 288/509/490
f 787/1961/2014 786/1959/2017 2443/1970/1984 2442/1968/1982
f 793/1998/2018 2459/1983/1997 2454/1978/1992 792/1996/2015
f 797/1997/2016 798/1999/2019 2461/1984/1998 2462/1986/2000
f 286/503/482 2445/1967/1981 2450/1975/1989 287/506/486
f 786/1959/2017 785/1955/2005 2444/1972/1986 2443/1970/1984
f 794/1992/2009 2464/1988/2002 2459/1983/1997 793/1998/2018
f 798/1999/2019 799/1993/2010 2460/1985/1999 2461/1984/1998
f 285/496/472 2440/1964/1978 2445/1967/1981 286/503/482
f 2465/2000/2020 2466/2001/2021 2471/2002/2022 2470/2003/2023
f 2466/2001/2021 2467/2004/2024 2472/2005/2025 2471/2002/2022
f 2467/2004/2024 2468/2006/2026 2473/2007/2027 2472/2005/2025
f 2468/2006/2026 2469/2008/2028 2474/2009/2029 2473/2007/2027
f 2470/2003/2023 2471/2002/2022 2476/2010/2030 2475/2011/2031
f 2471/2002/2022 2472/2005/2025 2477/2012/2032 2476/2010/2030
f 2472/2005/2025 2473/2007/2027 2478/2013/2033 2477/2012/2032
f 2473/2007/2027 2474/2009/2029 2479/2014/2034 2478/2013/2033
f 2475/2011/2031 2476/2010/2030 2481/2015/2035 2480/2016/2036
f 2476/2010/2030 2477/2012/2032 2482/2017/2037 2481/2015/2035
f 2477/2012/2032 2478/2013/2033 2483/2018/2038 2482/2017/2037
f 2478/2013/2033 2479/2014/2034 2484/2019/2039 2483/2018/2038
f 2480/2016/2036 2481/2015/2035 2486/2020/2040 2485/2021/2041
f 2481/2015/2035 2482/2017/2037 2487/2022/2042 2486/2020/2040
f 2482/2017/2037 2483/2018/2038 2488/2023/2043 2487/2022/2042
f 2483/2018/2038 2484/2019/2039 2489/2024/2044 2488/2023/2043
f 51/497/523 799/1993/2045 2465/2000/2020 300/538/521
f 800/2025/2046 2469/2008/2028 795/1991/2047 89/1990/2048
f 90/2026/2049 805/2027/2050 2489/2024/2044 804/2028/2051
f 304/541/526 2485/2021/2041 809/2029/2052 52/539/524
f 799/1993/2045 798/1999/2053 2466/2001/2021 2465/2000/2020
f 801/2030/2054 2474/2009/2029 2469/2008/2028 800/2025/2046
f 805/2027/2050 806/2031/2055 2488/2023/2043 2489/2024/2044
f 303/551/539 2480/2016/2036 2485/2021/2041 304/541/526
f 798/1999/2053 797/1997/2056 2467/2004/2024 2466/2001/2021
f 802/2032/2057 2479/2014/2034 2474/2009/2029 801/2030/2054
f 806/2031/2055 807/2033/2058 2487/2022/2042 2488/2023/2043
f 302/548/535 2475/2011/2031 2480/2016/2036 303/551/539
f 797/1997/2056 796/1995/2059 2468/2006/2026 2467/2004/2024
f 803/2034/2060 2484/2019/2039 2479/2014/2034 802/2032/2057
f 807/2033/2058 808/2035/2061 2486/2020/2040 2487/2022/2042
f 301/545/531 2470/2003/2023 2475/2011/2031 302/548/535
f 796/1995/2059 795/1991/2047 2469/2008/2028 2468/2006/2026
f 804/2028/2051 2489/2024/2044 2484/2019/2039 803/2034/2060
f 808/2035/2061 809/2029/2052 2485/2021/2041 2486/2020/2040
f 300/538/521 2465/2000/2020 2470/2003/2023 301/545/531
f 2490/2036/2062 2491/2037/2063 2496/2038/2064 2495/2039/2065
f 2491/2037/2063 2492/2040/2066 2497/2041/2067 2496/2038/2064
f 2492/2040/2066 2493/2042/2068 2498/2043/2069 2497/2041/2067
f 2493/2042/2068 2494/2044/2070 2499/2045/2071 2498/2043/2069
f 2495/2039/2065 2496/2038/2064 2501/2046/2072 2500/2047/2073
f 2496/2038/2064 2497/2041/2067 2502/2048/2074 2501/2046/2072
f 2497/2041/2067 2498/2043/2069 2503/2049/2075 2502/2048/2074
f 2498/2043/2069 2499/2045/2071 2504/2050/2076 2503/2049/2075
f 2500/2047/2073 2501/2046/2072 2506/2051/2077 2505/2052/2078
f 2501/2046/2072 2502/2048/2074 2507/2053/2079 2506/2051/2077
f 2502/2048/2074 2503/2049/2075 2508/2054/2080 2507/2053/2079
f 2503/2049/2075 2504/2050/2076 2509/2055/2081 2508/2054/2080
f 2505/2052/2078 2506/2051/2077 2511/2056/2082 2510/2057/2083
f 2506/2051/2077 2507/2053/2079 2512/2058/2084 2511/2056/2082
f 2507/2053/2079 2508/2054/2080 2513/2059/2085 2512/2058/2084
f 2508/2054/2080 2509/2055/2081 2514/2060/2086 2513/2059/2085
f 52/539/572 809/2029/2087 2490/2036/2062 315/580/570
f 810/2061/2088 2494/2044/2070 805/2027/2089 90/2026/2090
f 91/2062/2091 815/2063/2092 2514/2060/2086 814/2064/2093
f 319/583/575 2510/2057/2083 819/2065/2094 53/581/573
f 809/2029/2087 808/2035/2095 2491/2037/2063 2490/2036/2062
f 811/2066/2096 2499/2045/2071 2494/2044/2070 810/2061/2088
f 815/2063/2092 816/2067/2097 2513/2059/2085 2514/2060/2086
f 318/593/588 2505/2052/2078 2510/2057/2083 319/583/575
f 808/2035/2095 807/2033/2098 2492/2040/2066 2491/2037/2063
f 812/2068/2099 2504/2050/2076 2499/2045/2071 811/2066/2096
f 816/2067/2097 817/2069/2100 2512/2058/2084 2513/2059/2085
f 317/590/584 2500/2047/2073 2505/2052/2078 318/593/588
f 807/2033/2098 806/2031/2101 2493/2042/2068 2492/2040/2066
f 813/2070/2102 2509/2055/2081 2504/2050/2076 812/2068/2099
f 817/2069/2100 818/2071/2103 2511/2056/2082 2512/2058/2084
f 316/587/580 2495/2039/2065 2500/2047/2073 317/590/584
f 806/2031/2101 805/2027/2089 2494/2044/2070 2493/2042/2068
f 814/2064/2093 2514/2060/2086 2509/2055/2081 813/2070/2102
f 818/2071/2103 819/2065/2094 2510/2057/2083 2511/2056/2082
f 315/580/570 2490/2036/2062 2495/2039/2065 316/587/580
f 2515/2072/2104 2516/2073/2105 2521/2074/2106 2520/2075/2107
f 2516/2073/2105 2517/2076/2108 2522/2077/2109 2521/2074/2106
f 2517/2076/2108 2518/2078/2110 2523/2079/2111 2522/2077/2109
f 2518/2078/2110 2519/2080/2112 2524/2081/2113 2523/2079/2111
f 2520/2075/2107 2521/2074/2106 2526/2082/2114 2525/2083/2115
f 2521/2074/2106 2522/2077/2109 2527/2084/2116 2526/2082/2114
f 2522/2077/2109 2523/2079/2111 2528/2085/2117 2527/2084/2116
f 2523/2079/2111 2524/2081/2113 2529/2086/2118 2528/2085/2117
f 2525/2083/2115 2526/2082/2114 2531/2087/2119 2530/2088/2120
f 2526/2082/2114 2527/2084/2116 2532/2089/2121 2531/2087/2119
f 2527/2084/2116 2528/2085/2117 2533/2090/2122 2532/2089/2121
f 2528/2085/2117 2529/2086/2118 2534/2091/2123 2533/2090/2122
f 2530/2088/2120 2531/2087/2119 2536/2092/2124 2535/2093/2125
f 2531/2087/2119 2532/2089/2121 2537/2094/2126 2536/2092/2124
f 2532/2089/2121 2533/2090/2122 2538/2095/2127 2537/2094/2126
f 2533/2090/2122 2534/2091/2123 2539/2096/2128 2538/2095/2127
f 53/581/621 819/2065/2129 2515/2072/2104 330/622/619
f 820/2097/2130 2519/2080/2112 815/2063/2131 91/2062/2132
f 92/2098/2132 825/2099/2133 2539/2096/2128 824/2100/2130
f 334/625/619 2535/2093/2125 829/2101/2134 54/623/621
f 819/2065/2129 818/2071/2135 2516/2073/2105 2515/2072/2104
f 821/2102/2136 2524/2081/2113 2519/2080/2112 820/2097/2130
f 825/2099/2133 826/2103/2137 2538/2095/2127 2539/2096/2128
f 333/635/625 2530/2088/2120 2535/2093/2125 334/625/619
f 818/2071/2135 817/2069/2138 2517/2076/2108 2516/2073/2105
f 822/2104/2139 2529/2086/2118 2524/2081/2113 821/2102/2136
f 826/2103/2137 827/2105/2140 2537/2094/2126 2538/2095/2127
f 332/632/629 2525/2083/2115 2530/2088/2120 333/635/625
f 817/2069/2138 816/2067/2141 2518/2078/2110 2517/2076/2108
f 823/2106/2136 2534/2091/2123 2529/2086/2118 822/2104/2139
f 827/2105/2140 828/2107/2142 2536/2092/2124 2537/2094/2126
f 331/629/625 2520/2075/2107 2525/2083/2115 332/632/629
f 816/2067/2141 815/2063/2131 2519/2080/2112 2518/2078/2110
f 824/2100/2130 2539/2096/2128 2534/2091/2123 823/2106/2136
f 828/2107/2142 829/2101/2134 2535/2093/2125 2536/2092/2124
f 330/622/619 2515/2072/2104 2520/2075/2107 331/629/625
f 2540/2108/1 2541/2109/1 2546/2110/1 2545/2111/1
f 2541/2109/1 2542/2112/1 2547/2113/1 2546/2110/1
f 2542/2112/1 2543/2114/1 2548/2115/1 2547/2113/1
f 2543/2114/1 2544/2116/1 2549/2117/1 2548/2115/1
f 2545/2111/1 2546/2110/1 2551/2118/1 2550/2119/1
f 2546/2110/1 2547/2113/1 2552/2120/1 2551/2118/1
f 2547/2113/1 2548/2115/1 2553/2121/1 2552/2120/1
f 2548/2115/1 2549/2117/1 2554/2122/1 2553/2121/1
f 2550/2119/1 2551/2118/1 2556/2123/1 2555/2124/1
f 2551/2118/1 2552/2120/1 2557/2125/1 2556/2123/1
f 2552/2120/1 2553/2121/1 2558/2126/1 2557/2125/1
f 2553/2121/1 2554/2122/1 2559/2127/1 2558/2126/1
f 2555/2124/1 2556/2123/1 2561/2128/1 2560/2129/1
f 2556/2123/1 2557/2125/1 2562/2130/1 2561/2128/1
f 2557/2125/1 2558/2126/1 2563/2131/1 2562/2130/1
f 2558/2126/1 2559/2127/1 2564/2132/1 2563/2131/1
f 54/623/1 829/2101/1 2540/2108/1 345/664/1
f 830/2133/1 2544/2116/1 825/2099/1 92/2098/1
f 93/2134/1 835/2135/1 2564/2132/1 834/2136/1
f 349/667/1 2560/2129/1 839/2137/1 55/665/1
f 829/2101/1 828/2107/1 2541/2109/1 2540/2108/1
f 831/2138/1 2549/2117/1 2544/2116/1 830/2133/1
f 835/2135/1 836/2139/1 2563/2131/1 2564/2132/1
f 348/677/1 2555/2124/1 2560/2129/1 349/667/1
f 828/2107/1 827/2105/1 2542/2112/1 2541/2109/1
f 832/2140/1 2554/2122/1 2549/2117/1 831/2138/1
f 836/2139/1 837/2141/1 2562/2130/1 2563/2131/1
f 347/674/1 2550/2119/1 2555/2124/1 348/677/1
f 827/2105/1 826/2103/1 2543/2114/1 2542/2112/1
f 833/2142/1 2559/2127/1 2554/2122/1 832/2140/1
f 837/2141/1 838/2143/1 2561/2128/1 2562/2130/1
f 346/671/1 2545/2111/1 2550/2119/1 347/674/1
f 826/2103/1 825/2099/1 2544/2116/1 2543/2114/1
f 834/2136/1 2564/2132/1 2559/2127/1 833/2142/1
f 838/2143/1 839/2137/1 2560/2129/1 2561/2128/1
f 345/664/1 2540/2108/1 2545/2111/1 346/671/1
f 2565/2144/2143 2566/2145/2144 2571/2146/2145 2570/2147/2146
f 2566/2145/2144 2567/2148/2147 2572/2149/2148 2571/2146/2145
f 2567/2148/2147 2568/2150/2149 2573/2151/2150 2572/2149/2148
f 2568/2150/2149 2569/2152/2151 2574/2153/2152 2573/2151/2150
f 2570/2147/2146 2571/2146/2145 2576/2154/2153 2575/2155/2154
f 2571/2146/2145 2572/2149/2148 2577/2156/2155 2576/2154/2153
f 2572/2149/2148 2573/2151/2150 2578/2157/2156 2577/2156/2155
f 2573/2151/2150 2574/2153/2152 2579/2158/2157 2578/2157/2156
f 2575/2155/2154 2576/2154/2153 2581/2159/2158 2580/2160/2159
f 2576/2154/2153 2577/2156/2155 2582/2161/2160 2581/2159/2158
f 2577/2156/2155 2578/2157/2156 2583/2162/2161 2582/2161/2160
f 2578/2157/2156 2579/2158/2157 2584/2163/2162 2583/2162/2161
f 2580/2160/2159 2581/2159/2158 2586/2164/2163 2585/2165/2164
f 2581/2159/2158 2582/2161/2160 2587/2166/2165 2586/2164/2163
f 2582/2161/2160 2583/2162/2161 2588/2167/2166 2587/2166/2165
f 2583/2162/2161 2584/2163/2162 2589/2168/2167 2588/2167/2166
f 55/665/664 839/2137/2168 2565/2144/2143 360/706/662
f 840/2169/2169 2569/2152/2151 835/2135/2170 93/2134/2171
f 94/2170/2172 845/2171/2173 2589/2168/2167 844/2172/2174
f 364/709/667 2585/2165/2164 849/2173/2175 56/707/665
f 839/2137/2168 838/2143/2176 2566/2145/2144 2565/2144/2143
f 841/2174/2177 2574/2153/2152 2569/2152/2151 840/2169/2169
f 845/2171/2173 846/2175/2178 2588/2167/2166 2589/2168/2167
f 363/719/680 2580/2160/2159 2585/2165/2164 364/709/667
f 838/2143/2176 837/2141/2179 2567/2148/2147 2566/2145/2144
f 842/2176/2180 2579/2158/2157 2574/2153/2152 841/2174/2177
f 846/2175/2178 847/2177/2181 2587/2166/2165 2588/2167/2166
f 362/716/676 2575/2155/2154 2580/2160/2159 363/719/680
f 837/2141/2179 836/2139/2182 2568/2150/2149 2567/2148/2147
f 843/2178/2183 2584/2163/2162 2579/2158/2157 842/2176/2180
f 847/2177/2181 848/2179/2184 2586/2164/2163 2587/2166/2165
f 361/713/672 2570/2147/2146 2575/2155/2154 362/716/676
f 836/2139/2182 835/2135/2170 2569/2152/2151 2568/2150/2149
f 844/2172/2174 2589/2168/2167 2584/2163/2162 843/2178/2183
f 848/2179/2184 849/2173/2175 2585/2165/2164 2586/2164/2163
f 360/706/662 2565/2144/2143 2570/2147/2146 361/713/672
f 2590/2180/2185 2591/2181/2186 2596/2182/2187 2595/2183/2188
f 2591/2181/2186 2592/2184/2189 2597/2185/2190 2596/2182/2187
f 2592/2184/2189 2593/2186/2191 2598/2187/2192 2597/2185/2190
f 2593/2186/2191 2594/2188/2193 2599/2189/2194 2598/2187/2192
f 2595/2183/2188 2596/2182/2187 2601/2190/2195 2600/2191/2196
f 2596/2182/2187 2597/2185/2190 2602/2192/2197 2601/2190/2195
f 2597/2185/2190 2598/2187/2192 2603/2193/2198 2602/2192/2197
f 2598/2187/2192 2599/2189/2194 2604/2194/2199 2603/2193/2198
f 2600/2191/2196 2601/2190/2195 2606/2195/2200 2605/2196/2201
f 2601/2190/2195 2602/2192/2197 2607/2197/2202 2606/2195/2200
f 2602/2192/2197 2603/2193/2198 2608/2198/2203 2607/2197/2202
f 2603/2193/2198 2604/2194/2199 2609/2199/2204 2608/2198/2203
f 2605/2196/2201 2606/2195/2200 2611/2200/2205 2610/2201/2206
f 2606/2195/2200 2607/2197/2202 2612/2202/2207 2611/2200/2205
f 2607/2197/2202 2608/2198/2203 2613/2203/2208 2612/2202/2207
f 2608/2198/2203 2609/2199/2204 2614/2204/2209 2613/2203/2208
f 56/707/713 849/2173/2210 2590/2180/2185 375/748/711
f 850/2205/2211 2594/2188/2193 845/2171/2212 94/2170/2213
f 95/2206/2214 855/2207/2215 2614/2204/2209 854/2208/2216
f 379/751/716 2610/2201/2206 859/2209/2217 57/749/714
f 849/2173/2210 848/2179/2218 2591/2181/2186 2590/2180/2185
f 851/2210/2219 2599/2189/2194 2594/2188/2193 850/2205/2211
f 855/2207/2215 856/2211/2220 2613/2203/2208 2614/2204/2209
f 378/761/729 2605/2196/2201 2610/2201/2206 379/751/716
f 848/2179/2218 847/2177/2221 2592/2184/2189 2591/2181/2186
f 852/2212/2222 2604/2194/2199 2599/2189/2194 851/2210/2219
f 856/2211/2220 857/2213/2223 2612/2202/2207 2613/2203/2208
f 377/758/725 2600/2191/2196 2605/2196/2201 378/761/729
f 847/2177/2221 846/2175/2224 2593/2186/2191 2592/2184/2189
f 853/2214/2225 2609/2199/2204 2604/2194/2199 852/2212/2222
f 857/2213/2223 858/2215/2226 2611/2200/2205 2612/2202/2207
f 376/755/721 2595/2183/2188 2600/2191/2196 377/758/725
f 846/2175/2224 845/2171/2212 2594/2188/2193 2593/2186/2191
f 854/2208/2216 2614/2204/2209 2609/2199/2204 853/2214/2225
f 858/2215/2226 859/2209/2217 2610/2201/2206 2611/2200/2205
f 375/748/711 2590/2180/2185 2595/2183/2188 376/755/721
f 2615/2216/2227 2616/2217/2228 2621/2218/2229 2620/2219/2230
f 2616/2217/2228 2617/2220/2231 2622/2221/2232 2621/2218/2229
f 2617/2220/2231 2618/2222/2233 2623/2223/2234 2622/2221/2232
f 2618/2222/2233 2619/2224/2235 2624/2225/2236 2623/2223/2234
f 2620/2219/2230 2621/2218/2229 2626/2226/2237 2625/2227/2238
f 2621/2218/2229 2622/2221/2232 2627/2228/2239 2626/2226/2237
f 2622/2221/2232 2623/2223/2234 2628/2229/2240 2627/2228/2239
f 2623/2223/2234 2624/2225/2236 2629/2230/2241 2628/2229/2240
f 2625/2227/2238 2626/2226/2237 2631/2231/2242 2630/2232/2243
f 2626/2226/2237 2627/2228/2239 2632/2233/2244 2631/2231/2242
f 2627/2228/2239 2628/2229/2240 2633/2234/2245 2632/2233/2244
f 2628/2229/2240 2629/2230/2241 2634/2235/2246 2633/2234/2245
f 2630/2232/2243 2631/2231/2242 2636/2236/2247 2635/2237/2248
f 2631/2231/2242 2632/2233/2244 2637/2238/2249 2636/2236/2247
f 2632/2233/2244 2633/2234/2245 2638/2239/2250 2637/2238/2249
f 2633/2234/2245 2634/2235/2246 2639/2240/2251 2638/2239/2250
f 57/749/762 859/2209/2252 2615/2216/2227 390/790/760
f 860/2241/2253 2619/2224/2235 855/2207/2254 95/2206/2255
f 96/2242/2256 865/2243/2257 2639/2240/2251 864/2244/2258
f 394/793/765 2635/2237/2248 869/2245/2259 58/791/763
f 859/2209/2252 858/2215/2260 2616/2217/2228 2615/2216/2227
f 861/2246/2261 2624/2225/2236 2619/2224/2235 860/2241/2253
f 865/2243/2257 866/2247/2262 2638/2239/2250 2639/2240/2251
f 393/803/778 2630/2232/2243 2635/2237/2248 394/793/765
f 858/2215/2260 857/2213/2263 2617/2220/2231 2616/2217/2228
f 862/2248/2264 2629/2230/2241 2624/2225/2236 861/2246/2261
f 866/2247/2262 867/2249/2265 2637/2238/2249 2638/2239/2250
f 392/800/774 2625/2227/2238 2630/2232/2243 393/803/778
f 857/2213/2263 856/2211/2266 2618/2222/2233 2617/2220/2231
f 863/2250/2267 2634/2235/2246 2629/2230/2241 862/2248/2264
f 867/2249/2265 868/2251/2268 2636/2236/2247 2637/2238/2249
f 391/797/770 2620/2219/2230 2625/2227/2238 392/800/774
f 856/2211/2266 855/2207/2254 2619/2224/2235 2618/2222/2233
f 864/2244/2258 2639/2240/2251 2634/2235/2246 863/2250/2267
f 868/2251/2268 869/2245/2259 2635/2237/2248 2636/2236/2247
f 390/790/760 2615/2216/2227 2620/2219/2230 391/797/770
f 2640/2252/2269 2641/2253/2270 2646/2254/2271 2645/2255/2272
f 2641/2253/2270 2642/2256/2273 2647/2257/2274 2646/2254/2271
f 2642/2256/2273 2643/2258/2275 2648/2259/2276 2647/2257/2274
f 2643/2258/2275 2644/2260/2277 2649/2261/2278 2648/2259/2276
f 2645/2255/2272 2646/2254/2271 2651/2262/2279 2650/2263/2280
f 2646/2254/2271 2647/2257/2274 2652/2264/2281 2651/2262/2279
f 2647/2257/2274 2648/2259/2276 2653/2265/2282 2652/2264/2281
f 2648/2259/2276 2649/2261/2278 2654/2266/2283 2653/2265/2282
f 2650/2263/2280 2651/2262/2279 2656/2267/2284 2655/2268/2285
f 2651/2262/2279 2652/2264/2281 2657/2269/2286 2656/2267/2284
f 2652/2264/2281 2653/2265/2282 2658/2270/2287 2657/2269/2286
f 2653/2265/2282 2654/2266/2283 2659/2271/2288 2658/2270/2287
f 2655/2268/2285 2656/2267/2284 2661/2272/2289 2660/2273/2290
f 2656/2267/2284 2657/2269/2286 2662/2274/2291 2661/2272/2289
f 2657/2269/2286 2658/2270/2287 2663/2275/2292 2662/2274/2291
f 2658/2270/2287 2659/2271/2288 2664/2276/2293 2663/2275/2292
f 58/791/811 869/2245/2294 2640/2252/2269 405/832/809
f 870/2277/2295 2644/2260/2277 865/2243/2296 96/2242/2297
f 97/2278/2298 875/2279/2299 2664/2276/2293 874/2280/2300
f 409/835/814 2660/2273/2290 879/2281/2301 59/833/812
f 869/2245/2294 868/2251/2302 2641/2253/2270 2640/2252/2269
f 871/2282/2303 2649/2261/2278 2644/2260/2277 870/2277/2295
f 875/2279/2299 876/2283/2304 2663/2275/2292 2664/2276/2293
f 408/845/826 2655/2268/2285 2660/2273/2290 409/835/814
f 868/2251/2302 867/2249/2305 2642/2256/2273 2641/2253/2270
f 872/2284/2306 2654/2266/2283 2649/2261/2278 871/2282/2303
f 876/2283/2304 877/2285/2307 2662/2274/2291 2663/2275/2292
f 407/842/822 2650/2263/2280 2655/2268/2285 408/845/826
f 867/2249/2305 866/2247/2308 2643/2258/2275 2642/2256/2273
f 873/2286/2309 2659/2271/2288 2654/2266/2283 872/2284/2306
f 877/2285/2307 878/2287/2310 2661/2272/2289 2662/2274/2291
f 406/839/818 2645/2255/2272 2650/2263/2280 407/842/822
f 866/2247/2308 865/2243/2296 2644/2260/2277 2643/2258/2275
f 874/2280/2300 2664/2276/2293 2659/2271/2288 873/2286/2309
f 878/2287/2310 879/2281/2301 2660/2273/2290 2661/2272/2289
f 405/832/809 2640/2252/2269 2645/2255/2272 406/839/818
f 2665/2288/2311 2666/2289/2312 2671/2290/2313 2670/2291/2314
f 2666/2289/2312 2667/2292/2315 2672/2293/2316 2671/2290/2313
f 2667/2292/2315 2668/2294/2317 2673/2295/2318 2672/2293/2316
f 2668/2294/2317 2669/2296/2319 2674/2297/2320 2673/2295/2318
f 2670/2291/2314 2671/2290/2313 2676/2298/2321 2675/2299/2322
f 2671/2290/2313 2672/2293/2316 2677/2300/2323 2676/2298/2321
f 2672/2293/2316 2673/2295/2318 2678/2301/2324 2677/2300/2323
f 2673/2295/2318 2674/2297/2320 2679/2302/2325 2678/2301/2324
f 2675/2299/2322 2676/2298/2321 2681/2303/2326 2680/2304/2327
f 2676/2298/2321 2677/2300/2323 2682/2305/2328 2681/2303/2326
f 2677/2300/2323 2678/2301/2324 2683/2306/2329 2682/2305/2328
f 2678/2301/2324 2679/2302/2325 2684/2307/2330 2683/2306/2329
f 2680/2304/2327 2681/2303/2326 2686/2308/2331 2685/2309/2332
f 2681/2303/2326 2682/2305/2328 2687/2310/2333 2686/2308/2331
f 2682/2305/2328 2683/2306/2329 2688/2311/2334 2687/2310/2333
f 2683/2306/2329 2684/2307/2330 2689/2312/2335 2688/2311/2334
f 59/833/859 879/2281/2336 2665/2288/2311 420/874/857
f 880/2313/2337 2669/2296/2319 875/2279/2338 97/2278/2339
f 98/2314/2340 885/2315/2341 2689/2312/2335 884/2316/2342
f 424/877/862 2685/2309/2332 889/2317/2343 60/875/860
f 879/2281/2336 878/2287/2344 2666/2289/2312 2665/2288/2311
f 881/2318/2345 2674/2297/2320 2669/2296/2319 880/2313/2337
f 885/2315/2341 886/2319/2346 2688/2311/2334 2689/2312/2335
f 423/887/875 2680/2304/2327 2685/2309/2332 424/877/862
f 878/2287/2344 877/2285/2347 2667/2292/2315 2666/2289/2312
f 882/2320/2348 2679/2302/2325 2674/2297/2320 881/2318/2345
f 886/2319/2346 887/2321/2349 2687/2310/2333 2688/2311/2334
f 422/884/871 2675/2299/2322 2680/2304/2327 423/887/875
f 877/2285/2347 876/2283/2350 2668/2294/2317 2667/2292/2315
f 883/2322/2351 2684/2307/2330 2679/2302/2325 882/2320/2348
f 887/2321/2349 888/2323/2352 2686/2308/2331 2687/2310/2333
f 421/881/867 2670/2291/2314 2675/2299/2322 422/884/871
f 876/2283/2350 875/2279/2338 2669/2296/2319 2668/2294/2317
f 884/2316/2342 2689/2312/2335 2684/2307/2330 883/2322/2351
f 888/2323/2352 889/2317/2343 2685/2309/2332 2686/2308/2331
f 420/874/857 2665/2288/2311 2670/2291/2314 421/881/867
f 2690/2324/2353 2691/2325/2354 2696/2326/2355 2695/2327/2356
f 2691/2325/2354 2692/2328/2357 2697/2329/2358 2696/2326/2355
f 2692/2328/2357 2693/2330/2359 2698/2331/2360 2697/2329/2358
f 2693/2330/2359 2694/2332/2361 2699/2333/2362 2698/2331/2360
f 2695/2327/2356 2696/2326/2355 2701/2334/2363 2700/2335/2364
f 2696/2326/2355 2697/2329/2358 2702/2336/2365 2701/2334/2363
f 2697/2329/2358 2698/2331/2360 2703/2337/2366 2702/2336/2365
f 2698/2331/2360 2699/2333/2362 2704/2338/2367 2703/2337/2366
f 2700/2335/2364 2701/2334/2363 2706/2339/2368 2705/2340/2369
f 2701/2334/2363 2702/2336/2365 2707/2341/2358 2706/2339/2368
f 2702/2336/2365 2703/2337/2366 2708/2342/2360 2707/2341/2358
f 2703/2337/2366 2704/2338/2367 2709/2343/2370 2708/2342/2360
f 2705/2340/2369 2706/2339/2368 2711/2344/2371 2710/2345/2372
f 2706/2339/2368 2707/2341/2358 2712/2346/2373 2711/2344/2371
f 2707/2341/2358 2708/2342/2360 2713/2347/2374 2712/2346/2373
f 2708/2342/2360 2709/2343/2370 2714/2348/2375 2713/2347/2374
f 60/875/907 889/2317/2376 2690/2324/2353 435/916/905
f 890/2349/2377 2694/2332/2361 885/2315/2378 98/2314/2379
f 99/2350/2379 895/2351/2380 2714/2348/2375 894/2352/2377
f 439/919/905 2710/2345/2372 899/2353/2381 61/917/907
f 889/2317/2376 888/2323/2382 2691/2325/2354 2690/2324/2353
f 891/2354/2383 2699/2333/2362 2694/2332/2361 890/2349/2377
f 895/2351/2380 896/2355/2384 2713/2347/2374 2714/2348/2375
f 438/929/911 2705/2340/2369 2710/2345/2372 439/919/905
f 888/2323/2382 887/2321/2385 2692/2328/2357 2691/2325/2354
f 892/2356/2386 2704/2338/2367 2699/2333/2362 891/2354/2383
f 896/2355/2384 897/2357/2385 2712/2346/2373 2713/2347/2374
f 437/926/915 2700/2335/2364 2705/2340/2369 438/929/911
f 887/2321/2385 886/2319/2387 2693/2330/2359 2692/2328/2357
f 893/2358/2383 2709/2343/2370 2704/2338/2367 892/2356/2386
f 897/2357/2385 898/2359/2388 2711/2344/2371 2712/2346/2373
f 436/923/911 2695/2327/2356 2700/2335/2364 437/926/915
f 886/2319/2387 885/2315/2378 2694/2332/2361 2693/2330/2359
f 894/2352/2377 2714/2348/2375 2709/2343/2370 893/2358/2383
f 898/2359/2388 899/2353/2381 2710/2345/2372 2711/2344/2371
f 435/916/905 2690/2324/2353 2695/2327/2356 436/923/911
f 2715/2360/2389 2716/2361/2390 2721/2362/2391 2720/2363/2392
f 2716/2361/2390 2717/2364/2393 2722/2365/2394 2721/2362/2391
f 2717/2364/2393 2718/2366/2395 2723/2367/2396 2722/2365/2394
f 2718/2366/2395 2719/2368/2397 2724/2369/2398 2723/2367/2396
f 2720/2363/2392 2721/2362/2391 2726/2370/2399 2725/2371/2400
f 2721/2362/2391 2722/2365/2394 2727/2372/2401 2726/2370/2399
f 2722/2365/2394 2723/2367/2396 2728/2373/2402 2727/2372/2401
f 2723/2367/2396 2724/2369/2398 2729/2374/2403 2728/2373/2402
f 2725/2371/2400 2726/2370/2399 2731/2375/2404 2730/2376/2405
f 2726/2370/2399 2727/2372/2401 2732/2377/2406 2731/2375/2404
f 2727/2372/2401 2728/2373/2402 2733/2378/2407 2732/2377/2406
f 2728/2373/2402 2729/2374/2403 2734/2379/2408 2733/2378/2407
f 2730/2376/2405 2731/2375/2404 2736/2380/2409 2735/2381/2410
f 2731/2375/2404 2732/2377/2406 2737/2382/2411 2736/2380/2409
f 2732/2377/2406 2733/2378/2407 2738/2383/2412 2737/2382/2411
f 2733/2378/2407 2734/2379/2408 2739/2384/2413 2738/2383/2412
f 61/917/949 899/2353/2414 2715/2360/2389 450/958/947
f 900/2385/2415 2719/2368/2397 895/2351/2416 99/2350/2417
f 100/2386/2418 905/2387/2419 2739/2384/2413 904/2388/2420
f 454/961/952 2735/2381/2410 909/2389/2421 62/959/950
f 899/2353/2414 898/2359/2422 2716/2361/2390 2715/2360/2389
f 901/2390/2423 2724/2369/2398 2719/2368/2397 900/2385/2415
f 905/2387/2419 906/2391/2424 2738/2383/2412 2739/2384/2413
f 453/971/965 2730/2376/2405 2735/2381/2410 454/961/952
f 898/2359/2422 897/2357/2425 2717/2364/2393 2716/2361/2390
f 902/2392/2426 2729/2374/2403 2724/2369/2398 901/2390/2423
f 906/2391/2424 907/2393/2427 2737/2382/2411 2738/2383/2412
f 452/968/961 2725/2371/2400 2730/2376/2405 453/971/965
f 897/2357/2425 896/2355/2428 2718/2366/2395 2717/2364/2393
f 903/2394/2429 2734/2379/2408 2729/2374/2403 902/2392/2426
f 907/2393/2427 908/2395/2430 2736/2380/2409 2737/2382/2411
f 451/965/957 2720/2363/2392 2725/2371/2400 452/968/961
f 896/2355/2428 895/2351/2416 2719/2368/2397 2718/2366/2395
f 904/2388/2420 2739/2384/2413 2734/2379/2408 903/2394/2429
f 908/2395/2430 909/2389/2421 2735/2381/2410 2736/2380/2409
f 450/958/947 2715/2360/2389 2720/2363/2392 451/965/957
f 2740/2396/1596 2741/2397/2431 2746/2398/1597 2745/2399/1596
f 2741/2397/2431 2742/2400/1598 2747/2401/1598 2746/2398/1597
f 2742/2400/1598 2743/2402/2432 2748/2403/1599 2747/2401/1598
f 2743/2402/2432 2744/2404/1600 2749/2405/1600 2748/2403/1599
f 2745/2399/1596 2746/2398/1597 2751/2406/1597 2750/2407/2433
f 2746/2398/1597 2747/2401/1598 2752/2408/1598 2751/2406/1597
f 2747/2401/1598 2748/2403/1599 2753/2409/2432 2752/2408/1598
f 2748/2403/1599 2749/2405/1600 2754/2410/1600 2753/2409/2432
f 2750/2407/2433 2751/2406/1597 2756/2411/1597 2755/2412/1596
f 2751/2406/1597 2752/2408/1598 2757/2413/1598 2756/2411/1597
f 2752/2408/1598 2753/2409/2432 2758/2414/1599 2757/2413/1598
f 2753/2409/2432 2754/2410/1600 2759/2415/1600 2758/2414/1599
f 2755/2412/1596 2756/2411/1597 2761/2416/2431 2760/2417/1596
f 2756/2411/1597 2757/2413/1598 2762/2418/1598 2761/2416/2431
f 2757/2413/1598 2758/2414/1599 2763/2419/1599 2762/2418/1598
f 2758/2414/1599 2759/2415/1600 2764/2420/1600 2763/2419/1599
f 62/959/8 909/2389/1596 2740/2396/1596 465/1000/8
f 910/2421/1601 2744/2404/1600 905/2387/1600 100/2386/1601
f 101/2422/1601 915/2423/2434 2764/2420/1600 914/2424/1601
f 469/1003/8 2760/2417/1596 919/2425/1596 63/1001/8
f 909/2389/1596 908/2395/2431 2741/2397/2431 2740/2396/1596
f 911/2426/1601 2749/2405/1600 2744/2404/1600 910/2421/1601
f 915/2423/2434 916/2427/1599 2763/2419/1599 2764/2420/1600
f 468/1013/8 2755/2412/1596 2760/2417/1596 469/1003/8
f 908/2395/2431 907/2393/1598 2742/2400/1598 2741/2397/2431
f 912/2428/1601 2754/2410/1600 2749/2405/1600 911/2426/1601
f 916/2427/1599 917/2429/1598 2762/2418/1598 2763/2419/1599
f 467/1010/8 2750/2407/2433 2755/2412/1596 468/1013/8
f 907/2393/1598 906/2391/2432 2743/2402/2432 2742/2400/1598
f 913/2430/1601 2759/2415/1600 2754/2410/1600 912/2428/1601
f 917/2429/1598 918/2431/2431 2761/2416/2431 2762/2418/1598
f 466/1007/8 2745/2399/1596 2750/2407/2433 467/1010/8
f 906/2391/2432 905/2387/1600 2744/2404/1600 2743/2402/2432
f 914/2424/1601 2764/2420/1600 2759/2415/1600 913/2430/1601
f 918/2431/2431 919/2425/1596 2760/2417/1596 2761/2416/2431
f 465/1000/8 2740/2396/1596 2745/2399/1596 466/1007/8
f 2765/2432/2435 2766/2433/2436 2771/2434/2437 2770/2435/2438
f 2766/2433/2436 2767/2436/2439 2772/2437/2440 2771/2434/2437
f 2767/2436/2439 2768/2438/2441 2773/2439/2442 2772/2437/2440
f 2768/2438/2441 2769/2440/2443 2774/2441/2444 2773/2439/2442
f 2770/2435/2438 2771/2434/2437 2776/2442/2445 2775/2443/2446
f 2771/2434/2437 2772/2437/2440 2777/2444/2447 2776/2442/2445
f 2772/2437/2440 2773/2439/2442 2778/2445/2448 2777/2444/2447
f 2773/2439/2442 2774/2441/2444 2779/2446/2449 2778/2445/2448
f 2775/2443/2446 2776/2442/2445 2781/2447/2450 2780/2448/2451
f 2776/2442/2445 2777/2444/2447 2782/2449/2452 2781/2447/2450
f 2777/2444/2447 2778/2445/2448 2783/2450/2453 2782/2449/2452
f 2778/2445/2448 2779/2446/2449 2784/2451/2454 2783/2450/2453
f 2780/2448/2451 2781/2447/2450 2786/2452/2455 2785/2453/2456
f 2781/2447/2450 2782/2449/2452 2787/2454/2457 2786/2452/2455
f 2782/2449/2452 2783/2450/2453 2788/2455/2458 2787/2454/2457
f 2783/2450/2453 2784/2451/2454 2789/2456/2459 2788/2455/2458
f 63/1001/998 919/2425/2460 2765/2432/2435 480/1042/996
f 920/2457/2461 2769/2440/2443 915/2423/2462 101/2422/2463
f 102/2458/2464 925/2459/2465 2789/2456/2459 924/2460/2466
f 484/1045/1001 2785/2453/2456 929/2461/2467 64/1043/999
f 919/2425/2460 918/2431/2468 2766/2433/2436 2765/2432/2435
f 921/2462/2469 2774/2441/2444 2769/2440/2443 920/2457/2461
f 925/2459/2465 926/2463/2470 2788/2455/2458 2789/2456/2459
f 483/1055/1014 2780/2448/2451 2785/2453/2456 484/1045/1001
f 918/2431/2468 917/2429/2471 2767/2436/2439 2766/2433/2436
f 922/2464/2472 2779/2446/2449 2774/2441/2444 921/2462/2469
f 926/2463/2470 927/2465/2473 2787/2454/2457 2788/2455/2458
f 482/1052/1010 2775/2443/2446 2780/2448/2451 483/1055/1014
f 917/2429/2471 916/2427/2474 2768/2438/2441 2767/2436/2439
f 923/2466/2475 2784/2451/2454 2779/2446/2449 922/2464/2472
f 927/2465/2473 928/2467/2476 2786/2452/2455 2787/2454/2457
f 481/1049/1006 2770/2435/2438 2775/2443/2446 482/1052/1010
f 916/2427/2474 915/2423/2462 2769/2440/2443 2768/2438/2441
f 924/2460/2466 2789/2456/2459 2784/2451/2454 923/2466/2475
f 928/2467/2476 929/2461/2467 2785/2453/2456 2786/2452/2455
f 480/1042/996 2765/2432/2435 2770/2435/2438 481/1049/1006
f 2790/2468/2477 2791/2469/2478 2796/2470/2479 2795/2471/2480
f 2791/2469/2478 2792/2472/2481 2797/2473/2482 2796/2470/2479
f 2792/2472/2481 2793/2474/2483 2798/2475/2484 2797/2473/2482
f 2793/2474/2483 2794/2476/2485 2799/2477/2486 2798/2475/2484
f 2795/2471/2480 2796/2470/2479 2801/2478/2487 2800/2479/2488
f 2796/2470/2479 2797/2473/2482 2802/2480/2489 2801/2478/2487
f 2797/2473/2482 2798/2475/2484 2803/2481/2490 2802/2480/2489
f 2798/2475/2484 2799/2477/2486 2804/2482/2491 2803/2481/2490
f 2800/2479/2488 2801/2478/2487 2806/2483/2492 2805/2484/2493
f 2801/2478/2487 2802/2480/2489 2807/2485/2482 2806/2483/2492
f 2802/2480/2489 2803/2481/2490 2808/2486/2494 2807/2485/2482
f 2803/2481/2490 2804/2482/2491 2809/2487/2495 2808/2486/2494
f 2805/2484/2493 2806/2483/2492 2811/2488/2496 2810/2489/2497
f 2806/2483/2492 2807/2485/2482 2812/2490/2481 2811/2488/2496
f 2807/2485/2482 2808/2486/2494 2813/2491/2498 2812/2490/2481
f 2808/2486/2494 2809/2487/2495 2814/2492/2499 2813/2491/2498
f 64/1043/1045 929/2461/2500 2790/2468/2477 495/1084/1043
f 930/2493/2501 2794/2476/2485 925/2459/2502 102/2458/2503
f 103/2494/2504 935/2495/2505 2814/2492/2499 934/2496/2501
f 499/1087/1043 2810/2489/2497 939/2497/2506 65/1085/1045
f 929/2461/2500 928/2467/2507 2791/2469/2478 2790/2468/2477
f 931/2498/2508 2799/2477/2486 2794/2476/2485 930/2493/2501
f 935/2495/2505 936/2499/2509 2813/2491/2498 2814/2492/2499
f 498/1097/1049 2805/2484/2493 2810/2489/2497 499/1087/1043
f 928/2467/2507 927/2465/2510 2792/2472/2481 2791/2469/2478
f 932/2500/2511 2804/2482/2491 2799/2477/2486 931/2498/2508
f 936/2499/2509 937/2501/2510 2812/2490/2481 2813/2491/2498
f 497/1094/1053 2800/2479/2488 2805/2484/2493 498/1097/1049
f 927/2465/2510 926/2463/2512 2793/2474/2483 2792/2472/2481
f 933/2502/2508 2809/2487/2495 2804/2482/2491 932/2500/2511
f 937/2501/2510 938/2503/2513 2811/2488/2496 2812/2490/2481
f 496/1091/1049 2795/2471/2480 2800/2479/2488 497/1094/1053
f 926/2463/2512 925/2459/2502 2794/2476/2485 2793/2474/2483
f 934/2496/2501 2814/2492/2499 2809/2487/2495 933/2502/2508
f 938/2503/2513 939/2497/2506 2810/2489/2497 2811/2488/2496
f 495/1084/1043 2790/2468/2477 2795/2471/2480 496/1091/1049
f 2815/2504/2514 2816/2505/2515 2821/2506/2516 2820/2507/2517
f 2816/2505/2515 2817/2508/2518 2822/2509/2519 2821/2506/2516
f 2817/2508/2518 2818/2510/2520 2823/2511/2521 2822/2509/2519
f 2818/2510/2520 2819/2512/2522 2824/2513/2523 2823/2511/2521
f 2820/2507/2517 2821/2506/2516 2826/2514/2524 2825/2515/2525
f 2821/2506/2516 2822/2509/2519 2827/2516/2526 2826/2514/2524
f 2822/2509/2519 2823/2511/2521 2828/2517/2527 2827/2516/2526
f 2823/2511/2521 2824/2513/2523 2829/2518/2528 2828/2517/2527
f 2825/2515/2525 2826/2514/2524 2831/2519/2529 2830/2520/2530
f 2826/2514/2524 2827/2516/2526 2832/2521/2531 2831/2519/2529
f 2827/2516/2526 2828/2517/2527 2833/2522/2532 2832/2521/2531
f 2828/2517/2527 2829/2518/2528 2834/2523/2533 2833/2522/2532
f 2830/2520/2530 2831/2519/2529 2836/2524/2534 2835/2525/2535
f 2831/2519/2529 2832/2521/2531 2837/2526/2536 2836/2524/2534
f 2832/2521/2531 2833/2522/2532 2838/2527/2537 2837/2526/2536
f 2833/2522/2532 2834/2523/2533 2839/2528/2538 2838/2527/2537
f 65/1085/1087 939/2497/2539 2815/2504/2514 510/1126/1085
f 940/2529/2540 2819/2512/2522 935/2495/2541 103/2494/2542
f 104/2530/2543 945/2531/2544 2839/2528/2538 944/2532/2545
f 514/1129/1090 2835/2525/2535 949/2533/2546 66/1127/1088
f 939/2497/2539 938/2503/2547 2816/2505/2515 2815/2504/2514
f 941/2534/2548 2824/2513/2523 2819/2512/2522 940/2529/2540
f 945/2531/2544 946/2535/2549 2838/2527/2537 2839/2528/2538
f 513/1139/1103 2830/2520/2530 2835/2525/2535 514/1129/1090
f 938/2503/2547 937/2501/2550 2817/2508/2518 2816/2505/2515
f 942/2536/2551 2829/2518/2528 2824/2513/2523 941/2534/2548
f 946/2535/2549 947/2537/2552 2837/2526/2536 2838/2527/2537
f 512/1136/1099 2825/2515/2525 2830/2520/2530 513/1139/1103
f 937/2501/2550 936/2499/2553 2818/2510/2520 2817/2508/2518
f 943/2538/2554 2834/2523/2533 2829/2518/2528 942/2536/2551
f 947/2537/2552 948/2539/2555 2836/2524/2534 2837/2526/2536
f 511/1133/1095 2820/2507/2517 2825/2515/2525 512/1136/1099
f 936/2499/2553 935/2495/2541 2819/2512/2522 2818/2510/2520
f 944/2532/2545 2839/2528/2538 2834/2523/2533 943/2538/2554
f 948/2539/2555 949/2533/2546 2835/2525/2535 2836/2524/2534
f 510/1126/1085 2815/2504/2514 2820/2507/2517 511/1133/1095
f 2840/2540/2556 2841/2541/2557 2846/2542/2558 2845/2543/2559
f 2841/2541/2557 2842/2544/2560 2847/2545/2561 2846/2542/2558
f 2842/2544/2560 2843/2546/2562 2848/2547/2563 2847/2545/2561
f 2843/2546/2562 2844/2548/2564 2849/2549/2565 2848/2547/2563
f 2845/2543/2559 2846/2542/2558 2851/2550/2566 2850/2551/2567
f 2846/2542/2558 2847/2545/2561 2852/2552/2568 2851/2550/2566
f 2847/2545/2561 2848/2547/2563 2853/2553/2569 2852/2552/2568
f 2848/2547/2563 2849/2549/2565 2854/2554/2570 2853/2553/2569
f 2850/2551/2567 2851/2550/2566 2856/2555/2571 2855/2556/2572
f 2851/2550/2566 2852/2552/2568 2857/2557/2573 2856/2555/2571
f 2852/2552/2568 2853/2553/2569 2858/2558/2574 2857/2557/2573
f 2853/2553/2569 2854/2554/2570 2859/2559/2575 2858/2558/2574
f 2855/2556/2572 2856/2555/2571 2861/2560/2576 2860/2561/2577
f 2856/2555/2571 2857/2557/2573 2862/2562/2578 2861/2560/2576
f 2857/2557/2573 2858/2558/2574 2863/2563/2579 2862/2562/2578
f 2858/2558/2574 2859/2559/2575 2864/2564/2580 2863/2563/2579
f 66/1127/1136 949/2533/2581 2840/2540/2556 525/1168/1134
f 950/2565/2582 2844/2548/2564 945/2531/2583 104/2530/2584
f 105/2566/2585 955/2567/2586 2864/2564/2580 954/2568/2587
f 529/1171/1139 2860/2561/2577 959/2569/2588 67/1169/1137
f 949/2533/2581 948/2539/2589 2841/2541/2557 2840/2540/2556
f 951/2570/2590 2849/2549/2565 2844/2548/2564 950/2565/2582
f 955/2567/2586 956/2571/2591 2863/2563/2579 2864/2564/2580
f 528/1181/1152 2855/2556/2572 2860/2561/2577 529/1171/1139
f 948/2539/2589 947/2537/2592 2842/2544/2560 2841/2541/2557
f 952/2572/2593 2854/2554/2570 2849/2549/2565 951/2570/2590
f 956/2571/2591 957/2573/2594 2862/2562/2578 2863/2563/2579
f 527/1178/1148 2850/2551/2567 2855/2556/2572 528/1181/1152
f 947/2537/2592 946/2535/2595 2843/2546/2562 2842/2544/2560
f 953/2574/2596 2859/2559/2575 2854/2554/2570 952/2572/2593
f 957/2573/2594 958/2575/2597 2861/2560/2576 2862/2562/2578
f 526/1175/1144 2845/2543/2559 2850/2551/2567 527/1178/1148
f 946/2535/2595 945/2531/2583 2844/2548/2564 2843/2546/2562
f 954/2568/2587 2864/2564/2580 2859/2559/2575 953/2574/2596
f 958/2575/2597 959/2569/2588 2860/2561/2577 2861/2560/2576
f 525/1168/1134 2840/2540/2556 2845/2543/2559 526/1175/1144
f 2865/2576/2598 2866/2577/2599 2871/2578/2600 2870/2579/2601
f 2866/2577/2599 2867/2580/2602 2872/2581/2603 2871/2578/2600
f 2867/2580/2602 2868/2582/2604 2873/2583/2605 2872/2581/2603
f 2868/2582/2604 2869/2584/2606 2874/2585/2607 2873/2583/2605
f 2870/2579/2601 2871/2578/2600 2876/2586/2608 2875/2587/2609
f 2871/2578/2600 2872/2581/2603 2877/2588/2610 2876/2586/2608
f 2872/2581/2603 2873/2583/2605 2878/2589/2611 2877/2588/2610
f 2873/2583/2605 2874/2585/2607 2879/2590/2612 2878/2589/2611
f 2875/2587/2609 2876/2586/2608 2881/2591/2613 2880/2592/2614
f 2876/2586/2608 2877/2588/2610 2882/2593/2615 2881/2591/2613
f 2877/2588/2610 2878/2589/2611 2883/2594/2616 2882/2593/2615
f 2878/2589/2611 2879/2590/2612 2884/2595/2617 2883/2594/2616
f 2880/2592/2614 2881/2591/2613 2886/2596/2618 2885/2597/2619
f 2881/2591/2613 2882/2593/2615 2887/2598/2620 2886/2596/2618
f 2882/2593/2615 2883/2594/2616 2888/2599/2621 2887/2598/2620
f 2883/2594/2616 2884/2595/2617 2889/2600/2622 2888/2599/2621
f 67/1169/1185 959/2569/2623 2865/2576/2598 540/1210/1183
f 960/2601/2624 2869/2584/2606 955/2567/2625 105/2566/2626
f 106/2602/2627 965/2603/2628 2889/2600/2622 964/2604/2629
f 544/1213/1188 2885/2597/2619 969/2605/2630 68/1211/1186
f 959/2569/2623 958/2575/2631 2866/2577/2599 2865/2576/2598
f 961/2606/2632 2874/2585/2607 2869/2584/2606 960/2601/2624
f 965/2603/2628 966/2607/2633 2888/2599/2621 2889/2600/2622
f 543/1223/1201 2880/2592/2614 2885/2597/2619 544/1213/1188
f 958/2575/2631 957/2573/2634 2867/2580/2602 2866/2577/2599
f 962/2608/2635 2879/2590/2612 2874/2585/2607 961/2606/2632
f 966/2607/2633 967/2609/2636 2887/2598/2620 2888/2599/2621
f 542/1220/1197 2875/2587/2609 2880/2592/2614 543/1223/1201
f 957/2573/2634 956/2571/2637 2868/2582/2604 2867/2580/2602
f 963/2610/2638 2884/2595/2617 2879/2590/2612 962/2608/2635
f 967/2609/2636 968/2611/2639 2886/2596/2618 2887/2598/2620
f 541/1217/1193 2870/2579/2601 2875/2587/2609 542/1220/1197
f 956/2571/2637 955/2567/2625 2869/2584/2606 2868/2582/2604
f 964/2604/2629 2889/2600/2622 2884/2595/2617 963/2610/2638
f 968/2611/2639 969/2605/2630 2885/2597/2619 2886/2596/2618
f 540/1210/1183 2865/2576/2598 2870/2579/2601 541/1217/1193
f 2890/2612/2640 2891/2613/2641 2896/2614/2642 2895/2615/2643
f 2891/2613/2641 2892/2616/2644 2897/2617/2645 2896/2614/2642
f 2892/2616/2644 2893/2618/2646 2898/2619/2647 2897/2617/2645
f 2893/2618/2646 2894/2620/2648 2899/2621/2649 2898/2619/2647
f 2895/2615/2643 2896/2614/2642 2901/2622/2650 2900/2623/2651
f 2896/2614/2642 2897/2617/2645 2902/2624/2652 2901/2622/2650
f 2897/2617/2645 2898/2619/2647 2903/2625/2653 2902/2624/2652
f 2898/2619/2647 2899/2621/2649 2904/2626/2654 2903/2625/2653
f 2900/2623/2651 2901/2622/2650 2906/2627/2655 2905/2628/2656
f 2901/2622/2650 2902/2624/2652 2907/2629/2657 2906/2627/2655
f 2902/2624/2652 2903/2625/2653 2908/2630/2658 2907/2629/2657
f 2903/2625/2653 2904/2626/2654 2909/2631/2659 2908/2630/2658
f 2905/2628/2656 2906/2627/2655 2911/2632/2660 2910/2633/2661
f 2906/2627/2655 2907/2629/2657 2912/2634/2662 2911/2632/2660
f 2907/2629/2657 2908/2630/2658 2913/2635/2663 2912/2634/2662
f 2908/2630/2658 2909/2631/2659 2914/2636/2664 2913/2635/2663
f 68/1211/1234 969/2605/2665 2890/2612/2640 555/1252/1232
f 970/2637/2666 2894/2620/2648 965/2603/2667 106/2602/2668
f 107/2638/2669 975/2639/2670 2914/2636/2664 974/2640/2671
f 559/1255/1237 2910/2633/2661 979/2641/2672 69/1253/1235
f 969/2605/2665 968/2611/2673 2891/2613/2641 2890/2612/2640
f 971/2642/2674 2899/2621/2649 2894/2620/2648 970/2637/2666
f 975/2639/2670 976/2643/2675 2913/2635/2663 2914/2636/2664
f 558/1265/1250 2905/2628/2656 2910/2633/2661 559/1255/1237
f 968/2611/2673 967/2609/2676 2892/2616/2644 2891/2613/2641
f 972/2644/2677 2904/2626/2654 2899/2621/2649 971/2642/2674
f 976/2643/2675 977/2645/2678 2912/2634/2662 2913/2635/2663
f 557/1262/1246 2900/2623/2651 2905/2628/2656 558/1265/1250
f 967/2609/2676 966/2607/2679 2893/2618/2646 2892/2616/2644
f 973/2646/2680 2909/2631/2659 2904/2626/2654 972/2644/2677
f 977/2645/2678 978/2647/2681 2911/2632/2660 2912/2634/2662
f 556/1259/1242 2895/2615/2643 2900/2623/2651 557/1262/1246
f 966/2607/2679 965/2603/2667 2894/2620/2648 2893/2618/2646
f 974/2640/2671 2914/2636/2664 2909/2631/2659 973/2646/2680
f 978/2647/2681 979/2641/2672 2910/2633/2661 2911/2632/2660
f 555/1252/1232 2890/2612/2640 2895/2615/2643 556/1259/1242
f 2915/2648/2682 2916/2649/2683 2921/2650/2684 2920/2651/2685
f 2916/2649/2683 2917/2652/2686 2922/2653/2687 2921/2650/2684
f 2917/2652/2686 2918/2654/2688 2923/2655/2689 2922/2653/2687
f 2918/2654/2688 2919/2656/2690 2924/2657/2691 2923/2655/2689
f 2920/2651/2685 2921/2650/2684 2926/2658/2692 2925/2659/2693
f 2921/2650/2684 2922/2653/2687 2927/2660/2694 2926/2658/2692
f 2922/2653/2687 2923/2655/2689 2928/2661/2695 2927/2660/2694
f 2923/2655/2689 2924/2657/2691 2929/2662/2696 2928/2661/2695
f 2925/2659/2693 2926/2658/2692 2931/2663/2697 2930/2664/2698
f 2926/2658/2692 2927/2660/2694 2932/2665/2699 2931/2663/2697
f 2927/2660/2694 2928/2661/2695 2933/2666/2700 2932/2665/2699
f 2928/2661/2695 2929/2662/2696 2934/2667/2701 2933/2666/2700
f 2930/2664/2698 2931/2663/2697 2936/2668/2702 2935/2669/2703
f 2931/2663/2697 2932/2665/2699 2937/2670/2704 2936/2668/2702
f 2932/2665/2699 2933/2666/2700 2938/2671/2705 2937/2670/2704
f 2933/2666/2700 2934/2667/2701 2939/2672/2706 2938/2671/2705
f 69/1253/1283 979/2641/2707 2915/2648/2682 570/1294/1281
f 980/2673/2708 2919/2656/2690 975/2639/2709 107/2638/2710
f 108/2674/2711 985/2675/2712 2939/2672/2706 984/2676/2713
f 574/1297/1286 2935/2669/2703 989/2677/2714 70/1295/1284
f 979/2641/2707 978/2647/2715 2916/2649/2683 2915/2648/2682
f 981/2678/2716 2924/2657/2691 2919/2656/2690 980/2673/2708
f 985/2675/2712 986/2679/2717 2938/2671/2705 2939/2672/2706
f 573/1307/1299 2930/2664/2698 2935/2669/2703 574/1297/1286
f 978/2647/2715 977/2645/2718 2917/2652/2686 2916/2649/2683
f 982/2680/2719 2929/2662/2696 2924/2657/2691 981/2678/2716
f 986/2679/2717 987/2681/2720 2937/2670/2704 2938/2671/2705
f 572/1304/1295 2925/2659/2693 2930/2664/2698 573/1307/1299
f 977/2645/2718 976/2643/2721 2918/2654/2688 2917/2652/2686
f 983/2682/2722 2934/2667/2701 2929/2662/2696 982/2680/2719
f 987/2681/2720 988/2683/2723 2936/2668/2702 2937/2670/2704
f 571/1301/1291 2920/2651/2685 2925/2659/2693 572/1304/1295
f 976/2643/2721 975/2639/2709 2919/2656/2690 2918/2654/2688
f 984/2676/2713 2939/2672/2706 2934/2667/2701 983/2682/2722
f 988/2683/2723 989/2677/2714 2935/2669/2703 2936/2668/2702
f 570/1294/1281 2915/2648/2682 2920/2651/2685 571/1301/1291
f 2940/2684/2724 2941/2685/2725 2946/2686/2726 2945/2687/2727
f 2941/2685/2725 2942/2688/2728 2947/2689/2729 2946/2686/2726
f 2942/2688/2728 2943/2690/2730 2948/2691/2731 2947/2689/2729
f 2943/2690/2730 2944/2692/2732 2949/2693/2733 2948/2691/2731
f 2945/2687/2727 2946/2686/2726 2951/2694/2734 2950/2695/2735
f 2946/2686/2726 2947/2689/2729 2952/2696/2736 2951/2694/2734
f 2947/2689/2729 2948/2691/2731 2953/2697/2737 2952/2696/2736
f 2948/2691/2731 2949/2693/2733 2954/2698/2738 2953/2697/2737
f 2950/2695/2735 2951/2694/2734 2956/2699/2739 2955/2700/2740
f 2951/2694/2734 2952/2696/2736 2957/2701/2741 2956/2699/2739
f 2952/2696/2736 2953/2697/2737 2958/2702/2742 2957/2701/2741
f 2953/2697/2737 2954/2698/2738 2959/2703/2743 2958/2702/2742
f 2955/2700/2740 2956/2699/2739 2961/2704/2744 2960/2705/2745
f 2956/2699/2739 2957/2701/2741 2962/2706/2746 2961/2704/2744
f 2957/2701/2741 2958/2702/2742 2963/2707/2747 2962/2706/2746
f 2958/2702/2742 2959/2703/2743 2964/2708/2748 2963/2707/2747
f 70/1295/1332 989/2677/2749 2940/2684/2724 585/1336/1330
f 990/2709/2750 2944/2692/2732 985/2675/2751 108/2674/2752
f 109/2710/2753 995/2711/2754 2964/2708/2748 994/2712/2755
f 589/1339/1335 2960/2705/2745 999/2713/2756 71/1337/1333
f 989/2677/2749 988/2683/2757 2941/2685/2725 2940/2684/2724
f 991/2714/2758 2949/2693/2733 2944/2692/2732 990/2709/2750
f 995/2711/2754 996/2715/2759 2963/2707/2747 2964/2708/2748
f 588/1349/1348 2955/2700/2740 2960/2705/2745 589/1339/1335
f 988/2683/2757 987/2681/2760 2942/2688/2728 2941/2685/2725
f 992/2716/2761 2954/2698/2738 2949/2693/2733 991/2714/2758
f 996/2715/2759 997/2717/2762 2962/2706/2746 2963/2707/2747
f 587/1346/1344 2950/2695/2735 2955/2700/2740 588/1349/1348
f 987/2681/2760 986/2679/2763 2943/2690/2730 2942/2688/2728
f 993/2718/2764 2959/2703/2743 2954/2698/2738 992/2716/2761
f 997/2717/2762 998/2719/2765 2961/2704/2744 2962/2706/2746
f 586/1343/1340 2945/2687/2727 2950/2695/2735 587/1346/1344
f 986/2679/2763 985/2675/2751 2944/2692/2732 2943/2690/2730
f 994/2712/2755 2964/2708/2748 2959/2703/2743 993/2718/2764
f 998/2719/2765 999/2713/2756 2960/2705/2745 2961/2704/2744
f 585/1336/1330 2940/2684/2724 2945/2687/2727 586/1343/1340
f 2965/2720/2766 2966/2721/2767 2971/2722/2768 2970/2723/2769
f 2966/2721/2767 2967/2724/2770 2972/2725/2771 2971/2722/2768
f 2967/2724/2770 2968/2726/2772 2973/2727/2773 2972/2725/2771
f 2968/2726/2772 2969/2728/2774 2974/2729/2775 2973/2727/2773
f 2970/2723/2769 2971/2722/2768 2976/2730/2776 2975/2731/2777
f 2971/2722/2768 2972/2725/2771 2977/2732/2778 2976/2730/2776
f 2972/2725/2771 2973/2727/2773 2978/2733/2779 2977/2732/2778
f 2973/2727/2773 2974/2729/2775 2979/2734/2780 2978/2733/2779
f 2975/2731/2777 2976/2730/2776 2981/2735/2781 2980/2736/2782
f 2976/2730/2776 2977/2732/2778 2982/2737/2783 2981/2735/2781
f 2977/2732/2778 2978/2733/2779 2983/2738/2784 2982/2737/2783
f 2978/2733/2779 2979/2734/2780 2984/2739/2785 2983/2738/2784
f 2980/2736/2782 2981/2735/2781 2986/2740/2786 2985/2741/2787
f 2981/2735/2781 2982/2737/2783 2987/2742/2788 2986/2740/2786
f 2982/2737/2783 2983/2738/2784 2988/2743/2789 2987/2742/2788
f 2983/2738/2784 2984/2739/2785 2989/2744/2790 2988/2743/2789
f 71/1337/1381 999/2713/2791 2965/2720/2766 600/1378/1379
f 1000/2745/2792 2969/2728/2774 995/2711/2793 109/2710/2794
f 110/2746/2795 1005/2747/2796 2989/2744/2790 1004/2748/2797
f 604/1381/1384 2985/2741/2787 1009/2749/2798 72/1379/1382
f 999/2713/2791 998/2719/2799 2966/2721/2767 2965/2720/2766
f 1001/2750/2800 2974/2729/2775 2969/2728/2774 1000/2745/2792
f 1005/2747/2796 1006/2751/2801 2988/2743/2789 2989/2744/2790
f 603/1391/1397 2980/2736/2782 2985/2741/2787 604/1381/1384
f 998/2719/2799 997/2717/2802 2967/2724/2770 2966/2721/2767
f 1002/2752/2803 2979/2734/2780 2974/2729/2775 1001/2750/2800
f 1006/2751/2801 1007/2753/2804 2987/2742/2788 2988/2743/2789
f 602/1388/1393 2975/2731/2777 2980/2736/2782 603/1391/1397
f 997/2717/2802 996/2715/2805 2968/2726/2772 2967/2724/2770
f 1003/2754/2806 2984/2739/2785 2979/2734/2780 1002/2752/2803
f 1007/2753/2804 1008/2755/2807 2986/2740/2786 2987/2742/2788
f 601/1385/1389 2970/2723/2769 2975/2731/2777 602/1388/1393
f 996/2715/2805 995/2711/2793 2969/2728/2774 2968/2726/2772
f 1004/2748/2797 2989/2744/2790 2984/2739/2785 1003/2754/2806
f 1008/2755/2807 1009/2749/2798 2985/2741/2787 2986/2740/2786
f 600/1378/1379 2965/2720/2766 2970/2723/2769 601/1385/1389
f 2990/2756/2808 2991/2757/2809 2996/2758/2810 2995/2759/2811
f 2991/2757/2809 2992/2760/2812 2997/2761/2813 2996/2758/2810
f 2992/2760/2812 2993/2762/2814 2998/2763/2815 2997/2761/2813
f 2993/2762/2814 2994/2764/2816 2999/2765/2817 2998/2763/2815
f 2995/2759/2811 2996/2758/2810 3001/2766/2818 3000/2767/2819
f 2996/2758/2810 2997/2761/2813 3002/2768/2820 3001/2766/2818
f 2997/2761/2813 2998/2763/2815 3003/2769/2821 3002/2768/2820
f 2998/2763/2815 2999/2765/2817 3004/2770/2822 3003/2769/2821
f 3000/2767/2819 3001/2766/2818 3006/2771/2823 3005/2772/2824
f 3001/2766/2818 3002/2768/2820 3007/2773/2825 3006/2771/2823
f 3002/2768/2820 3003/2769/2821 3008/2774/2826 3007/2773/2825
f 3003/2769/2821 3004/2770/2822 3009/2775/2827 3008/2774/2826
f 3005/2772/2824 3006/2771/2823 3011/2776/2828 3010/2777/2829
f 3006/2771/2823 3007/2773/2825 3012/2778/2830 3011/2776/2828
f 3007/2773/2825 3008/2774/2826 3013/2779/2831 3012/2778/2830
f 3008/2774/2826 3009/2775/2827 3014/2780/2832 3013/2779/2831
f 72/1379/1430 1009/2749/2833 2990/2756/2808 615/1420/1428
f 1010/2781/2834 2994/2764/2816 1005/2747/2835 110/2746/2836
f 111/2782/2837 1015/2783/2838 3014/2780/2832 1014/2784/2839
f 619/1423/1433 3010/2777/2829 1019/2785/2840 73/1421/1431
f 1009/2749/2833 1008/2755/2841 2991/2757/2809 2990/2756/2808
f 1011/2786/2842 2999/2765/2817 2994/2764/2816 1010/2781/2834
f 1015/2783/2838 1016/2787/2843 3013/2779/2831 3014/2780/2832
f 618/1433/1446 3005/2772/2824 3010/2777/2829 619/1423/1433
f 1008/2755/2841 1007/2753/2844 2992/2760/2812 2991/2757/2809
f 1012/2788/2845 3004/2770/2822 2999/2765/2817 1011/2786/2842
f 1016/2787/2843 1017/2789/2846 3012/2778/2830 3013/2779/2831
f 617/1430/1442 3000/2767/2819 3005/2772/2824 618/1433/1446
f 1007/2753/2844 1006/2751/2847 2993/2762/2814 2992/2760/2812
f 1013/2790/2848 3009/2775/2827 3004/2770/2822 1012/2788/2845
f 1017/2789/2846 1018/2791/2849 3011/2776/2828 3012/2778/2830
f 616/1427/1438 2995/2759/2811 3000/2767/2819 617/1430/1442
f 1006/2751/2847 1005/2747/2835 2994/2764/2816 2993/2762/2814
f 1014/2784/2839 3014/2780/2832 3009/2775/2827 1013/2790/2848
f 1018/2791/2849 1019/2785/2840 3010/2777/2829 3011/2776/2828
f 615/1420/1428 2990/2756/2808 2995/2759/2811 616/1427/1438
f 3015/2792/2850 3016/2793/2851 3021/2794/2852 3020/2795/2853
f 3016/2793/2851 3017/2796/2854 3022/2797/2855 3021/2794/2852
f 3017/2796/2854 3018/2798/2856 3023/2799/2857 3022/2797/2855
f 3018/2798/2856 3019/2800/2858 3024/2801/2859 3023/2799/2857
f 3020/2795/2853 3021/2794/2852 3026/2802/2860 3025/2803/2861
f 3021/2794/2852 3022/2797/2855 3027/2804/2862 3026/2802/2860
f 3022/2797/2855 3023/2799/2857 3028/2805/2863 3027/2804/2862
f 3023/2799/2857 3024/2801/2859 3029/2806/2864 3028/2805/2863
f 3025/2803/2861 3026/2802/2860 3031/2807/2865 3030/2808/2866
f 3026/2802/2860 3027/2804/2862 3032/2809/2867 3031/2807/2865
f 3027/2804/2862 3028/2805/2863 3033/2810/2868 3032/2809/2867
f 3028/2805/2863 3029/2806/2864 3034/2811/2869 3033/2810/2868
f 3030/2808/2866 3031/2807/2865 3036/2812/2870 3035/2813/2871
f 3031/2807/2865 3032/2809/2867 3037/2814/2872 3036/2812/2870
f 3032/2809/2867 3033/2810/2868 3038/2815/2873 3037/2814/2872
f 3033/2810/2868 3034/2811/2869 3039/2816/2874 3038/2815/2873
f 73/1421/1479 1019/2785/2875 3015/2792/2850 630/1462/1477
f 1020/2817/2876 3019/2800/2858 1015/2783/2877 111/2782/2878
f 112/2818/2879 1025/2819/2880 3039/2816/2874 1024/2820/2881
f 634/1465/1482 3035/2813/2871 1029/2821/2882 74/1463/1480
f 1019/2785/2875 1018/2791/2883 3016/2793/2851 3015/2792/2850
f 1021/2822/2884 3024/2801/2859 3019/2800/2858 1020/2817/2876
f 1025/2819/2880 1026/2823/2885 3038/2815/2873 3039/2816/2874
f 633/1475/1495 3030/2808/2866 3035/2813/2871 634/1465/1482
f 1018/2791/2883 1017/2789/2886 3017/2796/2854 3016/2793/2851
f 1022/2824/2887 3029/2806/2864 3024/2801/2859 1021/2822/2884
f 1026/2823/2885 1027/2825/2888 3037/2814/2872 3038/2815/2873
f 632/1472/1491 3025/2803/2861 3030/2808/2866 633/1475/1495
f 1017/2789/2886 1016/2787/2889 3018/2798/2856 3017/2796/2854
f 1023/2826/2890 3034/2811/2869 3029/2806/2864 1022/2824/2887
f 1027/2825/2888 1028/2827/2891 3036/2812/2870 3037/2814/2872
f 631/1469/1487 3020/2795/2853 3025/2803/2861 632/1472/1491
f 1016/2787/2889 1015/2783/2877 3019/2800/2858 3018/2798/2856
f 1024/2820/2881 3039/2816/2874 3034/2811/2869 1023/2826/2890
f 1028/2827/2891 1029/2821/2882 3035/2813/2871 3036/2812/2870
f 630/1462/1477 3015/2792/2850 3020/2795/2853 631/1469/1487
f 3040/2828/2892 3041/2829/2893 3046/2830/2894 3045/2831/2895
f 3041/2829/2893 3042/2832/2896 3047/2833/2897 3046/2830/2894
f 3042/2832/2896 3043/2834/2898 3048/2835/2899 3047/2833/2897
f 3043/2834/2898 3044/2836/2900 3049/2837/2901 3048/2835/2899
f 3045/2831/2895 3046/2830/2894 3051/2838/2902 3050/2839/2903
f 3046/2830/2894 3047/2833/2897 3052/2840/2904 3051/2838/2902
f 3047/2833/2897 3048/2835/2899 3053/2841/2905 3052/2840/2904
f 3048/2835/2899 3049/2837/2901 3054/2842/2906 3053/2841/2905
f 3050/2839/2903 3051/2838/2902 3056/2843/2907 3055/2844/2908
f 3051/2838/2902 3052/2840/2904 3057/2845/2909 3056/2843/2907
f 3052/2840/2904 3053/2841/2905 3058/2846/2910 3057/2845/2909
f 3053/2841/2905 3054/2842/2906 3059/2847/2911 3058/2846/2910
f 3055/2844/2908 3056/2843/2907 3061/2848/2912 3060/2849/2913
f 3056/2843/2907 3057/2845/2909 3062/2850/2914 3061/2848/2912
f 3057/2845/2909 3058/2846/2910 3063/2851/2915 3062/2850/2914
f 3058/2846/2910 3059/2847/2911 3064/2852/2916 3063/2851/2915
f 74/1463/1528 1029/2821/2917 3040/2828/2892 645/1504/1526
f 1030/2853/2918 3044/2836/2900 1025/2819/2919 112/2818/2920
f 113/2854/2921 1035/2855/2922 3064/2852/2916 1034/2856/2923
f 649/1507/1531 3060/2849/2913 1039/2857/2924 75/1505/1529
f 1029/2821/2917 1028/2827/2925 3041/2829/2893 3040/2828/2892
f 1031/2858/2926 3049/2837/2901 3044/2836/2900 1030/2853/2918
f 1035/2855/2922 1036/2859/2927 3063/2851/2915 3064/2852/2916
f 648/1517/1544 3055/2844/2908 3060/2849/2913 649/1507/1531
f 1028/2827/2925 1027/2825/2928 3042/2832/2896 3041/2829/2893
f 1032/2860/2929 3054/2842/2906 3049/2837/2901 1031/2858/2926
f 1036/2859/2927 1037/2861/2930 3062/2850/2914 3063/2851/2915
f 647/1514/1540 3050/2839/2903 3055/2844/2908 648/1517/1544
f 1027/2825/2928 1026/2823/2931 3043/2834/2898 3042/2832/2896
f 1033/2862/2932 3059/2847/2911 3054/2842/2906 1032/2860/2929
f 1037/2861/2930 1038/2863/2933 3061/2848/2912 3062/2850/2914
f 646/1511/1536 3045/2831/2895 3050/2839/2903 647/1514/1540
f 1026/2823/2931 1025/2819/2919 3044/2836/2900 3043/2834/2898
f 1034/2856/2923 3064/2852/2916 3059/2847/2911 1033/2862/2932
f 1038/2863/2933 1039/2857/2924 3060/2849/2913 3061/2848/2912
f 645/1504/1526 3040/2828/2892 3045/2831/2895 646/1511/1536
f 3065/2864/2934 3066/2865/2935 3071/2866/2936 3070/2867/2937
f 3066/2865/2935 3067/2868/2938 3072/2869/2939 3071/2866/2936
f 3067/2868/2938 3068/2870/2940 3073/2871/2941 3072/2869/2939
f 3068/2870/2940 3069/2872/2942 3074/2873/2943 3073/2871/2941
f 3070/2867/2937 3071/2866/2936 3076/2874/2944 3075/2875/2945
f 3071/2866/2936 3072/2869/2939 3077/2876/2946 3076/2874/2944
f 3072/2869/2939 3073/2871/2941 3078/2877/2947 3077/2876/2946
f 3073/2871/2941 3074/2873/2943 3079/2878/2948 3078/2877/2947
f 3075/2875/2945 3076/2874/2944 3081/2879/2949 3080/2880/2950
f 3076/2874/2944 3077/2876/2946 3082/2881/2951 3081/2879/2949
f 3077/2876/2946 3078/2877/2947 3083/2882/2952 3082/2881/2951
f 3078/2877/2947 3079/2878/2948 3084/2883/2953 3083/2882/2952
f 3080/2880/2950 3081/2879/2949 3086/2884/2954 3085/2885/2955
f 3081/2879/2949 3082/2881/2951 3087/2886/2956 3086/2884/2954
f 3082/2881/2951 3083/2882/2952 3088/2887/2957 3087/2886/2956
f 3083/2882/2952 3084/2883/2953 3089/2888/2958 3088/2887/2957
f 75/1505/1577 1039/2857/2959 3065/2864/2934 660/1546/1575
f 1040/2889/2960 3069/2872/2942 1035/2855/2961 113/2854/2962
f 114/2890/2963 1045/2891/2964 3089/2888/2958 1044/2892/2965
f 664/1549/1580 3085/2885/2955 1049/2893/2966 76/1547/1578
f 1039/2857/2959 1038/2863/2967 3066/2865/2935 3065/2864/2934
f 1041/2894/2968 3074/2873/2943 3069/2872/2942 1040/2889/2960
f 1045/2891/2964 1046/2895/2969 3088/2887/2957 3089/2888/2958
f 663/1559/1593 3080/2880/2950 3085/2885/2955 664/1549/1580
f 1038/2863/2967 1037/2861/2970 3067/2868/2938 3066/2865/2935
f 1042/2896/2971 3079/2878/2948 3074/2873/2943 1041/2894/2968
f 1046/2895/2969 1047/2897/2972 3087/2886/2956 3088/2887/2957
f 662/1556/1589 3075/2875/2945 3080/2880/2950 663/1559/1593
f 1037/2861/2970 1036/2859/2973 3068/2870/2940 3067/2868/2938
f 1043/2898/2974 3084/2883/2953 3079/2878/2948 1042/2896/2971
f 1047/2897/2972 1048/2899/2975 3086/2884/2954 3087/2886/2956
f 661/1553/1585 3070/2867/2937 3075/2875/2945 662/1556/1589
f 1036/2859/2973 1035/2855/2961 3069/2872/2942 3068/2870/2940
f 1044/2892/2965 3089/2888/2958 3084/2883/2953 1043/2898/2974
f 1048/2899/2975 1049/2893/2966 3085/2885/2955 3086/2884/2954
f 660/1546/1575 3065/2864/2934 3070/2867/2937 661/1553/1585
f 3090/2900/1 3091/2901/1 3096/2902/1 3095/2903/1
f 3091/2901/1 3092/2904/1 3097/2905/1 3096/2902/1
f 3092/2904/1 3093/2906/1 3098/2907/1 3097/2905/1
f 3093/2906/1 3094/2908/1 3099/2909/1 3098/2907/1
f 3095/2903/1 3096/2902/1 3101/2910/1 3100/2911/1
f 3096/2902/1 3097/2905/1 3102/2912/1 3101/2910/1
f 3097/2905/1 3098/2907/1 3103/2913/1 3102/2912/1
f 3098/2907/1 3099/2909/1 3104/2914/1 3103/2913/1
f 3100/2911/1 3101/2910/1 3106/2915/1 3105/2916/1
f 3101/2910/1 3102/2912/1 3107/2917/1 3106/2915/1
f 3102/2912/1 3103/2913/1 3108/2918/1 3107/2917/1
f 3103/2913/1 3104/2914/1 3109/2919/1 3108/2918/1
f 3105/2916/1 3106/2915/1 3111/2920/1 3110/2921/1
f 3106/2915/1 3107/2917/1 3112/2922/1 3111/2920/1
f 3107/2917/1 3108/2918/1 3113/2923/1 3112/2922/1
f 3108/2918/1 3109/2919/1 3114/2924/1 3113/2923/1
f 77/1590/1 1050/2925/1 3090/2900/1 680/1588/1
f 134/2926/1 3094/2908/1 1054/2927/1 1/2928/1
f 2/2929/1 1055/2930/1 3114/2924/1 130/2931/1
f 684/1593/1 3110/2921/1 1059/2932/1 78/1591/1
f 1050/2925/1 1051/2933/1 3091/2901/1 3090/2900/1
f 133/2934/1 3099/2909/1 3094/2908/1 134/2926/1
f 1055/2930/1 1056/2935/1 3113/2923/1 3114/2924/1
f 683/1602/1 3105/2916/1 3110/2921/1 684/1593/1
f 1051/2933/1 1052/2936/1 3092/2904/1 3091/2901/1
f 132/2937/1 3104/2914/1 3099/2909/1 133/2934/1
f 1056/2935/1 1057/2938/1 3112/2922/1 3113/2923/1
f 682/1599/1 3100/2911/1 3105/2916/1 683/1602/1
f 1052/2936/1 1053/2939/1 3093/2906/1 3092/2904/1
f 131/2940/1 3109/2919/1 3104/2914/1 132/2937/1
f 1057/2938/1 1058/2941/1 3111/2920/1 3112/2922/1
f 681/1596/1 3095/2903/1 3100/2911/1 682/1599/1
f 1053/2939/1 1054/2927/1 3094/2908/1 3093/2906/1
f 130/2931/1 3114/2924/1 3109/2919/1 131/2940/1
f 1058/2941/1 1059/2932/1 3110/2921/1 3111/2920/1
f 680/1588/1 3090/2900/1 3095/2903/1 681/1596/1
f 3115/2942/2976 3116/2943/2977 3121/2944/2977 3120/2945/2976
f 3116/2943/2977 3117/2946/2978 3122/2947/2978 3121/2944/2977
f 3117/2946/2978 3118/2948/2979 3123/2949/2979 3122/2947/2978
f 3118/2948/2979 3119/2950/2980 3124/2951/2980 3123/2949/2979
f 3120/2945/2976 3121/2944/2977 3126/2952/2977 3125/2953/2976
f 3121/2944/2977 3122/2947/2978 3127/2954/2978 3126/2952/2977
f 3122/2947/2978 3123/2949/2979 3128/2955/2979 3127/2954/2978
f 3123/2949/2979 3124/2951/2980 3129/2956/2980 3128/2955/2979
f 3125/2953/2976 3126/2952/2977 3131/2957/2977 3130/2958/2976
f 3126/2952/2977 3127/2954/2978 3132/2959/2978 3131/2957/2977
f 3127/2954/2978 3128/2955/2979 3133/2960/2979 3132/2959/2978
f 3128/2955/2979 3129/2956/2980 3134/2961/2980 3133/2960/2979
f 3130/2958/2976 3131/2957/2977 3136/2962/2977 3135/2963/2976
f 3131/2957/2977 3132/2959/2978 3137/2964/2978 3136/2962/2977
f 3132/2959/2978 3133/2960/2979 3138/2965/2979 3137/2964/2978
f 3133/2960/2979 3134/2961/2980 3139/2966/2980 3138/2965/2979
f 78/1591/1601 1059/2932/2976 3115/2942/2976 690/1629/1601
f 149/2967/7 3119/2950/2980 1055/2930/2980 2/2929/7
f 3/2968/7 1060/2969/2980 3139/2966/2980 145/2970/7
f 694/1632/1601 3135/2963/2976 1064/2971/2976 79/1630/1601
f 1059/2932/2976 1058/2941/2977 3116/2943/2977 3115/2942/2976
f 148/2972/7 3124/2951/2980 3119/2950/2980 149/2967/7
f 1060/2969/2980 1061/2973/2979 3138/2965/2979 3139/2966/2980
f 693/1638/1601 3130/2958/2976 3135/2963/2976 694/1632/1601
f 1058/2941/2977 1057/2938/2978 3117/2946/2978 3116/2943/2977
f 147/2974/7 3129/2956/2980 3124/2951/2980 148/2972/7
f 1061/2973/2979 1062/2975/2978 3137/2964/2978 3138/2965/2979
f 692/1636/1601 3125/2953/2976 3130/2958/2976 693/1638/1601
f 1057/2938/2978 1056/2935/2979 3118/2948/2979 3117/2946/2978
f 146/2976/7 3134/2961/2980 3129/2956/2980 147/2974/7
f 1062/2975/2978 1063/2977/2977 3136/2962/2977 3137/2964/2978
f 691/1634/1601 3120/2945/2976 3125/2953/2976 692/1636/1601
f 1056/2935/2979 1055/2930/2980 3119/2950/2980 3118/2948/2979
f 145/2970/7 3139/2966/2980 3134/2961/2980 146/2976/7
f 1063/2977/2977 1064/2971/2976 3135/2963/2976 3136/2962/2977
f 690/1629/1601 3115/2942/2976 3120/2945/2976 691/1634/1601
f 3140/2978/2981 3141/2979/2982 3146/2980/2983 3145/2981/2984
f 3141/2979/2982 3142/2982/2985 3147/2983/2986 3146/2980/2983
f 3142/2982/2985 3143/2984/2987 3148/2985/2988 3147/2983/2986
f 3143/2984/2987 3144/2986/2989 3149/2987/2990 3148/2985/2988
f 3145/2981/2984 3146/2980/2983 3151/2988/2991 3150/2989/2992
f 3146/2980/2983 3147/2983/2986 3152/2990/2993 3151/2988/2991
f 3147/2983/2986 3148/2985/2988 3153/2991/2994 3152/2990/2993
f 3148/2985/2988 3149/2987/2990 3154/2992/2995 3153/2991/2994
f 3150/2989/2992 3151/2988/2991 3156/2993/2996 3155/2994/2997
f 3151/2988/2991 3152/2990/2993 3157/2995/2998 3156/2993/2996
f 3152/2990/2993 3153/2991/2994 3158/2996/2999 3157/2995/2998
f 3153/2991/2994 3154/2992/2995 3159/2997/3000 3158/2996/2999
f 3155/2994/2997 3156/2993/2996 3161/2998/3001 3160/2999/3002
f 3156/2993/2996 3157/2995/2998 3162/3000/3003 3161/2998/3001
f 3157/2995/2998 3158/2996/2999 3163/3001/3004 3162/3000/3003
f 3158/2996/2999 3159/2997/3000 3164/3002/3005 3163/3001/3004
f 79/1630/1630 1064/2971/3006 3140/2978/2981 700/1665/1628
f 164/3003/36 3144/2986/2989 1060/2969/3007 3/2968/34
f 4/3004/45 1065/3005/3008 3164/3002/3005 160/3006/43
f 704/1668/1633 3160/2999/3002 1069/3007/3009 80/1666/1631
f 1064/2971/3006 1063/2977/3010 3141/2979/2982 3140/2978/2981
f 163/3008/57 3149/2987/2990 3144/2986/2989 164/3003/36
f 1065/3005/3008 1066/3009/3011 3163/3001/3004 3164/3002/3005
f 703/1674/1642 3155/2994/2997 3160/2999/3002 704/1668/1633
f 1063/2977/3010 1062/2975/3012 3142/2982/2985 3141/2979/2982
f 162/3010/53 3154/2992/2995 3149/2987/2990 163/3008/57
f 1066/3009/3011 1067/3011/3013 3162/3000/3003 3163/3001/3004
f 702/1672/1639 3150/2989/2992 3155/2994/2997 703/1674/1642
f 1062/2975/3012 1061/2973/3014 3143/2984/2987 3142/2982/2985
f 161/3012/49 3159/2997/3000 3154/2992/2995 162/3010/53
f 1067/3011/3013 1068/3013/3015 3161/2998/3001 3162/3000/3003
f 701/1670/1636 3145/2981/2984 3150/2989/2992 702/1672/1639
f 1061/2973/3014 1060/2969/3007 3144/2986/2989 3143/2984/2987
f 160/3006/43 3164/3002/3005 3159/2997/3000 161/3012/49
f 1068/3013/3015 1069/3007/3009 3160/2999/3002 3161/2998/3001
f 700/1665/1628 3140/2978/2981 3145/2981/2984 701/1670/1636
f 3165/3014/3016 3166/3015/3017 3171/3016/3018 3170/3017/3019
f 3166/3015/3017 3167/3018/3020 3172/3019/3021 3171/3016/3018
f 3167/3018/3020 3168/3020/3022 3173/3021/3023 3172/3019/3021
f 3168/3020/3022 3169/3022/3024 3174/3023/3025 3173/3021/3023
f 3170/3017/3019 3171/3016/3018 3176/3024/3026 3175/3025/3027
f 3171/3016/3018 3172/3019/3021 3177/3026/3028 3176/3024/3026
f 3172/3019/3021 3173/3021/3023 3178/3027/3029 3177/3026/3028
f 3173/3021/3023 3174/3023/3025 3179/3028/3030 3178/3027/3029
f 3175/3025/3027 3176/3024/3026 3181/3029/3031 3180/3030/3032
f 3176/3024/3026 3177/3026/3028 3182/3031/3033 3181/3029/3031
f 3177/3026/3028 3178/3027/3029 3183/3032/3034 3182/3031/3033
f 3178/3027/3029 3179/3028/3030 3184/3033/3035 3183/3032/3034
f 3180/3030/3032 3181/3029/3031 3186/3034/3036 3185/3035/3037
f 3181/3029/3031 3182/3031/3033 3187/3036/3038 3186/3034/3036
f 3182/3031/3033 3183/3032/3034 3188/3037/3039 3187/3036/3038
f 3183/3032/3034 3184/3033/3035 3189/3038/3040 3188/3037/3039
f 80/1666/1672 1069/3007/3041 3165/3014/3016 710/1701/1670
f 179/3039/85 3169/3022/3024 1065/3005/3042 4/3004/83
f 5/3040/94 1070/3041/3043 3189/3038/3040 175/3042/92
f 714/1704/1675 3185/3035/3037 1074/3043/3044 81/1702/1673
f 1069/3007/3041 1068/3013/3045 3166/3015/3017 3165/3014/3016
f 178/3044/106 3174/3023/3025 3169/3022/3024 179/3039/85
f 1070/3041/3043 1071/3045/3046 3188/3037/3039 3189/3038/3040
f 713/1710/1684 3180/3030/3032 3185/3035/3037 714/1704/1675
f 1068/3013/3045 1067/3011/3047 3167/3018/3020 3166/3015/3017
f 177/3046/102 3179/3028/3030 3174/3023/3025 178/3044/106
f 1071/3045/3046 1072/3047/3048 3187/3036/3038 3188/3037/3039
f 712/1708/1681 3175/3025/3027 3180/3030/3032 713/1710/1684
f 1067/3011/3047 1066/3009/3049 3168/3020/3022 3167/3018/3020
f 176/3048/98 3184/3033/3035 3179/3028/3030 177/3046/102
f 1072/3047/3048 1073/3049/3050 3186/3034/3036 3187/3036/3038
f 711/1706/1678 3170/3017/3019 3175/3025/3027 712/1708/1681
f 1066/3009/3049 1065/3005/3042 3169/3022/3024 3168/3020/3022
f 175/3042/92 3189/3038/3040 3184/3033/3035 176/3048/98
f 1073/3049/3050 1074/3043/3044 3185/3035/3037 3186/3034/3036
f 710/1701/1670 3165/3014/3016 3170/3017/3019 711/1706/1678
f 3190/3050/3051 3191/3051/3052 3196/3052/3053 3195/3053/3054
f 3191/3051/3052 3192/3054/3055 3197/3055/3056 3196/3052/3053
f 3192/3054/3055 3193/3056/3057 3198/3057/3058 3197/3055/3056
f 3193/3056/3057 3194/3058/3059 3199/3059/3060 3198/3057/3058
f 3195/3053/3054 3196/3052/3053 3201/3060/3061 3200/3061/3062
f 3196/3052/3053 3197/3055/3056 3202/3062/3063 3201/3060/3061
f 3197/3055/3056 3198/3057/3058 3203/3063/3064 3202/3062/3063
f 3198/3057/3058 3199/3059/3060 3204/3064/3065 3203/3063/3064
f 3200/3061/3062 3201/3060/3061 3206/3065/3066 3205/3066/3067
f 3201/3060/3061 3202/3062/3063 3207/3067/3068 3206/3065/3066
f 3202/3062/3063 3203/3063/3064 3208/3068/3069 3207/3067/3068
f 3203/3063/3064 3204/3064/3065 3209/3069/3070 3208/3068/3069
f 3205/3066/3067 3206/3065/3066 3211/3070/3071 3210/3071/3072
f 3206/3065/3066 3207/3067/3068 3212/3072/3073 3211/3070/3071
f 3207/3067/3068 3208/3068/3069 3213/3073/3074 3212/3072/3073
f 3208/3068/3069 3209/3069/3070 3214/3074/3075 3213/3073/3074
f 81/1702/1714 1074/3043/3076 3190/3050/3051 720/1737/1712
f 194/3075/134 3194/3058/3059 1070/3041/3077 5/3040/132
f 6/3076/132 1075/3077/3078 3214/3074/3075 190/3078/140
f 724/1740/1716 3210/3071/3072 1079/3079/3079 82/1738/1714
f 1074/3043/3076 1073/3049/3080 3191/3051/3052 3190/3050/3051
f 193/3080/152 3199/3059/3060 3194/3058/3059 194/3075/134
f 1075/3077/3078 1076/3081/3081 3213/3073/3074 3214/3074/3075
f 723/1746/1725 3205/3066/3067 3210/3071/3072 724/1740/1716
f 1073/3049/3080 1072/3047/3082 3192/3054/3055 3191/3051/3052
f 192/3082/148 3204/3064/3065 3199/3059/3060 193/3080/152
f 1076/3081/3081 1077/3083/3082 3212/3072/3073 3213/3073/3074
f 722/1744/1722 3200/3061/3062 3205/3066/3067 723/1746/1725
f 1072/3047/3082 1071/3045/3083 3193/3056/3057 3192/3054/3055
f 191/3084/145 3209/3069/3070 3204/3064/3065 192/3082/148
f 1077/3083/3082 1078/3085/3084 3211/3070/3071 3212/3072/3073
f 721/1742/1719 3195/3053/3054 3200/3061/3062 722/1744/1722
f 1071/3045/3083 1070/3041/3077 3194/3058/3059 3193/3056/3057
f 190/3078/140 3214/3074/3075 3209/3069/3070 191/3084/145
f 1078/3085/3084 1079/3079/3079 3210/3071/3072 3211/3070/3071
f 720/1737/1712 3190/3050/3051 3195/3053/3054 721/1742/1719
f 3215/3086/3085 3216/3087/3086 3221/3088/3087 3220/3089/3088
f 3216/3087/3086 3217/3090/3089 3222/3091/3090 3221/3088/3087
f 3217/3090/3089 3218/3092/3091 3223/3093/3092 3222/3091/3090
f 3218/3092/3091 3219/3094/3093 3224/3095/3094 3223/3093/3092
f 3220/3089/3088 3221/3088/3087 3226/3096/3095 3225/3097/3096
f 3221/3088/3087 3222/3091/3090 3227/3098/3097 3226/3096/3095
f 3222/3091/3090 3223/3093/3092 3228/3099/3098 3227/3098/3097
f 3223/3093/3092 3224/3095/3094 3229/3100/3099 3228/3099/3098
f 3225/3097/3096 3226/3096/3095 3231/3101/3100 3230/3102/3101
f 3226/3096/3095 3227/3098/3097 3232/3103/3102 3231/3101/3100
f 3227/3098/3097 3228/3099/3098 3233/3104/3103 3232/3103/3102
f 3228/3099/3098 3229/3100/3099 3234/3105/3104 3233/3104/3103
f 3230/3102/3101 3231/3101/3100 3236/3106/3105 3235/3107/3106
f 3231/3101/3100 3232/3103/3102 3237/3108/3107 3236/3106/3105
f 3232/3103/3102 3233/3104/3103 3238/3109/3108 3237/3108/3107
f 3233/3104/3103 3234/3105/3104 3239/3110/3109 3238/3109/3108
f 82/1738/1755 1079/3079/3110 3215/3086/3085 730/1773/1753
f 209/3111/180 3219/3094/3093 1075/3077/3111 6/3076/178
f 7/3112/178 1080/3113/3112 3239/3110/3109 205/3114/187
f 734/1776/1758 3235/3107/3106 1084/3115/3113 83/1774/1756
f 1079/3079/3110 1078/3085/3114 3216/3087/3086 3215/3086/3085
f 208/3116/200 3224/3095/3094 3219/3094/3093 209/3111/180
f 1080/3113/3112 1081/3117/3115 3238/3109/3108 3239/3110/3109
f 733/1782/1767 3230/3102/3101 3235/3107/3106 734/1776/1758
f 1078/3085/3114 1077/3083/3116 3217/3090/3089 3216/3087/3086
f 207/3118/196 3229/3100/3099 3224/3095/3094 208/3116/200
f 1081/3117/3115 1082/3119/3117 3237/3108/3107 3238/3109/3108
f 732/1780/1764 3225/3097/3096 3230/3102/3101 733/1782/1767
f 1077/3083/3116 1076/3081/3118 3218/3092/3091 3217/3090/3089
f 206/3120/192 3234/3105/3104 3229/3100/3099 207/3118/196
f 1082/3119/3117 1083/3121/3119 3236/3106/3105 3237/3108/3107
f 731/1778/1761 3220/3089/3088 3225/3097/3096 732/1780/1764
f 1076/3081/3118 1075/3077/3111 3219/3094/3093 3218/3092/3091
f 205/3114/187 3239/3110/3109 3234/3105/3104 206/3120/192
f 1083/3121/3119 1084/3115/3113 3235/3107/3106 3236/3106/3105
f 730/1773/1753 3215/3086/3085 3220/3089/3088 731/1778/1761
f 3240/3122/3120 3241/3123/3121 3246/3124/3122 3245/3125/3123
f 3241/3123/3121 3242/3126/3124 3247/3127/3125 3246/3124/3122
f 3242/3126/3124 3243/3128/3126 3248/3129/3127 3247/3127/3125
f 3243/3128/3126 3244/3130/3128 3249/3131/3129 3248/3129/3127
f 3245/3125/3123 3246/3124/3122 3251/3132/3130 3250/3133/3131
f 3246/3124/3122 3247/3127/3125 3252/3134/3132 3251/3132/3130
f 3247/3127/3125 3248/3129/3127 3253/3135/3133 3252/3134/3132
f 3248/3129/3127 3249/3131/3129 3254/3136/3134 3253/3135/3133
f 3250/3133/3131 3251/3132/3130 3256/3137/3135 3255/3138/3136
f 3251/3132/3130 3252/3134/3132 3257/3139/3137 3256/3137/3135
f 3252/3134/3132 3253/3135/3133 3258/3140/3138 3257/3139/3137
f 3253/3135/3133 3254/3136/3134 3259/3141/3139 3258/3140/3138
f 3255/3138/3136 3256/3137/3135 3261/3142/3140 3260/3143/3141
f 3256/3137/3135 3257/3139/3137 3262/3144/3142 3261/3142/3140
f 3257/3139/3137 3258/3140/3138 3263/3145/3143 3262/3144/3142
f 3258/3140/3138 3259/3141/3139 3264/3146/3144 3263/3145/3143
f 83/1774/1797 1084/3115/3145 3240/3122/3120 740/1809/1795
f 224/3147/228 3244/3130/3128 1080/3113/3146 7/3112/226
f 8/3148/237 1085/3149/3147 3264/3146/3144 220/3150/235
f 744/1812/1800 3260/3143/3141 1089/3151/3148 84/1810/1798
f 1084/3115/3145 1083/3121/3149 3241/3123/3121 3240/3122/3120
f 223/3152/249 3249/3131/3129 3244/3130/3128 224/3147/228
f 1085/3149/3147 1086/3153/3150 3263/3145/3143 3264/3146/3144
f 743/1818/1809 3255/3138/3136 3260/3143/3141 744/1812/1800
f 1083/3121/3149 1082/3119/3151 3242/3126/3124 3241/3123/3121
f 222/3154/245 3254/3136/3134 3249/3131/3129 223/3152/249
f 1086/3153/3150 1087/3155/3152 3262/3144/3142 3263/3145/3143
f 742/1816/1806 3250/3133/3131 3255/3138/3136 743/1818/1809
f 1082/3119/3151 1081/3117/3153 3243/3128/3126 3242/3126/3124
f 221/3156/241 3259/3141/3139 3254/3136/3134 222/3154/245
f 1087/3155/3152 1088/3157/3154 3261/3142/3140 3262/3144/3142
f 741/1814/1803 3245/3125/3123 3250/3133/3131 742/1816/1806
f 1081/3117/3153 1080/3113/3146 3244/3130/3128 3243/3128/3126
f 220/3150/235 3264/3146/3144 3259/3141/3139 221/3156/241
f 1088/3157/3154 1089/3151/3148 3260/3143/3141 3261/3142/3140
f 740/1809/1795 3240/3122/3120 3245/3125/3123 741/1814/1803
f 3265/3158/3155 3266/3159/3156 3271/3160/3157 3270/3161/3158
f 3266/3159/3156 3267/3162/3159 3272/3163/3160 3271/3160/3157
f 3267/3162/3159 3268/3164/3161 3273/3165/3162 3272/3163/3160
f 3268/3164/3161 3269/3166/3163 3274/3167/3164 3273/3165/3162
f 3270/3161/3158 3271/3160/3157 3276/3168/3165 3275/3169/3166
f 3271/3160/3157 3272/3163/3160 3277/3170/3167 3276/3168/3165
f 3272/3163/3160 3273/3165/3162 3278/3171/3168 3277/3170/3167
f 3273/3165/3162 3274/3167/3164 3279/3172/3169 3278/3171/3168
f 3275/3169/3166 3276/3168/3165 3281/3173/3170 3280/3174/3171
f 3276/3168/3165 3277/3170/3167 3282/3175/3172 3281/3173/3170
f 3277/3170/3167 3278/3171/3168 3283/3176/3173 3282/3175/3172
f 3278/3171/3168 3279/3172/3169 3284/3177/3174 3283/3176/3173
f 3280/3174/3171 3281/3173/3170 3286/3178/3175 3285/3179/3176
f 3281/3173/3170 3282/3175/3172 3287/3180/3177 3286/3178/3175
f 3282/3175/3172 3283/3176/3173 3288/3181/3178 3287/3180/3177
f 3283/3176/3173 3284/3177/3174 3289/3182/3179 3288/3181/3178
f 84/1810/1839 1089/3151/3180 3265/3158/3155 750/1845/1837
f 239/3183/277 3269/3166/3163 1085/3149/3181 8/3148/275
f 9/3184/286 1090/3185/3182 3289/3182/3179 235/3186/284
f 754/1848/1842 3285/3179/3176 1094/3187/3183 85/1846/1840
f 1089/3151/3180 1088/3157/3184 3266/3159/3156 3265/3158/3155
f 238/3188/297 3274/3167/3164 3269/3166/3163 239/3183/277
f 1090/3185/3182 1091/3189/3185 3288/3181/3178 3289/3182/3179
f 753/1854/1850 3280/3174/3171 3285/3179/3176 754/1848/1842
f 1088/3157/3184 1087/3155/3186 3267/3162/3159 3266/3159/3156
f 237/3190/293 3279/3172/3169 3274/3167/3164 238/3188/297
f 1091/3189/3185 1092/3191/3186 3287/3180/3177 3288/3181/3178
f 752/1852/1848 3275/3169/3166 3280/3174/3171 753/1854/1850
f 1087/3155/3186 1086/3153/3187 3268/3164/3161 3267/3162/3159
f 236/3192/290 3284/3177/3174 3279/3172/3169 237/3190/293
f 1092/3191/3186 1093/3193/3188 3286/3178/3175 3287/3180/3177
f 751/1850/1845 3270/3161/3158 3275/3169/3166 752/1852/1848
f 1086/3153/3187 1085/3149/3181 3269/3166/3163 3268/3164/3161
f 235/3186/284 3289/3182/3179 3284/3177/3174 236/3192/290
f 1093/3193/3188 1094/3187/3183 3285/3179/3176 3286/3178/3175
f 750/1845/1837 3265/3158/3155 3270/3161/3158 751/1850/1845
f 3290/3194/3189 3291/3195/3190 3296/3196/3191 3295/3197/3192
f 3291/3195/3190 3292/3198/3193 3297/3199/3194 3296/3196/3191
f 3292/3198/3193 3293/3200/3195 3298/3201/3196 3297/3199/3194
f 3293/3200/3195 3294/3202/3197 3299/3203/3198 3298/3201/3196
f 3295/3197/3192 3296/3196/3191 3301/3204/3199 3300/3205/3200
f 3296/3196/3191 3297/3199/3194 3302/3206/3201 3301/3204/3199
f 3297/3199/3194 3298/3201/3196 3303/3207/3202 3302/3206/3201
f 3298/3201/3196 3299/3203/3198 3304/3208/3203 3303/3207/3202
f 3300/3205/3200 3301/3204/3199 3306/3209/3204 3305/3210/3205
f 3301/3204/3199 3302/3206/3201 3307/3211/3206 3306/3209/3204
f 3302/3206/3201 3303/3207/3202 3308/3212/3207 3307/3211/3206
f 3303/3207/3202 3304/3208/3203 3309/3213/3208 3308/3212/3207
f 3305/3210/3205 3306/3209/3204 3311/3214/3209 3310/3215/3210
f 3306/3209/3204 3307/3211/3206 3312/3216/3211 3311/3214/3209
f 3307/3211/3206 3308/3212/3207 3313/3217/3212 3312/3216/3211
f 3308/3212/3207 3309/3213/3208 3314/3218/3213 3313/3217/3212
f 85/1846/1880 1094/3187/3214 3290/3194/3189 760/1881/1878
f 254/3219/325 3294/3202/3197 1090/3185/3215 9/3184/323
f 10/3220/334 1095/3221/3216 3314/3218/3213 250/3222/332
f 764/1884/1883 3310/3215/3210 1099/3223/3217 86/1882/1881
f 1094/3187/3214 1093/3193/3218 3291/3195/3190 3290/3194/3189
f 253/3224/346 3299/3203/3198 3294/3202/3197 254/3219/325
f 1095/3221/3216 1096/3225/3219 3313/3217/3212 3314/3218/3213
f 763/1890/1892 3305/3210/3205 3310/3215/3210 764/1884/1883
f 1093/3193/3218 1092/3191/3220 3292/3198/3193 3291/3195/3190
f 252/3226/342 3304/3208/3203 3299/3203/3198 253/3224/346
f 1096/3225/3219 1097/3227/3221 3312/3216/3211 3313/3217/3212
f 762/1888/1889 3300/3205/3200 3305/3210/3205 763/1890/1892
f 1092/3191/3220 1091/3189/3222 3293/3200/3195 3292/3198/3193
f 251/3228/338 3309/3213/3208 3304/3208/3203 252/3226/342
f 1097/3227/3221 1098/3229/3223 3311/3214/3209 3312/3216/3211
f 761/1886/1886 3295/3197/3192 3300/3205/3200 762/1888/1889
f 1091/3189/3222 1090/3185/3215 3294/3202/3197 3293/3200/3195
f 250/3222/332 3314/3218/3213 3309/3213/3208 251/3228/338
f 1098/3229/3223 1099/3223/3217 3310/3215/3210 3311/3214/3209
f 760/1881/1878 3290/3194/3189 3295/3197/3192 761/1886/1886
f 3315/3230/3224 3316/3231/3225 3321/3232/3226 3320/3233/3227
f 3316/3231/3225 3317/3234/3228 3322/3235/3229 3321/3232/3226
f 3317/3234/3228 3318/3236/3230 3323/3237/3231 3322/3235/3229
f 3318/3236/3230 3319/3238/3232 3324/3239/3233 3323/3237/3231
f 3320/3233/3227 3321/3232/3226 3326/3240/3234 3325/3241/3235
f 3321/3232/3226 3322/3235/3229 3327/3242/3236 3326/3240/3234
f 3322/3235/3229 3323/3237/3231 3328/3243/3237 3327/3242/3236
f 3323/3237/3231 3324/3239/3233 3329/3244/3238 3328/3243/3237
f 3325/3241/3235 3326/3240/3234 3331/3245/3239 3330/3246/3240
f 3326/3240/3234 3327/3242/3236 3332/3247/3241 3331/3245/3239
f 3327/3242/3236 3328/3243/3237 3333/3248/3242 3332/3247/3241
f 3328/3243/3237 3329/3244/3238 3334/3249/3243 3333/3248/3242
f 3330/3246/3240 3331/3245/3239 3336/3250/3244 3335/3251/3245
f 3331/3245/3239 3332/3247/3241 3337/3252/3246 3336/3250/3244
f 3332/3247/3241 3333/3248/3242 3338/3253/3247 3337/3252/3246
f 3333/3248/3242 3334/3249/3243 3339/3254/3248 3338/3253/3247
f 86/1882/1922 1099/3223/3249 3315/3230/3224 770/1917/1920
f 269/3255/374 3319/3238/3232 1095/3221/3250 10/3220/372
f 11/3256/372 1100/3257/3251 3339/3254/3248 265/3258/381
f 774/1920/1925 3335/3251/3245 1104/3259/3252 87/1918/1923
f 1099/3223/3249 1098/3229/3253 3316/3231/3225 3315/3230/3224
f 268/3260/394 3324/3239/3233 3319/3238/3232 269/3255/374
f 1100/3257/3251 1101/3261/3254 3338/3253/3247 3339/3254/3248
f 773/1926/1934 3330/3246/3240 3335/3251/3245 774/1920/1925
f 1098/3229/3253 1097/3227/3255 3317/3234/3228 3316/3231/3225
f 267/3262/390 3329/3244/3238 3324/3239/3233 268/3260/394
f 1101/3261/3254 1102/3263/3256 3337/3252/3246 3338/3253/3247
f 772/1924/1931 3325/3241/3235 3330/3246/3240 773/1926/1934
f 1097/3227/3255 1096/3225/3257 3318/3236/3230 3317/3234/3228
f 266/3264/386 3334/3249/3243 3329/3244/3238 267/3262/390
f 1102/3263/3256 1103/3265/3258 3336/3250/3244 3337/3252/3246
f 771/1922/1928 3320/3233/3227 3325/3241/3235 772/1924/1931
f 1096/3225/3257 1095/3221/3250 3319/3238/3232 3318/3236/3230
f 265/3258/381 3339/3254/3248 3334/3249/3243 266/3264/386
f 1103/3265/3258 1104/3259/3252 3335/3251/3245 3336/3250/3244
f 770/1917/1920 3315/3230/3224 3320/3233/3227 771/1922/1928
f 3340/3266/3259 3341/3267/3260 3346/3268/3261 3345/3269/3262
f 3341/3267/3260 3342/3270/3263 3347/3271/3264 3346/3268/3261
f 3342/3270/3263 3343/3272/3265 3348/3273/3266 3347/3271/3264
f 3343/3272/3265 3344/3274/3267 3349/3275/3268 3348/3273/3266
f 3345/3269/3262 3346/3268/3261 3351/3276/3269 3350/3277/3270
f 3346/3268/3261 3347/3271/3264 3352/3278/3271 3351/3276/3269
f 3347/3271/3264 3348/3273/3266 3353/3279/3272 3352/3278/3271
f 3348/3273/3266 3349/3275/3268 3354/3280/3273 3353/3279/3272
f 3350/3277/3270 3351/3276/3269 3356/3281/3274 3355/3282/3275
f 3351/3276/3269 3352/3278/3271 3357/3283/3276 3356/3281/3274
f 3352/3278/3271 3353/3279/3272 3358/3284/3277 3357/3283/3276
f 3353/3279/3272 3354/3280/3273 3359/3285/3278 3358/3284/3277
f 3355/3282/3275 3356/3281/3274 3361/3286/3279 3360/3287/3280
f 3356/3281/3274 3357/3283/3276 3362/3288/3281 3361/3286/3279
f 3357/3283/3276 3358/3284/3277 3363/3289/3282 3362/3288/3281
f 3358/3284/3277 3359/3285/3278 3364/3290/3283 3363/3289/3282
f 87/1918/1964 1104/3259/3284 3340/3266/3259 780/1953/1962
f 284/3291/422 3344/3274/3267 1100/3257/3285 11/3256/420
f 12/3292/431 1105/3293/3286 3364/3290/3283 280/3294/429
f 784/1956/1967 3360/3287/3280 1109/3295/3287 88/1954/1965
f 1104/3259/3284 1103/3265/3288 3341/3267/3260 3340/3266/3259
f 283/3296/443 3349/3275/3268 3344/3274/3267 284/3291/422
f 1105/3293/3286 1106/3297/3289 3363/3289/3282 3364/3290/3283
f 783/1962/1976 3355/3282/3275 3360/3287/3280 784/1956/1967
f 1103/3265/3288 1102/3263/3290 3342/3270/3263 3341/3267/3260
f 282/3298/439 3354/3280/3273 3349/3275/3268 283/3296/443
f 1106/3297/3289 1107/3299/3291 3362/3288/3281 3363/3289/3282
f 782/1960/1973 3350/3277/3270 3355/3282/3275 783/1962/1976
f 1102/3263/3290 1101/3261/3292 3343/3272/3265 3342/3270/3263
f 281/3300/435 3359/3285/3278 3354/3280/3273 282/3298/439
f 1107/3299/3291 1108/3301/3293 3361/3286/3279 3362/3288/3281
f 781/1958/1970 3345/3269/3262 3350/3277/3270 782/1960/1973
f 1101/3261/3292 1100/3257/3285 3344/3274/3267 3343/3272/3265
f 280/3294/429 3364/3290/3283 3359/3285/3278 281/3300/435
f 1108/3301/3293 1109/3295/3287 3360/3287/3280 3361/3286/3279
f 780/1953/1962 3340/3266/3259 3345/3269/3262 781/1958/1970
f 3365/3302/3294 3366/3303/3295 3371/3304/3296 3370/3305/3297
f 3366/3303/3295 3367/3306/3298 3372/3307/3299 3371/3304/3296
f 3367/3306/3298 3368/3308/3300 3373/3309/3301 3372/3307/3299
f 3368/3308/3300 3369/3310/3302 3374/3311/3303 3373/3309/3301
f 3370/3305/3297 3371/3304/3296 3376/3312/3304 3375/3313/3305
f 3371/3304/3296 3372/3307/3299 3377/3314/3306 3376/3312/3304
f 3372/3307/3299 3373/3309/3301 3378/3315/3307 3377/3314/3306
f 3373/3309/3301 3374/3311/3303 3379/3316/3308 3378/3315/3307
f 3375/3313/3305 3376/3312/3304 3381/3317/3309 3380/3318/3310
f 3376/3312/3304 3377/3314/3306 3382/3319/3311 3381/3317/3309
f 3377/3314/3306 3378/3315/3307 3383/3320/3312 3382/3319/3311
f 3378/3315/3307 3379/3316/3308 3384/3321/3313 3383/3320/3312
f 3380/3318/3310 3381/3317/3309 3386/3322/3314 3385/3323/3315
f 3381/3317/3309 3382/3319/3311 3387/3324/3316 3386/3322/3314
f 3382/3319/3311 3383/3320/3312 3388/3325/3317 3387/3324/3316
f 3383/3320/3312 3384/3321/3313 3389/3326/3318 3388/3325/3317
f 88/1954/2006 1109/3295/3319 3365/3302/3294 790/1989/2004
f 299/3327/471 3369/3310/3302 1105/3293/3320 12/3292/469
f 13/3328/480 1110/3329/3321 3389/3326/3318 295/3330/478
f 794/1992/2009 3385/3323/3315 1114/3331/3322 89/1990/2007
f 1109/3295/3319 1108/3301/3323 3366/3303/3295 3365/3302/3294
f 298/3332/492 3374/3311/3303 3369/3310/3302 299/3327/471
f 1110/3329/3321 1111/3333/3324 3388/3325/3317 3389/3326/3318
f 793/1998/2018 3380/3318/3310 3385/3323/3315 794/1992/2009
f 1108/3301/3323 1107/3299/3325 3367/3306/3298 3366/3303/3295
f 297/3334/488 3379/3316/3308 3374/3311/3303 298/3332/492
f 1111/3333/3324 1112/3335/3326 3387/3324/3316 3388/3325/3317
f 792/1996/2015 3375/3313/3305 3380/3318/3310 793/1998/2018
f 1107/3299/3325 1106/3297/3327 3368/3308/3300 3367/3306/3298
f 296/3336/484 3384/3321/3313 3379/3316/3308 297/3334/488
f 1112/3335/3326 1113/3337/3328 3386/3322/3314 3387/3324/3316
f 791/1994/2012 3370/3305/3297 3375/3313/3305 792/1996/2015
f 1106/3297/3327 1105/3293/3320 3369/3310/3302 3368/3308/3300
f 295/3330/478 3389/3326/3318 3384/3321/3313 296/3336/484
f 1113/3337/3328 1114/3331/3322 3385/3323/3315 3386/3322/3314
f 790/1989/2004 3365/3302/3294 3370/3305/3297 791/1994/2012
f 3390/3338/3329 3391/3339/3330 3396/3340/3331 3395/3341/3332
f 3391/3339/3330 3392/3342/3333 3397/3343/3334 3396/3340/3331
f 3392/3342/3333 3393/3344/3335 3398/3345/3336 3397/3343/3334
f 3393/3344/3335 3394/3346/3337 3399/3347/3338 3398/3345/3336
f 3395/3341/3332 3396/3340/3331 3401/3348/3339 3400/3349/3340
f 3396/3340/3331 3397/3343/3334 3402/3350/3341 3401/3348/3339
f 3397/3343/3334 3398/3345/3336 3403/3351/3342 3402/3350/3341
f 3398/3345/3336 3399/3347/3338 3404/3352/3343 3403/3351/3342
f 3400/3349/3340 3401/3348/3339 3406/3353/3344 3405/3354/3345
f 3401/3348/3339 3402/3350/3341 3407/3355/3346 3406/3353/3344
f 3402/3350/3341 3403/3351/3342 3408/3356/3347 3407/3355/3346
f 3403/3351/3342 3404/3352/3343 3409/3357/3348 3408/3356/3347
f 3405/3354/3345 3406/3353/3344 3411/3358/3349 3410/3359/3350
f 3406/3353/3344 3407/3355/3346 3412/3360/3351 3411/3358/3349
f 3407/3355/3346 3408/3356/3347 3413/3361/3352 3412/3360/3351
f 3408/3356/3347 3409/3357/3348 3414/3362/3353 3413/3361/3352
f 89/1990/2048 1114/3331/3354 3390/3338/3329 800/2025/2046
f 314/3363/520 3394/3346/3337 1110/3329/3355 13/3328/518
f 14/3364/529 1115/3365/3356 3414/3362/3353 310/3366/527
f 804/2028/2051 3410/3359/3350 1119/3367/3357 90/2026/2049
f 1114/3331/3354 1113/3337/3358 3391/3339/3330 3390/3338/3329
f 313/3368/541 3399/3347/3338 3394/3346/3337 314/3363/520
f 1115/3365/3356 1116/3369/3359 3413/3361/3352 3414/3362/3353
f 803/2034/2060 3405/3354/3345 3410/3359/3350 804/2028/2051
f 1113/3337/3358 1112/3335/3360 3392/3342/3333 3391/3339/3330
f 312/3370/537 3404/3352/3343 3399/3347/3338 313/3368/541
f 1116/3369/3359 1117/3371/3361 3412/3360/3351 3413/3361/3352
f 802/2032/2057 3400/3349/3340 3405/3354/3345 803/2034/2060
f 1112/3335/3360 1111/3333/3362 3393/3344/3335 3392/3342/3333
f 311/3372/533 3409/3357/3348 3404/3352/3343 312/3370/537
f 1117/3371/3361 1118/3373/3363 3411/3358/3349 3412/3360/3351
f 801/2030/2054 3395/3341/3332 3400/3349/3340 802/2032/2057
f 1111/3333/3362 1110/3329/3355 3394/3346/3337 3393/3344/3335
f 310/3366/527 3414/3362/3353 3409/3357/3348 311/3372/533
f 1118/3373/3363 1119/3367/3357 3410/3359/3350 3411/3358/3349
f 800/2025/2046 3390/3338/3329 3395/3341/3332 801/2030/2054
f 3415/3374/3364 3416/3375/3365 3421/3376/3366 3420/3377/3367
f 3416/3375/3365 3417/3378/3368 3422/3379/3369 3421/3376/3366
f 3417/3378/3368 3418/3380/3370 3423/3381/3371 3422/3379/3369
f 3418/3380/3370 3419/3382/3372 3424/3383/3373 3423/3381/3371
f 3420/3377/3367 3421/3376/3366 3426/3384/3374 3425/3385/3375
f 3421/3376/3366 3422/3379/3369 3427/3386/3376 3426/3384/3374
f 3422/3379/3369 3423/3381/3371 3428/3387/3377 3427/3386/3376
f 3423/3381/3371 3424/3383/3373 3429/3388/3378 3428/3387/3377
f 3425/3385/3375 3426/3384/3374 3431/3389/3379 3430/3390/3380
f 3426/3384/3374 3427/3386/3376 3432/3391/3381 3431/3389/3379
f 3427/3386/3376 3428/3387/3377 3433/3392/3382 3432/3391/3381
f 3428/3387/3377 3429/3388/3378 3434/3393/3383 3433/3392/3382
f 3430/3390/3380 3431/3389/3379 3436/3394/3384 3435/3395/3385
f 3431/3389/3379 3432/3391/3381 3437/3396/3386 3436/3394/3384
f 3432/3391/3381 3433/3392/3382 3438/3397/3387 3437/3396/3386
f 3433/3392/3382 3434/3393/3383 3439/3398/3388 3438/3397/3387
f 90/2026/2090 1119/3367/3389 3415/3374/3364 810/2061/2088
f 329/3399/569 3419/3382/3372 1115/3365/3390 14/3364/567
f 15/3400/578 1120/3401/3391 3439/3398/3388 325/3402/576
f 814/2064/2093 3435/3395/3385 1124/3403/3392 91/2062/2091
f 1119/3367/3389 1118/3373/3393 3416/3375/3365 3415/3374/3364
f 328/3404/590 3424/3383/3373 3419/3382/3372 329/3399/569
f 1120/3401/3391 1121/3405/3394 3438/3397/3387 3439/3398/3388
f 813/2070/2102 3430/3390/3380 3435/3395/3385 814/2064/2093
f 1118/3373/3393 1117/3371/3395 3417/3378/3368 3416/3375/3365
f 327/3406/586 3429/3388/3378 3424/3383/3373 328/3404/590
f 1121/3405/3394 1122/3407/3396 3437/3396/3386 3438/3397/3387
f 812/2068/2099 3425/3385/3375 3430/3390/3380 813/2070/2102
f 1117/3371/3395 1116/3369/3397 3418/3380/3370 3417/3378/3368
f 326/3408/582 3434/3393/3383 3429/3388/3378 327/3406/586
f 1122/3407/3396 1123/3409/3398 3436/3394/3384 3437/3396/3386
f 811/2066/2096 3420/3377/3367 3425/3385/3375 812/2068/2099
f 1116/3369/3397 1115/3365/3390 3419/3382/3372 3418/3380/3370
f 325/3402/576 3439/3398/3388 3434/3393/3383 326/3408/582
f 1123/3409/3398 1124/3403/3392 3435/3395/3385 3436/3394/3384
f 810/2061/2088 3415/3374/3364 3420/3377/3367 811/2066/2096
f 3440/3410/3399 3441/3411/3400 3446/3412/3401 3445/3413/3402
f 3441/3411/3400 3442/3414/3403 3447/3415/3404 3446/3412/3401
f 3442/3414/3403 3443/3416/3405 3448/3417/3406 3447/3415/3404
f 3443/3416/3405 3444/3418/3407 3449/3419/3408 3448/3417/3406
f 3445/3413/3402 3446/3412/3401 3451/3420/3409 3450/3421/3410
f 3446/3412/3401 3447/3415/3404 3452/3422/3411 3451/3420/3409
f 3447/3415/3404 3448/3417/3406 3453/3423/3412 3452/3422/3411
f 3448/3417/3406 3449/3419/3408 3454/3424/3413 3453/3423/3412
f 3450/3421/3410 3451/3420/3409 3456/3425/3414 3455/3426/3415
f 3451/3420/3409 3452/3422/3411 3457/3427/3416 3456/3425/3414
f 3452/3422/3411 3453/3423/3412 3458/3428/3417 3457/3427/3416
f 3453/3423/3412 3454/3424/3413 3459/3429/3418 3458/3428/3417
f 3455/3426/3415 3456/3425/3414 3461/3430/3419 3460/3431/3420
f 3456/3425/3414 3457/3427/3416 3462/3432/3421 3461/3430/3419
f 3457/3427/3416 3458/3428/3417 3463/3433/3422 3462/3432/3421
f 3458/3428/3417 3459/3429/3418 3464/3434/3423 3463/3433/3422
f 91/2062/2132 1124/3403/3424 3440/3410/3399 820/2097/2130
f 344/3435/618 3444/3418/3407 1120/3401/3425 15/3400/616
f 16/3436/616 1125/3437/3426 3464/3434/3423 340/3438/618
f 824/2100/2130 3460/3431/3420 1129/3439/3427 92/2098/2132
f 1124/3403/3424 1123/3409/3428 3441/3411/3400 3440/3410/3399
f 343/3440/627 3449/3419/3408 3444/3418/3407 344/3435/618
f 1125/3437/3426 1126/3441/3429 3463/3433/3422 3464/3434/3423
f 823/2106/2136 3455/3426/3415 3460/3431/3420 824/2100/2130
f 1123/3409/3428 1122/3407/3430 3442/3414/3403 3441/3411/3400
f 342/3442/631 3454/3424/3413 3449/3419/3408 343/3440/627
f 1126/3441/3429 1127/3443/3431 3462/3432/3421 3463/3433/3422
f 822/2104/2139 3450/3421/3410 3455/3426/3415 823/2106/2136
f 1122/3407/3430 1121/3405/3432 3443/3416/3405 3442/3414/3403
f 341/3444/627 3459/3429/3418 3454/3424/3413 342/3442/631
f 1127/3443/3431 1128/3445/3433 3461/3430/3419 3462/3432/3421
f 821/2102/2136 3445/3413/3402 3450/3421/3410 822/2104/2139
f 1121/3405/3432 1120/3401/3425 3444/3418/3407 3443/3416/3405
f 340/3438/618 3464/3434/3423 3459/3429/3418 341/3444/627
f 1128/3445/3433 1129/3439/3427 3460/3431/3420 3461/3430/3419
f 820/2097/2130 3440/3410/3399 3445/3413/3402 821/2102/2136
f 3465/3446/1 3466/3447/1 3471/3448/1 3470/3449/1
f 3466/3447/1 3467/3450/1 3472/3451/1 3471/3448/1
f 3467/3450/1 3468/3452/1 3473/3453/1 3472/3451/1
f 3468/3452/1 3469/3454/1 3474/3455/1 3473/3453/1
f 3470/3449/1 3471/3448/1 3476/3456/1 3475/3457/1
f 3471/3448/1 3472/3451/1 3477/3458/1 3476/3456/1
f 3472/3451/1 3473/3453/1 3478/3459/1 3477/3458/1
f 3473/3453/1 3474/3455/1 3479/3460/1 3478/3459/1
f 3475/3457/1 3476/3456/1 3481/3461/1 3480/3462/1
f 3476/3456/1 3477/3458/1 3482/3463/1 3481/3461/1
f 3477/3458/1 3478/3459/1 3483/3464/1 3482/3463/1
f 3478/3459/1 3479/3460/1 3484/3465/1 3483/3464/1
f 3480/3462/1 3481/3461/1 3486/3466/1 3485/3467/1
f 3481/3461/1 3482/3463/1 3487/3468/1 3486/3466/1
f 3482/3463/1 3483/3464/1 3488/3469/1 3487/3468/1
f 3483/3464/1 3484/3465/1 3489/3470/1 3488/3469/1
f 92/2098/1 1129/3439/1 3465/3446/1 830/2133/1
f 359/3471/1 3469/3454/1 1125/3437/1 16/3436/1
f 17/3472/1 1130/3473/1 3489/3470/1 355/3474/1
f 834/2136/1 3485/3467/1 1134/3475/1 93/2134/1
f 1129/3439/1 1128/3445/1 3466/3447/1 3465/3446/1
f 358/3476/1 3474/3455/1 3469/3454/1 359/3471/1
f 1130/3473/1 1131/3477/1 3488/3469/1 3489/3470/1
f 833/2142/1 3480/3462/1 3485/3467/1 834/2136/1
f 1128/3445/1 1127/3443/1 3467/3450/1 3466/3447/1
f 357/3478/1 3479/3460/1 3474/3455/1 358/3476/1
f 1131/3477/1 1132/3479/1 3487/3468/1 3488/3469/1
f 832/2140/1 3475/3457/1 3480/3462/1 833/2142/1
f 1127/3443/1 1126/3441/1 3468/3452/1 3467/3450/1
f 356/3480/1 3484/3465/1 3479/3460/1 357/3478/1
f 1132/3479/1 1133/3481/1 3486/3466/1 3487/3468/1
f 831/2138/1 3470/3449/1 3475/3457/1 832/2140/1
f 1126/3441/1 1125/3437/1 3469/3454/1 3468/3452/1
f 355/3474/1 3489/3470/1 3484/3465/1 356/3480/1
f 1133/3481/1 1134/3475/1 3485/3467/1 3486/3466/1
f 830/2133/1 3465/3446/1 3470/3449/1 831/2138/1
f 3490/3482/3434 3491/3483/3435 3496/3484/3436 3495/3485/3437
f 3491/3483/3435 3492/3486/3438 3497/3487/3439 3496/3484/3436
f 3492/3486/3438 3493/3488/3440 3498/3489/3441 3497/3487/3439
f 3493/3488/3440 3494/3490/3442 3499/3491/3443 3498/3489/3441
f 3495/3485/3437 3496/3484/3436 3501/3492/3444 3500/3493/3445
f 3496/3484/3436 3497/3487/3439 3502/3494/3446 3501/3492/3444
f 3497/3487/3439 3498/3489/3441 3503/3495/3447 3502/3494/3446
f 3498/3489/3441 3499/3491/3443 3504/3496/3448 3503/3495/3447
f 3500/3493/3445 3501/3492/3444 3506/3497/3449 3505/3498/3450
f 3501/3492/3444 3502/3494/3446 3507/3499/3451 3506/3497/3449
f 3502/3494/3446 3503/3495/3447 3508/3500/3452 3507/3499/3451
f 3503/3495/3447 3504/3496/3448 3509/3501/3453 3508/3500/3452
f 3505/3498/3450 3506/3497/3449 3511/3502/3454 3510/3503/3455
f 3506/3497/3449 3507/3499/3451 3512/3504/3456 3511/3502/3454
f 3507/3499/3451 3508/3500/3452 3513/3505/3457 3512/3504/3456
f 3508/3500/3452 3509/3501/3453 3514/3506/3458 3513/3505/3457
f 93/2134/2171 1134/3475/3459 3490/3482/3434 840/2169/2169
f 374/3507/661 3494/3490/3442 1130/3473/3460 17/3472/659
f 18/3508/670 1135/3509/3461 3514/3506/3458 370/3510/668
f 844/2172/2174 3510/3503/3455 1139/3511/3462 94/2170/2172
f 1134/3475/3459 1133/3481/3463 3491/3483/3435 3490/3482/3434
f 373/3512/682 3499/3491/3443 3494/3490/3442 374/3507/661
f 1135/3509/3461 1136/3513/3464 3513/3505/3457 3514/3506/3458
f 843/2178/2183 3505/3498/3450 3510/3503/3455 844/2172/2174
f 1133/3481/3463 1132/3479/3465 3492/3486/3438 3491/3483/3435
f 372/3514/678 3504/3496/3448 3499/3491/3443 373/3512/682
f 1136/3513/3464 1137/3515/3466 3512/3504/3456 3513/3505/3457
f 842/2176/2180 3500/3493/3445 3505/3498/3450 843/2178/2183
f 1132/3479/3465 1131/3477/3467 3493/3488/3440 3492/3486/3438
f 371/3516/674 3509/3501/3453 3504/3496/3448 372/3514/678
f 1137/3515/3466 1138/3517/3468 3511/3502/3454 3512/3504/3456
f 841/2174/2177 3495/3485/3437 3500/3493/3445 842/2176/2180
f 1131/3477/3467 1130/3473/3460 3494/3490/3442 3493/3488/3440
f 370/3510/668 3514/3506/3458 3509/3501/3453 371/3516/674
f 1138/3517/3468 1139/3511/3462 3510/3503/3455 3511/3502/3454
f 840/2169/2169 3490/3482/3434 3495/3485/3437 841/2174/2177
f 3515/3518/3469 3516/3519/3470 3521/3520/3471 3520/3521/3472
f 3516/3519/3470 3517/3522/3473 3522/3523/3474 3521/3520/3471
f 3517/3522/3473 3518/3524/3475 3523/3525/3476 3522/3523/3474
f 3518/3524/3475 3519/3526/3477 3524/3527/3478 3523/3525/3476
f 3520/3521/3472 3521/3520/3471 3526/3528/3479 3525/3529/3480
f 3521/3520/3471 3522/3523/3474 3527/3530/3481 3526/3528/3479
f 3522/3523/3474 3523/3525/3476 3528/3531/3482 3527/3530/3481
f 3523/3525/3476 3524/3527/3478 3529/3532/3483 3528/3531/3482
f 3525/3529/3480 3526/3528/3479 3531/3533/3484 3530/3534/3485
f 3526/3528/3479 3527/3530/3481 3532/3535/3486 3531/3533/3484
f 3527/3530/3481 3528/3531/3482 3533/3536/3487 3532/3535/3486
f 3528/3531/3482 3529/3532/3483 3534/3537/3488 3533/3536/3487
f 3530/3534/3485 3531/3533/3484 3536/3538/3489 3535/3539/3490
f 3531/3533/3484 3532/3535/3486 3537/3540/3491 3536/3538/3489
f 3532/3535/3486 3533/3536/3487 3538/3541/3492 3537/3540/3491
f 3533/3536/3487 3534/3537/3488 3539/3542/3493 3538/3541/3492
f 94/2170/2213 1139/3511/3494 3515/3518/3469 850/2205/2211
f 389/3543/710 3519/3526/3477 1135/3509/3495 18/3508/708
f 19/3544/719 1140/3545/3496 3539/3542/3493 385/3546/717
f 854/2208/2216 3535/3539/3490 1144/3547/3497 95/2206/2214
f 1139/3511/3494 1138/3517/3498 3516/3519/3470 3515/3518/3469
f 388/3548/731 3524/3527/3478 3519/3526/3477 389/3543/710
f 1140/3545/3496 1141/3549/3499 3538/3541/3492 3539/3542/3493
f 853/2214/2225 3530/3534/3485 3535/3539/3490 854/2208/2216
f 1138/3517/3498 1137/3515/3500 3517/3522/3473 3516/3519/3470
f 387/3550/727 3529/3532/3483 3524/3527/3478 388/3548/731
f 1141/3549/3499 1142/3551/3501 3537/3540/3491 3538/3541/3492
f 852/2212/2222 3525/3529/3480 3530/3534/3485 853/2214/2225
f 1137/3515/3500 1136/3513/3502 3518/3524/3475 3517/3522/3473
f 386/3552/723 3534/3537/3488 3529/3532/3483 387/3550/727
f 1142/3551/3501 1143/3553/3503 3536/3538/3489 3537/3540/3491
f 851/2210/2219 3520/3521/3472 3525/3529/3480 852/2212/2222
f 1136/3513/3502 1135/3509/3495 3519/3526/3477 3518/3524/3475
f 385/3546/717 3539/3542/3493 3534/3537/3488 386/3552/723
f 1143/3553/3503 1144/3547/3497 3535/3539/3490 3536/3538/3489
f 850/2205/2211 3515/3518/3469 3520/3521/3472 851/2210/2219
f 3540/3554/3504 3541/3555/3505 3546/3556/3506 3545/3557/3507
f 3541/3555/3505 3542/3558/3508 3547/3559/3509 3546/3556/3506
f 3542/3558/3508 3543/3560/3510 3548/3561/3511 3547/3559/3509
f 3543/3560/3510 3544/3562/3512 3549/3563/3513 3548/3561/3511
f 3545/3557/3507 3546/3556/3506 3551/3564/3514 3550/3565/3515
f 3546/3556/3506 3547/3559/3509 3552/3566/3516 3551/3564/3514
f 3547/3559/3509 3548/3561/3511 3553/3567/3517 3552/3566/3516
f 3548/3561/3511 3549/3563/3513 3554/3568/3518 3553/3567/3517
f 3550/3565/3515 3551/3564/3514 3556/3569/3519 3555/3570/3520
f 3551/3564/3514 3552/3566/3516 3557/3571/3521 3556/3569/3519
f 3552/3566/3516 3553/3567/3517 3558/3572/3522 3557/3571/3521
f 3553/3567/3517 3554/3568/3518 3559/3573/3523 3558/3572/3522
f 3555/3570/3520 3556/3569/3519 3561/3574/3524 3560/3575/3525
f 3556/3569/3519 3557/3571/3521 3562/3576/3526 3561/3574/3524
f 3557/3571/3521 3558/3572/3522 3563/3577/3527 3562/3576/3526
f 3558/3572/3522 3559/3573/3523 3564/3578/3528 3563/3577/3527
f 95/2206/2255 1144/3547/3529 3540/3554/3504 860/2241/2253
f 404/3579/759 3544/3562/3512 1140/3545/3530 19/3544/757
f 20/3580/768 1145/3581/3531 3564/3578/3528 400/3582/766
f 864/2244/2258 3560/3575/3525 1149/3583/3532 96/2242/2256
f 1144/3547/3529 1143/3553/3533 3541/3555/3505 3540/3554/3504
f 403/3584/780 3549/3563/3513 3544/3562/3512 404/3579/759
f 1145/3581/3531 1146/3585/3534 3563/3577/3527 3564/3578/3528
f 863/2250/2267 3555/3570/3520 3560/3575/3525 864/2244/2258
f 1143/3553/3533 1142/3551/3535 3542/3558/3508 3541/3555/3505
f 402/3586/776 3554/3568/3518 3549/3563/3513 403/3584/780
f 1146/3585/3534 1147/3587/3536 3562/3576/3526 3563/3577/3527
f 862/2248/2264 3550/3565/3515 3555/3570/3520 863/2250/2267
f 1142/3551/3535 1141/3549/3537 3543/3560/3510 3542/3558/3508
f 401/3588/772 3559/3573/3523 3554/3568/3518 402/3586/776
f 1147/3587/3536 1148/3589/3538 3561/3574/3524 3562/3576/3526
f 861/2246/2261 3545/3557/3507 3550/3565/3515 862/2248/2264
f 1141/3549/3537 1140/3545/3530 3544/3562/3512 3543/3560/3510
f 400/3582/766 3564/3578/3528 3559/3573/3523 401/3588/772
f 1148/3589/3538 1149/3583/3532 3560/3575/3525 3561/3574/3524
f 860/2241/2253 3540/3554/3504 3545/3557/3507 861/2246/2261
f 3565/3590/3539 3566/3591/3540 3571/3592/3541 3570/3593/3542
f 3566/3591/3540 3567/3594/3543 3572/3595/3544 3571/3592/3541
f 3567/3594/3543 3568/3596/3545 3573/3597/3546 3572/3595/3544
f 3568/3596/3545 3569/3598/3547 3574/3599/3548 3573/3597/3546
f 3570/3593/3542 3571/3592/3541 3576/3600/3549 3575/3601/3550
f 3571/3592/3541 3572/3595/3544 3577/3602/3551 3576/3600/3549
f 3572/3595/3544 3573/3597/3546 3578/3603/3552 3577/3602/3551
f 3573/3597/3546 3574/3599/3548 3579/3604/3553 3578/3603/3552
f 3575/3601/3550 3576/3600/3549 3581/3605/3554 3580/3606/3555
f 3576/3600/3549 3577/3602/3551 3582/3607/3556 3581/3605/3554
f 3577/3602/3551 3578/3603/3552 3583/3608/3557 3582/3607/3556
f 3578/3603/3552 3579/3604/3553 3584/3609/3558 3583/3608/3557
f 3580/3606/3555 3581/3605/3554 3586/3610/3559 3585/3611/3560
f 3581/3605/3554 3582/3607/3556 3587/3612/3561 3586/3610/3559
f 3582/3607/3556 3583/3608/3557 3588/3613/3562 3587/3612/3561
f 3583/3608/3557 3584/3609/3558 3589/3614/3563 3588/3613/3562
f 96/2242/2297 1149/3583/3564 3565/3590/3539 870/2277/2295
f 419/3615/808 3569/3598/3547 1145/3581/3565 20/3580/806
f 21/3616/806 1150/3617/3566 3589/3614/3563 415/3618/815
f 874/2280/2300 3585/3611/3560 1154/3619/3567 97/2278/2298
f 1149/3583/3564 1148/3589/3568 3566/3591/3540 3565/3590/3539
f 418/3620/828 3574/3599/3548 3569/3598/3547 419/3615/808
f 1150/3617/3566 1151/3621/3569 3588/3613/3562 3589/3614/3563
f 873/2286/2309 3580/3606/3555 3585/3611/3560 874/2280/2300
f 1148/3589/3568 1147/3587/3570 3567/3594/3543 3566/3591/3540
f 417/3622/824 3579/3604/3553 3574/3599/3548 418/3620/828
f 1151/3621/3569 1152/3623/3571 3587/3612/3561 3588/3613/3562
f 872/2284/2306 3575/3601/3550 3580/3606/3555 873/2286/2309
f 1147/3587/3570 1146/3585/3572 3568/3596/3545 3567/3594/3543
f 416/3624/820 3584/3609/3558 3579/3604/3553 417/3622/824
f 1152/3623/3571 1153/3625/3573 3586/3610/3559 3587/3612/3561
f 871/2282/2303 3570/3593/3542 3575/3601/3550 872/2284/2306
f 1146/3585/3572 1145/3581/3565 3569/3598/3547 3568/3596/3545
f 415/3618/815 3589/3614/3563 3584/3609/3558 416/3624/820
f 1153/3625/3573 1154/3619/3567 3585/3611/3560 3586/3610/3559
f 870/2277/2295 3565/3590/3539 3570/3593/3542 871/2282/2303
f 3590/3626/3574 3591/3627/3575 3596/3628/3576 3595/3629/3577
f 3591/3627/3575 3592/3630/3578 3597/3631/3579 3596/3628/3576
f 3592/3630/3578 3593/3632/3580 3598/3633/3581 3597/3631/3579
f 3593/3632/3580 3594/3634/3582 3599/3635/3583 3598/3633/3581
f 3595/3629/3577 3596/3628/3576 3601/3636/3584 3600/3637/3585
f 3596/3628/3576 3597/3631/3579 3602/3638/3586 3601/3636/3584
f 3597/3631/3579 3598/3633/3581 3603/3639/3587 3602/3638/3586
f 3598/3633/3581 3599/3635/3583 3604/3640/3588 3603/3639/3587
f 3600/3637/3585 3601/3636/3584 3606/3641/3589 3605/3642/3590
f 3601/3636/3584 3602/3638/3586 3607/3643/3591 3606/3641/3589
f 3602/3638/3586 3603/3639/3587 3608/3644/3592 3607/3643/3591
f 3603/3639/3587 3604/3640/3588 3609/3645/3593 3608/3644/3592
f 3605/3642/3590 3606/3641/3589 3611/3646/3594 3610/3647/3595
f 3606/3641/3589 3607/3643/3591 3612/3648/3596 3611/3646/3594
f 3607/3643/3591 3608/3644/3592 3613/3649/3597 3612/3648/3596
f 3608/3644/3592 3609/3645/3593 3614/3650/3598 3613/3649/3597
f 97/2278/2339 1154/3619/3599 3590/3626/3574 880/2313/2337
f 434/3651/856 3594/3634/3582 1150/3617/3600 21/3616/854
f 22/3652/865 1155/3653/3601 3614/3650/3598 430/3654/863
f 884/2316/2342 3610/3647/3595 1159/3655/3602 98/2314/2340
f 1154/3619/3599 1153/3625/3603 3591/3627/3575 3590/3626/3574
f 433/3656/877 3599/3635/3583 3594/3634/3582 434/3651/856
f 1155/3653/3601 1156/3657/3604 3613/3649/3597 3614/3650/3598
f 883/2322/2351 3605/3642/3590 3610/3647/3595 884/2316/2342
f 1153/3625/3603 1152/3623/3605 3592/3630/3578 3591/3627/3575
f 432/3658/873 3604/3640/3588 3599/3635/3583 433/3656/877
f 1156/3657/3604 1157/3659/3606 3612/3648/3596 3613/3649/3597
f 882/2320/2348 3600/3637/3585 3605/3642/3590 883/2322/2351
f 1152/3623/3605 1151/3621/3607 3593/3632/3580 3592/3630/3578
f 431/3660/869 3609/3645/3593 3604/3640/3588 432/3658/873
f 1157/3659/3606 1158/3661/3608 3611/3646/3594 3612/3648/3596
f 881/2318/2345 3595/3629/3577 3600/3637/3585 882/2320/2348
f 1151/3621/3607 1150/3617/3600 3594/3634/3582 3593/3632/3580
f 430/3654/863 3614/3650/3598 3609/3645/3593 431/3660/869
f 1158/3661/3608 1159/3655/3602 3610/3647/3595 3611/3646/3594
f 880/2313/2337 3590/3626/3574 3595/3629/3577 881/2318/2345
f 3615/3662/3609 3616/3663/3610 3621/3664/3611 3620/3665/3612
f 3616/3663/3610 3617/3666/3613 3622/3667/3614 3621/3664/3611
f 3617/3666/3613 3618/3668/3615 3623/3669/3616 3622/3667/3614
f 3618/3668/3615 3619/3670/3617 3624/3671/3618 3623/3669/3616
f 3620/3665/3612 3621/3664/3611 3626/3672/3619 3625/3673/3620
f 3621/3664/3611 3622/3667/3614 3627/3674/3621 3626/3672/3619
f 3622/3667/3614 3623/3669/3616 3628/3675/3622 3627/3674/3621
f 3623/3669/3616 3624/3671/3618 3629/3676/3623 3628/3675/3622
f 3625/3673/3620 3626/3672/3619 3631/3677/3624 3630/3678/3625
f 3626/3672/3619 3627/3674/3621 3632/3679/3614 3631/3677/3624
f 3627/3674/3621 3628/3675/3622 3633/3680/3626 3632/3679/3614
f 3628/3675/3622 3629/3676/3623 3634/3681/3627 3633/3680/3626
f 3630/3678/3625 3631/3677/3624 3636/3682/3628 3635/3683/3629
f 3631/3677/3624 3632/3679/3614 3637/3684/3630 3636/3682/3628
f 3632/3679/3614 3633/3680/3626 3638/3685/3631 3637/3684/3630
f 3633/3680/3626 3634/3681/3627 3639/3686/3632 3638/3685/3631
f 98/2314/2379 1159/3655/3633 3615/3662/3609 890/2349/2377
f 449/3687/904 3619/3670/3617 1155/3653/3634 22/3652/902
f 23/3688/902 1160/3689/3635 3639/3686/3632 445/3690/904
f 894/2352/2377 3635/3683/3629 1164/3691/3636 99/2350/2379
f 1159/3655/3633 1158/3661/3637 3616/3663/3610 3615/3662/3609
f 448/3692/913 3624/3671/3618 3619/3670/3617 449/3687/904
f 1160/3689/3635 1161/3693/3638 3638/3685/3631 3639/3686/3632
f 893/2358/2383 3630/3678/3625 3635/3683/3629 894/2352/2377
f 1158/3661/3637 1157/3659/3639 3617/3666/3613 3616/3663/3610
f 447/3694/916 3629/3676/3623 3624/3671/3618 448/3692/913
f 1161/3693/3638 1162/3695/3639 3637/3684/3630 3638/3685/3631
f 892/2356/2386 3625/3673/3620 3630/3678/3625 893/2358/2383
f 1157/3659/3639 1156/3657/3640 3618/3668/3615 3617/3666/3613
f 446/3696/913 3634/3681/3627 3629/3676/3623 447/3694/916
f 1162/3695/3639 1163/3697/3641 3636/3682/3628 3637/3684/3630
f 891/2354/2383 3620/3665/3612 3625/3673/3620 892/2356/2386
f 1156/3657/3640 1155/3653/3634 3619/3670/3617 3618/3668/3615
f 445/3690/904 3639/3686/3632 3634/3681/3627 446/3696/913
f 1163/3697/3641 1164/3691/3636 3635/3683/3629 3636/3682/3628
f 890/2349/2377 3615/3662/3609 3620/3665/3612 891/2354/2383
f 3640/3698/3642 3641/3699/3643 3646/3700/3644 3645/3701/3645
f 3641/3699/3643 3642/3702/3646 3647/3703/3647 3646/3700/3644
f 3642/3702/3646 3643/3704/3648 3648/3705/3649 3647/3703/3647
f 3643/3704/3648 3644/3706/3650 3649/3707/3651 3648/3705/3649
f 3645/3701/3645 3646/3700/3644 3651/3708/3652 3650/3709/3653
f 3646/3700/3644 3647/3703/3647 3652/3710/3654 3651/3708/3652
f 3647/3703/3647 3648/3705/3649 3653/3711/3655 3652/3710/3654
f 3648/3705/3649 3649/3707/3651 3654/3712/3656 3653/3711/3655
f 3650/3709/3653 3651/3708/3652 3656/3713/3657 3655/3714/3658
f 3651/3708/3652 3652/3710/3654 3657/3715/3659 3656/3713/3657
f 3652/3710/3654 3653/3711/3655 3658/3716/3660 3657/3715/3659
f 3653/3711/3655 3654/3712/3656 3659/3717/3661 3658/3716/3660
f 3655/3714/3658 3656/3713/3657 3661/3718/3662 3660/3719/3663
f 3656/3713/3657 3657/3715/3659 3662/3720/3664 3661/3718/3662
f 3657/3715/3659 3658/3716/3660 3663/3721/3665 3662/3720/3664
f 3658/3716/3660 3659/3717/3661 3664/3722/3666 3663/3721/3665
f 99/2350/2417 1164/3691/3667 3640/3698/3642 900/2385/2415
f 464/3723/946 3644/3706/3650 1160/3689/3668 23/3688/944
f 24/3724/955 1165/3725/3669 3664/3722/3666 460/3726/953
f 904/2388/2420 3660/3719/3663 1169/3727/3670 100/2386/2418
f 1164/3691/3667 1163/3697/3671 3641/3699/3643 3640/3698/3642
f 463/3728/967 3649/3707/3651 3644/3706/3650 464/3723/946
f 1165/3725/3669 1166/3729/3672 3663/3721/3665 3664/3722/3666
f 903/2394/2429 3655/3714/3658 3660/3719/3663 904/2388/2420
f 1163/3697/3671 1162/3695/3673 3642/3702/3646 3641/3699/3643
f 462/3730/963 3654/3712/3656 3649/3707/3651 463/3728/967
f 1166/3729/3672 1167/3731/3674 3662/3720/3664 3663/3721/3665
f 902/2392/2426 3650/3709/3653 3655/3714/3658 903/2394/2429
f 1162/3695/3673 1161/3693/3675 3643/3704/3648 3642/3702/3646
f 461/3732/959 3659/3717/3661 3654/3712/3656 462/3730/963
f 1167/3731/3674 1168/3733/3676 3661/3718/3662 3662/3720/3664
f 901/2390/2423 3645/3701/3645 3650/3709/3653 902/2392/2426
f 1161/3693/3675 1160/3689/3668 3644/3706/3650 3643/3704/3648
f 460/3726/953 3664/3722/3666 3659/3717/3661 461/3732/959
f 1168/3733/3676 1169/3727/3670 3660/3719/3663 3661/3718/3662
f 900/2385/2415 3640/3698/3642 3645/3701/3645 901/2390/2423
f 3665/3734/2976 3666/3735/2977 3671/3736/2977 3670/3737/2976
f 3666/3735/2977 3667/3738/2978 3672/3739/2978 3671/3736/2977
f 3667/3738/2978 3668/3740/2979 3673/3741/2979 3672/3739/2978
f 3668/3740/2979 3669/3742/2980 3674/3743/2980 3673/3741/2979
f 3670/3737/2976 3671/3736/2977 3676/3744/2977 3675/3745/2976
f 3671/3736/2977 3672/3739/2978 3677/3746/2978 3676/3744/2977
f 3672/3739/2978 3673/3741/2979 3678/3747/2979 3677/3746/2978
f 3673/3741/2979 3674/3743/2980 3679/3748/2980 3678/3747/2979
f 3675/3745/2976 3676/3744/2977 3681/3749/2977 3680/3750/2976
f 3676/3744/2977 3677/3746/2978 3682/3751/2978 3681/3749/2977
f 3677/3746/2978 3678/3747/2979 3683/3752/2979 3682/3751/2978
f 3678/3747/2979 3679/3748/2980 3684/3753/2980 3683/3752/2979
f 3680/3750/2976 3681/3749/2977 3686/3754/2977 3685/3755/2976
f 3681/3749/2977 3682/3751/2978 3687/3756/2978 3686/3754/2977
f 3682/3751/2978 3683/3752/2979 3688/3757/2979 3687/3756/2978
f 3683/3752/2979 3684/3753/2980 3689/3758/2980 3688/3757/2979
f 100/2386/1601 1169/3727/2976 3665/3734/2976 910/2421/1601
f 479/3759/7 3669/3742/2980 1165/3725/2980 24/3724/7
f 25/3760/7 1170/3761/2980 3689/3758/2980 475/3762/7
f 914/2424/1601 3685/3755/2976 1174/3763/2976 101/2422/1601
f 1169/3727/2976 1168/3733/2977 3666/3735/2977 3665/3734/2976
f 478/3764/7 3674/3743/2980 3669/3742/2980 479/3759/7
f 1170/3761/2980 1171/3765/2979 3688/3757/2979 3689/3758/2980
f 913/2430/1601 3680/3750/2976 3685/3755/2976 914/2424/1601
f 1168/3733/2977 1167/3731/2978 3667/3738/2978 3666/3735/2977
f 477/3766/7 3679/3748/2980 3674/3743/2980 478/3764/7
f 1171/3765/2979 1172/3767/2978 3687/3756/2978 3688/3757/2979
f 912/2428/1601 3675/3745/2976 3680/3750/2976 913/2430/1601
f 1167/3731/2978 1166/3729/2979 3668/3740/2979 3667/3738/2978
f 476/3768/7 3684/3753/2980 3679/3748/2980 477/3766/7
f 1172/3767/2978 1173/3769/2977 3686/3754/2977 3687/3756/2978
f 911/2426/1601 3670/3737/2976 3675/3745/2976 912/2428/1601
f 1166/3729/2979 1165/3725/2980 3669/3742/2980 3668/3740/2979
f 475/3762/7 3689/3758/2980 3684/3753/2980 476/3768/7
f 1173/3769/2977 1174/3763/2976 3685/3755/2976 3686/3754/2977
f 910/2421/1601 3665/3734/2976 3670/3737/2976 911/2426/1601
f 3690/3770/3677 3691/3771/3678 3696/3772/3679 3695/3773/3680
f 3691/3771/3678 3692/3774/3681 3697/3775/3682 3696/3772/3679
f 3692/3774/3681 3693/3776/3683 3698/3777/3684 3697/3775/3682
f 3693/3776/3683 3694/3778/3685 3699/3779/3686 3698/3777/3684
f 3695/3773/3680 3696/3772/3679 3701/3780/3687 3700/3781/3688
f 3696/3772/3679 3697/3775/3682 3702/3782/3689 3701/3780/3687
f 3697/3775/3682 3698/3777/3684 3703/3783/3690 3702/3782/3689
f 3698/3777/3684 3699/3779/3686 3704/3784/3691 3703/3783/3690
f 3700/3781/3688 3701/3780/3687 3706/3785/3692 3705/3786/3693
f 3701/3780/3687 3702/3782/3689 3707/3787/3694 3706/3785/3692
f 3702/3782/3689 3703/3783/3690 3708/3788/3695 3707/3787/3694
f 3703/3783/3690 3704/3784/3691 3709/3789/3696 3708/3788/3695
f 3705/3786/3693 3706/3785/3692 3711/3790/3697 3710/3791/3698
f 3706/3785/3692 3707/3787/3694 3712/3792/3699 3711/3790/3697
f 3707/3787/3694 3708/3788/3695 3713/3793/3700 3712/3792/3699
f 3708/3788/3695 3709/3789/3696 3714/3794/3701 3713/3793/3700
f 101/2422/2463 1174/3763/3702 3690/3770/3677 920/2457/2461
f 494/3795/995 3694/3778/3685 1170/3761/3703 25/3760/993
f 26/3796/1004 1175/3797/3704 3714/3794/3701 490/3798/1002
f 924/2460/2466 3710/3791/3698 1179/3799/3705 102/2458/2464
f 1174/3763/3702 1173/3769/3706 3691/3771/3678 3690/3770/3677
f 493/3800/1016 3699/3779/3686 3694/3778/3685 494/3795/995
f 1175/3797/3704 1176/3801/3707 3713/3793/3700 3714/3794/3701
f 923/2466/2475 3705/3786/3693 3710/3791/3698 924/2460/2466
f 1173/3769/3706 1172/3767/3708 3692/3774/3681 3691/3771/3678
f 492/3802/1012 3704/3784/3691 3699/3779/3686 493/3800/1016
f 1176/3801/3707 1177/3803/3709 3712/3792/3699 3713/3793/3700
f 922/2464/2472 3700/3781/3688 3705/3786/3693 923/2466/2475
f 1172/3767/3708 1171/3765/3710 3693/3776/3683 3692/3774/3681
f 491/3804/1008 3709/3789/3696 3704/3784/3691 492/3802/1012
f 1177/3803/3709 1178/3805/3711 3711/3790/3697 3712/3792/3699
f 921/2462/2469 3695/3773/3680 3700/3781/3688 922/2464/2472
f 1171/3765/3710 1170/3761/3703 3694/3778/3685 3693/3776/3683
f 490/3798/1002 3714/3794/3701 3709/3789/3696 491/3804/1008
f 1178/3805/3711 1179/3799/3705 3710/3791/3698 3711/3790/3697
f 920/2457/2461 3690/3770/3677 3695/3773/3680 921/2462/2469
f 3715/3806/3712 3716/3807/3713 3721/3808/3714 3720/3809/3715
f 3716/3807/3713 3717/3810/3716 3722/3811/3717 3721/3808/3714
f 3717/3810/3716 3718/3812/3718 3723/3813/3719 3722/3811/3717
f 3718/3812/3718 3719/3814/3720 3724/3815/3721 3723/3813/3719
f 3720/3809/3715 3721/3808/3714 3726/3816/3722 3725/3817/3723
f 3721/3808/3714 3722/3811/3717 3727/3818/3724 3726/3816/3722
f 3722/3811/3717 3723/3813/3719 3728/3819/3725 3727/3818/3724
f 3723/3813/3719 3724/3815/3721 3729/3820/3726 3728/3819/3725
f 3725/3817/3723 3726/3816/3722 3731/3821/3727 3730/3822/3728
f 3726/3816/3722 3727/3818/3724 3732/3823/3717 3731/3821/3727
f 3727/3818/3724 3728/3819/3725 3733/3824/3729 3732/3823/3717
f 3728/3819/3725 3729/3820/3726 3734/3825/3730 3733/3824/3729
f 3730/3822/3728 3731/3821/3727 3736/3826/3731 3735/3827/3732
f 3731/3821/3727 3732/3823/3717 3737/3828/3716 3736/3826/3731
f 3732/3823/3717 3733/3824/3729 3738/3829/3733 3737/3828/3716
f 3733/3824/3729 3734/3825/3730 3739/3830/3734 3738/3829/3733
f 102/2458/2503 1179/3799/3735 3715/3806/3712 930/2493/2501
f 509/3831/1042 3719/3814/3720 1175/3797/3736 26/3796/1040
f 27/3832/1040 1180/3833/3737 3739/3830/3734 505/3834/1042
f 934/2496/2501 3735/3827/3732 1184/3835/3738 103/2494/2504
f 1179/3799/3735 1178/3805/3739 3716/3807/3713 3715/3806/3712
f 508/3836/1051 3724/3815/3721 3719/3814/3720 509/3831/1042
f 1180/3833/3737 1181/3837/3740 3738/3829/3733 3739/3830/3734
f 933/2502/2508 3730/3822/3728 3735/3827/3732 934/2496/2501
f 1178/3805/3739 1177/3803/3741 3717/3810/3716 3716/3807/3713
f 507/3838/1054 3729/3820/3726 3724/3815/3721 508/3836/1051
f 1181/3837/3740 1182/3839/3741 3737/3828/3716 3738/3829/3733
f 932/2500/2511 3725/3817/3723 3730/3822/3728 933/2502/2508
f 1177/3803/3741 1176/3801/3742 3718/3812/3718 3717/3810/3716
f 506/3840/1051 3734/3825/3730 3729/3820/3726 507/3838/1054
f 1182/3839/3741 1183/3841/3743 3736/3826/3731 3737/3828/3716
f 931/2498/2508 3720/3809/3715 3725/3817/3723 932/2500/2511
f 1176/3801/3742 1175/3797/3736 3719/3814/3720 3718/3812/3718
f 505/3834/1042 3739/3830/3734 3734/3825/3730 506/3840/1051
f 1183/3841/3743 1184/3835/3738 3735/3827/3732 3736/3826/3731
f 930/2493/2501 3715/3806/3712 3720/3809/3715 931/2498/2508
f 3740/3842/3744 3741/3843/3745 3746/3844/3746 3745/3845/3747
f 3741/3843/3745 3742/3846/3748 3747/3847/3749 3746/3844/3746
f 3742/3846/3748 3743/3848/3750 3748/3849/3751 3747/3847/3749
f 3743/3848/3750 3744/3850/3752 3749/3851/3753 3748/3849/3751
f 3745/3845/3747 3746/3844/3746 3751/3852/3754 3750/3853/3755
f 3746/3844/3746 3747/3847/3749 3752/3854/3756 3751/3852/3754
f 3747/3847/3749 3748/3849/3751 3753/3855/3757 3752/3854/3756
f 3748/3849/3751 3749/3851/3753 3754/3856/3758 3753/3855/3757
f 3750/3853/3755 3751/3852/3754 3756/3857/3759 3755/3858/3760
f 3751/3852/3754 3752/3854/3756 3757/3859/3761 3756/3857/3759
f 3752/3854/3756 3753/3855/3757 3758/3860/3762 3757/3859/3761
f 3753/3855/3757 3754/3856/3758 3759/3861/3763 3758/3860/3762
f 3755/3858/3760 3756/3857/3759 3761/3862/3764 3760/3863/3765
f 3756/3857/3759 3757/3859/3761 3762/3864/3766 3761/3862/3764
f 3757/3859/3761 3758/3860/3762 3763/3865/3767 3762/3864/3766
f 3758/3860/3762 3759/3861/3763 3764/3866/3768 3763/3865/3767
f 103/2494/2542 1184/3835/3769 3740/3842/3744 940/2529/2540
f 524/3867/1084 3744/3850/3752 1180/3833/3770 27/3832/1082
f 28/3868/1093 1185/3869/3771 3764/3866/3768 520/3870/1091
f 944/2532/2545 3760/3863/3765 1189/3871/3772 104/2530/2543
f 1184/3835/3769 1183/3841/3773 3741/3843/3745 3740/3842/3744
f 523/3872/1105 3749/3851/3753 3744/3850/3752 524/3867/1084
f 1185/3869/3771 1186/3873/3774 3763/3865/3767 3764/3866/3768
f 943/2538/2554 3755/3858/3760 3760/3863/3765 944/2532/2545
f 1183/3841/3773 1182/3839/3775 3742/3846/3748 3741/3843/3745
f 522/3874/1101 3754/3856/3758 3749/3851/3753 523/3872/1105
f 1186/3873/3774 1187/3875/3776 3762/3864/3766 3763/3865/3767
f 942/2536/2551 3750/3853/3755 3755/3858/3760 943/2538/2554
f 1182/3839/3775 1181/3837/3777 3743/3848/3750 3742/3846/3748
f 521/3876/1097 3759/3861/3763 3754/3856/3758 522/3874/1101
f 1187/3875/3776 1188/3877/3778 3761/3862/3764 3762/3864/3766
f 941/2534/2548 3745/3845/3747 3750/3853/3755 942/2536/2551
f 1181/3837/3777 1180/3833/3770 3744/3850/3752 3743/3848/3750
f 520/3870/1091 3764/3866/3768 3759/3861/3763 521/3876/1097
f 1188/3877/3778 1189/3871/3772 3760/3863/3765 3761/3862/3764
f 940/2529/2540 3740/3842/3744 3745/3845/3747 941/2534/2548
f 3765/3878/3779 3766/3879/3780 3771/3880/3781 3770/3881/3782
f 3766/3879/3780 3767/3882/3783 3772/3883/3784 3771/3880/3781
f 3767/3882/3783 3768/3884/3785 3773/3885/3786 3772/3883/3784
f 3768/3884/3785 3769/3886/3787 3774/3887/3788 3773/3885/3786
f 3770/3881/3782 3771/3880/3781 3776/3888/3789 3775/3889/3790
f 3771/3880/3781 3772/3883/3784 3777/3890/3791 3776/3888/3789
f 3772/3883/3784 3773/3885/3786 3778/3891/3792 3777/3890/3791
f 3773/3885/3786 3774/3887/3788 3779/3892/3793 3778/3891/3792
f 3775/3889/3790 3776/3888/3789 3781/3893/3794 3780/3894/3795
f 3776/3888/3789 3777/3890/3791 3782/3895/3796 3781/3893/3794
f 3777/3890/3791 3778/3891/3792 3783/3896/3797 3782/3895/3796
f 3778/3891/3792 3779/3892/3793 3784/3897/3798 3783/3896/3797
f 3780/3894/3795 3781/3893/3794 3786/3898/3799 3785/3899/3800
f 3781/3893/3794 3782/3895/3796 3787/3900/3801 3786/3898/3799
f 3782/3895/3796 3783/3896/3797 3788/3901/3802 3787/3900/3801
f 3783/3896/3797 3784/3897/3798 3789/3902/3803 3788/3901/3802
f 104/2530/2584 1189/3871/3804 3765/3878/3779 950/2565/2582
f 539/3903/1133 3769/3886/3787 1185/3869/3805 28/3868/1131
f 29/3904/1142 1190/3905/3806 3789/3902/3803 535/3906/1140
f 954/2568/2587 3785/3899/3800 1194/3907/3807 105/2566/2585
f 1189/3871/3804 1188/3877/3808 3766/3879/3780 3765/3878/3779
f 538/3908/1154 3774/3887/3788 3769/3886/3787 539/3903/1133
f 1190/3905/3806 1191/3909/3809 3788/3901/3802 3789/3902/3803
f 953/2574/2596 3780/3894/3795 3785/3899/3800 954/2568/2587
f 1188/3877/3808 1187/3875/3810 3767/3882/3783 3766/3879/3780
f 537/3910/1150 3779/3892/3793 3774/3887/3788 538/3908/1154
f 1191/3909/3809 1192/3911/3811 3787/3900/3801 3788/3901/3802
f 952/2572/2593 3775/3889/3790 3780/3894/3795 953/2574/2596
f 1187/3875/3810 1186/3873/3812 3768/3884/3785 3767/3882/3783
f 536/3912/1146 3784/3897/3798 3779/3892/3793 537/3910/1150
f 1192/3911/3811 1193/3913/3813 3786/3898/3799 3787/3900/3801
f 951/2570/2590 3770/3881/3782 3775/3889/3790 952/2572/2593
f 1186/3873/3812 1185/3869/3805 3769/3886/3787 3768/3884/3785
f 535/3906/1140 3789/3902/3803 3784/3897/3798 536/3912/1146
f 1193/3913/3813 1194/3907/3807 3785/3899/3800 3786/3898/3799
f 950/2565/2582 3765/3878/3779 3770/3881/3782 951/2570/2590
f 3790/3914/3814 3791/3915/3815 3796/3916/3816 3795/3917/3817
f 3791/3915/3815 3792/3918/3818 3797/3919/3819 3796/3916/3816
f 3792/3918/3818 3793/3920/3820 3798/3921/3821 3797/3919/3819
f 3793/3920/3820 3794/3922/3822 3799/3923/3823 3798/3921/3821
f 3795/3917/3817 3796/3916/3816 3801/3924/3824 3800/3925/3825
f 3796/3916/3816 3797/3919/3819 3802/3926/3826 3801/3924/3824
f 3797/3919/3819 3798/3921/3821 3803/3927/3827 3802/3926/3826
f 3798/3921/3821 3799/3923/3823 3804/3928/3828 3803/3927/3827
f 3800/3925/3825 3801/3924/3824 3806/3929/3829 3805/3930/3830
f 3801/3924/3824 3802/3926/3826 3807/3931/3831 3806/3929/3829
f 3802/3926/3826 3803/3927/3827 3808/3932/3832 3807/3931/3831
f 3803/3927/3827 3804/3928/3828 3809/3933/3833 3808/3932/3832
f 3805/3930/3830 3806/3929/3829 3811/3934/3834 3810/3935/3835
f 3806/3929/3829 3807/3931/3831 3812/3936/3836 3811/3934/3834
f 3807/3931/3831 3808/3932/3832 3813/3937/3837 3812/3936/3836
f 3808/3932/3832 3809/3933/3833 3814/3938/3838 3813/3937/3837
f 105/2566/2626 1194/3907/3839 3790/3914/3814 960/2601/2624
f 554/3939/1182 3794/3922/3822 1190/3905/3840 29/3904/1180
f 30/3940/1191 1195/3941/3841 3814/3938/3838 550/3942/1189
f 964/2604/2629 3810/3935/3835 1199/3943/3842 106/2602/2627
f 1194/3907/3839 1193/3913/3843 3791/3915/3815 3790/3914/3814
f 553/3944/1203 3799/3923/3823 3794/3922/3822 554/3939/1182
f 1195/3941/3841 1196/3945/3844 3813/3937/3837 3814/3938/3838
f 963/2610/2638 3805/3930/3830 3810/3935/3835 964/2604/2629
f 1193/3913/3843 1192/3911/3845 3792/3918/3818 3791/3915/3815
f 552/3946/1199 3804/3928/3828 3799/3923/3823 553/3944/1203
f 1196/3945/3844 1197/3947/3846 3812/3936/3836 3813/3937/3837
f 962/2608/2635 3800/3925/3825 3805/3930/3830 963/2610/2638
f 1192/3911/3845 1191/3909/3847 3793/3920/3820 3792/3918/3818
f 551/3948/1195 3809/3933/3833 3804/3928/3828 552/3946/1199
f 1197/3947/3846 1198/3949/3848 3811/3934/3834 3812/3936/3836
f 961/2606/2632 3795/3917/3817 3800/3925/3825 962/2608/2635
f 1191/3909/3847 1190/3905/3840 3794/3922/3822 3793/3920/3820
f 550/3942/1189 3814/3938/3838 3809/3933/3833 551/3948/1195
f 1198/3949/3848 1199/3943/3842 3810/3935/3835 3811/3934/3834
f 960/2601/2624 3790/3914/3814 3795/3917/3817 961/2606/2632
f 3815/3950/3849 3816/3951/3850 3821/3952/3851 3820/3953/3852
f 3816/3951/3850 3817/3954/3853 3822/3955/3854 3821/3952/3851
f 3817/3954/3853 3818/3956/3855 3823/3957/3856 3822/3955/3854
f 3818/3956/3855 3819/3958/3857 3824/3959/3858 3823/3957/3856
f 3820/3953/3852 3821/3952/3851 3826/3960/3859 3825/3961/3860
f 3821/3952/3851 3822/3955/3854 3827/3962/3861 3826/3960/3859
f 3822/3955/3854 3823/3957/3856 3828/3963/3862 3827/3962/3861
f 3823/3957/3856 3824/3959/3858 3829/3964/3863 3828/3963/3862
f 3825/3961/3860 3826/3960/3859 3831/3965/3864 3830/3966/3865
f 3826/3960/3859 3827/3962/3861 3832/3967/3866 3831/3965/3864
f 3827/3962/3861 3828/3963/3862 3833/3968/3867 3832/3967/3866
f 3828/3963/3862 3829/3964/3863 3834/3969/3868 3833/3968/3867
f 3830/3966/3865 3831/3965/3864 3836/3970/3869 3835/3971/3870
f 3831/3965/3864 3832/3967/3866 3837/3972/3871 3836/3970/3869
f 3832/3967/3866 3833/3968/3867 3838/3973/3872 3837/3972/3871
f 3833/3968/3867 3834/3969/3868 3839/3974/3873 3838/3973/3872
f 106/2602/2668 1199/3943/3874 3815/3950/3849 970/2637/2666
f 569/3975/1231 3819/3958/3857 1195/3941/3875 30/3940/1229
f 31/3976/1240 1200/3977/3876 3839/3974/3873 565/3978/1238
f 974/2640/2671 3835/3971/3870 1204/3979/3877 107/2638/2669
f 1199/3943/3874 1198/3949/3878 3816/3951/3850 3815/3950/3849
f 568/3980/1252 3824/3959/3858 3819/3958/3857 569/3975/1231
f 1200/3977/3876 1201/3981/3879 3838/3973/3872 3839/3974/3873
f 973/2646/2680 3830/3966/3865 3835/3971/3870 974/2640/2671
f 1198/3949/3878 1197/3947/3880 3817/3954/3853 3816/3951/3850
f 567/3982/1248 3829/3964/3863 3824/3959/3858 568/3980/1252
f 1201/3981/3879 1202/3983/3881 3837/3972/3871 3838/3973/3872
f 972/2644/2677 3825/3961/3860 3830/3966/3865 973/2646/2680
f 1197/3947/3880 1196/3945/3882 3818/3956/3855 3817/3954/3853
f 566/3984/1244 3834/3969/3868 3829/3964/3863 567/3982/1248
f 1202/3983/3881 1203/3985/3883 3836/3970/3869 3837/3972/3871
f 971/2642/2674 3820/3953/3852 3825/3961/3860 972/2644/2677
f 1196/3945/3882 1195/3941/3875 3819/3958/3857 3818/3956/3855
f 565/3978/1238 3839/3974/3873 3834/3969/3868 566/3984/1244
f 1203/3985/3883 1204/3979/3877 3835/3971/3870 3836/3970/3869
f 970/2637/2666 3815/3950/3849 3820/3953/3852 971/2642/2674
f 3840/3986/3884 3841/3987/3885 3846/3988/3886 3845/3989/3887
f 3841/3987/3885 3842/3990/3888 3847/3991/3889 3846/3988/3886
f 3842/3990/3888 3843/3992/3890 3848/3993/3891 3847/3991/3889
f 3843/3992/3890 3844/3994/3892 3849/3995/3893 3848/3993/3891
f 3845/3989/3887 3846/3988/3886 3851/3996/3894 3850/3997/3895
f 3846/3988/3886 3847/3991/3889 3852/3998/3896 3851/3996/3894
f 3847/3991/3889 3848/3993/3891 3853/3999/3897 3852/3998/3896
f 3848/3993/3891 3849/3995/3893 3854/4000/3898 3853/3999/3897
f 3850/3997/3895 3851/3996/3894 3856/4001/3899 3855/4002/3900
f 3851/3996/3894 3852/3998/3896 3857/4003/3901 3856/4001/3899
f 3852/3998/3896 3853/3999/3897 3858/4004/3902 3857/4003/3901
f 3853/3999/3897 3854/4000/3898 3859/4005/3903 3858/4004/3902
f 3855/4002/3900 3856/4001/3899 3861/4006/3904 3860/4007/3905
f 3856/4001/3899 3857/4003/3901 3862/4008/3906 3861/4006/3904
f 3857/4003/3901 3858/4004/3902 3863/4009/3907 3862/4008/3906
f 3858/4004/3902 3859/4005/3903 3864/4010/3908 3863/4009/3907
f 107/2638/2710 1204/3979/3909 3840/3986/3884 980/2673/2708
f 584/4011/1280 3844/3994/3892 1200/3977/3910 31/3976/1278
f 32/4012/1289 1205/4013/3911 3864/4010/3908 580/4014/1287
f 984/2676/2713 3860/4007/3905 1209/4015/3912 108/2674/2711
f 1204/3979/3909 1203/3985/3913 3841/3987/3885 3840/3986/3884
f 583/4016/1301 3849/3995/3893 3844/3994/3892 584/4011/1280
f 1205/4013/3911 1206/4017/3914 3863/4009/3907 3864/4010/3908
f 983/2682/2722 3855/4002/3900 3860/4007/3905 984/2676/2713
f 1203/3985/3913 1202/3983/3915 3842/3990/3888 3841/3987/3885
f 582/4018/1297 3854/4000/3898 3849/3995/3893 583/4016/1301
f 1206/4017/3914 1207/4019/3916 3862/4008/3906 3863/4009/3907
f 982/2680/2719 3850/3997/3895 3855/4002/3900 983/2682/2722
f 1202/3983/3915 1201/3981/3917 3843/3992/3890 3842/3990/3888
f 581/4020/1293 3859/4005/3903 3854/4000/3898 582/4018/1297
f 1207/4019/3916 1208/4021/3918 3861/4006/3904 3862/4008/3906
f 981/2678/2716 3845/3989/3887 3850/3997/3895 982/2680/2719
f 1201/3981/3917 1200/3977/3910 3844/3994/3892 3843/3992/3890
f 580/4014/1287 3864/4010/3908 3859/4005/3903 581/4020/1293
f 1208/4021/3918 1209/4015/3912 3860/4007/3905 3861/4006/3904
f 980/2673/2708 3840/3986/3884 3845/3989/3887 981/2678/2716
f 3865/4022/3919 3866/4023/3920 3871/4024/3921 3870/4025/3922
f 3866/4023/3920 3867/4026/3923 3872/4027/3924 3871/4024/3921
f 3867/4026/3923 3868/4028/3925 3873/4029/3926 3872/4027/3924
f 3868/4028/3925 3869/4030/3927 3874/4031/3928 3873/4029/3926
f 3870/4025/3922 3871/4024/3921 3876/4032/3929 3875/4033/3930
f 3871/4024/3921 3872/4027/3924 3877/4034/3931 3876/4032/3929
f 3872/4027/3924 3873/4029/3926 3878/4035/3932 3877/4034/3931
f 3873/4029/3926 3874/4031/3928 3879/4036/3933 3878/4035/3932
f 3875/4033/3930 3876/4032/3929 3881/4037/3934 3880/4038/3935
f 3876/4032/3929 3877/4034/3931 3882/4039/3936 3881/4037/3934
f 3877/4034/3931 3878/4035/3932 3883/4040/3937 3882/4039/3936
f 3878/4035/3932 3879/4036/3933 3884/4041/3938 3883/4040/3937
f 3880/4038/3935 3881/4037/3934 3886/4042/3939 3885/4043/3940
f 3881/4037/3934 3882/4039/3936 3887/4044/3941 3886/4042/3939
f 3882/4039/3936 3883/4040/3937 3888/4045/3942 3887/4044/3941
f 3883/4040/3937 3884/4041/3938 3889/4046/3943 3888/4045/3942
f 108/2674/2752 1209/4015/3944 3865/4022/3919 990/2709/2750
f 599/4047/1329 3869/4030/3927 1205/4013/3945 32/4012/1327
f 33/4048/1338 1210/4049/3946 3889/4046/3943 595/4050/1336
f 994/2712/2755 3885/4043/3940 1214/4051/3947 109/2710/2753
f 1209/4015/3944 1208/4021/3948 3866/4023/3920 3865/4022/3919
f 598/4052/1350 3874/4031/3928 3869/4030/3927 599/4047/1329
f 1210/4049/3946 1211/4053/3949 3888/4045/3942 3889/4046/3943
f 993/2718/2764 3880/4038/3935 3885/4043/3940 994/2712/2755
f 1208/4021/3948 1207/4019/3950 3867/4026/3923 3866/4023/3920
f 597/4054/1346 3879/4036/3933 3874/4031/3928 598/4052/1350
f 1211/4053/3949 1212/4055/3951 3887/4044/3941 3888/4045/3942
f 992/2716/2761 3875/4033/3930 3880/4038/3935 993/2718/2764
f 1207/4019/3950 1206/4017/3952 3868/4028/3925 3867/4026/3923
f 596/4056/1342 3884/4041/3938 3879/4036/3933 597/4054/1346
f 1212/4055/3951 1213/4057/3953 3886/4042/3939 3887/4044/3941
f 991/2714/2758 3870/4025/3922 3875/4033/3930 992/2716/2761
f 1206/4017/3952 1205/4013/3945 3869/4030/3927 3868/4028/3925
f 595/4050/1336 3889/4046/3943 3884/4041/3938 596/4056/1342
f 1213/4057/3953 1214/4051/3947 3885/4043/3940 3886/4042/3939
f 990/2709/2750 3865/4022/3919 3870/4025/3922 991/2714/2758
f 3890/4058/3954 3891/4059/3955 3896/4060/3956 3895/4061/3957
f 3891/4059/3955 3892/4062/3958 3897/4063/3959 3896/4060/3956
f 3892/4062/3958 3893/4064/3960 3898/4065/3961 3897/4063/3959
f 3893/4064/3960 3894/4066/3962 3899/4067/3963 3898/4065/3961
f 3895/4061/3957 3896/4060/3956 3901/4068/3964 3900/4069/3965
f 3896/4060/3956 3897/4063/3959 3902/4070/3966 3901/4068/3964
f 3897/4063/3959 3898/4065/3961 3903/4071/3967 3902/4070/3966
f 3898/4065/3961 3899/4067/3963 3904/4072/3968 3903/4071/3967
f 3900/4069/3965 3901/4068/3964 3906/4073/3969 3905/4074/3970
f 3901/4068/3964 3902/4070/3966 3907/4075/3971 3906/4073/3969
f 3902/4070/3966 3903/4071/3967 3908/4076/3972 3907/4075/3971
f 3903/4071/3967 3904/4072/3968 3909/4077/3973 3908/4076/3972
f 3905/4074/3970 3906/4073/3969 3911/4078/3974 3910/4079/3975
f 3906/4073/3969 3907/4075/3971 3912/4080/3976 3911/4078/3974
f 3907/4075/3971 3908/4076/3972 3913/4081/3977 3912/4080/3976
f 3908/4076/3972 3909/4077/3973 3914/4082/3978 3913/4081/3977
f 109/2710/2794 1214/4051/3979 3890/4058/3954 1000/2745/2792
f 614/4083/1378 3894/4066/3962 1210/4049/3980 33/4048/1376
f 34/4084/1387 1215/4085/3981 3914/4082/3978 610/4086/1385
f 1004/2748/2797 3910/4079/3975 1219/4087/3982 110/2746/2795
f 1214/4051/3979 1213/4057/3983 3891/4059/3955 3890/4058/3954
f 613/4088/1399 3899/4067/3963 3894/4066/3962 614/4083/1378
f 1215/4085/3981 1216/4089/3984 3913/4081/3977 3914/4082/3978
f 1003/2754/2806 3905/4074/3970 3910/4079/3975 1004/2748/2797
f 1213/4057/3983 1212/4055/3985 3892/4062/3958 3891/4059/3955
f 612/4090/1395 3904/4072/3968 3899/4067/3963 613/4088/1399
f 1216/4089/3984 1217/4091/3986 3912/4080/3976 3913/4081/3977
f 1002/2752/2803 3900/4069/3965 3905/4074/3970 1003/2754/2806
f 1212/4055/3985 1211/4053/3987 3893/4064/3960 3892/4062/3958
f 611/4092/1391 3909/4077/3973 3904/4072/3968 612/4090/1395
f 1217/4091/3986 1218/4093/3988 3911/4078/3974 3912/4080/3976
f 1001/2750/2800 3895/4061/3957 3900/4069/3965 1002/2752/2803
f 1211/4053/3987 1210/4049/3980 3894/4066/3962 3893/4064/3960
f 610/4086/1385 3914/4082/3978 3909/4077/3973 611/4092/1391
f 1218/4093/3988 1219/4087/3982 3910/4079/3975 3911/4078/3974
f 1000/2745/2792 3890/4058/3954 3895/4061/3957 1001/2750/2800
f 3915/4094/3989 3916/4095/3990 3921/4096/3991 3920/4097/3992
f 3916/4095/3990 3917/4098/3993 3922/4099/3994 3921/4096/3991
f 3917/4098/3993 3918/4100/3995 3923/4101/3996 3922/4099/3994
f 3918/4100/3995 3919/4102/3997 3924/4103/3998 3923/4101/3996
f 3920/4097/3992 3921/4096/3991 3926/4104/3999 3925/4105/4000
f 3921/4096/3991 3922/4099/3994 3927/4106/4001 3926/4104/3999
f 3922/4099/3994 3923/4101/3996 3928/4107/4002 3927/4106/4001
f 3923/4101/3996 3924/4103/3998 3929/4108/4003 3928/4107/4002
f 3925/4105/4000 3926/4104/3999 3931/4109/4004 3930/4110/4005
f 3926/4104/3999 3927/4106/4001 3932/4111/4006 3931/4109/4004
f 3927/4106/4001 3928/4107/4002 3933/4112/4007 3932/4111/4006
f 3928/4107/4002 3929/4108/4003 3934/4113/4008 3933/4112/4007
f 3930/4110/4005 3931/4109/4004 3936/4114/4009 3935/4115/4010
f 3931/4109/4004 3932/4111/4006 3937/4116/4011 3936/4114/4009
f 3932/4111/4006 3933/4112/4007 3938/4117/4012 3937/4116/4011
f 3933/4112/4007 3934/4113/4008 3939/4118/4013 3938/4117/4012
f 110/2746/2836 1219/4087/4014 3915/4094/3989 1010/2781/2834
f 629/4119/1427 3919/4102/3997 1215/4085/4015 34/4084/1425
f 35/4120/1436 1220/4121/4016 3939/4118/4013 625/4122/1434
f 1014/2784/2839 3935/4115/4010 1224/4123/4017 111/2782/2837
f 1219/4087/4014 1218/4093/4018 3916/4095/3990 3915/4094/3989
f 628/4124/1448 3924/4103/3998 3919/4102/3997 629/4119/1427
f 1220/4121/4016 1221/4125/4019 3938/4117/4012 3939/4118/4013
f 1013/2790/2848 3930/4110/4005 3935/4115/4010 1014/2784/2839
f 1218/4093/4018 1217/4091/4020 3917/4098/3993 3916/4095/3990
f 627/4126/1444 3929/4108/4003 3924/4103/3998 628/4124/1448
f 1221/4125/4019 1222/4127/4021 3937/4116/4011 3938/4117/4012
f 1012/2788/2845 3925/4105/4000 3930/4110/4005 1013/2790/2848
f 1217/4091/4020 1216/4089/4022 3918/4100/3995 3917/4098/3993
f 626/4128/1440 3934/4113/4008 3929/4108/4003 627/4126/1444
f 1222/4127/4021 1223/4129/4023 3936/4114/4009 3937/4116/4011
f 1011/2786/2842 3920/4097/3992 3925/4105/4000 1012/2788/2845
f 1216/4089/4022 1215/4085/4015 3919/4102/3997 3918/4100/3995
f 625/4122/1434 3939/4118/4013 3934/4113/4008 626/4128/1440
f 1223/4129/4023 1224/4123/4017 3935/4115/4010 3936/4114/4009
f 1010/2781/2834 3915/4094/3989 3920/4097/3992 1011/2786/2842
f 3940/4130/4024 3941/4131/4025 3946/4132/4026 3945/4133/4027
f 3941/4131/4025 3942/4134/4028 3947/4135/4029 3946/4132/4026
f 3942/4134/4028 3943/4136/4030 3948/4137/4031 3947/4135/4029
f 3943/4136/4030 3944/4138/4032 3949/4139/4033 3948/4137/4031
f 3945/4133/4027 3946/4132/4026 3951/4140/4034 3950/4141/4035
f 3946/4132/4026 3947/4135/4029 3952/4142/4036 3951/4140/4034
f 3947/4135/4029 3948/4137/4031 3953/4143/4037 3952/4142/4036
f 3948/4137/4031 3949/4139/4033 3954/4144/4038 3953/4143/4037
f 3950/4141/4035 3951/4140/4034 3956/4145/4039 3955/4146/4040
f 3951/4140/4034 3952/4142/4036 3957/4147/4041 3956/4145/4039
f 3952/4142/4036 3953/4143/4037 3958/4148/4042 3957/4147/4041
f 3953/4143/4037 3954/4144/4038 3959/4149/4043 3958/4148/4042
f 3955/4146/4040 3956/4145/4039 3961/4150/4044 3960/4151/4045
f 3956/4145/4039 3957/4147/4041 3962/4152/4046 3961/4150/4044
f 3957/4147/4041 3958/4148/4042 3963/4153/4047 3962/4152/4046
f 3958/4148/4042 3959/4149/4043 3964/4154/4048 3963/4153/4047
f 111/2782/2878 1224/4123/4049 3940/4130/4024 1020/2817/2876
f 644/4155/1476 3944/4138/4032 1220/4121/4050 35/4120/1474
f 36/4156/1485 1225/4157/4051 3964/4154/4048 640/4158/1483
f 1024/2820/2881 3960/4151/4045 1229/4159/4052 112/2818/2879
f 1224/4123/4049 1223/4129/4053 3941/4131/4025 3940/4130/4024
f 643/4160/1497 3949/4139/4033 3944/4138/4032 644/4155/1476
f 1225/4157/4051 1226/4161/4054 3963/4153/4047 3964/4154/4048
f 1023/2826/2890 3955/4146/4040 3960/4151/4045 1024/2820/2881
f 1223/4129/4053 1222/4127/4055 3942/4134/4028 3941/4131/4025
f 642/4162/1493 3954/4144/4038 3949/4139/4033 643/4160/1497
f 1226/4161/4054 1227/4163/4056 3962/4152/4046 3963/4153/4047
f 1022/2824/2887 3950/4141/4035 3955/4146/4040 1023/2826/2890
f 1222/4127/4055 1221/4125/4057 3943/4136/4030 3942/4134/4028
f 641/4164/1489 3959/4149/4043 3954/4144/4038 642/4162/1493
f 1227/4163/4056 1228/4165/4058 3961/4150/4044 3962/4152/4046
f 1021/2822/2884 3945/4133/4027 3950/4141/4035 1022/2824/2887
f 1221/4125/4057 1220/4121/4050 3944/4138/4032 3943/4136/4030
f 640/4158/1483 3964/4154/4048 3959/4149/4043 641/4164/1489
f 1228/4165/4058 1229/4159/4052 3960/4151/4045 3961/4150/4044
f 1020/2817/2876 3940/4130/4024 3945/4133/4027 1021/2822/2884
f 3965/4166/4059 3966/4167/4060 3971/4168/4061 3970/4169/4062
f 3966/4167/4060 3967/4170/4063 3972/4171/4064 3971/4168/4061
f 3967/4170/4063 3968/4172/4065 3973/4173/4066 3972/4171/4064
f 3968/4172/4065 3969/4174/4067 3974/4175/4068 3973/4173/4066
f 3970/4169/4062 3971/4168/4061 3976/4176/4069 3975/4177/4070
f 3971/4168/4061 3972/4171/4064 3977/4178/4071 3976/4176/4069
f 3972/4171/4064 3973/4173/4066 3978/4179/4072 3977/4178/4071
f 3973/4173/4066 3974/4175/4068 3979/4180/4073 3978/4179/4072
f 3975/4177/4070 3976/4176/4069 3981/4181/4074 3980/4182/4075
f 3976/4176/4069 3977/4178/4071 3982/4183/4076 3981/4181/4074
f 3977/4178/4071 3978/4179/4072 3983/4184/4077 3982/4183/4076
f 3978/4179/4072 3979/4180/4073 3984/4185/4078 3983/4184/4077
f 3980/4182/4075 3981/4181/4074 3986/4186/4079 3985/4187/4080
f 3981/4181/4074 3982/4183/4076 3987/4188/4081 3986/4186/4079
f 3982/4183/4076 3983/4184/4077 3988/4189/4082 3987/4188/4081
f 3983/4184/4077 3984/4185/4078 3989/4190/4083 3988/4189/4082
f 112/2818/2920 1229/4159/4084 3965/4166/4059 1030/2853/2918
f 659/4191/1525 3969/4174/4067 1225/4157/4085 36/4156/1523
f 37/4192/1534 1230/4193/4086 3989/4190/4083 655/4194/1532
f 1034/2856/2923 3985/4187/4080 1234/4195/4087 113/2854/2921
f 1229/4159/4084 1228/4165/4088 3966/4167/4060 3965/4166/4059
f 658/4196/1546 3974/4175/4068 3969/4174/4067 659/4191/1525
f 1230/4193/4086 1231/4197/4089 3988/4189/4082 3989/4190/4083
f 1033/2862/2932 3980/4182/4075 3985/4187/4080 1034/2856/2923
f 1228/4165/4088 1227/4163/4090 3967/4170/4063 3966/4167/4060
f 657/4198/1542 3979/4180/4073 3974/4175/4068 658/4196/1546
f 1231/4197/4089 1232/4199/4091 3987/4188/4081 3988/4189/4082
f 1032/2860/2929 3975/4177/4070 3980/4182/4075 1033/2862/2932
f 1227/4163/4090 1226/4161/4092 3968/4172/4065 3967/4170/4063
f 656/4200/1538 3984/4185/4078 3979/4180/4073 657/4198/1542
f 1232/4199/4091 1233/4201/4093 3986/4186/4079 3987/4188/4081
f 1031/2858/2926 3970/4169/4062 3975/4177/4070 1032/2860/2929
f 1226/4161/4092 1225/4157/4085 3969/4174/4067 3968/4172/4065
f 655/4194/1532 3989/4190/4083 3984/4185/4078 656/4200/1538
f 1233/4201/4093 1234/4195/4087 3985/4187/4080 3986/4186/4079
f 1030/2853/2918 3965/4166/4059 3970/4169/4062 1031/2858/2926
f 3990/4202/4094 3991/4203/4095 3996/4204/4096 3995/4205/4097
f 3991/4203/4095 3992/4206/4098 3997/4207/4099 3996/4204/4096
f 3992/4206/4098 3993/4208/4100 3998/4209/4101 3997/4207/4099
f 3993/4208/4100 3994/4210/4102 3999/4211/4103 3998/4209/4101
f 3995/4205/4097 3996/4204/4096 4001/4212/4104 4000/4213/4105
f 3996/4204/4096 3997/4207/4099 4002/4214/4106 4001/4212/4104
f 3997/4207/4099 3998/4209/4101 4003/4215/4107 4002/4214/4106
f 3998/4209/4101 3999/4211/4103 4004/4216/4108 4003/4215/4107
f 4000/4213/4105 4001/4212/4104 4006/4217/4109 4005/4218/4110
f 4001/4212/4104 4002/4214/4106 4007/4219/4111 4006/4217/4109
f 4002/4214/4106 4003/4215/4107 4008/4220/4112 4007/4219/4111
f 4003/4215/4107 4004/4216/4108 4009/4221/4113 4008/4220/4112
f 4005/4218/4110 4006/4217/4109 4011/4222/4114 4010/4223/4115
f 4006/4217/4109 4007/4219/4111 4012/4224/4116 4011/4222/4114
f 4007/4219/4111 4008/4220/4112 4013/4225/4117 4012/4224/4116
f 4008/4220/4112 4009/4221/4113 4014/4226/4118 4013/4225/4117
f 113/2854/2962 1234/4195/4119 3990/4202/4094 1040/2889/2960
f 674/4227/1574 3994/4210/4102 1230/4193/4120 37/4192/1572
f 38/4228/1583 1235/4229/4121 4014/4226/4118 670/4230/1581
f 1044/2892/2965 4010/4223/4115 1239/4231/4122 114/2890/2963
f 1234/4195/4119 1233/4201/4123 3991/4203/4095 3990/4202/4094
f 673/4232/1595 3999/4211/4103 3994/4210/4102 674/4227/1574
f 1235/4229/4121 1236/4233/4124 4013/4225/4117 4014/4226/4118
f 1043/2898/2974 4005/4218/4110 4010/4223/4115 1044/2892/2965
f 1233/4201/4123 1232/4199/4125 3992/4206/4098 3991/4203/4095
f 672/4234/1591 4004/4216/4108 3999/4211/4103 673/4232/1595
f 1236/4233/4124 1237/4235/4126 4012/4224/4116 4013/4225/4117
f 1042/2896/2971 4000/4213/4105 4005/4218/4110 1043/2898/2974
f 1232/4199/4125 1231/4197/4127 3993/4208/4100 3992/4206/4098
f 671/4236/1587 4009/4221/4113 4004/4216/4108 672/4234/1591
f 1237/4235/4126 1238/4237/4128 4011/4222/4114 4012/4224/4116
f 1041/2894/2968 3995/4205/4097 4000/4213/4105 1042/2896/2971
f 1231/4197/4127 1230/4193/4120 3994/4210/4102 3993/4208/4100
f 670/4230/1581 4014/4226/4118 4009/4221/4113 671/4236/1587
f 1238/4237/4128 1239/4231/4122 4010/4223/4115 4011/4222/4114
f 1040/2889/2960 3990/4202/4094 3995/4205/4097 1041/2894/2968
