# Blender v3.0.1 OBJ File: 'tablero.blend'
# www.blender.org
mtllib rey.mtl
o Line009_Malla.003
v -0.001245 0.172360 -0.000000
v -0.149754 0.172360 -0.000000
v -0.149971 0.208783 -0.000000
v -0.135662 0.208566 -0.000000
v -0.122871 0.212035 -0.000000
v -0.123521 0.217455 -0.000000
v -0.139131 0.225043 -0.000000
v -0.148453 0.238701 -0.000000
v -0.147153 0.260815 -0.000000
v -0.130459 0.281411 -0.000000
v -0.102058 0.304175 -0.000000
v -0.093819 0.317183 -0.000000
v -0.093386 0.326506 -0.000000
v -0.112752 0.339294 -0.000000
v -0.104513 0.347966 -0.000000
v -0.088904 0.350568 -0.000000
v -0.063538 0.390893 -0.000000
v -0.046628 0.442492 -0.000000
v -0.043747 0.505972 -0.000000
v -0.048516 0.538276 -0.000000
v -0.074099 0.537409 -0.000000
v -0.086673 0.543913 -0.000000
v -0.090359 0.553018 -0.000000
v -0.088408 0.563641 -0.000000
v -0.076701 0.571013 -0.000000
v -0.067812 0.571880 0.000000
v -0.076267 0.578818 0.000000
v -0.075183 0.585322 0.000000
v -0.043237 0.595538 0.000000
v -0.043671 0.605078 0.000000
v -0.052126 0.608113 0.000000
v -0.053210 0.613099 0.000000
v -0.043888 0.619603 0.000000
v -0.086967 0.727536 0.000000
v -0.086967 0.738593 0.000000
v -0.077210 0.746181 0.000000
v -0.046425 0.753769 0.000000
v -0.023877 0.755504 0.000000
v -0.029948 0.758973 0.000000
v -0.029731 0.763525 0.000000
v -0.019325 0.767645 0.000000
v -0.027320 0.774288 0.000000
v -0.028837 0.782526 0.000000
v -0.014962 0.797269 0.000000
v -0.043796 0.797269 0.000000
v -0.043794 0.837070 0.000000
v -0.009756 0.837070 0.000000
v -0.026883 0.859184 0.000000
v 0.000000 0.870024 0.000000
v 0.000623 0.172360 0.001079
v 0.074877 0.172360 0.129691
v 0.074985 0.208783 0.129879
v 0.067831 0.208566 0.117487
v 0.061435 0.212035 0.106409
v 0.061761 0.217455 0.106973
v 0.069565 0.225043 0.120491
v 0.074227 0.238701 0.128564
v 0.073576 0.260815 0.127438
v 0.065229 0.281411 0.112981
v 0.051029 0.304175 0.088385
v 0.046910 0.317183 0.081250
v 0.046693 0.326506 0.080875
v 0.056376 0.339294 0.097646
v 0.052257 0.347966 0.090511
v 0.044452 0.350568 0.076993
v 0.031769 0.390893 0.055026
v 0.023314 0.442492 0.040381
v 0.021873 0.505972 0.037886
v 0.024258 0.538276 0.042017
v 0.037050 0.537409 0.064172
v 0.043337 0.543913 0.075061
v 0.045180 0.553018 0.078253
v 0.044204 0.563641 0.076563
v 0.038350 0.571013 0.066425
v 0.033906 0.571880 0.058727
v 0.038134 0.578818 0.066049
v 0.037592 0.585322 0.065110
v 0.021619 0.595538 0.037445
v 0.021836 0.605078 0.037820
v 0.026063 0.608113 0.045143
v 0.026605 0.613099 0.046081
v 0.021944 0.619603 0.038008
v 0.043483 0.727536 0.075315
v 0.043483 0.738593 0.075315
v 0.038605 0.746181 0.066866
v 0.023212 0.753769 0.040205
v 0.011939 0.755504 0.020678
v 0.014974 0.758973 0.025936
v 0.014866 0.763525 0.025748
v 0.009662 0.767645 0.016736
v 0.013660 0.774288 0.023659
v 0.014419 0.782526 0.024974
v 0.007481 0.797269 0.012957
v 0.021898 0.797269 0.037929
v 0.021897 0.837070 0.037927
v 0.004878 0.837070 0.008449
v 0.013442 0.859184 0.023282
v 0.000000 0.870024 -0.000000
v 0.000623 0.172360 -0.001079
v 0.074877 0.172360 -0.129691
v 0.074986 0.208783 -0.129879
v 0.067831 0.208566 -0.117487
v 0.061435 0.212035 -0.106409
v 0.061761 0.217455 -0.106973
v 0.069566 0.225043 -0.120491
v 0.074227 0.238701 -0.128564
v 0.073576 0.260815 -0.127438
v 0.065229 0.281411 -0.112981
v 0.051029 0.304175 -0.088385
v 0.046910 0.317183 -0.081250
v 0.046693 0.326506 -0.080875
v 0.056376 0.339294 -0.097646
v 0.052257 0.347966 -0.090511
v 0.044452 0.350568 -0.076993
v 0.031769 0.390893 -0.055026
v 0.023314 0.442492 -0.040381
v 0.021873 0.505972 -0.037886
v 0.024258 0.538276 -0.042017
v 0.037050 0.537409 -0.064172
v 0.043337 0.543913 -0.075061
v 0.045180 0.553018 -0.078253
v 0.044204 0.563641 -0.076563
v 0.038350 0.571013 -0.066425
v 0.033906 0.571880 -0.058727
v 0.038134 0.578818 -0.066049
v 0.037592 0.585322 -0.065110
v 0.021619 0.595538 -0.037445
v 0.021836 0.605078 -0.037820
v 0.026063 0.608113 -0.045143
v 0.026605 0.613099 -0.046082
v 0.021944 0.619603 -0.038008
v 0.043483 0.727536 -0.075315
v 0.043483 0.738593 -0.075315
v 0.038605 0.746181 -0.066866
v 0.023212 0.753769 -0.040205
v 0.011939 0.755504 -0.020678
v 0.014974 0.758973 -0.025936
v 0.014865 0.763525 -0.025748
v 0.009662 0.767645 -0.016736
v 0.013660 0.774288 -0.023659
v 0.014419 0.782526 -0.024974
v 0.007481 0.797269 -0.012957
v 0.021898 0.797269 -0.037929
v 0.021897 0.837070 -0.037927
v 0.004878 0.837070 -0.008449
v 0.013442 0.859184 -0.023282
v -0.000000 0.870024 -0.000000
v -0.001165 0.172360 0.000445
v -0.000945 0.172360 0.000811
v -0.000622 0.172360 0.001077
v -0.000230 0.172360 0.001224
v 0.000197 0.172360 0.001231
v 0.012998 0.172360 0.022514
v 0.025374 0.172360 0.043949
v 0.037750 0.172360 0.065385
v 0.050126 0.172360 0.086820
v 0.062501 0.172360 0.108256
v 0.023677 0.172360 0.148020
v -0.027599 0.172360 0.147149
v -0.074765 0.172360 0.129496
v -0.113636 0.172360 0.097476
v -0.140027 0.172360 0.053505
v -0.125003 0.172360 -0.000000
v -0.100251 0.172360 -0.000000
v -0.075500 0.172360 -0.000000
v -0.050748 0.172360 -0.000000
v -0.025997 0.172360 -0.000000
v 0.074895 0.178431 0.129722
v 0.074913 0.184501 0.129754
v 0.074931 0.190572 0.129785
v 0.074949 0.196642 0.129816
v 0.074967 0.202712 0.129847
v 0.023711 0.208783 0.148234
v -0.027639 0.208783 0.147362
v -0.074873 0.208783 0.129683
v -0.113800 0.208783 0.097617
v -0.140230 0.208783 0.053583
v -0.149935 0.202712 -0.000000
v -0.149899 0.196642 -0.000000
v -0.149863 0.190572 -0.000000
v -0.149826 0.184501 -0.000000
v -0.149790 0.178431 -0.000000
v 0.073793 0.208747 0.127813
v 0.072601 0.208711 0.125748
v 0.071408 0.208674 0.123683
v 0.070216 0.208638 0.121617
v 0.069023 0.208602 0.119552
v 0.021449 0.208566 0.134091
v -0.025002 0.208566 0.133302
v -0.067729 0.208566 0.117310
v -0.102942 0.208566 0.088303
v -0.126850 0.208566 0.048470
v -0.138047 0.208602 -0.000000
v -0.140432 0.208638 -0.000000
v -0.142817 0.208674 -0.000000
v -0.145201 0.208711 -0.000000
v -0.147586 0.208747 -0.000000
v 0.066765 0.209144 0.115641
v 0.065699 0.209722 0.113794
v 0.064633 0.210300 0.111948
v 0.063567 0.210879 0.110102
v 0.062501 0.211457 0.108256
v 0.019426 0.212035 0.121448
v -0.022644 0.212035 0.120733
v -0.061343 0.212035 0.106249
v -0.093236 0.212035 0.079977
v -0.114890 0.212035 0.043900
v -0.125003 0.211457 -0.000000
v -0.127135 0.210879 -0.000000
v -0.129266 0.210300 -0.000000
v -0.131398 0.209722 -0.000000
v -0.133530 0.209144 -0.000000
v 0.061490 0.212938 0.106503
v 0.061544 0.213842 0.106597
v 0.061598 0.214745 0.106691
v 0.061652 0.215648 0.106785
v 0.061706 0.216552 0.106879
v 0.019529 0.217455 0.122091
v -0.022764 0.217455 0.121373
v -0.061668 0.217455 0.106812
v -0.093730 0.217455 0.080401
v -0.115498 0.217455 0.044132
v -0.123413 0.216552 -0.000000
v -0.123304 0.215648 -0.000000
v -0.123196 0.214745 -0.000000
v -0.123088 0.213842 -0.000000
v -0.122979 0.212938 -0.000000
v 0.063061 0.218720 0.109226
v 0.064362 0.219984 0.111479
v 0.065663 0.221249 0.113732
v 0.066964 0.222514 0.115985
v 0.068265 0.223778 0.118238
v 0.021997 0.225043 0.137519
v -0.025641 0.225043 0.136711
v -0.069461 0.225043 0.120310
v -0.105574 0.225043 0.090561
v -0.130094 0.225043 0.049710
v -0.136529 0.223778 -0.000000
v -0.133928 0.222514 -0.000000
v -0.131326 0.221249 -0.000000
v -0.128724 0.219984 -0.000000
v -0.126123 0.218720 -0.000000
v 0.070342 0.227319 0.121837
v 0.071119 0.229596 0.123182
v 0.071896 0.231872 0.124528
v 0.072673 0.234149 0.125873
v 0.073450 0.236425 0.127219
v 0.023471 0.238701 0.146734
v -0.027359 0.238701 0.145871
v -0.074115 0.238701 0.128371
v -0.112648 0.238701 0.096629
v -0.138811 0.238701 0.053040
v -0.146900 0.236425 -0.000000
v -0.145346 0.234149 -0.000000
v -0.143792 0.231872 -0.000000
v -0.142238 0.229596 -0.000000
v -0.140685 0.227319 -0.000000
v 0.074118 0.242387 0.128377
v 0.074010 0.246073 0.128189
v 0.073901 0.249758 0.128001
v 0.073793 0.253444 0.127813
v 0.073685 0.257130 0.127626
v 0.023265 0.260815 0.145448
v -0.027119 0.260815 0.144593
v -0.073466 0.260815 0.127246
v -0.111661 0.260815 0.095782
v -0.137594 0.260815 0.052576
v -0.147369 0.257130 -0.000000
v -0.147586 0.253444 -0.000000
v -0.147803 0.249758 -0.000000
v -0.148020 0.246073 -0.000000
v -0.148237 0.242387 -0.000000
v 0.072185 0.264248 0.125028
v 0.070794 0.267681 0.122619
v 0.069403 0.271113 0.120209
v 0.068012 0.274546 0.117800
v 0.066621 0.277979 0.115390
v 0.020626 0.281411 0.128948
v -0.024043 0.281411 0.128190
v -0.065131 0.281411 0.112811
v -0.098994 0.281411 0.084916
v -0.121985 0.281411 0.046611
v -0.133241 0.277979 -0.000000
v -0.136023 0.274546 -0.000000
v -0.138806 0.271113 -0.000000
v -0.141588 0.267680 -0.000000
v -0.144370 0.264248 -0.000000
v 0.062863 0.285205 0.108881
v 0.060496 0.288999 0.104782
v 0.058129 0.292793 0.100683
v 0.055762 0.296587 0.096583
v 0.053396 0.300381 0.092484
v 0.016136 0.304175 0.100876
v -0.018809 0.304175 0.100283
v -0.050952 0.304175 0.088252
v -0.077443 0.304175 0.066430
v -0.095429 0.304175 0.036464
v -0.106791 0.300381 -0.000000
v -0.111525 0.296587 -0.000000
v -0.116258 0.292793 -0.000000
v -0.120992 0.288999 -0.000000
v -0.125725 0.285205 -0.000000
v 0.050342 0.306343 0.087196
v 0.049656 0.308511 0.086007
v 0.048969 0.310679 0.084817
v 0.048283 0.312847 0.083628
v 0.047596 0.315015 0.082439
v 0.014833 0.317183 0.092733
v -0.017290 0.317183 0.092187
v -0.046839 0.317183 0.081128
v -0.071192 0.317183 0.061068
v -0.087726 0.317183 0.033520
v -0.095193 0.315015 -0.000000
v -0.096566 0.312847 -0.000000
v -0.097939 0.310679 -0.000000
v -0.099312 0.308511 -0.000000
v -0.100685 0.306343 -0.000000
v 0.046874 0.318737 0.081187
v 0.046837 0.320291 0.081125
v 0.046801 0.321845 0.081062
v 0.046765 0.323398 0.081000
v 0.046729 0.324952 0.080937
v 0.014765 0.326506 0.092304
v -0.017211 0.326506 0.091761
v -0.046623 0.326506 0.080753
v -0.070863 0.326506 0.060785
v -0.087320 0.326506 0.033366
v -0.093458 0.324952 -0.000000
v -0.093530 0.323398 -0.000000
v -0.093603 0.321845 -0.000000
v -0.093675 0.320291 -0.000000
v -0.093747 0.318737 -0.000000
v 0.048307 0.328637 0.083670
v 0.049921 0.330769 0.086465
v 0.051534 0.332900 0.089260
v 0.053148 0.335031 0.092056
v 0.054762 0.337163 0.094851
v 0.017826 0.339294 0.111446
v -0.020780 0.339294 0.110791
v -0.056291 0.339294 0.097499
v -0.085558 0.339294 0.073391
v -0.105428 0.339294 0.040285
v -0.109524 0.337163 -0.000000
v -0.106297 0.335031 -0.000000
v -0.103069 0.332900 -0.000000
v -0.099841 0.330769 -0.000000
v -0.096614 0.328637 -0.000000
v 0.055689 0.340740 0.096457
v 0.055003 0.342185 0.095268
v 0.054316 0.343630 0.094079
v 0.053630 0.345076 0.092890
v 0.052943 0.346521 0.091700
v 0.016524 0.347966 0.103303
v -0.019261 0.347966 0.102695
v -0.052178 0.347966 0.090375
v -0.079306 0.347966 0.068028
v -0.097725 0.347966 0.037341
v -0.105887 0.346521 -0.000000
v -0.107260 0.345076 -0.000000
v -0.108633 0.343630 -0.000000
v -0.110006 0.342185 -0.000000
v -0.111379 0.340740 -0.000000
v 0.050956 0.348400 0.088258
v 0.049655 0.348834 0.086005
v 0.048354 0.349267 0.083752
v 0.047054 0.349701 0.081499
v 0.045753 0.350134 0.079246
v 0.014056 0.350568 0.087874
v -0.016384 0.350568 0.087357
v -0.044385 0.350568 0.076877
v -0.067461 0.350568 0.057868
v -0.083129 0.350568 0.031764
v -0.091505 0.350134 -0.000000
v -0.094107 0.349701 -0.000000
v -0.096709 0.349267 -0.000000
v -0.099310 0.348834 -0.000000
v -0.101912 0.348400 -0.000000
v 0.042338 0.357289 0.073332
v 0.040224 0.364010 0.069670
v 0.038110 0.370730 0.066009
v 0.035997 0.377451 0.062348
v 0.033883 0.384172 0.058687
v 0.010046 0.390893 0.062802
v -0.011710 0.390893 0.062433
v -0.031721 0.390893 0.054943
v -0.048214 0.390893 0.041357
v -0.059411 0.390893 0.022701
v -0.067766 0.384172 -0.000000
v -0.071993 0.377451 -0.000000
v -0.076221 0.370730 -0.000000
v -0.080449 0.364010 -0.000000
v -0.084676 0.357289 -0.000000
v 0.030360 0.399493 0.052585
v 0.028951 0.408092 0.050144
v 0.027541 0.416692 0.047703
v 0.026132 0.425292 0.045262
v 0.024723 0.433892 0.042821
v 0.007372 0.442492 0.046087
v -0.008593 0.442492 0.045816
v -0.023279 0.442492 0.040320
v -0.035382 0.442492 0.030350
v -0.043599 0.442492 0.016659
v -0.049446 0.433892 -0.000000
v -0.052264 0.425292 -0.000000
v -0.055083 0.416692 -0.000000
v -0.057901 0.408092 -0.000000
v -0.060720 0.399493 -0.000000
v 0.023074 0.453072 0.039965
v 0.022834 0.463652 0.039549
v 0.022594 0.474232 0.039133
v 0.022354 0.484812 0.038717
v 0.022114 0.495392 0.038302
v 0.006917 0.505972 0.043240
v -0.008062 0.505972 0.042986
v -0.021841 0.505972 0.037829
v -0.033196 0.505972 0.028475
v -0.040905 0.505972 0.015630
v -0.044227 0.495392 -0.000000
v -0.044707 0.484812 -0.000000
v -0.045187 0.474232 -0.000000
v -0.045667 0.463652 -0.000000
v -0.046147 0.453072 -0.000000
v 0.022271 0.511356 0.038574
v 0.022668 0.516740 0.039263
v 0.023066 0.522124 0.039951
v 0.023463 0.527508 0.040640
v 0.023861 0.532892 0.041328
v 0.007671 0.538276 0.047955
v -0.008941 0.538276 0.047673
v -0.024222 0.538276 0.041953
v -0.036815 0.538276 0.031580
v -0.045365 0.538276 0.017334
v -0.047722 0.532892 -0.000000
v -0.046927 0.527508 -0.000000
v -0.046132 0.522124 -0.000000
v -0.045337 0.516740 -0.000000
v -0.044542 0.511356 -0.000000
v 0.026390 0.538131 0.045709
v 0.028522 0.537987 0.049402
v 0.030654 0.537842 0.053094
v 0.032786 0.537698 0.056787
v 0.034918 0.537553 0.060479
v 0.011715 0.537409 0.073241
v -0.013656 0.537409 0.072810
v -0.036994 0.537409 0.064075
v -0.056227 0.537409 0.048231
v -0.069286 0.537409 0.026475
v -0.069835 0.537553 -0.000000
v -0.065571 0.537698 -0.000000
v -0.061308 0.537842 -0.000000
v -0.057044 0.537987 -0.000000
v -0.052780 0.538131 -0.000000
v 0.038097 0.538493 0.065987
v 0.039145 0.539577 0.067802
v 0.040193 0.540661 0.069617
v 0.041241 0.541745 0.071432
v 0.042289 0.542829 0.073246
v 0.013703 0.543913 0.085670
v -0.015973 0.543913 0.085166
v -0.043272 0.543913 0.074949
v -0.065769 0.543913 0.056416
v -0.081044 0.543913 0.030967
v -0.084578 0.542829 -0.000000
v -0.082482 0.541745 -0.000000
v -0.080386 0.540661 -0.000000
v -0.078290 0.539577 -0.000000
v -0.076195 0.538493 -0.000000
v 0.043644 0.545430 0.075593
v 0.043951 0.546948 0.076125
v 0.044258 0.548465 0.076657
v 0.044565 0.549983 0.077189
v 0.044872 0.551501 0.077721
v 0.014286 0.553018 0.089312
v -0.016653 0.553018 0.088787
v -0.045112 0.553018 0.078136
v -0.068566 0.553018 0.058815
v -0.084490 0.553018 0.032284
v -0.089745 0.551501 -0.000000
v -0.089131 0.549983 -0.000000
v -0.088516 0.548465 -0.000000
v -0.087902 0.546948 -0.000000
v -0.087288 0.545430 -0.000000
v 0.045017 0.554789 0.077972
v 0.044854 0.556559 0.077690
v 0.044692 0.558330 0.077408
v 0.044529 0.560100 0.077127
v 0.044367 0.561871 0.076845
v 0.013978 0.563641 0.087384
v -0.016293 0.563641 0.086870
v -0.044137 0.563641 0.076448
v -0.067085 0.563641 0.057545
v -0.082665 0.563641 0.031587
v -0.088733 0.561871 -0.000000
v -0.089058 0.560100 -0.000000
v -0.089383 0.558330 -0.000000
v -0.089709 0.556559 -0.000000
v -0.090034 0.554789 -0.000000
v 0.043228 0.564870 0.074874
v 0.042253 0.566099 0.073184
v 0.041277 0.567327 0.071494
v 0.040302 0.568556 0.069804
v 0.039326 0.569784 0.068114
v 0.012127 0.571013 0.075812
v -0.014135 0.571013 0.075366
v -0.038293 0.571013 0.066325
v -0.058201 0.571013 0.049925
v -0.071719 0.571013 0.027404
v -0.078652 0.569784 -0.000000
v -0.080603 0.568556 -0.000000
v -0.082554 0.567327 -0.000000
v -0.084505 0.566099 -0.000000
v -0.086457 0.564870 -0.000000
v 0.037610 0.571157 0.065142
v 0.036869 0.571302 0.063859
v 0.036128 0.571446 0.062576
v 0.035387 0.571591 0.061293
v 0.034647 0.571735 0.060010
v 0.010721 0.571880 0.067026
v -0.012497 0.571880 0.066632
v -0.033855 0.571880 0.058638
v -0.051456 0.571880 0.044139
v -0.063407 0.571880 0.024228
v -0.069293 0.571735 -0.000000
v -0.070775 0.571591 -0.000000
v -0.072256 0.571446 -0.000000
v -0.073738 0.571302 -0.000000
v -0.075219 0.571157 -0.000000
v 0.034611 0.573036 0.059947
v 0.035315 0.574192 0.061168
v 0.036020 0.575349 0.062388
v 0.036724 0.576505 0.063608
v 0.037429 0.577661 0.064829
v 0.012058 0.578818 0.075384
v -0.014056 0.578818 0.074940
v -0.038076 0.578818 0.065950
v -0.057872 0.578818 0.049643
v -0.071313 0.578818 0.027249
v -0.074858 0.577661 0.000000
v -0.073449 0.576505 0.000000
v -0.072039 0.575349 0.000000
v -0.070630 0.574192 0.000000
v -0.069221 0.573036 0.000000
v 0.038043 0.579902 0.065893
v 0.037953 0.580986 0.065736
v 0.037863 0.582070 0.065580
v 0.037772 0.583154 0.065423
v 0.037682 0.584238 0.065267
v 0.011887 0.585322 0.074312
v -0.013856 0.585322 0.073875
v -0.037535 0.585322 0.065013
v -0.057050 0.585322 0.048937
v -0.070300 0.585322 0.026862
v -0.075364 0.584238 0.000000
v -0.075544 0.583154 0.000000
v -0.075725 0.582070 0.000000
v -0.075906 0.580986 0.000000
v -0.076086 0.579902 0.000000
v 0.034929 0.587024 0.060499
v 0.032267 0.588727 0.055888
v 0.029605 0.590430 0.051278
v 0.026943 0.592133 0.046667
v 0.024281 0.593836 0.042056
v 0.006836 0.595538 0.042737
v -0.007968 0.595538 0.042485
v -0.021586 0.595538 0.037388
v -0.032809 0.595538 0.028144
v -0.040429 0.595538 0.015448
v -0.048562 0.593836 0.000000
v -0.053886 0.592133 0.000000
v -0.059210 0.590430 0.000000
v -0.064534 0.588727 0.000000
v -0.069859 0.587024 0.000000
v 0.021655 0.597128 0.037507
v 0.021691 0.598718 0.037570
v 0.021727 0.600308 0.037632
v 0.021763 0.601898 0.037695
v 0.021799 0.603488 0.037758
v 0.006905 0.605078 0.043165
v -0.008048 0.605078 0.042911
v -0.021803 0.605078 0.037763
v -0.033138 0.605078 0.028426
v -0.040834 0.605078 0.015603
v -0.043599 0.603488 0.000000
v -0.043527 0.601898 0.000000
v -0.043454 0.600308 0.000000
v -0.043382 0.598718 0.000000
v -0.043310 0.597128 0.000000
v 0.022540 0.605583 0.039041
v 0.023245 0.606089 0.040261
v 0.023949 0.606595 0.041481
v 0.024654 0.607101 0.042702
v 0.025359 0.607607 0.043922
v 0.008241 0.608113 0.051523
v -0.009607 0.608113 0.051220
v -0.026024 0.608113 0.045075
v -0.039554 0.608113 0.033929
v -0.048740 0.608113 0.018624
v -0.050717 0.607607 0.000000
v -0.049308 0.607101 0.000000
v -0.047899 0.606595 0.000000
v -0.046489 0.606089 0.000000
v -0.045080 0.605583 0.000000
v 0.026154 0.608944 0.045299
v 0.026244 0.609775 0.045456
v 0.026334 0.610606 0.045612
v 0.026425 0.611437 0.045769
v 0.026515 0.612268 0.045925
v 0.008413 0.613099 0.052594
v -0.009806 0.613099 0.052285
v -0.026565 0.613099 0.046012
v -0.040377 0.613099 0.034635
v -0.049754 0.613099 0.019011
v -0.053030 0.612268 0.000000
v -0.052849 0.611437 0.000000
v -0.052668 0.610606 0.000000
v -0.052488 0.609775 0.000000
v -0.052307 0.608944 0.000000
v 0.025828 0.614183 0.044736
v 0.025051 0.615267 0.043390
v 0.024275 0.616351 0.042045
v 0.023498 0.617435 0.040699
v 0.022721 0.618519 0.039354
v 0.006939 0.619603 0.043380
v -0.008088 0.619603 0.043124
v -0.021911 0.619603 0.037951
v -0.033303 0.619603 0.028567
v -0.041037 0.619603 0.015681
v -0.045442 0.618519 0.000000
v -0.046995 0.617435 0.000000
v -0.048549 0.616351 0.000000
v -0.050103 0.615267 0.000000
v -0.051657 0.614183 0.000000
v 0.025534 0.637592 0.044226
v 0.029124 0.655581 0.050444
v 0.032714 0.673570 0.056662
v 0.036304 0.691559 0.062879
v 0.039893 0.709548 0.069097
v 0.013750 0.727536 0.085959
v -0.016027 0.727536 0.085454
v -0.043418 0.727536 0.075202
v -0.065991 0.727536 0.056607
v -0.081318 0.727536 0.031072
v -0.079787 0.709548 0.000000
v -0.072607 0.691559 0.000000
v -0.065427 0.673570 0.000000
v -0.058247 0.655581 0.000000
v -0.051068 0.637592 0.000000
v 0.043483 0.729379 0.075315
v 0.043483 0.731222 0.075315
v 0.043483 0.733065 0.075315
v 0.043483 0.734908 0.075315
v 0.043483 0.736750 0.075315
v 0.013750 0.738593 0.085959
v -0.016027 0.738593 0.085454
v -0.043418 0.738593 0.075202
v -0.065991 0.738593 0.056607
v -0.081318 0.738593 0.031072
v -0.086967 0.736750 0.000000
v -0.086967 0.734908 0.000000
v -0.086967 0.733065 0.000000
v -0.086967 0.731222 0.000000
v -0.086967 0.729379 0.000000
v 0.042670 0.739858 0.073907
v 0.041857 0.741123 0.072499
v 0.041044 0.742387 0.071091
v 0.040231 0.743652 0.069683
v 0.039418 0.744917 0.068274
v 0.012207 0.746181 0.076316
v -0.014229 0.746181 0.075867
v -0.038547 0.746181 0.066766
v -0.058588 0.746181 0.050257
v -0.072195 0.746181 0.027586
v -0.078836 0.744917 0.000000
v -0.080462 0.743652 0.000000
v -0.082089 0.742387 0.000000
v -0.083715 0.741123 0.000000
v -0.085341 0.739858 0.000000
v 0.036040 0.747446 0.062423
v 0.033474 0.748711 0.057979
v 0.030909 0.749975 0.053536
v 0.028343 0.751240 0.049092
v 0.025778 0.752505 0.044649
v 0.007340 0.753769 0.045887
v -0.008556 0.753769 0.045617
v -0.023177 0.753769 0.040145
v -0.035228 0.753769 0.030218
v -0.043409 0.753769 0.016587
v -0.051556 0.752505 0.000000
v -0.056687 0.751240 0.000000
v -0.061818 0.749975 0.000000
v -0.066949 0.748711 0.000000
v -0.072080 0.747446 0.000000
v 0.021333 0.754058 0.036951
v 0.019455 0.754348 0.033696
v 0.017576 0.754637 0.030442
v 0.015697 0.754926 0.027187
v 0.013818 0.755215 0.023933
v 0.003775 0.755504 0.023601
v -0.004400 0.755504 0.023462
v -0.011921 0.755504 0.020647
v -0.018118 0.755504 0.015542
v -0.022326 0.755504 0.008531
v -0.027635 0.755215 0.000000
v -0.031393 0.754926 0.000000
v -0.035151 0.754637 0.000000
v -0.038909 0.754348 0.000000
v -0.042667 0.754058 0.000000
v 0.012445 0.756082 0.021555
v 0.012950 0.756660 0.022431
v 0.013456 0.757238 0.023307
v 0.013962 0.757816 0.024183
v 0.014468 0.758394 0.025059
v 0.004735 0.758973 0.029601
v -0.005519 0.758973 0.029427
v -0.014951 0.758973 0.025897
v -0.022725 0.758973 0.019493
v -0.028003 0.758973 0.010700
v -0.028936 0.758394 0.000000
v -0.027924 0.757816 0.000000
v -0.026913 0.757238 0.000000
v -0.025901 0.756660 0.000000
v -0.024889 0.756082 0.000000
v 0.014956 0.759731 0.025904
v 0.014938 0.760490 0.025873
v 0.014920 0.761249 0.025842
v 0.014902 0.762008 0.025810
v 0.014884 0.762767 0.025779
v 0.004701 0.763525 0.029387
v -0.005479 0.763525 0.029214
v -0.014843 0.763525 0.025709
v -0.022560 0.763525 0.019352
v -0.027800 0.763525 0.010623
v -0.029767 0.762767 0.000000
v -0.029803 0.762008 0.000000
v -0.029839 0.761249 0.000000
v -0.029876 0.760490 0.000000
v -0.029912 0.759731 0.000000
v 0.013998 0.764212 0.024246
v 0.013131 0.764898 0.022744
v 0.012264 0.765585 0.021242
v 0.011397 0.766272 0.019740
v 0.010530 0.766958 0.018238
v 0.003055 0.767645 0.019101
v -0.003561 0.767645 0.018988
v -0.009648 0.767645 0.016710
v -0.014664 0.767645 0.012579
v -0.018069 0.767645 0.006904
v -0.021059 0.766958 0.000000
v -0.022793 0.766272 0.000000
v -0.024528 0.765585 0.000000
v -0.026262 0.764898 0.000000
v -0.027997 0.764212 0.000000
v 0.010329 0.768752 0.017890
v 0.010995 0.769859 0.019043
v 0.011661 0.770966 0.020197
v 0.012327 0.772074 0.021351
v 0.012994 0.773181 0.022505
v 0.004319 0.774288 0.027003
v -0.005035 0.774288 0.026844
v -0.013639 0.774288 0.023624
v -0.020730 0.774288 0.017782
v -0.025545 0.774288 0.009761
v -0.025987 0.773181 0.000000
v -0.024655 0.772073 0.000000
v -0.023322 0.770966 0.000000
v -0.021990 0.769859 0.000000
v -0.020657 0.768752 0.000000
v 0.013786 0.775661 0.023878
v 0.013913 0.777034 0.024097
v 0.014039 0.778407 0.024317
v 0.014166 0.779780 0.024536
v 0.014292 0.781153 0.024755
v 0.004559 0.782526 0.028503
v -0.005314 0.782526 0.028336
v -0.014397 0.782526 0.024936
v -0.021882 0.782526 0.018770
v -0.026964 0.782526 0.010303
v -0.028584 0.781153 0.000000
v -0.028331 0.779780 0.000000
v -0.028078 0.778407 0.000000
v -0.027825 0.777034 0.000000
v -0.027572 0.775661 0.000000
v 0.013262 0.784983 0.022971
v 0.012106 0.787441 0.020968
v 0.010950 0.789898 0.018965
v 0.009794 0.792355 0.016963
v 0.008637 0.794812 0.014960
v 0.002366 0.797269 0.014789
v -0.002757 0.797269 0.014702
v -0.007470 0.797269 0.012938
v -0.011353 0.797269 0.009739
v -0.013990 0.797269 0.005346
v -0.017274 0.794812 0.000000
v -0.019587 0.792355 0.000000
v -0.021899 0.789898 0.000000
v -0.024212 0.787441 0.000000
v -0.026525 0.784983 0.000000
v 0.009884 0.797269 0.017119
v 0.012287 0.797269 0.021281
v 0.014690 0.797269 0.025443
v 0.017093 0.797269 0.029605
v 0.019495 0.797269 0.033767
v 0.006924 0.797269 0.043289
v -0.008071 0.797269 0.043035
v -0.021865 0.797269 0.037872
v -0.033233 0.797269 0.028507
v -0.040952 0.797269 0.015648
v -0.038991 0.797269 0.000000
v -0.034185 0.797269 0.000000
v -0.029379 0.797269 0.000000
v -0.024573 0.797269 0.000000
v -0.019768 0.797269 0.000000
v 0.021898 0.803902 0.037928
v 0.021898 0.810536 0.037928
v 0.021898 0.817170 0.037928
v 0.021897 0.823803 0.037927
v 0.021897 0.830437 0.037927
v 0.006924 0.837070 0.043287
v -0.008071 0.837070 0.043032
v -0.021864 0.837070 0.037870
v -0.033231 0.837070 0.028506
v -0.040949 0.837070 0.015647
v -0.043794 0.830437 0.000000
v -0.043795 0.823803 0.000000
v -0.043795 0.817170 0.000000
v -0.043796 0.810536 0.000000
v -0.043796 0.803902 0.000000
v 0.019060 0.837070 0.033014
v 0.016224 0.837070 0.028101
v 0.013388 0.837070 0.023188
v 0.010551 0.837070 0.018275
v 0.007715 0.837070 0.013362
v 0.001543 0.837070 0.009643
v -0.001798 0.837070 0.009586
v -0.004871 0.837070 0.008436
v -0.007403 0.837070 0.006350
v -0.009122 0.837070 0.003486
v -0.015429 0.837070 0.000000
v -0.021102 0.837070 0.000000
v -0.026775 0.837070 0.000000
v -0.032448 0.837070 0.000000
v -0.038121 0.837070 0.000000
v 0.006305 0.840756 0.010921
v 0.007733 0.844442 0.013393
v 0.009160 0.848127 0.015865
v 0.010587 0.851813 0.018337
v 0.012014 0.855498 0.020810
v 0.004250 0.859184 0.026572
v -0.004954 0.859184 0.026416
v -0.013421 0.859184 0.023247
v -0.020399 0.859184 0.017499
v -0.025137 0.859184 0.009605
v -0.024029 0.855498 0.000000
v -0.021174 0.851813 0.000000
v -0.018320 0.848127 0.000000
v -0.015465 0.844442 0.000000
v -0.012611 0.840756 0.000000
v 0.011201 0.860991 0.019401
v 0.008961 0.862797 0.015521
v 0.006721 0.864604 0.011641
v 0.004481 0.866411 0.007761
v 0.002240 0.868217 0.003880
v 0.000000 0.870024 -0.000000
v 0.000000 0.870024 0.000000
v 0.000000 0.870024 0.000000
v 0.000000 0.870024 0.000000
v 0.000000 0.870024 0.000000
v -0.004481 0.868217 0.000000
v -0.008961 0.866411 0.000000
v -0.013442 0.864604 0.000000
v -0.017922 0.862797 0.000000
v -0.022403 0.860991 0.000000
v 0.000968 0.172360 0.000786
v 0.001175 0.172360 0.000413
v 0.001244 0.172360 0.000000
v 0.001175 0.172360 -0.000413
v 0.000968 0.172360 -0.000786
v 0.012998 0.172360 -0.022514
v 0.025374 0.172360 -0.043949
v 0.037750 0.172360 -0.065385
v 0.050126 0.172360 -0.086820
v 0.062501 0.172360 -0.108255
v 0.116350 0.172360 -0.094514
v 0.141234 0.172360 -0.049673
v 0.149529 0.172360 0.000000
v 0.141234 0.172360 0.049673
v 0.116350 0.172360 0.094514
v 0.074895 0.178431 -0.129722
v 0.074913 0.184501 -0.129753
v 0.074931 0.190572 -0.129785
v 0.074949 0.196642 -0.129816
v 0.074967 0.202712 -0.129847
v 0.116519 0.208783 -0.094651
v 0.141439 0.208783 -0.049745
v 0.149745 0.208783 0.000000
v 0.141439 0.208783 0.049745
v 0.116519 0.208783 0.094651
v 0.073793 0.208747 -0.127813
v 0.072601 0.208711 -0.125748
v 0.071408 0.208675 -0.123683
v 0.070216 0.208638 -0.121617
v 0.069023 0.208602 -0.119552
v 0.105402 0.208566 -0.085620
v 0.127944 0.208566 -0.044999
v 0.135458 0.208566 0.000000
v 0.127944 0.208566 0.044999
v 0.105402 0.208566 0.085620
v 0.066765 0.209144 -0.115641
v 0.065699 0.209722 -0.113794
v 0.064633 0.210301 -0.111948
v 0.063567 0.210879 -0.110102
v 0.062501 0.211457 -0.108255
v 0.095464 0.212035 -0.077547
v 0.115880 0.212035 -0.040756
v 0.122686 0.212035 0.000000
v 0.115880 0.212035 0.040756
v 0.095464 0.212035 0.077548
v 0.061490 0.212938 -0.106503
v 0.061544 0.213842 -0.106597
v 0.061598 0.214745 -0.106691
v 0.061652 0.215648 -0.106785
v 0.061706 0.216552 -0.106879
v 0.095969 0.217455 -0.077958
v 0.116494 0.217455 -0.040972
v 0.123336 0.217455 0.000000
v 0.116494 0.217455 0.040972
v 0.095969 0.217455 0.077958
v 0.063061 0.218720 -0.109226
v 0.064362 0.219984 -0.111479
v 0.065663 0.221249 -0.113732
v 0.066964 0.222514 -0.115985
v 0.068265 0.223778 -0.118238
v 0.108097 0.225043 -0.087810
v 0.131215 0.225043 -0.046150
v 0.138922 0.225043 0.000000
v 0.131215 0.225043 0.046150
v 0.108097 0.225043 0.087810
v 0.070342 0.227319 -0.121836
v 0.071119 0.229596 -0.123182
v 0.071896 0.231872 -0.124528
v 0.072673 0.234149 -0.125873
v 0.073450 0.236425 -0.127219
v 0.115340 0.238701 -0.093693
v 0.140008 0.238701 -0.049242
v 0.148230 0.238701 0.000000
v 0.140008 0.238701 0.049242
v 0.115340 0.238701 0.093693
v 0.074118 0.242387 -0.128377
v 0.074010 0.246073 -0.128189
v 0.073902 0.249758 -0.128001
v 0.073793 0.253444 -0.127813
v 0.073685 0.257130 -0.127626
v 0.114329 0.260815 -0.092872
v 0.138781 0.260815 -0.048810
v 0.146931 0.260815 0.000000
v 0.138781 0.260815 0.048810
v 0.114329 0.260815 0.092872
v 0.072185 0.264248 -0.125028
v 0.070794 0.267681 -0.122619
v 0.069403 0.271113 -0.120209
v 0.068012 0.274546 -0.117800
v 0.066621 0.277979 -0.115390
v 0.101359 0.281411 -0.082337
v 0.123037 0.281411 -0.043273
v 0.130263 0.281411 0.000000
v 0.123037 0.281411 0.043273
v 0.101359 0.281411 0.082337
v 0.062863 0.285205 -0.108881
v 0.060496 0.288999 -0.104782
v 0.058129 0.292793 -0.100683
v 0.055762 0.296587 -0.096583
v 0.053396 0.300381 -0.092484
v 0.079293 0.304175 -0.064412
v 0.096252 0.304175 -0.033852
v 0.101904 0.304175 0.000000
v 0.096252 0.304175 0.033853
v 0.079293 0.304175 0.064412
v 0.050342 0.306343 -0.087196
v 0.049656 0.308511 -0.086006
v 0.048969 0.310679 -0.084817
v 0.048283 0.312847 -0.083628
v 0.047596 0.315015 -0.082439
v 0.072892 0.317183 -0.059212
v 0.088482 0.317183 -0.031120
v 0.093678 0.317183 0.000000
v 0.088482 0.317183 0.031120
v 0.072892 0.317183 0.059212
v 0.046874 0.318737 -0.081187
v 0.046837 0.320291 -0.081125
v 0.046801 0.321845 -0.081062
v 0.046765 0.323398 -0.081000
v 0.046729 0.324952 -0.080937
v 0.072555 0.326506 -0.058939
v 0.088073 0.326506 -0.030976
v 0.093245 0.326506 0.000000
v 0.088073 0.326506 0.030976
v 0.072555 0.326506 0.058939
v 0.048307 0.328637 -0.083670
v 0.049921 0.330769 -0.086465
v 0.051534 0.332900 -0.089260
v 0.053148 0.335031 -0.092056
v 0.054762 0.337163 -0.094851
v 0.087602 0.339294 -0.071161
v 0.106337 0.339294 -0.037400
v 0.112582 0.339294 0.000000
v 0.106337 0.339294 0.037400
v 0.087602 0.339294 0.071161
v 0.055689 0.340740 -0.096457
v 0.055003 0.342185 -0.095268
v 0.054316 0.343630 -0.094079
v 0.053630 0.345076 -0.092890
v 0.052943 0.346521 -0.091700
v 0.081201 0.347966 -0.065962
v 0.098567 0.347966 -0.034667
v 0.104356 0.347966 0.000000
v 0.098567 0.347966 0.034667
v 0.081201 0.347966 0.065962
v 0.050956 0.348400 -0.088258
v 0.049655 0.348834 -0.086005
v 0.048354 0.349267 -0.083752
v 0.047054 0.349701 -0.081499
v 0.045753 0.350134 -0.079246
v 0.069073 0.350568 -0.056110
v 0.083846 0.350568 -0.029489
v 0.088770 0.350568 0.000000
v 0.083846 0.350568 0.029489
v 0.069073 0.350568 0.056110
v 0.042338 0.357289 -0.073332
v 0.040224 0.364010 -0.069670
v 0.038110 0.370730 -0.066009
v 0.035997 0.377451 -0.062348
v 0.033883 0.384172 -0.058687
v 0.049365 0.390893 -0.040101
v 0.059923 0.390893 -0.021075
v 0.063443 0.390893 0.000000
v 0.059923 0.390893 0.021076
v 0.049365 0.390893 0.040101
v 0.030360 0.399493 -0.052585
v 0.028951 0.408092 -0.050144
v 0.027541 0.416692 -0.047703
v 0.026132 0.425292 -0.045262
v 0.024723 0.433892 -0.042821
v 0.036227 0.442492 -0.029428
v 0.043975 0.442492 -0.015466
v 0.046557 0.442492 0.000000
v 0.043975 0.442492 0.015466
v 0.036227 0.442492 0.029428
v 0.023074 0.453072 -0.039965
v 0.022834 0.463652 -0.039549
v 0.022594 0.474232 -0.039133
v 0.022354 0.484812 -0.038717
v 0.022113 0.495392 -0.038302
v 0.033989 0.505972 -0.027610
v 0.041258 0.505972 -0.014511
v 0.043681 0.505972 -0.000000
v 0.041258 0.505972 0.014511
v 0.033989 0.505972 0.027610
v 0.022271 0.511356 -0.038574
v 0.022668 0.516740 -0.039263
v 0.023066 0.522124 -0.039951
v 0.023463 0.527508 -0.040640
v 0.023861 0.532892 -0.041328
v 0.037695 0.538276 -0.030620
v 0.045756 0.538276 -0.016093
v 0.048444 0.538276 -0.000000
v 0.045756 0.538276 0.016093
v 0.037695 0.538276 0.030620
v 0.026390 0.538131 -0.045709
v 0.028522 0.537987 -0.049402
v 0.030654 0.537842 -0.053094
v 0.032786 0.537698 -0.056787
v 0.034918 0.537553 -0.060479
v 0.057571 0.537409 -0.046766
v 0.069883 0.537409 -0.024579
v 0.073988 0.537409 -0.000000
v 0.069883 0.537409 0.024579
v 0.057571 0.537409 0.046766
v 0.038097 0.538493 -0.065987
v 0.039145 0.539577 -0.067802
v 0.040193 0.540661 -0.069617
v 0.041241 0.541745 -0.071432
v 0.042289 0.542829 -0.073246
v 0.067340 0.543913 -0.054702
v 0.081742 0.543913 -0.028750
v 0.086543 0.543913 -0.000000
v 0.081742 0.543913 0.028749
v 0.067340 0.543913 0.054702
v 0.043644 0.545430 -0.075593
v 0.043951 0.546948 -0.076125
v 0.044258 0.548465 -0.076657
v 0.044565 0.549983 -0.077189
v 0.044872 0.551501 -0.077721
v 0.070204 0.553018 -0.057028
v 0.085218 0.553018 -0.029972
v 0.090223 0.553018 -0.000000
v 0.085218 0.553018 0.029972
v 0.070204 0.553018 0.057028
v 0.045017 0.554789 -0.077972
v 0.044854 0.556559 -0.077690
v 0.044692 0.558330 -0.077408
v 0.044529 0.560100 -0.077127
v 0.044367 0.561871 -0.076845
v 0.068688 0.563641 -0.055797
v 0.083378 0.563641 -0.029325
v 0.088275 0.563641 -0.000000
v 0.083378 0.563641 0.029325
v 0.068688 0.563641 0.055797
v 0.043228 0.564870 -0.074874
v 0.042253 0.566099 -0.073184
v 0.041277 0.567327 -0.071494
v 0.040302 0.568556 -0.069804
v 0.039326 0.569784 -0.068114
v 0.059592 0.571013 -0.048408
v 0.072337 0.571013 -0.025442
v 0.076585 0.571013 -0.000000
v 0.072337 0.571013 0.025442
v 0.059592 0.571013 0.048408
v 0.037610 0.571157 -0.065142
v 0.036869 0.571302 -0.063859
v 0.036128 0.571446 -0.062576
v 0.035387 0.571591 -0.061293
v 0.034647 0.571735 -0.060010
v 0.052686 0.571880 -0.042798
v 0.063954 0.571880 -0.022493
v 0.067710 0.571880 -0.000000
v 0.063954 0.571880 0.022493
v 0.052686 0.571880 0.042798
v 0.034610 0.573036 -0.059947
v 0.035315 0.574192 -0.061168
v 0.036020 0.575349 -0.062388
v 0.036724 0.576505 -0.063608
v 0.037429 0.577661 -0.064829
v 0.059255 0.578818 -0.048134
v 0.071928 0.578818 -0.025298
v 0.076152 0.578818 -0.000000
v 0.071928 0.578818 0.025298
v 0.059255 0.578818 0.048134
v 0.038043 0.579902 -0.065893
v 0.037953 0.580986 -0.065736
v 0.037863 0.582070 -0.065580
v 0.037772 0.583154 -0.065423
v 0.037682 0.584238 -0.065267
v 0.058413 0.585322 -0.047450
v 0.070906 0.585322 -0.024938
v 0.075070 0.585322 -0.000000
v 0.070906 0.585322 0.024938
v 0.058413 0.585322 0.047450
v 0.034929 0.587024 -0.060499
v 0.032267 0.588727 -0.055889
v 0.029605 0.590430 -0.051278
v 0.026943 0.592133 -0.046667
v 0.024281 0.593836 -0.042056
v 0.033593 0.595538 -0.027288
v 0.040778 0.595538 -0.014342
v 0.043172 0.595538 -0.000000
v 0.040778 0.595538 0.014342
v 0.033593 0.595538 0.027288
v 0.021655 0.597128 -0.037507
v 0.021691 0.598718 -0.037570
v 0.021727 0.600308 -0.037633
v 0.021763 0.601898 -0.037695
v 0.021799 0.603488 -0.037758
v 0.033930 0.605078 -0.027562
v 0.041187 0.605078 -0.014486
v 0.043605 0.605078 -0.000000
v 0.041187 0.605078 0.014486
v 0.033930 0.605078 0.027562
v 0.022540 0.605583 -0.039041
v 0.023245 0.606089 -0.040261
v 0.023949 0.606595 -0.041482
v 0.024654 0.607101 -0.042702
v 0.025359 0.607607 -0.043922
v 0.040499 0.608113 -0.032899
v 0.049161 0.608113 -0.017290
v 0.052048 0.608113 -0.000000
v 0.049161 0.608113 0.017290
v 0.040499 0.608113 0.032898
v 0.026153 0.608944 -0.045299
v 0.026244 0.609775 -0.045456
v 0.026334 0.610606 -0.045612
v 0.026424 0.611437 -0.045769
v 0.026515 0.612268 -0.045925
v 0.041341 0.613099 -0.033583
v 0.050183 0.613099 -0.017650
v 0.053130 0.613099 -0.000000
v 0.050183 0.613099 0.017650
v 0.041341 0.613099 0.033583
v 0.025828 0.614183 -0.044736
v 0.025051 0.615267 -0.043390
v 0.024275 0.616351 -0.042045
v 0.023498 0.617435 -0.040699
v 0.022721 0.618519 -0.039354
v 0.034098 0.619603 -0.027699
v 0.041391 0.619603 -0.014558
v 0.043822 0.619603 -0.000000
v 0.041391 0.619603 0.014558
v 0.034098 0.619603 0.027699
v 0.025534 0.637592 -0.044226
v 0.029124 0.655581 -0.050444
v 0.032714 0.673570 -0.056662
v 0.036303 0.691559 -0.062880
v 0.039893 0.709548 -0.069097
v 0.067568 0.727536 -0.054887
v 0.082019 0.727536 -0.028847
v 0.086836 0.727536 -0.000000
v 0.082019 0.727536 0.028847
v 0.067568 0.727536 0.054887
v 0.043483 0.729379 -0.075315
v 0.043483 0.731222 -0.075315
v 0.043483 0.733065 -0.075315
v 0.043483 0.734908 -0.075315
v 0.043483 0.736750 -0.075315
v 0.067568 0.738593 -0.054887
v 0.082019 0.738593 -0.028847
v 0.086836 0.738593 -0.000000
v 0.082019 0.738593 0.028847
v 0.067568 0.738593 0.054887
v 0.042670 0.739858 -0.073907
v 0.041857 0.741123 -0.072499
v 0.041044 0.742387 -0.071091
v 0.040231 0.743652 -0.069683
v 0.039418 0.744917 -0.068274
v 0.059988 0.746181 -0.048730
v 0.072818 0.746181 -0.025611
v 0.077094 0.746181 -0.000000
v 0.072818 0.746181 0.025611
v 0.059988 0.746181 0.048730
v 0.036040 0.747446 -0.062423
v 0.033474 0.748711 -0.057979
v 0.030909 0.749975 -0.053536
v 0.028343 0.751240 -0.049092
v 0.025778 0.752505 -0.044649
v 0.036069 0.753769 -0.029300
v 0.043784 0.753769 -0.015399
v 0.046355 0.753769 -0.000000
v 0.043784 0.753769 0.015399
v 0.036069 0.753769 0.029300
v 0.021333 0.754058 -0.036951
v 0.019454 0.754347 -0.033696
v 0.017575 0.754637 -0.030442
v 0.015697 0.754926 -0.027187
v 0.013818 0.755215 -0.023933
v 0.018551 0.755504 -0.015070
v 0.022519 0.755504 -0.007920
v 0.023842 0.755504 -0.000000
v 0.022519 0.755504 0.007920
v 0.018551 0.755504 0.015070
v 0.012445 0.756082 -0.021555
v 0.012950 0.756660 -0.022431
v 0.013456 0.757238 -0.023307
v 0.013962 0.757816 -0.024183
v 0.014468 0.758394 -0.025059
v 0.023268 0.758973 -0.018901
v 0.028244 0.758973 -0.009934
v 0.029903 0.758973 -0.000000
v 0.028244 0.758973 0.009934
v 0.023268 0.758973 0.018901
v 0.014956 0.759731 -0.025904
v 0.014938 0.760490 -0.025873
v 0.014920 0.761249 -0.025842
v 0.014902 0.762008 -0.025810
v 0.014884 0.762767 -0.025779
v 0.023099 0.763525 -0.018764
v 0.028040 0.763525 -0.009862
v 0.029686 0.763525 -0.000000
v 0.028040 0.763525 0.009862
v 0.023099 0.763525 0.018764
v 0.013998 0.764212 -0.024246
v 0.013131 0.764898 -0.022744
v 0.012264 0.765585 -0.021242
v 0.011397 0.766272 -0.019740
v 0.010529 0.766958 -0.018238
v 0.015014 0.767645 -0.012196
v 0.018225 0.767645 -0.006410
v 0.019296 0.767645 -0.000000
v 0.018225 0.767645 0.006410
v 0.015014 0.767645 0.012196
v 0.010329 0.768752 -0.017890
v 0.010995 0.769859 -0.019044
v 0.011661 0.770966 -0.020198
v 0.012327 0.772073 -0.021351
v 0.012993 0.773181 -0.022505
v 0.021226 0.774288 -0.017242
v 0.025765 0.774288 -0.009062
v 0.027278 0.774288 -0.000000
v 0.025765 0.774288 0.009062
v 0.021226 0.774288 0.017242
v 0.013786 0.775661 -0.023878
v 0.013913 0.777034 -0.024098
v 0.014039 0.778407 -0.024317
v 0.014166 0.779780 -0.024536
v 0.014292 0.781153 -0.024755
v 0.022405 0.782526 -0.018200
v 0.027197 0.782526 -0.009565
v 0.028794 0.782526 -0.000000
v 0.027197 0.782526 0.009565
v 0.022405 0.782526 0.018200
v 0.013262 0.784983 -0.022971
v 0.012106 0.787440 -0.020968
v 0.010950 0.789898 -0.018966
v 0.009793 0.792355 -0.016963
v 0.008637 0.794812 -0.014960
v 0.011624 0.797269 -0.009443
v 0.014111 0.797269 -0.004963
v 0.014939 0.797269 -0.000000
v 0.014111 0.797269 0.004963
v 0.011625 0.797269 0.009443
v 0.009884 0.797269 -0.017119
v 0.012287 0.797269 -0.021281
v 0.014690 0.797269 -0.025443
v 0.017092 0.797269 -0.029605
v 0.019495 0.797269 -0.033767
v 0.034027 0.797269 -0.027641
v 0.041305 0.797269 -0.014527
v 0.043731 0.797269 -0.000000
v 0.041305 0.797269 0.014527
v 0.034027 0.797269 0.027641
v 0.021898 0.803902 -0.037928
v 0.021898 0.810536 -0.037928
v 0.021898 0.817170 -0.037928
v 0.021897 0.823803 -0.037927
v 0.021897 0.830437 -0.037927
v 0.034025 0.837070 -0.027640
v 0.041302 0.837070 -0.014526
v 0.043728 0.837070 -0.000000
v 0.041302 0.837070 0.014526
v 0.034025 0.837070 0.027640
v 0.019060 0.837070 -0.033014
v 0.016224 0.837070 -0.028101
v 0.013387 0.837070 -0.023188
v 0.010551 0.837070 -0.018275
v 0.007714 0.837070 -0.013362
v 0.007580 0.837070 -0.006157
v 0.009201 0.837070 -0.003236
v 0.009741 0.837070 -0.000000
v 0.009201 0.837070 0.003236
v 0.007580 0.837070 0.006157
v 0.006305 0.840756 -0.010921
v 0.007733 0.844442 -0.013393
v 0.009160 0.848127 -0.015865
v 0.010587 0.851813 -0.018337
v 0.012014 0.855498 -0.020810
v 0.020887 0.859184 -0.016967
v 0.025354 0.859184 -0.008917
v 0.026843 0.859184 -0.000000
v 0.025354 0.859184 0.008917
v 0.020887 0.859184 0.016967
v 0.011201 0.860991 -0.019401
v 0.008961 0.862797 -0.015521
v 0.006721 0.864604 -0.011641
v 0.004481 0.866411 -0.007761
v 0.002240 0.868217 -0.003880
v -0.000000 0.870024 -0.000000
v -0.000000 0.870024 -0.000000
v 0.000000 0.870024 -0.000000
v 0.000000 0.870024 -0.000000
v 0.000000 0.870024 -0.000000
v 0.000197 0.172360 -0.001231
v -0.000229 0.172360 -0.001224
v -0.000622 0.172360 -0.001077
v -0.000945 0.172360 -0.000811
v -0.001164 0.172360 -0.000445
v -0.140027 0.172360 -0.053505
v -0.113635 0.172360 -0.097476
v -0.074764 0.172360 -0.129496
v -0.027599 0.172360 -0.147149
v 0.023677 0.172360 -0.148020
v -0.140230 0.208783 -0.053583
v -0.113800 0.208783 -0.097617
v -0.074873 0.208783 -0.129683
v -0.027639 0.208783 -0.147362
v 0.023711 0.208783 -0.148234
v -0.126850 0.208566 -0.048470
v -0.102942 0.208566 -0.088303
v -0.067729 0.208566 -0.117310
v -0.025002 0.208566 -0.133302
v 0.021449 0.208566 -0.134091
v -0.114890 0.212035 -0.043900
v -0.093236 0.212035 -0.079977
v -0.061343 0.212035 -0.106249
v -0.022644 0.212035 -0.120733
v 0.019426 0.212035 -0.121448
v -0.115498 0.217455 -0.044133
v -0.093730 0.217455 -0.080401
v -0.061668 0.217455 -0.106812
v -0.022764 0.217455 -0.121373
v 0.019529 0.217455 -0.122090
v -0.130094 0.225043 -0.049710
v -0.105574 0.225043 -0.090561
v -0.069461 0.225043 -0.120310
v -0.025641 0.225043 -0.136711
v 0.021997 0.225043 -0.137519
v -0.138811 0.238701 -0.053040
v -0.112648 0.238701 -0.096629
v -0.074115 0.238701 -0.128371
v -0.027359 0.238701 -0.145871
v 0.023471 0.238701 -0.146734
v -0.137594 0.260815 -0.052576
v -0.111661 0.260815 -0.095782
v -0.073466 0.260815 -0.127246
v -0.027119 0.260815 -0.144593
v 0.023265 0.260815 -0.145448
v -0.121985 0.281411 -0.046611
v -0.098994 0.281411 -0.084916
v -0.065131 0.281411 -0.112811
v -0.024043 0.281411 -0.128190
v 0.020626 0.281411 -0.128948
v -0.095429 0.304175 -0.036464
v -0.077443 0.304175 -0.066430
v -0.050952 0.304175 -0.088252
v -0.018809 0.304175 -0.100283
v 0.016136 0.304175 -0.100876
v -0.087726 0.317183 -0.033521
v -0.071191 0.317183 -0.061068
v -0.046839 0.317183 -0.081128
v -0.017290 0.317183 -0.092187
v 0.014833 0.317183 -0.092733
v -0.087320 0.326506 -0.033366
v -0.070862 0.326506 -0.060785
v -0.046623 0.326506 -0.080753
v -0.017210 0.326506 -0.091761
v 0.014765 0.326506 -0.092304
v -0.105428 0.339294 -0.040285
v -0.085558 0.339294 -0.073391
v -0.056291 0.339294 -0.097499
v -0.020779 0.339294 -0.110791
v 0.017826 0.339294 -0.111446
v -0.097725 0.347966 -0.037341
v -0.079306 0.347966 -0.068028
v -0.052178 0.347966 -0.090375
v -0.019261 0.347966 -0.102695
v 0.016524 0.347966 -0.103303
v -0.083129 0.350568 -0.031764
v -0.067461 0.350568 -0.057868
v -0.044385 0.350568 -0.076877
v -0.016384 0.350568 -0.087357
v 0.014056 0.350568 -0.087874
v -0.059411 0.390893 -0.022701
v -0.048214 0.390893 -0.041357
v -0.031721 0.390893 -0.054943
v -0.011710 0.390893 -0.062433
v 0.010046 0.390893 -0.062802
v -0.043599 0.442492 -0.016659
v -0.035382 0.442492 -0.030350
v -0.023279 0.442492 -0.040320
v -0.008593 0.442492 -0.045816
v 0.007372 0.442492 -0.046087
v -0.040905 0.505972 -0.015630
v -0.033196 0.505972 -0.028475
v -0.021841 0.505972 -0.037829
v -0.008062 0.505972 -0.042986
v 0.006917 0.505972 -0.043240
v -0.045365 0.538276 -0.017334
v -0.036815 0.538276 -0.031580
v -0.024222 0.538276 -0.041953
v -0.008941 0.538276 -0.047673
v 0.007671 0.538276 -0.047955
v -0.069286 0.537409 -0.026475
v -0.056227 0.537409 -0.048231
v -0.036994 0.537409 -0.064075
v -0.013656 0.537409 -0.072810
v 0.011715 0.537409 -0.073241
v -0.081044 0.543913 -0.030967
v -0.065769 0.543913 -0.056416
v -0.043272 0.543913 -0.074949
v -0.015973 0.543913 -0.085166
v 0.013703 0.543913 -0.085670
v -0.084490 0.553018 -0.032284
v -0.068566 0.553018 -0.058815
v -0.045112 0.553018 -0.078136
v -0.016653 0.553018 -0.088787
v 0.014286 0.553018 -0.089312
v -0.082665 0.563641 -0.031587
v -0.067085 0.563641 -0.057545
v -0.044137 0.563641 -0.076448
v -0.016293 0.563641 -0.086870
v 0.013978 0.563641 -0.087384
v -0.071719 0.571013 -0.027404
v -0.058201 0.571013 -0.049925
v -0.038293 0.571013 -0.066325
v -0.014135 0.571013 -0.075366
v 0.012127 0.571013 -0.075812
v -0.063407 0.571880 -0.024228
v -0.051457 0.571880 -0.044139
v -0.033855 0.571880 -0.058638
v -0.012497 0.571880 -0.066632
v 0.010721 0.571880 -0.067026
v -0.071313 0.578818 -0.027249
v -0.057872 0.578818 -0.049643
v -0.038076 0.578818 -0.065950
v -0.014056 0.578818 -0.074940
v 0.012058 0.578818 -0.075384
v -0.070300 0.585322 -0.026862
v -0.057050 0.585322 -0.048937
v -0.037535 0.585322 -0.065012
v -0.013856 0.585322 -0.073875
v 0.011887 0.585322 -0.074312
v -0.040429 0.595538 -0.015448
v -0.032809 0.595538 -0.028144
v -0.021586 0.595538 -0.037388
v -0.007968 0.595538 -0.042485
v 0.006836 0.595538 -0.042737
v -0.040834 0.605078 -0.015603
v -0.033138 0.605078 -0.028426
v -0.021803 0.605078 -0.037763
v -0.008048 0.605078 -0.042911
v 0.006905 0.605078 -0.043165
v -0.048741 0.608113 -0.018624
v -0.039554 0.608113 -0.033929
v -0.026024 0.608113 -0.045075
v -0.009607 0.608113 -0.051220
v 0.008241 0.608113 -0.051523
v -0.049754 0.613099 -0.019011
v -0.040377 0.613099 -0.034635
v -0.026565 0.613099 -0.046012
v -0.009806 0.613099 -0.052285
v 0.008413 0.613099 -0.052594
v -0.041037 0.619603 -0.015681
v -0.033303 0.619603 -0.028567
v -0.021911 0.619603 -0.037951
v -0.008088 0.619603 -0.043124
v 0.006939 0.619603 -0.043380
v -0.081318 0.727536 -0.031072
v -0.065991 0.727536 -0.056607
v -0.043418 0.727536 -0.075202
v -0.016027 0.727536 -0.085454
v 0.013750 0.727536 -0.085959
v -0.081318 0.738593 -0.031072
v -0.065991 0.738593 -0.056607
v -0.043418 0.738593 -0.075202
v -0.016027 0.738593 -0.085454
v 0.013750 0.738593 -0.085959
v -0.072195 0.746181 -0.027586
v -0.058588 0.746181 -0.050257
v -0.038547 0.746181 -0.066766
v -0.014229 0.746181 -0.075867
v 0.012207 0.746181 -0.076316
v -0.043409 0.753769 -0.016587
v -0.035228 0.753769 -0.030218
v -0.023177 0.753769 -0.040145
v -0.008556 0.753769 -0.045617
v 0.007340 0.753769 -0.045887
v -0.022326 0.755504 -0.008531
v -0.018119 0.755504 -0.015542
v -0.011921 0.755504 -0.020647
v -0.004400 0.755504 -0.023462
v 0.003775 0.755504 -0.023601
v -0.028003 0.758973 -0.010700
v -0.022725 0.758973 -0.019493
v -0.014951 0.758973 -0.025897
v -0.005519 0.758973 -0.029427
v 0.004735 0.758973 -0.029601
v -0.027800 0.763525 -0.010622
v -0.022560 0.763525 -0.019352
v -0.014843 0.763525 -0.025709
v -0.005479 0.763525 -0.029214
v 0.004701 0.763525 -0.029387
v -0.018069 0.767645 -0.006904
v -0.014664 0.767645 -0.012578
v -0.009648 0.767645 -0.016710
v -0.003561 0.767645 -0.018988
v 0.003055 0.767645 -0.019101
v -0.025545 0.774288 -0.009761
v -0.020730 0.774288 -0.017782
v -0.013639 0.774288 -0.023624
v -0.005035 0.774288 -0.026844
v 0.004319 0.774288 -0.027003
v -0.026964 0.782526 -0.010303
v -0.021882 0.782526 -0.018770
v -0.014397 0.782526 -0.024936
v -0.005315 0.782526 -0.028336
v 0.004559 0.782526 -0.028503
v -0.013990 0.797269 -0.005346
v -0.011353 0.797269 -0.009739
v -0.007470 0.797269 -0.012938
v -0.002757 0.797269 -0.014702
v 0.002365 0.797269 -0.014789
v -0.040952 0.797269 -0.015648
v -0.033233 0.797269 -0.028507
v -0.021865 0.797269 -0.037872
v -0.008071 0.797269 -0.043035
v 0.006924 0.797269 -0.043289
v -0.040949 0.837070 -0.015647
v -0.033231 0.837070 -0.028506
v -0.021864 0.837070 -0.037870
v -0.008071 0.837070 -0.043032
v 0.006924 0.837070 -0.043287
v -0.009122 0.837070 -0.003486
v -0.007403 0.837070 -0.006350
v -0.004871 0.837070 -0.008436
v -0.001798 0.837070 -0.009586
v 0.001542 0.837070 -0.009643
v -0.025137 0.859184 -0.009605
v -0.020399 0.859184 -0.017498
v -0.013421 0.859184 -0.023247
v -0.004954 0.859184 -0.026416
v 0.004250 0.859184 -0.026572
v -0.000000 0.870024 0.000000
v -0.000000 0.870024 0.000000
v -0.000000 0.870024 0.000000
v -0.000000 0.870024 0.000000
v -0.000000 0.870024 -0.000000
v -0.023674 0.172360 0.005257
v -0.017696 0.172360 0.011058
v -0.009552 0.172360 0.016544
v -0.000729 0.172360 0.020854
v 0.007284 0.172360 0.023131
v -0.046944 0.172360 0.014907
v -0.036884 0.172360 0.028342
v -0.022594 0.172360 0.039134
v -0.006103 0.172360 0.046113
v 0.010562 0.172360 0.048108
v -0.070596 0.172360 0.026975
v -0.057290 0.172360 0.049143
v -0.037693 0.172360 0.065286
v -0.013914 0.172360 0.074186
v 0.011937 0.172360 0.074625
v -0.094247 0.172360 0.039043
v -0.077697 0.172360 0.069945
v -0.052792 0.172360 0.091439
v -0.021725 0.172360 0.102260
v 0.013311 0.172360 0.101142
v -0.117518 0.172360 0.048693
v -0.096885 0.172360 0.087228
v -0.065835 0.172360 0.114029
v -0.027099 0.172360 0.127519
v 0.016590 0.172360 0.126120
v -0.140060 0.178431 0.053512
v -0.113660 0.178431 0.097491
v -0.074778 0.178431 0.129518
v -0.027600 0.178431 0.147178
v 0.023687 0.178431 0.148052
v -0.140094 0.184501 0.053526
v -0.113688 0.184501 0.097516
v -0.074797 0.184501 0.129551
v -0.027607 0.184501 0.147215
v 0.023692 0.184501 0.148088
v -0.140128 0.190572 0.053544
v -0.113718 0.190572 0.097546
v -0.074819 0.190572 0.129590
v -0.027619 0.190572 0.147256
v 0.023694 0.190572 0.148127
v -0.140163 0.196642 0.053561
v -0.113748 0.196642 0.097577
v -0.074841 0.196642 0.129628
v -0.027630 0.196642 0.147297
v 0.023696 0.196642 0.148165
v -0.140197 0.202713 0.053576
v -0.113776 0.202712 0.097602
v -0.074860 0.202712 0.129661
v -0.027638 0.202712 0.147334
v 0.023701 0.202712 0.148202
v -0.138061 0.208747 0.053119
v -0.112186 0.208747 0.096630
v -0.074012 0.208747 0.128193
v -0.027591 0.208747 0.145471
v 0.023028 0.208747 0.146124
v -0.135819 0.208711 0.052189
v -0.110337 0.208711 0.094964
v -0.072756 0.208711 0.126017
v -0.027073 0.208711 0.143037
v 0.022712 0.208711 0.143717
v -0.133540 0.208675 0.051026
v -0.108371 0.208674 0.092960
v -0.071301 0.208674 0.123497
v -0.026320 0.208674 0.140332
v 0.022580 0.208674 0.141162
v -0.131261 0.208638 0.049864
v -0.106405 0.208638 0.090956
v -0.069846 0.208638 0.120977
v -0.025568 0.208638 0.137627
v 0.022447 0.208638 0.138607
v -0.129019 0.208602 0.048934
v -0.104556 0.208602 0.089291
v -0.068589 0.208602 0.118800
v -0.025050 0.208602 0.135194
v 0.022131 0.208602 0.136201
v -0.124912 0.209144 0.048056
v -0.101500 0.209144 0.087421
v -0.066960 0.209144 0.115978
v -0.024959 0.209144 0.131611
v 0.020838 0.209144 0.132204
v -0.122907 0.209722 0.047225
v -0.099847 0.209722 0.085932
v -0.065837 0.209722 0.114032
v -0.024496 0.209722 0.129436
v 0.020556 0.209722 0.130053
v -0.120870 0.210301 0.046185
v -0.098089 0.210301 0.084140
v -0.064536 0.210301 0.111780
v -0.023823 0.210301 0.127018
v 0.020437 0.210301 0.127769
v -0.118833 0.210879 0.045146
v -0.096332 0.210879 0.082349
v -0.063236 0.210879 0.109527
v -0.023150 0.210879 0.124600
v 0.020319 0.210879 0.125485
v -0.116829 0.211457 0.044315
v -0.094679 0.211457 0.080860
v -0.062112 0.211457 0.107581
v -0.022687 0.211457 0.122424
v 0.020037 0.211457 0.123334
v -0.114988 0.212938 0.043921
v -0.093309 0.212938 0.080022
v -0.061382 0.212938 0.106317
v -0.022647 0.212938 0.120819
v 0.019457 0.212938 0.121544
v -0.115090 0.213842 0.043963
v -0.093393 0.213842 0.080098
v -0.061439 0.213842 0.106416
v -0.022670 0.213842 0.120930
v 0.019472 0.213842 0.121653
v -0.115194 0.214745 0.044016
v -0.093483 0.214745 0.080189
v -0.061505 0.214745 0.106530
v -0.022704 0.214745 0.121053
v 0.019478 0.214745 0.121769
v -0.115298 0.215648 0.044069
v -0.093572 0.215648 0.080280
v -0.061572 0.215648 0.106645
v -0.022739 0.215648 0.121176
v 0.019484 0.215648 0.121885
v -0.115399 0.216552 0.044111
v -0.093656 0.216552 0.080356
v -0.061629 0.216552 0.106744
v -0.022762 0.216552 0.121287
v 0.019498 0.216552 0.121995
v -0.117864 0.218720 0.044638
v -0.095490 0.218720 0.081478
v -0.062606 0.218720 0.108437
v -0.022817 0.218720 0.123436
v 0.020274 0.218720 0.124392
v -0.120310 0.219984 0.045653
v -0.097507 0.219984 0.083294
v -0.063977 0.219984 0.110812
v -0.023382 0.219984 0.126091
v 0.020619 0.219984 0.127018
v -0.122796 0.221249 0.046921
v -0.099652 0.221249 0.085481
v -0.065564 0.221249 0.113561
v -0.024203 0.221249 0.129042
v 0.020763 0.221249 0.129805
v -0.125282 0.222514 0.048189
v -0.101797 0.222514 0.087667
v -0.067151 0.222514 0.116310
v -0.025024 0.222514 0.131992
v 0.020908 0.222514 0.132592
v -0.127728 0.223778 0.049204
v -0.103814 0.223778 0.089484
v -0.068522 0.223778 0.118684
v -0.025589 0.223778 0.134647
v 0.021252 0.223778 0.135218
v -0.131507 0.227319 0.050012
v -0.106626 0.227319 0.091204
v -0.070021 0.227319 0.121281
v -0.025672 0.227319 0.137943
v 0.022442 0.227319 0.138894
v -0.132968 0.229596 0.050617
v -0.107830 0.229596 0.092289
v -0.070840 0.229596 0.122699
v -0.026010 0.229596 0.139529
v 0.022648 0.229596 0.140462
v -0.134452 0.231872 0.051375
v -0.109111 0.231872 0.093595
v -0.071788 0.231872 0.124340
v -0.026500 0.231872 0.141291
v 0.022734 0.231872 0.142127
v -0.135937 0.234149 0.052133
v -0.110392 0.234149 0.094901
v -0.072736 0.234149 0.125982
v -0.026990 0.234149 0.143053
v 0.022820 0.234149 0.143791
v -0.137398 0.236425 0.052738
v -0.111597 0.236425 0.095986
v -0.073555 0.236425 0.127400
v -0.027328 0.236425 0.144639
v 0.023026 0.236425 0.145359
v -0.138614 0.242387 0.052998
v -0.112502 0.242387 0.096539
v -0.074037 0.242387 0.128236
v -0.027355 0.242387 0.145699
v 0.023409 0.242387 0.146542
v -0.138410 0.246073 0.052914
v -0.112334 0.246073 0.096388
v -0.073923 0.246073 0.128038
v -0.027308 0.246073 0.145478
v 0.023380 0.246073 0.146323
v -0.138203 0.249758 0.052808
v -0.112155 0.249758 0.096206
v -0.073790 0.249758 0.127809
v -0.027239 0.249758 0.145232
v 0.023368 0.249758 0.146091
v -0.137995 0.253444 0.052702
v -0.111976 0.253444 0.096024
v -0.073658 0.253444 0.127580
v -0.027171 0.253444 0.144986
v 0.023356 0.253444 0.145859
v -0.137792 0.257130 0.052618
v -0.111808 0.257130 0.095872
v -0.073544 0.257130 0.127382
v -0.027124 0.257130 0.144765
v 0.023327 0.257130 0.145640
v -0.135064 0.264248 0.052035
v -0.109778 0.264248 0.094630
v -0.072462 0.264248 0.125508
v -0.027063 0.264248 0.142386
v 0.022469 0.264248 0.142986
v -0.132448 0.267681 0.050950
v -0.107622 0.267681 0.092688
v -0.070996 0.267681 0.122968
v -0.026459 0.267681 0.139547
v 0.022100 0.267681 0.140179
v -0.129790 0.271113 0.049593
v -0.105328 0.271113 0.090349
v -0.069299 0.271113 0.120029
v -0.025581 0.271113 0.136391
v 0.021946 0.271113 0.137198
v -0.127131 0.274546 0.048237
v -0.103034 0.274546 0.088011
v -0.067601 0.274546 0.117089
v -0.024703 0.274546 0.133236
v 0.021791 0.274546 0.134217
v -0.124515 0.277979 0.047152
v -0.100877 0.277979 0.086068
v -0.066135 0.277979 0.114549
v -0.024099 0.277979 0.130396
v 0.021423 0.277979 0.131409
v -0.117680 0.285205 0.045691
v -0.095791 0.285205 0.082957
v -0.063424 0.285205 0.109853
v -0.023947 0.285205 0.124435
v 0.019271 0.285205 0.124760
v -0.113230 0.288999 0.043845
v -0.092121 0.288999 0.079651
v -0.060929 0.288999 0.105533
v -0.022920 0.288999 0.119605
v 0.018644 0.288999 0.119983
v -0.108707 0.292793 0.041538
v -0.088218 0.292793 0.075673
v -0.058042 0.292793 0.100531
v -0.021426 0.292793 0.114236
v 0.018381 0.292793 0.114912
v -0.104184 0.296587 0.039230
v -0.084316 0.296587 0.071695
v -0.055154 0.296587 0.095530
v -0.019932 0.296587 0.108867
v 0.018118 0.296587 0.109841
v -0.099734 0.300381 0.037384
v -0.080646 0.300381 0.068390
v -0.052660 0.300381 0.091210
v -0.018904 0.300381 0.104037
v 0.017491 0.300381 0.105064
v -0.094180 0.306343 0.036197
v -0.076514 0.306343 0.065862
v -0.050457 0.306343 0.087394
v -0.018781 0.306343 0.099194
v 0.015743 0.306343 0.099661
v -0.092889 0.308511 0.035662
v -0.075449 0.308511 0.064903
v -0.049733 0.308511 0.086141
v -0.018483 0.308511 0.097792
v 0.015561 0.308511 0.098275
v -0.091577 0.310679 0.034992
v -0.074317 0.310679 0.063749
v -0.048896 0.310679 0.084690
v -0.018050 0.310679 0.096235
v 0.015484 0.310679 0.096804
v -0.090265 0.312847 0.034323
v -0.073185 0.312847 0.062595
v -0.048058 0.312847 0.083239
v -0.017616 0.312847 0.094678
v 0.015408 0.312847 0.095333
v -0.088974 0.315015 0.033787
v -0.072121 0.315015 0.061636
v -0.047335 0.315015 0.081986
v -0.017318 0.315015 0.093276
v 0.015226 0.315015 0.093948
v -0.087660 0.318737 0.033506
v -0.071143 0.318737 0.061038
v -0.046813 0.318737 0.081083
v -0.017289 0.318737 0.092130
v 0.014812 0.318737 0.092669
v -0.087592 0.320291 0.033478
v -0.071087 0.320291 0.060987
v -0.046775 0.320291 0.081017
v -0.017273 0.320291 0.092056
v 0.014803 0.320291 0.092596
v -0.087523 0.321845 0.033443
v -0.071027 0.321845 0.060927
v -0.046731 0.321845 0.080940
v -0.017250 0.321845 0.091974
v 0.014799 0.321845 0.092518
v -0.087454 0.323398 0.033408
v -0.070967 0.323398 0.060866
v -0.046687 0.323398 0.080864
v -0.017228 0.323398 0.091893
v 0.014795 0.323398 0.092441
v -0.087386 0.324952 0.033380
v -0.070911 0.324952 0.060815
v -0.046649 0.324952 0.080798
v -0.017212 0.324952 0.091819
v 0.014785 0.324952 0.092368
v -0.090255 0.328637 0.033993
v -0.073047 0.328637 0.062122
v -0.047787 0.328637 0.082770
v -0.017276 0.328637 0.094321
v 0.015689 0.328637 0.095160
v -0.093290 0.330769 0.035251
v -0.075549 0.330769 0.064376
v -0.049488 0.330769 0.085716
v -0.017976 0.330769 0.097615
v 0.016116 0.330769 0.098417
v -0.096374 0.332900 0.036825
v -0.078210 0.332900 0.067088
v -0.051457 0.332900 0.089126
v -0.018995 0.332900 0.101276
v 0.016296 0.332900 0.101875
v -0.099458 0.335031 0.038399
v -0.080871 0.335031 0.069801
v -0.053426 0.335031 0.092536
v -0.020014 0.335031 0.104937
v 0.016475 0.335031 0.105333
v -0.102493 0.337163 0.039657
v -0.083373 0.337163 0.072055
v -0.055127 0.337163 0.095482
v -0.020714 0.337163 0.108231
v 0.016902 0.337163 0.108590
v -0.104180 0.340740 0.040018
v -0.084628 0.340740 0.072822
v -0.055796 0.340740 0.096641
v -0.020752 0.340740 0.109702
v 0.017433 0.340740 0.110231
v -0.102889 0.342185 0.039482
v -0.083564 0.342185 0.071864
v -0.055072 0.342185 0.095388
v -0.020454 0.342185 0.108300
v 0.017251 0.342185 0.108845
v -0.101577 0.343630 0.038813
v -0.082432 0.343630 0.070710
v -0.054235 0.343630 0.093937
v -0.020020 0.343630 0.106743
v 0.017175 0.343630 0.107374
v -0.100265 0.345076 0.038144
v -0.081300 0.345076 0.069556
v -0.053397 0.345076 0.092486
v -0.019587 0.345076 0.105186
v 0.017099 0.345076 0.105903
v -0.098974 0.346521 0.037608
v -0.080236 0.346521 0.068597
v -0.052674 0.346521 0.091233
v -0.019289 0.346521 0.103784
v 0.016917 0.346521 0.104518
v -0.095359 0.348400 0.036835
v -0.077546 0.348400 0.066951
v -0.051240 0.348400 0.088750
v -0.019209 0.348400 0.100632
v 0.015779 0.348400 0.101001
v -0.092913 0.348834 0.035821
v -0.075529 0.348834 0.065135
v -0.049869 0.348834 0.086375
v -0.018644 0.348834 0.097977
v 0.015434 0.348834 0.098376
v -0.090427 0.349267 0.034553
v -0.073384 0.349267 0.062948
v -0.048282 0.349267 0.083626
v -0.017823 0.349267 0.095026
v 0.015290 0.349267 0.095588
v -0.087941 0.349701 0.033284
v -0.071239 0.349701 0.060762
v -0.046695 0.349701 0.080877
v -0.017002 0.349701 0.092076
v 0.015145 0.349701 0.092801
v -0.085495 0.350134 0.032270
v -0.069222 0.350134 0.058945
v -0.045324 0.350134 0.078503
v -0.016437 0.350134 0.089421
v 0.014801 0.350134 0.090176
v -0.079285 0.357289 0.030942
v -0.064600 0.357289 0.056118
v -0.042860 0.357289 0.074235
v -0.016299 0.357289 0.084004
v 0.012846 0.357289 0.084133
v -0.075310 0.364010 0.029294
v -0.061323 0.364010 0.053166
v -0.040632 0.364010 0.070377
v -0.015381 0.364010 0.079690
v 0.012286 0.364010 0.079867
v -0.071270 0.370730 0.027233
v -0.057837 0.370730 0.049613
v -0.038053 0.370730 0.065910
v -0.014047 0.370730 0.074895
v 0.012051 0.370730 0.075338
v -0.067230 0.377451 0.025171
v -0.054352 0.377451 0.046060
v -0.035474 0.377451 0.061443
v -0.012713 0.377451 0.070100
v 0.011816 0.377451 0.070809
v -0.063256 0.384172 0.023523
v -0.051075 0.384172 0.043108
v -0.033246 0.384172 0.057585
v -0.011795 0.384172 0.065786
v 0.011256 0.384172 0.066543
v -0.056848 0.399493 0.022153
v -0.046306 0.399493 0.040190
v -0.030704 0.399493 0.053182
v -0.011653 0.399493 0.060198
v 0.009239 0.399493 0.060308
v -0.054198 0.408092 0.021055
v -0.044121 0.408093 0.038222
v -0.029219 0.408092 0.050609
v -0.011041 0.408092 0.057321
v 0.008865 0.408092 0.057464
v -0.051505 0.416692 0.019680
v -0.041798 0.416692 0.035854
v -0.027500 0.416692 0.047631
v -0.010151 0.416692 0.054125
v 0.008709 0.416692 0.054445
v -0.048812 0.425292 0.018306
v -0.039474 0.425292 0.033485
v -0.025781 0.425292 0.044653
v -0.009262 0.425292 0.050928
v 0.008552 0.425292 0.051425
v -0.046162 0.433892 0.017207
v -0.037289 0.433892 0.031517
v -0.024296 0.433892 0.042081
v -0.008650 0.433892 0.048052
v 0.008179 0.433892 0.048581
v -0.043162 0.453072 0.016566
v -0.035057 0.453072 0.030151
v -0.023106 0.453072 0.040020
v -0.008584 0.453072 0.045436
v 0.007235 0.453072 0.045663
v -0.042711 0.463652 0.016379
v -0.034685 0.463652 0.029816
v -0.022853 0.463652 0.039582
v -0.008479 0.463652 0.044946
v 0.007171 0.463652 0.045178
v -0.042252 0.474232 0.016145
v -0.034289 0.474232 0.029413
v -0.022560 0.474232 0.039074
v -0.008328 0.474232 0.044401
v 0.007144 0.474232 0.044664
v -0.041793 0.484812 0.015911
v -0.033893 0.484812 0.029009
v -0.022267 0.484812 0.038567
v -0.008176 0.484812 0.043857
v 0.007118 0.484812 0.044149
v -0.041342 0.495392 0.015724
v -0.033521 0.495392 0.028674
v -0.022014 0.495392 0.038129
v -0.008072 0.495392 0.043367
v 0.007054 0.495392 0.043665
v -0.041628 0.511356 0.015785
v -0.033734 0.511356 0.028804
v -0.022127 0.511356 0.038326
v -0.008078 0.511356 0.043616
v 0.007144 0.511356 0.043943
v -0.042376 0.516740 0.016095
v -0.034350 0.516740 0.029359
v -0.022546 0.516740 0.039051
v -0.008251 0.516740 0.044428
v 0.007249 0.516740 0.044746
v -0.043135 0.522124 0.016482
v -0.035005 0.522124 0.030027
v -0.023031 0.522124 0.039891
v -0.008502 0.522124 0.045329
v 0.007294 0.522124 0.045597
v -0.043895 0.527508 0.016870
v -0.035661 0.527508 0.030695
v -0.023516 0.527508 0.040731
v -0.008753 0.527508 0.046231
v 0.007338 0.527508 0.046449
v -0.044642 0.532892 0.017180
v -0.036277 0.532892 0.031251
v -0.023935 0.532892 0.041457
v -0.008925 0.532892 0.047042
v 0.007443 0.532892 0.047251
v -0.049243 0.538131 0.018163
v -0.039700 0.538131 0.033345
v -0.025760 0.538131 0.044618
v -0.009027 0.538131 0.051054
v 0.008891 0.538131 0.051727
v -0.053251 0.537987 0.019826
v -0.043006 0.537987 0.036322
v -0.028007 0.537987 0.048509
v -0.009953 0.537987 0.055405
v 0.009456 0.537987 0.056030
v -0.057326 0.537842 0.021904
v -0.046521 0.537842 0.039906
v -0.030608 0.537842 0.053014
v -0.011299 0.537842 0.060241
v 0.009693 0.537842 0.060598
v -0.061400 0.537698 0.023983
v -0.050036 0.537698 0.043489
v -0.033209 0.537698 0.057519
v -0.012644 0.537698 0.065077
v 0.009930 0.537698 0.065165
v -0.065408 0.537553 0.025646
v -0.053342 0.537553 0.046466
v -0.035456 0.537553 0.061411
v -0.013570 0.537553 0.069428
v 0.010495 0.537553 0.069468
v -0.071192 0.538493 0.026882
v -0.057646 0.538493 0.049099
v -0.037750 0.538493 0.065385
v -0.013698 0.538493 0.074472
v 0.012315 0.538493 0.075095
v -0.073162 0.539577 0.027699
v -0.059270 0.539577 0.050563
v -0.038854 0.539577 0.067297
v -0.014153 0.539577 0.076611
v 0.012593 0.539577 0.077210
v -0.075165 0.540661 0.028721
v -0.060998 0.540661 0.052324
v -0.040133 0.540661 0.069512
v -0.014815 0.540661 0.078988
v 0.012709 0.540661 0.079455
v -0.077167 0.541745 0.029743
v -0.062726 0.541745 0.054085
v -0.041411 0.541745 0.071726
v -0.015476 0.541745 0.081365
v 0.012826 0.541745 0.081700
v -0.079138 0.542829 0.030560
v -0.064351 0.542829 0.055549
v -0.042515 0.542829 0.073639
v -0.015931 0.542829 0.083504
v 0.013103 0.542829 0.083815
v -0.081602 0.545430 0.031087
v -0.066185 0.545430 0.056671
v -0.043493 0.545430 0.075332
v -0.015986 0.545430 0.085653
v 0.013879 0.545430 0.086213
v -0.082180 0.546948 0.031326
v -0.066661 0.546948 0.057100
v -0.043817 0.546948 0.075893
v -0.016119 0.546948 0.086280
v 0.013961 0.546948 0.086833
v -0.082767 0.548465 0.031626
v -0.067167 0.548465 0.057616
v -0.044192 0.548465 0.076542
v -0.016313 0.548465 0.086977
v 0.013995 0.548465 0.087491
v -0.083354 0.549983 0.031925
v -0.067674 0.549983 0.058132
v -0.044566 0.549983 0.077191
v -0.016507 0.549983 0.087673
v 0.014029 0.549983 0.088149
v -0.083931 0.551501 0.032165
v -0.068150 0.551501 0.058561
v -0.044890 0.551501 0.077752
v -0.016640 0.551501 0.088300
v 0.014110 0.551501 0.088769
v -0.084194 0.554789 0.032221
v -0.068346 0.554789 0.058681
v -0.044994 0.554789 0.077932
v -0.016646 0.554789 0.088529
v 0.014193 0.554789 0.089025
v -0.083888 0.556559 0.032094
v -0.068094 0.556559 0.058454
v -0.044823 0.556559 0.077636
v -0.016575 0.556559 0.088198
v 0.014150 0.556559 0.088697
v -0.083578 0.558330 0.031936
v -0.067825 0.558330 0.058180
v -0.044625 0.558330 0.077292
v -0.016473 0.558330 0.087829
v 0.014132 0.558330 0.088348
v -0.083267 0.560100 0.031777
v -0.067557 0.560100 0.057907
v -0.044426 0.560100 0.076948
v -0.016370 0.560100 0.087460
v 0.014114 0.560100 0.088000
v -0.082961 0.561871 0.031650
v -0.067305 0.561871 0.057680
v -0.044255 0.561871 0.076652
v -0.016300 0.561871 0.087128
v 0.014071 0.561871 0.087672
v -0.080891 0.564870 0.031208
v -0.065765 0.564870 0.056737
v -0.043434 0.564870 0.075229
v -0.016254 0.564870 0.085323
v 0.013419 0.564870 0.085657
v -0.079057 0.566099 0.030447
v -0.064252 0.566099 0.055375
v -0.042405 0.566099 0.073448
v -0.015830 0.566099 0.083331
v 0.013160 0.566099 0.083688
v -0.077192 0.567327 0.029496
v -0.062643 0.567327 0.053735
v -0.041215 0.567327 0.071387
v -0.015214 0.567327 0.081118
v 0.013052 0.567327 0.081598
v -0.075328 0.568556 0.028544
v -0.061035 0.568556 0.052095
v -0.040025 0.568556 0.069325
v -0.014598 0.568556 0.078905
v 0.012944 0.568556 0.079508
v -0.073493 0.569784 0.027784
v -0.059522 0.569784 0.050733
v -0.038997 0.569784 0.067544
v -0.014175 0.569784 0.076914
v 0.012685 0.569784 0.077539
v -0.070371 0.571157 0.027116
v -0.057199 0.571157 0.049312
v -0.037758 0.571157 0.065399
v -0.014106 0.571157 0.074191
v 0.011702 0.571157 0.074501
v -0.068978 0.571302 0.026539
v -0.056050 0.571302 0.048277
v -0.036978 0.571302 0.064047
v -0.013784 0.571302 0.072680
v 0.011506 0.571302 0.073006
v -0.067563 0.571446 0.025816
v -0.054829 0.571446 0.047032
v -0.036074 0.571446 0.062482
v -0.013316 0.571446 0.070999
v 0.011424 0.571446 0.071419
v -0.066147 0.571591 0.025094
v -0.053608 0.571591 0.045787
v -0.035170 0.571591 0.060916
v -0.012849 0.571591 0.069319
v 0.011342 0.571591 0.069832
v -0.064754 0.571735 0.024516
v -0.052459 0.571735 0.044752
v -0.034389 0.571735 0.059564
v -0.012527 0.571735 0.067807
v 0.011145 0.571735 0.068337
v -0.064689 0.573036 0.024502
v -0.052410 0.573036 0.044723
v -0.034363 0.573036 0.059519
v -0.012526 0.573036 0.067750
v 0.011125 0.573036 0.068273
v -0.066014 0.574192 0.025052
v -0.053503 0.574192 0.045707
v -0.035106 0.574192 0.060805
v -0.012832 0.574192 0.069188
v 0.011311 0.574192 0.069695
v -0.067360 0.575349 0.025739
v -0.054664 0.575349 0.046891
v -0.035966 0.575349 0.062294
v -0.013276 0.575349 0.070786
v 0.011390 0.575349 0.071205
v -0.068707 0.576505 0.026426
v -0.055826 0.576505 0.048075
v -0.036825 0.576505 0.063783
v -0.013721 0.576505 0.072385
v 0.011468 0.576505 0.072715
v -0.070032 0.577661 0.026975
v -0.056919 0.577661 0.049059
v -0.037568 0.577661 0.065069
v -0.014027 0.577661 0.073823
v 0.011655 0.577661 0.074137
v -0.071149 0.579902 0.027214
v -0.057750 0.579902 0.049568
v -0.038011 0.579902 0.065837
v -0.014052 0.579902 0.074797
v 0.012006 0.579902 0.075224
v -0.070979 0.580986 0.027144
v -0.057610 0.580986 0.049442
v -0.037916 0.580986 0.065672
v -0.014013 0.580986 0.074613
v 0.011982 0.580986 0.075041
v -0.070806 0.582070 0.027056
v -0.057461 0.582070 0.049290
v -0.037806 0.582070 0.065481
v -0.013956 0.582070 0.074408
v 0.011972 0.582070 0.074848
v -0.070634 0.583154 0.026967
v -0.057312 0.583154 0.049138
v -0.037695 0.583154 0.065290
v -0.013899 0.583154 0.074203
v 0.011962 0.583154 0.074654
v -0.070464 0.584238 0.026897
v -0.057172 0.584238 0.049012
v -0.037600 0.584238 0.065125
v -0.013859 0.584238 0.074019
v 0.011938 0.584238 0.074472
v -0.065458 0.587024 0.025827
v -0.053447 0.587024 0.046733
v -0.035614 0.587024 0.061685
v -0.013748 0.587024 0.069653
v 0.010362 0.587024 0.069601
v -0.060452 0.588727 0.023751
v -0.049319 0.588727 0.043015
v -0.032809 0.588727 0.056826
v -0.012592 0.588727 0.064219
v 0.009657 0.588727 0.064228
v -0.055364 0.590430 0.021155
v -0.044930 0.590430 0.038540
v -0.029561 0.590430 0.051200
v -0.010912 0.590430 0.058180
v 0.009361 0.590430 0.058524
v -0.050277 0.592133 0.018559
v -0.040540 0.592133 0.034066
v -0.026313 0.592133 0.045575
v -0.009232 0.592133 0.052141
v 0.009066 0.592133 0.052820
v -0.045271 0.593836 0.016483
v -0.036412 0.593836 0.030348
v -0.023507 0.593836 0.040715
v -0.008076 0.593836 0.046708
v 0.008360 0.593836 0.047447
v -0.040495 0.597128 0.015462
v -0.032858 0.597128 0.028173
v -0.021612 0.597128 0.037434
v -0.007970 0.597128 0.042543
v 0.006857 0.597128 0.042801
v -0.040563 0.598718 0.015490
v -0.032914 0.598718 0.028224
v -0.021650 0.598718 0.037500
v -0.007986 0.598718 0.042616
v 0.006866 0.598718 0.042874
v -0.040632 0.600308 0.015526
v -0.032974 0.600308 0.028285
v -0.021694 0.600308 0.037576
v -0.008008 0.600308 0.042698
v 0.006870 0.600308 0.042951
v -0.040701 0.601898 0.015561
v -0.033033 0.601898 0.028345
v -0.021739 0.601898 0.037652
v -0.008031 0.601898 0.042780
v 0.006874 0.601898 0.043028
v -0.040769 0.603488 0.015589
v -0.033089 0.603488 0.028396
v -0.021777 0.603488 0.037718
v -0.008047 0.603488 0.042854
v 0.006884 0.603488 0.043101
v -0.042116 0.605583 0.015877
v -0.034092 0.605583 0.029009
v -0.022311 0.605583 0.038644
v -0.008077 0.605583 0.044029
v 0.007308 0.605583 0.044412
v -0.043441 0.606089 0.016426
v -0.035184 0.606089 0.029993
v -0.023054 0.606089 0.039930
v -0.008383 0.606089 0.045467
v 0.007495 0.606089 0.045834
v -0.044787 0.606595 0.017114
v -0.036346 0.606595 0.031178
v -0.023913 0.606595 0.041419
v -0.008827 0.606595 0.047066
v 0.007573 0.606595 0.047344
v -0.046134 0.607101 0.017801
v -0.037508 0.607101 0.032362
v -0.024773 0.607101 0.042908
v -0.009272 0.607101 0.048664
v 0.007651 0.607101 0.048854
v -0.047459 0.607607 0.018350
v -0.038600 0.607607 0.033346
v -0.025516 0.607607 0.044194
v -0.009578 0.607607 0.050102
v 0.007838 0.607607 0.050276
v -0.048905 0.608944 0.018659
v -0.039676 0.608944 0.034004
v -0.026089 0.608944 0.045188
v -0.009610 0.608944 0.051363
v 0.008293 0.608944 0.051682
v -0.049075 0.609775 0.018730
v -0.039816 0.609775 0.034130
v -0.026184 0.609775 0.045353
v -0.009649 0.609775 0.051547
v 0.008317 0.609775 0.051865
v -0.049247 0.610606 0.018818
v -0.039965 0.610606 0.034282
v -0.026295 0.610606 0.045544
v -0.009706 0.610606 0.051752
v 0.008327 0.610606 0.052058
v -0.049420 0.611437 0.018906
v -0.040114 0.611437 0.034434
v -0.026405 0.611437 0.045734
v -0.009763 0.611437 0.051957
v 0.008337 0.611437 0.052252
v -0.049590 0.612268 0.018976
v -0.040254 0.612268 0.034560
v -0.026500 0.612268 0.045899
v -0.009803 0.612268 0.052141
v 0.008361 0.612268 0.052434
v -0.048341 0.614183 0.018709
v -0.039325 0.614183 0.033992
v -0.026005 0.614183 0.045041
v -0.009775 0.614183 0.051052
v 0.007968 0.614183 0.051219
v -0.046880 0.615267 0.018104
v -0.038121 0.615267 0.032907
v -0.025186 0.615267 0.043623
v -0.009438 0.615267 0.049467
v 0.007762 0.615267 0.049651
v -0.045396 0.616351 0.017346
v -0.036840 0.616351 0.031601
v -0.024238 0.616351 0.041982
v -0.008947 0.616351 0.047705
v 0.007676 0.616351 0.047987
v -0.043911 0.617435 0.016588
v -0.035559 0.617435 0.030295
v -0.023290 0.617435 0.040340
v -0.008457 0.617435 0.045942
v 0.007590 0.617435 0.046322
v -0.042450 0.618519 0.015983
v -0.034354 0.618519 0.029210
v -0.022471 0.618519 0.038922
v -0.008120 0.618519 0.044357
v 0.007384 0.618519 0.044754
v -0.047566 0.637592 0.017077
v -0.038162 0.637592 0.031540
v -0.024501 0.637592 0.042437
v -0.008233 0.637592 0.048819
v 0.008995 0.637592 0.049732
v -0.054317 0.655581 0.019876
v -0.043728 0.655581 0.036553
v -0.028285 0.655581 0.048990
v -0.009792 0.655581 0.056146
v 0.009946 0.655581 0.056977
v -0.061177 0.673570 0.023376
v -0.049647 0.673570 0.042587
v -0.032664 0.673570 0.056576
v -0.012058 0.673570 0.064289
v 0.010344 0.673570 0.064669
v -0.068038 0.691559 0.026877
v -0.055566 0.691559 0.048621
v -0.037044 0.691559 0.064163
v -0.014324 0.691559 0.072432
v 0.010743 0.691559 0.072361
v -0.074788 0.709548 0.029676
v -0.061132 0.709548 0.053634
v -0.040828 0.709548 0.070715
v -0.015882 0.709548 0.079759
v 0.011694 0.709548 0.079607
v -0.081318 0.729379 0.031072
v -0.065991 0.729379 0.056607
v -0.043418 0.729379 0.075202
v -0.016027 0.729379 0.085454
v 0.013750 0.729379 0.085959
v -0.081318 0.731222 0.031072
v -0.065991 0.731222 0.056607
v -0.043418 0.731222 0.075202
v -0.016027 0.731222 0.085454
v 0.013750 0.731222 0.085959
v -0.081318 0.733065 0.031072
v -0.065991 0.733065 0.056607
v -0.043418 0.733065 0.075202
v -0.016027 0.733065 0.085454
v 0.013750 0.733065 0.085959
v -0.081318 0.734908 0.031072
v -0.065991 0.734908 0.056607
v -0.043418 0.734908 0.075202
v -0.016027 0.734908 0.085454
v 0.013750 0.734908 0.085959
v -0.081318 0.736750 0.031072
v -0.065991 0.736750 0.056607
v -0.043418 0.736750 0.075202
v -0.016027 0.736750 0.085454
v 0.013750 0.736750 0.085959
v -0.079839 0.739858 0.030756
v -0.064891 0.739858 0.055934
v -0.042831 0.739858 0.074186
v -0.015995 0.739858 0.084164
v 0.013284 0.739858 0.084521
v -0.078310 0.741123 0.030122
v -0.063630 0.741123 0.054798
v -0.041974 0.741123 0.072702
v -0.015642 0.741123 0.082505
v 0.013069 0.741123 0.082880
v -0.076757 0.742387 0.029329
v -0.062290 0.742387 0.053432
v -0.040982 0.742387 0.070984
v -0.015128 0.742387 0.080661
v 0.012979 0.742387 0.081138
v -0.075203 0.743652 0.028536
v -0.060949 0.743652 0.052065
v -0.039991 0.743652 0.069266
v -0.014615 0.743652 0.078816
v 0.012888 0.743652 0.079396
v -0.073674 0.744917 0.027902
v -0.059689 0.744917 0.050930
v -0.039134 0.744917 0.067782
v -0.014262 0.744917 0.077157
v 0.012673 0.744917 0.077755
v -0.067529 0.747446 0.026589
v -0.055116 0.747446 0.048132
v -0.036696 0.747446 0.063559
v -0.014126 0.747446 0.071798
v 0.010738 0.747446 0.071776
v -0.062705 0.748711 0.024588
v -0.051138 0.748711 0.044550
v -0.033992 0.748711 0.058876
v -0.013012 0.748711 0.066562
v 0.010059 0.748711 0.066598
v -0.057802 0.749975 0.022087
v -0.046908 0.749975 0.040237
v -0.030862 0.749975 0.053455
v -0.011393 0.749975 0.060742
v 0.009774 0.749975 0.061102
v -0.052899 0.751240 0.019585
v -0.042678 0.751240 0.035925
v -0.027732 0.751240 0.048034
v -0.009773 0.751240 0.054923
v 0.009489 0.751240 0.055605
v -0.048075 0.752505 0.017585
v -0.038700 0.752505 0.032343
v -0.025029 0.752505 0.043351
v -0.008659 0.752505 0.049687
v 0.008809 0.752505 0.050427
v -0.039992 0.754058 0.015856
v -0.032685 0.754058 0.028662
v -0.021822 0.754058 0.037796
v -0.008480 0.754058 0.042637
v 0.006264 0.754058 0.042562
v -0.036459 0.754347 0.014391
v -0.029771 0.754347 0.026038
v -0.019841 0.754348 0.034367
v -0.007664 0.754348 0.038802
v 0.005766 0.754348 0.038770
v -0.032868 0.754637 0.012559
v -0.026673 0.754637 0.022880
v -0.017549 0.754637 0.030396
v -0.006478 0.754637 0.034540
v 0.005558 0.754637 0.034744
v -0.029277 0.754926 0.010727
v -0.023575 0.754926 0.019722
v -0.015257 0.754926 0.026425
v -0.005292 0.754926 0.030277
v 0.005349 0.754926 0.030718
v -0.025744 0.755215 0.009262
v -0.020662 0.755215 0.017098
v -0.013276 0.755215 0.022996
v -0.004476 0.755215 0.026442
v 0.004851 0.755215 0.026926
v -0.023247 0.756082 0.008728
v -0.018803 0.756082 0.015961
v -0.012286 0.756082 0.021280
v -0.004421 0.756082 0.024264
v 0.004065 0.756082 0.024496
v -0.024198 0.756660 0.009122
v -0.019588 0.756660 0.016667
v -0.012819 0.756660 0.022203
v -0.004641 0.756660 0.025297
v 0.004199 0.756660 0.025517
v -0.025165 0.757238 0.009616
v -0.020422 0.757238 0.017518
v -0.013436 0.757238 0.023272
v -0.004960 0.757238 0.026444
v 0.004255 0.757238 0.026601
v -0.026131 0.757816 0.010109
v -0.021256 0.757816 0.018368
v -0.014053 0.757816 0.024341
v -0.005279 0.757816 0.027592
v 0.004311 0.757816 0.027685
v -0.027082 0.758394 0.010503
v -0.022040 0.758394 0.019074
v -0.014586 0.758394 0.025264
v -0.005499 0.758394 0.028624
v 0.004445 0.758394 0.028706
v -0.027970 0.759731 0.010693
v -0.022700 0.759731 0.019478
v -0.014938 0.759731 0.025874
v -0.005518 0.759731 0.029398
v 0.004725 0.759731 0.029569
v -0.027936 0.760490 0.010679
v -0.022672 0.760490 0.019453
v -0.014919 0.760490 0.025841
v -0.005511 0.760490 0.029361
v 0.004720 0.760490 0.029532
v -0.027901 0.761249 0.010661
v -0.022643 0.761249 0.019423
v -0.014897 0.761249 0.025803
v -0.005499 0.761249 0.029320
v 0.004718 0.761249 0.029494
v -0.027867 0.762008 0.010644
v -0.022613 0.762008 0.019392
v -0.014875 0.762008 0.025765
v -0.005488 0.762008 0.029279
v 0.004716 0.762008 0.029455
v -0.027833 0.762767 0.010630
v -0.022585 0.762767 0.019367
v -0.014856 0.762767 0.025732
v -0.005480 0.762767 0.029243
v 0.004711 0.762767 0.029419
v -0.026223 0.764212 0.010285
v -0.021387 0.764212 0.018634
v -0.014217 0.764212 0.024625
v -0.005444 0.764212 0.027838
v 0.004204 0.764212 0.027852
v -0.024592 0.764898 0.009609
v -0.020042 0.764898 0.017423
v -0.013303 0.764898 0.023042
v -0.005068 0.764898 0.026068
v 0.003974 0.764898 0.026102
v -0.022935 0.765585 0.008763
v -0.018612 0.765585 0.015965
v -0.012245 0.765585 0.021210
v -0.004520 0.765585 0.024101
v 0.003878 0.765585 0.024244
v -0.021277 0.766272 0.007918
v -0.017182 0.766272 0.014508
v -0.011187 0.766272 0.019377
v -0.003973 0.766272 0.022134
v 0.003782 0.766272 0.022386
v -0.019647 0.766958 0.007242
v -0.015838 0.766958 0.013297
v -0.010273 0.766958 0.017794
v -0.003596 0.766958 0.020364
v 0.003552 0.766958 0.020635
v -0.019281 0.768752 0.007164
v -0.015565 0.768752 0.013130
v -0.010128 0.768752 0.017543
v -0.003588 0.768752 0.020045
v 0.003437 0.768752 0.020280
v -0.020534 0.769859 0.007683
v -0.016598 0.769859 0.014061
v -0.010831 0.769859 0.018759
v -0.003878 0.769859 0.021405
v 0.003613 0.769859 0.021624
v -0.021807 0.770966 0.008333
v -0.017697 0.770966 0.015180
v -0.011643 0.770966 0.020167
v -0.004298 0.770966 0.022916
v 0.003687 0.770966 0.023052
v -0.023080 0.772074 0.008982
v -0.018796 0.772074 0.016300
v -0.012456 0.772074 0.021575
v -0.004719 0.772074 0.024428
v 0.003761 0.772074 0.024479
v -0.024333 0.773181 0.009502
v -0.019829 0.773181 0.017231
v -0.013158 0.773181 0.022791
v -0.005008 0.773181 0.025788
v 0.003938 0.773181 0.025824
v -0.025775 0.775661 0.009810
v -0.020902 0.775661 0.017887
v -0.013730 0.775661 0.023782
v -0.005040 0.775661 0.027045
v 0.004392 0.775661 0.027227
v -0.026013 0.777034 0.009909
v -0.021098 0.777034 0.018064
v -0.013864 0.777034 0.024013
v -0.005095 0.777034 0.027303
v 0.004425 0.777034 0.027482
v -0.026255 0.778407 0.010032
v -0.021306 0.778407 0.018276
v -0.014018 0.778407 0.024280
v -0.005175 0.778407 0.027590
v 0.004439 0.778407 0.027753
v -0.026496 0.779780 0.010155
v -0.021515 0.779780 0.018489
v -0.014172 0.779780 0.024547
v -0.005254 0.779780 0.027877
v 0.004453 0.779780 0.028024
v -0.026734 0.781153 0.010254
v -0.021711 0.781153 0.018666
v -0.014306 0.781153 0.024778
v -0.005309 0.781153 0.028135
v 0.004487 0.781153 0.028279
v -0.024861 0.784983 0.009854
v -0.020317 0.784983 0.017813
v -0.013563 0.784983 0.023491
v -0.005268 0.784983 0.026501
v 0.003897 0.784983 0.026457
v -0.022687 0.787440 0.008952
v -0.018524 0.787440 0.016198
v -0.012344 0.787440 0.021380
v -0.004766 0.787441 0.024141
v 0.003591 0.787441 0.024123
v -0.020477 0.789898 0.007824
v -0.016618 0.789898 0.014255
v -0.010933 0.789898 0.018937
v -0.004036 0.789898 0.021519
v 0.003462 0.789898 0.021646
v -0.018267 0.792355 0.006697
v -0.014711 0.792355 0.012311
v -0.009523 0.792355 0.016494
v -0.003306 0.792355 0.018896
v 0.003334 0.792355 0.019168
v -0.016093 0.794812 0.005795
v -0.012918 0.794812 0.010696
v -0.008304 0.794812 0.014383
v -0.002804 0.794812 0.016536
v 0.003028 0.794812 0.016835
v -0.018360 0.797269 0.006280
v -0.014606 0.797269 0.011729
v -0.009203 0.797269 0.015941
v -0.002854 0.797269 0.018513
v 0.003742 0.797269 0.019041
v -0.022879 0.797269 0.008154
v -0.018331 0.797269 0.015084
v -0.011736 0.797269 0.020327
v -0.003898 0.797269 0.023417
v 0.004378 0.797269 0.023890
v -0.027471 0.797269 0.010497
v -0.022293 0.797269 0.019123
v -0.014667 0.797269 0.025405
v -0.005414 0.797269 0.028868
v 0.004645 0.797269 0.029039
v -0.032063 0.797269 0.012840
v -0.026255 0.797269 0.023162
v -0.017599 0.797269 0.030483
v -0.006931 0.797269 0.034319
v 0.004912 0.797269 0.034187
v -0.036581 0.797269 0.014714
v -0.029981 0.797269 0.026518
v -0.020131 0.797269 0.034869
v -0.007974 0.797269 0.039223
v 0.005548 0.797269 0.039037
v -0.040951 0.803902 0.015648
v -0.033233 0.803902 0.028507
v -0.021865 0.803902 0.037872
v -0.008071 0.803902 0.043034
v 0.006924 0.803902 0.043289
v -0.040951 0.810536 0.015648
v -0.033233 0.810536 0.028507
v -0.021865 0.810536 0.037871
v -0.008071 0.810536 0.043034
v 0.006924 0.810536 0.043288
v -0.040950 0.817170 0.015647
v -0.033232 0.817170 0.028507
v -0.021865 0.817170 0.037871
v -0.008071 0.817170 0.043033
v 0.006924 0.817170 0.043288
v -0.040950 0.823803 0.015647
v -0.033232 0.823803 0.028506
v -0.021864 0.823803 0.037870
v -0.008071 0.823803 0.043033
v 0.006924 0.823803 0.043287
v -0.040950 0.830437 0.015647
v -0.033232 0.830437 0.028506
v -0.021864 0.830437 0.037870
v -0.008071 0.830437 0.043032
v 0.006924 0.830437 0.043287
v -0.035790 0.837070 0.014544
v -0.029392 0.837070 0.026157
v -0.019817 0.837070 0.034325
v -0.007956 0.837070 0.038533
v 0.005300 0.837070 0.038267
v -0.030457 0.837070 0.012332
v -0.024994 0.837070 0.022196
v -0.016828 0.837070 0.029147
v -0.006725 0.837070 0.032743
v 0.004548 0.837070 0.032542
v -0.025036 0.837070 0.009566
v -0.020317 0.837070 0.017428
v -0.013367 0.837070 0.023153
v -0.004934 0.837070 0.026309
v 0.004233 0.837070 0.026465
v -0.019615 0.837070 0.006800
v -0.015640 0.837070 0.012660
v -0.009907 0.837070 0.017159
v -0.003144 0.837070 0.019875
v 0.003918 0.837070 0.020387
v -0.014281 0.837070 0.004589
v -0.011242 0.837070 0.008699
v -0.006917 0.837070 0.011981
v -0.001912 0.837070 0.014086
v 0.003167 0.837070 0.014662
v -0.011718 0.840756 0.004041
v -0.009335 0.840756 0.007532
v -0.005900 0.840756 0.010220
v -0.001856 0.840756 0.011850
v 0.002360 0.840756 0.012169
v -0.014402 0.844442 0.005154
v -0.011548 0.844442 0.009525
v -0.007405 0.844442 0.012825
v -0.002475 0.844442 0.014763
v 0.002738 0.844442 0.015049
v -0.017130 0.848127 0.006545
v -0.013901 0.848127 0.011924
v -0.009146 0.848127 0.015841
v -0.003376 0.848127 0.018001
v 0.002896 0.848127 0.018107
v -0.019857 0.851813 0.007937
v -0.016255 0.851813 0.014323
v -0.010887 0.851813 0.018858
v -0.004277 0.851813 0.021239
v 0.003055 0.851813 0.021166
v -0.022541 0.855498 0.009050
v -0.018468 0.855498 0.016317
v -0.012392 0.855498 0.021463
v -0.004897 0.855499 0.024152
v 0.003433 0.855498 0.024046
v -0.021062 0.860991 0.008734
v -0.017367 0.860991 0.015643
v -0.011805 0.860991 0.020447
v -0.004864 0.860991 0.022862
v 0.002968 0.860991 0.022608
v -0.016850 0.862797 0.006987
v -0.013894 0.862797 0.012515
v -0.009444 0.862797 0.016357
v -0.003891 0.862797 0.018290
v 0.002374 0.862797 0.018086
v -0.012569 0.864604 0.004803
v -0.010200 0.864604 0.008749
v -0.006711 0.864604 0.011623
v -0.002477 0.864604 0.013208
v 0.002125 0.864604 0.013286
v -0.008287 0.866411 0.002618
v -0.006506 0.866411 0.004984
v -0.003977 0.866411 0.006889
v -0.001063 0.866411 0.008126
v 0.001876 0.866411 0.008486
v -0.004075 0.868217 0.000871
v -0.003032 0.868217 0.001855
v -0.001616 0.868218 0.002800
v -0.000090 0.868218 0.003554
v 0.001283 0.868217 0.003964
v 0.016390 0.172360 0.017873
v 0.018425 0.172360 0.009796
v 0.019103 0.172360 0.000000
v 0.018425 0.172360 -0.009796
v 0.016390 0.172360 -0.017873
v 0.036382 0.172360 0.033201
v 0.042987 0.172360 0.017771
v 0.045188 0.172360 0.000000
v 0.042987 0.172360 -0.017771
v 0.036382 0.172360 -0.033201
v 0.058659 0.172360 0.047650
v 0.071204 0.172360 0.025043
v 0.075386 0.172360 0.000000
v 0.071204 0.172360 -0.025043
v 0.058659 0.172360 -0.047650
v 0.080936 0.172360 0.062099
v 0.099422 0.172360 0.032315
v 0.105584 0.172360 0.000000
v 0.099422 0.172360 -0.032315
v 0.080936 0.172360 -0.062099
v 0.100928 0.172360 0.077427
v 0.123984 0.172360 0.040291
v 0.131669 0.172360 0.000000
v 0.123984 0.172360 -0.040291
v 0.100928 0.172360 -0.077427
v 0.116373 0.178431 0.094539
v 0.141259 0.178431 0.049687
v 0.149555 0.178431 0.000000
v 0.141260 0.178431 -0.049687
v 0.116373 0.178431 -0.094539
v 0.116402 0.184501 0.094562
v 0.141295 0.184501 0.049699
v 0.149593 0.184501 0.000000
v 0.141295 0.184501 -0.049699
v 0.116402 0.184501 -0.094562
v 0.116435 0.190572 0.094583
v 0.141337 0.190572 0.049709
v 0.149637 0.190572 0.000000
v 0.141337 0.190572 -0.049709
v 0.116435 0.190572 -0.094583
v 0.116467 0.196642 0.094604
v 0.141378 0.196642 0.049720
v 0.149681 0.196642 0.000000
v 0.141378 0.196642 -0.049720
v 0.116467 0.196642 -0.094604
v 0.116496 0.202712 0.094626
v 0.141414 0.202713 0.049732
v 0.149719 0.202712 0.000000
v 0.141414 0.202712 -0.049732
v 0.116496 0.202713 -0.094626
v 0.115033 0.208747 0.093005
v 0.139777 0.208747 0.048841
v 0.148025 0.208747 0.000000
v 0.139777 0.208747 -0.048841
v 0.115033 0.208747 -0.093005
v 0.113107 0.208711 0.091528
v 0.137410 0.208711 0.048073
v 0.145511 0.208711 0.000000
v 0.137410 0.208711 -0.048073
v 0.113107 0.208711 -0.091528
v 0.110960 0.208675 0.090136
v 0.134691 0.208675 0.047372
v 0.142602 0.208675 0.000000
v 0.134691 0.208674 -0.047372
v 0.110960 0.208675 -0.090136
v 0.108814 0.208638 0.088744
v 0.131973 0.208638 0.046671
v 0.139692 0.208638 0.000000
v 0.131973 0.208638 -0.046671
v 0.108814 0.208638 -0.088744
v 0.106888 0.208602 0.087267
v 0.129606 0.208602 0.045903
v 0.137179 0.208602 0.000000
v 0.129606 0.208602 -0.045903
v 0.106888 0.208602 -0.087267
v 0.104073 0.209144 0.084149
v 0.126458 0.209144 0.044191
v 0.133920 0.209144 0.000000
v 0.126458 0.209144 -0.044191
v 0.104073 0.209144 -0.084149
v 0.102351 0.209722 0.082828
v 0.124343 0.209722 0.043504
v 0.131673 0.209722 0.000000
v 0.124343 0.209722 -0.043504
v 0.102351 0.209722 -0.082828
v 0.100433 0.210301 0.081584
v 0.121912 0.210301 0.042878
v 0.129072 0.210301 0.000000
v 0.121912 0.210301 -0.042878
v 0.100433 0.210301 -0.081584
v 0.098514 0.210879 0.080340
v 0.119482 0.210879 0.042251
v 0.126471 0.210879 0.000000
v 0.119482 0.210879 -0.042251
v 0.098514 0.210879 -0.080339
v 0.096792 0.211457 0.079019
v 0.117366 0.211457 0.041564
v 0.124224 0.211457 0.000000
v 0.117366 0.211457 -0.041564
v 0.096792 0.211457 -0.079019
v 0.095531 0.212938 0.077622
v 0.115956 0.212938 0.040797
v 0.122764 0.212938 0.000000
v 0.115956 0.212938 -0.040797
v 0.095531 0.212938 -0.077622
v 0.095619 0.213842 0.077689
v 0.116064 0.213842 0.040832
v 0.122879 0.213842 0.000000
v 0.116064 0.213842 -0.040832
v 0.095619 0.213842 -0.077689
v 0.095716 0.214745 0.077753
v 0.116187 0.214745 0.040864
v 0.123011 0.214745 0.000000
v 0.116187 0.214745 -0.040864
v 0.095716 0.214745 -0.077753
v 0.095814 0.215648 0.077816
v 0.116311 0.215648 0.040896
v 0.123143 0.215648 0.000000
v 0.116311 0.215648 -0.040896
v 0.095814 0.215648 -0.077816
v 0.095901 0.216552 0.077883
v 0.116418 0.216552 0.040931
v 0.123257 0.216552 0.000000
v 0.116418 0.216552 -0.040931
v 0.095901 0.216552 -0.077883
v 0.097590 0.218720 0.079754
v 0.118307 0.218720 0.041958
v 0.125213 0.218720 0.000000
v 0.118307 0.218720 -0.041958
v 0.097590 0.218720 -0.079754
v 0.099691 0.219984 0.081365
v 0.120889 0.219984 0.042796
v 0.127955 0.219984 0.000000
v 0.120889 0.219984 -0.042796
v 0.099691 0.219984 -0.081365
v 0.102033 0.221249 0.082884
v 0.123855 0.221249 0.043561
v 0.131129 0.221249 0.000000
v 0.123855 0.221249 -0.043561
v 0.102033 0.221249 -0.082884
v 0.104374 0.222514 0.084403
v 0.126821 0.222514 0.044325
v 0.134303 0.222514 0.000000
v 0.126821 0.222514 -0.044325
v 0.104374 0.222514 -0.084403
v 0.106476 0.223778 0.086014
v 0.129402 0.223778 0.045163
v 0.137045 0.223778 0.000000
v 0.129402 0.223778 -0.045163
v 0.106476 0.223778 -0.086014
v 0.109065 0.227319 0.088882
v 0.132298 0.227319 0.046739
v 0.140043 0.227319 0.000000
v 0.132298 0.227319 -0.046739
v 0.109065 0.227319 -0.088882
v 0.110320 0.229596 0.089845
v 0.133840 0.229596 0.047239
v 0.141680 0.229596 0.000000
v 0.133840 0.229596 -0.047239
v 0.110320 0.229596 -0.089845
v 0.111718 0.231872 0.090752
v 0.135611 0.231872 0.047696
v 0.143576 0.231872 0.000000
v 0.135612 0.231872 -0.047696
v 0.111718 0.231872 -0.090752
v 0.113117 0.234149 0.091659
v 0.137383 0.234149 0.048152
v 0.145472 0.234149 0.000000
v 0.137383 0.234149 -0.048152
v 0.113117 0.234149 -0.091659
v 0.114372 0.236425 0.092621
v 0.138925 0.236425 0.048653
v 0.147109 0.236425 0.000000
v 0.138925 0.236425 -0.048653
v 0.114372 0.236425 -0.092621
v 0.115205 0.242387 0.093544
v 0.139856 0.242387 0.049160
v 0.148074 0.242387 0.000000
v 0.139856 0.242387 -0.049160
v 0.115205 0.242387 -0.093544
v 0.115029 0.246073 0.093409
v 0.139641 0.246073 0.049090
v 0.147845 0.246073 0.000000
v 0.139641 0.246073 -0.049090
v 0.115030 0.246073 -0.093409
v 0.114834 0.249758 0.093283
v 0.139394 0.249758 0.049026
v 0.147581 0.249758 0.000000
v 0.139394 0.249758 -0.049026
v 0.114834 0.249758 -0.093283
v 0.114639 0.253444 0.093156
v 0.139147 0.253444 0.048962
v 0.147316 0.253444 0.000000
v 0.139147 0.253444 -0.048962
v 0.114639 0.253444 -0.093156
v 0.114464 0.257130 0.093022
v 0.138932 0.257130 0.048893
v 0.147088 0.257130 0.000000
v 0.138932 0.257130 -0.048893
v 0.114464 0.257130 -0.093022
v 0.112595 0.264248 0.090952
v 0.136842 0.264248 0.047756
v 0.144924 0.264248 0.000000
v 0.136842 0.264248 -0.047756
v 0.112595 0.264248 -0.090952
v 0.110348 0.267681 0.089229
v 0.134081 0.267681 0.046859
v 0.141991 0.267681 0.000000
v 0.134081 0.267680 -0.046859
v 0.110348 0.267681 -0.089229
v 0.107844 0.271113 0.087605
v 0.130909 0.271113 0.046042
v 0.138597 0.271113 0.000000
v 0.130909 0.271113 -0.046042
v 0.107844 0.271113 -0.087604
v 0.105340 0.274546 0.085980
v 0.127737 0.274546 0.045224
v 0.135203 0.274546 0.000000
v 0.127737 0.274546 -0.045224
v 0.105340 0.274546 -0.085980
v 0.103093 0.277979 0.084257
v 0.124976 0.277979 0.044328
v 0.132270 0.277979 0.000000
v 0.124976 0.277979 -0.044328
v 0.103093 0.277979 -0.084257
v 0.098410 0.285205 0.079069
v 0.119738 0.285205 0.041479
v 0.126847 0.285205 0.000000
v 0.119738 0.285205 -0.041479
v 0.098410 0.285205 -0.079069
v 0.094586 0.288999 0.076137
v 0.115041 0.288999 0.039953
v 0.121859 0.288999 0.000000
v 0.115041 0.288999 -0.039953
v 0.094586 0.288999 -0.076137
v 0.090326 0.292793 0.073374
v 0.109644 0.292793 0.038563
v 0.116084 0.292793 0.000000
v 0.109644 0.292793 -0.038563
v 0.090326 0.292793 -0.073374
v 0.086066 0.296587 0.070611
v 0.104248 0.296587 0.037172
v 0.110308 0.296587 0.000000
v 0.104248 0.296587 -0.037172
v 0.086066 0.296587 -0.070611
v 0.082242 0.300381 0.067680
v 0.099551 0.300381 0.035647
v 0.105320 0.300381 0.000000
v 0.099551 0.300381 -0.035647
v 0.082243 0.300381 -0.067680
v 0.078438 0.306343 0.063464
v 0.095295 0.306343 0.033332
v 0.100914 0.306343 0.000000
v 0.095295 0.306343 -0.033332
v 0.078438 0.306343 -0.063464
v 0.077329 0.308511 0.062614
v 0.093932 0.308511 0.032890
v 0.099467 0.308511 0.000000
v 0.093932 0.308511 -0.032890
v 0.077329 0.308511 -0.062614
v 0.076093 0.310679 0.061812
v 0.092367 0.310679 0.032486
v 0.097791 0.310679 0.000000
v 0.092367 0.310679 -0.032486
v 0.076093 0.310679 -0.061812
v 0.074857 0.312847 0.061011
v 0.090801 0.312847 0.032083
v 0.096116 0.312847 0.000000
v 0.090801 0.312847 -0.032083
v 0.074857 0.312847 -0.061011
v 0.073748 0.315015 0.060160
v 0.089439 0.315015 0.031640
v 0.094669 0.315015 0.000000
v 0.089439 0.315015 -0.031640
v 0.073748 0.315015 -0.060160
v 0.072847 0.318737 0.059162
v 0.088431 0.318737 0.031092
v 0.093626 0.318737 0.000000
v 0.088432 0.318737 -0.031092
v 0.072847 0.318737 -0.059162
v 0.072789 0.320291 0.059118
v 0.088360 0.320291 0.031069
v 0.093550 0.320291 0.000000
v 0.088360 0.320291 -0.031069
v 0.072789 0.320291 -0.059118
v 0.072724 0.321845 0.059075
v 0.088277 0.321845 0.031048
v 0.093462 0.321845 0.000000
v 0.088277 0.321845 -0.031048
v 0.072724 0.321845 -0.059075
v 0.072659 0.323398 0.059033
v 0.088195 0.323398 0.031027
v 0.093374 0.323398 0.000000
v 0.088195 0.323398 -0.031027
v 0.072659 0.323398 -0.059033
v 0.072600 0.324952 0.058989
v 0.088123 0.324952 0.031003
v 0.093298 0.324952 0.000000
v 0.088123 0.324952 -0.031003
v 0.072601 0.324952 -0.058989
v 0.074567 0.328637 0.061167
v 0.090322 0.328637 0.032200
v 0.095574 0.328637 0.000000
v 0.090322 0.328637 -0.032200
v 0.074567 0.328637 -0.061167
v 0.077174 0.330769 0.063166
v 0.093525 0.330769 0.033240
v 0.098976 0.330769 0.000000
v 0.093525 0.330769 -0.033240
v 0.077174 0.330769 -0.063166
v 0.080079 0.332900 0.065050
v 0.097205 0.332900 0.034188
v 0.102914 0.332900 0.000000
v 0.097205 0.332900 -0.034188
v 0.080079 0.332900 -0.065050
v 0.082984 0.335031 0.066934
v 0.100885 0.335031 0.035136
v 0.106852 0.335031 0.000000
v 0.100885 0.335031 -0.035136
v 0.082984 0.335031 -0.066934
v 0.085591 0.337163 0.068933
v 0.104088 0.337163 0.036176
v 0.110253 0.337163 0.000000
v 0.104088 0.337163 -0.036176
v 0.085591 0.337163 -0.068933
v 0.086746 0.340740 0.070213
v 0.105380 0.340740 0.036879
v 0.111592 0.340740 0.000000
v 0.105380 0.340740 -0.036879
v 0.086746 0.340740 -0.070213
v 0.085637 0.342185 0.069363
v 0.104018 0.342185 0.036437
v 0.110145 0.342185 0.000000
v 0.104018 0.342185 -0.036437
v 0.085637 0.342185 -0.069363
v 0.084401 0.343630 0.068561
v 0.102452 0.343630 0.036033
v 0.108469 0.343630 0.000000
v 0.102452 0.343630 -0.036033
v 0.084401 0.343630 -0.068561
v 0.083166 0.345076 0.067760
v 0.100887 0.345076 0.035630
v 0.106794 0.345076 0.000000
v 0.100887 0.345076 -0.035630
v 0.083166 0.345076 -0.067760
v 0.082056 0.346521 0.066910
v 0.099524 0.346521 0.035188
v 0.105347 0.346521 0.000000
v 0.099524 0.346521 -0.035188
v 0.082057 0.346521 -0.066909
v 0.079580 0.348400 0.064166
v 0.096754 0.348400 0.033681
v 0.102479 0.348400 0.000000
v 0.096754 0.348400 -0.033681
v 0.079580 0.348400 -0.064166
v 0.077479 0.348834 0.062554
v 0.094173 0.348834 0.032843
v 0.099737 0.348834 0.000000
v 0.094173 0.348834 -0.032843
v 0.077479 0.348834 -0.062554
v 0.075137 0.349267 0.061036
v 0.091207 0.349267 0.032078
v 0.096563 0.349267 0.000000
v 0.091207 0.349267 -0.032078
v 0.075137 0.349267 -0.061036
v 0.072796 0.349701 0.059517
v 0.088241 0.349701 0.031314
v 0.093389 0.349701 0.000000
v 0.088241 0.349701 -0.031314
v 0.072796 0.349701 -0.059517
v 0.070694 0.350134 0.057906
v 0.085659 0.350134 0.030476
v 0.090647 0.350134 0.000000
v 0.085659 0.350134 -0.030475
v 0.070694 0.350134 -0.057906
v 0.066439 0.357289 0.053191
v 0.080899 0.357289 0.027887
v 0.085720 0.357289 0.000000
v 0.080899 0.357289 -0.027887
v 0.066439 0.357289 -0.053191
v 0.063024 0.364010 0.050573
v 0.076704 0.364010 0.026524
v 0.081264 0.364010 0.000000
v 0.076704 0.364010 -0.026524
v 0.063024 0.364010 -0.050573
v 0.059219 0.370730 0.048105
v 0.071885 0.370730 0.025282
v 0.076106 0.370730 0.000000
v 0.071885 0.370730 -0.025282
v 0.059219 0.370730 -0.048105
v 0.055414 0.377451 0.045637
v 0.067065 0.377451 0.024040
v 0.070948 0.377451 0.000000
v 0.067065 0.377451 -0.024040
v 0.055414 0.377451 -0.045637
v 0.052000 0.384172 0.043019
v 0.062870 0.384172 0.022678
v 0.066493 0.384172 0.000000
v 0.062870 0.384172 -0.022678
v 0.052000 0.384172 -0.043019
v 0.047609 0.399493 0.038155
v 0.057959 0.399493 0.020007
v 0.061409 0.399493 0.000000
v 0.057959 0.399493 -0.020007
v 0.047609 0.399493 -0.038155
v 0.045333 0.408093 0.036410
v 0.055162 0.408093 0.019099
v 0.058439 0.408092 0.000000
v 0.055162 0.408092 -0.019099
v 0.045333 0.408092 -0.036410
v 0.042796 0.416692 0.034764
v 0.051949 0.416692 0.018271
v 0.055000 0.416692 0.000000
v 0.051949 0.416692 -0.018271
v 0.042796 0.416692 -0.034764
v 0.040260 0.425292 0.033119
v 0.048736 0.425292 0.017443
v 0.051561 0.425292 0.000000
v 0.048736 0.425292 -0.017443
v 0.040260 0.425292 -0.033119
v 0.037983 0.433892 0.031374
v 0.045939 0.433892 0.016535
v 0.048591 0.433892 0.000000
v 0.045939 0.433892 -0.016535
v 0.037983 0.433892 -0.031374
v 0.035928 0.453072 0.029097
v 0.043640 0.453072 0.015284
v 0.046211 0.453072 0.000000
v 0.043640 0.453072 -0.015284
v 0.035928 0.453072 -0.029097
v 0.035540 0.463652 0.028799
v 0.043164 0.463652 0.015130
v 0.045705 0.463652 0.000000
v 0.043164 0.463652 -0.015130
v 0.035540 0.463652 -0.028799
v 0.035108 0.474232 0.028519
v 0.042616 0.474232 0.014989
v 0.045119 0.474232 -0.000000
v 0.042616 0.474232 -0.014989
v 0.035108 0.474232 -0.028519
v 0.034676 0.484812 0.028239
v 0.042069 0.484812 0.014847
v 0.044534 0.484812 -0.000000
v 0.042069 0.484812 -0.014848
v 0.034676 0.484812 -0.028239
v 0.034288 0.495392 0.027941
v 0.041593 0.495392 0.014693
v 0.044028 0.495392 -0.000000
v 0.041593 0.495392 -0.014693
v 0.034288 0.495392 -0.027941
v 0.034484 0.511356 0.028159
v 0.041812 0.511356 0.014812
v 0.044255 0.511356 -0.000000
v 0.041812 0.511356 -0.014812
v 0.034484 0.511356 -0.028159
v 0.035126 0.516740 0.028651
v 0.042601 0.516740 0.015068
v 0.045092 0.516740 -0.000000
v 0.042601 0.516740 -0.015068
v 0.035126 0.516740 -0.028651
v 0.035842 0.522124 0.029115
v 0.043507 0.522124 0.015302
v 0.046062 0.522124 -0.000000
v 0.043507 0.522124 -0.015302
v 0.035842 0.522124 -0.029115
v 0.036557 0.527508 0.029579
v 0.044413 0.527508 0.015535
v 0.047032 0.527508 -0.000000
v 0.044413 0.527508 -0.015535
v 0.036557 0.527508 -0.029579
v 0.037199 0.532892 0.030071
v 0.045202 0.532892 0.015792
v 0.047870 0.532892 -0.000000
v 0.045202 0.532892 -0.015792
v 0.037199 0.532892 -0.030071
v 0.040351 0.538131 0.033564
v 0.048728 0.538131 0.017709
v 0.051520 0.538131 -0.000000
v 0.048728 0.538131 -0.017709
v 0.040351 0.538131 -0.033564
v 0.043795 0.537987 0.036204
v 0.052959 0.537987 0.019083
v 0.056014 0.537987 -0.000000
v 0.052959 0.537987 -0.019083
v 0.043795 0.537987 -0.036204
v 0.047633 0.537842 0.038693
v 0.057820 0.537842 0.020336
v 0.061216 0.537842 -0.000000
v 0.057820 0.537842 -0.020336
v 0.047633 0.537842 -0.038693
v 0.051470 0.537698 0.041182
v 0.062681 0.537698 0.021588
v 0.066418 0.537698 -0.000000
v 0.062681 0.537698 -0.021588
v 0.051470 0.537698 -0.041182
v 0.054914 0.537553 0.043823
v 0.066912 0.537553 0.022962
v 0.070911 0.537553 -0.000000
v 0.066912 0.537553 -0.022962
v 0.054914 0.537553 -0.043823
v 0.058877 0.538493 0.048213
v 0.071344 0.538493 0.025373
v 0.075500 0.538493 -0.000000
v 0.071344 0.538493 -0.025373
v 0.058876 0.538493 -0.048213
v 0.060569 0.539577 0.049511
v 0.073424 0.539577 0.026048
v 0.077708 0.539577 -0.000000
v 0.073424 0.539577 -0.026048
v 0.060569 0.539577 -0.049511
v 0.062456 0.540661 0.050734
v 0.075813 0.540661 0.026664
v 0.080265 0.540661 -0.000000
v 0.075813 0.540661 -0.026664
v 0.062455 0.540661 -0.050734
v 0.064342 0.541745 0.051958
v 0.078202 0.541745 0.027280
v 0.082822 0.541745 -0.000000
v 0.078202 0.541745 -0.027280
v 0.064342 0.541745 -0.051958
v 0.066034 0.542829 0.053255
v 0.080282 0.542829 0.027955
v 0.085031 0.542829 -0.000000
v 0.080282 0.542829 -0.027955
v 0.066034 0.542829 -0.053255
v 0.067723 0.545430 0.055126
v 0.082171 0.545430 0.028982
v 0.086986 0.545430 -0.000000
v 0.082171 0.545430 -0.028982
v 0.067723 0.545430 -0.055126
v 0.068219 0.546948 0.055507
v 0.082780 0.546948 0.029180
v 0.087634 0.546948 -0.000000
v 0.082780 0.546948 -0.029180
v 0.068219 0.546948 -0.055507
v 0.068772 0.548465 0.055865
v 0.083480 0.548465 0.029361
v 0.088383 0.548465 -0.000000
v 0.083480 0.548465 -0.029361
v 0.068772 0.548465 -0.055865
v 0.069325 0.549983 0.056224
v 0.084181 0.549983 0.029541
v 0.089133 0.549983 -0.000000
v 0.084181 0.549983 -0.029541
v 0.069325 0.549983 -0.056224
v 0.069821 0.551501 0.056604
v 0.084790 0.551501 0.029739
v 0.089780 0.551501 -0.000000
v 0.084790 0.551501 -0.029739
v 0.069821 0.551501 -0.056604
v 0.070001 0.554789 0.056804
v 0.084992 0.554789 0.029849
v 0.089989 0.554789 -0.000000
v 0.084992 0.554789 -0.029849
v 0.070001 0.554789 -0.056804
v 0.069739 0.556559 0.056602
v 0.084669 0.556559 0.029744
v 0.089646 0.556559 -0.000000
v 0.084669 0.556559 -0.029744
v 0.069739 0.556559 -0.056602
v 0.069446 0.558330 0.056413
v 0.084298 0.558330 0.029648
v 0.089249 0.558330 -0.000000
v 0.084298 0.558330 -0.029648
v 0.069446 0.558330 -0.056413
v 0.069153 0.560100 0.056223
v 0.083928 0.560100 0.029553
v 0.088852 0.560100 -0.000000
v 0.083928 0.560100 -0.029553
v 0.069153 0.560100 -0.056223
v 0.068890 0.561871 0.056021
v 0.083605 0.561871 0.029448
v 0.088510 0.561871 -0.000000
v 0.083605 0.561871 -0.029448
v 0.068890 0.561871 -0.056021
v 0.067472 0.564870 0.054450
v 0.082018 0.564870 0.028585
v 0.086867 0.564870 -0.000000
v 0.082018 0.564870 -0.028585
v 0.067472 0.564870 -0.054450
v 0.065896 0.566099 0.053241
v 0.080082 0.566099 0.027956
v 0.084811 0.566099 -0.000000
v 0.080082 0.566099 -0.027956
v 0.065896 0.566099 -0.053242
v 0.064140 0.567327 0.052102
v 0.077858 0.567327 0.027383
v 0.082430 0.567327 -0.000000
v 0.077858 0.567327 -0.027383
v 0.064140 0.567327 -0.052102
v 0.062384 0.568556 0.050963
v 0.075633 0.568556 0.026810
v 0.080050 0.568556 -0.000000
v 0.075633 0.568556 -0.026810
v 0.062384 0.568556 -0.050963
v 0.060808 0.569784 0.049755
v 0.073697 0.569784 0.026181
v 0.077993 0.569784 -0.000000
v 0.073697 0.569784 -0.026181
v 0.060808 0.569784 -0.049755
v 0.058669 0.571157 0.047385
v 0.071304 0.571157 0.024880
v 0.075516 0.571157 -0.000000
v 0.071304 0.571157 -0.024880
v 0.058669 0.571157 -0.047385
v 0.057472 0.571302 0.046468
v 0.069834 0.571302 0.024403
v 0.073955 0.571302 -0.000000
v 0.069834 0.571302 -0.024403
v 0.057472 0.571302 -0.046468
v 0.056139 0.571446 0.045603
v 0.068145 0.571446 0.023967
v 0.072148 0.571446 -0.000000
v 0.068145 0.571446 -0.023967
v 0.056139 0.571446 -0.045603
v 0.054806 0.571591 0.044738
v 0.066456 0.571591 0.023532
v 0.070340 0.571591 -0.000000
v 0.066456 0.571591 -0.023532
v 0.054806 0.571591 -0.044738
v 0.053609 0.571735 0.043821
v 0.064986 0.571735 0.023055
v 0.068779 0.571735 -0.000000
v 0.064986 0.571735 -0.023055
v 0.053609 0.571735 -0.043821
v 0.053564 0.573036 0.043771
v 0.064936 0.573036 0.023027
v 0.068727 0.573036 -0.000000
v 0.064936 0.573036 -0.023027
v 0.053564 0.573036 -0.043771
v 0.054702 0.574192 0.044644
v 0.066334 0.574192 0.023481
v 0.070212 0.574192 -0.000000
v 0.066334 0.574192 -0.023481
v 0.054702 0.574192 -0.044644
v 0.055970 0.575349 0.045466
v 0.067941 0.575349 0.023895
v 0.071931 0.575349 -0.000000
v 0.067941 0.575349 -0.023895
v 0.055970 0.575349 -0.045466
v 0.057239 0.576505 0.046289
v 0.069548 0.576505 0.024309
v 0.073650 0.576505 -0.000000
v 0.069548 0.576505 -0.024309
v 0.057239 0.576505 -0.046289
v 0.058377 0.577661 0.047162
v 0.070946 0.577661 0.024763
v 0.075136 0.577661 -0.000000
v 0.070946 0.577661 -0.024764
v 0.058377 0.577661 -0.047162
v 0.059143 0.579902 0.048010
v 0.071802 0.579902 0.025229
v 0.076022 0.579902 -0.000000
v 0.071802 0.579902 -0.025229
v 0.059143 0.579902 -0.048010
v 0.058997 0.580986 0.047898
v 0.071623 0.580986 0.025171
v 0.075832 0.580986 -0.000000
v 0.071623 0.580986 -0.025171
v 0.058997 0.580986 -0.047898
v 0.058834 0.582070 0.047792
v 0.071417 0.582070 0.025118
v 0.075611 0.582070 -0.000000
v 0.071417 0.582070 -0.025118
v 0.058834 0.582070 -0.047792
v 0.058671 0.583154 0.047687
v 0.071211 0.583154 0.025065
v 0.075391 0.583154 -0.000000
v 0.071211 0.583154 -0.025065
v 0.058671 0.583154 -0.047687
v 0.058525 0.584238 0.047575
v 0.071032 0.584238 0.025007
v 0.075200 0.584238 -0.000000
v 0.071032 0.584238 -0.025007
v 0.058525 0.584238 -0.047575
v 0.055095 0.587024 0.043775
v 0.067195 0.587024 0.022920
v 0.071228 0.587024 -0.000000
v 0.067195 0.587024 -0.022920
v 0.055095 0.587024 -0.043775
v 0.050795 0.588727 0.040477
v 0.061912 0.588727 0.021204
v 0.065617 0.588727 -0.000000
v 0.061912 0.588727 -0.021204
v 0.050795 0.588727 -0.040477
v 0.046003 0.590430 0.037369
v 0.055842 0.590430 0.019640
v 0.059121 0.590430 -0.000000
v 0.055842 0.590430 -0.019640
v 0.046003 0.590430 -0.037369
v 0.041211 0.592133 0.034261
v 0.049772 0.592133 0.018076
v 0.052625 0.592133 -0.000000
v 0.049772 0.592133 -0.018076
v 0.041211 0.592133 -0.034261
v 0.036911 0.593836 0.030964
v 0.044488 0.593836 0.016360
v 0.047014 0.593836 -0.000000
v 0.044488 0.593836 -0.016360
v 0.036910 0.593836 -0.030964
v 0.033638 0.597128 0.027338
v 0.040828 0.597128 0.014369
v 0.043225 0.597128 -0.000000
v 0.040828 0.597128 -0.014369
v 0.033638 0.597128 -0.027338
v 0.033696 0.598718 0.027383
v 0.040900 0.598718 0.014392
v 0.043301 0.598718 -0.000000
v 0.040900 0.598718 -0.014393
v 0.033696 0.598718 -0.027383
v 0.033761 0.600308 0.027425
v 0.040982 0.600308 0.014414
v 0.043389 0.600308 -0.000000
v 0.040982 0.600308 -0.014414
v 0.033761 0.600308 -0.027425
v 0.033827 0.601898 0.027467
v 0.041064 0.601898 0.014435
v 0.043477 0.601898 -0.000000
v 0.041064 0.601898 -0.014435
v 0.033827 0.601898 -0.027468
v 0.033885 0.603488 0.027512
v 0.041136 0.603488 0.014458
v 0.043553 0.603488 -0.000000
v 0.041136 0.603488 -0.014458
v 0.033885 0.603488 -0.027512
v 0.034808 0.605583 0.028535
v 0.042169 0.605583 0.015020
v 0.044622 0.605583 -0.000000
v 0.042169 0.605583 -0.015020
v 0.034808 0.605583 -0.028535
v 0.035946 0.606089 0.029408
v 0.043567 0.606089 0.015474
v 0.046107 0.606089 -0.000000
v 0.043567 0.606089 -0.015474
v 0.035946 0.606089 -0.029408
v 0.037215 0.606595 0.030230
v 0.045174 0.606595 0.015888
v 0.047827 0.606595 -0.000000
v 0.045174 0.606595 -0.015888
v 0.037215 0.606595 -0.030230
v 0.038483 0.607101 0.031053
v 0.046780 0.607101 0.016302
v 0.049546 0.607101 -0.000000
v 0.046780 0.607101 -0.016302
v 0.038483 0.607101 -0.031053
v 0.039621 0.607607 0.031926
v 0.048179 0.607607 0.016756
v 0.051031 0.607607 -0.000000
v 0.048179 0.607607 -0.016756
v 0.039621 0.607607 -0.031926
v 0.040612 0.608944 0.033023
v 0.049287 0.608944 0.017359
v 0.052178 0.608944 -0.000000
v 0.049287 0.608944 -0.017359
v 0.040612 0.608944 -0.033023
v 0.040758 0.609775 0.033135
v 0.049466 0.609775 0.017417
v 0.052369 0.609775 -0.000000
v 0.049466 0.609775 -0.017417
v 0.040758 0.609775 -0.033135
v 0.040920 0.610606 0.033241
v 0.049672 0.610606 0.017470
v 0.052589 0.610606 -0.000000
v 0.049672 0.610606 -0.017470
v 0.040920 0.610606 -0.033241
v 0.041083 0.611437 0.033346
v 0.049878 0.611437 0.017523
v 0.052810 0.611437 -0.000000
v 0.049878 0.611437 -0.017523
v 0.041083 0.611437 -0.033346
v 0.041229 0.612268 0.033458
v 0.050057 0.612268 0.017581
v 0.053000 0.612268 -0.000000
v 0.050057 0.612268 -0.017581
v 0.041229 0.612268 -0.033458
v 0.040373 0.614183 0.032510
v 0.049100 0.614183 0.017061
v 0.052009 0.614183 -0.000000
v 0.049100 0.614183 -0.017061
v 0.040373 0.614183 -0.032510
v 0.039118 0.615267 0.031548
v 0.047558 0.615267 0.016560
v 0.050372 0.615267 -0.000000
v 0.047558 0.615267 -0.016560
v 0.039118 0.615267 -0.031548
v 0.037720 0.616351 0.030641
v 0.045787 0.616351 0.016104
v 0.048476 0.616351 -0.000000
v 0.045787 0.616351 -0.016104
v 0.037720 0.616351 -0.030641
v 0.036321 0.617435 0.029734
v 0.044016 0.617435 0.015647
v 0.046580 0.617435 -0.000000
v 0.044016 0.617435 -0.015647
v 0.036321 0.617435 -0.029734
v 0.035066 0.618519 0.028772
v 0.042474 0.618519 0.015147
v 0.044943 0.618519 -0.000000
v 0.042474 0.618519 -0.015147
v 0.035066 0.618519 -0.028772
v 0.038572 0.637592 0.032655
v 0.046395 0.637592 0.017279
v 0.049003 0.637592 -0.000000
v 0.046395 0.637592 -0.017279
v 0.038572 0.637592 -0.032656
v 0.044371 0.655581 0.037102
v 0.053520 0.655581 0.019593
v 0.056569 0.655581 -0.000000
v 0.053520 0.655581 -0.019593
v 0.044371 0.655581 -0.037102
v 0.050833 0.673570 0.041293
v 0.061705 0.673570 0.021702
v 0.065329 0.673570 -0.000000
v 0.061705 0.673570 -0.021702
v 0.050833 0.673570 -0.041293
v 0.057295 0.691559 0.045484
v 0.069890 0.691559 0.023812
v 0.074089 0.691559 -0.000000
v 0.069890 0.691559 -0.023812
v 0.057295 0.691559 -0.045484
v 0.063094 0.709548 0.049931
v 0.077015 0.709548 0.026125
v 0.081655 0.709548 -0.000000
v 0.077015 0.709548 -0.026125
v 0.063094 0.709548 -0.049931
v 0.067568 0.729379 0.054887
v 0.082019 0.729379 0.028847
v 0.086836 0.729379 -0.000000
v 0.082019 0.729379 -0.028847
v 0.067568 0.729379 -0.054887
v 0.067568 0.731222 0.054887
v 0.082019 0.731222 0.028847
v 0.086836 0.731222 -0.000000
v 0.082019 0.731222 -0.028847
v 0.067568 0.731222 -0.054887
v 0.067568 0.733065 0.054887
v 0.082019 0.733065 0.028847
v 0.086836 0.733065 -0.000000
v 0.082019 0.733065 -0.028847
v 0.067568 0.733065 -0.054887
v 0.067568 0.734908 0.054887
v 0.082019 0.734908 0.028847
v 0.086836 0.734908 -0.000000
v 0.082019 0.734908 -0.028847
v 0.067568 0.734908 -0.054887
v 0.067568 0.736750 0.054887
v 0.082019 0.736750 0.028847
v 0.086836 0.736750 -0.000000
v 0.082019 0.736750 -0.028847
v 0.067568 0.736750 -0.054887
v 0.066555 0.739858 0.053765
v 0.080886 0.739858 0.028230
v 0.085663 0.739858 -0.000000
v 0.080886 0.739858 -0.028230
v 0.066555 0.739858 -0.053765
v 0.065242 0.741123 0.052758
v 0.079272 0.741123 0.027706
v 0.083949 0.741123 -0.000000
v 0.079272 0.741123 -0.027706
v 0.065241 0.741123 -0.052758
v 0.063778 0.742387 0.051808
v 0.077418 0.742387 0.027229
v 0.081965 0.742387 -0.000000
v 0.077418 0.742387 -0.027229
v 0.063778 0.742387 -0.051809
v 0.062315 0.743652 0.050859
v 0.075565 0.743652 0.026751
v 0.079981 0.743652 -0.000000
v 0.075565 0.743652 -0.026751
v 0.062315 0.743652 -0.050859
v 0.061001 0.744917 0.049852
v 0.073951 0.744917 0.026227
v 0.078268 0.744917 -0.000000
v 0.073951 0.744917 -0.026227
v 0.061001 0.744917 -0.049852
v 0.056791 0.747446 0.045188
v 0.069242 0.747446 0.023666
v 0.073392 0.747446 -0.000000
v 0.069242 0.747446 -0.023666
v 0.056791 0.747446 -0.045188
v 0.052647 0.748711 0.042010
v 0.064150 0.748711 0.022012
v 0.067985 0.748711 -0.000000
v 0.064150 0.748711 -0.022012
v 0.052647 0.748711 -0.042010
v 0.048029 0.749975 0.039015
v 0.058301 0.749975 0.020505
v 0.061725 0.749975 -0.000000
v 0.058301 0.749975 -0.020505
v 0.048029 0.749975 -0.039015
v 0.043411 0.751240 0.036020
v 0.052451 0.751240 0.018997
v 0.055465 0.751240 -0.000000
v 0.052451 0.751240 -0.018997
v 0.043411 0.751240 -0.036020
v 0.039266 0.752505 0.032842
v 0.047360 0.752505 0.017344
v 0.050057 0.752505 -0.000000
v 0.047359 0.752505 -0.017344
v 0.039266 0.752505 -0.032842
v 0.033728 0.754058 0.026706
v 0.041165 0.754058 0.013974
v 0.043643 0.754058 -0.000000
v 0.041165 0.754058 -0.013975
v 0.033728 0.754058 -0.026706
v 0.030693 0.754348 0.024379
v 0.037435 0.754347 0.012764
v 0.039683 0.754348 -0.000000
v 0.037435 0.754348 -0.012764
v 0.030693 0.754347 -0.024379
v 0.027310 0.754637 0.022185
v 0.033151 0.754637 0.011660
v 0.035098 0.754637 -0.000000
v 0.033151 0.754637 -0.011660
v 0.027310 0.754637 -0.022185
v 0.023928 0.754926 0.019991
v 0.028867 0.754926 0.010555
v 0.030513 0.754926 -0.000000
v 0.028867 0.754926 -0.010556
v 0.023928 0.754926 -0.019991
v 0.020893 0.755215 0.017664
v 0.025138 0.755215 0.009345
v 0.026553 0.755215 -0.000000
v 0.025138 0.755215 -0.009345
v 0.020893 0.755215 -0.017664
v 0.019182 0.756082 0.015768
v 0.023224 0.756082 0.008304
v 0.024572 0.756082 -0.000000
v 0.023224 0.756082 -0.008304
v 0.019182 0.756082 -0.015768
v 0.019999 0.756660 0.016395
v 0.024228 0.756660 0.008630
v 0.025638 0.756660 -0.000000
v 0.024228 0.756660 -0.008630
v 0.019999 0.756660 -0.016395
v 0.020910 0.757238 0.016985
v 0.025382 0.757238 0.008927
v 0.026872 0.757238 -0.000000
v 0.025382 0.757238 -0.008927
v 0.020910 0.757238 -0.016985
v 0.021820 0.757816 0.017576
v 0.026535 0.757816 0.009224
v 0.028107 0.757816 -0.000000
v 0.026535 0.757816 -0.009224
v 0.021820 0.757816 -0.017576
v 0.022637 0.758394 0.018202
v 0.027539 0.758394 0.009550
v 0.029173 0.758394 -0.000000
v 0.027539 0.758394 -0.009550
v 0.022637 0.758394 -0.018203
v 0.023245 0.759731 0.018876
v 0.028219 0.759731 0.009920
v 0.029877 0.759731 -0.000000
v 0.028219 0.759731 -0.009920
v 0.023245 0.759731 -0.018876
v 0.023216 0.760490 0.018854
v 0.028183 0.760490 0.009908
v 0.029839 0.760490 -0.000000
v 0.028183 0.760490 -0.009908
v 0.023216 0.760490 -0.018854
v 0.023184 0.761249 0.018833
v 0.028142 0.761249 0.009898
v 0.029795 0.761249 -0.000000
v 0.028142 0.761249 -0.009898
v 0.023184 0.761249 -0.018833
v 0.023151 0.762008 0.018811
v 0.028101 0.762008 0.009887
v 0.029751 0.762008 -0.000000
v 0.028101 0.762008 -0.009887
v 0.023151 0.762008 -0.018812
v 0.023122 0.762767 0.018789
v 0.028065 0.762767 0.009875
v 0.029712 0.762767 -0.000000
v 0.028065 0.762767 -0.009876
v 0.023122 0.762767 -0.018789
v 0.022019 0.764212 0.017567
v 0.026831 0.764212 0.009204
v 0.028435 0.764212 -0.000000
v 0.026831 0.764212 -0.009204
v 0.022019 0.764212 -0.017567
v 0.020618 0.764898 0.016493
v 0.025110 0.764898 0.008645
v 0.026607 0.764898 -0.000000
v 0.025110 0.764898 -0.008645
v 0.020618 0.764898 -0.016493
v 0.019057 0.765585 0.015480
v 0.023132 0.765585 0.008136
v 0.024491 0.765585 -0.000000
v 0.023132 0.765585 -0.008136
v 0.019057 0.765585 -0.015480
v 0.017496 0.766272 0.014468
v 0.021155 0.766272 0.007626
v 0.022375 0.766272 -0.000000
v 0.021155 0.766272 -0.007626
v 0.017496 0.766272 -0.014468
v 0.016095 0.766958 0.013394
v 0.019434 0.766958 0.007067
v 0.020547 0.766958 -0.000000
v 0.019434 0.766958 -0.007067
v 0.016095 0.766958 -0.013394
v 0.015844 0.768752 0.013116
v 0.019154 0.768752 0.006915
v 0.020257 0.768752 -0.000000
v 0.019154 0.768752 -0.006915
v 0.015844 0.768752 -0.013116
v 0.016921 0.769859 0.013941
v 0.020476 0.769859 0.007344
v 0.021661 0.769859 -0.000000
v 0.020476 0.769859 -0.007344
v 0.016921 0.769859 -0.013941
v 0.018120 0.770966 0.014719
v 0.021995 0.770966 0.007736
v 0.023287 0.770966 -0.000000
v 0.021995 0.770966 -0.007736
v 0.018120 0.770966 -0.014719
v 0.019319 0.772074 0.015497
v 0.023514 0.772073 0.008127
v 0.024913 0.772074 -0.000000
v 0.023514 0.772074 -0.008127
v 0.019319 0.772073 -0.015497
v 0.020395 0.773181 0.016322
v 0.024837 0.773181 0.008557
v 0.026317 0.773181 -0.000000
v 0.024837 0.773181 -0.008557
v 0.020395 0.773181 -0.016322
v 0.021383 0.775661 0.017417
v 0.025942 0.775661 0.009158
v 0.027461 0.775661 -0.000000
v 0.025942 0.775661 -0.009158
v 0.021383 0.775661 -0.017417
v 0.021588 0.777034 0.017573
v 0.026193 0.777034 0.009239
v 0.027728 0.777034 -0.000000
v 0.026193 0.777034 -0.009239
v 0.021588 0.777034 -0.017573
v 0.021815 0.778407 0.017721
v 0.026481 0.778407 0.009314
v 0.028036 0.778407 -0.000000
v 0.026481 0.778407 -0.009314
v 0.021815 0.778407 -0.017721
v 0.022043 0.779780 0.017869
v 0.026769 0.779780 0.009388
v 0.028345 0.779780 -0.000000
v 0.026769 0.779780 -0.009388
v 0.022043 0.779780 -0.017869
v 0.022247 0.781153 0.018025
v 0.027020 0.781153 0.009469
v 0.028611 0.781153 -0.000000
v 0.027020 0.781153 -0.009469
v 0.022247 0.781153 -0.018025
v 0.020964 0.784983 0.016603
v 0.025585 0.784983 0.008689
v 0.027125 0.784983 -0.000000
v 0.025585 0.784983 -0.008689
v 0.020964 0.784983 -0.016604
v 0.019096 0.787440 0.015171
v 0.023290 0.787440 0.007943
v 0.024688 0.787441 -0.000000
v 0.023290 0.787441 -0.007944
v 0.019096 0.787440 -0.015171
v 0.017015 0.789898 0.013821
v 0.020654 0.789898 0.007264
v 0.021867 0.789898 -0.000000
v 0.020654 0.789898 -0.007264
v 0.017015 0.789898 -0.013821
v 0.014933 0.792355 0.012471
v 0.018017 0.792355 0.006585
v 0.019045 0.792355 -0.000000
v 0.018017 0.792355 -0.006585
v 0.014933 0.792355 -0.012472
v 0.013065 0.794812 0.011039
v 0.015722 0.794812 0.005839
v 0.016608 0.794812 -0.000000
v 0.015722 0.794812 -0.005840
v 0.013065 0.794812 -0.011039
v 0.014619 0.797269 0.012760
v 0.017460 0.797269 0.006785
v 0.018407 0.797269 -0.000000
v 0.017460 0.797269 -0.006785
v 0.014619 0.797269 -0.012761
v 0.018501 0.797269 0.015737
v 0.022229 0.797269 0.008333
v 0.023472 0.797269 -0.000000
v 0.022229 0.797269 -0.008333
v 0.018501 0.797269 -0.015737
v 0.022826 0.797269 0.018542
v 0.027708 0.797269 0.009745
v 0.029335 0.797269 -0.000000
v 0.027708 0.797269 -0.009745
v 0.022826 0.797269 -0.018542
v 0.027151 0.797269 0.021347
v 0.033186 0.797269 0.011157
v 0.035198 0.797269 -0.000000
v 0.033186 0.797269 -0.011157
v 0.027151 0.797269 -0.021347
v 0.031033 0.797269 0.024324
v 0.037955 0.797269 0.012705
v 0.040263 0.797269 -0.000000
v 0.037955 0.797269 -0.012706
v 0.031033 0.797269 -0.024324
v 0.034027 0.803902 0.027641
v 0.041304 0.803902 0.014527
v 0.043730 0.803902 -0.000000
v 0.041304 0.803902 -0.014527
v 0.034027 0.803902 -0.027641
v 0.034027 0.810536 0.027641
v 0.041304 0.810536 0.014527
v 0.043730 0.810536 -0.000000
v 0.041304 0.810536 -0.014527
v 0.034027 0.810536 -0.027641
v 0.034026 0.817170 0.027640
v 0.041304 0.817170 0.014527
v 0.043729 0.817170 -0.000000
v 0.041304 0.817170 -0.014527
v 0.034026 0.817170 -0.027640
v 0.034026 0.823803 0.027640
v 0.041303 0.823803 0.014527
v 0.043729 0.823803 -0.000000
v 0.041303 0.823803 -0.014527
v 0.034026 0.823803 -0.027640
v 0.034026 0.830437 0.027640
v 0.041303 0.830437 0.014526
v 0.043728 0.830437 -0.000000
v 0.041303 0.830437 -0.014527
v 0.034026 0.830437 -0.027640
v 0.030491 0.837070 0.023723
v 0.037349 0.837070 0.012376
v 0.039635 0.837070 -0.000000
v 0.037349 0.837070 -0.012376
v 0.030491 0.837070 -0.023723
v 0.025908 0.837070 0.020210
v 0.031719 0.837070 0.010548
v 0.033656 0.837070 -0.000000
v 0.031719 0.837070 -0.010548
v 0.025908 0.837070 -0.020210
v 0.020803 0.837070 0.016898
v 0.025252 0.837070 0.008881
v 0.026735 0.837070 -0.000000
v 0.025252 0.837070 -0.008881
v 0.020803 0.837070 -0.016899
v 0.015697 0.837070 0.013587
v 0.018784 0.837070 0.007214
v 0.019813 0.837070 -0.000000
v 0.018784 0.837070 -0.007215
v 0.015697 0.837070 -0.013587
v 0.011115 0.837070 0.010074
v 0.013155 0.837070 0.005386
v 0.013835 0.837070 -0.000000
v 0.013155 0.837070 -0.005387
v 0.011115 0.837070 -0.010074
v 0.009359 0.840756 0.008128
v 0.011190 0.840756 0.004318
v 0.011801 0.840756 -0.000000
v 0.011190 0.840756 -0.004318
v 0.009358 0.840756 -0.008128
v 0.011664 0.844442 0.009896
v 0.014023 0.844442 0.005238
v 0.014809 0.844442 -0.000000
v 0.014023 0.844442 -0.005238
v 0.011664 0.844442 -0.009896
v 0.014233 0.848127 0.011562
v 0.017277 0.848127 0.006077
v 0.018292 0.848127 -0.000000
v 0.017277 0.848127 -0.006077
v 0.014233 0.848127 -0.011562
v 0.016803 0.851813 0.013228
v 0.020532 0.851813 0.006915
v 0.021775 0.851813 -0.000000
v 0.020532 0.851813 -0.006915
v 0.016803 0.851813 -0.013229
v 0.019108 0.855498 0.014996
v 0.023364 0.855498 0.007835
v 0.024783 0.855498 -0.000000
v 0.023364 0.855499 -0.007835
v 0.019108 0.855498 -0.014996
v 0.018095 0.860991 0.013874
v 0.022231 0.860991 0.007219
v 0.023610 0.860991 -0.000000
v 0.022231 0.860991 -0.007219
v 0.018095 0.860991 -0.013874
v 0.014476 0.862797 0.011099
v 0.017785 0.862797 0.005775
v 0.018888 0.862797 -0.000000
v 0.017785 0.862797 -0.005775
v 0.014476 0.862797 -0.011099
v 0.010443 0.864604 0.008483
v 0.012677 0.864604 0.004459
v 0.013421 0.864604 -0.000000
v 0.012677 0.864604 -0.004459
v 0.010443 0.864604 -0.008483
v 0.006411 0.866411 0.005868
v 0.007569 0.866411 0.003142
v 0.007955 0.866411 -0.000000
v 0.007569 0.866411 -0.003142
v 0.006411 0.866411 -0.005868
v 0.002792 0.868217 0.003093
v 0.003123 0.868217 0.001698
v 0.003233 0.868218 -0.000000
v 0.003123 0.868218 -0.001699
v 0.002792 0.868217 -0.003093
v 0.007284 0.172360 -0.023131
v -0.000729 0.172360 -0.020854
v -0.009551 0.172360 -0.016544
v -0.017696 0.172360 -0.011058
v -0.023674 0.172360 -0.005258
v 0.010562 0.172360 -0.048108
v -0.006103 0.172360 -0.046113
v -0.022594 0.172360 -0.039134
v -0.036884 0.172360 -0.028342
v -0.046944 0.172360 -0.014907
v 0.011937 0.172360 -0.074625
v -0.013914 0.172360 -0.074186
v -0.037693 0.172360 -0.065286
v -0.057290 0.172360 -0.049143
v -0.070596 0.172360 -0.026975
v 0.013311 0.172360 -0.101142
v -0.021725 0.172360 -0.102260
v -0.052792 0.172360 -0.091439
v -0.077697 0.172360 -0.069945
v -0.094247 0.172360 -0.039043
v 0.016590 0.172360 -0.126120
v -0.027099 0.172360 -0.127519
v -0.065835 0.172360 -0.114029
v -0.096885 0.172360 -0.087228
v -0.117518 0.172360 -0.048693
v 0.023687 0.178431 -0.148052
v -0.027600 0.178431 -0.147178
v -0.074777 0.178431 -0.129519
v -0.113660 0.178431 -0.097491
v -0.140060 0.178431 -0.053512
v 0.023692 0.184501 -0.148088
v -0.027607 0.184501 -0.147215
v -0.074797 0.184501 -0.129551
v -0.113688 0.184501 -0.097516
v -0.140094 0.184501 -0.053526
v 0.023694 0.190572 -0.148127
v -0.027619 0.190572 -0.147256
v -0.074819 0.190572 -0.129590
v -0.113718 0.190572 -0.097546
v -0.140128 0.190572 -0.053544
v 0.023696 0.196642 -0.148165
v -0.027630 0.196642 -0.147297
v -0.074841 0.196642 -0.129628
v -0.113748 0.196642 -0.097577
v -0.140163 0.196642 -0.053562
v 0.023701 0.202712 -0.148202
v -0.027638 0.202713 -0.147334
v -0.074860 0.202712 -0.129661
v -0.113776 0.202712 -0.097602
v -0.140197 0.202712 -0.053576
v 0.023028 0.208747 -0.146124
v -0.027591 0.208747 -0.145471
v -0.074012 0.208747 -0.128193
v -0.112186 0.208747 -0.096630
v -0.138061 0.208747 -0.053119
v 0.022712 0.208711 -0.143717
v -0.027073 0.208711 -0.143037
v -0.072756 0.208711 -0.126017
v -0.110337 0.208711 -0.094964
v -0.135819 0.208711 -0.052189
v 0.022580 0.208675 -0.141162
v -0.026320 0.208675 -0.140332
v -0.071301 0.208674 -0.123497
v -0.108371 0.208675 -0.092960
v -0.133540 0.208674 -0.051027
v 0.022447 0.208638 -0.138607
v -0.025568 0.208638 -0.137627
v -0.069846 0.208638 -0.120977
v -0.106405 0.208638 -0.090956
v -0.131261 0.208638 -0.049864
v 0.022131 0.208602 -0.136201
v -0.025050 0.208602 -0.135194
v -0.068589 0.208602 -0.118800
v -0.104556 0.208602 -0.089291
v -0.129019 0.208602 -0.048934
v 0.020838 0.209144 -0.132204
v -0.024959 0.209144 -0.131611
v -0.066960 0.209144 -0.115978
v -0.101499 0.209144 -0.087421
v -0.124912 0.209144 -0.048056
v 0.020556 0.209722 -0.130053
v -0.024496 0.209722 -0.129436
v -0.065837 0.209722 -0.114032
v -0.099847 0.209722 -0.085932
v -0.122907 0.209722 -0.047225
v 0.020438 0.210301 -0.127769
v -0.023823 0.210301 -0.127018
v -0.064536 0.210301 -0.111780
v -0.098089 0.210300 -0.084140
v -0.120870 0.210301 -0.046185
v 0.020319 0.210879 -0.125485
v -0.023150 0.210879 -0.124600
v -0.063236 0.210879 -0.109527
v -0.096332 0.210879 -0.082349
v -0.118833 0.210879 -0.045146
v 0.020037 0.211457 -0.123334
v -0.022687 0.211457 -0.122424
v -0.062112 0.211457 -0.107581
v -0.094679 0.211457 -0.080860
v -0.116829 0.211457 -0.044315
v 0.019457 0.212938 -0.121544
v -0.022647 0.212938 -0.120819
v -0.061382 0.212938 -0.106317
v -0.093309 0.212938 -0.080022
v -0.114988 0.212938 -0.043921
v 0.019472 0.213842 -0.121653
v -0.022670 0.213842 -0.120930
v -0.061439 0.213842 -0.106416
v -0.093393 0.213842 -0.080098
v -0.115090 0.213842 -0.043964
v 0.019478 0.214745 -0.121769
v -0.022704 0.214745 -0.121053
v -0.061505 0.214745 -0.106530
v -0.093483 0.214745 -0.080189
v -0.115194 0.214745 -0.044016
v 0.019484 0.215648 -0.121885
v -0.022738 0.215648 -0.121176
v -0.061571 0.215648 -0.106645
v -0.093572 0.215648 -0.080280
v -0.115298 0.215648 -0.044069
v 0.019498 0.216552 -0.121995
v -0.022762 0.216552 -0.121287
v -0.061629 0.216552 -0.106744
v -0.093656 0.216552 -0.080356
v -0.115399 0.216552 -0.044111
v 0.020274 0.218720 -0.124392
v -0.022817 0.218720 -0.123436
v -0.062606 0.218720 -0.108437
v -0.095490 0.218720 -0.081478
v -0.117864 0.218720 -0.044638
v 0.020619 0.219984 -0.127018
v -0.023382 0.219984 -0.126091
v -0.063977 0.219984 -0.110812
v -0.097507 0.219984 -0.083295
v -0.120310 0.219984 -0.045653
v 0.020763 0.221249 -0.129805
v -0.024203 0.221249 -0.129042
v -0.065564 0.221249 -0.113561
v -0.099652 0.221249 -0.085481
v -0.122796 0.221249 -0.046921
v 0.020908 0.222514 -0.132592
v -0.025024 0.222514 -0.131992
v -0.067151 0.222514 -0.116310
v -0.101797 0.222514 -0.087667
v -0.125282 0.222514 -0.048190
v 0.021252 0.223778 -0.135217
v -0.025588 0.223778 -0.134647
v -0.068522 0.223778 -0.118684
v -0.103814 0.223778 -0.089484
v -0.127728 0.223778 -0.049204
v 0.022442 0.227319 -0.138894
v -0.025672 0.227319 -0.137943
v -0.070021 0.227319 -0.121281
v -0.106626 0.227319 -0.091204
v -0.131507 0.227319 -0.050012
v 0.022648 0.229596 -0.140462
v -0.026010 0.229596 -0.139529
v -0.070840 0.229596 -0.122699
v -0.107830 0.229596 -0.092289
v -0.132968 0.229596 -0.050618
v 0.022734 0.231872 -0.142127
v -0.026500 0.231872 -0.141291
v -0.071788 0.231872 -0.124340
v -0.109111 0.231872 -0.093595
v -0.134452 0.231872 -0.051375
v 0.022820 0.234149 -0.143791
v -0.026990 0.234149 -0.143053
v -0.072736 0.234149 -0.125982
v -0.110392 0.234149 -0.094901
v -0.135937 0.234149 -0.052133
v 0.023026 0.236425 -0.145359
v -0.027328 0.236425 -0.144639
v -0.073554 0.236425 -0.127400
v -0.111597 0.236425 -0.095986
v -0.137398 0.236425 -0.052738
v 0.023409 0.242387 -0.146542
v -0.027355 0.242387 -0.145699
v -0.074037 0.242387 -0.128236
v -0.112502 0.242387 -0.096539
v -0.138614 0.242387 -0.052998
v 0.023380 0.246073 -0.146323
v -0.027308 0.246073 -0.145478
v -0.073923 0.246073 -0.128038
v -0.112334 0.246073 -0.096388
v -0.138410 0.246073 -0.052914
v 0.023368 0.249758 -0.146091
v -0.027239 0.249758 -0.145232
v -0.073790 0.249758 -0.127809
v -0.112155 0.249758 -0.096206
v -0.138203 0.249758 -0.052808
v 0.023356 0.253444 -0.145859
v -0.027171 0.253444 -0.144986
v -0.073658 0.253444 -0.127580
v -0.111976 0.253444 -0.096024
v -0.137995 0.253444 -0.052702
v 0.023327 0.257130 -0.145640
v -0.027124 0.257130 -0.144765
v -0.073544 0.257130 -0.127382
v -0.111808 0.257130 -0.095872
v -0.137792 0.257130 -0.052618
v 0.022469 0.264248 -0.142986
v -0.027063 0.264248 -0.142386
v -0.072462 0.264248 -0.125508
v -0.109778 0.264248 -0.094631
v -0.135064 0.264248 -0.052035
v 0.022100 0.267681 -0.140179
v -0.026459 0.267681 -0.139547
v -0.070996 0.267681 -0.122968
v -0.107622 0.267681 -0.092688
v -0.132448 0.267681 -0.050950
v 0.021946 0.271113 -0.137198
v -0.025581 0.271113 -0.136391
v -0.069298 0.271113 -0.120029
v -0.105328 0.271113 -0.090349
v -0.129790 0.271113 -0.049594
v 0.021791 0.274546 -0.134217
v -0.024703 0.274546 -0.133235
v -0.067601 0.274546 -0.117089
v -0.103034 0.274546 -0.088011
v -0.127131 0.274546 -0.048237
v 0.021423 0.277979 -0.131409
v -0.024099 0.277979 -0.130396
v -0.066135 0.277979 -0.114549
v -0.100877 0.277979 -0.086068
v -0.124515 0.277979 -0.047152
v 0.019271 0.285205 -0.124760
v -0.023947 0.285205 -0.124435
v -0.063424 0.285205 -0.109853
v -0.095791 0.285205 -0.082957
v -0.117680 0.285205 -0.045691
v 0.018644 0.288999 -0.119983
v -0.022920 0.288999 -0.119605
v -0.060929 0.288999 -0.105533
v -0.092121 0.288999 -0.079651
v -0.113230 0.288999 -0.043846
v 0.018381 0.292793 -0.114912
v -0.021426 0.292793 -0.114236
v -0.058042 0.292793 -0.100531
v -0.088218 0.292793 -0.075673
v -0.108707 0.292793 -0.041538
v 0.018118 0.296587 -0.109841
v -0.019932 0.296587 -0.108867
v -0.055154 0.296587 -0.095530
v -0.084316 0.296587 -0.071695
v -0.104184 0.296587 -0.039230
v 0.017491 0.300381 -0.105064
v -0.018904 0.300381 -0.104037
v -0.052660 0.300381 -0.091210
v -0.080646 0.300381 -0.068390
v -0.099734 0.300381 -0.037384
v 0.015743 0.306343 -0.099661
v -0.018781 0.306343 -0.099194
v -0.050457 0.306343 -0.087394
v -0.076514 0.306343 -0.065862
v -0.094180 0.306343 -0.036197
v 0.015561 0.308511 -0.098275
v -0.018483 0.308511 -0.097792
v -0.049733 0.308511 -0.086141
v -0.075449 0.308511 -0.064903
v -0.092889 0.308511 -0.035662
v 0.015484 0.310679 -0.096804
v -0.018050 0.310679 -0.096235
v -0.048896 0.310679 -0.084690
v -0.074317 0.310679 -0.063749
v -0.091577 0.310679 -0.034992
v 0.015408 0.312847 -0.095333
v -0.017616 0.312847 -0.094678
v -0.048058 0.312847 -0.083239
v -0.073185 0.312847 -0.062595
v -0.090265 0.312847 -0.034323
v 0.015226 0.315015 -0.093948
v -0.017318 0.315015 -0.093276
v -0.047335 0.315015 -0.081986
v -0.072121 0.315015 -0.061636
v -0.088974 0.315015 -0.033787
v 0.014813 0.318737 -0.092669
v -0.017289 0.318737 -0.092130
v -0.046813 0.318737 -0.081083
v -0.071143 0.318737 -0.061038
v -0.087660 0.318737 -0.033506
v 0.014803 0.320291 -0.092596
v -0.017273 0.320291 -0.092056
v -0.046775 0.320291 -0.081017
v -0.071087 0.320291 -0.060987
v -0.087592 0.320291 -0.033478
v 0.014799 0.321845 -0.092518
v -0.017250 0.321845 -0.091974
v -0.046731 0.321845 -0.080940
v -0.071027 0.321845 -0.060927
v -0.087523 0.321845 -0.033443
v 0.014795 0.323398 -0.092441
v -0.017228 0.323398 -0.091892
v -0.046687 0.323398 -0.080864
v -0.070967 0.323398 -0.060866
v -0.087454 0.323398 -0.033408
v 0.014785 0.324952 -0.092368
v -0.017212 0.324952 -0.091819
v -0.046649 0.324952 -0.080798
v -0.070911 0.324952 -0.060815
v -0.087386 0.324952 -0.033380
v 0.015689 0.328637 -0.095160
v -0.017276 0.328637 -0.094321
v -0.047787 0.328637 -0.082770
v -0.073047 0.328637 -0.062122
v -0.090255 0.328637 -0.033993
v 0.016116 0.330769 -0.098417
v -0.017976 0.330769 -0.097615
v -0.049488 0.330769 -0.085716
v -0.075549 0.330769 -0.064376
v -0.093290 0.330769 -0.035251
v 0.016296 0.332900 -0.101875
v -0.018995 0.332900 -0.101276
v -0.051457 0.332900 -0.089126
v -0.078210 0.332900 -0.067088
v -0.096374 0.332900 -0.036825
v 0.016475 0.335031 -0.105333
v -0.020014 0.335031 -0.104937
v -0.053426 0.335031 -0.092536
v -0.080871 0.335031 -0.069801
v -0.099458 0.335031 -0.038399
v 0.016902 0.337163 -0.108590
v -0.020714 0.337163 -0.108231
v -0.055127 0.337163 -0.095482
v -0.083373 0.337163 -0.072055
v -0.102493 0.337163 -0.039657
v 0.017433 0.340740 -0.110231
v -0.020752 0.340740 -0.109702
v -0.055796 0.340740 -0.096641
v -0.084628 0.340740 -0.072822
v -0.104180 0.340740 -0.040018
v 0.017251 0.342185 -0.108845
v -0.020454 0.342185 -0.108300
v -0.055072 0.342185 -0.095388
v -0.083564 0.342185 -0.071864
v -0.102889 0.342185 -0.039483
v 0.017175 0.343630 -0.107374
v -0.020020 0.343630 -0.106743
v -0.054235 0.343630 -0.093937
v -0.082432 0.343630 -0.070710
v -0.101577 0.343630 -0.038813
v 0.017099 0.345076 -0.105903
v -0.019587 0.345076 -0.105186
v -0.053397 0.345076 -0.092486
v -0.081300 0.345076 -0.069556
v -0.100265 0.345076 -0.038144
v 0.016917 0.346521 -0.104518
v -0.019289 0.346521 -0.103784
v -0.052674 0.346521 -0.091233
v -0.080236 0.346521 -0.068597
v -0.098974 0.346521 -0.037608
v 0.015779 0.348400 -0.101001
v -0.019209 0.348400 -0.100632
v -0.051240 0.348400 -0.088750
v -0.077546 0.348400 -0.066951
v -0.095359 0.348400 -0.036835
v 0.015434 0.348834 -0.098376
v -0.018644 0.348834 -0.097977
v -0.049869 0.348834 -0.086375
v -0.075529 0.348834 -0.065135
v -0.092913 0.348834 -0.035821
v 0.015290 0.349267 -0.095588
v -0.017823 0.349267 -0.095026
v -0.048282 0.349267 -0.083626
v -0.073384 0.349267 -0.062948
v -0.090427 0.349267 -0.034553
v 0.015146 0.349701 -0.092801
v -0.017002 0.349701 -0.092076
v -0.046695 0.349701 -0.080877
v -0.071239 0.349701 -0.060762
v -0.087941 0.349701 -0.033284
v 0.014801 0.350134 -0.090176
v -0.016437 0.350134 -0.089421
v -0.045324 0.350134 -0.078503
v -0.069222 0.350134 -0.058945
v -0.085495 0.350134 -0.032270
v 0.012846 0.357289 -0.084133
v -0.016299 0.357289 -0.084004
v -0.042860 0.357289 -0.074235
v -0.064600 0.357289 -0.056118
v -0.079285 0.357289 -0.030942
v 0.012286 0.364010 -0.079867
v -0.015381 0.364010 -0.079690
v -0.040632 0.364010 -0.070377
v -0.061323 0.364010 -0.053166
v -0.075310 0.364010 -0.029294
v 0.012051 0.370730 -0.075338
v -0.014047 0.370730 -0.074895
v -0.038053 0.370730 -0.065910
v -0.057837 0.370730 -0.049613
v -0.071270 0.370730 -0.027233
v 0.011816 0.377451 -0.070809
v -0.012713 0.377451 -0.070100
v -0.035474 0.377451 -0.061443
v -0.054352 0.377451 -0.046060
v -0.067230 0.377451 -0.025172
v 0.011256 0.384172 -0.066543
v -0.011795 0.384172 -0.065786
v -0.033246 0.384172 -0.057585
v -0.051075 0.384172 -0.043108
v -0.063256 0.384172 -0.023523
v 0.009239 0.399493 -0.060308
v -0.011653 0.399493 -0.060198
v -0.030704 0.399493 -0.053182
v -0.046306 0.399493 -0.040190
v -0.056848 0.399493 -0.022153
v 0.008865 0.408093 -0.057464
v -0.011041 0.408093 -0.057321
v -0.029219 0.408092 -0.050609
v -0.044121 0.408092 -0.038222
v -0.054198 0.408092 -0.021055
v 0.008709 0.416692 -0.054445
v -0.010151 0.416692 -0.054125
v -0.027500 0.416692 -0.047631
v -0.041798 0.416692 -0.035854
v -0.051505 0.416692 -0.019680
v 0.008552 0.425292 -0.051425
v -0.009262 0.425292 -0.050928
v -0.025781 0.425292 -0.044653
v -0.039474 0.425292 -0.033485
v -0.048812 0.425292 -0.018306
v 0.008179 0.433892 -0.048581
v -0.008650 0.433892 -0.048052
v -0.024296 0.433892 -0.042081
v -0.037289 0.433892 -0.031517
v -0.046162 0.433892 -0.017207
v 0.007235 0.453072 -0.045663
v -0.008584 0.453072 -0.045436
v -0.023106 0.453072 -0.040020
v -0.035057 0.453072 -0.030151
v -0.043162 0.453072 -0.016566
v 0.007171 0.463652 -0.045178
v -0.008479 0.463652 -0.044946
v -0.022853 0.463652 -0.039582
v -0.034685 0.463652 -0.029816
v -0.042711 0.463652 -0.016379
v 0.007144 0.474232 -0.044664
v -0.008328 0.474232 -0.044401
v -0.022560 0.474232 -0.039074
v -0.034289 0.474232 -0.029413
v -0.042252 0.474232 -0.016145
v 0.007118 0.484812 -0.044149
v -0.008176 0.484812 -0.043857
v -0.022267 0.484812 -0.038567
v -0.033893 0.484812 -0.029009
v -0.041793 0.484812 -0.015911
v 0.007054 0.495392 -0.043665
v -0.008072 0.495392 -0.043367
v -0.022014 0.495392 -0.038129
v -0.033521 0.495392 -0.028674
v -0.041342 0.495392 -0.015724
v 0.007144 0.511356 -0.043943
v -0.008078 0.511356 -0.043616
v -0.022127 0.511356 -0.038326
v -0.033734 0.511356 -0.028804
v -0.041628 0.511356 -0.015785
v 0.007249 0.516740 -0.044746
v -0.008251 0.516740 -0.044428
v -0.022546 0.516740 -0.039051
v -0.034350 0.516740 -0.029359
v -0.042376 0.516740 -0.016095
v 0.007294 0.522124 -0.045597
v -0.008502 0.522124 -0.045329
v -0.023031 0.522124 -0.039891
v -0.035005 0.522124 -0.030027
v -0.043135 0.522124 -0.016482
v 0.007338 0.527508 -0.046449
v -0.008753 0.527508 -0.046231
v -0.023516 0.527508 -0.040731
v -0.035661 0.527508 -0.030695
v -0.043895 0.527508 -0.016870
v 0.007443 0.532892 -0.047251
v -0.008925 0.532892 -0.047042
v -0.023935 0.532892 -0.041457
v -0.036277 0.532892 -0.031251
v -0.044642 0.532892 -0.017180
v 0.008891 0.538131 -0.051727
v -0.009027 0.538131 -0.051054
v -0.025760 0.538131 -0.044618
v -0.039701 0.538131 -0.033345
v -0.049243 0.538131 -0.018163
v 0.009456 0.537987 -0.056030
v -0.009953 0.537987 -0.055405
v -0.028007 0.537987 -0.048509
v -0.043006 0.537987 -0.036322
v -0.053251 0.537987 -0.019826
v 0.009693 0.537842 -0.060598
v -0.011299 0.537842 -0.060241
v -0.030608 0.537842 -0.053014
v -0.046521 0.537842 -0.039906
v -0.057326 0.537842 -0.021904
v 0.009930 0.537698 -0.065165
v -0.012644 0.537698 -0.065077
v -0.033209 0.537698 -0.057519
v -0.050036 0.537698 -0.043489
v -0.061400 0.537698 -0.023983
v 0.010495 0.537553 -0.069468
v -0.013570 0.537553 -0.069428
v -0.035456 0.537553 -0.061411
v -0.053342 0.537553 -0.046466
v -0.065409 0.537553 -0.025646
v 0.012315 0.538493 -0.075095
v -0.013698 0.538493 -0.074472
v -0.037750 0.538493 -0.065385
v -0.057646 0.538493 -0.049099
v -0.071192 0.538493 -0.026882
v 0.012593 0.539577 -0.077210
v -0.014153 0.539577 -0.076611
v -0.038854 0.539577 -0.067297
v -0.059270 0.539577 -0.050563
v -0.073162 0.539577 -0.027699
v 0.012709 0.540661 -0.079455
v -0.014815 0.540661 -0.078988
v -0.040133 0.540661 -0.069512
v -0.060998 0.540661 -0.052324
v -0.075165 0.540661 -0.028721
v 0.012826 0.541745 -0.081700
v -0.015476 0.541745 -0.081365
v -0.041411 0.541745 -0.071726
v -0.062726 0.541745 -0.054085
v -0.077167 0.541745 -0.029743
v 0.013103 0.542829 -0.083815
v -0.015931 0.542829 -0.083504
v -0.042515 0.542829 -0.073639
v -0.064351 0.542829 -0.055549
v -0.079138 0.542829 -0.030560
v 0.013879 0.545430 -0.086213
v -0.015986 0.545430 -0.085653
v -0.043493 0.545430 -0.075332
v -0.066185 0.545430 -0.056671
v -0.081602 0.545430 -0.031087
v 0.013961 0.546948 -0.086833
v -0.016119 0.546948 -0.086280
v -0.043817 0.546948 -0.075893
v -0.066661 0.546948 -0.057100
v -0.082180 0.546948 -0.031326
v 0.013995 0.548465 -0.087491
v -0.016313 0.548465 -0.086977
v -0.044192 0.548465 -0.076542
v -0.067167 0.548465 -0.057616
v -0.082767 0.548465 -0.031626
v 0.014029 0.549983 -0.088149
v -0.016507 0.549983 -0.087673
v -0.044566 0.549983 -0.077191
v -0.067674 0.549983 -0.058132
v -0.083354 0.549983 -0.031925
v 0.014110 0.551501 -0.088769
v -0.016640 0.551501 -0.088300
v -0.044890 0.551501 -0.077752
v -0.068150 0.551501 -0.058561
v -0.083931 0.551501 -0.032165
v 0.014193 0.554789 -0.089025
v -0.016646 0.554789 -0.088529
v -0.044994 0.554789 -0.077932
v -0.068346 0.554789 -0.058681
v -0.084194 0.554789 -0.032221
v 0.014150 0.556559 -0.088697
v -0.016576 0.556559 -0.088197
v -0.044823 0.556559 -0.077636
v -0.068094 0.556559 -0.058454
v -0.083888 0.556559 -0.032094
v 0.014132 0.558330 -0.088348
v -0.016473 0.558330 -0.087829
v -0.044625 0.558330 -0.077292
v -0.067825 0.558330 -0.058180
v -0.083578 0.558330 -0.031936
v 0.014114 0.560100 -0.088000
v -0.016370 0.560100 -0.087460
v -0.044426 0.560100 -0.076948
v -0.067557 0.560100 -0.057907
v -0.083267 0.560100 -0.031777
v 0.014071 0.561871 -0.087672
v -0.016300 0.561871 -0.087128
v -0.044255 0.561871 -0.076652
v -0.067305 0.561871 -0.057680
v -0.082961 0.561871 -0.031650
v 0.013419 0.564870 -0.085657
v -0.016254 0.564870 -0.085322
v -0.043434 0.564870 -0.075229
v -0.065765 0.564870 -0.056737
v -0.080891 0.564870 -0.031208
v 0.013160 0.566099 -0.083688
v -0.015830 0.566099 -0.083331
v -0.042405 0.566099 -0.073448
v -0.064252 0.566099 -0.055375
v -0.079057 0.566099 -0.030447
v 0.013052 0.567327 -0.081598
v -0.015214 0.567327 -0.081118
v -0.041215 0.567327 -0.071387
v -0.062643 0.567327 -0.053735
v -0.077192 0.567327 -0.029496
v 0.012944 0.568556 -0.079508
v -0.014599 0.568556 -0.078905
v -0.040025 0.568556 -0.069325
v -0.061035 0.568556 -0.052095
v -0.075328 0.568556 -0.028544
v 0.012685 0.569784 -0.077539
v -0.014175 0.569784 -0.076914
v -0.038997 0.569784 -0.067544
v -0.059522 0.569784 -0.050733
v -0.073493 0.569784 -0.027784
v 0.011702 0.571157 -0.074501
v -0.014106 0.571157 -0.074191
v -0.037758 0.571157 -0.065399
v -0.057199 0.571157 -0.049312
v -0.070371 0.571157 -0.027116
v 0.011506 0.571302 -0.073006
v -0.013784 0.571302 -0.072680
v -0.036978 0.571302 -0.064047
v -0.056050 0.571302 -0.048277
v -0.068979 0.571302 -0.026539
v 0.011424 0.571446 -0.071419
v -0.013316 0.571446 -0.070999
v -0.036074 0.571446 -0.062482
v -0.054829 0.571446 -0.047032
v -0.067563 0.571446 -0.025816
v 0.011342 0.571591 -0.069832
v -0.012849 0.571591 -0.069319
v -0.035170 0.571591 -0.060916
v -0.053608 0.571591 -0.045787
v -0.066147 0.571591 -0.025094
v 0.011145 0.571735 -0.068337
v -0.012527 0.571735 -0.067807
v -0.034389 0.571735 -0.059564
v -0.052459 0.571735 -0.044752
v -0.064754 0.571735 -0.024516
v 0.011125 0.573036 -0.068273
v -0.012526 0.573036 -0.067750
v -0.034363 0.573036 -0.059519
v -0.052410 0.573036 -0.044723
v -0.064689 0.573036 -0.024502
v 0.011311 0.574192 -0.069695
v -0.012832 0.574192 -0.069188
v -0.035106 0.574192 -0.060805
v -0.053503 0.574192 -0.045707
v -0.066014 0.574192 -0.025052
v 0.011390 0.575349 -0.071205
v -0.013276 0.575349 -0.070786
v -0.035966 0.575349 -0.062294
v -0.054664 0.575349 -0.046891
v -0.067360 0.575349 -0.025739
v 0.011468 0.576505 -0.072715
v -0.013721 0.576505 -0.072385
v -0.036825 0.576505 -0.063783
v -0.055826 0.576505 -0.048075
v -0.068707 0.576505 -0.026426
v 0.011655 0.577661 -0.074137
v -0.014027 0.577661 -0.073823
v -0.037568 0.577661 -0.065069
v -0.056919 0.577661 -0.049059
v -0.070032 0.577661 -0.026975
v 0.012006 0.579902 -0.075224
v -0.014052 0.579902 -0.074797
v -0.038011 0.579902 -0.065837
v -0.057750 0.579902 -0.049568
v -0.071149 0.579902 -0.027214
v 0.011982 0.580986 -0.075041
v -0.014013 0.580986 -0.074613
v -0.037916 0.580986 -0.065672
v -0.057610 0.580986 -0.049442
v -0.070979 0.580986 -0.027144
v 0.011972 0.582070 -0.074848
v -0.013956 0.582070 -0.074408
v -0.037806 0.582070 -0.065481
v -0.057461 0.582070 -0.049290
v -0.070806 0.582070 -0.027056
v 0.011962 0.583154 -0.074654
v -0.013899 0.583154 -0.074203
v -0.037695 0.583154 -0.065290
v -0.057312 0.583154 -0.049138
v -0.070634 0.583154 -0.026967
v 0.011938 0.584238 -0.074472
v -0.013859 0.584238 -0.074018
v -0.037600 0.584238 -0.065125
v -0.057172 0.584238 -0.049012
v -0.070464 0.584238 -0.026897
v 0.010362 0.587024 -0.069601
v -0.013748 0.587024 -0.069653
v -0.035614 0.587024 -0.061685
v -0.053447 0.587024 -0.046733
v -0.065458 0.587024 -0.025827
v 0.009657 0.588727 -0.064228
v -0.012592 0.588727 -0.064219
v -0.032809 0.588727 -0.056826
v -0.049319 0.588727 -0.043015
v -0.060452 0.588727 -0.023751
v 0.009361 0.590430 -0.058524
v -0.010912 0.590430 -0.058180
v -0.029561 0.590430 -0.051200
v -0.044930 0.590430 -0.038540
v -0.055364 0.590430 -0.021155
v 0.009066 0.592133 -0.052820
v -0.009232 0.592133 -0.052141
v -0.026313 0.592133 -0.045575
v -0.040540 0.592133 -0.034066
v -0.050277 0.592133 -0.018559
v 0.008360 0.593836 -0.047447
v -0.008076 0.593836 -0.046708
v -0.023507 0.593836 -0.040715
v -0.036412 0.593836 -0.030348
v -0.045271 0.593836 -0.016483
v 0.006857 0.597128 -0.042801
v -0.007970 0.597128 -0.042543
v -0.021612 0.597128 -0.037434
v -0.032858 0.597128 -0.028173
v -0.040495 0.597128 -0.015462
v 0.006866 0.598718 -0.042874
v -0.007986 0.598718 -0.042616
v -0.021650 0.598718 -0.037500
v -0.032914 0.598718 -0.028224
v -0.040563 0.598718 -0.015490
v 0.006870 0.600308 -0.042951
v -0.008008 0.600308 -0.042698
v -0.021694 0.600308 -0.037576
v -0.032974 0.600308 -0.028285
v -0.040632 0.600308 -0.015526
v 0.006874 0.601898 -0.043028
v -0.008031 0.601898 -0.042780
v -0.021739 0.601898 -0.037652
v -0.033033 0.601898 -0.028345
v -0.040701 0.601898 -0.015561
v 0.006884 0.603488 -0.043101
v -0.008047 0.603488 -0.042854
v -0.021777 0.603488 -0.037718
v -0.033089 0.603488 -0.028396
v -0.040769 0.603488 -0.015589
v 0.007308 0.605583 -0.044412
v -0.008077 0.605583 -0.044029
v -0.022311 0.605583 -0.038644
v -0.034092 0.605583 -0.029009
v -0.042116 0.605583 -0.015877
v 0.007495 0.606089 -0.045834
v -0.008383 0.606089 -0.045467
v -0.023054 0.606089 -0.039930
v -0.035184 0.606089 -0.029993
v -0.043441 0.606089 -0.016426
v 0.007573 0.606595 -0.047344
v -0.008827 0.606595 -0.047066
v -0.023913 0.606595 -0.041419
v -0.036346 0.606595 -0.031178
v -0.044787 0.606595 -0.017114
v 0.007651 0.607101 -0.048854
v -0.009272 0.607101 -0.048664
v -0.024773 0.607101 -0.042908
v -0.037508 0.607101 -0.032362
v -0.046134 0.607101 -0.017801
v 0.007838 0.607607 -0.050276
v -0.009578 0.607607 -0.050102
v -0.025516 0.607607 -0.044194
v -0.038600 0.607607 -0.033346
v -0.047459 0.607607 -0.018350
v 0.008293 0.608944 -0.051682
v -0.009610 0.608944 -0.051363
v -0.026089 0.608944 -0.045188
v -0.039676 0.608944 -0.034004
v -0.048905 0.608944 -0.018659
v 0.008317 0.609775 -0.051865
v -0.009649 0.609775 -0.051547
v -0.026184 0.609775 -0.045353
v -0.039817 0.609775 -0.034130
v -0.049075 0.609775 -0.018730
v 0.008327 0.610606 -0.052058
v -0.009706 0.610606 -0.051752
v -0.026295 0.610606 -0.045544
v -0.039965 0.610606 -0.034282
v -0.049247 0.610606 -0.018818
v 0.008337 0.611437 -0.052252
v -0.009764 0.611437 -0.051957
v -0.026405 0.611437 -0.045734
v -0.040114 0.611437 -0.034434
v -0.049420 0.611437 -0.018906
v 0.008361 0.612268 -0.052434
v -0.009803 0.612268 -0.052141
v -0.026500 0.612268 -0.045899
v -0.040254 0.612268 -0.034560
v -0.049590 0.612268 -0.018976
v 0.007968 0.614183 -0.051219
v -0.009775 0.614183 -0.051052
v -0.026005 0.614183 -0.045041
v -0.039325 0.614183 -0.033992
v -0.048341 0.614183 -0.018709
v 0.007762 0.615267 -0.049651
v -0.009438 0.615267 -0.049467
v -0.025186 0.615267 -0.043623
v -0.038121 0.615267 -0.032907
v -0.046880 0.615267 -0.018104
v 0.007676 0.616351 -0.047987
v -0.008947 0.616351 -0.047705
v -0.024238 0.616351 -0.041982
v -0.036840 0.616351 -0.031601
v -0.045396 0.616351 -0.017346
v 0.007589 0.617435 -0.046322
v -0.008457 0.617435 -0.045942
v -0.023290 0.617435 -0.040340
v -0.035559 0.617435 -0.030295
v -0.043911 0.617435 -0.016588
v 0.007384 0.618519 -0.044754
v -0.008120 0.618519 -0.044357
v -0.022472 0.618519 -0.038922
v -0.034354 0.618519 -0.029210
v -0.042450 0.618519 -0.015983
v 0.008994 0.637592 -0.049732
v -0.008233 0.637592 -0.048819
v -0.024501 0.637592 -0.042437
v -0.038162 0.637592 -0.031539
v -0.047566 0.637592 -0.017077
v 0.009946 0.655581 -0.056978
v -0.009792 0.655581 -0.056146
v -0.028285 0.655581 -0.048990
v -0.043728 0.655581 -0.036553
v -0.054317 0.655581 -0.019876
v 0.010344 0.673570 -0.064669
v -0.012058 0.673570 -0.064289
v -0.032664 0.673570 -0.056576
v -0.049647 0.673570 -0.042587
v -0.061177 0.673570 -0.023376
v 0.010743 0.691559 -0.072361
v -0.014324 0.691559 -0.072432
v -0.037044 0.691559 -0.064163
v -0.055567 0.691559 -0.048621
v -0.068038 0.691559 -0.026877
v 0.011694 0.709548 -0.079607
v -0.015883 0.709548 -0.079759
v -0.040828 0.709548 -0.070715
v -0.061132 0.709548 -0.053634
v -0.074788 0.709548 -0.029676
v 0.013750 0.729379 -0.085959
v -0.016027 0.729379 -0.085454
v -0.043418 0.729379 -0.075202
v -0.065991 0.729379 -0.056607
v -0.081318 0.729379 -0.031072
v 0.013750 0.731222 -0.085959
v -0.016027 0.731222 -0.085454
v -0.043418 0.731222 -0.075202
v -0.065991 0.731222 -0.056607
v -0.081318 0.731222 -0.031072
v 0.013750 0.733065 -0.085959
v -0.016027 0.733065 -0.085454
v -0.043418 0.733065 -0.075202
v -0.065991 0.733065 -0.056607
v -0.081318 0.733065 -0.031072
v 0.013750 0.734908 -0.085959
v -0.016027 0.734908 -0.085454
v -0.043418 0.734908 -0.075202
v -0.065991 0.734908 -0.056607
v -0.081318 0.734908 -0.031072
v 0.013750 0.736750 -0.085959
v -0.016027 0.736750 -0.085454
v -0.043418 0.736750 -0.075202
v -0.065991 0.736750 -0.056607
v -0.081318 0.736750 -0.031072
v 0.013284 0.739858 -0.084521
v -0.015995 0.739858 -0.084164
v -0.042831 0.739858 -0.074186
v -0.064891 0.739858 -0.055934
v -0.079839 0.739858 -0.030756
v 0.013069 0.741123 -0.082880
v -0.015642 0.741123 -0.082505
v -0.041974 0.741123 -0.072702
v -0.063630 0.741123 -0.054798
v -0.078310 0.741123 -0.030122
v 0.012978 0.742387 -0.081138
v -0.015128 0.742387 -0.080661
v -0.040983 0.742387 -0.070984
v -0.062290 0.742387 -0.053432
v -0.076757 0.742387 -0.029329
v 0.012888 0.743652 -0.079396
v -0.014615 0.743652 -0.078816
v -0.039991 0.743652 -0.069266
v -0.060949 0.743652 -0.052065
v -0.075203 0.743652 -0.028536
v 0.012673 0.744917 -0.077755
v -0.014262 0.744917 -0.077157
v -0.039134 0.744917 -0.067782
v -0.059689 0.744917 -0.050930
v -0.073674 0.744917 -0.027902
v 0.010738 0.747446 -0.071776
v -0.014126 0.747446 -0.071798
v -0.036696 0.747446 -0.063559
v -0.055116 0.747446 -0.048132
v -0.067529 0.747446 -0.026589
v 0.010058 0.748711 -0.066598
v -0.013012 0.748711 -0.066562
v -0.033992 0.748711 -0.058876
v -0.051138 0.748711 -0.044550
v -0.062705 0.748711 -0.024588
v 0.009774 0.749975 -0.061102
v -0.011393 0.749975 -0.060742
v -0.030862 0.749975 -0.053455
v -0.046908 0.749975 -0.040237
v -0.057802 0.749975 -0.022087
v 0.009489 0.751240 -0.055605
v -0.009773 0.751240 -0.054923
v -0.027732 0.751240 -0.048034
v -0.042678 0.751240 -0.035925
v -0.052899 0.751240 -0.019585
v 0.008809 0.752505 -0.050427
v -0.008659 0.752505 -0.049687
v -0.025029 0.752505 -0.043351
v -0.038700 0.752505 -0.032342
v -0.048075 0.752505 -0.017585
v 0.006264 0.754058 -0.042562
v -0.008480 0.754058 -0.042637
v -0.021822 0.754058 -0.037796
v -0.032685 0.754058 -0.028662
v -0.039992 0.754058 -0.015856
v 0.005766 0.754347 -0.038770
v -0.007664 0.754347 -0.038802
v -0.019842 0.754348 -0.034366
v -0.029771 0.754348 -0.026038
v -0.036459 0.754348 -0.014391
v 0.005557 0.754637 -0.034744
v -0.006478 0.754637 -0.034540
v -0.017549 0.754637 -0.030396
v -0.026673 0.754637 -0.022880
v -0.032868 0.754637 -0.012559
v 0.005349 0.754926 -0.030718
v -0.005292 0.754926 -0.030277
v -0.015257 0.754926 -0.026425
v -0.023575 0.754926 -0.019722
v -0.029277 0.754926 -0.010727
v 0.004851 0.755215 -0.026926
v -0.004476 0.755215 -0.026442
v -0.013277 0.755215 -0.022996
v -0.020662 0.755215 -0.017098
v -0.025744 0.755215 -0.009262
v 0.004065 0.756082 -0.024496
v -0.004421 0.756082 -0.024264
v -0.012286 0.756082 -0.021280
v -0.018803 0.756082 -0.015961
v -0.023247 0.756082 -0.008728
v 0.004199 0.756660 -0.025517
v -0.004641 0.756660 -0.025297
v -0.012819 0.756660 -0.022203
v -0.019588 0.756660 -0.016667
v -0.024198 0.756660 -0.009122
v 0.004255 0.757238 -0.026601
v -0.004960 0.757238 -0.026444
v -0.013436 0.757238 -0.023272
v -0.020422 0.757238 -0.017518
v -0.025165 0.757238 -0.009615
v 0.004311 0.757816 -0.027685
v -0.005279 0.757816 -0.027592
v -0.014053 0.757816 -0.024341
v -0.021256 0.757816 -0.018368
v -0.026131 0.757816 -0.010109
v 0.004445 0.758394 -0.028706
v -0.005499 0.758394 -0.028624
v -0.014586 0.758394 -0.025264
v -0.022040 0.758394 -0.019074
v -0.027083 0.758394 -0.010503
v 0.004724 0.759731 -0.029569
v -0.005519 0.759731 -0.029398
v -0.014938 0.759731 -0.025874
v -0.022700 0.759731 -0.019478
v -0.027970 0.759731 -0.010693
v 0.004720 0.760490 -0.029533
v -0.005511 0.760490 -0.029361
v -0.014919 0.760490 -0.025841
v -0.022672 0.760490 -0.019453
v -0.027936 0.760490 -0.010679
v 0.004718 0.761249 -0.029494
v -0.005499 0.761249 -0.029320
v -0.014897 0.761249 -0.025803
v -0.022643 0.761249 -0.019423
v -0.027901 0.761249 -0.010661
v 0.004716 0.762008 -0.029455
v -0.005488 0.762008 -0.029279
v -0.014875 0.762008 -0.025765
v -0.022613 0.762008 -0.019392
v -0.027867 0.762008 -0.010644
v 0.004711 0.762767 -0.029419
v -0.005480 0.762767 -0.029243
v -0.014856 0.762767 -0.025732
v -0.022585 0.762767 -0.019367
v -0.027833 0.762767 -0.010630
v 0.004204 0.764212 -0.027852
v -0.005444 0.764212 -0.027838
v -0.014217 0.764212 -0.024625
v -0.021387 0.764212 -0.018634
v -0.026223 0.764212 -0.010285
v 0.003974 0.764898 -0.026102
v -0.005068 0.764898 -0.026068
v -0.013304 0.764898 -0.023042
v -0.020042 0.764898 -0.017423
v -0.024592 0.764898 -0.009609
v 0.003878 0.765585 -0.024244
v -0.004520 0.765585 -0.024101
v -0.012245 0.765585 -0.021210
v -0.018612 0.765585 -0.015965
v -0.022935 0.765585 -0.008763
v 0.003782 0.766272 -0.022386
v -0.003973 0.766272 -0.022134
v -0.011187 0.766272 -0.019377
v -0.017182 0.766272 -0.014508
v -0.021277 0.766272 -0.007918
v 0.003552 0.766958 -0.020635
v -0.003596 0.766958 -0.020364
v -0.010274 0.766958 -0.017794
v -0.015838 0.766958 -0.013297
v -0.019647 0.766958 -0.007242
v 0.003437 0.768752 -0.020280
v -0.003588 0.768752 -0.020045
v -0.010129 0.768752 -0.017543
v -0.015566 0.768752 -0.013130
v -0.019281 0.768752 -0.007163
v 0.003613 0.769859 -0.021624
v -0.003878 0.769859 -0.021405
v -0.010831 0.769859 -0.018759
v -0.016599 0.769859 -0.014061
v -0.020534 0.769859 -0.007683
v 0.003687 0.770966 -0.023052
v -0.004298 0.770966 -0.022916
v -0.011644 0.770966 -0.020167
v -0.017697 0.770966 -0.015180
v -0.021807 0.770966 -0.008333
v 0.003761 0.772073 -0.024479
v -0.004719 0.772074 -0.024428
v -0.012456 0.772074 -0.021575
v -0.018796 0.772074 -0.016300
v -0.023080 0.772074 -0.008982
v 0.003938 0.773181 -0.025824
v -0.005008 0.773181 -0.025787
v -0.013159 0.773181 -0.022791
v -0.019829 0.773181 -0.017231
v -0.024333 0.773181 -0.009502
v 0.004392 0.775661 -0.027227
v -0.005040 0.775661 -0.027045
v -0.013731 0.775661 -0.023782
v -0.020902 0.775661 -0.017887
v -0.025775 0.775661 -0.009810
v 0.004425 0.777034 -0.027482
v -0.005095 0.777034 -0.027303
v -0.013864 0.777034 -0.024013
v -0.021098 0.777034 -0.018064
v -0.026013 0.777034 -0.009909
v 0.004439 0.778407 -0.027753
v -0.005175 0.778407 -0.027590
v -0.014018 0.778407 -0.024280
v -0.021306 0.778407 -0.018276
v -0.026255 0.778407 -0.010032
v 0.004453 0.779780 -0.028024
v -0.005255 0.779780 -0.027877
v -0.014172 0.779780 -0.024547
v -0.021515 0.779780 -0.018489
v -0.026496 0.779780 -0.010155
v 0.004487 0.781153 -0.028279
v -0.005309 0.781153 -0.028135
v -0.014306 0.781153 -0.024778
v -0.021711 0.781153 -0.018666
v -0.026734 0.781153 -0.010254
v 0.003897 0.784983 -0.026457
v -0.005268 0.784983 -0.026501
v -0.013563 0.784983 -0.023491
v -0.020317 0.784983 -0.017813
v -0.024861 0.784983 -0.009853
v 0.003591 0.787440 -0.024123
v -0.004766 0.787440 -0.024141
v -0.012344 0.787440 -0.021380
v -0.018524 0.787441 -0.016198
v -0.022687 0.787440 -0.008952
v 0.003462 0.789898 -0.021646
v -0.004036 0.789898 -0.021519
v -0.010933 0.789898 -0.018937
v -0.016618 0.789898 -0.014254
v -0.020477 0.789898 -0.007824
v 0.003334 0.792355 -0.019168
v -0.003306 0.792355 -0.018896
v -0.009523 0.792355 -0.016494
v -0.014711 0.792355 -0.012311
v -0.018267 0.792355 -0.006697
v 0.003028 0.794812 -0.016835
v -0.002804 0.794812 -0.016536
v -0.008304 0.794812 -0.014383
v -0.012918 0.794812 -0.010696
v -0.016093 0.794812 -0.005795
v 0.003741 0.797269 -0.019041
v -0.002854 0.797269 -0.018513
v -0.009204 0.797269 -0.015941
v -0.014606 0.797269 -0.011728
v -0.018360 0.797269 -0.006280
v 0.004378 0.797269 -0.023890
v -0.003898 0.797269 -0.023417
v -0.011736 0.797269 -0.020327
v -0.018331 0.797269 -0.015084
v -0.022879 0.797269 -0.008154
v 0.004645 0.797269 -0.029039
v -0.005414 0.797269 -0.028868
v -0.014668 0.797269 -0.025405
v -0.022293 0.797269 -0.019123
v -0.027471 0.797269 -0.010497
v 0.004912 0.797269 -0.034187
v -0.006931 0.797269 -0.034319
v -0.017599 0.797269 -0.030483
v -0.026255 0.797269 -0.023162
v -0.032063 0.797269 -0.012840
v 0.005548 0.797269 -0.039037
v -0.007974 0.797269 -0.039223
v -0.020132 0.797269 -0.034869
v -0.029981 0.797269 -0.026518
v -0.036581 0.797269 -0.014713
v 0.006924 0.803902 -0.043289
v -0.008071 0.803902 -0.043034
v -0.021865 0.803902 -0.037871
v -0.033233 0.803902 -0.028507
v -0.040951 0.803902 -0.015648
v 0.006924 0.810536 -0.043288
v -0.008071 0.810536 -0.043034
v -0.021865 0.810536 -0.037871
v -0.033233 0.810536 -0.028507
v -0.040951 0.810536 -0.015648
v 0.006924 0.817170 -0.043288
v -0.008071 0.817170 -0.043033
v -0.021865 0.817170 -0.037871
v -0.033232 0.817170 -0.028506
v -0.040950 0.817170 -0.015647
v 0.006924 0.823803 -0.043287
v -0.008071 0.823803 -0.043033
v -0.021864 0.823803 -0.037870
v -0.033232 0.823803 -0.028506
v -0.040950 0.823803 -0.015647
v 0.006924 0.830437 -0.043287
v -0.008071 0.830437 -0.043032
v -0.021864 0.830437 -0.037870
v -0.033232 0.830437 -0.028506
v -0.040950 0.830437 -0.015647
v 0.005300 0.837070 -0.038267
v -0.007957 0.837070 -0.038533
v -0.019817 0.837070 -0.034325
v -0.029392 0.837070 -0.026157
v -0.035790 0.837070 -0.014544
v 0.004548 0.837070 -0.032542
v -0.006725 0.837070 -0.032743
v -0.016828 0.837070 -0.029147
v -0.024994 0.837070 -0.022196
v -0.030457 0.837070 -0.012332
v 0.004233 0.837070 -0.026465
v -0.004935 0.837070 -0.026309
v -0.013367 0.837070 -0.023153
v -0.020317 0.837070 -0.017428
v -0.025036 0.837070 -0.009566
v 0.003918 0.837070 -0.020387
v -0.003144 0.837070 -0.019875
v -0.009907 0.837070 -0.017159
v -0.015640 0.837070 -0.012660
v -0.019615 0.837070 -0.006800
v 0.003167 0.837070 -0.014662
v -0.001913 0.837070 -0.014086
v -0.006917 0.837070 -0.011981
v -0.011242 0.837070 -0.008699
v -0.014281 0.837070 -0.004589
v 0.002360 0.840756 -0.012169
v -0.001856 0.840756 -0.011850
v -0.005901 0.840756 -0.010220
v -0.009335 0.840756 -0.007532
v -0.011718 0.840756 -0.004041
v 0.002738 0.844442 -0.015049
v -0.002475 0.844442 -0.014763
v -0.007405 0.844442 -0.012825
v -0.011548 0.844442 -0.009525
v -0.014402 0.844442 -0.005154
v 0.002896 0.848127 -0.018108
v -0.003376 0.848127 -0.018001
v -0.009146 0.848127 -0.015841
v -0.013901 0.848127 -0.011924
v -0.017130 0.848127 -0.006545
v 0.003055 0.851813 -0.021166
v -0.004277 0.851813 -0.021239
v -0.010887 0.851813 -0.018858
v -0.016255 0.851813 -0.014323
v -0.019857 0.851813 -0.007937
v 0.003433 0.855498 -0.024046
v -0.004897 0.855498 -0.024152
v -0.012392 0.855498 -0.021463
v -0.018468 0.855499 -0.016317
v -0.022541 0.855498 -0.009050
v 0.002967 0.860991 -0.022608
v -0.004864 0.860991 -0.022862
v -0.011805 0.860991 -0.020447
v -0.017367 0.860991 -0.015643
v -0.021063 0.860991 -0.008734
v 0.002374 0.862797 -0.018086
v -0.003891 0.862797 -0.018290
v -0.009444 0.862797 -0.016357
v -0.013894 0.862797 -0.012515
v -0.016850 0.862797 -0.006987
v 0.002125 0.864604 -0.013286
v -0.002477 0.864604 -0.013208
v -0.006711 0.864604 -0.011623
v -0.010200 0.864604 -0.008749
v -0.012569 0.864604 -0.004802
v 0.001876 0.866411 -0.008486
v -0.001063 0.866411 -0.008126
v -0.003978 0.866411 -0.006889
v -0.006506 0.866411 -0.004984
v -0.008287 0.866411 -0.002618
v 0.001283 0.868217 -0.003964
v -0.000090 0.868217 -0.003554
v -0.001617 0.868218 -0.002800
v -0.003032 0.868218 -0.001855
v -0.004075 0.868217 -0.000871
vt 0.020707 0.055556
vt 0.020707 0.111111
vt 0.041414 0.111111
vt 0.041414 0.055556
vt 0.020707 0.166667
vt 0.041414 0.166667
vt 0.020707 0.222222
vt 0.041414 0.222222
vt 0.020707 0.277778
vt 0.041414 0.277778
vt 0.062120 0.111111
vt 0.062120 0.055556
vt 0.062120 0.166667
vt 0.062120 0.222222
vt 0.062120 0.277778
vt 0.082827 0.111111
vt 0.082827 0.055556
vt 0.082827 0.166667
vt 0.082827 0.222222
vt 0.082827 0.277778
vt 0.103534 0.111111
vt 0.103534 0.055556
vt 0.103534 0.166667
vt 0.103534 0.222222
vt 0.103534 0.277778
vt 0.000000 0.000000
vt 0.000000 0.055556
vt 0.020707 0.000000
vt 0.020707 0.333333
vt 0.000000 0.277778
vt 0.000000 0.333333
vt 0.124241 0.333333
vt 0.124241 0.277778
vt 0.103534 0.333333
vt 0.103534 0.000000
vt 0.124241 0.055556
vt 0.124241 0.000000
vt 0.000000 0.111111
vt 0.041414 0.333333
vt 0.124241 0.222222
vt 0.082827 0.000000
vt 0.000000 0.166667
vt 0.062120 0.333333
vt 0.124241 0.166667
vt 0.062120 0.000000
vt 0.000000 0.222222
vt 0.082827 0.333333
vt 0.124241 0.111111
vt 0.041414 0.000000
vt 0.129319 0.055556
vt 0.129319 0.111111
vt 0.134398 0.111111
vt 0.134398 0.055556
vt 0.129319 0.166667
vt 0.134398 0.166667
vt 0.129319 0.222222
vt 0.134398 0.222222
vt 0.129319 0.277778
vt 0.134398 0.277778
vt 0.139476 0.111111
vt 0.139476 0.055556
vt 0.139476 0.166667
vt 0.139476 0.222222
vt 0.139476 0.277778
vt 0.144555 0.111111
vt 0.144555 0.055556
vt 0.144555 0.166667
vt 0.144555 0.222222
vt 0.144555 0.277778
vt 0.149634 0.111111
vt 0.149634 0.055556
vt 0.149634 0.166667
vt 0.149634 0.222222
vt 0.149634 0.277778
vt 0.129319 0.000000
vt 0.129319 0.333333
vt 0.154712 0.333333
vt 0.154712 0.277778
vt 0.149634 0.333333
vt 0.149634 0.000000
vt 0.154712 0.055556
vt 0.154712 0.000000
vt 0.134398 0.333333
vt 0.154712 0.222222
vt 0.144555 0.000000
vt 0.139476 0.333333
vt 0.154712 0.166667
vt 0.139476 0.000000
vt 0.144555 0.333333
vt 0.154712 0.111111
vt 0.134398 0.000000
vt 0.156707 0.055556
vt 0.156707 0.111111
vt 0.158703 0.111111
vt 0.158703 0.055556
vt 0.156707 0.166667
vt 0.158703 0.166667
vt 0.156707 0.222222
vt 0.158703 0.222222
vt 0.156707 0.277778
vt 0.158703 0.277778
vt 0.160698 0.111111
vt 0.160698 0.055556
vt 0.160698 0.166667
vt 0.160698 0.222222
vt 0.160698 0.277778
vt 0.162693 0.111111
vt 0.162693 0.055556
vt 0.162693 0.166667
vt 0.162693 0.222222
vt 0.162693 0.277778
vt 0.164689 0.111111
vt 0.164689 0.055556
vt 0.164689 0.166667
vt 0.164689 0.222222
vt 0.164689 0.277778
vt 0.156707 0.000000
vt 0.156707 0.333333
vt 0.166684 0.333333
vt 0.166684 0.277778
vt 0.164689 0.333333
vt 0.164689 0.000000
vt 0.166684 0.055556
vt 0.166684 0.000000
vt 0.158703 0.333333
vt 0.166684 0.222222
vt 0.162693 0.000000
vt 0.160698 0.333333
vt 0.166684 0.166667
vt 0.160698 0.000000
vt 0.162693 0.333333
vt 0.166684 0.111111
vt 0.158703 0.000000
vt 0.168532 0.055556
vt 0.168532 0.111111
vt 0.170380 0.111111
vt 0.170380 0.055556
vt 0.168532 0.166667
vt 0.170380 0.166667
vt 0.168532 0.222222
vt 0.170380 0.222222
vt 0.168532 0.277778
vt 0.170380 0.277778
vt 0.172228 0.111111
vt 0.172228 0.055556
vt 0.172228 0.166667
vt 0.172228 0.222222
vt 0.172228 0.277778
vt 0.174076 0.111111
vt 0.174076 0.055556
vt 0.174076 0.166667
vt 0.174076 0.222222
vt 0.174076 0.277778
vt 0.175924 0.111111
vt 0.175924 0.055556
vt 0.175924 0.166667
vt 0.175924 0.222222
vt 0.175924 0.277778
vt 0.168532 0.000000
vt 0.168532 0.333333
vt 0.177772 0.333333
vt 0.177772 0.277778
vt 0.175924 0.333333
vt 0.175924 0.000000
vt 0.177772 0.055556
vt 0.177772 0.000000
vt 0.170380 0.333333
vt 0.177772 0.222222
vt 0.174076 0.000000
vt 0.172228 0.333333
vt 0.177772 0.166667
vt 0.172228 0.000000
vt 0.174076 0.333333
vt 0.177772 0.111111
vt 0.170380 0.000000
vt 0.178533 0.055556
vt 0.178533 0.111111
vt 0.179294 0.111111
vt 0.179294 0.055556
vt 0.178533 0.166667
vt 0.179294 0.166667
vt 0.178533 0.222222
vt 0.179294 0.222222
vt 0.178533 0.277778
vt 0.179294 0.277778
vt 0.180055 0.111111
vt 0.180055 0.055556
vt 0.180055 0.166667
vt 0.180055 0.222222
vt 0.180055 0.277778
vt 0.180816 0.111111
vt 0.180816 0.055556
vt 0.180816 0.166667
vt 0.180816 0.222222
vt 0.180816 0.277778
vt 0.181577 0.111111
vt 0.181577 0.055556
vt 0.181577 0.166667
vt 0.181577 0.222222
vt 0.181577 0.277778
vt 0.178533 0.000000
vt 0.178533 0.333333
vt 0.182339 0.333333
vt 0.182339 0.277778
vt 0.181577 0.333333
vt 0.181577 0.000000
vt 0.182339 0.055556
vt 0.182339 0.000000
vt 0.179294 0.333333
vt 0.182339 0.222222
vt 0.180816 0.000000
vt 0.180055 0.333333
vt 0.182339 0.166667
vt 0.180055 0.000000
vt 0.180816 0.333333
vt 0.182339 0.111111
vt 0.179294 0.000000
vt 0.184759 0.055556
vt 0.184759 0.111111
vt 0.187179 0.111111
vt 0.187179 0.055556
vt 0.184759 0.166667
vt 0.187179 0.166667
vt 0.184759 0.222222
vt 0.187179 0.222222
vt 0.184759 0.277778
vt 0.187179 0.277778
vt 0.189599 0.111111
vt 0.189599 0.055556
vt 0.189599 0.166667
vt 0.189599 0.222222
vt 0.189599 0.277778
vt 0.192019 0.111111
vt 0.192019 0.055556
vt 0.192019 0.166667
vt 0.192019 0.222222
vt 0.192019 0.277778
vt 0.194439 0.111111
vt 0.194439 0.055556
vt 0.194439 0.166667
vt 0.194439 0.222222
vt 0.194439 0.277778
vt 0.184759 0.000000
vt 0.184759 0.333333
vt 0.196859 0.333333
vt 0.196859 0.277778
vt 0.194439 0.333333
vt 0.194439 0.000000
vt 0.196859 0.055556
vt 0.196859 0.000000
vt 0.187179 0.333333
vt 0.196859 0.222222
vt 0.192019 0.000000
vt 0.189599 0.333333
vt 0.196859 0.166667
vt 0.189599 0.000000
vt 0.192019 0.333333
vt 0.196859 0.111111
vt 0.187179 0.000000
vt 0.199164 0.055556
vt 0.199164 0.111111
vt 0.201470 0.111111
vt 0.201470 0.055556
vt 0.199164 0.166667
vt 0.201470 0.166667
vt 0.199164 0.222222
vt 0.201470 0.222222
vt 0.199164 0.277778
vt 0.201470 0.277778
vt 0.203776 0.111111
vt 0.203776 0.055556
vt 0.203776 0.166667
vt 0.203776 0.222222
vt 0.203776 0.277778
vt 0.206082 0.111111
vt 0.206082 0.055556
vt 0.206082 0.166667
vt 0.206082 0.222222
vt 0.206082 0.277778
vt 0.208387 0.111111
vt 0.208387 0.055556
vt 0.208387 0.166667
vt 0.208387 0.222222
vt 0.208387 0.277778
vt 0.199164 0.000000
vt 0.199164 0.333333
vt 0.210693 0.333333
vt 0.210693 0.277778
vt 0.208387 0.333333
vt 0.208387 0.000000
vt 0.210693 0.055556
vt 0.210693 0.000000
vt 0.201470 0.333333
vt 0.210693 0.222222
vt 0.206082 0.000000
vt 0.203776 0.333333
vt 0.210693 0.166667
vt 0.203776 0.000000
vt 0.206082 0.333333
vt 0.210693 0.111111
vt 0.201470 0.000000
vt 0.213782 0.055556
vt 0.213782 0.111111
vt 0.216870 0.111111
vt 0.216870 0.055556
vt 0.213782 0.166667
vt 0.216870 0.166667
vt 0.213782 0.222222
vt 0.216870 0.222222
vt 0.213782 0.277778
vt 0.216870 0.277778
vt 0.219959 0.111111
vt 0.219959 0.055556
vt 0.219959 0.166667
vt 0.219959 0.222222
vt 0.219959 0.277778
vt 0.223048 0.111111
vt 0.223048 0.055556
vt 0.223048 0.166667
vt 0.223048 0.222222
vt 0.223048 0.277778
vt 0.226136 0.111111
vt 0.226136 0.055556
vt 0.226136 0.166667
vt 0.226136 0.222222
vt 0.226136 0.277778
vt 0.213782 0.000000
vt 0.213782 0.333333
vt 0.229225 0.333333
vt 0.229225 0.277778
vt 0.226136 0.333333
vt 0.226136 0.000000
vt 0.229225 0.055556
vt 0.229225 0.000000
vt 0.216870 0.333333
vt 0.229225 0.222222
vt 0.223048 0.000000
vt 0.219959 0.333333
vt 0.229225 0.166667
vt 0.219959 0.000000
vt 0.223048 0.333333
vt 0.229225 0.111111
vt 0.216870 0.000000
vt 0.232922 0.055556
vt 0.232922 0.111111
vt 0.236618 0.111111
vt 0.236618 0.055556
vt 0.232922 0.166667
vt 0.236618 0.166667
vt 0.232922 0.222222
vt 0.236618 0.222222
vt 0.232922 0.277778
vt 0.236618 0.277778
vt 0.240315 0.111111
vt 0.240315 0.055556
vt 0.240315 0.166667
vt 0.240315 0.222222
vt 0.240315 0.277778
vt 0.244011 0.111111
vt 0.244011 0.055556
vt 0.244011 0.166667
vt 0.244011 0.222222
vt 0.244011 0.277778
vt 0.247708 0.111111
vt 0.247708 0.055556
vt 0.247708 0.166667
vt 0.247708 0.222222
vt 0.247708 0.277778
vt 0.232922 0.000000
vt 0.232922 0.333333
vt 0.251405 0.333333
vt 0.251405 0.277778
vt 0.247708 0.333333
vt 0.247708 0.000000
vt 0.251405 0.055556
vt 0.251405 0.000000
vt 0.236618 0.333333
vt 0.251405 0.222222
vt 0.244011 0.000000
vt 0.240315 0.333333
vt 0.251405 0.166667
vt 0.240315 0.000000
vt 0.244011 0.333333
vt 0.251405 0.111111
vt 0.236618 0.000000
vt 0.256480 0.055556
vt 0.256480 0.111111
vt 0.261555 0.111111
vt 0.261555 0.055556
vt 0.256480 0.166667
vt 0.261555 0.166667
vt 0.256480 0.222222
vt 0.261555 0.222222
vt 0.256480 0.277778
vt 0.261555 0.277778
vt 0.266630 0.111111
vt 0.266630 0.055556
vt 0.266630 0.166667
vt 0.266630 0.222222
vt 0.266630 0.277778
vt 0.271705 0.111111
vt 0.271705 0.055556
vt 0.271705 0.166667
vt 0.271705 0.222222
vt 0.271705 0.277778
vt 0.276780 0.111111
vt 0.276780 0.055556
vt 0.276780 0.166667
vt 0.276780 0.222222
vt 0.276780 0.277778
vt 0.256480 0.000000
vt 0.256480 0.333333
vt 0.281855 0.333333
vt 0.281855 0.277778
vt 0.276780 0.333333
vt 0.276780 0.000000
vt 0.281855 0.055556
vt 0.281855 0.000000
vt 0.261555 0.333333
vt 0.281855 0.222222
vt 0.271705 0.000000
vt 0.266630 0.333333
vt 0.281855 0.166667
vt 0.266630 0.000000
vt 0.271705 0.333333
vt 0.281855 0.111111
vt 0.261555 0.000000
vt 0.284002 0.055556
vt 0.284002 0.111111
vt 0.286149 0.111111
vt 0.286149 0.055556
vt 0.284002 0.166667
vt 0.286149 0.166667
vt 0.284002 0.222222
vt 0.286149 0.222222
vt 0.284002 0.277778
vt 0.286149 0.277778
vt 0.288296 0.111111
vt 0.288296 0.055556
vt 0.288296 0.166667
vt 0.288296 0.222222
vt 0.288296 0.277778
vt 0.290442 0.111111
vt 0.290442 0.055556
vt 0.290442 0.166667
vt 0.290442 0.222222
vt 0.290442 0.277778
vt 0.292589 0.111111
vt 0.292589 0.055556
vt 0.292589 0.166667
vt 0.292589 0.222222
vt 0.292589 0.277778
vt 0.284002 0.000000
vt 0.284002 0.333333
vt 0.294736 0.333333
vt 0.294736 0.277778
vt 0.292589 0.333333
vt 0.292589 0.000000
vt 0.294736 0.055556
vt 0.294736 0.000000
vt 0.286149 0.333333
vt 0.294736 0.222222
vt 0.290442 0.000000
vt 0.288296 0.333333
vt 0.294736 0.166667
vt 0.288296 0.000000
vt 0.290442 0.333333
vt 0.294736 0.111111
vt 0.286149 0.000000
vt 0.296037 0.055556
vt 0.296037 0.111111
vt 0.297339 0.111111
vt 0.297339 0.055556
vt 0.296037 0.166667
vt 0.297339 0.166667
vt 0.296037 0.222222
vt 0.297339 0.222222
vt 0.296037 0.277778
vt 0.297339 0.277778
vt 0.298640 0.111111
vt 0.298640 0.055556
vt 0.298640 0.166667
vt 0.298640 0.222222
vt 0.298640 0.277778
vt 0.299941 0.111111
vt 0.299941 0.055556
vt 0.299941 0.166667
vt 0.299941 0.222222
vt 0.299941 0.277778
vt 0.301242 0.111111
vt 0.301242 0.055556
vt 0.301242 0.166667
vt 0.301242 0.222222
vt 0.301242 0.277778
vt 0.296037 0.000000
vt 0.296037 0.333333
vt 0.302544 0.333333
vt 0.302544 0.277778
vt 0.301242 0.333333
vt 0.301242 0.000000
vt 0.302544 0.055556
vt 0.302544 0.000000
vt 0.297339 0.333333
vt 0.302544 0.222222
vt 0.299941 0.000000
vt 0.298640 0.333333
vt 0.302544 0.166667
vt 0.298640 0.000000
vt 0.299941 0.333333
vt 0.302544 0.111111
vt 0.297339 0.000000
vt 0.305779 0.055556
vt 0.305779 0.111111
vt 0.309015 0.111111
vt 0.309015 0.055556
vt 0.305779 0.166667
vt 0.309015 0.166667
vt 0.305779 0.222222
vt 0.309015 0.222222
vt 0.305779 0.277778
vt 0.309015 0.277778
vt 0.312251 0.111111
vt 0.312251 0.055556
vt 0.312251 0.166667
vt 0.312251 0.222222
vt 0.312251 0.277778
vt 0.315487 0.111111
vt 0.315487 0.055556
vt 0.315487 0.166667
vt 0.315487 0.222222
vt 0.315487 0.277778
vt 0.318723 0.111111
vt 0.318723 0.055556
vt 0.318723 0.166667
vt 0.318723 0.222222
vt 0.318723 0.277778
vt 0.305779 0.000000
vt 0.305779 0.333333
vt 0.321959 0.333333
vt 0.321959 0.277778
vt 0.318723 0.333333
vt 0.318723 0.000000
vt 0.321959 0.055556
vt 0.321959 0.000000
vt 0.309015 0.333333
vt 0.321959 0.222222
vt 0.315487 0.000000
vt 0.312251 0.333333
vt 0.321959 0.166667
vt 0.312251 0.000000
vt 0.315487 0.333333
vt 0.321959 0.111111
vt 0.309015 0.000000
vt 0.323627 0.055556
vt 0.323627 0.111111
vt 0.325294 0.111111
vt 0.325294 0.055556
vt 0.323627 0.166667
vt 0.325294 0.166667
vt 0.323627 0.222222
vt 0.325294 0.222222
vt 0.323627 0.277778
vt 0.325294 0.277778
vt 0.326962 0.111111
vt 0.326962 0.055556
vt 0.326962 0.166667
vt 0.326962 0.222222
vt 0.326962 0.277778
vt 0.328630 0.111111
vt 0.328630 0.055556
vt 0.328630 0.166667
vt 0.328630 0.222222
vt 0.328630 0.277778
vt 0.330298 0.111111
vt 0.330298 0.055556
vt 0.330298 0.166667
vt 0.330298 0.222222
vt 0.330298 0.277778
vt 0.323627 0.000000
vt 0.323627 0.333333
vt 0.331966 0.333333
vt 0.331966 0.277778
vt 0.330298 0.333333
vt 0.330298 0.000000
vt 0.331966 0.055556
vt 0.331966 0.000000
vt 0.325294 0.333333
vt 0.331966 0.222222
vt 0.328630 0.000000
vt 0.326962 0.333333
vt 0.331966 0.166667
vt 0.326962 0.000000
vt 0.328630 0.333333
vt 0.331966 0.111111
vt 0.325294 0.000000
vt 0.334172 0.055556
vt 0.334172 0.111111
vt 0.336379 0.111111
vt 0.336379 0.055556
vt 0.334172 0.166667
vt 0.336379 0.166667
vt 0.334172 0.222222
vt 0.336379 0.222222
vt 0.334172 0.277778
vt 0.336379 0.277778
vt 0.338585 0.111111
vt 0.338585 0.055556
vt 0.338585 0.166667
vt 0.338585 0.222222
vt 0.338585 0.277778
vt 0.340792 0.111111
vt 0.340792 0.055556
vt 0.340792 0.166667
vt 0.340792 0.222222
vt 0.340792 0.277778
vt 0.342998 0.111111
vt 0.342998 0.055556
vt 0.342998 0.166667
vt 0.342998 0.222222
vt 0.342998 0.277778
vt 0.334172 0.000000
vt 0.334172 0.333333
vt 0.345205 0.333333
vt 0.345205 0.277778
vt 0.342998 0.333333
vt 0.342998 0.000000
vt 0.345205 0.055556
vt 0.345205 0.000000
vt 0.336379 0.333333
vt 0.345205 0.222222
vt 0.340792 0.000000
vt 0.338585 0.333333
vt 0.345205 0.166667
vt 0.338585 0.000000
vt 0.340792 0.333333
vt 0.345205 0.111111
vt 0.336379 0.000000
vt 0.351847 0.055556
vt 0.351847 0.111111
vt 0.358490 0.111111
vt 0.358490 0.055556
vt 0.351847 0.166667
vt 0.358490 0.166667
vt 0.351847 0.222222
vt 0.358490 0.222222
vt 0.351847 0.277778
vt 0.358490 0.277778
vt 0.365132 0.111111
vt 0.365132 0.055556
vt 0.365132 0.166667
vt 0.365132 0.222222
vt 0.365132 0.277778
vt 0.371774 0.111111
vt 0.371774 0.055556
vt 0.371774 0.166667
vt 0.371774 0.222222
vt 0.371774 0.277778
vt 0.378417 0.111111
vt 0.378417 0.055556
vt 0.378417 0.166667
vt 0.378417 0.222222
vt 0.378417 0.277778
vt 0.351847 0.000000
vt 0.351847 0.333333
vt 0.385059 0.333333
vt 0.385059 0.277778
vt 0.378417 0.333333
vt 0.378417 0.000000
vt 0.385059 0.055556
vt 0.385059 0.000000
vt 0.358490 0.333333
vt 0.385059 0.222222
vt 0.371774 0.000000
vt 0.365132 0.333333
vt 0.385059 0.166667
vt 0.365132 0.000000
vt 0.371774 0.333333
vt 0.385059 0.111111
vt 0.358490 0.000000
vt 0.392630 0.055556
vt 0.392630 0.111111
vt 0.400201 0.111111
vt 0.400201 0.055556
vt 0.392630 0.166667
vt 0.400201 0.166667
vt 0.392630 0.222222
vt 0.400201 0.222222
vt 0.392630 0.277778
vt 0.400201 0.277778
vt 0.407772 0.111111
vt 0.407772 0.055556
vt 0.407772 0.166667
vt 0.407772 0.222222
vt 0.407772 0.277778
vt 0.415343 0.111111
vt 0.415343 0.055556
vt 0.415343 0.166667
vt 0.415343 0.222222
vt 0.415343 0.277778
vt 0.422914 0.111111
vt 0.422914 0.055556
vt 0.422914 0.166667
vt 0.422914 0.222222
vt 0.422914 0.277778
vt 0.392630 0.000000
vt 0.392630 0.333333
vt 0.430485 0.333333
vt 0.430485 0.277778
vt 0.422914 0.333333
vt 0.422914 0.000000
vt 0.430485 0.055556
vt 0.430485 0.000000
vt 0.400201 0.333333
vt 0.430485 0.222222
vt 0.415343 0.000000
vt 0.407772 0.333333
vt 0.430485 0.166667
vt 0.407772 0.000000
vt 0.415343 0.333333
vt 0.430485 0.111111
vt 0.400201 0.000000
vt 0.439346 0.055556
vt 0.439346 0.111111
vt 0.448206 0.111111
vt 0.448206 0.055556
vt 0.439346 0.166667
vt 0.448206 0.166667
vt 0.439346 0.222222
vt 0.448206 0.222222
vt 0.439346 0.277778
vt 0.448206 0.277778
vt 0.457066 0.111111
vt 0.457066 0.055556
vt 0.457066 0.166667
vt 0.457066 0.222222
vt 0.457066 0.277778
vt 0.465927 0.111111
vt 0.465927 0.055556
vt 0.465927 0.166667
vt 0.465927 0.222222
vt 0.465927 0.277778
vt 0.474787 0.111111
vt 0.474787 0.055556
vt 0.474787 0.166667
vt 0.474787 0.222222
vt 0.474787 0.277778
vt 0.439346 0.000000
vt 0.439346 0.333333
vt 0.483647 0.333333
vt 0.483647 0.277778
vt 0.474787 0.333333
vt 0.474787 0.000000
vt 0.483647 0.055556
vt 0.483647 0.000000
vt 0.448206 0.333333
vt 0.483647 0.222222
vt 0.465927 0.000000
vt 0.457066 0.333333
vt 0.483647 0.166667
vt 0.457066 0.000000
vt 0.465927 0.333333
vt 0.483647 0.111111
vt 0.448206 0.000000
vt 0.488200 0.055556
vt 0.488200 0.111111
vt 0.492753 0.111111
vt 0.492753 0.055556
vt 0.488200 0.166667
vt 0.492753 0.166667
vt 0.488200 0.222222
vt 0.492753 0.222222
vt 0.488200 0.277778
vt 0.492753 0.277778
vt 0.497306 0.111111
vt 0.497306 0.055556
vt 0.497306 0.166667
vt 0.497306 0.222222
vt 0.497306 0.277778
vt 0.501859 0.111111
vt 0.501859 0.055556
vt 0.501859 0.166667
vt 0.501859 0.222222
vt 0.501859 0.277778
vt 0.506412 0.111111
vt 0.506412 0.055556
vt 0.506412 0.166667
vt 0.506412 0.222222
vt 0.506412 0.277778
vt 0.488200 0.000000
vt 0.488200 0.333333
vt 0.510965 0.333333
vt 0.510965 0.277778
vt 0.506412 0.333333
vt 0.506412 0.000000
vt 0.510965 0.055556
vt 0.510965 0.000000
vt 0.492753 0.333333
vt 0.510965 0.222222
vt 0.501859 0.000000
vt 0.497306 0.333333
vt 0.510965 0.166667
vt 0.497306 0.000000
vt 0.501859 0.333333
vt 0.510965 0.111111
vt 0.492753 0.000000
vt 0.514534 0.055556
vt 0.514534 0.111111
vt 0.518103 0.111111
vt 0.518103 0.055556
vt 0.514534 0.166667
vt 0.518103 0.166667
vt 0.514534 0.222222
vt 0.518103 0.222222
vt 0.514534 0.277778
vt 0.518103 0.277778
vt 0.521672 0.111111
vt 0.521672 0.055556
vt 0.521672 0.166667
vt 0.521672 0.222222
vt 0.521672 0.277778
vt 0.525241 0.111111
vt 0.525241 0.055556
vt 0.525241 0.166667
vt 0.525241 0.222222
vt 0.525241 0.277778
vt 0.528810 0.111111
vt 0.528810 0.055556
vt 0.528810 0.166667
vt 0.528810 0.222222
vt 0.528810 0.277778
vt 0.514534 0.000000
vt 0.514534 0.333333
vt 0.532379 0.333333
vt 0.532379 0.277778
vt 0.528810 0.333333
vt 0.528810 0.000000
vt 0.532379 0.055556
vt 0.532379 0.000000
vt 0.518103 0.333333
vt 0.532379 0.222222
vt 0.525241 0.000000
vt 0.521672 0.333333
vt 0.532379 0.166667
vt 0.521672 0.000000
vt 0.525241 0.333333
vt 0.532379 0.111111
vt 0.518103 0.000000
vt 0.534353 0.055556
vt 0.534353 0.111111
vt 0.536327 0.111111
vt 0.536327 0.055556
vt 0.534353 0.166667
vt 0.536327 0.166667
vt 0.534353 0.222222
vt 0.536327 0.222222
vt 0.534353 0.277778
vt 0.536327 0.277778
vt 0.538301 0.111111
vt 0.538301 0.055556
vt 0.538301 0.166667
vt 0.538301 0.222222
vt 0.538301 0.277778
vt 0.540275 0.111111
vt 0.540275 0.055556
vt 0.540275 0.166667
vt 0.540275 0.222222
vt 0.540275 0.277778
vt 0.542249 0.111111
vt 0.542249 0.055556
vt 0.542249 0.166667
vt 0.542249 0.222222
vt 0.542249 0.277778
vt 0.534353 0.000000
vt 0.534353 0.333333
vt 0.544223 0.333333
vt 0.544223 0.277778
vt 0.542249 0.333333
vt 0.542249 0.000000
vt 0.544223 0.055556
vt 0.544223 0.000000
vt 0.536327 0.333333
vt 0.544223 0.222222
vt 0.540275 0.000000
vt 0.538301 0.333333
vt 0.544223 0.166667
vt 0.538301 0.000000
vt 0.540275 0.333333
vt 0.544223 0.111111
vt 0.536327 0.000000
vt 0.545593 0.055556
vt 0.545593 0.111111
vt 0.546962 0.111111
vt 0.546962 0.055556
vt 0.545593 0.166667
vt 0.546962 0.166667
vt 0.545593 0.222222
vt 0.546962 0.222222
vt 0.545593 0.277778
vt 0.546962 0.277778
vt 0.548332 0.111111
vt 0.548332 0.055556
vt 0.548332 0.166667
vt 0.548332 0.222222
vt 0.548332 0.277778
vt 0.549702 0.111111
vt 0.549702 0.055556
vt 0.549702 0.166667
vt 0.549702 0.222222
vt 0.549702 0.277778
vt 0.551071 0.111111
vt 0.551071 0.055556
vt 0.551071 0.166667
vt 0.551071 0.222222
vt 0.551071 0.277778
vt 0.545593 0.000000
vt 0.545593 0.333333
vt 0.552441 0.333333
vt 0.552441 0.277778
vt 0.551071 0.333333
vt 0.551071 0.000000
vt 0.552441 0.055556
vt 0.552441 0.000000
vt 0.546962 0.333333
vt 0.552441 0.222222
vt 0.549702 0.000000
vt 0.548332 0.333333
vt 0.552441 0.166667
vt 0.548332 0.000000
vt 0.549702 0.333333
vt 0.552441 0.111111
vt 0.546962 0.000000
vt 0.553947 0.055556
vt 0.553947 0.111111
vt 0.555453 0.111111
vt 0.555453 0.055556
vt 0.553947 0.166667
vt 0.555453 0.166667
vt 0.553947 0.222222
vt 0.555453 0.222222
vt 0.553947 0.277778
vt 0.555453 0.277778
vt 0.556959 0.111111
vt 0.556959 0.055556
vt 0.556959 0.166667
vt 0.556959 0.222222
vt 0.556959 0.277778
vt 0.558465 0.111111
vt 0.558465 0.055556
vt 0.558465 0.166667
vt 0.558465 0.222222
vt 0.558465 0.277778
vt 0.559971 0.111111
vt 0.559971 0.055556
vt 0.559971 0.166667
vt 0.559971 0.222222
vt 0.559971 0.277778
vt 0.553947 0.000000
vt 0.553947 0.333333
vt 0.561477 0.333333
vt 0.561477 0.277778
vt 0.559971 0.333333
vt 0.559971 0.000000
vt 0.561477 0.055556
vt 0.561477 0.000000
vt 0.555453 0.333333
vt 0.561477 0.222222
vt 0.558465 0.000000
vt 0.556959 0.333333
vt 0.561477 0.166667
vt 0.556959 0.000000
vt 0.558465 0.333333
vt 0.561477 0.111111
vt 0.555453 0.000000
vt 0.563406 0.055556
vt 0.563406 0.111111
vt 0.565335 0.111111
vt 0.565335 0.055556
vt 0.563406 0.166667
vt 0.565335 0.166667
vt 0.563406 0.222222
vt 0.565335 0.222222
vt 0.563406 0.277778
vt 0.565335 0.277778
vt 0.567264 0.111111
vt 0.567264 0.055556
vt 0.567264 0.166667
vt 0.567264 0.222222
vt 0.567264 0.277778
vt 0.569193 0.111111
vt 0.569193 0.055556
vt 0.569193 0.166667
vt 0.569193 0.222222
vt 0.569193 0.277778
vt 0.571122 0.111111
vt 0.571122 0.055556
vt 0.571122 0.166667
vt 0.571122 0.222222
vt 0.571122 0.277778
vt 0.563406 0.000000
vt 0.563406 0.333333
vt 0.573051 0.333333
vt 0.573051 0.277778
vt 0.571122 0.333333
vt 0.571122 0.000000
vt 0.573051 0.055556
vt 0.573051 0.000000
vt 0.565335 0.333333
vt 0.573051 0.222222
vt 0.569193 0.000000
vt 0.567264 0.333333
vt 0.573051 0.166667
vt 0.567264 0.000000
vt 0.569193 0.333333
vt 0.573051 0.111111
vt 0.565335 0.000000
vt 0.574296 0.055556
vt 0.574296 0.111111
vt 0.575542 0.111111
vt 0.575542 0.055556
vt 0.574296 0.166667
vt 0.575542 0.166667
vt 0.574296 0.222222
vt 0.575542 0.222222
vt 0.574296 0.277778
vt 0.575542 0.277778
vt 0.576787 0.111111
vt 0.576787 0.055556
vt 0.576787 0.166667
vt 0.576787 0.222222
vt 0.576787 0.277778
vt 0.578032 0.111111
vt 0.578032 0.055556
vt 0.578032 0.166667
vt 0.578032 0.222222
vt 0.578032 0.277778
vt 0.579278 0.111111
vt 0.579278 0.055556
vt 0.579278 0.166667
vt 0.579278 0.222222
vt 0.579278 0.277778
vt 0.574296 0.000000
vt 0.574296 0.333333
vt 0.580523 0.333333
vt 0.580523 0.277778
vt 0.579278 0.333333
vt 0.579278 0.000000
vt 0.580523 0.055556
vt 0.580523 0.000000
vt 0.575542 0.333333
vt 0.580523 0.222222
vt 0.578032 0.000000
vt 0.576787 0.333333
vt 0.580523 0.166667
vt 0.576787 0.000000
vt 0.578032 0.333333
vt 0.580523 0.111111
vt 0.575542 0.000000
vt 0.582048 0.055556
vt 0.582048 0.111111
vt 0.583573 0.111111
vt 0.583573 0.055556
vt 0.582048 0.166667
vt 0.583573 0.166667
vt 0.582048 0.222222
vt 0.583573 0.222222
vt 0.582048 0.277778
vt 0.583573 0.277778
vt 0.585098 0.111111
vt 0.585098 0.055556
vt 0.585098 0.166667
vt 0.585098 0.222222
vt 0.585098 0.277778
vt 0.586623 0.111111
vt 0.586623 0.055556
vt 0.586623 0.166667
vt 0.586623 0.222222
vt 0.586623 0.277778
vt 0.588148 0.111111
vt 0.588148 0.055556
vt 0.588148 0.166667
vt 0.588148 0.222222
vt 0.588148 0.277778
vt 0.582048 0.000000
vt 0.582048 0.333333
vt 0.589672 0.333333
vt 0.589672 0.277778
vt 0.588148 0.333333
vt 0.588148 0.000000
vt 0.589672 0.055556
vt 0.589672 0.000000
vt 0.583573 0.333333
vt 0.589672 0.222222
vt 0.586623 0.000000
vt 0.585098 0.333333
vt 0.589672 0.166667
vt 0.585098 0.000000
vt 0.586623 0.333333
vt 0.589672 0.111111
vt 0.583573 0.000000
vt 0.590592 0.055556
vt 0.590592 0.111111
vt 0.591511 0.111111
vt 0.591511 0.055556
vt 0.590592 0.166667
vt 0.591511 0.166667
vt 0.590592 0.222222
vt 0.591511 0.222222
vt 0.590592 0.277778
vt 0.591511 0.277778
vt 0.592431 0.111111
vt 0.592431 0.055556
vt 0.592431 0.166667
vt 0.592431 0.222222
vt 0.592431 0.277778
vt 0.593350 0.111111
vt 0.593350 0.055556
vt 0.593350 0.166667
vt 0.593350 0.222222
vt 0.593350 0.277778
vt 0.594270 0.111111
vt 0.594270 0.055556
vt 0.594270 0.166667
vt 0.594270 0.222222
vt 0.594270 0.277778
vt 0.590592 0.000000
vt 0.590592 0.333333
vt 0.595189 0.333333
vt 0.595189 0.277778
vt 0.594270 0.333333
vt 0.594270 0.000000
vt 0.595189 0.055556
vt 0.595189 0.000000
vt 0.591511 0.333333
vt 0.595189 0.222222
vt 0.593350 0.000000
vt 0.592431 0.333333
vt 0.595189 0.166667
vt 0.592431 0.000000
vt 0.593350 0.333333
vt 0.595189 0.111111
vt 0.591511 0.000000
vt 0.599865 0.055556
vt 0.599865 0.111111
vt 0.604542 0.111111
vt 0.604542 0.055556
vt 0.599865 0.166667
vt 0.604542 0.166667
vt 0.599865 0.222222
vt 0.604542 0.222222
vt 0.599865 0.277778
vt 0.604542 0.277778
vt 0.609218 0.111111
vt 0.609218 0.055556
vt 0.609218 0.166667
vt 0.609218 0.222222
vt 0.609218 0.277778
vt 0.613895 0.111111
vt 0.613895 0.055556
vt 0.613895 0.166667
vt 0.613895 0.222222
vt 0.613895 0.277778
vt 0.618571 0.111111
vt 0.618571 0.055556
vt 0.618571 0.166667
vt 0.618571 0.222222
vt 0.618571 0.277778
vt 0.599865 0.000000
vt 0.599865 0.333333
vt 0.623248 0.333333
vt 0.623248 0.277778
vt 0.618571 0.333333
vt 0.618571 0.000000
vt 0.623248 0.055556
vt 0.623248 0.000000
vt 0.604542 0.333333
vt 0.623248 0.222222
vt 0.613895 0.000000
vt 0.609218 0.333333
vt 0.623248 0.166667
vt 0.609218 0.000000
vt 0.613895 0.333333
vt 0.623248 0.111111
vt 0.604542 0.000000
vt 0.624579 0.055556
vt 0.624579 0.111111
vt 0.625910 0.111111
vt 0.625910 0.055556
vt 0.624579 0.166667
vt 0.625910 0.166667
vt 0.624579 0.222222
vt 0.625910 0.222222
vt 0.624579 0.277778
vt 0.625910 0.277778
vt 0.627242 0.111111
vt 0.627242 0.055556
vt 0.627242 0.166667
vt 0.627242 0.222222
vt 0.627242 0.277778
vt 0.628573 0.111111
vt 0.628573 0.055556
vt 0.628573 0.166667
vt 0.628573 0.222222
vt 0.628573 0.277778
vt 0.629905 0.111111
vt 0.629905 0.055556
vt 0.629905 0.166667
vt 0.629905 0.222222
vt 0.629905 0.277778
vt 0.624579 0.000000
vt 0.624579 0.333333
vt 0.631236 0.333333
vt 0.631236 0.277778
vt 0.629905 0.333333
vt 0.629905 0.000000
vt 0.631236 0.055556
vt 0.631236 0.000000
vt 0.625910 0.333333
vt 0.631236 0.222222
vt 0.628573 0.000000
vt 0.627242 0.333333
vt 0.631236 0.166667
vt 0.627242 0.000000
vt 0.628573 0.333333
vt 0.631236 0.111111
vt 0.625910 0.000000
vt 0.632489 0.055556
vt 0.632489 0.111111
vt 0.633741 0.111111
vt 0.633741 0.055556
vt 0.632489 0.166667
vt 0.633741 0.166667
vt 0.632489 0.222222
vt 0.633741 0.222222
vt 0.632489 0.277778
vt 0.633741 0.277778
vt 0.634994 0.111111
vt 0.634994 0.055556
vt 0.634994 0.166667
vt 0.634994 0.222222
vt 0.634994 0.277778
vt 0.636247 0.111111
vt 0.636247 0.055556
vt 0.636247 0.166667
vt 0.636247 0.222222
vt 0.636247 0.277778
vt 0.637499 0.111111
vt 0.637499 0.055556
vt 0.637499 0.166667
vt 0.637499 0.222222
vt 0.637499 0.277778
vt 0.632489 0.000000
vt 0.632489 0.333333
vt 0.638752 0.333333
vt 0.638752 0.277778
vt 0.637499 0.333333
vt 0.637499 0.000000
vt 0.638752 0.055556
vt 0.638752 0.000000
vt 0.633741 0.333333
vt 0.638752 0.222222
vt 0.636247 0.000000
vt 0.634994 0.333333
vt 0.638752 0.166667
vt 0.634994 0.000000
vt 0.636247 0.333333
vt 0.638752 0.111111
vt 0.633741 0.000000
vt 0.639463 0.055556
vt 0.639463 0.111111
vt 0.640175 0.111111
vt 0.640175 0.055556
vt 0.639463 0.166667
vt 0.640175 0.166667
vt 0.639463 0.222222
vt 0.640175 0.222222
vt 0.639463 0.277778
vt 0.640175 0.277778
vt 0.640886 0.111111
vt 0.640886 0.055556
vt 0.640886 0.166667
vt 0.640886 0.222222
vt 0.640886 0.277778
vt 0.641598 0.111111
vt 0.641598 0.055556
vt 0.641598 0.166667
vt 0.641598 0.222222
vt 0.641598 0.277778
vt 0.642309 0.111111
vt 0.642309 0.055556
vt 0.642309 0.166667
vt 0.642309 0.222222
vt 0.642309 0.277778
vt 0.639463 0.000000
vt 0.639463 0.333333
vt 0.643021 0.333333
vt 0.643021 0.277778
vt 0.642309 0.333333
vt 0.642309 0.000000
vt 0.643021 0.055556
vt 0.643021 0.000000
vt 0.640175 0.333333
vt 0.643021 0.222222
vt 0.641598 0.000000
vt 0.640886 0.333333
vt 0.643021 0.166667
vt 0.640886 0.000000
vt 0.641598 0.333333
vt 0.643021 0.111111
vt 0.640175 0.000000
vt 0.644606 0.055556
vt 0.644606 0.111111
vt 0.646191 0.111111
vt 0.646191 0.055556
vt 0.644606 0.166667
vt 0.646191 0.166667
vt 0.644606 0.222222
vt 0.646191 0.222222
vt 0.644606 0.277778
vt 0.646191 0.277778
vt 0.647776 0.111111
vt 0.647776 0.055556
vt 0.647776 0.166667
vt 0.647776 0.222222
vt 0.647776 0.277778
vt 0.649361 0.111111
vt 0.649361 0.055556
vt 0.649361 0.166667
vt 0.649361 0.222222
vt 0.649361 0.277778
vt 0.650946 0.111111
vt 0.650946 0.055556
vt 0.650946 0.166667
vt 0.650946 0.222222
vt 0.650946 0.277778
vt 0.644606 0.000000
vt 0.644606 0.333333
vt 0.652531 0.333333
vt 0.652531 0.277778
vt 0.650946 0.333333
vt 0.650946 0.000000
vt 0.652531 0.055556
vt 0.652531 0.000000
vt 0.646191 0.333333
vt 0.652531 0.222222
vt 0.649361 0.000000
vt 0.647776 0.333333
vt 0.652531 0.166667
vt 0.647776 0.000000
vt 0.649361 0.333333
vt 0.652531 0.111111
vt 0.646191 0.000000
vt 0.668734 0.055556
vt 0.668734 0.111111
vt 0.684938 0.111111
vt 0.684938 0.055556
vt 0.668734 0.166667
vt 0.684938 0.166667
vt 0.668734 0.222222
vt 0.684938 0.222222
vt 0.668734 0.277778
vt 0.684938 0.277778
vt 0.701142 0.111111
vt 0.701142 0.055556
vt 0.701142 0.166667
vt 0.701142 0.222222
vt 0.701142 0.277778
vt 0.717345 0.111111
vt 0.717345 0.055556
vt 0.717345 0.166667
vt 0.717345 0.222222
vt 0.717345 0.277778
vt 0.733549 0.111111
vt 0.733549 0.055556
vt 0.733549 0.166667
vt 0.733549 0.222222
vt 0.733549 0.277778
vt 0.668734 0.000000
vt 0.668734 0.333333
vt 0.749753 0.333333
vt 0.749753 0.277778
vt 0.733549 0.333333
vt 0.733549 0.000000
vt 0.749753 0.055556
vt 0.749753 0.000000
vt 0.684938 0.333333
vt 0.749753 0.222222
vt 0.717345 0.000000
vt 0.701142 0.333333
vt 0.749753 0.166667
vt 0.701142 0.000000
vt 0.717345 0.333333
vt 0.749753 0.111111
vt 0.684938 0.000000
vt 0.751294 0.055556
vt 0.751294 0.111111
vt 0.752836 0.111111
vt 0.752836 0.055556
vt 0.751294 0.166667
vt 0.752836 0.166667
vt 0.751294 0.222222
vt 0.752836 0.222222
vt 0.751294 0.277778
vt 0.752836 0.277778
vt 0.754378 0.111111
vt 0.754378 0.055556
vt 0.754378 0.166667
vt 0.754378 0.222222
vt 0.754378 0.277778
vt 0.755919 0.111111
vt 0.755919 0.055556
vt 0.755919 0.166667
vt 0.755919 0.222222
vt 0.755919 0.277778
vt 0.757461 0.111111
vt 0.757461 0.055556
vt 0.757461 0.166667
vt 0.757461 0.222222
vt 0.757461 0.277778
vt 0.751294 0.000000
vt 0.751294 0.333333
vt 0.759003 0.333333
vt 0.759003 0.277778
vt 0.757461 0.333333
vt 0.757461 0.000000
vt 0.759003 0.055556
vt 0.759003 0.000000
vt 0.752836 0.333333
vt 0.759003 0.222222
vt 0.755919 0.000000
vt 0.754378 0.333333
vt 0.759003 0.166667
vt 0.754378 0.000000
vt 0.755919 0.333333
vt 0.759003 0.111111
vt 0.752836 0.000000
vt 0.760726 0.055556
vt 0.760726 0.111111
vt 0.762449 0.111111
vt 0.762449 0.055556
vt 0.760726 0.166667
vt 0.762449 0.166667
vt 0.760726 0.222222
vt 0.762449 0.222222
vt 0.760726 0.277778
vt 0.762449 0.277778
vt 0.764173 0.111111
vt 0.764173 0.055556
vt 0.764173 0.166667
vt 0.764173 0.222222
vt 0.764173 0.277778
vt 0.765896 0.111111
vt 0.765896 0.055556
vt 0.765896 0.166667
vt 0.765896 0.222222
vt 0.765896 0.277778
vt 0.767619 0.111111
vt 0.767619 0.055556
vt 0.767619 0.166667
vt 0.767619 0.222222
vt 0.767619 0.277778
vt 0.760726 0.000000
vt 0.760726 0.333333
vt 0.769343 0.333333
vt 0.769343 0.277778
vt 0.767619 0.333333
vt 0.767619 0.000000
vt 0.769343 0.055556
vt 0.769343 0.000000
vt 0.762449 0.333333
vt 0.769343 0.222222
vt 0.765896 0.000000
vt 0.764173 0.333333
vt 0.769343 0.166667
vt 0.764173 0.000000
vt 0.765896 0.333333
vt 0.769343 0.111111
vt 0.762449 0.000000
vt 0.773764 0.055556
vt 0.773764 0.111111
vt 0.778185 0.111111
vt 0.778185 0.055556
vt 0.773764 0.166667
vt 0.778185 0.166667
vt 0.773764 0.222222
vt 0.778185 0.222222
vt 0.773764 0.277778
vt 0.778185 0.277778
vt 0.782606 0.111111
vt 0.782606 0.055556
vt 0.782606 0.166667
vt 0.782606 0.222222
vt 0.782606 0.277778
vt 0.787027 0.111111
vt 0.787027 0.055556
vt 0.787027 0.166667
vt 0.787027 0.222222
vt 0.787027 0.277778
vt 0.791448 0.111111
vt 0.791448 0.055556
vt 0.791448 0.166667
vt 0.791448 0.222222
vt 0.791448 0.277778
vt 0.773764 0.000000
vt 0.773764 0.333333
vt 0.795869 0.333333
vt 0.795869 0.277778
vt 0.791448 0.333333
vt 0.791448 0.000000
vt 0.795869 0.055556
vt 0.795869 0.000000
vt 0.778185 0.333333
vt 0.795869 0.222222
vt 0.787027 0.000000
vt 0.782606 0.333333
vt 0.795869 0.166667
vt 0.782606 0.000000
vt 0.787027 0.333333
vt 0.795869 0.111111
vt 0.778185 0.000000
vt 0.799022 0.055556
vt 0.799022 0.111111
vt 0.802175 0.111111
vt 0.802175 0.055556
vt 0.799022 0.166667
vt 0.802175 0.166667
vt 0.799022 0.222222
vt 0.802175 0.222222
vt 0.799022 0.277778
vt 0.802175 0.277778
vt 0.805328 0.111111
vt 0.805328 0.055556
vt 0.805328 0.166667
vt 0.805328 0.222222
vt 0.805328 0.277778
vt 0.808481 0.111111
vt 0.808481 0.055556
vt 0.808481 0.166667
vt 0.808481 0.222222
vt 0.808481 0.277778
vt 0.811634 0.111111
vt 0.811634 0.055556
vt 0.811634 0.166667
vt 0.811634 0.222222
vt 0.811634 0.277778
vt 0.799022 0.000000
vt 0.799022 0.333333
vt 0.814787 0.333333
vt 0.814787 0.277778
vt 0.811634 0.333333
vt 0.811634 0.000000
vt 0.814787 0.055556
vt 0.814787 0.000000
vt 0.802175 0.333333
vt 0.814787 0.222222
vt 0.808481 0.000000
vt 0.805328 0.333333
vt 0.814787 0.166667
vt 0.805328 0.000000
vt 0.808481 0.333333
vt 0.814787 0.111111
vt 0.802175 0.000000
vt 0.815762 0.055556
vt 0.815762 0.111111
vt 0.816737 0.111111
vt 0.816737 0.055556
vt 0.815762 0.166667
vt 0.816737 0.166667
vt 0.815762 0.222222
vt 0.816737 0.222222
vt 0.815762 0.277778
vt 0.816737 0.277778
vt 0.817712 0.111111
vt 0.817712 0.055556
vt 0.817712 0.166667
vt 0.817712 0.222222
vt 0.817712 0.277778
vt 0.818687 0.111111
vt 0.818687 0.055556
vt 0.818687 0.166667
vt 0.818687 0.222222
vt 0.818687 0.277778
vt 0.819662 0.111111
vt 0.819662 0.055556
vt 0.819662 0.166667
vt 0.819662 0.222222
vt 0.819662 0.277778
vt 0.815762 0.000000
vt 0.815762 0.333333
vt 0.820636 0.333333
vt 0.820636 0.277778
vt 0.819662 0.333333
vt 0.819662 0.000000
vt 0.820636 0.055556
vt 0.820636 0.000000
vt 0.816737 0.333333
vt 0.820636 0.222222
vt 0.818687 0.000000
vt 0.817712 0.333333
vt 0.820636 0.166667
vt 0.817712 0.000000
vt 0.818687 0.333333
vt 0.820636 0.111111
vt 0.816737 0.000000
vt 0.821272 0.055556
vt 0.821272 0.111111
vt 0.821907 0.111111
vt 0.821907 0.055556
vt 0.821272 0.166667
vt 0.821907 0.166667
vt 0.821272 0.222222
vt 0.821907 0.222222
vt 0.821272 0.277778
vt 0.821907 0.277778
vt 0.822543 0.111111
vt 0.822543 0.055556
vt 0.822543 0.166667
vt 0.822543 0.222222
vt 0.822543 0.277778
vt 0.823179 0.111111
vt 0.823179 0.055556
vt 0.823179 0.166667
vt 0.823179 0.222222
vt 0.823179 0.277778
vt 0.823814 0.111111
vt 0.823814 0.055556
vt 0.823814 0.166667
vt 0.823814 0.222222
vt 0.823814 0.277778
vt 0.821272 0.000000
vt 0.821272 0.333333
vt 0.824450 0.333333
vt 0.824450 0.277778
vt 0.823814 0.333333
vt 0.823814 0.000000
vt 0.824450 0.055556
vt 0.824450 0.000000
vt 0.821907 0.333333
vt 0.824450 0.222222
vt 0.823179 0.000000
vt 0.822543 0.333333
vt 0.824450 0.166667
vt 0.822543 0.000000
vt 0.823179 0.333333
vt 0.824450 0.111111
vt 0.821907 0.000000
vt 0.826010 0.055556
vt 0.826010 0.111111
vt 0.827571 0.111111
vt 0.827571 0.055556
vt 0.826010 0.166667
vt 0.827571 0.166667
vt 0.826010 0.222222
vt 0.827571 0.222222
vt 0.826010 0.277778
vt 0.827571 0.277778
vt 0.829131 0.111111
vt 0.829131 0.055556
vt 0.829131 0.166667
vt 0.829131 0.222222
vt 0.829131 0.277778
vt 0.830692 0.111111
vt 0.830692 0.055556
vt 0.830692 0.166667
vt 0.830692 0.222222
vt 0.830692 0.277778
vt 0.832252 0.111111
vt 0.832252 0.055556
vt 0.832252 0.166667
vt 0.832252 0.222222
vt 0.832252 0.277778
vt 0.826010 0.000000
vt 0.826010 0.333333
vt 0.833813 0.333333
vt 0.833813 0.277778
vt 0.832252 0.333333
vt 0.832252 0.000000
vt 0.833813 0.055556
vt 0.833813 0.000000
vt 0.827571 0.333333
vt 0.833813 0.222222
vt 0.830692 0.000000
vt 0.829131 0.333333
vt 0.833813 0.166667
vt 0.829131 0.000000
vt 0.830692 0.333333
vt 0.833813 0.111111
vt 0.827571 0.000000
vt 0.835262 0.055556
vt 0.835262 0.111111
vt 0.836711 0.111111
vt 0.836711 0.055556
vt 0.835262 0.166667
vt 0.836711 0.166667
vt 0.835262 0.222222
vt 0.836711 0.222222
vt 0.835262 0.277778
vt 0.836711 0.277778
vt 0.838161 0.111111
vt 0.838161 0.055556
vt 0.838161 0.166667
vt 0.838161 0.222222
vt 0.838161 0.277778
vt 0.839610 0.111111
vt 0.839610 0.055556
vt 0.839610 0.166667
vt 0.839610 0.222222
vt 0.839610 0.277778
vt 0.841059 0.111111
vt 0.841059 0.055556
vt 0.841059 0.166667
vt 0.841059 0.222222
vt 0.841059 0.277778
vt 0.835262 0.000000
vt 0.835262 0.333333
vt 0.842509 0.333333
vt 0.842509 0.277778
vt 0.841059 0.333333
vt 0.841059 0.000000
vt 0.842509 0.055556
vt 0.842509 0.000000
vt 0.836711 0.333333
vt 0.842509 0.222222
vt 0.839610 0.000000
vt 0.838161 0.333333
vt 0.842509 0.166667
vt 0.838161 0.000000
vt 0.839610 0.333333
vt 0.842509 0.111111
vt 0.836711 0.000000
vt 0.843677 0.055556
vt 0.843677 0.111111
vt 0.844845 0.111111
vt 0.844845 0.055556
vt 0.843677 0.166667
vt 0.844845 0.166667
vt 0.843677 0.222222
vt 0.844845 0.222222
vt 0.843677 0.277778
vt 0.844845 0.277778
vt 0.846013 0.111111
vt 0.846013 0.055556
vt 0.846013 0.166667
vt 0.846013 0.222222
vt 0.846013 0.277778
vt 0.847181 0.111111
vt 0.847181 0.055556
vt 0.847181 0.166667
vt 0.847181 0.222222
vt 0.847181 0.277778
vt 0.848349 0.111111
vt 0.848349 0.055556
vt 0.848349 0.166667
vt 0.848349 0.222222
vt 0.848349 0.277778
vt 0.843677 0.000000
vt 0.843677 0.333333
vt 0.849517 0.333333
vt 0.849517 0.277778
vt 0.848349 0.333333
vt 0.848349 0.000000
vt 0.849517 0.055556
vt 0.849517 0.000000
vt 0.844845 0.333333
vt 0.849517 0.222222
vt 0.847181 0.000000
vt 0.846013 0.333333
vt 0.849517 0.166667
vt 0.846013 0.000000
vt 0.847181 0.333333
vt 0.849517 0.111111
vt 0.844845 0.000000
vt 0.852340 0.055556
vt 0.852340 0.111111
vt 0.855163 0.111111
vt 0.855163 0.055556
vt 0.852340 0.166667
vt 0.855163 0.166667
vt 0.852340 0.222222
vt 0.855163 0.222222
vt 0.852340 0.277778
vt 0.855163 0.277778
vt 0.857985 0.111111
vt 0.857985 0.055556
vt 0.857985 0.166667
vt 0.857985 0.222222
vt 0.857985 0.277778
vt 0.860808 0.111111
vt 0.860808 0.055556
vt 0.860808 0.166667
vt 0.860808 0.222222
vt 0.860808 0.277778
vt 0.863631 0.111111
vt 0.863631 0.055556
vt 0.863631 0.166667
vt 0.863631 0.222222
vt 0.863631 0.277778
vt 0.852340 0.000000
vt 0.852340 0.333333
vt 0.866454 0.333333
vt 0.866454 0.277778
vt 0.863631 0.333333
vt 0.863631 0.000000
vt 0.866454 0.055556
vt 0.866454 0.000000
vt 0.855163 0.333333
vt 0.866454 0.222222
vt 0.860808 0.000000
vt 0.857985 0.333333
vt 0.866454 0.166667
vt 0.857985 0.000000
vt 0.860808 0.333333
vt 0.866454 0.111111
vt 0.855163 0.000000
vt 0.870474 0.055556
vt 0.870474 0.111111
vt 0.874495 0.111111
vt 0.874495 0.055556
vt 0.870474 0.166667
vt 0.874495 0.166667
vt 0.870474 0.222222
vt 0.874495 0.222222
vt 0.870474 0.277778
vt 0.874495 0.277778
vt 0.878515 0.111111
vt 0.878515 0.055556
vt 0.878515 0.166667
vt 0.878515 0.222222
vt 0.878515 0.277778
vt 0.882536 0.111111
vt 0.882536 0.055556
vt 0.882536 0.166667
vt 0.882536 0.222222
vt 0.882536 0.277778
vt 0.886556 0.111111
vt 0.886556 0.055556
vt 0.886556 0.166667
vt 0.886556 0.222222
vt 0.886556 0.277778
vt 0.870474 0.000000
vt 0.870474 0.333333
vt 0.890577 0.333333
vt 0.890577 0.277778
vt 0.886556 0.333333
vt 0.886556 0.000000
vt 0.890577 0.055556
vt 0.890577 0.000000
vt 0.874495 0.333333
vt 0.890577 0.222222
vt 0.882536 0.000000
vt 0.878515 0.333333
vt 0.890577 0.166667
vt 0.878515 0.000000
vt 0.882536 0.333333
vt 0.890577 0.111111
vt 0.874495 0.000000
vt 0.896126 0.055556
vt 0.896126 0.111111
vt 0.901676 0.111111
vt 0.901676 0.055556
vt 0.896126 0.166667
vt 0.901676 0.166667
vt 0.896126 0.222222
vt 0.901676 0.222222
vt 0.896126 0.277778
vt 0.901676 0.277778
vt 0.907225 0.111111
vt 0.907225 0.055556
vt 0.907225 0.166667
vt 0.907225 0.222222
vt 0.907225 0.277778
vt 0.912775 0.111111
vt 0.912775 0.055556
vt 0.912775 0.166667
vt 0.912775 0.222222
vt 0.912775 0.277778
vt 0.918325 0.111111
vt 0.918325 0.055556
vt 0.918325 0.166667
vt 0.918325 0.222222
vt 0.918325 0.277778
vt 0.896126 0.000000
vt 0.896126 0.333333
vt 0.923874 0.333333
vt 0.923874 0.277778
vt 0.918325 0.333333
vt 0.918325 0.000000
vt 0.923874 0.055556
vt 0.923874 0.000000
vt 0.901676 0.333333
vt 0.923874 0.222222
vt 0.912775 0.000000
vt 0.907225 0.333333
vt 0.923874 0.166667
vt 0.907225 0.000000
vt 0.912775 0.333333
vt 0.923874 0.111111
vt 0.901676 0.000000
vt 0.928620 0.055556
vt 0.928620 0.111111
vt 0.933366 0.111111
vt 0.933366 0.055556
vt 0.928620 0.166667
vt 0.933366 0.166667
vt 0.928620 0.222222
vt 0.933366 0.222222
vt 0.928620 0.277778
vt 0.933366 0.277778
vt 0.938112 0.111111
vt 0.938112 0.055556
vt 0.938112 0.166667
vt 0.938112 0.222222
vt 0.938112 0.277778
vt 0.942858 0.111111
vt 0.942858 0.055556
vt 0.942858 0.166667
vt 0.942858 0.222222
vt 0.942858 0.277778
vt 0.947604 0.111111
vt 0.947604 0.055556
vt 0.947604 0.166667
vt 0.947604 0.222222
vt 0.947604 0.277778
vt 0.928620 0.000000
vt 0.928620 0.333333
vt 0.952350 0.333333
vt 0.952350 0.277778
vt 0.947604 0.333333
vt 0.947604 0.000000
vt 0.952350 0.055556
vt 0.952350 0.000000
vt 0.933366 0.333333
vt 0.952350 0.222222
vt 0.942858 0.000000
vt 0.938112 0.333333
vt 0.952350 0.166667
vt 0.938112 0.000000
vt 0.942858 0.333333
vt 0.952350 0.111111
vt 0.933366 0.000000
vt 0.956250 0.055556
vt 0.956250 0.111111
vt 0.960150 0.111111
vt 0.960150 0.055556
vt 0.956250 0.166667
vt 0.960150 0.166667
vt 0.956250 0.222222
vt 0.960150 0.222222
vt 0.956250 0.277778
vt 0.960150 0.277778
vt 0.964050 0.111111
vt 0.964050 0.055556
vt 0.964050 0.166667
vt 0.964050 0.222222
vt 0.964050 0.277778
vt 0.967950 0.111111
vt 0.967950 0.055556
vt 0.967950 0.166667
vt 0.967950 0.222222
vt 0.967950 0.277778
vt 0.971850 0.111111
vt 0.971850 0.055556
vt 0.971850 0.166667
vt 0.971850 0.222222
vt 0.971850 0.277778
vt 0.956250 0.000000
vt 0.956250 0.333333
vt 0.975750 0.333333
vt 0.975750 0.277778
vt 0.971850 0.333333
vt 0.971850 0.000000
vt 0.975750 0.055556
vt 0.975750 0.000000
vt 0.960150 0.333333
vt 0.975750 0.222222
vt 0.967950 0.000000
vt 0.964050 0.333333
vt 0.975750 0.166667
vt 0.964050 0.000000
vt 0.967950 0.333333
vt 0.975750 0.111111
vt 0.960150 0.000000
vt 0.979792 0.055556
vt 0.979792 0.111111
vt 0.983833 0.111111
vt 0.983833 0.055556
vt 0.979792 0.166667
vt 0.983833 0.166667
vt 0.979792 0.222222
vt 0.983833 0.222222
vt 0.979792 0.277778
vt 0.983833 0.277778
vt 0.987875 0.111111
vt 0.987875 0.055556
vt 0.987875 0.166667
vt 0.987875 0.222222
vt 0.987875 0.277778
vt 0.991917 0.111111
vt 0.991917 0.055556
vt 0.991917 0.166667
vt 0.991917 0.222222
vt 0.991917 0.277778
vt 0.995958 0.111111
vt 0.995958 0.055556
vt 0.995958 0.166667
vt 0.995958 0.222222
vt 0.995958 0.277778
vt 0.979792 0.000000
vt 0.979792 0.333333
vt 1.000000 0.333333
vt 1.000000 0.277778
vt 0.995958 0.333333
vt 0.995958 0.000000
vt 1.000000 0.055556
vt 1.000000 0.000000
vt 0.983833 0.333333
vt 1.000000 0.222222
vt 0.991917 0.000000
vt 0.987875 0.333333
vt 1.000000 0.166667
vt 0.987875 0.000000
vt 0.991917 0.333333
vt 1.000000 0.111111
vt 0.983833 0.000000
vt 0.020707 0.388889
vt 0.020707 0.444444
vt 0.041414 0.444444
vt 0.041414 0.388889
vt 0.020707 0.500000
vt 0.041414 0.500000
vt 0.020707 0.555556
vt 0.041414 0.555556
vt 0.020707 0.611111
vt 0.041414 0.611111
vt 0.062120 0.444444
vt 0.062120 0.388889
vt 0.062120 0.500000
vt 0.062120 0.555556
vt 0.062120 0.611111
vt 0.082827 0.444444
vt 0.082827 0.388889
vt 0.082827 0.500000
vt 0.082827 0.555556
vt 0.082827 0.611111
vt 0.103534 0.444444
vt 0.103534 0.388889
vt 0.103534 0.500000
vt 0.103534 0.555556
vt 0.103534 0.611111
vt 0.000000 0.388889
vt 0.020707 0.666667
vt 0.000000 0.611111
vt 0.000000 0.666667
vt 0.124241 0.666667
vt 0.124241 0.611111
vt 0.103534 0.666667
vt 0.124241 0.388889
vt 0.000000 0.444444
vt 0.041414 0.666667
vt 0.124241 0.555556
vt 0.000000 0.500000
vt 0.062120 0.666667
vt 0.124241 0.500000
vt 0.000000 0.555556
vt 0.082827 0.666667
vt 0.124241 0.444444
vt 0.129319 0.388889
vt 0.129319 0.444444
vt 0.134398 0.444444
vt 0.134398 0.388889
vt 0.129319 0.500000
vt 0.134398 0.500000
vt 0.129319 0.555556
vt 0.134398 0.555556
vt 0.129319 0.611111
vt 0.134398 0.611111
vt 0.139476 0.444444
vt 0.139476 0.388889
vt 0.139476 0.500000
vt 0.139476 0.555556
vt 0.139476 0.611111
vt 0.144555 0.444444
vt 0.144555 0.388889
vt 0.144555 0.500000
vt 0.144555 0.555556
vt 0.144555 0.611111
vt 0.149634 0.444444
vt 0.149634 0.388889
vt 0.149634 0.500000
vt 0.149634 0.555556
vt 0.149634 0.611111
vt 0.129319 0.666667
vt 0.154712 0.666667
vt 0.154712 0.611111
vt 0.149634 0.666667
vt 0.154712 0.388889
vt 0.134398 0.666667
vt 0.154712 0.555556
vt 0.139476 0.666667
vt 0.154712 0.500000
vt 0.144555 0.666667
vt 0.154712 0.444444
vt 0.156707 0.388889
vt 0.156707 0.444444
vt 0.158703 0.444444
vt 0.158703 0.388889
vt 0.156707 0.500000
vt 0.158703 0.500000
vt 0.156707 0.555556
vt 0.158703 0.555556
vt 0.156707 0.611111
vt 0.158703 0.611111
vt 0.160698 0.444444
vt 0.160698 0.388889
vt 0.160698 0.500000
vt 0.160698 0.555556
vt 0.160698 0.611111
vt 0.162693 0.444444
vt 0.162693 0.388889
vt 0.162693 0.500000
vt 0.162693 0.555556
vt 0.162693 0.611111
vt 0.164689 0.444444
vt 0.164689 0.388889
vt 0.164689 0.500000
vt 0.164689 0.555556
vt 0.164689 0.611111
vt 0.156707 0.666667
vt 0.166684 0.666667
vt 0.166684 0.611111
vt 0.164689 0.666667
vt 0.166684 0.388889
vt 0.158703 0.666667
vt 0.166684 0.555556
vt 0.160698 0.666667
vt 0.166684 0.500000
vt 0.162693 0.666667
vt 0.166684 0.444444
vt 0.168532 0.388889
vt 0.168532 0.444444
vt 0.170380 0.444444
vt 0.170380 0.388889
vt 0.168532 0.500000
vt 0.170380 0.500000
vt 0.168532 0.555556
vt 0.170380 0.555556
vt 0.168532 0.611111
vt 0.170380 0.611111
vt 0.172228 0.444444
vt 0.172228 0.388889
vt 0.172228 0.500000
vt 0.172228 0.555556
vt 0.172228 0.611111
vt 0.174076 0.444444
vt 0.174076 0.388889
vt 0.174076 0.500000
vt 0.174076 0.555556
vt 0.174076 0.611111
vt 0.175924 0.444444
vt 0.175924 0.388889
vt 0.175924 0.500000
vt 0.175924 0.555556
vt 0.175924 0.611111
vt 0.168532 0.666667
vt 0.177772 0.666667
vt 0.177772 0.611111
vt 0.175924 0.666667
vt 0.177772 0.388889
vt 0.170380 0.666667
vt 0.177772 0.555556
vt 0.172228 0.666667
vt 0.177772 0.500000
vt 0.174076 0.666667
vt 0.177772 0.444444
vt 0.178533 0.388889
vt 0.178533 0.444444
vt 0.179294 0.444444
vt 0.179294 0.388889
vt 0.178533 0.500000
vt 0.179294 0.500000
vt 0.178533 0.555556
vt 0.179294 0.555556
vt 0.178533 0.611111
vt 0.179294 0.611111
vt 0.180055 0.444444
vt 0.180055 0.388889
vt 0.180055 0.500000
vt 0.180055 0.555556
vt 0.180055 0.611111
vt 0.180816 0.444444
vt 0.180816 0.388889
vt 0.180816 0.500000
vt 0.180816 0.555556
vt 0.180816 0.611111
vt 0.181577 0.444444
vt 0.181577 0.388889
vt 0.181577 0.500000
vt 0.181577 0.555556
vt 0.181577 0.611111
vt 0.178533 0.666667
vt 0.182339 0.666667
vt 0.182339 0.611111
vt 0.181577 0.666667
vt 0.182339 0.388889
vt 0.179294 0.666667
vt 0.182339 0.555556
vt 0.180055 0.666667
vt 0.182339 0.500000
vt 0.180816 0.666667
vt 0.182339 0.444444
vt 0.184759 0.388889
vt 0.184759 0.444444
vt 0.187179 0.444444
vt 0.187179 0.388889
vt 0.184759 0.500000
vt 0.187179 0.500000
vt 0.184759 0.555556
vt 0.187179 0.555556
vt 0.184759 0.611111
vt 0.187179 0.611111
vt 0.189599 0.444444
vt 0.189599 0.388889
vt 0.189599 0.500000
vt 0.189599 0.555556
vt 0.189599 0.611111
vt 0.192019 0.444444
vt 0.192019 0.388889
vt 0.192019 0.500000
vt 0.192019 0.555556
vt 0.192019 0.611111
vt 0.194439 0.444444
vt 0.194439 0.388889
vt 0.194439 0.500000
vt 0.194439 0.555556
vt 0.194439 0.611111
vt 0.184759 0.666667
vt 0.196859 0.666667
vt 0.196859 0.611111
vt 0.194439 0.666667
vt 0.196859 0.388889
vt 0.187179 0.666667
vt 0.196859 0.555556
vt 0.189599 0.666667
vt 0.196859 0.500000
vt 0.192019 0.666667
vt 0.196859 0.444444
vt 0.199164 0.388889
vt 0.199164 0.444444
vt 0.201470 0.444444
vt 0.201470 0.388889
vt 0.199164 0.500000
vt 0.201470 0.500000
vt 0.199164 0.555556
vt 0.201470 0.555556
vt 0.199164 0.611111
vt 0.201470 0.611111
vt 0.203776 0.444444
vt 0.203776 0.388889
vt 0.203776 0.500000
vt 0.203776 0.555556
vt 0.203776 0.611111
vt 0.206082 0.444444
vt 0.206082 0.388889
vt 0.206082 0.500000
vt 0.206082 0.555556
vt 0.206082 0.611111
vt 0.208387 0.444444
vt 0.208387 0.388889
vt 0.208387 0.500000
vt 0.208387 0.555556
vt 0.208387 0.611111
vt 0.199164 0.666667
vt 0.210693 0.666667
vt 0.210693 0.611111
vt 0.208387 0.666667
vt 0.210693 0.388889
vt 0.201470 0.666667
vt 0.210693 0.555556
vt 0.203776 0.666667
vt 0.210693 0.500000
vt 0.206082 0.666667
vt 0.210693 0.444444
vt 0.213782 0.388889
vt 0.213782 0.444444
vt 0.216870 0.444444
vt 0.216870 0.388889
vt 0.213782 0.500000
vt 0.216870 0.500000
vt 0.213782 0.555556
vt 0.216870 0.555556
vt 0.213782 0.611111
vt 0.216870 0.611111
vt 0.219959 0.444444
vt 0.219959 0.388889
vt 0.219959 0.500000
vt 0.219959 0.555556
vt 0.219959 0.611111
vt 0.223048 0.444444
vt 0.223048 0.388889
vt 0.223048 0.500000
vt 0.223048 0.555556
vt 0.223048 0.611111
vt 0.226136 0.444444
vt 0.226136 0.388889
vt 0.226136 0.500000
vt 0.226136 0.555556
vt 0.226136 0.611111
vt 0.213782 0.666667
vt 0.229225 0.666667
vt 0.229225 0.611111
vt 0.226136 0.666667
vt 0.229225 0.388889
vt 0.216870 0.666667
vt 0.229225 0.555556
vt 0.219959 0.666667
vt 0.229225 0.500000
vt 0.223048 0.666667
vt 0.229225 0.444444
vt 0.232922 0.388889
vt 0.232922 0.444444
vt 0.236618 0.444444
vt 0.236618 0.388889
vt 0.232922 0.500000
vt 0.236618 0.500000
vt 0.232922 0.555556
vt 0.236618 0.555556
vt 0.232922 0.611111
vt 0.236618 0.611111
vt 0.240315 0.444444
vt 0.240315 0.388889
vt 0.240315 0.500000
vt 0.240315 0.555556
vt 0.240315 0.611111
vt 0.244011 0.444444
vt 0.244011 0.388889
vt 0.244011 0.500000
vt 0.244011 0.555556
vt 0.244011 0.611111
vt 0.247708 0.444444
vt 0.247708 0.388889
vt 0.247708 0.500000
vt 0.247708 0.555556
vt 0.247708 0.611111
vt 0.232922 0.666667
vt 0.251405 0.666667
vt 0.251405 0.611111
vt 0.247708 0.666667
vt 0.251405 0.388889
vt 0.236618 0.666667
vt 0.251405 0.555556
vt 0.240315 0.666667
vt 0.251405 0.500000
vt 0.244011 0.666667
vt 0.251405 0.444444
vt 0.256480 0.388889
vt 0.256480 0.444444
vt 0.261555 0.444444
vt 0.261555 0.388889
vt 0.256480 0.500000
vt 0.261555 0.500000
vt 0.256480 0.555556
vt 0.261555 0.555556
vt 0.256480 0.611111
vt 0.261555 0.611111
vt 0.266630 0.444444
vt 0.266630 0.388889
vt 0.266630 0.500000
vt 0.266630 0.555556
vt 0.266630 0.611111
vt 0.271705 0.444444
vt 0.271705 0.388889
vt 0.271705 0.500000
vt 0.271705 0.555556
vt 0.271705 0.611111
vt 0.276780 0.444444
vt 0.276780 0.388889
vt 0.276780 0.500000
vt 0.276780 0.555556
vt 0.276780 0.611111
vt 0.256480 0.666667
vt 0.281855 0.666667
vt 0.281855 0.611111
vt 0.276780 0.666667
vt 0.281855 0.388889
vt 0.261555 0.666667
vt 0.281855 0.555556
vt 0.266630 0.666667
vt 0.281855 0.500000
vt 0.271705 0.666667
vt 0.281855 0.444444
vt 0.284002 0.388889
vt 0.284002 0.444444
vt 0.286149 0.444444
vt 0.286149 0.388889
vt 0.284002 0.500000
vt 0.286149 0.500000
vt 0.284002 0.555556
vt 0.286149 0.555556
vt 0.284002 0.611111
vt 0.286149 0.611111
vt 0.288296 0.444444
vt 0.288296 0.388889
vt 0.288296 0.500000
vt 0.288296 0.555556
vt 0.288296 0.611111
vt 0.290442 0.444444
vt 0.290442 0.388889
vt 0.290442 0.500000
vt 0.290442 0.555556
vt 0.290442 0.611111
vt 0.292589 0.444444
vt 0.292589 0.388889
vt 0.292589 0.500000
vt 0.292589 0.555556
vt 0.292589 0.611111
vt 0.284002 0.666667
vt 0.294736 0.666667
vt 0.294736 0.611111
vt 0.292589 0.666667
vt 0.294736 0.388889
vt 0.286149 0.666667
vt 0.294736 0.555556
vt 0.288296 0.666667
vt 0.294736 0.500000
vt 0.290442 0.666667
vt 0.294736 0.444444
vt 0.296037 0.388889
vt 0.296037 0.444444
vt 0.297339 0.444444
vt 0.297339 0.388889
vt 0.296037 0.500000
vt 0.297339 0.500000
vt 0.296037 0.555556
vt 0.297339 0.555556
vt 0.296037 0.611111
vt 0.297339 0.611111
vt 0.298640 0.444444
vt 0.298640 0.388889
vt 0.298640 0.500000
vt 0.298640 0.555556
vt 0.298640 0.611111
vt 0.299941 0.444444
vt 0.299941 0.388889
vt 0.299941 0.500000
vt 0.299941 0.555556
vt 0.299941 0.611111
vt 0.301242 0.444444
vt 0.301242 0.388889
vt 0.301242 0.500000
vt 0.301242 0.555556
vt 0.301242 0.611111
vt 0.296037 0.666667
vt 0.302544 0.666667
vt 0.302544 0.611111
vt 0.301242 0.666667
vt 0.302544 0.388889
vt 0.297339 0.666667
vt 0.302544 0.555556
vt 0.298640 0.666667
vt 0.302544 0.500000
vt 0.299941 0.666667
vt 0.302544 0.444444
vt 0.305779 0.388889
vt 0.305779 0.444444
vt 0.309015 0.444444
vt 0.309015 0.388889
vt 0.305779 0.500000
vt 0.309015 0.500000
vt 0.305779 0.555556
vt 0.309015 0.555556
vt 0.305779 0.611111
vt 0.309015 0.611111
vt 0.312251 0.444444
vt 0.312251 0.388889
vt 0.312251 0.500000
vt 0.312251 0.555556
vt 0.312251 0.611111
vt 0.315487 0.444444
vt 0.315487 0.388889
vt 0.315487 0.500000
vt 0.315487 0.555556
vt 0.315487 0.611111
vt 0.318723 0.444444
vt 0.318723 0.388889
vt 0.318723 0.500000
vt 0.318723 0.555556
vt 0.318723 0.611111
vt 0.305779 0.666667
vt 0.321959 0.666667
vt 0.321959 0.611111
vt 0.318723 0.666667
vt 0.321959 0.388889
vt 0.309015 0.666667
vt 0.321959 0.555556
vt 0.312251 0.666667
vt 0.321959 0.500000
vt 0.315487 0.666667
vt 0.321959 0.444444
vt 0.323627 0.388889
vt 0.323627 0.444444
vt 0.325294 0.444444
vt 0.325294 0.388889
vt 0.323627 0.500000
vt 0.325294 0.500000
vt 0.323627 0.555556
vt 0.325294 0.555556
vt 0.323627 0.611111
vt 0.325294 0.611111
vt 0.326962 0.444444
vt 0.326962 0.388889
vt 0.326962 0.500000
vt 0.326962 0.555556
vt 0.326962 0.611111
vt 0.328630 0.444444
vt 0.328630 0.388889
vt 0.328630 0.500000
vt 0.328630 0.555556
vt 0.328630 0.611111
vt 0.330298 0.444444
vt 0.330298 0.388889
vt 0.330298 0.500000
vt 0.330298 0.555556
vt 0.330298 0.611111
vt 0.323627 0.666667
vt 0.331966 0.666667
vt 0.331966 0.611111
vt 0.330298 0.666667
vt 0.331966 0.388889
vt 0.325294 0.666667
vt 0.331966 0.555556
vt 0.326962 0.666667
vt 0.331966 0.500000
vt 0.328630 0.666667
vt 0.331966 0.444444
vt 0.334172 0.388889
vt 0.334172 0.444444
vt 0.336379 0.444444
vt 0.336379 0.388889
vt 0.334172 0.500000
vt 0.336379 0.500000
vt 0.334172 0.555556
vt 0.336379 0.555556
vt 0.334172 0.611111
vt 0.336379 0.611111
vt 0.338585 0.444444
vt 0.338585 0.388889
vt 0.338585 0.500000
vt 0.338585 0.555556
vt 0.338585 0.611111
vt 0.340792 0.444444
vt 0.340792 0.388889
vt 0.340792 0.500000
vt 0.340792 0.555556
vt 0.340792 0.611111
vt 0.342998 0.444444
vt 0.342998 0.388889
vt 0.342998 0.500000
vt 0.342998 0.555556
vt 0.342998 0.611111
vt 0.334172 0.666667
vt 0.345205 0.666667
vt 0.345205 0.611111
vt 0.342998 0.666667
vt 0.345205 0.388889
vt 0.336379 0.666667
vt 0.345205 0.555556
vt 0.338585 0.666667
vt 0.345205 0.500000
vt 0.340792 0.666667
vt 0.345205 0.444444
vt 0.351847 0.388889
vt 0.351847 0.444444
vt 0.358490 0.444444
vt 0.358490 0.388889
vt 0.351847 0.500000
vt 0.358490 0.500000
vt 0.351847 0.555556
vt 0.358490 0.555556
vt 0.351847 0.611111
vt 0.358490 0.611111
vt 0.365132 0.444444
vt 0.365132 0.388889
vt 0.365132 0.500000
vt 0.365132 0.555556
vt 0.365132 0.611111
vt 0.371774 0.444444
vt 0.371774 0.388889
vt 0.371774 0.500000
vt 0.371774 0.555556
vt 0.371774 0.611111
vt 0.378417 0.444444
vt 0.378417 0.388889
vt 0.378417 0.500000
vt 0.378417 0.555556
vt 0.378417 0.611111
vt 0.351847 0.666667
vt 0.385059 0.666667
vt 0.385059 0.611111
vt 0.378417 0.666667
vt 0.385059 0.388889
vt 0.358490 0.666667
vt 0.385059 0.555556
vt 0.365132 0.666667
vt 0.385059 0.500000
vt 0.371774 0.666667
vt 0.385059 0.444444
vt 0.392630 0.388889
vt 0.392630 0.444444
vt 0.400201 0.444444
vt 0.400201 0.388889
vt 0.392630 0.500000
vt 0.400201 0.500000
vt 0.392630 0.555556
vt 0.400201 0.555556
vt 0.392630 0.611111
vt 0.400201 0.611111
vt 0.407772 0.444444
vt 0.407772 0.388889
vt 0.407772 0.500000
vt 0.407772 0.555556
vt 0.407772 0.611111
vt 0.415343 0.444444
vt 0.415343 0.388889
vt 0.415343 0.500000
vt 0.415343 0.555556
vt 0.415343 0.611111
vt 0.422914 0.444444
vt 0.422914 0.388889
vt 0.422914 0.500000
vt 0.422914 0.555556
vt 0.422914 0.611111
vt 0.392630 0.666667
vt 0.430485 0.666667
vt 0.430485 0.611111
vt 0.422914 0.666667
vt 0.430485 0.388889
vt 0.400201 0.666667
vt 0.430485 0.555556
vt 0.407772 0.666667
vt 0.430485 0.500000
vt 0.415343 0.666667
vt 0.430485 0.444444
vt 0.439346 0.388889
vt 0.439346 0.444444
vt 0.448206 0.444444
vt 0.448206 0.388889
vt 0.439346 0.500000
vt 0.448206 0.500000
vt 0.439346 0.555556
vt 0.448206 0.555556
vt 0.439346 0.611111
vt 0.448206 0.611111
vt 0.457066 0.444444
vt 0.457066 0.388889
vt 0.457066 0.500000
vt 0.457066 0.555556
vt 0.457066 0.611111
vt 0.465927 0.444444
vt 0.465927 0.388889
vt 0.465927 0.500000
vt 0.465927 0.555556
vt 0.465927 0.611111
vt 0.474787 0.444444
vt 0.474787 0.388889
vt 0.474787 0.500000
vt 0.474787 0.555556
vt 0.474787 0.611111
vt 0.439346 0.666667
vt 0.483647 0.666667
vt 0.483647 0.611111
vt 0.474787 0.666667
vt 0.483647 0.388889
vt 0.448206 0.666667
vt 0.483647 0.555556
vt 0.457066 0.666667
vt 0.483647 0.500000
vt 0.465927 0.666667
vt 0.483647 0.444444
vt 0.488200 0.388889
vt 0.488200 0.444444
vt 0.492753 0.444444
vt 0.492753 0.388889
vt 0.488200 0.500000
vt 0.492753 0.500000
vt 0.488200 0.555556
vt 0.492753 0.555556
vt 0.488200 0.611111
vt 0.492753 0.611111
vt 0.497306 0.444444
vt 0.497306 0.388889
vt 0.497306 0.500000
vt 0.497306 0.555556
vt 0.497306 0.611111
vt 0.501859 0.444444
vt 0.501859 0.388889
vt 0.501859 0.500000
vt 0.501859 0.555556
vt 0.501859 0.611111
vt 0.506412 0.444444
vt 0.506412 0.388889
vt 0.506412 0.500000
vt 0.506412 0.555556
vt 0.506412 0.611111
vt 0.488200 0.666667
vt 0.510965 0.666667
vt 0.510965 0.611111
vt 0.506412 0.666667
vt 0.510965 0.388889
vt 0.492753 0.666667
vt 0.510965 0.555556
vt 0.497306 0.666667
vt 0.510965 0.500000
vt 0.501859 0.666667
vt 0.510965 0.444444
vt 0.514534 0.388889
vt 0.514534 0.444444
vt 0.518103 0.444444
vt 0.518103 0.388889
vt 0.514534 0.500000
vt 0.518103 0.500000
vt 0.514534 0.555556
vt 0.518103 0.555556
vt 0.514534 0.611111
vt 0.518103 0.611111
vt 0.521672 0.444444
vt 0.521672 0.388889
vt 0.521672 0.500000
vt 0.521672 0.555556
vt 0.521672 0.611111
vt 0.525241 0.444444
vt 0.525241 0.388889
vt 0.525241 0.500000
vt 0.525241 0.555556
vt 0.525241 0.611111
vt 0.528810 0.444444
vt 0.528810 0.388889
vt 0.528810 0.500000
vt 0.528810 0.555556
vt 0.528810 0.611111
vt 0.514534 0.666667
vt 0.532379 0.666667
vt 0.532379 0.611111
vt 0.528810 0.666667
vt 0.532379 0.388889
vt 0.518103 0.666667
vt 0.532379 0.555556
vt 0.521672 0.666667
vt 0.532379 0.500000
vt 0.525241 0.666667
vt 0.532379 0.444444
vt 0.534353 0.388889
vt 0.534353 0.444444
vt 0.536327 0.444444
vt 0.536327 0.388889
vt 0.534353 0.500000
vt 0.536327 0.500000
vt 0.534353 0.555556
vt 0.536327 0.555556
vt 0.534353 0.611111
vt 0.536327 0.611111
vt 0.538301 0.444444
vt 0.538301 0.388889
vt 0.538301 0.500000
vt 0.538301 0.555556
vt 0.538301 0.611111
vt 0.540275 0.444444
vt 0.540275 0.388889
vt 0.540275 0.500000
vt 0.540275 0.555556
vt 0.540275 0.611111
vt 0.542249 0.444444
vt 0.542249 0.388889
vt 0.542249 0.500000
vt 0.542249 0.555556
vt 0.542249 0.611111
vt 0.534353 0.666667
vt 0.544223 0.666667
vt 0.544223 0.611111
vt 0.542249 0.666667
vt 0.544223 0.388889
vt 0.536327 0.666667
vt 0.544223 0.555556
vt 0.538301 0.666667
vt 0.544223 0.500000
vt 0.540275 0.666667
vt 0.544223 0.444444
vt 0.545593 0.388889
vt 0.545593 0.444444
vt 0.546962 0.444444
vt 0.546962 0.388889
vt 0.545593 0.500000
vt 0.546962 0.500000
vt 0.545593 0.555556
vt 0.546962 0.555556
vt 0.545593 0.611111
vt 0.546962 0.611111
vt 0.548332 0.444444
vt 0.548332 0.388889
vt 0.548332 0.500000
vt 0.548332 0.555556
vt 0.548332 0.611111
vt 0.549702 0.444444
vt 0.549702 0.388889
vt 0.549702 0.500000
vt 0.549702 0.555556
vt 0.549702 0.611111
vt 0.551071 0.444444
vt 0.551071 0.388889
vt 0.551071 0.500000
vt 0.551071 0.555556
vt 0.551071 0.611111
vt 0.545593 0.666667
vt 0.552441 0.666667
vt 0.552441 0.611111
vt 0.551071 0.666667
vt 0.552441 0.388889
vt 0.546962 0.666667
vt 0.552441 0.555556
vt 0.548332 0.666667
vt 0.552441 0.500000
vt 0.549702 0.666667
vt 0.552441 0.444444
vt 0.553947 0.388889
vt 0.553947 0.444444
vt 0.555453 0.444444
vt 0.555453 0.388889
vt 0.553947 0.500000
vt 0.555453 0.500000
vt 0.553947 0.555556
vt 0.555453 0.555556
vt 0.553947 0.611111
vt 0.555453 0.611111
vt 0.556959 0.444444
vt 0.556959 0.388889
vt 0.556959 0.500000
vt 0.556959 0.555556
vt 0.556959 0.611111
vt 0.558465 0.444444
vt 0.558465 0.388889
vt 0.558465 0.500000
vt 0.558465 0.555556
vt 0.558465 0.611111
vt 0.559971 0.444444
vt 0.559971 0.388889
vt 0.559971 0.500000
vt 0.559971 0.555556
vt 0.559971 0.611111
vt 0.553947 0.666667
vt 0.561477 0.666667
vt 0.561477 0.611111
vt 0.559971 0.666667
vt 0.561477 0.388889
vt 0.555453 0.666667
vt 0.561477 0.555556
vt 0.556959 0.666667
vt 0.561477 0.500000
vt 0.558465 0.666667
vt 0.561477 0.444444
vt 0.563406 0.388889
vt 0.563406 0.444444
vt 0.565335 0.444444
vt 0.565335 0.388889
vt 0.563406 0.500000
vt 0.565335 0.500000
vt 0.563406 0.555556
vt 0.565335 0.555556
vt 0.563406 0.611111
vt 0.565335 0.611111
vt 0.567264 0.444444
vt 0.567264 0.388889
vt 0.567264 0.500000
vt 0.567264 0.555556
vt 0.567264 0.611111
vt 0.569193 0.444444
vt 0.569193 0.388889
vt 0.569193 0.500000
vt 0.569193 0.555556
vt 0.569193 0.611111
vt 0.571122 0.444444
vt 0.571122 0.388889
vt 0.571122 0.500000
vt 0.571122 0.555556
vt 0.571122 0.611111
vt 0.563406 0.666667
vt 0.573051 0.666667
vt 0.573051 0.611111
vt 0.571122 0.666667
vt 0.573051 0.388889
vt 0.565335 0.666667
vt 0.573051 0.555556
vt 0.567264 0.666667
vt 0.573051 0.500000
vt 0.569193 0.666667
vt 0.573051 0.444444
vt 0.574296 0.388889
vt 0.574296 0.444444
vt 0.575542 0.444444
vt 0.575542 0.388889
vt 0.574296 0.500000
vt 0.575542 0.500000
vt 0.574296 0.555556
vt 0.575542 0.555556
vt 0.574296 0.611111
vt 0.575542 0.611111
vt 0.576787 0.444444
vt 0.576787 0.388889
vt 0.576787 0.500000
vt 0.576787 0.555556
vt 0.576787 0.611111
vt 0.578032 0.444444
vt 0.578032 0.388889
vt 0.578032 0.500000
vt 0.578032 0.555556
vt 0.578032 0.611111
vt 0.579278 0.444444
vt 0.579278 0.388889
vt 0.579278 0.500000
vt 0.579278 0.555556
vt 0.579278 0.611111
vt 0.574296 0.666667
vt 0.580523 0.666667
vt 0.580523 0.611111
vt 0.579278 0.666667
vt 0.580523 0.388889
vt 0.575542 0.666667
vt 0.580523 0.555556
vt 0.576787 0.666667
vt 0.580523 0.500000
vt 0.578032 0.666667
vt 0.580523 0.444444
vt 0.582048 0.388889
vt 0.582048 0.444444
vt 0.583573 0.444444
vt 0.583573 0.388889
vt 0.582048 0.500000
vt 0.583573 0.500000
vt 0.582048 0.555556
vt 0.583573 0.555556
vt 0.582048 0.611111
vt 0.583573 0.611111
vt 0.585098 0.444444
vt 0.585098 0.388889
vt 0.585098 0.500000
vt 0.585098 0.555556
vt 0.585098 0.611111
vt 0.586623 0.444444
vt 0.586623 0.388889
vt 0.586623 0.500000
vt 0.586623 0.555556
vt 0.586623 0.611111
vt 0.588148 0.444444
vt 0.588148 0.388889
vt 0.588148 0.500000
vt 0.588148 0.555556
vt 0.588148 0.611111
vt 0.582048 0.666667
vt 0.589672 0.666667
vt 0.589672 0.611111
vt 0.588148 0.666667
vt 0.589672 0.388889
vt 0.583573 0.666667
vt 0.589672 0.555556
vt 0.585098 0.666667
vt 0.589672 0.500000
vt 0.586623 0.666667
vt 0.589672 0.444444
vt 0.590592 0.388889
vt 0.590592 0.444444
vt 0.591511 0.444444
vt 0.591511 0.388889
vt 0.590592 0.500000
vt 0.591511 0.500000
vt 0.590592 0.555556
vt 0.591511 0.555556
vt 0.590592 0.611111
vt 0.591511 0.611111
vt 0.592431 0.444444
vt 0.592431 0.388889
vt 0.592431 0.500000
vt 0.592431 0.555556
vt 0.592431 0.611111
vt 0.593350 0.444444
vt 0.593350 0.388889
vt 0.593350 0.500000
vt 0.593350 0.555556
vt 0.593350 0.611111
vt 0.594270 0.444444
vt 0.594270 0.388889
vt 0.594270 0.500000
vt 0.594270 0.555556
vt 0.594270 0.611111
vt 0.590592 0.666667
vt 0.595189 0.666667
vt 0.595189 0.611111
vt 0.594270 0.666667
vt 0.595189 0.388889
vt 0.591511 0.666667
vt 0.595189 0.555556
vt 0.592431 0.666667
vt 0.595189 0.500000
vt 0.593350 0.666667
vt 0.595189 0.444444
vt 0.599865 0.388889
vt 0.599865 0.444444
vt 0.604542 0.444444
vt 0.604542 0.388889
vt 0.599865 0.500000
vt 0.604542 0.500000
vt 0.599865 0.555556
vt 0.604542 0.555556
vt 0.599865 0.611111
vt 0.604542 0.611111
vt 0.609218 0.444444
vt 0.609218 0.388889
vt 0.609218 0.500000
vt 0.609218 0.555556
vt 0.609218 0.611111
vt 0.613895 0.444444
vt 0.613895 0.388889
vt 0.613895 0.500000
vt 0.613895 0.555556
vt 0.613895 0.611111
vt 0.618571 0.444444
vt 0.618571 0.388889
vt 0.618571 0.500000
vt 0.618571 0.555556
vt 0.618571 0.611111
vt 0.599865 0.666667
vt 0.623248 0.666667
vt 0.623248 0.611111
vt 0.618571 0.666667
vt 0.623248 0.388889
vt 0.604542 0.666667
vt 0.623248 0.555556
vt 0.609218 0.666667
vt 0.623248 0.500000
vt 0.613895 0.666667
vt 0.623248 0.444444
vt 0.624579 0.388889
vt 0.624579 0.444444
vt 0.625910 0.444444
vt 0.625910 0.388889
vt 0.624579 0.500000
vt 0.625910 0.500000
vt 0.624579 0.555556
vt 0.625910 0.555556
vt 0.624579 0.611111
vt 0.625910 0.611111
vt 0.627242 0.444444
vt 0.627242 0.388889
vt 0.627242 0.500000
vt 0.627242 0.555556
vt 0.627242 0.611111
vt 0.628573 0.444444
vt 0.628573 0.388889
vt 0.628573 0.500000
vt 0.628573 0.555556
vt 0.628573 0.611111
vt 0.629905 0.444444
vt 0.629905 0.388889
vt 0.629905 0.500000
vt 0.629905 0.555556
vt 0.629905 0.611111
vt 0.624579 0.666667
vt 0.631236 0.666667
vt 0.631236 0.611111
vt 0.629905 0.666667
vt 0.631236 0.388889
vt 0.625910 0.666667
vt 0.631236 0.555556
vt 0.627242 0.666667
vt 0.631236 0.500000
vt 0.628573 0.666667
vt 0.631236 0.444444
vt 0.632489 0.388889
vt 0.632489 0.444444
vt 0.633741 0.444444
vt 0.633741 0.388889
vt 0.632489 0.500000
vt 0.633741 0.500000
vt 0.632489 0.555556
vt 0.633741 0.555556
vt 0.632489 0.611111
vt 0.633741 0.611111
vt 0.634994 0.444444
vt 0.634994 0.388889
vt 0.634994 0.500000
vt 0.634994 0.555556
vt 0.634994 0.611111
vt 0.636247 0.444444
vt 0.636247 0.388889
vt 0.636247 0.500000
vt 0.636247 0.555556
vt 0.636247 0.611111
vt 0.637499 0.444444
vt 0.637499 0.388889
vt 0.637499 0.500000
vt 0.637499 0.555556
vt 0.637499 0.611111
vt 0.632489 0.666667
vt 0.638752 0.666667
vt 0.638752 0.611111
vt 0.637499 0.666667
vt 0.638752 0.388889
vt 0.633741 0.666667
vt 0.638752 0.555556
vt 0.634994 0.666667
vt 0.638752 0.500000
vt 0.636247 0.666667
vt 0.638752 0.444444
vt 0.639463 0.388889
vt 0.639463 0.444444
vt 0.640175 0.444444
vt 0.640175 0.388889
vt 0.639463 0.500000
vt 0.640175 0.500000
vt 0.639463 0.555556
vt 0.640175 0.555556
vt 0.639463 0.611111
vt 0.640175 0.611111
vt 0.640886 0.444444
vt 0.640886 0.388889
vt 0.640886 0.500000
vt 0.640886 0.555556
vt 0.640886 0.611111
vt 0.641598 0.444444
vt 0.641598 0.388889
vt 0.641598 0.500000
vt 0.641598 0.555556
vt 0.641598 0.611111
vt 0.642309 0.444444
vt 0.642309 0.388889
vt 0.642309 0.500000
vt 0.642309 0.555556
vt 0.642309 0.611111
vt 0.639463 0.666667
vt 0.643021 0.666667
vt 0.643021 0.611111
vt 0.642309 0.666667
vt 0.643021 0.388889
vt 0.640175 0.666667
vt 0.643021 0.555556
vt 0.640886 0.666667
vt 0.643021 0.500000
vt 0.641598 0.666667
vt 0.643021 0.444444
vt 0.644606 0.388889
vt 0.644606 0.444444
vt 0.646191 0.444444
vt 0.646191 0.388889
vt 0.644606 0.500000
vt 0.646191 0.500000
vt 0.644606 0.555556
vt 0.646191 0.555556
vt 0.644606 0.611111
vt 0.646191 0.611111
vt 0.647776 0.444444
vt 0.647776 0.388889
vt 0.647776 0.500000
vt 0.647776 0.555556
vt 0.647776 0.611111
vt 0.649361 0.444444
vt 0.649361 0.388889
vt 0.649361 0.500000
vt 0.649361 0.555556
vt 0.649361 0.611111
vt 0.650946 0.444444
vt 0.650946 0.388889
vt 0.650946 0.500000
vt 0.650946 0.555556
vt 0.650946 0.611111
vt 0.644606 0.666667
vt 0.652531 0.666667
vt 0.652531 0.611111
vt 0.650946 0.666667
vt 0.652531 0.388889
vt 0.646191 0.666667
vt 0.652531 0.555556
vt 0.647776 0.666667
vt 0.652531 0.500000
vt 0.649361 0.666667
vt 0.652531 0.444444
vt 0.668734 0.388889
vt 0.668734 0.444444
vt 0.684938 0.444444
vt 0.684938 0.388889
vt 0.668734 0.500000
vt 0.684938 0.500000
vt 0.668734 0.555556
vt 0.684938 0.555556
vt 0.668734 0.611111
vt 0.684938 0.611111
vt 0.701142 0.444444
vt 0.701142 0.388889
vt 0.701142 0.500000
vt 0.701142 0.555556
vt 0.701142 0.611111
vt 0.717345 0.444444
vt 0.717345 0.388889
vt 0.717345 0.500000
vt 0.717345 0.555556
vt 0.717345 0.611111
vt 0.733549 0.444444
vt 0.733549 0.388889
vt 0.733549 0.500000
vt 0.733549 0.555556
vt 0.733549 0.611111
vt 0.668734 0.666667
vt 0.749753 0.666667
vt 0.749753 0.611111
vt 0.733549 0.666667
vt 0.749753 0.388889
vt 0.684938 0.666667
vt 0.749753 0.555556
vt 0.701142 0.666667
vt 0.749753 0.500000
vt 0.717345 0.666667
vt 0.749753 0.444444
vt 0.751294 0.388889
vt 0.751294 0.444444
vt 0.752836 0.444444
vt 0.752836 0.388889
vt 0.751294 0.500000
vt 0.752836 0.500000
vt 0.751294 0.555556
vt 0.752836 0.555556
vt 0.751294 0.611111
vt 0.752836 0.611111
vt 0.754378 0.444444
vt 0.754378 0.388889
vt 0.754378 0.500000
vt 0.754378 0.555556
vt 0.754378 0.611111
vt 0.755919 0.444444
vt 0.755919 0.388889
vt 0.755919 0.500000
vt 0.755919 0.555556
vt 0.755919 0.611111
vt 0.757461 0.444444
vt 0.757461 0.388889
vt 0.757461 0.500000
vt 0.757461 0.555556
vt 0.757461 0.611111
vt 0.751294 0.666667
vt 0.759003 0.666667
vt 0.759003 0.611111
vt 0.757461 0.666667
vt 0.759003 0.388889
vt 0.752836 0.666667
vt 0.759003 0.555556
vt 0.754378 0.666667
vt 0.759003 0.500000
vt 0.755919 0.666667
vt 0.759003 0.444444
vt 0.760726 0.388889
vt 0.760726 0.444444
vt 0.762449 0.444444
vt 0.762449 0.388889
vt 0.760726 0.500000
vt 0.762449 0.500000
vt 0.760726 0.555556
vt 0.762449 0.555556
vt 0.760726 0.611111
vt 0.762449 0.611111
vt 0.764173 0.444444
vt 0.764173 0.388889
vt 0.764173 0.500000
vt 0.764173 0.555556
vt 0.764173 0.611111
vt 0.765896 0.444444
vt 0.765896 0.388889
vt 0.765896 0.500000
vt 0.765896 0.555556
vt 0.765896 0.611111
vt 0.767619 0.444444
vt 0.767619 0.388889
vt 0.767619 0.500000
vt 0.767619 0.555556
vt 0.767619 0.611111
vt 0.760726 0.666667
vt 0.769343 0.666667
vt 0.769343 0.611111
vt 0.767619 0.666667
vt 0.769343 0.388889
vt 0.762449 0.666667
vt 0.769343 0.555556
vt 0.764173 0.666667
vt 0.769343 0.500000
vt 0.765896 0.666667
vt 0.769343 0.444444
vt 0.773764 0.388889
vt 0.773764 0.444444
vt 0.778185 0.444444
vt 0.778185 0.388889
vt 0.773764 0.500000
vt 0.778185 0.500000
vt 0.773764 0.555556
vt 0.778185 0.555556
vt 0.773764 0.611111
vt 0.778185 0.611111
vt 0.782606 0.444444
vt 0.782606 0.388889
vt 0.782606 0.500000
vt 0.782606 0.555556
vt 0.782606 0.611111
vt 0.787027 0.444444
vt 0.787027 0.388889
vt 0.787027 0.500000
vt 0.787027 0.555556
vt 0.787027 0.611111
vt 0.791448 0.444444
vt 0.791448 0.388889
vt 0.791448 0.500000
vt 0.791448 0.555556
vt 0.791448 0.611111
vt 0.773764 0.666667
vt 0.795869 0.666667
vt 0.795869 0.611111
vt 0.791448 0.666667
vt 0.795869 0.388889
vt 0.778185 0.666667
vt 0.795869 0.555556
vt 0.782606 0.666667
vt 0.795869 0.500000
vt 0.787027 0.666667
vt 0.795869 0.444444
vt 0.799022 0.388889
vt 0.799022 0.444444
vt 0.802175 0.444444
vt 0.802175 0.388889
vt 0.799022 0.500000
vt 0.802175 0.500000
vt 0.799022 0.555556
vt 0.802175 0.555556
vt 0.799022 0.611111
vt 0.802175 0.611111
vt 0.805328 0.444444
vt 0.805328 0.388889
vt 0.805328 0.500000
vt 0.805328 0.555556
vt 0.805328 0.611111
vt 0.808481 0.444444
vt 0.808481 0.388889
vt 0.808481 0.500000
vt 0.808481 0.555556
vt 0.808481 0.611111
vt 0.811634 0.444444
vt 0.811634 0.388889
vt 0.811634 0.500000
vt 0.811634 0.555556
vt 0.811634 0.611111
vt 0.799022 0.666667
vt 0.814787 0.666667
vt 0.814787 0.611111
vt 0.811634 0.666667
vt 0.814787 0.388889
vt 0.802175 0.666667
vt 0.814787 0.555556
vt 0.805328 0.666667
vt 0.814787 0.500000
vt 0.808481 0.666667
vt 0.814787 0.444444
vt 0.815762 0.388889
vt 0.815762 0.444444
vt 0.816737 0.444444
vt 0.816737 0.388889
vt 0.815762 0.500000
vt 0.816737 0.500000
vt 0.815762 0.555556
vt 0.816737 0.555556
vt 0.815762 0.611111
vt 0.816737 0.611111
vt 0.817712 0.444444
vt 0.817712 0.388889
vt 0.817712 0.500000
vt 0.817712 0.555556
vt 0.817712 0.611111
vt 0.818687 0.444444
vt 0.818687 0.388889
vt 0.818687 0.500000
vt 0.818687 0.555556
vt 0.818687 0.611111
vt 0.819662 0.444444
vt 0.819662 0.388889
vt 0.819662 0.500000
vt 0.819662 0.555556
vt 0.819662 0.611111
vt 0.815762 0.666667
vt 0.820636 0.666667
vt 0.820636 0.611111
vt 0.819662 0.666667
vt 0.820636 0.388889
vt 0.816737 0.666667
vt 0.820636 0.555556
vt 0.817712 0.666667
vt 0.820636 0.500000
vt 0.818687 0.666667
vt 0.820636 0.444444
vt 0.821272 0.388889
vt 0.821272 0.444444
vt 0.821907 0.444444
vt 0.821907 0.388889
vt 0.821272 0.500000
vt 0.821907 0.500000
vt 0.821272 0.555556
vt 0.821907 0.555556
vt 0.821272 0.611111
vt 0.821907 0.611111
vt 0.822543 0.444444
vt 0.822543 0.388889
vt 0.822543 0.500000
vt 0.822543 0.555556
vt 0.822543 0.611111
vt 0.823179 0.444444
vt 0.823179 0.388889
vt 0.823179 0.500000
vt 0.823179 0.555556
vt 0.823179 0.611111
vt 0.823814 0.444444
vt 0.823814 0.388889
vt 0.823814 0.500000
vt 0.823814 0.555556
vt 0.823814 0.611111
vt 0.821272 0.666667
vt 0.824450 0.666667
vt 0.824450 0.611111
vt 0.823814 0.666667
vt 0.824450 0.388889
vt 0.821907 0.666667
vt 0.824450 0.555556
vt 0.822543 0.666667
vt 0.824450 0.500000
vt 0.823179 0.666667
vt 0.824450 0.444444
vt 0.826010 0.388889
vt 0.826010 0.444444
vt 0.827571 0.444444
vt 0.827571 0.388889
vt 0.826010 0.500000
vt 0.827571 0.500000
vt 0.826010 0.555556
vt 0.827571 0.555556
vt 0.826010 0.611111
vt 0.827571 0.611111
vt 0.829131 0.444444
vt 0.829131 0.388889
vt 0.829131 0.500000
vt 0.829131 0.555556
vt 0.829131 0.611111
vt 0.830692 0.444444
vt 0.830692 0.388889
vt 0.830692 0.500000
vt 0.830692 0.555556
vt 0.830692 0.611111
vt 0.832252 0.444444
vt 0.832252 0.388889
vt 0.832252 0.500000
vt 0.832252 0.555556
vt 0.832252 0.611111
vt 0.826010 0.666667
vt 0.833813 0.666667
vt 0.833813 0.611111
vt 0.832252 0.666667
vt 0.833813 0.388889
vt 0.827571 0.666667
vt 0.833813 0.555556
vt 0.829131 0.666667
vt 0.833813 0.500000
vt 0.830692 0.666667
vt 0.833813 0.444444
vt 0.835262 0.388889
vt 0.835262 0.444444
vt 0.836711 0.444444
vt 0.836711 0.388889
vt 0.835262 0.500000
vt 0.836711 0.500000
vt 0.835262 0.555556
vt 0.836711 0.555556
vt 0.835262 0.611111
vt 0.836711 0.611111
vt 0.838161 0.444444
vt 0.838161 0.388889
vt 0.838161 0.500000
vt 0.838161 0.555556
vt 0.838161 0.611111
vt 0.839610 0.444444
vt 0.839610 0.388889
vt 0.839610 0.500000
vt 0.839610 0.555556
vt 0.839610 0.611111
vt 0.841059 0.444444
vt 0.841059 0.388889
vt 0.841059 0.500000
vt 0.841059 0.555556
vt 0.841059 0.611111
vt 0.835262 0.666667
vt 0.842509 0.666667
vt 0.842509 0.611111
vt 0.841059 0.666667
vt 0.842509 0.388889
vt 0.836711 0.666667
vt 0.842509 0.555556
vt 0.838161 0.666667
vt 0.842509 0.500000
vt 0.839610 0.666667
vt 0.842509 0.444444
vt 0.843677 0.388889
vt 0.843677 0.444444
vt 0.844845 0.444444
vt 0.844845 0.388889
vt 0.843677 0.500000
vt 0.844845 0.500000
vt 0.843677 0.555556
vt 0.844845 0.555556
vt 0.843677 0.611111
vt 0.844845 0.611111
vt 0.846013 0.444444
vt 0.846013 0.388889
vt 0.846013 0.500000
vt 0.846013 0.555556
vt 0.846013 0.611111
vt 0.847181 0.444444
vt 0.847181 0.388889
vt 0.847181 0.500000
vt 0.847181 0.555556
vt 0.847181 0.611111
vt 0.848349 0.444444
vt 0.848349 0.388889
vt 0.848349 0.500000
vt 0.848349 0.555556
vt 0.848349 0.611111
vt 0.843677 0.666667
vt 0.849517 0.666667
vt 0.849517 0.611111
vt 0.848349 0.666667
vt 0.849517 0.388889
vt 0.844845 0.666667
vt 0.849517 0.555556
vt 0.846013 0.666667
vt 0.849517 0.500000
vt 0.847181 0.666667
vt 0.849517 0.444444
vt 0.852340 0.388889
vt 0.852340 0.444444
vt 0.855163 0.444444
vt 0.855163 0.388889
vt 0.852340 0.500000
vt 0.855163 0.500000
vt 0.852340 0.555556
vt 0.855163 0.555556
vt 0.852340 0.611111
vt 0.855163 0.611111
vt 0.857985 0.444444
vt 0.857985 0.388889
vt 0.857985 0.500000
vt 0.857985 0.555556
vt 0.857985 0.611111
vt 0.860808 0.444444
vt 0.860808 0.388889
vt 0.860808 0.500000
vt 0.860808 0.555556
vt 0.860808 0.611111
vt 0.863631 0.444444
vt 0.863631 0.388889
vt 0.863631 0.500000
vt 0.863631 0.555556
vt 0.863631 0.611111
vt 0.852340 0.666667
vt 0.866454 0.666667
vt 0.866454 0.611111
vt 0.863631 0.666667
vt 0.866454 0.388889
vt 0.855163 0.666667
vt 0.866454 0.555556
vt 0.857985 0.666667
vt 0.866454 0.500000
vt 0.860808 0.666667
vt 0.866454 0.444444
vt 0.870474 0.388889
vt 0.870474 0.444444
vt 0.874495 0.444444
vt 0.874495 0.388889
vt 0.870474 0.500000
vt 0.874495 0.500000
vt 0.870474 0.555556
vt 0.874495 0.555556
vt 0.870474 0.611111
vt 0.874495 0.611111
vt 0.878515 0.444444
vt 0.878515 0.388889
vt 0.878515 0.500000
vt 0.878515 0.555556
vt 0.878515 0.611111
vt 0.882536 0.444444
vt 0.882536 0.388889
vt 0.882536 0.500000
vt 0.882536 0.555556
vt 0.882536 0.611111
vt 0.886556 0.444444
vt 0.886556 0.388889
vt 0.886556 0.500000
vt 0.886556 0.555556
vt 0.886556 0.611111
vt 0.870474 0.666667
vt 0.890577 0.666667
vt 0.890577 0.611111
vt 0.886556 0.666667
vt 0.890577 0.388889
vt 0.874495 0.666667
vt 0.890577 0.555556
vt 0.878515 0.666667
vt 0.890577 0.500000
vt 0.882536 0.666667
vt 0.890577 0.444444
vt 0.896126 0.388889
vt 0.896126 0.444444
vt 0.901676 0.444444
vt 0.901676 0.388889
vt 0.896126 0.500000
vt 0.901676 0.500000
vt 0.896126 0.555556
vt 0.901676 0.555556
vt 0.896126 0.611111
vt 0.901676 0.611111
vt 0.907225 0.444444
vt 0.907225 0.388889
vt 0.907225 0.500000
vt 0.907225 0.555556
vt 0.907225 0.611111
vt 0.912775 0.444444
vt 0.912775 0.388889
vt 0.912775 0.500000
vt 0.912775 0.555556
vt 0.912775 0.611111
vt 0.918325 0.444444
vt 0.918325 0.388889
vt 0.918325 0.500000
vt 0.918325 0.555556
vt 0.918325 0.611111
vt 0.896126 0.666667
vt 0.923874 0.666667
vt 0.923874 0.611111
vt 0.918325 0.666667
vt 0.923874 0.388889
vt 0.901676 0.666667
vt 0.923874 0.555556
vt 0.907225 0.666667
vt 0.923874 0.500000
vt 0.912775 0.666667
vt 0.923874 0.444444
vt 0.928620 0.388889
vt 0.928620 0.444444
vt 0.933366 0.444444
vt 0.933366 0.388889
vt 0.928620 0.500000
vt 0.933366 0.500000
vt 0.928620 0.555556
vt 0.933366 0.555556
vt 0.928620 0.611111
vt 0.933366 0.611111
vt 0.938112 0.444444
vt 0.938112 0.388889
vt 0.938112 0.500000
vt 0.938112 0.555556
vt 0.938112 0.611111
vt 0.942858 0.444444
vt 0.942858 0.388889
vt 0.942858 0.500000
vt 0.942858 0.555556
vt 0.942858 0.611111
vt 0.947604 0.444444
vt 0.947604 0.388889
vt 0.947604 0.500000
vt 0.947604 0.555556
vt 0.947604 0.611111
vt 0.928620 0.666667
vt 0.952350 0.666667
vt 0.952350 0.611111
vt 0.947604 0.666667
vt 0.952350 0.388889
vt 0.933366 0.666667
vt 0.952350 0.555556
vt 0.938112 0.666667
vt 0.952350 0.500000
vt 0.942858 0.666667
vt 0.952350 0.444444
vt 0.956250 0.388889
vt 0.956250 0.444444
vt 0.960150 0.444444
vt 0.960150 0.388889
vt 0.956250 0.500000
vt 0.960150 0.500000
vt 0.956250 0.555556
vt 0.960150 0.555556
vt 0.956250 0.611111
vt 0.960150 0.611111
vt 0.964050 0.444444
vt 0.964050 0.388889
vt 0.964050 0.500000
vt 0.964050 0.555556
vt 0.964050 0.611111
vt 0.967950 0.444444
vt 0.967950 0.388889
vt 0.967950 0.500000
vt 0.967950 0.555556
vt 0.967950 0.611111
vt 0.971850 0.444444
vt 0.971850 0.388889
vt 0.971850 0.500000
vt 0.971850 0.555556
vt 0.971850 0.611111
vt 0.956250 0.666667
vt 0.975750 0.666667
vt 0.975750 0.611111
vt 0.971850 0.666667
vt 0.975750 0.388889
vt 0.960150 0.666667
vt 0.975750 0.555556
vt 0.964050 0.666667
vt 0.975750 0.500000
vt 0.967950 0.666667
vt 0.975750 0.444444
vt 0.979792 0.388889
vt 0.979792 0.444444
vt 0.983833 0.444444
vt 0.983833 0.388889
vt 0.979792 0.500000
vt 0.983833 0.500000
vt 0.979792 0.555556
vt 0.983833 0.555556
vt 0.979792 0.611111
vt 0.983833 0.611111
vt 0.987875 0.444444
vt 0.987875 0.388889
vt 0.987875 0.500000
vt 0.987875 0.555556
vt 0.987875 0.611111
vt 0.991917 0.444444
vt 0.991917 0.388889
vt 0.991917 0.500000
vt 0.991917 0.555556
vt 0.991917 0.611111
vt 0.995958 0.444444
vt 0.995958 0.388889
vt 0.995958 0.500000
vt 0.995958 0.555556
vt 0.995958 0.611111
vt 0.979792 0.666667
vt 1.000000 0.666667
vt 1.000000 0.611111
vt 0.995958 0.666667
vt 1.000000 0.388889
vt 0.983833 0.666667
vt 1.000000 0.555556
vt 0.987875 0.666667
vt 1.000000 0.500000
vt 0.991917 0.666667
vt 1.000000 0.444444
vt 0.020707 0.722222
vt 0.020707 0.777778
vt 0.041414 0.777778
vt 0.041414 0.722222
vt 0.020707 0.833333
vt 0.041414 0.833333
vt 0.020707 0.888889
vt 0.041414 0.888889
vt 0.020707 0.944444
vt 0.041414 0.944444
vt 0.062120 0.777778
vt 0.062120 0.722222
vt 0.062120 0.833333
vt 0.062120 0.888889
vt 0.062120 0.944444
vt 0.082827 0.777778
vt 0.082827 0.722222
vt 0.082827 0.833333
vt 0.082827 0.888889
vt 0.082827 0.944444
vt 0.103534 0.777778
vt 0.103534 0.722222
vt 0.103534 0.833333
vt 0.103534 0.888889
vt 0.103534 0.944444
vt 0.000000 0.722222
vt 0.020707 1.000000
vt 0.000000 0.944444
vt 0.000000 1.000000
vt 0.124241 1.000000
vt 0.124241 0.944444
vt 0.103534 1.000000
vt 0.124241 0.722222
vt 0.000000 0.777778
vt 0.041414 1.000000
vt 0.124241 0.888889
vt 0.000000 0.833333
vt 0.062120 1.000000
vt 0.124241 0.833333
vt 0.000000 0.888889
vt 0.082827 1.000000
vt 0.124241 0.777778
vt 0.129319 0.722222
vt 0.129319 0.777778
vt 0.134398 0.777778
vt 0.134398 0.722222
vt 0.129319 0.833333
vt 0.134398 0.833333
vt 0.129319 0.888889
vt 0.134398 0.888889
vt 0.129319 0.944444
vt 0.134398 0.944444
vt 0.139476 0.777778
vt 0.139476 0.722222
vt 0.139476 0.833333
vt 0.139476 0.888889
vt 0.139476 0.944444
vt 0.144555 0.777778
vt 0.144555 0.722222
vt 0.144555 0.833333
vt 0.144555 0.888889
vt 0.144555 0.944444
vt 0.149634 0.777778
vt 0.149634 0.722222
vt 0.149634 0.833333
vt 0.149634 0.888889
vt 0.149634 0.944444
vt 0.129319 1.000000
vt 0.154712 1.000000
vt 0.154712 0.944444
vt 0.149634 1.000000
vt 0.154712 0.722222
vt 0.134398 1.000000
vt 0.154712 0.888889
vt 0.139476 1.000000
vt 0.154712 0.833333
vt 0.144555 1.000000
vt 0.154712 0.777778
vt 0.156707 0.722222
vt 0.156707 0.777778
vt 0.158703 0.777778
vt 0.158703 0.722222
vt 0.156707 0.833333
vt 0.158703 0.833333
vt 0.156707 0.888889
vt 0.158703 0.888889
vt 0.156707 0.944444
vt 0.158703 0.944444
vt 0.160698 0.777778
vt 0.160698 0.722222
vt 0.160698 0.833333
vt 0.160698 0.888889
vt 0.160698 0.944444
vt 0.162693 0.777778
vt 0.162693 0.722222
vt 0.162693 0.833333
vt 0.162693 0.888889
vt 0.162693 0.944444
vt 0.164689 0.777778
vt 0.164689 0.722222
vt 0.164689 0.833333
vt 0.164689 0.888889
vt 0.164689 0.944444
vt 0.156707 1.000000
vt 0.166684 1.000000
vt 0.166684 0.944444
vt 0.164689 1.000000
vt 0.166684 0.722222
vt 0.158703 1.000000
vt 0.166684 0.888889
vt 0.160698 1.000000
vt 0.166684 0.833333
vt 0.162693 1.000000
vt 0.166684 0.777778
vt 0.168532 0.722222
vt 0.168532 0.777778
vt 0.170380 0.777778
vt 0.170380 0.722222
vt 0.168532 0.833333
vt 0.170380 0.833333
vt 0.168532 0.888889
vt 0.170380 0.888889
vt 0.168532 0.944444
vt 0.170380 0.944444
vt 0.172228 0.777778
vt 0.172228 0.722222
vt 0.172228 0.833333
vt 0.172228 0.888889
vt 0.172228 0.944444
vt 0.174076 0.777778
vt 0.174076 0.722222
vt 0.174076 0.833333
vt 0.174076 0.888889
vt 0.174076 0.944444
vt 0.175924 0.777778
vt 0.175924 0.722222
vt 0.175924 0.833333
vt 0.175924 0.888889
vt 0.175924 0.944444
vt 0.168532 1.000000
vt 0.177772 1.000000
vt 0.177772 0.944444
vt 0.175924 1.000000
vt 0.177772 0.722222
vt 0.170380 1.000000
vt 0.177772 0.888889
vt 0.172228 1.000000
vt 0.177772 0.833333
vt 0.174076 1.000000
vt 0.177772 0.777778
vt 0.178533 0.722222
vt 0.178533 0.777778
vt 0.179294 0.777778
vt 0.179294 0.722222
vt 0.178533 0.833333
vt 0.179294 0.833333
vt 0.178533 0.888889
vt 0.179294 0.888889
vt 0.178533 0.944444
vt 0.179294 0.944444
vt 0.180055 0.777778
vt 0.180055 0.722222
vt 0.180055 0.833333
vt 0.180055 0.888889
vt 0.180055 0.944444
vt 0.180816 0.777778
vt 0.180816 0.722222
vt 0.180816 0.833333
vt 0.180816 0.888889
vt 0.180816 0.944444
vt 0.181577 0.777778
vt 0.181577 0.722222
vt 0.181577 0.833333
vt 0.181577 0.888889
vt 0.181577 0.944444
vt 0.178533 1.000000
vt 0.182339 1.000000
vt 0.182339 0.944444
vt 0.181577 1.000000
vt 0.182339 0.722222
vt 0.179294 1.000000
vt 0.182339 0.888889
vt 0.180055 1.000000
vt 0.182339 0.833333
vt 0.180816 1.000000
vt 0.182339 0.777778
vt 0.184759 0.722222
vt 0.184759 0.777778
vt 0.187179 0.777778
vt 0.187179 0.722222
vt 0.184759 0.833333
vt 0.187179 0.833333
vt 0.184759 0.888889
vt 0.187179 0.888889
vt 0.184759 0.944444
vt 0.187179 0.944444
vt 0.189599 0.777778
vt 0.189599 0.722222
vt 0.189599 0.833333
vt 0.189599 0.888889
vt 0.189599 0.944444
vt 0.192019 0.777778
vt 0.192019 0.722222
vt 0.192019 0.833333
vt 0.192019 0.888889
vt 0.192019 0.944444
vt 0.194439 0.777778
vt 0.194439 0.722222
vt 0.194439 0.833333
vt 0.194439 0.888889
vt 0.194439 0.944444
vt 0.184759 1.000000
vt 0.196859 1.000000
vt 0.196859 0.944444
vt 0.194439 1.000000
vt 0.196859 0.722222
vt 0.187179 1.000000
vt 0.196859 0.888889
vt 0.189599 1.000000
vt 0.196859 0.833333
vt 0.192019 1.000000
vt 0.196859 0.777778
vt 0.199164 0.722222
vt 0.199164 0.777778
vt 0.201470 0.777778
vt 0.201470 0.722222
vt 0.199164 0.833333
vt 0.201470 0.833333
vt 0.199164 0.888889
vt 0.201470 0.888889
vt 0.199164 0.944444
vt 0.201470 0.944444
vt 0.203776 0.777778
vt 0.203776 0.722222
vt 0.203776 0.833333
vt 0.203776 0.888889
vt 0.203776 0.944444
vt 0.206082 0.777778
vt 0.206082 0.722222
vt 0.206082 0.833333
vt 0.206082 0.888889
vt 0.206082 0.944444
vt 0.208387 0.777778
vt 0.208387 0.722222
vt 0.208387 0.833333
vt 0.208387 0.888889
vt 0.208387 0.944444
vt 0.199164 1.000000
vt 0.210693 1.000000
vt 0.210693 0.944444
vt 0.208387 1.000000
vt 0.210693 0.722222
vt 0.201470 1.000000
vt 0.210693 0.888889
vt 0.203776 1.000000
vt 0.210693 0.833333
vt 0.206082 1.000000
vt 0.210693 0.777778
vt 0.213782 0.722222
vt 0.213782 0.777778
vt 0.216870 0.777778
vt 0.216870 0.722222
vt 0.213782 0.833333
vt 0.216870 0.833333
vt 0.213782 0.888889
vt 0.216870 0.888889
vt 0.213782 0.944444
vt 0.216870 0.944444
vt 0.219959 0.777778
vt 0.219959 0.722222
vt 0.219959 0.833333
vt 0.219959 0.888889
vt 0.219959 0.944444
vt 0.223048 0.777778
vt 0.223048 0.722222
vt 0.223048 0.833333
vt 0.223048 0.888889
vt 0.223048 0.944444
vt 0.226136 0.777778
vt 0.226136 0.722222
vt 0.226136 0.833333
vt 0.226136 0.888889
vt 0.226136 0.944444
vt 0.213782 1.000000
vt 0.229225 1.000000
vt 0.229225 0.944444
vt 0.226136 1.000000
vt 0.229225 0.722222
vt 0.216870 1.000000
vt 0.229225 0.888889
vt 0.219959 1.000000
vt 0.229225 0.833333
vt 0.223048 1.000000
vt 0.229225 0.777778
vt 0.232922 0.722222
vt 0.232922 0.777778
vt 0.236618 0.777778
vt 0.236618 0.722222
vt 0.232922 0.833333
vt 0.236618 0.833333
vt 0.232922 0.888889
vt 0.236618 0.888889
vt 0.232922 0.944444
vt 0.236618 0.944444
vt 0.240315 0.777778
vt 0.240315 0.722222
vt 0.240315 0.833333
vt 0.240315 0.888889
vt 0.240315 0.944444
vt 0.244011 0.777778
vt 0.244011 0.722222
vt 0.244011 0.833333
vt 0.244011 0.888889
vt 0.244011 0.944444
vt 0.247708 0.777778
vt 0.247708 0.722222
vt 0.247708 0.833333
vt 0.247708 0.888889
vt 0.247708 0.944444
vt 0.232922 1.000000
vt 0.251405 1.000000
vt 0.251405 0.944444
vt 0.247708 1.000000
vt 0.251405 0.722222
vt 0.236618 1.000000
vt 0.251405 0.888889
vt 0.240315 1.000000
vt 0.251405 0.833333
vt 0.244011 1.000000
vt 0.251405 0.777778
vt 0.256480 0.722222
vt 0.256480 0.777778
vt 0.261555 0.777778
vt 0.261555 0.722222
vt 0.256480 0.833333
vt 0.261555 0.833333
vt 0.256480 0.888889
vt 0.261555 0.888889
vt 0.256480 0.944444
vt 0.261555 0.944444
vt 0.266630 0.777778
vt 0.266630 0.722222
vt 0.266630 0.833333
vt 0.266630 0.888889
vt 0.266630 0.944444
vt 0.271705 0.777778
vt 0.271705 0.722222
vt 0.271705 0.833333
vt 0.271705 0.888889
vt 0.271705 0.944444
vt 0.276780 0.777778
vt 0.276780 0.722222
vt 0.276780 0.833333
vt 0.276780 0.888889
vt 0.276780 0.944444
vt 0.256480 1.000000
vt 0.281855 1.000000
vt 0.281855 0.944444
vt 0.276780 1.000000
vt 0.281855 0.722222
vt 0.261555 1.000000
vt 0.281855 0.888889
vt 0.266630 1.000000
vt 0.281855 0.833333
vt 0.271705 1.000000
vt 0.281855 0.777778
vt 0.284002 0.722222
vt 0.284002 0.777778
vt 0.286149 0.777778
vt 0.286149 0.722222
vt 0.284002 0.833333
vt 0.286149 0.833333
vt 0.284002 0.888889
vt 0.286149 0.888889
vt 0.284002 0.944444
vt 0.286149 0.944444
vt 0.288296 0.777778
vt 0.288296 0.722222
vt 0.288296 0.833333
vt 0.288296 0.888889
vt 0.288296 0.944444
vt 0.290442 0.777778
vt 0.290442 0.722222
vt 0.290442 0.833333
vt 0.290442 0.888889
vt 0.290442 0.944444
vt 0.292589 0.777778
vt 0.292589 0.722222
vt 0.292589 0.833333
vt 0.292589 0.888889
vt 0.292589 0.944444
vt 0.284002 1.000000
vt 0.294736 1.000000
vt 0.294736 0.944444
vt 0.292589 1.000000
vt 0.294736 0.722222
vt 0.286149 1.000000
vt 0.294736 0.888889
vt 0.288296 1.000000
vt 0.294736 0.833333
vt 0.290442 1.000000
vt 0.294736 0.777778
vt 0.296037 0.722222
vt 0.296037 0.777778
vt 0.297339 0.777778
vt 0.297339 0.722222
vt 0.296037 0.833333
vt 0.297339 0.833333
vt 0.296037 0.888889
vt 0.297339 0.888889
vt 0.296037 0.944444
vt 0.297339 0.944444
vt 0.298640 0.777778
vt 0.298640 0.722222
vt 0.298640 0.833333
vt 0.298640 0.888889
vt 0.298640 0.944444
vt 0.299941 0.777778
vt 0.299941 0.722222
vt 0.299941 0.833333
vt 0.299941 0.888889
vt 0.299941 0.944444
vt 0.301242 0.777778
vt 0.301242 0.722222
vt 0.301242 0.833333
vt 0.301242 0.888889
vt 0.301242 0.944444
vt 0.296037 1.000000
vt 0.302544 1.000000
vt 0.302544 0.944444
vt 0.301242 1.000000
vt 0.302544 0.722222
vt 0.297339 1.000000
vt 0.302544 0.888889
vt 0.298640 1.000000
vt 0.302544 0.833333
vt 0.299941 1.000000
vt 0.302544 0.777778
vt 0.305779 0.722222
vt 0.305779 0.777778
vt 0.309015 0.777778
vt 0.309015 0.722222
vt 0.305779 0.833333
vt 0.309015 0.833333
vt 0.305779 0.888889
vt 0.309015 0.888889
vt 0.305779 0.944444
vt 0.309015 0.944444
vt 0.312251 0.777778
vt 0.312251 0.722222
vt 0.312251 0.833333
vt 0.312251 0.888889
vt 0.312251 0.944444
vt 0.315487 0.777778
vt 0.315487 0.722222
vt 0.315487 0.833333
vt 0.315487 0.888889
vt 0.315487 0.944444
vt 0.318723 0.777778
vt 0.318723 0.722222
vt 0.318723 0.833333
vt 0.318723 0.888889
vt 0.318723 0.944444
vt 0.305779 1.000000
vt 0.321959 1.000000
vt 0.321959 0.944444
vt 0.318723 1.000000
vt 0.321959 0.722222
vt 0.309015 1.000000
vt 0.321959 0.888889
vt 0.312251 1.000000
vt 0.321959 0.833333
vt 0.315487 1.000000
vt 0.321959 0.777778
vt 0.323627 0.722222
vt 0.323627 0.777778
vt 0.325294 0.777778
vt 0.325294 0.722222
vt 0.323627 0.833333
vt 0.325294 0.833333
vt 0.323627 0.888889
vt 0.325294 0.888889
vt 0.323627 0.944444
vt 0.325294 0.944444
vt 0.326962 0.777778
vt 0.326962 0.722222
vt 0.326962 0.833333
vt 0.326962 0.888889
vt 0.326962 0.944444
vt 0.328630 0.777778
vt 0.328630 0.722222
vt 0.328630 0.833333
vt 0.328630 0.888889
vt 0.328630 0.944444
vt 0.330298 0.777778
vt 0.330298 0.722222
vt 0.330298 0.833333
vt 0.330298 0.888889
vt 0.330298 0.944444
vt 0.323627 1.000000
vt 0.331966 1.000000
vt 0.331966 0.944444
vt 0.330298 1.000000
vt 0.331966 0.722222
vt 0.325294 1.000000
vt 0.331966 0.888889
vt 0.326962 1.000000
vt 0.331966 0.833333
vt 0.328630 1.000000
vt 0.331966 0.777778
vt 0.334172 0.722222
vt 0.334172 0.777778
vt 0.336379 0.777778
vt 0.336379 0.722222
vt 0.334172 0.833333
vt 0.336379 0.833333
vt 0.334172 0.888889
vt 0.336379 0.888889
vt 0.334172 0.944444
vt 0.336379 0.944444
vt 0.338585 0.777778
vt 0.338585 0.722222
vt 0.338585 0.833333
vt 0.338585 0.888889
vt 0.338585 0.944444
vt 0.340792 0.777778
vt 0.340792 0.722222
vt 0.340792 0.833333
vt 0.340792 0.888889
vt 0.340792 0.944444
vt 0.342998 0.777778
vt 0.342998 0.722222
vt 0.342998 0.833333
vt 0.342998 0.888889
vt 0.342998 0.944444
vt 0.334172 1.000000
vt 0.345205 1.000000
vt 0.345205 0.944444
vt 0.342998 1.000000
vt 0.345205 0.722222
vt 0.336379 1.000000
vt 0.345205 0.888889
vt 0.338585 1.000000
vt 0.345205 0.833333
vt 0.340792 1.000000
vt 0.345205 0.777778
vt 0.351847 0.722222
vt 0.351847 0.777778
vt 0.358490 0.777778
vt 0.358490 0.722222
vt 0.351847 0.833333
vt 0.358490 0.833333
vt 0.351847 0.888889
vt 0.358490 0.888889
vt 0.351847 0.944444
vt 0.358490 0.944444
vt 0.365132 0.777778
vt 0.365132 0.722222
vt 0.365132 0.833333
vt 0.365132 0.888889
vt 0.365132 0.944444
vt 0.371774 0.777778
vt 0.371774 0.722222
vt 0.371774 0.833333
vt 0.371774 0.888889
vt 0.371774 0.944444
vt 0.378417 0.777778
vt 0.378417 0.722222
vt 0.378417 0.833333
vt 0.378417 0.888889
vt 0.378417 0.944444
vt 0.351847 1.000000
vt 0.385059 1.000000
vt 0.385059 0.944444
vt 0.378417 1.000000
vt 0.385059 0.722222
vt 0.358490 1.000000
vt 0.385059 0.888889
vt 0.365132 1.000000
vt 0.385059 0.833333
vt 0.371774 1.000000
vt 0.385059 0.777778
vt 0.392630 0.722222
vt 0.392630 0.777778
vt 0.400201 0.777778
vt 0.400201 0.722222
vt 0.392630 0.833333
vt 0.400201 0.833333
vt 0.392630 0.888889
vt 0.400201 0.888889
vt 0.392630 0.944444
vt 0.400201 0.944444
vt 0.407772 0.777778
vt 0.407772 0.722222
vt 0.407772 0.833333
vt 0.407772 0.888889
vt 0.407772 0.944444
vt 0.415343 0.777778
vt 0.415343 0.722222
vt 0.415343 0.833333
vt 0.415343 0.888889
vt 0.415343 0.944444
vt 0.422914 0.777778
vt 0.422914 0.722222
vt 0.422914 0.833333
vt 0.422914 0.888889
vt 0.422914 0.944444
vt 0.392630 1.000000
vt 0.430485 1.000000
vt 0.430485 0.944444
vt 0.422914 1.000000
vt 0.430485 0.722222
vt 0.400201 1.000000
vt 0.430485 0.888889
vt 0.407772 1.000000
vt 0.430485 0.833333
vt 0.415343 1.000000
vt 0.430485 0.777778
vt 0.439346 0.722222
vt 0.439346 0.777778
vt 0.448206 0.777778
vt 0.448206 0.722222
vt 0.439346 0.833333
vt 0.448206 0.833333
vt 0.439346 0.888889
vt 0.448206 0.888889
vt 0.439346 0.944444
vt 0.448206 0.944444
vt 0.457066 0.777778
vt 0.457066 0.722222
vt 0.457066 0.833333
vt 0.457066 0.888889
vt 0.457066 0.944444
vt 0.465927 0.777778
vt 0.465927 0.722222
vt 0.465927 0.833333
vt 0.465927 0.888889
vt 0.465927 0.944444
vt 0.474787 0.777778
vt 0.474787 0.722222
vt 0.474787 0.833333
vt 0.474787 0.888889
vt 0.474787 0.944444
vt 0.439346 1.000000
vt 0.483647 1.000000
vt 0.483647 0.944444
vt 0.474787 1.000000
vt 0.483647 0.722222
vt 0.448206 1.000000
vt 0.483647 0.888889
vt 0.457066 1.000000
vt 0.483647 0.833333
vt 0.465927 1.000000
vt 0.483647 0.777778
vt 0.488200 0.722222
vt 0.488200 0.777778
vt 0.492753 0.777778
vt 0.492753 0.722222
vt 0.488200 0.833333
vt 0.492753 0.833333
vt 0.488200 0.888889
vt 0.492753 0.888889
vt 0.488200 0.944444
vt 0.492753 0.944444
vt 0.497306 0.777778
vt 0.497306 0.722222
vt 0.497306 0.833333
vt 0.497306 0.888889
vt 0.497306 0.944444
vt 0.501859 0.777778
vt 0.501859 0.722222
vt 0.501859 0.833333
vt 0.501859 0.888889
vt 0.501859 0.944444
vt 0.506412 0.777778
vt 0.506412 0.722222
vt 0.506412 0.833333
vt 0.506412 0.888889
vt 0.506412 0.944444
vt 0.488200 1.000000
vt 0.510965 1.000000
vt 0.510965 0.944444
vt 0.506412 1.000000
vt 0.510965 0.722222
vt 0.492753 1.000000
vt 0.510965 0.888889
vt 0.497306 1.000000
vt 0.510965 0.833333
vt 0.501859 1.000000
vt 0.510965 0.777778
vt 0.514534 0.722222
vt 0.514534 0.777778
vt 0.518103 0.777778
vt 0.518103 0.722222
vt 0.514534 0.833333
vt 0.518103 0.833333
vt 0.514534 0.888889
vt 0.518103 0.888889
vt 0.514534 0.944444
vt 0.518103 0.944444
vt 0.521672 0.777778
vt 0.521672 0.722222
vt 0.521672 0.833333
vt 0.521672 0.888889
vt 0.521672 0.944444
vt 0.525241 0.777778
vt 0.525241 0.722222
vt 0.525241 0.833333
vt 0.525241 0.888889
vt 0.525241 0.944444
vt 0.528810 0.777778
vt 0.528810 0.722222
vt 0.528810 0.833333
vt 0.528810 0.888889
vt 0.528810 0.944444
vt 0.514534 1.000000
vt 0.532379 1.000000
vt 0.532379 0.944444
vt 0.528810 1.000000
vt 0.532379 0.722222
vt 0.518103 1.000000
vt 0.532379 0.888889
vt 0.521672 1.000000
vt 0.532379 0.833333
vt 0.525241 1.000000
vt 0.532379 0.777778
vt 0.534353 0.722222
vt 0.534353 0.777778
vt 0.536327 0.777778
vt 0.536327 0.722222
vt 0.534353 0.833333
vt 0.536327 0.833333
vt 0.534353 0.888889
vt 0.536327 0.888889
vt 0.534353 0.944444
vt 0.536327 0.944444
vt 0.538301 0.777778
vt 0.538301 0.722222
vt 0.538301 0.833333
vt 0.538301 0.888889
vt 0.538301 0.944444
vt 0.540275 0.777778
vt 0.540275 0.722222
vt 0.540275 0.833333
vt 0.540275 0.888889
vt 0.540275 0.944444
vt 0.542249 0.777778
vt 0.542249 0.722222
vt 0.542249 0.833333
vt 0.542249 0.888889
vt 0.542249 0.944444
vt 0.534353 1.000000
vt 0.544223 1.000000
vt 0.544223 0.944444
vt 0.542249 1.000000
vt 0.544223 0.722222
vt 0.536327 1.000000
vt 0.544223 0.888889
vt 0.538301 1.000000
vt 0.544223 0.833333
vt 0.540275 1.000000
vt 0.544223 0.777778
vt 0.545593 0.722222
vt 0.545593 0.777778
vt 0.546962 0.777778
vt 0.546962 0.722222
vt 0.545593 0.833333
vt 0.546962 0.833333
vt 0.545593 0.888889
vt 0.546962 0.888889
vt 0.545593 0.944444
vt 0.546962 0.944444
vt 0.548332 0.777778
vt 0.548332 0.722222
vt 0.548332 0.833333
vt 0.548332 0.888889
vt 0.548332 0.944444
vt 0.549702 0.777778
vt 0.549702 0.722222
vt 0.549702 0.833333
vt 0.549702 0.888889
vt 0.549702 0.944444
vt 0.551071 0.777778
vt 0.551071 0.722222
vt 0.551071 0.833333
vt 0.551071 0.888889
vt 0.551071 0.944444
vt 0.545593 1.000000
vt 0.552441 1.000000
vt 0.552441 0.944444
vt 0.551071 1.000000
vt 0.552441 0.722222
vt 0.546962 1.000000
vt 0.552441 0.888889
vt 0.548332 1.000000
vt 0.552441 0.833333
vt 0.549702 1.000000
vt 0.552441 0.777778
vt 0.553947 0.722222
vt 0.553947 0.777778
vt 0.555453 0.777778
vt 0.555453 0.722222
vt 0.553947 0.833333
vt 0.555453 0.833333
vt 0.553947 0.888889
vt 0.555453 0.888889
vt 0.553947 0.944444
vt 0.555453 0.944444
vt 0.556959 0.777778
vt 0.556959 0.722222
vt 0.556959 0.833333
vt 0.556959 0.888889
vt 0.556959 0.944444
vt 0.558465 0.777778
vt 0.558465 0.722222
vt 0.558465 0.833333
vt 0.558465 0.888889
vt 0.558465 0.944444
vt 0.559971 0.777778
vt 0.559971 0.722222
vt 0.559971 0.833333
vt 0.559971 0.888889
vt 0.559971 0.944444
vt 0.553947 1.000000
vt 0.561477 1.000000
vt 0.561477 0.944444
vt 0.559971 1.000000
vt 0.561477 0.722222
vt 0.555453 1.000000
vt 0.561477 0.888889
vt 0.556959 1.000000
vt 0.561477 0.833333
vt 0.558465 1.000000
vt 0.561477 0.777778
vt 0.563406 0.722222
vt 0.563406 0.777778
vt 0.565335 0.777778
vt 0.565335 0.722222
vt 0.563406 0.833333
vt 0.565335 0.833333
vt 0.563406 0.888889
vt 0.565335 0.888889
vt 0.563406 0.944444
vt 0.565335 0.944444
vt 0.567264 0.777778
vt 0.567264 0.722222
vt 0.567264 0.833333
vt 0.567264 0.888889
vt 0.567264 0.944444
vt 0.569193 0.777778
vt 0.569193 0.722222
vt 0.569193 0.833333
vt 0.569193 0.888889
vt 0.569193 0.944444
vt 0.571122 0.777778
vt 0.571122 0.722222
vt 0.571122 0.833333
vt 0.571122 0.888889
vt 0.571122 0.944444
vt 0.563406 1.000000
vt 0.573051 1.000000
vt 0.573051 0.944444
vt 0.571122 1.000000
vt 0.573051 0.722222
vt 0.565335 1.000000
vt 0.573051 0.888889
vt 0.567264 1.000000
vt 0.573051 0.833333
vt 0.569193 1.000000
vt 0.573051 0.777778
vt 0.574296 0.722222
vt 0.574296 0.777778
vt 0.575542 0.777778
vt 0.575542 0.722222
vt 0.574296 0.833333
vt 0.575542 0.833333
vt 0.574296 0.888889
vt 0.575542 0.888889
vt 0.574296 0.944444
vt 0.575542 0.944444
vt 0.576787 0.777778
vt 0.576787 0.722222
vt 0.576787 0.833333
vt 0.576787 0.888889
vt 0.576787 0.944444
vt 0.578032 0.777778
vt 0.578032 0.722222
vt 0.578032 0.833333
vt 0.578032 0.888889
vt 0.578032 0.944444
vt 0.579278 0.777778
vt 0.579278 0.722222
vt 0.579278 0.833333
vt 0.579278 0.888889
vt 0.579278 0.944444
vt 0.574296 1.000000
vt 0.580523 1.000000
vt 0.580523 0.944444
vt 0.579278 1.000000
vt 0.580523 0.722222
vt 0.575542 1.000000
vt 0.580523 0.888889
vt 0.576787 1.000000
vt 0.580523 0.833333
vt 0.578032 1.000000
vt 0.580523 0.777778
vt 0.582048 0.722222
vt 0.582048 0.777778
vt 0.583573 0.777778
vt 0.583573 0.722222
vt 0.582048 0.833333
vt 0.583573 0.833333
vt 0.582048 0.888889
vt 0.583573 0.888889
vt 0.582048 0.944444
vt 0.583573 0.944444
vt 0.585098 0.777778
vt 0.585098 0.722222
vt 0.585098 0.833333
vt 0.585098 0.888889
vt 0.585098 0.944444
vt 0.586623 0.777778
vt 0.586623 0.722222
vt 0.586623 0.833333
vt 0.586623 0.888889
vt 0.586623 0.944444
vt 0.588148 0.777778
vt 0.588148 0.722222
vt 0.588148 0.833333
vt 0.588148 0.888889
vt 0.588148 0.944444
vt 0.582048 1.000000
vt 0.589672 1.000000
vt 0.589672 0.944444
vt 0.588148 1.000000
vt 0.589672 0.722222
vt 0.583573 1.000000
vt 0.589672 0.888889
vt 0.585098 1.000000
vt 0.589672 0.833333
vt 0.586623 1.000000
vt 0.589672 0.777778
vt 0.590592 0.722222
vt 0.590592 0.777778
vt 0.591511 0.777778
vt 0.591511 0.722222
vt 0.590592 0.833333
vt 0.591511 0.833333
vt 0.590592 0.888889
vt 0.591511 0.888889
vt 0.590592 0.944444
vt 0.591511 0.944444
vt 0.592431 0.777778
vt 0.592431 0.722222
vt 0.592431 0.833333
vt 0.592431 0.888889
vt 0.592431 0.944444
vt 0.593350 0.777778
vt 0.593350 0.722222
vt 0.593350 0.833333
vt 0.593350 0.888889
vt 0.593350 0.944444
vt 0.594270 0.777778
vt 0.594270 0.722222
vt 0.594270 0.833333
vt 0.594270 0.888889
vt 0.594270 0.944444
vt 0.590592 1.000000
vt 0.595189 1.000000
vt 0.595189 0.944444
vt 0.594270 1.000000
vt 0.595189 0.722222
vt 0.591511 1.000000
vt 0.595189 0.888889
vt 0.592431 1.000000
vt 0.595189 0.833333
vt 0.593350 1.000000
vt 0.595189 0.777778
vt 0.599865 0.722222
vt 0.599865 0.777778
vt 0.604542 0.777778
vt 0.604542 0.722222
vt 0.599865 0.833333
vt 0.604542 0.833333
vt 0.599865 0.888889
vt 0.604542 0.888889
vt 0.599865 0.944444
vt 0.604542 0.944444
vt 0.609218 0.777778
vt 0.609218 0.722222
vt 0.609218 0.833333
vt 0.609218 0.888889
vt 0.609218 0.944444
vt 0.613895 0.777778
vt 0.613895 0.722222
vt 0.613895 0.833333
vt 0.613895 0.888889
vt 0.613895 0.944444
vt 0.618571 0.777778
vt 0.618571 0.722222
vt 0.618571 0.833333
vt 0.618571 0.888889
vt 0.618571 0.944444
vt 0.599865 1.000000
vt 0.623248 1.000000
vt 0.623248 0.944444
vt 0.618571 1.000000
vt 0.623248 0.722222
vt 0.604542 1.000000
vt 0.623248 0.888889
vt 0.609218 1.000000
vt 0.623248 0.833333
vt 0.613895 1.000000
vt 0.623248 0.777778
vt 0.624579 0.722222
vt 0.624579 0.777778
vt 0.625910 0.777778
vt 0.625910 0.722222
vt 0.624579 0.833333
vt 0.625910 0.833333
vt 0.624579 0.888889
vt 0.625910 0.888889
vt 0.624579 0.944444
vt 0.625910 0.944444
vt 0.627242 0.777778
vt 0.627242 0.722222
vt 0.627242 0.833333
vt 0.627242 0.888889
vt 0.627242 0.944444
vt 0.628573 0.777778
vt 0.628573 0.722222
vt 0.628573 0.833333
vt 0.628573 0.888889
vt 0.628573 0.944444
vt 0.629905 0.777778
vt 0.629905 0.722222
vt 0.629905 0.833333
vt 0.629905 0.888889
vt 0.629905 0.944444
vt 0.624579 1.000000
vt 0.631236 1.000000
vt 0.631236 0.944444
vt 0.629905 1.000000
vt 0.631236 0.722222
vt 0.625910 1.000000
vt 0.631236 0.888889
vt 0.627242 1.000000
vt 0.631236 0.833333
vt 0.628573 1.000000
vt 0.631236 0.777778
vt 0.632489 0.722222
vt 0.632489 0.777778
vt 0.633741 0.777778
vt 0.633741 0.722222
vt 0.632489 0.833333
vt 0.633741 0.833333
vt 0.632489 0.888889
vt 0.633741 0.888889
vt 0.632489 0.944444
vt 0.633741 0.944444
vt 0.634994 0.777778
vt 0.634994 0.722222
vt 0.634994 0.833333
vt 0.634994 0.888889
vt 0.634994 0.944444
vt 0.636247 0.777778
vt 0.636247 0.722222
vt 0.636247 0.833333
vt 0.636247 0.888889
vt 0.636247 0.944444
vt 0.637499 0.777778
vt 0.637499 0.722222
vt 0.637499 0.833333
vt 0.637499 0.888889
vt 0.637499 0.944444
vt 0.632489 1.000000
vt 0.638752 1.000000
vt 0.638752 0.944444
vt 0.637499 1.000000
vt 0.638752 0.722222
vt 0.633741 1.000000
vt 0.638752 0.888889
vt 0.634994 1.000000
vt 0.638752 0.833333
vt 0.636247 1.000000
vt 0.638752 0.777778
vt 0.639463 0.722222
vt 0.639463 0.777778
vt 0.640175 0.777778
vt 0.640175 0.722222
vt 0.639463 0.833333
vt 0.640175 0.833333
vt 0.639463 0.888889
vt 0.640175 0.888889
vt 0.639463 0.944444
vt 0.640175 0.944444
vt 0.640886 0.777778
vt 0.640886 0.722222
vt 0.640886 0.833333
vt 0.640886 0.888889
vt 0.640886 0.944444
vt 0.641598 0.777778
vt 0.641598 0.722222
vt 0.641598 0.833333
vt 0.641598 0.888889
vt 0.641598 0.944444
vt 0.642309 0.777778
vt 0.642309 0.722222
vt 0.642309 0.833333
vt 0.642309 0.888889
vt 0.642309 0.944444
vt 0.639463 1.000000
vt 0.643021 1.000000
vt 0.643021 0.944444
vt 0.642309 1.000000
vt 0.643021 0.722222
vt 0.640175 1.000000
vt 0.643021 0.888889
vt 0.640886 1.000000
vt 0.643021 0.833333
vt 0.641598 1.000000
vt 0.643021 0.777778
vt 0.644606 0.722222
vt 0.644606 0.777778
vt 0.646191 0.777778
vt 0.646191 0.722222
vt 0.644606 0.833333
vt 0.646191 0.833333
vt 0.644606 0.888889
vt 0.646191 0.888889
vt 0.644606 0.944444
vt 0.646191 0.944444
vt 0.647776 0.777778
vt 0.647776 0.722222
vt 0.647776 0.833333
vt 0.647776 0.888889
vt 0.647776 0.944444
vt 0.649361 0.777778
vt 0.649361 0.722222
vt 0.649361 0.833333
vt 0.649361 0.888889
vt 0.649361 0.944444
vt 0.650946 0.777778
vt 0.650946 0.722222
vt 0.650946 0.833333
vt 0.650946 0.888889
vt 0.650946 0.944444
vt 0.644606 1.000000
vt 0.652531 1.000000
vt 0.652531 0.944444
vt 0.650946 1.000000
vt 0.652531 0.722222
vt 0.646191 1.000000
vt 0.652531 0.888889
vt 0.647776 1.000000
vt 0.652531 0.833333
vt 0.649361 1.000000
vt 0.652531 0.777778
vt 0.668734 0.722222
vt 0.668734 0.777778
vt 0.684938 0.777778
vt 0.684938 0.722222
vt 0.668734 0.833333
vt 0.684938 0.833333
vt 0.668734 0.888889
vt 0.684938 0.888889
vt 0.668734 0.944444
vt 0.684938 0.944444
vt 0.701142 0.777778
vt 0.701142 0.722222
vt 0.701142 0.833333
vt 0.701142 0.888889
vt 0.701142 0.944444
vt 0.717345 0.777778
vt 0.717345 0.722222
vt 0.717345 0.833333
vt 0.717345 0.888889
vt 0.717345 0.944444
vt 0.733549 0.777778
vt 0.733549 0.722222
vt 0.733549 0.833333
vt 0.733549 0.888889
vt 0.733549 0.944444
vt 0.668734 1.000000
vt 0.749753 1.000000
vt 0.749753 0.944444
vt 0.733549 1.000000
vt 0.749753 0.722222
vt 0.684938 1.000000
vt 0.749753 0.888889
vt 0.701142 1.000000
vt 0.749753 0.833333
vt 0.717345 1.000000
vt 0.749753 0.777778
vt 0.751294 0.722222
vt 0.751294 0.777778
vt 0.752836 0.777778
vt 0.752836 0.722222
vt 0.751294 0.833333
vt 0.752836 0.833333
vt 0.751294 0.888889
vt 0.752836 0.888889
vt 0.751294 0.944444
vt 0.752836 0.944444
vt 0.754378 0.777778
vt 0.754378 0.722222
vt 0.754378 0.833333
vt 0.754378 0.888889
vt 0.754378 0.944444
vt 0.755919 0.777778
vt 0.755919 0.722222
vt 0.755919 0.833333
vt 0.755919 0.888889
vt 0.755919 0.944444
vt 0.757461 0.777778
vt 0.757461 0.722222
vt 0.757461 0.833333
vt 0.757461 0.888889
vt 0.757461 0.944444
vt 0.751294 1.000000
vt 0.759003 1.000000
vt 0.759003 0.944444
vt 0.757461 1.000000
vt 0.759003 0.722222
vt 0.752836 1.000000
vt 0.759003 0.888889
vt 0.754378 1.000000
vt 0.759003 0.833333
vt 0.755919 1.000000
vt 0.759003 0.777778
vt 0.760726 0.722222
vt 0.760726 0.777778
vt 0.762449 0.777778
vt 0.762449 0.722222
vt 0.760726 0.833333
vt 0.762449 0.833333
vt 0.760726 0.888889
vt 0.762449 0.888889
vt 0.760726 0.944444
vt 0.762449 0.944444
vt 0.764173 0.777778
vt 0.764173 0.722222
vt 0.764173 0.833333
vt 0.764173 0.888889
vt 0.764173 0.944444
vt 0.765896 0.777778
vt 0.765896 0.722222
vt 0.765896 0.833333
vt 0.765896 0.888889
vt 0.765896 0.944444
vt 0.767619 0.777778
vt 0.767619 0.722222
vt 0.767619 0.833333
vt 0.767619 0.888889
vt 0.767619 0.944444
vt 0.760726 1.000000
vt 0.769343 1.000000
vt 0.769343 0.944444
vt 0.767619 1.000000
vt 0.769343 0.722222
vt 0.762449 1.000000
vt 0.769343 0.888889
vt 0.764173 1.000000
vt 0.769343 0.833333
vt 0.765896 1.000000
vt 0.769343 0.777778
vt 0.773764 0.722222
vt 0.773764 0.777778
vt 0.778185 0.777778
vt 0.778185 0.722222
vt 0.773764 0.833333
vt 0.778185 0.833333
vt 0.773764 0.888889
vt 0.778185 0.888889
vt 0.773764 0.944444
vt 0.778185 0.944444
vt 0.782606 0.777778
vt 0.782606 0.722222
vt 0.782606 0.833333
vt 0.782606 0.888889
vt 0.782606 0.944444
vt 0.787027 0.777778
vt 0.787027 0.722222
vt 0.787027 0.833333
vt 0.787027 0.888889
vt 0.787027 0.944444
vt 0.791448 0.777778
vt 0.791448 0.722222
vt 0.791448 0.833333
vt 0.791448 0.888889
vt 0.791448 0.944444
vt 0.773764 1.000000
vt 0.795869 1.000000
vt 0.795869 0.944444
vt 0.791448 1.000000
vt 0.795869 0.722222
vt 0.778185 1.000000
vt 0.795869 0.888889
vt 0.782606 1.000000
vt 0.795869 0.833333
vt 0.787027 1.000000
vt 0.795869 0.777778
vt 0.799022 0.722222
vt 0.799022 0.777778
vt 0.802175 0.777778
vt 0.802175 0.722222
vt 0.799022 0.833333
vt 0.802175 0.833333
vt 0.799022 0.888889
vt 0.802175 0.888889
vt 0.799022 0.944444
vt 0.802175 0.944444
vt 0.805328 0.777778
vt 0.805328 0.722222
vt 0.805328 0.833333
vt 0.805328 0.888889
vt 0.805328 0.944444
vt 0.808481 0.777778
vt 0.808481 0.722222
vt 0.808481 0.833333
vt 0.808481 0.888889
vt 0.808481 0.944444
vt 0.811634 0.777778
vt 0.811634 0.722222
vt 0.811634 0.833333
vt 0.811634 0.888889
vt 0.811634 0.944444
vt 0.799022 1.000000
vt 0.814787 1.000000
vt 0.814787 0.944444
vt 0.811634 1.000000
vt 0.814787 0.722222
vt 0.802175 1.000000
vt 0.814787 0.888889
vt 0.805328 1.000000
vt 0.814787 0.833333
vt 0.808481 1.000000
vt 0.814787 0.777778
vt 0.815762 0.722222
vt 0.815762 0.777778
vt 0.816737 0.777778
vt 0.816737 0.722222
vt 0.815762 0.833333
vt 0.816737 0.833333
vt 0.815762 0.888889
vt 0.816737 0.888889
vt 0.815762 0.944444
vt 0.816737 0.944444
vt 0.817712 0.777778
vt 0.817712 0.722222
vt 0.817712 0.833333
vt 0.817712 0.888889
vt 0.817712 0.944444
vt 0.818687 0.777778
vt 0.818687 0.722222
vt 0.818687 0.833333
vt 0.818687 0.888889
vt 0.818687 0.944444
vt 0.819662 0.777778
vt 0.819662 0.722222
vt 0.819662 0.833333
vt 0.819662 0.888889
vt 0.819662 0.944444
vt 0.815762 1.000000
vt 0.820636 1.000000
vt 0.820636 0.944444
vt 0.819662 1.000000
vt 0.820636 0.722222
vt 0.816737 1.000000
vt 0.820636 0.888889
vt 0.817712 1.000000
vt 0.820636 0.833333
vt 0.818687 1.000000
vt 0.820636 0.777778
vt 0.821272 0.722222
vt 0.821272 0.777778
vt 0.821907 0.777778
vt 0.821907 0.722222
vt 0.821272 0.833333
vt 0.821907 0.833333
vt 0.821272 0.888889
vt 0.821907 0.888889
vt 0.821272 0.944444
vt 0.821907 0.944444
vt 0.822543 0.777778
vt 0.822543 0.722222
vt 0.822543 0.833333
vt 0.822543 0.888889
vt 0.822543 0.944444
vt 0.823179 0.777778
vt 0.823179 0.722222
vt 0.823179 0.833333
vt 0.823179 0.888889
vt 0.823179 0.944444
vt 0.823814 0.777778
vt 0.823814 0.722222
vt 0.823814 0.833333
vt 0.823814 0.888889
vt 0.823814 0.944444
vt 0.821272 1.000000
vt 0.824450 1.000000
vt 0.824450 0.944444
vt 0.823814 1.000000
vt 0.824450 0.722222
vt 0.821907 1.000000
vt 0.824450 0.888889
vt 0.822543 1.000000
vt 0.824450 0.833333
vt 0.823179 1.000000
vt 0.824450 0.777778
vt 0.826010 0.722222
vt 0.826010 0.777778
vt 0.827571 0.777778
vt 0.827571 0.722222
vt 0.826010 0.833333
vt 0.827571 0.833333
vt 0.826010 0.888889
vt 0.827571 0.888889
vt 0.826010 0.944444
vt 0.827571 0.944444
vt 0.829131 0.777778
vt 0.829131 0.722222
vt 0.829131 0.833333
vt 0.829131 0.888889
vt 0.829131 0.944444
vt 0.830692 0.777778
vt 0.830692 0.722222
vt 0.830692 0.833333
vt 0.830692 0.888889
vt 0.830692 0.944444
vt 0.832252 0.777778
vt 0.832252 0.722222
vt 0.832252 0.833333
vt 0.832252 0.888889
vt 0.832252 0.944444
vt 0.826010 1.000000
vt 0.833813 1.000000
vt 0.833813 0.944444
vt 0.832252 1.000000
vt 0.833813 0.722222
vt 0.827571 1.000000
vt 0.833813 0.888889
vt 0.829131 1.000000
vt 0.833813 0.833333
vt 0.830692 1.000000
vt 0.833813 0.777778
vt 0.835262 0.722222
vt 0.835262 0.777778
vt 0.836711 0.777778
vt 0.836711 0.722222
vt 0.835262 0.833333
vt 0.836711 0.833333
vt 0.835262 0.888889
vt 0.836711 0.888889
vt 0.835262 0.944444
vt 0.836711 0.944444
vt 0.838161 0.777778
vt 0.838161 0.722222
vt 0.838161 0.833333
vt 0.838161 0.888889
vt 0.838161 0.944444
vt 0.839610 0.777778
vt 0.839610 0.722222
vt 0.839610 0.833333
vt 0.839610 0.888889
vt 0.839610 0.944444
vt 0.841059 0.777778
vt 0.841059 0.722222
vt 0.841059 0.833333
vt 0.841059 0.888889
vt 0.841059 0.944444
vt 0.835262 1.000000
vt 0.842509 1.000000
vt 0.842509 0.944444
vt 0.841059 1.000000
vt 0.842509 0.722222
vt 0.836711 1.000000
vt 0.842509 0.888889
vt 0.838161 1.000000
vt 0.842509 0.833333
vt 0.839610 1.000000
vt 0.842509 0.777778
vt 0.843677 0.722222
vt 0.843677 0.777778
vt 0.844845 0.777778
vt 0.844845 0.722222
vt 0.843677 0.833333
vt 0.844845 0.833333
vt 0.843677 0.888889
vt 0.844845 0.888889
vt 0.843677 0.944444
vt 0.844845 0.944444
vt 0.846013 0.777778
vt 0.846013 0.722222
vt 0.846013 0.833333
vt 0.846013 0.888889
vt 0.846013 0.944444
vt 0.847181 0.777778
vt 0.847181 0.722222
vt 0.847181 0.833333
vt 0.847181 0.888889
vt 0.847181 0.944444
vt 0.848349 0.777778
vt 0.848349 0.722222
vt 0.848349 0.833333
vt 0.848349 0.888889
vt 0.848349 0.944444
vt 0.843677 1.000000
vt 0.849517 1.000000
vt 0.849517 0.944444
vt 0.848349 1.000000
vt 0.849517 0.722222
vt 0.844845 1.000000
vt 0.849517 0.888889
vt 0.846013 1.000000
vt 0.849517 0.833333
vt 0.847181 1.000000
vt 0.849517 0.777778
vt 0.852340 0.722222
vt 0.852340 0.777778
vt 0.855163 0.777778
vt 0.855163 0.722222
vt 0.852340 0.833333
vt 0.855163 0.833333
vt 0.852340 0.888889
vt 0.855163 0.888889
vt 0.852340 0.944444
vt 0.855163 0.944444
vt 0.857985 0.777778
vt 0.857985 0.722222
vt 0.857985 0.833333
vt 0.857985 0.888889
vt 0.857985 0.944444
vt 0.860808 0.777778
vt 0.860808 0.722222
vt 0.860808 0.833333
vt 0.860808 0.888889
vt 0.860808 0.944444
vt 0.863631 0.777778
vt 0.863631 0.722222
vt 0.863631 0.833333
vt 0.863631 0.888889
vt 0.863631 0.944444
vt 0.852340 1.000000
vt 0.866454 1.000000
vt 0.866454 0.944444
vt 0.863631 1.000000
vt 0.866454 0.722222
vt 0.855163 1.000000
vt 0.866454 0.888889
vt 0.857985 1.000000
vt 0.866454 0.833333
vt 0.860808 1.000000
vt 0.866454 0.777778
vt 0.870474 0.722222
vt 0.870474 0.777778
vt 0.874495 0.777778
vt 0.874495 0.722222
vt 0.870474 0.833333
vt 0.874495 0.833333
vt 0.870474 0.888889
vt 0.874495 0.888889
vt 0.870474 0.944444
vt 0.874495 0.944444
vt 0.878515 0.777778
vt 0.878515 0.722222
vt 0.878515 0.833333
vt 0.878515 0.888889
vt 0.878515 0.944444
vt 0.882536 0.777778
vt 0.882536 0.722222
vt 0.882536 0.833333
vt 0.882536 0.888889
vt 0.882536 0.944444
vt 0.886556 0.777778
vt 0.886556 0.722222
vt 0.886556 0.833333
vt 0.886556 0.888889
vt 0.886556 0.944444
vt 0.870474 1.000000
vt 0.890577 1.000000
vt 0.890577 0.944444
vt 0.886556 1.000000
vt 0.890577 0.722222
vt 0.874495 1.000000
vt 0.890577 0.888889
vt 0.878515 1.000000
vt 0.890577 0.833333
vt 0.882536 1.000000
vt 0.890577 0.777778
vt 0.896126 0.722222
vt 0.896126 0.777778
vt 0.901676 0.777778
vt 0.901676 0.722222
vt 0.896126 0.833333
vt 0.901676 0.833333
vt 0.896126 0.888889
vt 0.901676 0.888889
vt 0.896126 0.944444
vt 0.901676 0.944444
vt 0.907225 0.777778
vt 0.907225 0.722222
vt 0.907225 0.833333
vt 0.907225 0.888889
vt 0.907225 0.944444
vt 0.912775 0.777778
vt 0.912775 0.722222
vt 0.912775 0.833333
vt 0.912775 0.888889
vt 0.912775 0.944444
vt 0.918325 0.777778
vt 0.918325 0.722222
vt 0.918325 0.833333
vt 0.918325 0.888889
vt 0.918325 0.944444
vt 0.896126 1.000000
vt 0.923874 1.000000
vt 0.923874 0.944444
vt 0.918325 1.000000
vt 0.923874 0.722222
vt 0.901676 1.000000
vt 0.923874 0.888889
vt 0.907225 1.000000
vt 0.923874 0.833333
vt 0.912775 1.000000
vt 0.923874 0.777778
vt 0.928620 0.722222
vt 0.928620 0.777778
vt 0.933366 0.777778
vt 0.933366 0.722222
vt 0.928620 0.833333
vt 0.933366 0.833333
vt 0.928620 0.888889
vt 0.933366 0.888889
vt 0.928620 0.944444
vt 0.933366 0.944444
vt 0.938112 0.777778
vt 0.938112 0.722222
vt 0.938112 0.833333
vt 0.938112 0.888889
vt 0.938112 0.944444
vt 0.942858 0.777778
vt 0.942858 0.722222
vt 0.942858 0.833333
vt 0.942858 0.888889
vt 0.942858 0.944444
vt 0.947604 0.777778
vt 0.947604 0.722222
vt 0.947604 0.833333
vt 0.947604 0.888889
vt 0.947604 0.944444
vt 0.928620 1.000000
vt 0.952350 1.000000
vt 0.952350 0.944444
vt 0.947604 1.000000
vt 0.952350 0.722222
vt 0.933366 1.000000
vt 0.952350 0.888889
vt 0.938112 1.000000
vt 0.952350 0.833333
vt 0.942858 1.000000
vt 0.952350 0.777778
vt 0.956250 0.722222
vt 0.956250 0.777778
vt 0.960150 0.777778
vt 0.960150 0.722222
vt 0.956250 0.833333
vt 0.960150 0.833333
vt 0.956250 0.888889
vt 0.960150 0.888889
vt 0.956250 0.944444
vt 0.960150 0.944444
vt 0.964050 0.777778
vt 0.964050 0.722222
vt 0.964050 0.833333
vt 0.964050 0.888889
vt 0.964050 0.944444
vt 0.967950 0.777778
vt 0.967950 0.722222
vt 0.967950 0.833333
vt 0.967950 0.888889
vt 0.967950 0.944444
vt 0.971850 0.777778
vt 0.971850 0.722222
vt 0.971850 0.833333
vt 0.971850 0.888889
vt 0.971850 0.944444
vt 0.956250 1.000000
vt 0.975750 1.000000
vt 0.975750 0.944444
vt 0.971850 1.000000
vt 0.975750 0.722222
vt 0.960150 1.000000
vt 0.975750 0.888889
vt 0.964050 1.000000
vt 0.975750 0.833333
vt 0.967950 1.000000
vt 0.975750 0.777778
vt 0.979792 0.722222
vt 0.979792 0.777778
vt 0.983833 0.777778
vt 0.983833 0.722222
vt 0.979792 0.833333
vt 0.983833 0.833333
vt 0.979792 0.888889
vt 0.983833 0.888889
vt 0.979792 0.944444
vt 0.983833 0.944444
vt 0.987875 0.777778
vt 0.987875 0.722222
vt 0.987875 0.833333
vt 0.987875 0.888889
vt 0.987875 0.944444
vt 0.991917 0.777778
vt 0.991917 0.722222
vt 0.991917 0.833333
vt 0.991917 0.888889
vt 0.991917 0.944444
vt 0.995958 0.777778
vt 0.995958 0.722222
vt 0.995958 0.833333
vt 0.995958 0.888889
vt 0.995958 0.944444
vt 0.979792 1.000000
vt 1.000000 1.000000
vt 1.000000 0.944444
vt 0.995958 1.000000
vt 1.000000 0.722222
vt 0.983833 1.000000
vt 1.000000 0.888889
vt 0.987875 1.000000
vt 1.000000 0.833333
vt 0.991917 1.000000
vt 1.000000 0.777778
vn 0.0000 -1.0000 0.0000
vn -0.9358 -0.0057 0.3524
vn -0.7576 -0.0055 0.6527
vn -0.7576 -0.0066 0.6527
vn -0.9358 -0.0062 0.3525
vn -0.5000 -0.0053 0.8660
vn -0.5000 -0.0067 0.8660
vn -0.1864 -0.0055 0.9825
vn -0.1865 -0.0066 0.9824
vn 0.1627 -0.0057 0.9867
vn 0.1627 -0.0062 0.9867
vn -0.7576 -0.0069 0.6527
vn -0.9358 -0.0064 0.3525
vn -0.5000 -0.0072 0.8660
vn -0.1865 -0.0069 0.9824
vn 0.1627 -0.0064 0.9867
vn -0.9358 -0.0057 0.3525
vn -0.1865 -0.0055 0.9824
vn 0.1626 -0.0057 0.9867
vn -1.0000 -0.0058 -0.0000
vn -0.9358 -0.0054 0.3526
vn -1.0000 -0.0059 -0.0000
vn 0.5000 -0.0059 0.8660
vn 0.1625 -0.0054 0.9867
vn 0.5000 -0.0058 0.8660
vn 0.1628 -0.0054 0.9866
vn -0.9359 -0.0054 0.3523
vn -0.7575 -0.0047 0.6528
vn 0.5000 -0.0060 0.8660
vn -0.1864 -0.0047 0.9825
vn -1.0000 -0.0060 -0.0000
vn -0.5000 -0.0044 0.8660
vn 0.5000 -0.0061 0.8660
vn -1.0000 -0.0061 -0.0000
vn -0.1866 -0.0047 0.9824
vn -0.7577 -0.0047 0.6526
vn 0.0148 0.9999 -0.0058
vn 0.0128 0.9999 -0.0114
vn 0.0105 0.9999 -0.0090
vn 0.0136 0.9999 -0.0051
vn 0.0089 0.9998 -0.0154
vn 0.0068 0.9999 -0.0118
vn 0.0035 0.9999 -0.0168
vn 0.0025 0.9999 -0.0136
vn -0.0024 0.9999 -0.0158
vn -0.0024 0.9999 -0.0143
vn 0.0099 0.9999 -0.0085
vn 0.0133 0.9999 -0.0049
vn 0.0063 0.9999 -0.0109
vn 0.0024 0.9999 -0.0128
vn -0.0024 0.9999 -0.0140
vn 0.0104 0.9999 -0.0089
vn 0.0136 0.9999 -0.0050
vn 0.0067 0.9999 -0.0116
vn 0.0025 0.9999 -0.0135
vn -0.0025 0.9999 -0.0143
vn 0.0126 0.9999 -0.0107
vn 0.0146 0.9999 -0.0054
vn 0.0086 0.9999 -0.0148
vn 0.0030 0.9999 -0.0162
vn -0.0026 0.9999 -0.0154
vn 0.0156 0.9999 0.0000
vn 0.0156 0.9999 -0.0057
vn 0.0154 0.9999 -0.0000
vn -0.0077 0.9999 -0.0133
vn -0.0028 0.9999 -0.0163
vn -0.0078 0.9999 -0.0135
vn -0.0022 0.9999 -0.0166
vn -0.0076 0.9999 -0.0132
vn 0.0153 0.9999 -0.0000
vn 0.0155 0.9999 -0.0064
vn 0.0145 0.9998 -0.0122
vn -0.0075 0.9999 -0.0130
vn 0.0041 0.9998 -0.0188
vn 0.0149 0.9999 -0.0000
vn 0.0102 0.9998 -0.0177
vn -0.0074 0.9999 -0.0128
vn 0.0148 0.9999 -0.0000
vn 0.0034 0.9998 -0.0187
vn -0.0075 0.9999 -0.0129
vn 0.0142 0.9998 -0.0130
vn 0.0150 0.9999 -0.0000
vn -0.2552 0.9617 0.1002
vn -0.2192 0.9561 0.1943
vn -0.1829 0.9706 0.1568
vn -0.2358 0.9678 0.0881
vn -0.1510 0.9533 0.2615
vn -0.1182 0.9717 0.2047
vn -0.0587 0.9561 0.2870
vn -0.0443 0.9706 0.2368
vn 0.0409 0.9617 0.2711
vn 0.0416 0.9678 0.2483
vn -0.1731 0.9738 0.1473
vn -0.2305 0.9694 0.0847
vn -0.1098 0.9756 0.1902
vn -0.0410 0.9738 0.2235
vn 0.0419 0.9694 0.2420
vn -0.1816 0.9711 0.1549
vn -0.2356 0.9680 0.0867
vn -0.1167 0.9724 0.2021
vn -0.0433 0.9711 0.2347
vn 0.0427 0.9680 0.2474
vn -0.2156 0.9589 0.1843
vn -0.2525 0.9630 0.0939
vn -0.1463 0.9562 0.2535
vn -0.0518 0.9589 0.2789
vn 0.0449 0.9630 0.2656
vn -0.2687 0.9632 -0.0000
vn -0.2671 0.9587 0.0978
vn -0.2650 0.9642 -0.0000
vn 0.1325 0.9642 0.2295
vn 0.0488 0.9587 0.2802
vn 0.1343 0.9632 0.2327
vn 0.1343 0.9633 0.2326
vn 0.0389 0.9577 0.2852
vn 0.1320 0.9645 0.2286
vn -0.2640 0.9645 -0.0000
vn -0.2664 0.9577 0.1089
vn -0.2686 0.9633 -0.0000
vn -0.2458 0.9468 0.2076
vn 0.1294 0.9660 0.2241
vn -0.0694 0.9454 0.3184
vn -0.2581 0.9661 -0.0000
vn -0.1718 0.9391 0.2976
vn 0.1282 0.9666 0.2221
vn -0.1719 0.9390 0.2977
vn -0.2565 0.9666 -0.0000
vn -0.0569 0.9468 0.3167
vn 0.1291 0.9661 0.2235
vn -0.2411 0.9454 0.2193
vn -0.2587 0.9660 -0.0000
vn -0.9299 -0.1152 0.3492
vn -0.7536 -0.1097 0.6482
vn -0.7514 -0.1312 0.6467
vn -0.9287 -0.1245 0.3492
vn -0.4971 -0.1070 0.8611
vn -0.4955 -0.1342 0.8582
vn -0.1845 -0.1097 0.9767
vn -0.1844 -0.1312 0.9741
vn 0.1626 -0.1152 0.9800
vn 0.1619 -0.1245 0.9789
vn -0.7504 -0.1383 0.6464
vn -0.9282 -0.1277 0.3495
vn -0.4949 -0.1431 0.8571
vn -0.1846 -0.1383 0.9730
vn 0.1615 -0.1277 0.9786
vn -0.7509 -0.1310 0.6473
vn -0.9284 -0.1245 0.3501
vn -0.4955 -0.1339 0.8582
vn -0.1852 -0.1310 0.9739
vn 0.1610 -0.1245 0.9791
vn -0.7525 -0.1093 0.6495
vn -0.9292 -0.1149 0.3512
vn -0.4972 -0.1066 0.8611
vn -0.1862 -0.1093 0.9764
vn 0.1605 -0.1149 0.9803
vn -0.9933 -0.1159 -0.0000
vn -0.9296 -0.1086 0.3523
vn -0.9930 -0.1179 -0.0000
vn 0.4965 -0.1179 0.8600
vn 0.1597 -0.1086 0.9812
vn 0.4966 -0.1159 0.8602
vn 0.1635 -0.1088 0.9805
vn 0.4965 -0.1178 0.8600
vn -0.9930 -0.1178 -0.0000
vn -0.9309 -0.1088 0.3486
vn -0.7530 -0.0949 0.6511
vn 0.4963 -0.1208 0.8597
vn -0.1840 -0.0950 0.9783
vn -0.9927 -0.1207 0.0000
vn -0.4980 -0.0885 0.8626
vn 0.4963 -0.1218 0.8596
vn -0.4980 -0.0886 0.8626
vn -0.9926 -0.1217 0.0000
vn -0.1874 -0.0949 0.9777
vn -0.7552 -0.0951 0.6485
vn -0.9927 -0.1208 0.0000
vn -0.4200 -0.8939 0.1566
vn -0.3555 -0.8837 0.3043
vn -0.3064 -0.9152 0.2619
vn -0.3954 -0.9068 0.1461
vn -0.2400 -0.8773 0.4156
vn -0.1976 -0.9186 0.3422
vn -0.0858 -0.8837 0.4601
vn -0.0736 -0.9151 0.3963
vn 0.0744 -0.8939 0.4420
vn 0.0711 -0.9068 0.4155
vn -0.2937 -0.9225 0.2503
vn -0.3879 -0.9105 0.1429
vn -0.1871 -0.9273 0.3241
vn -0.0699 -0.9225 0.3795
vn 0.0702 -0.9105 0.4074
vn -0.3085 -0.9138 0.2643
vn -0.3958 -0.9063 0.1478
vn -0.1997 -0.9167 0.3459
vn -0.0747 -0.9138 0.3993
vn 0.0699 -0.9063 0.4167
vn -0.3597 -0.8775 0.3172
vn -0.4234 -0.8908 0.1651
vn -0.2457 -0.8709 0.4256
vn -0.0948 -0.8775 0.4701
vn 0.0688 -0.8908 0.4493
vn -0.4471 -0.8945 0.0000
vn -0.4391 -0.8806 0.1783
vn -0.4405 -0.8978 0.0000
vn 0.2202 -0.8978 0.3815
vn 0.0652 -0.8806 0.4694
vn 0.2236 -0.8945 0.3872
vn 0.2236 -0.8944 0.3873
vn 0.0808 -0.8829 0.4625
vn 0.2210 -0.8971 0.3827
vn -0.4419 -0.8971 -0.0000
vn -0.4409 -0.8829 0.1613
vn -0.4472 -0.8944 -0.0000
vn -0.3895 -0.8510 0.3522
vn 0.2160 -0.9019 0.3741
vn -0.0919 -0.8540 0.5120
vn -0.4328 -0.9015 0.0000
vn -0.2743 -0.8360 0.4752
vn 0.2148 -0.9031 0.3720
vn -0.2742 -0.8362 0.4750
vn -0.4295 -0.9031 0.0000
vn -0.1102 -0.8510 0.5134
vn 0.2164 -0.9015 0.3748
vn -0.3975 -0.8541 0.3356
vn -0.4319 -0.9019 0.0000
vn -0.7815 -0.5515 0.2917
vn -0.6428 -0.5323 0.5509
vn -0.6063 -0.6017 0.5199
vn -0.7625 -0.5811 0.2844
vn -0.4265 -0.5219 0.7387
vn -0.3959 -0.6108 0.6857
vn -0.1557 -0.5323 0.8321
vn -0.1471 -0.6017 0.7850
vn 0.1381 -0.5515 0.8227
vn 0.1349 -0.5811 0.8026
vn -0.5947 -0.6217 0.5098
vn -0.7561 -0.5904 0.2822
vn -0.3862 -0.6351 0.6690
vn -0.1442 -0.6217 0.7699
vn 0.1337 -0.5904 0.7959
vn -0.6067 -0.5994 0.5221
vn -0.7622 -0.5804 0.2866
vn -0.3972 -0.6075 0.6879
vn -0.1488 -0.5994 0.7865
vn 0.1329 -0.5804 0.8034
vn -0.6419 -0.5254 0.5585
vn -0.7814 -0.5476 0.2994
vn -0.4286 -0.5149 0.7424
vn -0.1627 -0.5254 0.8352
vn 0.1314 -0.5476 0.8264
vn -0.8332 -0.5530 0.0000
vn -0.7916 -0.5265 0.3101
vn -0.8285 -0.5599 0.0000
vn 0.4143 -0.5599 0.7175
vn 0.1273 -0.5265 0.8406
vn 0.4166 -0.5530 0.7216
vn 0.4166 -0.5529 0.7216
vn 0.1443 -0.5291 0.8362
vn 0.4146 -0.5590 0.7181
vn -0.8292 -0.5590 -0.0000
vn -0.7963 -0.5291 0.2931
vn -0.8332 -0.5529 -0.0000
vn -0.6599 -0.4754 0.5819
vn 0.4111 -0.5693 0.7120
vn -0.1576 -0.4780 0.8641
vn -0.8225 -0.5687 -0.0000
vn -0.4462 -0.4512 0.7729
vn 0.4101 -0.5722 0.7103
vn -0.4462 -0.4513 0.7728
vn -0.8201 -0.5722 -0.0000
vn -0.1740 -0.4754 0.8624
vn 0.4113 -0.5687 0.7123
vn -0.6696 -0.4780 0.5685
vn -0.8221 -0.5693 -0.0000
vn -0.9342 0.0567 0.3523
vn -0.7563 0.0539 0.6520
vn -0.7560 0.0647 0.6514
vn -0.9340 0.0614 0.3519
vn -0.4993 0.0525 0.8648
vn -0.4989 0.0661 0.8641
vn -0.1865 0.0539 0.9810
vn -0.1861 0.0647 0.9804
vn 0.1620 0.0567 0.9852
vn 0.1623 0.0614 0.9848
vn -0.7559 0.0683 0.6512
vn -0.9340 0.0630 0.3517
vn -0.4988 0.0707 0.8639
vn -0.1860 0.0683 0.9802
vn 0.1624 0.0630 0.9847
vn -0.7561 0.0647 0.6513
vn -0.9341 0.0614 0.3517
vn -0.4989 0.0662 0.8641
vn -0.1860 0.0647 0.9804
vn 0.1625 0.0614 0.9848
vn -0.7567 0.0540 0.6515
vn -0.9344 0.0567 0.3516
vn -0.4993 0.0526 0.8648
vn -0.1859 0.0540 0.9811
vn 0.1628 0.0567 0.9850
vn -0.9984 0.0571 -0.0000
vn -0.9349 0.0536 0.3510
vn -0.9983 0.0581 -0.0000
vn 0.4992 0.0581 0.8646
vn 0.1635 0.0536 0.9851
vn 0.4992 0.0571 0.8646
vn 0.1613 0.0535 0.9854
vn -0.9341 0.0535 0.3530
vn -0.7574 0.0467 0.6513
vn 0.4991 0.0595 0.8645
vn -0.1872 0.0467 0.9812
vn -0.9982 0.0595 -0.0000
vn -0.4995 0.0435 0.8652
vn 0.4991 0.0600 0.8645
vn -0.9982 0.0600 -0.0000
vn -0.1853 0.0467 0.9816
vn -0.7562 0.0467 0.6527
vn -0.7376 0.6132 0.2826
vn -0.6089 0.5904 0.5298
vn -0.5672 0.6643 0.4868
vn -0.7149 0.6459 0.2678
vn -0.4075 0.5795 0.7058
vn -0.3703 0.6720 0.6413
vn -0.1544 0.5904 0.7922
vn -0.1380 0.6643 0.7346
vn 0.1241 0.6132 0.7801
vn 0.1256 0.6459 0.7530
vn -0.5528 0.6858 0.4734
vn -0.7075 0.6558 0.2635
vn -0.3578 0.6986 0.6197
vn -0.1335 0.6858 0.7154
vn 0.1256 0.6558 0.7445
vn -0.5655 0.6668 0.4855
vn -0.7145 0.6467 0.2669
vn -0.3687 0.6754 0.6386
vn -0.1377 0.6668 0.7324
vn 0.1261 0.6467 0.7522
vn -0.6080 0.5981 0.5221
vn -0.7365 0.6177 0.2758
vn -0.4047 0.5873 0.7009
vn -0.1481 0.5981 0.7876
vn 0.1295 0.6177 0.7757
vn -0.7854 0.6189 0.0000
vn -0.7545 0.5952 0.2766
vn -0.7808 0.6248 -0.0000
vn 0.3904 0.6248 0.6762
vn 0.1377 0.5952 0.7917
vn 0.3927 0.6189 0.6802
vn 0.3927 0.6191 0.6801
vn 0.1183 0.5921 0.7971
vn 0.3899 0.6260 0.6753
vn -0.7798 0.6260 -0.0000
vn -0.7495 0.5921 0.2961
vn -0.7853 0.6191 -0.0000
vn -0.6409 0.5429 0.5427
vn 0.3865 0.6345 0.6694
vn -0.1687 0.5397 0.8248
vn -0.7723 0.6353 -0.0000
vn -0.4286 0.5149 0.7424
vn 0.3850 0.6380 0.6669
vn -0.4287 0.5147 0.7425
vn -0.7701 0.6380 -0.0000
vn -0.1496 0.5429 0.8264
vn 0.3862 0.6353 0.6688
vn -0.6299 0.5397 0.5585
vn -0.7729 0.6345 -0.0000
vn -0.6001 0.7660 0.2302
vn -0.5026 0.7453 0.4381
vn -0.4493 0.8069 0.3835
vn -0.5713 0.7929 0.2120
vn -0.3389 0.7352 0.5870
vn -0.2914 0.8126 0.5047
vn -0.1281 0.7453 0.6543
vn -0.1074 0.8069 0.5808
vn 0.1007 0.7660 0.6349
vn 0.1021 0.7929 0.6007
vn -0.4317 0.8232 0.3686
vn -0.5619 0.8006 0.2080
vn -0.2770 0.8325 0.4797
vn -0.1034 0.8232 0.5582
vn 0.1008 0.8006 0.5906
vn -0.4453 0.8091 0.3834
vn -0.5695 0.7938 0.2134
vn -0.2893 0.8156 0.5011
vn -0.1094 0.8091 0.5774
vn 0.1000 0.7938 0.5999
vn -0.4977 0.7537 0.4292
vn -0.5962 0.7707 0.2249
vn -0.3342 0.7437 0.5789
vn -0.1228 0.7537 0.6456
vn 0.1033 0.7707 0.6287
vn -0.6362 0.7716 0.0000
vn -0.6195 0.7519 0.2254
vn -0.6305 0.7762 0.0000
vn 0.3152 0.7762 0.5460
vn 0.1145 0.7519 0.6492
vn 0.3181 0.7715 0.5509
vn 0.3180 0.7717 0.5507
vn 0.0925 0.7484 0.6567
vn 0.3144 0.7776 0.5446
vn -0.6288 0.7776 -0.0000
vn -0.6150 0.7484 0.2483
vn -0.6359 0.7717 -0.0000
vn -0.5419 0.7056 0.4565
vn 0.3104 0.7840 0.5376
vn -0.1476 0.7015 0.6972
vn -0.6196 0.7849 -0.0000
vn -0.3671 0.6790 0.6358
vn 0.3085 0.7869 0.5344
vn -0.3673 0.6785 0.6362
vn -0.6171 0.7869 -0.0000
vn -0.1243 0.7056 0.6976
vn 0.3098 0.7849 0.5366
vn -0.5300 0.7015 0.4764
vn -0.6208 0.7840 -0.0000
vn -0.7984 0.5192 0.3051
vn -0.6549 0.4976 0.5688
vn -0.6226 0.5707 0.5354
vn -0.7808 0.5516 0.2933
vn -0.4366 0.4874 0.7562
vn -0.4077 0.5789 0.7062
vn -0.1652 0.4976 0.8515
vn -0.1523 0.5707 0.8069
vn 0.1350 0.5192 0.8439
vn 0.1364 0.5516 0.8229
vn -0.6112 0.5930 0.5242
vn -0.7751 0.5617 0.2895
vn -0.3975 0.6065 0.6885
vn -0.1484 0.5930 0.7914
vn 0.1368 0.5617 0.8160
vn -0.6218 0.5729 0.5339
vn -0.7808 0.5523 0.2919
vn -0.4066 0.5820 0.7042
vn -0.1515 0.5729 0.8055
vn 0.1376 0.5523 0.8222
vn -0.6555 0.5039 0.5625
vn -0.7984 0.5229 0.2986
vn -0.4348 0.4938 0.7531
vn -0.1594 0.5039 0.8489
vn 0.1406 0.5229 0.8407
vn -0.8515 0.5243 -0.0000
vn -0.8123 0.5008 0.2989
vn -0.8478 0.5303 -0.0000
vn 0.4239 0.5303 0.7342
vn 0.1473 0.5008 0.8529
vn 0.4258 0.5243 0.7374
vn 0.4257 0.5244 0.7374
vn 0.1302 0.4983 0.8572
vn 0.4236 0.5313 0.7337
vn -0.8472 0.5313 0.0000
vn -0.8074 0.4983 0.3158
vn -0.8515 0.5244 -0.0000
vn -0.6805 0.4507 0.5777
vn 0.4208 0.5400 0.7289
vn -0.1764 0.4483 0.8763
vn -0.8413 0.5406 0.0000
vn -0.4526 0.4249 0.7840
vn 0.4197 0.5434 0.7270
vn -0.4527 0.4247 0.7840
vn -0.8395 0.5434 -0.0000
vn -0.1601 0.4507 0.8782
vn 0.4206 0.5406 0.7286
vn -0.6707 0.4483 0.5909
vn -0.8417 0.5400 -0.0000
vn -0.9348 0.0448 0.3524
vn -0.7567 0.0426 0.6523
vn -0.7566 0.0512 0.6519
vn -0.9347 0.0486 0.3522
vn -0.4996 0.0416 0.8653
vn -0.4993 0.0523 0.8648
vn -0.1866 0.0426 0.9815
vn -0.1863 0.0512 0.9812
vn 0.1622 0.0448 0.9857
vn 0.1624 0.0486 0.9855
vn -0.7565 0.0540 0.6517
vn -0.9347 0.0498 0.3520
vn -0.4992 0.0559 0.8647
vn -0.1862 0.0540 0.9810
vn 0.1625 0.0498 0.9855
vn -0.7567 0.0512 0.6518
vn -0.9348 0.0486 0.3519
vn -0.4993 0.0524 0.8648
vn -0.1861 0.0512 0.9812
vn 0.1626 0.0486 0.9855
vn -0.7571 0.0427 0.6519
vn -0.9350 0.0449 0.3518
vn -0.1860 0.0427 0.9816
vn 0.1628 0.0449 0.9856
vn -0.9990 0.0452 0.0000
vn -0.9353 0.0424 0.3514
vn -0.9989 0.0459 -0.0000
vn 0.4995 0.0459 0.8651
vn 0.1633 0.0424 0.9857
vn 0.4995 0.0452 0.8651
vn 0.1617 0.0423 0.9859
vn 0.4995 0.0460 0.8651
vn -0.9989 0.0460 -0.0000
vn -0.9347 0.0423 0.3529
vn -0.7575 0.0370 0.6517
vn 0.4995 0.0471 0.8651
vn -0.1870 0.0370 0.9817
vn -0.9989 0.0471 -0.0000
vn -0.4997 0.0344 0.8655
vn 0.4994 0.0475 0.8650
vn -0.9989 0.0475 -0.0000
vn -0.1856 0.0370 0.9819
vn 0.4994 0.0471 0.8651
vn -0.7566 0.0369 0.6528
vn -0.5271 -0.8265 0.1977
vn -0.4426 -0.8120 0.3804
vn -0.3897 -0.8581 0.3344
vn -0.5003 -0.8456 0.1863
vn -0.2978 -0.8032 0.5158
vn -0.2523 -0.8634 0.4370
vn -0.1081 -0.8120 0.5735
vn -0.0947 -0.8581 0.5046
vn 0.0923 -0.8265 0.5553
vn 0.0888 -0.8456 0.5264
vn -0.3759 -0.8695 0.3206
vn -0.4923 -0.8512 0.1819
vn -0.2404 -0.8769 0.4163
vn -0.0897 -0.8695 0.4858
vn 0.0887 -0.8512 0.5173
vn -0.3927 -0.8562 0.3358
vn -0.5014 -0.8449 0.1866
vn -0.2545 -0.8608 0.4408
vn -0.0944 -0.8562 0.5080
vn 0.0891 -0.8449 0.5275
vn -0.4472 -0.8041 0.3917
vn -0.5308 -0.8223 0.2051
vn -0.3032 -0.7952 0.5252
vn -0.1156 -0.8041 0.5831
vn 0.0878 -0.8223 0.5623
vn -0.5617 -0.8273 0.0000
vn -0.5468 -0.8075 0.2212
vn -0.5545 -0.8322 0.0000
vn 0.2773 -0.8322 0.4802
vn 0.0818 -0.8075 0.5842
vn 0.2809 -0.8273 0.4864
vn 0.2809 -0.8272 0.4866
vn 0.1013 -0.8106 0.5767
vn 0.2781 -0.8311 0.4817
vn -0.5562 -0.8311 0.0000
vn -0.5501 -0.8106 0.2006
vn -0.5619 -0.8272 0.0000
vn -0.4770 -0.7667 0.4298
vn 0.2726 -0.8383 0.4722
vn -0.1122 -0.7705 0.6275
vn -0.5463 -0.8376 -0.0000
vn -0.3328 -0.7464 0.5764
vn 0.2713 -0.8399 0.4700
vn -0.3326 -0.7467 0.5761
vn -0.5427 -0.8399 -0.0000
vn -0.1337 -0.7667 0.6280
vn 0.2732 -0.8376 0.4731
vn -0.4874 -0.7705 0.4109
vn -0.5452 -0.8383 0.0000
vn -0.6905 0.6726 0.2662
vn -0.5724 0.6498 0.5001
vn -0.5253 0.7212 0.4516
vn -0.6648 0.7041 0.2496
vn -0.3846 0.6389 0.6662
vn -0.3426 0.7283 0.5935
vn -0.1468 0.6498 0.7458
vn -0.1284 0.7212 0.6807
vn 0.1147 0.6726 0.7311
vn 0.1162 0.7041 0.7005
vn -0.5100 0.7413 0.4363
vn -0.6569 0.7133 0.2442
vn -0.3290 0.7530 0.5699
vn -0.1229 0.7413 0.6599
vn 0.1170 0.7133 0.6910
vn -0.5242 0.7237 0.4488
vn -0.6649 0.7048 0.2471
vn -0.3408 0.7318 0.5902
vn -0.1266 0.7237 0.6784
vn 0.1185 0.7048 0.6994
vn -0.5718 0.6583 0.4896
vn -0.6894 0.6773 0.2569
vn -0.3810 0.6475 0.6599
vn -0.1381 0.6583 0.7400
vn 0.1222 0.6773 0.7255
vn -0.7346 0.6785 -0.0000
vn -0.7089 0.6556 0.2602
vn -0.7294 0.6841 -0.0000
vn 0.3647 0.6841 0.6317
vn 0.1291 0.6556 0.7440
vn 0.3673 0.6785 0.6362
vn 0.3673 0.6786 0.6361
vn 0.1105 0.6523 0.7498
vn 0.3642 0.6852 0.6307
vn -0.7283 0.6852 0.0000
vn -0.7046 0.6523 0.2792
vn -0.7345 0.6786 -0.0000
vn -0.6081 0.6039 0.5152
vn 0.3603 0.6934 0.6241
vn -0.1610 0.6005 0.7832
vn -0.7200 0.6940 0.0000
vn -0.4089 0.5756 0.7081
vn 0.3587 0.6966 0.6213
vn -0.4089 0.5755 0.7082
vn -0.7174 0.6966 0.0000
vn -0.1421 0.6039 0.7843
vn 0.3600 0.6940 0.6235
vn -0.5978 0.6005 0.5311
vn -0.7206 0.6934 0.0000
vn -0.1608 0.9850 0.0630
vn -0.1387 0.9827 0.1229
vn -0.1146 0.9886 0.0980
vn -0.1480 0.9875 0.0550
vn -0.0957 0.9815 0.1658
vn -0.0740 0.9890 0.1281
vn -0.0371 0.9827 0.1816
vn -0.0276 0.9886 0.1483
vn 0.0259 0.9850 0.1707
vn 0.0263 0.9875 0.1557
vn -0.1082 0.9899 0.0920
vn -0.1445 0.9881 0.0530
vn -0.0685 0.9906 0.1187
vn -0.0256 0.9899 0.1397
vn 0.0263 0.9881 0.1516
vn -0.1135 0.9888 0.0971
vn -0.1477 0.9875 0.0545
vn -0.0730 0.9893 0.1264
vn -0.0273 0.9888 0.1468
vn 0.0266 0.9875 0.1551
vn -0.1359 0.9839 0.1165
vn -0.1587 0.9855 0.0593
vn -0.0926 0.9827 0.1603
vn -0.0329 0.9839 0.1759
vn 0.0280 0.9855 0.1671
vn -0.1690 0.9856 -0.0000
vn -0.1685 0.9838 0.0615
vn -0.1666 0.9860 -0.0000
vn 0.0833 0.9860 0.1443
vn 0.0310 0.9838 0.1767
vn 0.0845 0.9856 0.1463
vn 0.0844 0.9856 0.1463
vn 0.0242 0.9833 0.1801
vn 0.0829 0.9862 0.1436
vn -0.1658 0.9862 0.0000
vn -0.1681 0.9833 0.0691
vn -0.1689 0.9856 0.0000
vn -0.1563 0.9789 0.1318
vn 0.0812 0.9867 0.1407
vn -0.0446 0.9783 0.2025
vn -0.1620 0.9868 -0.0000
vn -0.1097 0.9756 0.1900
vn 0.0805 0.9870 0.1394
vn -0.1098 0.9756 0.1901
vn -0.1609 0.9870 -0.0000
vn -0.0360 0.9789 0.2012
vn 0.0810 0.9868 0.1403
vn -0.1531 0.9783 0.1399
vn -0.1625 0.9867 0.0000
vn -0.8013 0.5166 0.3016
vn -0.6584 0.4952 0.5667
vn -0.6265 0.5682 0.5336
vn -0.7840 0.5489 0.2900
vn -0.4372 0.4850 0.7573
vn -0.4086 0.5764 0.7077
vn -0.1616 0.4952 0.8536
vn -0.1489 0.5682 0.8093
vn 0.1395 0.5166 0.8448
vn 0.1409 0.5489 0.8240
vn -0.6127 0.5904 0.5254
vn -0.7767 0.5591 0.2901
vn -0.3985 0.6039 0.6903
vn -0.1486 0.5904 0.7933
vn 0.1371 0.5591 0.8177
vn -0.6204 0.5702 0.5385
vn -0.7806 0.5499 0.2971
vn -0.4076 0.5792 0.7060
vn -0.1561 0.5702 0.8065
vn 0.1331 0.5499 0.8246
vn -0.6532 0.5011 0.5676
vn -0.7978 0.5204 0.3046
vn -0.4356 0.4909 0.7545
vn -0.1650 0.5011 0.8495
vn 0.1351 0.5204 0.8432
vn -0.8532 0.5216 -0.0000
vn -0.8147 0.4984 0.2966
vn -0.8496 0.5275 -0.0000
vn 0.4248 0.5275 0.7357
vn 0.1505 0.4984 0.8538
vn 0.4266 0.5216 0.7389
vn 0.4265 0.5220 0.7387
vn 0.1261 0.4956 0.8594
vn 0.4243 0.5290 0.7349
vn -0.8486 0.5290 0.0000
vn -0.8073 0.4956 0.3205
vn -0.8530 0.5220 0.0000
vn -0.6832 0.4485 0.5763
vn 0.4218 0.5371 0.7305
vn -0.1805 0.4455 0.8769
vn -0.8427 0.5384 -0.0000
vn -0.4531 0.4227 0.7849
vn 0.4206 0.5408 0.7285
vn -0.4533 0.4221 0.7851
vn -0.8412 0.5408 -0.0000
vn -0.1575 0.4485 0.8798
vn 0.4214 0.5384 0.7298
vn -0.6691 0.4455 0.5948
vn -0.8435 0.5371 -0.0000
vn -0.8935 0.3007 0.3335
vn -0.7277 0.2865 0.6232
vn -0.7158 0.3391 0.6104
vn -0.8872 0.3239 0.3287
vn -0.4800 0.2798 0.8314
vn -0.4692 0.3458 0.8126
vn -0.1759 0.2865 0.9418
vn -0.1708 0.3391 0.9251
vn 0.1579 0.3007 0.9406
vn 0.1589 0.3239 0.9327
vn -0.7084 0.3562 0.6093
vn -0.8832 0.3316 0.3317
vn -0.4651 0.3672 0.8055
vn -0.1735 0.3562 0.9182
vn 0.1543 0.3316 0.9307
vn -0.7096 0.3400 0.6172
vn -0.8835 0.3245 0.3378
vn -0.4689 0.3470 0.8122
vn -0.1797 0.3400 0.9231
vn 0.1492 0.3245 0.9341
vn -0.7222 0.2887 0.6286
vn -0.8902 0.3023 0.3408
vn -0.4797 0.2820 0.8309
vn -0.1832 0.2887 0.9397
vn 0.1500 0.3023 0.9413
vn -0.9528 0.3035 -0.0000
vn -0.8994 0.2867 0.3299
vn -0.9514 0.3079 -0.0000
vn 0.4757 0.3079 0.8239
vn 0.1640 0.2867 0.9439
vn 0.4764 0.3035 0.8252
vn 0.4764 0.3038 0.8251
vn 0.1448 0.2855 0.9474
vn 0.4756 0.3088 0.8237
vn -0.9511 0.3088 -0.0000
vn -0.8928 0.2855 0.3483
vn -0.9527 0.3038 -0.0000
vn -0.7380 0.2528 0.6257
vn 0.4746 0.3149 0.8220
vn -0.1903 0.2514 0.9490
vn -0.9489 0.3157 -0.0000
vn -0.4859 0.2361 0.8415
vn 0.4741 0.3176 0.8212
vn -0.4859 0.2358 0.8416
vn -0.9482 0.3176 -0.0000
vn -0.1728 0.2528 0.9520
vn 0.4744 0.3157 0.8217
vn -0.7267 0.2514 0.6393
vn -0.9491 0.3149 -0.0000
vn -0.9353 0.0437 0.3512
vn -0.7576 0.0416 0.6514
vn -0.7574 0.0499 0.6511
vn -0.9352 0.0474 0.3510
vn -0.4996 0.0406 0.8653
vn -0.4993 0.0511 0.8649
vn -0.1854 0.0416 0.9818
vn -0.1852 0.0499 0.9814
vn 0.1635 0.0437 0.9856
vn 0.1636 0.0474 0.9854
vn -0.7566 0.0527 0.6518
vn -0.9347 0.0486 0.3520
vn -0.4993 0.0546 0.8647
vn -0.1862 0.0527 0.9811
vn 0.1625 0.0486 0.9855
vn -0.7560 0.0500 0.6527
vn -0.9344 0.0474 0.3532
vn -0.1873 0.0500 0.9810
vn 0.1613 0.0474 0.9858
vn -0.7563 0.0416 0.6529
vn -0.9345 0.0438 0.3531
vn -0.1873 0.0416 0.9814
vn 0.1614 0.0438 0.9859
vn -0.9990 0.0441 -0.0000
vn -0.9356 0.0413 0.3505
vn -0.9990 0.0448 -0.0000
vn 0.4995 0.0448 0.8652
vn 0.1642 0.0413 0.9856
vn 0.4995 0.0441 0.8652
vn 0.1607 0.0413 0.9861
vn -0.9344 0.0413 0.3539
vn -0.7581 0.0361 0.6511
vn -0.1879 0.0360 0.9815
vn -0.4997 0.0336 0.8655
vn 0.4995 0.0463 0.8651
vn -0.9989 0.0463 -0.0000
vn -0.1848 0.0361 0.9821
vn -0.7560 0.0360 0.6535
vn -0.9260 -0.1413 0.3500
vn -0.7500 -0.1345 0.6476
vn -0.7469 -0.1607 0.6453
vn -0.9244 -0.1527 0.3497
vn -0.4957 -0.1313 0.8585
vn -0.4932 -0.1643 0.8543
vn -0.1859 -0.1345 0.9733
vn -0.1854 -0.1607 0.9694
vn 0.1599 -0.1413 0.9770
vn 0.1594 -0.1527 0.9753
vn -0.7468 -0.1693 0.6431
vn -0.9244 -0.1564 0.3479
vn -0.4923 -0.1751 0.8526
vn -0.1836 -0.1693 0.9683
vn 0.1609 -0.1564 0.9745
vn -0.7488 -0.1605 0.6431
vn -0.9254 -0.1525 0.3468
vn -0.4932 -0.1640 0.8543
vn -0.1826 -0.1605 0.9700
vn 0.1624 -0.1525 0.9749
vn -0.7513 -0.1340 0.6462
vn -0.9268 -0.1409 0.3482
vn -0.4957 -0.1307 0.8586
vn -0.1839 -0.1340 0.9738
vn 0.1618 -0.1409 0.9767
vn -0.9898 -0.1421 -0.0000
vn -0.9260 -0.1332 0.3533
vn -0.9895 -0.1446 0.0000
vn 0.4947 -0.1446 0.8569
vn 0.1570 -0.1332 0.9786
vn 0.4949 -0.1421 0.8572
vn 0.1649 -0.1335 0.9772
vn 0.4948 -0.1444 0.8569
vn -0.9895 -0.1444 -0.0000
vn -0.9288 -0.1335 0.3458
vn -0.9899 -0.1421 0.0000
vn -0.7500 -0.1165 0.6511
vn 0.4945 -0.1481 0.8565
vn -0.1818 -0.1167 0.9764
vn -0.9890 -0.1480 -0.0000
vn -0.4970 -0.1087 0.8609
vn 0.4944 -0.1492 0.8563
vn -0.4970 -0.1088 0.8609
vn -0.9888 -0.1492 0.0000
vn -0.1889 -0.1165 0.9751
vn 0.4945 -0.1480 0.8565
vn -0.7546 -0.1167 0.6457
vn -0.9890 -0.1481 0.0000
vn 0.0326 -0.9994 -0.0125
vn 0.0280 -0.9993 -0.0243
vn 0.0232 -0.9995 -0.0201
vn 0.0303 -0.9995 -0.0114
vn 0.0192 -0.9993 -0.0332
vn 0.0150 -0.9995 -0.0260
vn 0.0070 -0.9993 -0.0364
vn 0.0058 -0.9995 -0.0302
vn -0.0055 -0.9994 -0.0345
vn -0.0053 -0.9995 -0.0320
vn 0.0222 -0.9996 -0.0189
vn 0.0297 -0.9995 -0.0109
vn 0.0141 -0.9996 -0.0244
vn 0.0052 -0.9996 -0.0287
vn -0.0054 -0.9995 -0.0312
vn 0.0237 -0.9995 -0.0200
vn 0.0305 -0.9995 -0.0112
vn 0.0152 -0.9995 -0.0263
vn 0.0055 -0.9995 -0.0305
vn -0.0056 -0.9995 -0.0320
vn 0.0288 -0.9993 -0.0253
vn 0.0332 -0.9994 -0.0128
vn 0.0198 -0.9992 -0.0344
vn 0.0075 -0.9993 -0.0376
vn -0.0055 -0.9994 -0.0352
vn 0.0348 -0.9994 -0.0000
vn 0.0347 -0.9993 -0.0145
vn 0.0341 -0.9994 -0.0000
vn -0.0171 -0.9994 -0.0296
vn -0.0048 -0.9993 -0.0373
vn -0.0174 -0.9994 -0.0302
vn -0.0065 -0.9993 -0.0365
vn -0.0172 -0.9994 -0.0298
vn 0.0344 -0.9994 -0.0000
vn 0.0348 -0.9993 -0.0126
vn 0.0349 -0.9994 -0.0000
vn 0.0317 -0.9991 -0.0293
vn -0.0167 -0.9994 -0.0289
vn 0.0073 -0.9991 -0.0418
vn 0.0335 -0.9994 -0.0000
vn 0.0229 -0.9990 -0.0396
vn -0.0166 -0.9995 -0.0287
vn 0.0228 -0.9990 -0.0395
vn 0.0332 -0.9995 -0.0000
vn 0.0095 -0.9991 -0.0421
vn -0.0167 -0.9994 -0.0290
vn 0.0325 -0.9991 -0.0272
vn 0.0333 -0.9994 0.0000
vn -0.4409 -0.8823 0.1649
vn -0.3726 -0.8712 0.3195
vn -0.3224 -0.9055 0.2760
vn -0.4157 -0.8964 0.1541
vn -0.2515 -0.8643 0.4356
vn -0.2081 -0.9093 0.3605
vn -0.0904 -0.8712 0.4825
vn -0.0778 -0.9055 0.4172
vn 0.0776 -0.8823 0.4642
vn 0.0744 -0.8964 0.4370
vn -0.3095 -0.9136 0.2637
vn -0.4082 -0.9004 0.1504
vn -0.1973 -0.9189 0.3417
vn -0.0737 -0.9136 0.3999
vn 0.0738 -0.9004 0.4287
vn -0.3249 -0.9040 0.2780
vn -0.4164 -0.8958 0.1552
vn -0.2103 -0.9073 0.3642
vn -0.0783 -0.9040 0.4203
vn 0.0738 -0.8958 0.4382
vn -0.3772 -0.8646 0.3319
vn -0.4446 -0.8789 0.1728
vn -0.2572 -0.8575 0.4455
vn -0.0988 -0.8646 0.4926
vn 0.0727 -0.8789 0.4714
vn -0.4696 -0.8829 0.0000
vn -0.4604 -0.8678 0.1871
vn -0.4627 -0.8865 0.0000
vn 0.2314 -0.8865 0.4007
vn 0.0682 -0.8678 0.4922
vn 0.2348 -0.8829 0.4066
vn 0.2349 -0.8828 0.4068
vn 0.0850 -0.8703 0.4851
vn 0.2321 -0.8857 0.4021
vn -0.4643 -0.8857 -0.0000
vn -0.4626 -0.8703 0.1689
vn -0.4697 -0.8828 -0.0000
vn -0.4071 -0.8360 0.3681
vn 0.2270 -0.8910 0.3932
vn -0.0958 -0.8392 0.5353
vn -0.4550 -0.8905 -0.0000
vn -0.2863 -0.8198 0.4959
vn 0.2258 -0.8922 0.3910
vn -0.2861 -0.8200 0.4956
vn -0.4515 -0.8922 0.0000
vn -0.1152 -0.8359 0.5366
vn 0.2275 -0.8905 0.3940
vn -0.4157 -0.8392 0.3506
vn -0.4540 -0.8910 -0.0000
vn -0.8721 -0.3647 0.3263
vn -0.7110 -0.3493 0.6103
vn -0.6925 -0.4078 0.5950
vn -0.8623 -0.3899 0.3231
vn -0.4699 -0.3415 0.8140
vn -0.4547 -0.4158 0.7876
vn -0.1730 -0.3493 0.9209
vn -0.1691 -0.4078 0.8973
vn 0.1535 -0.3647 0.9184
vn 0.1514 -0.3899 0.9083
vn -0.6861 -0.4259 0.5898
vn -0.8589 -0.3981 0.3222
vn -0.4494 -0.4383 0.7784
vn -0.1677 -0.4259 0.8891
vn 0.1504 -0.3981 0.9049
vn -0.6922 -0.4065 0.5963
vn -0.8619 -0.3895 0.3247
vn -0.4552 -0.4138 0.7884
vn -0.1703 -0.4065 0.8977
vn 0.1497 -0.3895 0.9088
vn -0.7092 -0.3458 0.6144
vn -0.8710 -0.3626 0.3314
vn -0.4706 -0.3379 0.8151
vn -0.1775 -0.3458 0.9214
vn 0.1485 -0.3626 0.9200
vn -0.9305 -0.3663 -0.0000
vn -0.8756 -0.3453 0.3377
vn -0.9283 -0.3719 -0.0000
vn 0.4641 -0.3719 0.8039
vn 0.1453 -0.3453 0.9272
vn 0.4653 -0.3663 0.8058
vn 0.4653 -0.3662 0.8059
vn 0.1577 -0.3467 0.9246
vn 0.4642 -0.3713 0.8041
vn -0.9285 -0.3713 -0.0000
vn -0.8796 -0.3467 0.3258
vn -0.9305 -0.3662 -0.0000
vn -0.7171 -0.3057 0.6264
vn 0.4625 -0.3798 0.8011
vn -0.1727 -0.3069 0.9359
vn -0.9252 -0.3795 0.0000
vn -0.4789 -0.2872 0.8295
vn 0.4620 -0.3823 0.8002
vn -0.4789 -0.2873 0.8295
vn -0.9240 -0.3823 -0.0000
vn -0.1840 -0.3057 0.9342
vn 0.4626 -0.3795 0.8012
vn -0.7242 -0.3069 0.6175
vn -0.9251 -0.3798 0.0000
vn -0.9210 0.1743 0.3484
vn -0.7464 0.1657 0.6445
vn -0.7425 0.1982 0.6399
vn -0.9190 0.1886 0.3463
vn -0.4934 0.1617 0.8546
vn -0.4896 0.2024 0.8481
vn -0.1850 0.1657 0.9687
vn -0.1829 0.1982 0.9630
vn 0.1588 0.1743 0.9718
vn 0.1595 0.1886 0.9690
vn -0.7411 0.2090 0.6381
vn -0.9183 0.1933 0.3455
vn -0.4882 0.2160 0.8456
vn -0.1821 0.2089 0.9608
vn 0.1599 0.1933 0.9680
vn -0.7428 0.1985 0.6394
vn -0.9192 0.1887 0.3456
vn -0.4896 0.2030 0.8480
vn -0.1823 0.1985 0.9630
vn 0.1603 0.1887 0.9689
vn -0.7476 0.1666 0.6429
vn -0.9218 0.1748 0.3460
vn -0.4933 0.1626 0.8545
vn -0.1830 0.1666 0.9689
vn 0.1613 0.1748 0.9713
vn -0.9844 0.1758 -0.0000
vn -0.9240 0.1653 0.3449
vn -0.9839 0.1786 -0.0000
vn 0.4920 0.1786 0.8521
vn 0.1633 0.1653 0.9726
vn 0.4922 0.1758 0.8525
vn 0.1570 0.1649 0.9737
vn 0.4919 0.1788 0.8521
vn -0.9839 0.1788 0.0000
vn -0.9218 0.1649 0.3509
vn -0.7513 0.1447 0.6439
vn 0.4916 0.1830 0.8514
vn -0.1875 0.1444 0.9716
vn -0.9831 0.1831 0.0000
vn -0.4954 0.1349 0.8581
vn 0.4914 0.1845 0.8512
vn -0.4954 0.1348 0.8581
vn -0.9828 0.1845 0.0000
vn -0.1819 0.1447 0.9726
vn 0.4915 0.1831 0.8514
vn -0.7477 0.1444 0.6482
vn -0.9831 0.1830 0.0000
vn -0.5136 0.8346 0.1992
vn -0.4332 0.8171 0.3803
vn -0.3788 0.8667 0.3245
vn -0.4842 0.8561 0.1807
vn -0.2942 0.8085 0.5096
vn -0.2456 0.8710 0.4254
vn -0.1128 0.8171 0.5653
vn -0.0916 0.8667 0.4903
vn 0.0843 0.8346 0.5444
vn 0.0856 0.8561 0.5097
vn -0.3624 0.8793 0.3091
vn -0.4755 0.8620 0.1756
vn -0.2316 0.8862 0.4012
vn -0.0865 0.8793 0.4684
vn 0.0857 0.8620 0.4996
vn -0.3764 0.8686 0.3223
vn -0.4836 0.8567 0.1794
vn -0.2434 0.8736 0.4215
vn -0.0909 0.8686 0.4871
vn 0.0864 0.8567 0.5085
vn -0.4292 0.8249 0.3679
vn -0.5102 0.8387 0.1907
vn -0.2887 0.8165 0.5000
vn -0.1041 0.8249 0.5557
vn 0.0900 0.8387 0.5372
vn -0.5436 0.8394 -0.0000
vn -0.5328 0.8236 0.1947
vn -0.5379 0.8430 0.0000
vn 0.2689 0.8430 0.4658
vn 0.0978 0.8236 0.5587
vn 0.2718 0.8394 0.4707
vn 0.2717 0.8394 0.4706
vn 0.0795 0.8205 0.5660
vn 0.2682 0.8440 0.4645
vn -0.5363 0.8440 -0.0000
vn -0.5300 0.8205 0.2141
vn -0.5435 0.8394 0.0000
vn -0.4733 0.7851 0.3995
vn 0.2640 0.8492 0.4573
vn -0.1298 0.7814 0.6103
vn -0.5271 0.8498 -0.0000
vn -0.3237 0.7621 0.5607
vn 0.2623 0.8514 0.4542
vn -0.3239 0.7619 0.5609
vn -0.5245 0.8514 -0.0000
vn -0.1093 0.7851 0.6097
vn 0.2636 0.8498 0.4565
vn -0.4637 0.7814 0.4175
vn -0.5281 0.8492 0.0000
vn -0.0950 0.9948 0.0373
vn -0.0821 0.9940 0.0729
vn -0.0676 0.9960 0.0579
vn -0.0873 0.9956 0.0325
vn -0.0568 0.9935 0.0983
vn -0.0436 0.9962 0.0755
vn -0.0221 0.9940 0.1076
vn -0.0163 0.9960 0.0875
vn 0.0152 0.9948 0.1010
vn 0.0155 0.9956 0.0919
vn -0.0637 0.9965 0.0542
vn -0.0852 0.9959 0.0313
vn -0.0404 0.9967 0.0699
vn -0.0151 0.9965 0.0823
vn 0.0155 0.9959 0.0894
vn -0.0670 0.9961 0.0572
vn -0.0872 0.9957 0.0321
vn -0.0430 0.9963 0.0745
vn -0.0160 0.9961 0.0866
vn 0.0158 0.9957 0.0916
vn -0.0805 0.9944 0.0689
vn -0.0938 0.9950 0.0350
vn -0.0548 0.9940 0.0949
vn -0.0194 0.9944 0.1041
vn 0.0166 0.9950 0.0987
vn -0.0999 0.9950 0.0000
vn -0.0997 0.9944 0.0365
vn -0.0984 0.9951 0.0000
vn 0.0492 0.9951 0.0852
vn 0.0183 0.9944 0.1045
vn 0.0499 0.9950 0.0865
vn 0.0143 0.9942 0.1066
vn 0.0490 0.9952 0.0849
vn -0.0980 0.9952 0.0000
vn -0.0995 0.9942 0.0409
vn -0.0998 0.9950 0.0000
vn -0.0927 0.9926 0.0783
vn 0.0480 0.9954 0.0831
vn -0.0265 0.9924 0.1203
vn -0.0957 0.9954 0.0000
vn -0.0653 0.9914 0.1130
vn 0.0475 0.9955 0.0823
vn -0.0653 0.9914 0.1131
vn -0.0950 0.9955 0.0000
vn -0.0214 0.9926 0.1194
vn 0.0478 0.9954 0.0829
vn -0.0909 0.9924 0.0831
vn -0.0959 0.9954 -0.0000
vn -0.6053 -0.7633 0.2260
vn -0.5055 -0.7462 0.4332
vn -0.4531 -0.8025 0.3881
vn -0.5786 -0.7868 0.2149
vn -0.3384 -0.7362 0.5861
vn -0.2938 -0.8092 0.5088
vn -0.1224 -0.7462 0.6544
vn -0.1095 -0.8025 0.5865
vn 0.1069 -0.7633 0.6372
vn 0.1032 -0.7868 0.6086
vn -0.4385 -0.8170 0.3745
vn -0.5702 -0.7939 0.2112
vn -0.2815 -0.8265 0.4875
vn -0.1051 -0.8170 0.5670
vn 0.1022 -0.7939 0.5995
vn -0.4552 -0.8002 0.3904
vn -0.5790 -0.7860 0.2166
vn -0.2959 -0.8061 0.5125
vn -0.1105 -0.8002 0.5894
vn 0.1019 -0.7860 0.6097
vn -0.5081 -0.7376 0.4448
vn -0.6078 -0.7586 0.2349
vn -0.3431 -0.7274 0.5943
vn -0.1312 -0.7376 0.6624
vn 0.1005 -0.7586 0.6438
vn -0.6448 -0.7643 0.0000
vn -0.6236 -0.7408 0.2497
vn -0.6379 -0.7701 -0.0000
vn 0.3189 -0.7701 0.5524
vn 0.0956 -0.7408 0.6649
vn 0.3224 -0.7643 0.5585
vn 0.3225 -0.7642 0.5586
vn 0.1148 -0.7441 0.6581
vn 0.3196 -0.7690 0.5536
vn -0.6393 -0.7690 0.0000
vn -0.6273 -0.7442 0.2296
vn -0.6450 -0.7642 -0.0000
vn -0.5370 -0.6934 0.4804
vn 0.3143 -0.7777 0.5445
vn -0.1270 -0.6971 0.7056
vn -0.6295 -0.7770 0.0000
vn -0.3712 -0.6701 0.6428
vn 0.3130 -0.7798 0.5422
vn -0.3710 -0.6703 0.6427
vn -0.6260 -0.7798 0.0000
vn -0.1476 -0.6934 0.7053
vn 0.3148 -0.7770 0.5452
vn -0.5475 -0.6972 0.4628
vn -0.6287 -0.7777 -0.0000
vn -0.9235 0.1586 0.3493
vn -0.7482 0.1508 0.6461
vn -0.7450 0.1805 0.6422
vn -0.9218 0.1717 0.3475
vn -0.4946 0.1471 0.8566
vn -0.4914 0.1844 0.8512
vn -0.1854 0.1508 0.9710
vn -0.1836 0.1805 0.9663
vn 0.1593 0.1586 0.9744
vn 0.1599 0.1717 0.9721
vn -0.7439 0.1903 0.6406
vn -0.9213 0.1760 0.3467
vn -0.4902 0.1968 0.8491
vn -0.1828 0.1903 0.9645
vn 0.1604 0.1760 0.9712
vn -0.7455 0.1808 0.6416
vn -0.9221 0.1717 0.3466
vn -0.4914 0.1849 0.8511
vn -0.1829 0.1808 0.9664
vn 0.1609 0.1717 0.9719
vn -0.7495 0.1515 0.6444
vn -0.9243 0.1590 0.3469
vn -0.4945 0.1479 0.8565
vn -0.1834 0.1515 0.9713
vn 0.1617 0.1590 0.9739
vn -0.9871 0.1600 -0.0000
vn -0.9261 0.1503 0.3460
vn -0.9867 0.1626 0.0000
vn 0.4934 0.1626 0.8545
vn 0.1634 0.1503 0.9750
vn 0.4936 0.1600 0.8549
vn 0.1578 0.1500 0.9760
vn 0.4933 0.1627 0.8545
vn -0.9867 0.1627 -0.0000
vn -0.9242 0.1500 0.3513
vn -0.7525 0.1315 0.6453
vn 0.4930 0.1666 0.8539
vn -0.1874 0.1312 0.9735
vn -0.9860 0.1666 0.0000
vn -0.4962 0.1226 0.8595
vn 0.4929 0.1679 0.8537
vn -0.4962 0.1225 0.8595
vn -0.9858 0.1679 -0.0000
vn -0.1826 0.1315 0.9744
vn -0.7493 0.1312 0.6491
vn -0.2975 0.9479 0.1138
vn -0.2556 0.9407 0.2231
vn -0.2147 0.9598 0.1810
vn -0.2758 0.9560 0.1003
vn -0.1747 0.9370 0.3026
vn -0.1378 0.9613 0.2387
vn -0.0654 0.9407 0.3329
vn -0.0494 0.9598 0.2765
vn 0.0502 0.9479 0.3145
vn 0.0510 0.9560 0.2890
vn -0.2021 0.9641 0.1719
vn -0.2687 0.9582 0.0987
vn -0.1283 0.9665 0.2222
vn -0.0478 0.9641 0.2610
vn 0.0489 0.9582 0.2821
vn -0.2100 0.9604 0.1828
vn -0.2731 0.9563 0.1039
vn -0.1363 0.9621 0.2361
vn -0.0533 0.9604 0.2733
vn 0.0466 0.9563 0.2885
vn -0.2482 0.9441 0.2172
vn -0.2920 0.9497 0.1130
vn -0.1700 0.9404 0.2945
vn -0.0640 0.9441 0.3235
vn 0.0481 0.9497 0.3094
vn -0.3126 0.9499 -0.0000
vn -0.3106 0.9439 0.1117
vn -0.3086 0.9512 -0.0000
vn 0.1543 0.9512 0.2672
vn 0.0586 0.9439 0.3249
vn 0.1563 0.9499 0.2707
vn 0.1561 0.9500 0.2704
vn 0.0419 0.9424 0.3318
vn 0.1533 0.9518 0.2656
vn -0.3067 0.9518 0.0000
vn -0.3082 0.9424 0.1296
vn -0.3122 0.9500 0.0000
vn -0.2852 0.9284 0.2383
vn 0.1508 0.9534 0.2612
vn -0.0831 0.9262 0.3678
vn -0.3000 0.9539 -0.0000
vn -0.1980 0.9183 0.3429
vn 0.1493 0.9544 0.2586
vn -0.1984 0.9179 0.3437
vn -0.2986 0.9544 -0.0000
vn -0.0638 0.9284 0.3661
vn 0.1500 0.9539 0.2598
vn -0.2770 0.9262 0.2559
vn -0.3016 0.9534 0.0000
vn -0.9350 -0.0438 0.3519
vn -0.7570 -0.0417 0.6520
vn -0.7567 -0.0500 0.6519
vn -0.9348 -0.0475 0.3521
vn -0.4996 -0.0407 0.8653
vn -0.4993 -0.0512 0.8649
vn -0.1861 -0.0417 0.9816
vn -0.1862 -0.0500 0.9812
vn 0.1627 -0.0438 0.9857
vn 0.1625 -0.0475 0.9856
vn -0.7566 -0.0528 0.6518
vn -0.9347 -0.0487 0.3520
vn -0.4993 -0.0547 0.8647
vn -0.1862 -0.0528 0.9811
vn 0.1625 -0.0487 0.9855
vn -0.7568 -0.0417 0.6523
vn -0.9348 -0.0438 0.3523
vn -0.4996 -0.0406 0.8653
vn -0.1865 -0.0417 0.9816
vn 0.1623 -0.0438 0.9858
vn -0.9990 -0.0442 -0.0000
vn -0.9347 -0.0414 0.3530
vn -0.9990 -0.0449 -0.0000
vn 0.4995 -0.0449 0.8652
vn 0.1616 -0.0414 0.9860
vn 0.4995 -0.0442 0.8652
vn 0.1634 -0.0414 0.9857
vn -0.9353 -0.0414 0.3513
vn -0.7566 -0.0361 0.6529
vn 0.4995 -0.0460 0.8651
vn -0.1856 -0.0361 0.9820
vn -0.9989 -0.0460 0.0000
vn -0.4997 -0.0337 0.8655
vn 0.4995 -0.0464 0.8651
vn -0.9989 -0.0464 -0.0000
vn -0.1871 -0.0361 0.9817
vn -0.7576 -0.0361 0.6517
vn -0.3251 -0.9378 0.1217
vn -0.2766 -0.9312 0.2374
vn -0.2350 -0.9509 0.2012
vn -0.3045 -0.9458 0.1128
vn -0.1876 -0.9269 0.3250
vn -0.1514 -0.9530 0.2623
vn -0.0672 -0.9312 0.3583
vn -0.0567 -0.9510 0.3041
vn 0.0572 -0.9378 0.3424
vn 0.0546 -0.9458 0.3200
vn -0.2248 -0.9554 0.1913
vn -0.2984 -0.9481 0.1097
vn -0.1428 -0.9584 0.2473
vn -0.0533 -0.9554 0.2903
vn 0.0542 -0.9481 0.3133
vn -0.2372 -0.9501 0.2027
vn -0.3052 -0.9455 0.1135
vn -0.1532 -0.9519 0.2654
vn -0.0570 -0.9501 0.3068
vn 0.0543 -0.9455 0.3210
vn -0.2813 -0.9270 0.2482
vn -0.3288 -0.9357 0.1281
vn -0.1929 -0.9225 0.3342
vn -0.0743 -0.9269 0.3678
vn 0.0534 -0.9357 0.3488
vn -0.3462 -0.9381 -0.0000
vn -0.3421 -0.9292 0.1400
vn -0.3405 -0.9402 -0.0000
vn 0.1703 -0.9402 0.2949
vn 0.0498 -0.9292 0.3663
vn 0.1731 -0.9381 0.2999
vn 0.1732 -0.9381 0.3000
vn 0.0632 -0.9308 0.3600
vn 0.1710 -0.9397 0.2961
vn -0.3419 -0.9397 0.0000
vn -0.3434 -0.9308 0.1253
vn -0.3464 -0.9381 0.0000
vn -0.3070 -0.9098 0.2792
vn 0.1667 -0.9428 0.2887
vn -0.0721 -0.9120 0.4038
vn -0.3342 -0.9425 0.0000
vn -0.2181 -0.8999 0.3778
vn 0.1657 -0.9435 0.2870
vn -0.2179 -0.9000 0.3775
vn -0.3314 -0.9435 0.0000
vn -0.0883 -0.9098 0.4055
vn 0.1671 -0.9425 0.2895
vn -0.3136 -0.9120 0.2643
vn -0.3333 -0.9428 -0.0000
vn -0.9163 -0.2057 0.3436
vn -0.7436 -0.1962 0.6392
vn -0.7371 -0.2332 0.6342
vn -0.9128 -0.2217 0.3429
vn -0.4907 -0.1915 0.8500
vn -0.4856 -0.2383 0.8411
vn -0.1817 -0.1962 0.9636
vn -0.1807 -0.2332 0.9555
vn 0.1606 -0.2057 0.9654
vn 0.1595 -0.2217 0.9620
vn -0.7347 -0.2452 0.6325
vn -0.9115 -0.2271 0.3429
vn -0.4837 -0.2533 0.8378
vn -0.1804 -0.2452 0.9525
vn 0.1588 -0.2271 0.9608
vn -0.7367 -0.2327 0.6350
vn -0.9124 -0.2216 0.3440
vn -0.4857 -0.2376 0.8412
vn -0.1816 -0.2327 0.9555
vn 0.1583 -0.2216 0.9622
vn -0.7421 -0.1949 0.6413
vn -0.9153 -0.2049 0.3466
vn -0.4909 -0.1903 0.8502
vn -0.1843 -0.1949 0.9633
vn 0.1575 -0.2049 0.9660
vn -0.9784 -0.2068 -0.0000
vn -0.9166 -0.1941 0.3495
vn -0.9776 -0.2103 0.0000
vn 0.4888 -0.2103 0.8467
vn 0.1556 -0.1941 0.9686
vn 0.4892 -0.2068 0.8473
vn 0.1628 -0.1946 0.9673
vn 0.4888 -0.2101 0.8467
vn -0.9777 -0.2101 0.0000
vn -0.9191 -0.1946 0.3427
vn -0.7443 -0.1701 0.6458
vn 0.4883 -0.2153 0.8457
vn -0.1808 -0.1705 0.9686
vn -0.9766 -0.2152 0.0000
vn -0.4936 -0.1590 0.8550
vn 0.4881 -0.2169 0.8454
vn -0.9762 -0.2169 -0.0000
vn -0.1872 -0.1701 0.9675
vn 0.4883 -0.2152 0.8457
vn -0.7484 -0.1705 0.6409
vn -0.9766 -0.2153 0.0000
vn -0.5506 0.8073 0.2124
vn -0.4630 0.7883 0.4052
vn -0.4086 0.8432 0.3493
vn -0.5211 0.8312 0.1939
vn -0.3135 0.7790 0.5430
vn -0.2649 0.8481 0.4588
vn -0.1194 0.7883 0.6035
vn -0.0982 0.8432 0.5285
vn 0.0913 0.8073 0.5830
vn 0.0926 0.8312 0.5482
vn -0.3915 0.8574 0.3341
vn -0.5120 0.8379 0.1893
vn -0.2506 0.8653 0.4340
vn -0.0935 0.8574 0.5061
vn 0.0921 0.8379 0.5380
vn -0.4054 0.8453 0.3481
vn -0.5200 0.8319 0.1938
vn -0.2627 0.8509 0.4550
vn -0.0987 0.8453 0.5251
vn 0.0922 0.8319 0.5472
vn -0.4585 0.7965 0.3942
vn -0.5468 0.8117 0.2053
vn -0.3083 0.7873 0.5340
vn -0.1121 0.7965 0.5942
vn 0.0956 0.8117 0.5762
vn -0.5830 0.8124 -0.0000
vn -0.5700 0.7950 0.2078
vn -0.5773 0.8165 0.0000
vn 0.2887 0.8165 0.5000
vn 0.1050 0.7949 0.5975
vn 0.2915 0.8124 0.5049
vn 0.2914 0.8126 0.5048
vn 0.0850 0.7917 0.6050
vn 0.2878 0.8177 0.4985
vn -0.5757 0.8177 0.0000
vn -0.5664 0.7917 0.2289
vn -0.5829 0.8126 0.0000
vn -0.5032 0.7529 0.4242
vn 0.2837 0.8234 0.4914
vn -0.1376 0.7490 0.6481
vn -0.5664 0.8242 0.0000
vn -0.3427 0.7282 0.5936
vn 0.2819 0.8259 0.4883
vn -0.3429 0.7279 0.5939
vn -0.5638 0.8259 -0.0000
vn -0.1158 0.7529 0.6479
vn 0.2832 0.8242 0.4905
vn -0.4925 0.7490 0.4432
vn -0.5675 0.8234 0.0000
vn -0.8673 -0.3604 0.3435
vn -0.7018 -0.3444 0.6236
vn -0.6857 -0.4029 0.6063
vn -0.8588 -0.3857 0.3372
vn -0.4708 -0.3366 0.8155
vn -0.4559 -0.4105 0.7897
vn -0.1891 -0.3444 0.9196
vn -0.1822 -0.4029 0.8969
vn 0.1362 -0.3604 0.9228
vn 0.1373 -0.3857 0.9123
vn -0.6878 -0.4211 0.5913
vn -0.8607 -0.3935 0.3231
vn -0.4506 -0.4333 0.7805
vn -0.1682 -0.4211 0.8913
vn 0.1505 -0.3935 0.9069
vn -0.7003 -0.4018 0.5901
vn -0.8676 -0.3845 0.3152
vn -0.4562 -0.4093 0.7901
vn -0.1609 -0.4018 0.9015
vn 0.1608 -0.3845 0.9090
vn -0.7167 -0.3419 0.6079
vn -0.8764 -0.3582 0.3219
vn -0.4713 -0.3341 0.8163
vn -0.1681 -0.3419 0.9246
vn 0.1595 -0.3582 0.9199
vn -0.9321 -0.3622 0.0000
vn -0.8721 -0.3406 0.3513
vn -0.9297 -0.3682 0.0000
vn 0.4649 -0.3682 0.8052
vn 0.1318 -0.3406 0.9309
vn 0.4661 -0.3622 0.8072
vn 0.4662 -0.3616 0.8074
vn 0.1652 -0.3426 0.9249
vn 0.4652 -0.3664 0.8058
vn -0.9304 -0.3664 0.0000
vn -0.8835 -0.3426 0.3194
vn -0.9323 -0.3616 0.0000
vn -0.7100 -0.3010 0.6366
vn 0.4633 -0.3761 0.8024
vn -0.1661 -0.3035 0.9383
vn -0.9273 -0.3743 0.0000
vn -0.4796 -0.2830 0.8306
vn 0.4630 -0.3777 0.8019
vn -0.4794 -0.2839 0.8304
vn -0.9259 -0.3777 -0.0000
vn -0.1963 -0.3010 0.9332
vn 0.4636 -0.3743 0.8031
vn -0.7295 -0.3035 0.6130
vn -0.9266 -0.3761 0.0000
vn -0.9358 0.0000 0.3525
vn -0.7576 0.0000 0.6527
vn -0.5000 0.0000 0.8660
vn -0.1865 0.0000 0.9825
vn 0.1627 0.0000 0.9867
vn -1.0000 0.0000 -0.0000
vn 0.5000 0.0000 0.8660
vn -0.5890 0.7754 0.2278
vn -0.4933 0.7550 0.4321
vn -0.4396 0.8152 0.3771
vn -0.5599 0.8017 0.2094
vn -0.3335 0.7450 0.5777
vn -0.2857 0.8207 0.4948
vn -0.1276 0.7550 0.6432
vn -0.1067 0.8152 0.5693
vn 0.0972 0.7754 0.6240
vn 0.0986 0.8017 0.5895
vn -0.4229 0.8311 0.3611
vn -0.5510 0.8092 0.2040
vn -0.2712 0.8401 0.4698
vn -0.1013 0.8311 0.5468
vn 0.0989 0.8092 0.5792
vn -0.4376 0.8174 0.3746
vn -0.5594 0.8024 0.2077
vn -0.2835 0.8238 0.4910
vn -0.1057 0.8174 0.5663
vn 0.0998 0.8024 0.5883
vn -0.4904 0.7635 0.4202
vn -0.5863 0.7800 0.2189
vn -0.3286 0.7537 0.5691
vn -0.1187 0.7635 0.6348
vn 0.1036 0.7800 0.6172
vn -0.6247 0.7809 -0.0000
vn -0.6086 0.7616 0.2227
vn -0.6189 0.7854 0.0000
vn 0.3095 0.7854 0.5360
vn 0.1114 0.7616 0.6384
vn 0.3123 0.7809 0.5410
vn 0.3123 0.7810 0.5409
vn 0.0924 0.7583 0.6453
vn 0.3088 0.7866 0.5348
vn -0.6175 0.7866 0.0000
vn -0.6051 0.7583 0.2427
vn -0.6246 0.7810 -0.0000
vn -0.5331 0.7161 0.4505
vn 0.3046 0.7931 0.5275
vn -0.1442 0.7123 0.6869
vn -0.6083 0.7937 0.0000
vn -0.3620 0.6898 0.6270
vn 0.3028 0.7958 0.5245
vn -0.3621 0.6896 0.6272
vn -0.6056 0.7958 -0.0000
vn -0.1236 0.7161 0.6870
vn 0.3041 0.7937 0.5268
vn -0.5228 0.7123 0.4683
vn -0.6091 0.7931 0.0000
vn -0.2341 0.9680 0.0899
vn -0.2018 0.9634 0.1766
vn -0.1681 0.9755 0.1419
vn -0.2163 0.9731 0.0788
vn -0.1384 0.9610 0.2396
vn -0.1079 0.9764 0.1869
vn -0.0521 0.9634 0.2631
vn -0.0388 0.9755 0.2166
vn 0.0392 0.9680 0.2477
vn 0.0399 0.9731 0.2268
vn -0.1581 0.9782 0.1344
vn -0.2107 0.9745 0.0773
vn -0.1002 0.9797 0.1736
vn -0.0374 0.9782 0.2041
vn 0.0384 0.9745 0.2211
vn -0.1647 0.9759 0.1430
vn -0.2144 0.9734 0.0812
vn -0.1067 0.9770 0.1848
vn -0.0415 0.9759 0.2141
vn 0.0369 0.9734 0.2263
vn -0.1959 0.9656 0.1710
vn -0.2298 0.9692 0.0885
vn -0.1343 0.9632 0.2326
vn -0.0501 0.9656 0.2551
vn 0.0382 0.9692 0.2433
vn -0.2458 0.9693 -0.0000
vn -0.2448 0.9655 0.0882
vn -0.2426 0.9701 0.0000
vn 0.1213 0.9701 0.2101
vn 0.0460 0.9655 0.2562
vn 0.1229 0.9693 0.2129
vn 0.1228 0.9694 0.2126
vn 0.0331 0.9646 0.2617
vn 0.1205 0.9705 0.2087
vn -0.2410 0.9705 -0.0000
vn -0.2432 0.9646 0.1022
vn -0.2455 0.9694 -0.0000
vn -0.2262 0.9556 0.1891
vn 0.1184 0.9716 0.2051
vn -0.0660 0.9541 0.2921
vn -0.2356 0.9718 0.0000
vn -0.1577 0.9490 0.2731
vn 0.1172 0.9721 0.2030
vn -0.1581 0.9487 0.2738
vn -0.2344 0.9721 0.0000
vn -0.0507 0.9556 0.2904
vn 0.1178 0.9718 0.2041
vn -0.2200 0.9541 0.2032
vn -0.2368 0.9716 0.0000
vn -0.0753 0.9967 0.0288
vn -0.0653 0.9962 0.0570
vn -0.0538 0.9975 0.0452
vn -0.0693 0.9973 0.0250
vn -0.0449 0.9960 0.0777
vn -0.0344 0.9976 0.0596
vn -0.0168 0.9962 0.0851
vn -0.0122 0.9975 0.0692
vn 0.0127 0.9967 0.0796
vn 0.0130 0.9973 0.0725
vn -0.0503 0.9978 0.0428
vn -0.0673 0.9974 0.0247
vn -0.0319 0.9980 0.0552
vn -0.0119 0.9978 0.0650
vn 0.0123 0.9974 0.0706
vn -0.0524 0.9976 0.0458
vn -0.0684 0.9973 0.0262
vn -0.0340 0.9977 0.0589
vn -0.0135 0.9976 0.0683
vn 0.0115 0.9973 0.0724
vn -0.0629 0.9965 0.0554
vn -0.0736 0.9969 0.0288
vn -0.0435 0.9962 0.0753
vn -0.0165 0.9965 0.0822
vn 0.0119 0.9969 0.0781
vn -0.0789 0.9969 -0.0000
vn -0.0789 0.9965 0.0283
vn -0.0778 0.9970 -0.0000
vn 0.0389 0.9970 0.0674
vn 0.0149 0.9965 0.0825
vn 0.0395 0.9969 0.0683
vn 0.0394 0.9969 0.0682
vn 0.0102 0.9964 0.0845
vn 0.0386 0.9970 0.0669
vn -0.0772 0.9970 -0.0000
vn -0.0783 0.9964 0.0334
vn -0.0788 0.9969 -0.0000
vn -0.0736 0.9954 0.0614
vn 0.0379 0.9971 0.0657
vn -0.0220 0.9952 0.0951
vn -0.0754 0.9972 0.0000
vn -0.0516 0.9947 0.0893
vn 0.0375 0.9972 0.0650
vn -0.0517 0.9946 0.0896
vn -0.0751 0.9972 0.0000
vn -0.0163 0.9954 0.0944
vn 0.0377 0.9972 0.0653
vn -0.0714 0.9952 0.0666
vn -0.0759 0.9971 -0.0000
vn -0.4752 -0.8615 0.1788
vn -0.4005 -0.8490 0.3447
vn -0.3488 -0.8880 0.2996
vn -0.4492 -0.8776 0.1675
vn -0.2703 -0.8413 0.4682
vn -0.2257 -0.8923 0.3909
vn -0.0983 -0.8490 0.5191
vn -0.0851 -0.8880 0.4519
vn 0.0828 -0.8615 0.5009
vn 0.0796 -0.8776 0.4728
vn -0.3358 -0.8974 0.2863
vn -0.4417 -0.8822 0.1629
vn -0.2143 -0.9035 0.3712
vn -0.0800 -0.8974 0.4340
vn 0.0798 -0.8822 0.4640
vn -0.3522 -0.8863 0.3006
vn -0.4506 -0.8769 0.1672
vn -0.2278 -0.8901 0.3947
vn -0.0842 -0.8863 0.4553
vn 0.0805 -0.8769 0.4738
vn -0.4058 -0.8419 0.3557
vn -0.4795 -0.8578 0.1853
vn -0.2759 -0.8340 0.4779
vn -0.1052 -0.8419 0.5293
vn 0.0793 -0.8578 0.5079
vn -0.5065 -0.8622 0.0000
vn -0.4951 -0.8451 0.2015
vn -0.4994 -0.8663 0.0000
vn 0.2497 -0.8663 0.4325
vn 0.0730 -0.8451 0.5296
vn 0.2533 -0.8622 0.4387
vn 0.2534 -0.8621 0.4388
vn 0.0920 -0.8480 0.5219
vn 0.2506 -0.8653 0.4341
vn -0.5012 -0.8653 0.0000
vn -0.4981 -0.8480 0.1813
vn -0.5067 -0.8621 0.0000
vn -0.4353 -0.8095 0.3939
vn 0.2452 -0.8715 0.4247
vn -0.1021 -0.8132 0.5730
vn -0.4916 -0.8708 -0.0000
vn -0.3055 -0.7917 0.5291
vn 0.2440 -0.8728 0.4226
vn -0.3053 -0.7920 0.5287
vn -0.4880 -0.8728 -0.0000
vn -0.1234 -0.8095 0.5740
vn 0.2458 -0.8708 0.4258
vn -0.4453 -0.8131 0.3749
vn -0.4904 -0.8715 0.0000
vn -0.9347 0.0459 0.3524
vn -0.7567 0.0436 0.6523
vn -0.7565 0.0524 0.6518
vn -0.9347 0.0497 0.3521
vn -0.4996 0.0426 0.8652
vn -0.4993 0.0536 0.8648
vn -0.1865 0.0436 0.9815
vn -0.1862 0.0524 0.9811
vn 0.1622 0.0459 0.9857
vn 0.1624 0.0497 0.9855
vn -0.7565 0.0553 0.6517
vn -0.9346 0.0510 0.3520
vn -0.4992 0.0573 0.8646
vn -0.1862 0.0553 0.9810
vn 0.1625 0.0510 0.9854
vn -0.7566 0.0524 0.6518
vn -0.9347 0.0497 0.3519
vn -0.1861 0.0524 0.9811
vn 0.1626 0.0497 0.9854
vn -0.7570 0.0437 0.6519
vn -0.9349 0.0459 0.3518
vn -0.4995 0.0426 0.8652
vn -0.1861 0.0437 0.9816
vn 0.1628 0.0459 0.9856
vn -0.9352 0.0434 0.3513
vn -0.9989 0.0470 -0.0000
vn 0.4994 0.0470 0.8651
vn 0.1634 0.0434 0.9856
vn 0.4994 0.0463 0.8651
vn 0.1616 0.0434 0.9859
vn -0.9346 0.0433 0.3530
vn -0.7576 0.0379 0.6517
vn 0.4994 0.0482 0.8650
vn -0.1871 0.0378 0.9816
vn -0.9988 0.0482 -0.0000
vn -0.4997 0.0353 0.8655
vn 0.4994 0.0486 0.8650
vn -0.9988 0.0486 0.0000
vn -0.1856 0.0379 0.9819
vn -0.7565 0.0378 0.6529
vn -0.3583 0.9234 0.1376
vn -0.3065 0.9134 0.2680
vn -0.2598 0.9403 0.2200
vn -0.3334 0.9348 0.1221
vn -0.2092 0.9083 0.3623
vn -0.1672 0.9424 0.2896
vn -0.0789 0.9134 0.3994
vn -0.0606 0.9403 0.3350
vn 0.0600 0.9234 0.3791
vn 0.0610 0.9348 0.3498
vn -0.2456 0.9466 0.2090
vn -0.3255 0.9379 0.1197
vn -0.1561 0.9500 0.2704
vn -0.0582 0.9466 0.3172
vn 0.0591 0.9379 0.3417
vn -0.2553 0.9413 0.2211
vn -0.3310 0.9353 0.1249
vn -0.1654 0.9437 0.2865
vn -0.0638 0.9413 0.3316
vn 0.0573 0.9353 0.3491
vn -0.2992 0.9180 0.2601
vn -0.3529 0.9259 0.1350
vn -0.2040 0.9130 0.3533
vn -0.0757 0.9180 0.3892
vn 0.0595 0.9259 0.3731
vn -0.3772 0.9261 -0.0000
vn -0.3736 0.9177 0.1349
vn -0.3725 0.9280 0.0000
vn 0.1863 0.9280 0.3226
vn 0.0700 0.9177 0.3911
vn 0.1886 0.9261 0.3266
vn 0.1884 0.9263 0.3263
vn 0.0520 0.9157 0.3984
vn 0.1853 0.9288 0.3209
vn -0.3706 0.9288 -0.0000
vn -0.3711 0.9157 0.1542
vn -0.3768 0.9263 0.0000
vn -0.3404 0.8960 0.2851
vn 0.1822 0.9312 0.3156
vn -0.0975 0.8932 0.4389
vn -0.3629 0.9318 -0.0000
vn -0.2354 0.8822 0.4078
vn 0.1806 0.9325 0.3128
vn -0.2359 0.8818 0.4085
vn -0.3612 0.9325 -0.0000
vn -0.0767 0.8960 0.4374
vn 0.1815 0.9318 0.3143
vn -0.3314 0.8932 0.3039
vn -0.3644 0.9312 0.0000
vn -0.6081 -0.7593 0.2315
vn -0.5067 -0.7418 0.4393
vn -0.4549 -0.7989 0.3935
vn -0.5818 -0.7831 0.2196
vn -0.3409 -0.7316 0.5904
vn -0.2963 -0.8055 0.5132
vn -0.1271 -0.7418 0.6585
vn -0.1133 -0.7989 0.5908
vn 0.1036 -0.7593 0.6424
vn 0.1007 -0.7831 0.6137
vn -0.4423 -0.8135 0.3776
vn -0.5748 -0.7901 0.2129
vn -0.2839 -0.8232 0.4917
vn -0.1059 -0.8135 0.5718
vn 0.1030 -0.7901 0.6042
vn -0.4605 -0.7966 0.3916
vn -0.5846 -0.7821 0.2157
vn -0.2983 -0.8026 0.5166
vn -0.1089 -0.7966 0.5946
vn 0.1055 -0.7821 0.6141
vn -0.5132 -0.7335 0.4457
vn -0.6132 -0.7546 0.2338
vn -0.3453 -0.7232 0.5981
vn -0.1293 -0.7335 0.6673
vn 0.1042 -0.7546 0.6479
vn -0.6495 -0.7604 0.0000
vn -0.6269 -0.7364 0.2544
vn -0.6423 -0.7664 0.0000
vn 0.3212 -0.7664 0.5563
vn 0.0931 -0.7364 0.6701
vn 0.3247 -0.7604 0.5625
vn 0.3249 -0.7601 0.5627
vn 0.1177 -0.7400 0.6622
vn 0.3221 -0.7649 0.5579
vn -0.6442 -0.7649 0.0000
vn -0.6323 -0.7400 0.2292
vn -0.6498 -0.7601 0.0000
vn -0.5386 -0.6885 0.4856
vn 0.3166 -0.7740 0.5483
vn -0.1257 -0.6928 0.7101
vn -0.6346 -0.7728 -0.0000
vn -0.3734 -0.6652 0.6467
vn 0.3154 -0.7759 0.5463
vn -0.3731 -0.6658 0.6462
vn -0.6308 -0.7759 -0.0000
vn -0.1513 -0.6885 0.7093
vn 0.3173 -0.7728 0.5496
vn -0.5520 -0.6928 0.4639
vn -0.6332 -0.7740 0.0000
vn -0.9215 -0.1753 0.3467
vn -0.7471 -0.1671 0.6434
vn -0.7423 -0.1991 0.6398
vn -0.9189 -0.1892 0.3462
vn -0.4933 -0.1631 0.8544
vn -0.4895 -0.2036 0.8479
vn -0.1836 -0.1671 0.9687
vn -0.1829 -0.1991 0.9628
vn 0.1605 -0.1753 0.9713
vn 0.1596 -0.1892 0.9689
vn -0.7410 -0.2095 0.6380
vn -0.9182 -0.1938 0.3455
vn -0.4881 -0.2166 0.8455
vn -0.1820 -0.2095 0.9607
vn 0.1599 -0.1938 0.9679
vn -0.7428 -0.1987 0.6393
vn -0.9191 -0.1891 0.3457
vn -0.4896 -0.2030 0.8480
vn -0.1823 -0.1987 0.9630
vn 0.1602 -0.1891 0.9688
vn -0.7468 -0.1662 0.6440
vn -0.9212 -0.1747 0.3477
vn -0.4934 -0.1622 0.8546
vn -0.1843 -0.1662 0.9687
vn 0.1595 -0.1747 0.9716
vn -0.9843 -0.1763 0.0000
vn -0.9215 -0.1654 0.3514
vn -0.9838 -0.1793 0.0000
vn 0.4919 -0.1793 0.8520
vn 0.1564 -0.1654 0.9737
vn 0.4922 -0.1763 0.8525
vn 0.1638 -0.1657 0.9725
vn 0.4919 -0.1791 0.8520
vn -0.9838 -0.1791 0.0000
vn -0.9241 -0.1657 0.3444
vn -0.7473 -0.1448 0.6485
vn 0.4915 -0.1836 0.8513
vn -0.1814 -0.1451 0.9726
vn -0.9830 -0.1835 0.0000
vn -0.4954 -0.1352 0.8581
vn 0.4914 -0.1850 0.8511
vn -0.9827 -0.1850 0.0000
vn -0.1879 -0.1448 0.9715
vn 0.4915 -0.1835 0.8513
vn -0.7516 -0.1451 0.6434
vn -0.9830 -0.1836 0.0000
vn -0.6960 0.6693 0.2600
vn -0.5790 0.6467 0.4965
vn -0.5324 0.7180 0.4484
vn -0.6708 0.7004 0.2437
vn -0.3860 0.6357 0.6685
vn -0.3442 0.7253 0.5962
vn -0.1405 0.6467 0.7497
vn -0.1221 0.7180 0.6852
vn 0.1228 0.6693 0.7328
vn 0.1244 0.7004 0.7028
vn -0.5127 0.7382 0.4384
vn -0.6600 0.7101 0.2453
vn -0.3307 0.7500 0.5729
vn -0.1233 0.7382 0.6633
vn 0.1175 0.7101 0.6942
vn -0.5211 0.7203 0.4578
vn -0.6640 0.7020 0.2574
vn -0.3427 0.7281 0.5936
vn -0.1359 0.7203 0.6802
vn 0.1091 0.7020 0.7038
vn -0.5669 0.6541 0.5008
vn -0.6876 0.6741 0.2699
vn -0.3829 0.6430 0.6632
vn -0.1503 0.6541 0.7414
vn 0.1100 0.6741 0.7304
vn -0.7379 0.6749 -0.0000
vn -0.7134 0.6523 0.2562
vn -0.7329 0.6803 0.0000
vn 0.3665 0.6803 0.6347
vn 0.1348 0.6523 0.7459
vn 0.3690 0.6749 0.6390
vn 0.3687 0.6755 0.6385
vn 0.1008 0.6483 0.7547
vn 0.3654 0.6827 0.6328
vn -0.7307 0.6827 -0.0000
vn -0.7040 0.6483 0.2901
vn -0.7373 0.6755 0.0000
vn -0.6133 0.6009 0.5127
vn 0.3622 0.6894 0.6273
vn -0.1707 0.5959 0.7847
vn -0.7224 0.6915 -0.0000
vn -0.4100 0.5725 0.7101
vn 0.3603 0.6933 0.6241
vn -0.4104 0.5712 0.7109
vn -0.7207 0.6933 0.0000
vn -0.1374 0.6009 0.7874
vn 0.3612 0.6915 0.6256
vn -0.5942 0.5959 0.5401
vn -0.7244 0.6894 0.0000
vn -0.9358 0.0001 0.3525
vn -0.7576 0.0001 0.6527
vn -0.5000 0.0001 0.8660
vn -0.1865 0.0001 0.9825
vn 0.1627 0.0001 0.9867
vn -1.0000 0.0001 0.0000
vn 0.5000 0.0001 0.8660
vn 0.0000 1.0000 -0.0000
vn -0.7402 -0.6004 0.3026
vn -0.6043 -0.5793 0.5471
vn -0.5667 -0.6495 0.5070
vn -0.7209 -0.6302 0.2882
vn -0.4114 -0.5683 0.7126
vn -0.3766 -0.6578 0.6523
vn -0.1717 -0.5792 0.7969
vn -0.1558 -0.6495 0.7443
vn 0.1081 -0.6004 0.7923
vn 0.1109 -0.6302 0.7684
vn -0.5643 -0.6692 0.4834
vn -0.7209 -0.6387 0.2690
vn -0.3656 -0.6822 0.6332
vn -0.1365 -0.6692 0.7305
vn 0.1275 -0.6387 0.7588
vn -0.5850 -0.6475 0.4884
vn -0.7325 -0.6282 0.2622
vn -0.3776 -0.6556 0.6539
vn -0.1304 -0.6475 0.7509
vn 0.1392 -0.6282 0.7655
vn -0.6247 -0.5736 0.5299
vn -0.7539 -0.5959 0.2767
vn -0.4133 -0.5626 0.7159
vn -0.1466 -0.5736 0.8059
vn 0.1373 -0.5959 0.7912
vn -0.7982 -0.6024 0.0000
vn -0.7543 -0.5736 0.3194
vn -0.7923 -0.6102 0.0000
vn 0.3961 -0.6102 0.6861
vn 0.1005 -0.5736 0.8129
vn 0.3991 -0.6024 0.6913
vn 0.3995 -0.6013 0.6920
vn 0.1471 -0.5780 0.8027
vn 0.3974 -0.6069 0.6883
vn -0.7948 -0.6069 0.0000
vn -0.7687 -0.5780 0.2740
vn -0.7991 -0.6013 0.0000
vn -0.6272 -0.5206 0.5793
vn 0.3925 -0.6194 0.6799
vn -0.1444 -0.5262 0.8380
vn -0.7875 -0.6163 0.0000
vn -0.4341 -0.4963 0.7518
vn 0.3920 -0.6207 0.6790
vn -0.4335 -0.4983 0.7508
vn -0.7840 -0.6207 -0.0000
vn -0.1880 -0.5206 0.8328
vn 0.3937 -0.6163 0.6820
vn -0.6535 -0.5262 0.5440
vn -0.7851 -0.6194 0.0000
vn -0.3664 0.9209 0.1328
vn -0.3153 0.9108 0.2666
vn -0.2689 0.9382 0.2177
vn -0.3422 0.9324 0.1167
vn -0.2123 0.9054 0.3677
vn -0.1698 0.9406 0.2940
vn -0.0732 0.9108 0.4063
vn -0.0541 0.9382 0.3418
vn 0.0682 0.9209 0.3837
vn 0.0701 0.9323 0.3547
vn -0.2493 0.9447 0.2129
vn -0.3303 0.9359 0.1226
vn -0.1587 0.9483 0.2749
vn -0.0597 0.9447 0.3223
vn 0.0590 0.9359 0.3473
vn -0.2465 0.9387 0.2412
vn -0.3259 0.9334 0.1503
vn -0.1692 0.9410 0.2930
vn -0.0857 0.9386 0.3341
vn 0.0328 0.9334 0.3574
vn -0.2723 0.9088 0.3162
vn -0.3340 0.9197 0.2063
vn -0.2117 0.9059 0.3667
vn -0.1377 0.9088 0.3939
vn -0.0117 0.9197 0.3924
vn -0.3835 0.9235 -0.0000
vn -0.3808 0.9151 0.1324
vn -0.3792 0.9253 -0.0000
vn 0.1896 0.9253 0.3284
vn 0.0757 0.9151 0.3960
vn 0.1917 0.9235 0.3321
vn 0.2795 0.9220 0.2679
vn -0.0060 0.9092 0.4163
vn 0.1840 0.9298 0.3186
vn -0.3680 0.9298 0.0000
vn -0.3272 0.8904 0.3164
vn -0.3709 0.9199 0.1274
vn -0.3480 0.8931 0.2850
vn 0.1857 0.9285 0.3216
vn -0.1693 0.8803 0.4432
vn -0.3647 0.9311 0.0000
vn -0.2385 0.8789 0.4131
vn 0.1834 0.9303 0.3176
vn -0.2328 0.8729 0.4289
vn -0.3668 0.9303 0.0000
vn -0.0728 0.8931 0.4439
vn 0.1824 0.9311 0.3159
vn -0.2789 0.8748 0.3961
vn -0.3714 0.9285 0.0000
vn 0.7731 -0.0057 0.6342
vn 0.9440 -0.0055 0.3298
vn 0.9440 -0.0066 0.3297
vn 0.7731 -0.0062 0.6342
vn 1.0000 -0.0053 0.0000
vn 1.0000 -0.0067 0.0000
vn 0.9440 -0.0055 -0.3298
vn 0.9440 -0.0066 -0.3297
vn 0.7731 -0.0057 -0.6342
vn 0.7731 -0.0062 -0.6342
vn 0.9440 -0.0069 0.3297
vn 0.7731 -0.0064 0.6342
vn 1.0000 -0.0072 0.0000
vn 0.9440 -0.0069 -0.3297
vn 0.7731 -0.0064 -0.6342
vn 0.9440 -0.0066 0.3298
vn 0.9440 -0.0066 -0.3298
vn 0.9441 -0.0055 0.3297
vn 0.7732 -0.0057 0.6342
vn 0.9441 -0.0055 -0.3297
vn 0.7732 -0.0057 -0.6342
vn 0.7732 -0.0054 0.6341
vn 0.5000 -0.0059 -0.8660
vn 0.7732 -0.0054 -0.6341
vn 0.5000 -0.0058 -0.8660
vn 0.7731 -0.0054 -0.6343
vn 0.7731 -0.0054 0.6343
vn 0.9441 -0.0047 0.3297
vn 0.5000 -0.0060 -0.8660
vn 0.9440 -0.0047 -0.3298
vn 1.0000 -0.0044 0.0000
vn 0.5000 -0.0061 -0.8660
vn 0.9441 -0.0047 -0.3296
vn 0.9440 -0.0047 0.3298
vn -0.0125 0.9999 -0.0099
vn -0.0163 0.9999 -0.0054
vn -0.0131 0.9999 -0.0046
vn -0.0112 0.9999 -0.0092
vn -0.0177 0.9998 -0.0000
vn -0.0136 0.9999 -0.0000
vn -0.0163 0.9999 0.0054
vn -0.0131 0.9999 0.0046
vn -0.0125 0.9999 0.0099
vn -0.0112 0.9999 0.0093
vn -0.0123 0.9999 -0.0044
vn -0.0109 0.9999 -0.0091
vn -0.0126 0.9999 -0.0000
vn -0.0123 0.9999 0.0044
vn -0.0109 0.9999 0.0091
vn -0.0129 0.9999 -0.0046
vn -0.0111 0.9999 -0.0093
vn -0.0134 0.9999 -0.0000
vn -0.0129 0.9999 0.0046
vn -0.0111 0.9999 0.0093
vn -0.0156 0.9999 -0.0055
vn -0.0120 0.9999 -0.0100
vn -0.0171 0.9999 -0.0000
vn -0.0156 0.9999 0.0055
vn -0.0120 0.9999 0.0100
vn -0.0127 0.9999 -0.0106
vn -0.0077 0.9999 0.0133
vn -0.0127 0.9999 0.0106
vn -0.0078 0.9999 0.0135
vn -0.0133 0.9999 0.0103
vn -0.0076 0.9999 0.0132
vn -0.0133 0.9999 -0.0103
vn -0.0179 0.9998 -0.0064
vn -0.0075 0.9999 0.0130
vn -0.0183 0.9998 0.0058
vn -0.0204 0.9998 0.0000
vn -0.0074 0.9999 0.0128
vn -0.0179 0.9998 0.0064
vn -0.0075 0.9999 0.0129
vn -0.0184 0.9998 -0.0058
vn 0.2144 0.9617 0.1709
vn 0.2779 0.9561 0.0927
vn 0.2272 0.9706 0.0800
vn 0.1942 0.9678 0.1602
vn 0.3019 0.9533 0.0000
vn 0.2364 0.9717 -0.0000
vn 0.2779 0.9561 -0.0927
vn 0.2272 0.9706 -0.0800
vn 0.2143 0.9617 -0.1709
vn 0.1942 0.9678 -0.1602
vn 0.2141 0.9738 0.0762
vn 0.1886 0.9694 0.1573
vn 0.2196 0.9756 -0.0000
vn 0.2141 0.9738 -0.0762
vn 0.1886 0.9694 -0.1573
vn 0.2249 0.9711 0.0798
vn 0.1929 0.9680 0.1607
vn 0.2334 0.9724 -0.0000
vn 0.2249 0.9711 -0.0798
vn 0.1929 0.9680 -0.1607
vn 0.2674 0.9589 0.0946
vn 0.2076 0.9630 0.1717
vn 0.2927 0.9562 -0.0000
vn 0.2674 0.9589 -0.0946
vn 0.2076 0.9630 -0.1717
vn 0.2183 0.9587 0.1824
vn 0.1325 0.9642 -0.2295
vn 0.2182 0.9587 -0.1824
vn 0.1343 0.9632 -0.2327
vn 0.1343 0.9633 -0.2326
vn 0.2275 0.9577 -0.1763
vn 0.1320 0.9645 -0.2286
vn 0.2275 0.9577 0.1763
vn 0.3027 0.9468 0.1091
vn 0.1294 0.9660 -0.2241
vn 0.3104 0.9454 -0.0991
vn 0.3437 0.9391 0.0000
vn 0.1282 0.9666 -0.2221
vn 0.3438 0.9390 -0.0000
vn 0.3027 0.9468 -0.1091
vn 0.1291 0.9661 -0.2235
vn 0.3104 0.9454 0.0991
vn 0.7674 -0.1151 0.6308
vn 0.9381 -0.1096 0.3285
vn 0.9358 -0.1312 0.3273
vn 0.7668 -0.1245 0.6297
vn 0.9943 -0.1070 0.0000
vn 0.9910 -0.1342 0.0000
vn 0.9381 -0.1097 -0.3285
vn 0.9358 -0.1312 -0.3273
vn 0.7674 -0.1152 -0.6308
vn 0.7668 -0.1245 -0.6297
vn 0.9350 -0.1383 0.3267
vn 0.7667 -0.1277 0.6291
vn 0.9897 -0.1431 -0.0000
vn 0.9350 -0.1383 -0.3267
vn 0.7667 -0.1277 -0.6291
vn 0.9360 -0.1310 0.3266
vn 0.7674 -0.1245 0.6290
vn 0.9910 -0.1339 0.0000
vn 0.9360 -0.1310 -0.3266
vn 0.7674 -0.1245 -0.6290
vn 0.9387 -0.1093 0.3269
vn 0.7687 -0.1149 0.6292
vn 0.9943 -0.1066 0.0000
vn 0.9387 -0.1093 -0.3269
vn 0.7687 -0.1149 -0.6292
vn 0.7699 -0.1086 0.6289
vn 0.4965 -0.1179 -0.8600
vn 0.7699 -0.1086 -0.6289
vn 0.4966 -0.1159 -0.8602
vn 0.7674 -0.1088 -0.6319
vn 0.4965 -0.1178 -0.8600
vn 0.7674 -0.1088 0.6319
vn 0.9404 -0.0949 0.3266
vn 0.4963 -0.1208 -0.8597
vn 0.9393 -0.0951 -0.3298
vn 0.9961 -0.0885 0.0000
vn 0.4963 -0.1218 -0.8596
vn 0.9961 -0.0886 -0.0000
vn 0.9404 -0.0949 -0.3266
vn 0.9392 -0.0951 0.3298
vn 0.3456 -0.8939 0.2854
vn 0.4413 -0.8837 0.1557
vn 0.3800 -0.9151 0.1344
vn 0.3243 -0.9068 0.2694
vn 0.4799 -0.8773 0.0000
vn 0.3952 -0.9186 0.0000
vn 0.4413 -0.8837 -0.1557
vn 0.3800 -0.9152 -0.1344
vn 0.3456 -0.8939 -0.2854
vn 0.3243 -0.9068 -0.2694
vn 0.3636 -0.9225 0.1292
vn 0.3177 -0.9105 0.2645
vn 0.3742 -0.9273 0.0000
vn 0.3636 -0.9225 -0.1292
vn 0.3177 -0.9105 -0.2645
vn 0.3832 -0.9138 0.1350
vn 0.3259 -0.9063 0.2689
vn 0.3995 -0.9167 0.0000
vn 0.3832 -0.9138 -0.1350
vn 0.3259 -0.9063 -0.2689
vn 0.4545 -0.8775 0.1530
vn 0.3547 -0.8908 0.2842
vn 0.4915 -0.8709 0.0000
vn 0.4545 -0.8775 -0.1530
vn 0.3547 -0.8908 -0.2842
vn 0.3740 -0.8806 0.2912
vn 0.2202 -0.8978 -0.3815
vn 0.3740 -0.8806 -0.2912
vn 0.2236 -0.8945 -0.3872
vn 0.2236 -0.8944 -0.3873
vn 0.3602 -0.8829 -0.3012
vn 0.2210 -0.8971 -0.3827
vn 0.3602 -0.8829 0.3012
vn 0.4998 -0.8510 0.1613
vn 0.2160 -0.9019 -0.3741
vn 0.4894 -0.8540 -0.1764
vn 0.5487 -0.8360 0.0000
vn 0.2148 -0.9031 -0.3720
vn 0.5485 -0.8362 -0.0000
vn 0.4997 -0.8510 -0.1613
vn 0.2164 -0.9015 -0.3748
vn 0.4894 -0.8541 0.1764
vn 0.6434 -0.5515 0.5310
vn 0.7985 -0.5323 0.2812
vn 0.7534 -0.6017 0.2651
vn 0.6276 -0.5811 0.5182
vn 0.8530 -0.5219 0.0000
vn 0.7918 -0.6108 0.0000
vn 0.7985 -0.5323 -0.2812
vn 0.7534 -0.6017 -0.2651
vn 0.6434 -0.5515 -0.5309
vn 0.6276 -0.5811 -0.5182
vn 0.7388 -0.6217 0.2601
vn 0.6225 -0.5904 0.5137
vn 0.7724 -0.6351 0.0000
vn 0.7388 -0.6217 -0.2601
vn 0.6225 -0.5904 -0.5137
vn 0.7555 -0.5994 0.2644
vn 0.6293 -0.5804 0.5168
vn 0.7943 -0.6075 0.0000
vn 0.7555 -0.5994 -0.2644
vn 0.6293 -0.5804 -0.5168
vn 0.8046 -0.5254 0.2767
vn 0.6500 -0.5476 0.5270
vn 0.8572 -0.5149 0.0000
vn 0.8046 -0.5254 -0.2767
vn 0.6500 -0.5476 -0.5270
vn 0.6643 -0.5265 0.5306
vn 0.4143 -0.5599 -0.7175
vn 0.6643 -0.5265 -0.5305
vn 0.4166 -0.5530 -0.7215
vn 0.4166 -0.5530 -0.7216
vn 0.6520 -0.5291 -0.5431
vn 0.4146 -0.5590 -0.7181
vn 0.6520 -0.5291 0.5431
vn 0.8338 -0.4754 0.2805
vn 0.4111 -0.5693 -0.7120
vn 0.8271 -0.4780 -0.2956
vn 0.8924 -0.4512 0.0000
vn 0.4101 -0.5722 -0.7103
vn 0.8924 -0.4513 0.0000
vn 0.8338 -0.4754 -0.2805
vn 0.4113 -0.5687 -0.7123
vn 0.8271 -0.4780 0.2956
vn 0.7722 0.0567 0.6329
vn 0.9428 0.0539 0.3290
vn 0.9421 0.0647 0.3290
vn 0.7717 0.0614 0.6330
vn 0.9986 0.0526 0.0000
vn 0.9978 0.0661 0.0000
vn 0.9428 0.0539 -0.3290
vn 0.9421 0.0647 -0.3290
vn 0.7722 0.0567 -0.6329
vn 0.7717 0.0614 -0.6330
vn 0.9419 0.0683 0.3290
vn 0.7716 0.0630 0.6330
vn 0.9975 0.0707 0.0000
vn 0.9419 0.0683 -0.3290
vn 0.7716 0.0630 -0.6330
vn 0.9421 0.0647 0.3291
vn 0.7716 0.0614 0.6331
vn 0.9978 0.0662 0.0000
vn 0.9421 0.0647 -0.3291
vn 0.7716 0.0614 -0.6331
vn 0.9426 0.0540 0.3295
vn 0.7717 0.0567 0.6335
vn 0.9426 0.0540 -0.3295
vn 0.7717 0.0567 -0.6335
vn 0.7714 0.0536 0.6341
vn 0.4992 0.0581 -0.8646
vn 0.7714 0.0535 -0.6341
vn 0.4992 0.0571 -0.8646
vn 0.7727 0.0535 -0.6325
vn 0.7727 0.0535 0.6325
vn 0.9427 0.0467 0.3303
vn 0.4991 0.0595 -0.8645
vn 0.9434 0.0467 -0.3285
vn 0.9991 0.0435 0.0000
vn 0.4991 0.0600 -0.8645
vn 0.9427 0.0467 -0.3303
vn 0.9434 0.0467 0.3285
vn 0.6136 0.6132 0.4975
vn 0.7633 0.5904 0.2624
vn 0.7052 0.6643 0.2478
vn 0.5894 0.6459 0.4853
vn 0.8150 0.5795 0.0000
vn 0.7405 0.6720 0.0000
vn 0.7633 0.5904 -0.2624
vn 0.7052 0.6643 -0.2478
vn 0.6136 0.6132 -0.4975
vn 0.5894 0.6459 -0.4853
vn 0.6863 0.6858 0.2421
vn 0.5819 0.6557 0.4810
vn 0.7155 0.6986 -0.0000
vn 0.6863 0.6858 -0.2421
vn 0.5819 0.6557 -0.4810
vn 0.7032 0.6668 0.2470
vn 0.5884 0.6467 0.4853
vn 0.7374 0.6754 -0.0000
vn 0.7032 0.6668 -0.2470
vn 0.5884 0.6467 -0.4853
vn 0.7561 0.5981 0.2655
vn 0.6071 0.6177 0.5000
vn 0.8093 0.5873 0.0000
vn 0.7561 0.5981 -0.2655
vn 0.6071 0.6176 -0.5000
vn 0.6168 0.5952 0.5151
vn 0.3904 0.6248 -0.6762
vn 0.6168 0.5952 -0.5151
vn 0.3927 0.6189 -0.6802
vn 0.3927 0.6191 -0.6801
vn 0.6312 0.5921 -0.5010
vn 0.3899 0.6260 -0.6753
vn 0.6312 0.5921 0.5010
vn 0.7904 0.5429 0.2837
vn 0.3865 0.6345 -0.6694
vn 0.7986 0.5397 -0.2663
vn 0.8572 0.5149 -0.0000
vn 0.3850 0.6380 -0.6669
vn 0.8574 0.5147 -0.0000
vn 0.7904 0.5429 -0.2837
vn 0.3862 0.6352 -0.6688
vn 0.7986 0.5397 0.2663
vn 0.4995 0.7660 0.4046
vn 0.6307 0.7453 0.2162
vn 0.5568 0.8069 0.1974
vn 0.4692 0.7929 0.3887
vn 0.6779 0.7352 -0.0000
vn 0.5828 0.8126 -0.0000
vn 0.6307 0.7453 -0.2162
vn 0.5568 0.8069 -0.1974
vn 0.4995 0.7660 -0.4046
vn 0.4692 0.7929 -0.3887
vn 0.5351 0.8232 0.1896
vn 0.4611 0.8006 0.3826
vn 0.5540 0.8325 -0.0000
vn 0.5351 0.8232 -0.1896
vn 0.4611 0.8006 -0.3826
vn 0.5547 0.8091 0.1940
vn 0.4695 0.7938 0.3865
vn 0.5786 0.8156 -0.0000
vn 0.5547 0.8091 -0.1940
vn 0.4695 0.7938 -0.3865
vn 0.6205 0.7537 0.2164
vn 0.4929 0.7707 0.4038
vn 0.6685 0.7437 -0.0000
vn 0.6205 0.7537 -0.2164
vn 0.4929 0.7707 -0.4038
vn 0.5050 0.7519 0.4238
vn 0.3152 0.7762 -0.5460
vn 0.5050 0.7519 -0.4238
vn 0.3181 0.7715 -0.5509
vn 0.3180 0.7717 -0.5507
vn 0.5225 0.7484 -0.4085
vn 0.3144 0.7776 -0.5446
vn 0.5225 0.7484 0.4085
vn 0.6663 0.7056 0.2411
vn 0.3104 0.7840 -0.5376
vn 0.6776 0.7015 -0.2207
vn 0.7341 0.6790 -0.0000
vn 0.3085 0.7869 -0.5344
vn 0.7346 0.6785 -0.0000
vn 0.6663 0.7056 -0.2411
vn 0.3098 0.7849 -0.5366
vn 0.6776 0.7015 0.2207
vn 0.6634 0.5192 0.5389
vn 0.8201 0.4976 0.2827
vn 0.7749 0.5707 0.2715
vn 0.6444 0.5516 0.5296
vn 0.8732 0.4874 0.0000
vn 0.8154 0.5789 0.0000
vn 0.8201 0.4976 -0.2827
vn 0.7749 0.5707 -0.2715
vn 0.6634 0.5192 -0.5389
vn 0.6444 0.5516 -0.5296
vn 0.7596 0.5930 0.2672
vn 0.6383 0.5617 0.5265
vn 0.7950 0.6065 0.0000
vn 0.7596 0.5930 -0.2672
vn 0.6383 0.5617 -0.5265
vn 0.7733 0.5729 0.2716
vn 0.6432 0.5523 0.5303
vn 0.8132 0.5820 -0.0000
vn 0.7733 0.5729 -0.2716
vn 0.6432 0.5523 -0.5303
vn 0.8149 0.5039 0.2864
vn 0.6578 0.5229 0.5421
vn 0.8696 0.4938 -0.0000
vn 0.8149 0.5039 -0.2864
vn 0.6578 0.5229 -0.5421
vn 0.6650 0.5008 0.5540
vn 0.4239 0.5303 -0.7342
vn 0.6650 0.5008 -0.5540
vn 0.4258 0.5243 -0.7374
vn 0.4257 0.5244 -0.7374
vn 0.6772 0.4983 -0.5413
vn 0.4236 0.5313 -0.7337
vn 0.6772 0.4983 0.5413
vn 0.8406 0.4507 0.3004
vn 0.4208 0.5400 -0.7289
vn 0.8471 0.4483 -0.2854
vn 0.9053 0.4249 0.0000
vn 0.4197 0.5434 -0.7270
vn 0.9053 0.4247 0.0000
vn 0.8406 0.4507 -0.3004
vn 0.4206 0.5406 -0.7286
vn 0.8471 0.4483 0.2854
vn 0.7726 0.0448 0.6333
vn 0.9433 0.0426 0.3292
vn 0.9429 0.0512 0.3292
vn 0.7723 0.0486 0.6334
vn 0.9991 0.0416 -0.0000
vn 0.9986 0.0523 0.0000
vn 0.9433 0.0426 -0.3292
vn 0.9429 0.0512 -0.3292
vn 0.7726 0.0448 -0.6333
vn 0.7723 0.0486 -0.6334
vn 0.9427 0.0540 0.3293
vn 0.7722 0.0498 0.6335
vn 0.9984 0.0559 0.0000
vn 0.9427 0.0540 -0.3293
vn 0.7722 0.0498 -0.6334
vn 0.9428 0.0512 0.3294
vn 0.7722 0.0486 0.6336
vn 0.9986 0.0524 -0.0000
vn 0.9428 0.0512 -0.3294
vn 0.7722 0.0486 -0.6336
vn 0.9431 0.0427 0.3297
vn 0.7722 0.0449 0.6338
vn 0.9431 0.0427 -0.3297
vn 0.7722 0.0449 -0.6338
vn 0.7720 0.0424 0.6343
vn 0.4995 0.0459 -0.8651
vn 0.7720 0.0424 -0.6343
vn 0.4995 0.0452 -0.8651
vn 0.7730 0.0423 -0.6330
vn 0.4995 0.0460 -0.8651
vn 0.7730 0.0423 0.6330
vn 0.9432 0.0370 0.3302
vn 0.4994 0.0471 -0.8651
vn 0.9437 0.0370 -0.3288
vn 0.9994 0.0344 0.0000
vn 0.4994 0.0475 -0.8650
vn 0.9432 0.0370 -0.3302
vn 0.9437 0.0369 0.3288
vn 0.4348 -0.8265 0.3576
vn 0.5507 -0.8120 0.1931
vn 0.4844 -0.8581 0.1703
vn 0.4115 -0.8456 0.3401
vn 0.5957 -0.8032 0.0000
vn 0.5046 -0.8634 0.0000
vn 0.5507 -0.8120 -0.1931
vn 0.4844 -0.8581 -0.1703
vn 0.4348 -0.8265 -0.3576
vn 0.4115 -0.8456 -0.3401
vn 0.4656 -0.8695 0.1652
vn 0.4037 -0.8512 0.3354
vn 0.4807 -0.8769 0.0000
vn 0.4656 -0.8695 -0.1652
vn 0.4037 -0.8512 -0.3354
vn 0.4871 -0.8562 0.1722
vn 0.4123 -0.8449 0.3409
vn 0.5090 -0.8608 -0.0000
vn 0.4871 -0.8562 -0.1722
vn 0.4123 -0.8449 -0.3409
vn 0.5628 -0.8041 0.1914
vn 0.4430 -0.8223 0.3572
vn 0.6064 -0.7952 0.0000
vn 0.5628 -0.8041 -0.1914
vn 0.4430 -0.8223 -0.3572
vn 0.4650 -0.8075 0.3629
vn 0.2773 -0.8322 -0.4802
vn 0.4650 -0.8075 -0.3629
vn 0.2809 -0.8273 -0.4865
vn 0.2809 -0.8272 -0.4866
vn 0.4488 -0.8106 -0.3761
vn 0.2781 -0.8311 -0.4817
vn 0.4488 -0.8106 0.3761
vn 0.6107 -0.7667 0.1982
vn 0.2726 -0.8383 -0.4722
vn 0.5995 -0.7705 -0.2166
vn 0.6656 -0.7464 0.0000
vn 0.2713 -0.8399 -0.4700
vn 0.6652 -0.7467 0.0000
vn 0.6107 -0.7667 -0.1982
vn 0.2732 -0.8376 -0.4731
vn 0.5995 -0.7705 0.2166
vn 0.5757 0.6726 0.4649
vn 0.7193 0.6498 0.2457
vn 0.6538 0.7212 0.2291
vn 0.5486 0.7041 0.4510
vn 0.7693 0.6389 -0.0000
vn 0.6853 0.7283 -0.0000
vn 0.7193 0.6498 -0.2457
vn 0.6538 0.7212 -0.2291
vn 0.5757 0.6726 -0.4649
vn 0.5486 0.7041 -0.4509
vn 0.6329 0.7413 0.2235
vn 0.5399 0.7133 0.4468
vn 0.6580 0.7530 -0.0000
vn 0.6329 0.7413 -0.2235
vn 0.5399 0.7133 -0.4468
vn 0.6508 0.7237 0.2296
vn 0.5465 0.7048 0.4523
vn 0.6815 0.7318 0.0000
vn 0.6508 0.7237 -0.2296
vn 0.5465 0.7048 -0.4523
vn 0.7099 0.6583 0.2504
vn 0.5672 0.6773 0.4685
vn 0.7620 0.6475 0.0000
vn 0.7099 0.6583 -0.2504
vn 0.5672 0.6773 -0.4685
vn 0.5798 0.6556 0.4838
vn 0.3647 0.6841 -0.6317
vn 0.5798 0.6556 -0.4838
vn 0.3673 0.6785 -0.6362
vn 0.3673 0.6786 -0.6361
vn 0.5941 0.6523 -0.4707
vn 0.3642 0.6852 -0.6307
vn 0.5941 0.6523 0.4706
vn 0.7502 0.6039 0.2691
vn 0.3603 0.6934 -0.6240
vn 0.7588 0.6005 -0.2522
vn 0.8177 0.5756 -0.0000
vn 0.3587 0.6966 -0.6213
vn 0.8178 0.5755 -0.0000
vn 0.7502 0.6039 -0.2691
vn 0.3600 0.6940 -0.6235
vn 0.7588 0.6005 0.2522
vn 0.1349 0.9850 0.1078
vn 0.1758 0.9827 0.0587
vn 0.1422 0.9886 0.0503
vn 0.1217 0.9875 0.1007
vn 0.1914 0.9815 -0.0000
vn 0.1479 0.9890 0.0000
vn 0.1758 0.9827 -0.0587
vn 0.1422 0.9886 -0.0503
vn 0.1349 0.9850 -0.1078
vn 0.1217 0.9875 -0.1007
vn 0.1338 0.9899 0.0477
vn 0.1181 0.9881 0.0986
vn 0.1370 0.9906 -0.0000
vn 0.1337 0.9899 -0.0477
vn 0.1181 0.9881 -0.0986
vn 0.1408 0.9888 0.0498
vn 0.1211 0.9875 0.1006
vn 0.1460 0.9893 -0.0000
vn 0.1408 0.9888 -0.0498
vn 0.1211 0.9875 -0.1006
vn 0.1688 0.9839 0.0595
vn 0.1307 0.9855 0.1078
vn 0.1851 0.9827 -0.0000
vn 0.1688 0.9839 -0.0595
vn 0.1307 0.9855 -0.1078
vn 0.1375 0.9838 0.1152
vn 0.0833 0.9860 -0.1443
vn 0.1375 0.9838 -0.1151
vn 0.0845 0.9856 -0.1463
vn 0.1439 0.9833 -0.1110
vn 0.0829 0.9862 -0.1436
vn 0.1439 0.9833 0.1110
vn 0.1922 0.9789 0.0695
vn 0.0812 0.9867 -0.1407
vn 0.1977 0.9783 -0.0627
vn 0.2194 0.9756 -0.0000
vn 0.0805 0.9870 -0.1394
vn 0.2195 0.9756 -0.0000
vn 0.1922 0.9789 -0.0695
vn 0.0810 0.9868 -0.1403
vn 0.1977 0.9783 0.0627
vn 0.6618 0.5166 0.5432
vn 0.8200 0.4952 0.2869
vn 0.7753 0.5682 0.2757
vn 0.6431 0.5489 0.5340
vn 0.8745 0.4850 0.0000
vn 0.8172 0.5764 0.0000
vn 0.8200 0.4952 -0.2869
vn 0.7753 0.5682 -0.2757
vn 0.6618 0.5166 -0.5432
vn 0.6431 0.5489 -0.5340
vn 0.7614 0.5904 0.2679
vn 0.6396 0.5591 0.5276
vn 0.7970 0.6039 0.0000
vn 0.7614 0.5904 -0.2679
vn 0.6396 0.5591 -0.5276
vn 0.7765 0.5702 0.2680
vn 0.6476 0.5499 0.5275
vn 0.8152 0.5792 0.0000
vn 0.7765 0.5702 -0.2680
vn 0.6476 0.5499 -0.5275
vn 0.8182 0.5011 0.2819
vn 0.6627 0.5204 0.5386
vn 0.8712 0.4909 0.0000
vn 0.8182 0.5011 -0.2819
vn 0.6627 0.5204 -0.5386
vn 0.6642 0.4984 0.5572
vn 0.4248 0.5275 -0.7357
vn 0.6642 0.4984 -0.5572
vn 0.4266 0.5216 -0.7389
vn 0.4265 0.5220 -0.7387
vn 0.6812 0.4956 -0.5389
vn 0.4243 0.5290 -0.7349
vn 0.6812 0.4956 0.5389
vn 0.8406 0.4485 0.3035
vn 0.4218 0.5371 -0.7305
vn 0.8497 0.4455 -0.2821
vn 0.9063 0.4227 -0.0000
vn 0.4206 0.5408 -0.7285
vn 0.9066 0.4221 0.0000
vn 0.8406 0.4485 -0.3035
vn 0.4214 0.5384 -0.7298
vn 0.8497 0.4455 0.2821
vn 0.7356 0.3007 0.6071
vn 0.9036 0.2865 0.3186
vn 0.8866 0.3391 0.3147
vn 0.7282 0.3239 0.6040
vn 0.9601 0.2798 0.0000
vn 0.9383 0.3458 0.0000
vn 0.9036 0.2865 -0.3186
vn 0.8866 0.3391 -0.3147
vn 0.7356 0.3007 -0.6071
vn 0.7282 0.3239 -0.6040
vn 0.8819 0.3562 0.3089
vn 0.7289 0.3316 0.5990
vn 0.9301 0.3672 0.0000
vn 0.8819 0.3562 -0.3089
vn 0.7289 0.3316 -0.5990
vn 0.8893 0.3400 0.3059
vn 0.7343 0.3245 0.5962
vn 0.9379 0.3469 0.0000
vn 0.8893 0.3400 -0.3059
vn 0.7343 0.3245 -0.5962
vn 0.9054 0.2887 0.3112
vn 0.7402 0.3023 0.6006
vn 0.9594 0.2820 0.0000
vn 0.9054 0.2887 -0.3112
vn 0.7402 0.3023 -0.6006
vn 0.7354 0.2867 0.6140
vn 0.4757 0.3079 -0.8239
vn 0.7354 0.2867 -0.6140
vn 0.4764 0.3035 -0.8252
vn 0.4764 0.3038 -0.8251
vn 0.7481 0.2855 -0.5991
vn 0.4756 0.3088 -0.8237
vn 0.7481 0.2855 0.5991
vn 0.9108 0.2528 0.3263
vn 0.4746 0.3149 -0.8220
vn 0.9170 0.2514 -0.3097
vn 0.9717 0.2361 -0.0000
vn 0.4741 0.3176 -0.8212
vn 0.9718 0.2358 -0.0000
vn 0.9108 0.2528 -0.3263
vn 0.4744 0.3157 -0.8217
vn 0.9170 0.2514 0.3097
vn 0.7718 0.0437 0.6344
vn 0.9429 0.0416 0.3304
vn 0.9425 0.0499 0.3304
vn 0.7716 0.0474 0.6344
vn 0.9992 0.0406 0.0000
vn 0.9987 0.0511 0.0000
vn 0.9429 0.0416 -0.3304
vn 0.9425 0.0499 -0.3304
vn 0.7718 0.0437 -0.6344
vn 0.7716 0.0474 -0.6344
vn 0.9427 0.0527 0.3293
vn 0.7722 0.0486 0.6335
vn 0.9985 0.0546 0.0000
vn 0.9427 0.0527 -0.3293
vn 0.7722 0.0486 -0.6335
vn 0.9432 0.0500 0.3283
vn 0.7730 0.0474 0.6326
vn 0.9432 0.0500 -0.3283
vn 0.7730 0.0474 -0.6326
vn 0.9436 0.0416 0.3285
vn 0.7731 0.0438 0.6328
vn 0.9436 0.0416 -0.3285
vn 0.7731 0.0438 -0.6328
vn 0.7714 0.0413 0.6350
vn 0.4995 0.0448 -0.8652
vn 0.7714 0.0413 -0.6350
vn 0.4995 0.0441 -0.8652
vn 0.7737 0.0413 -0.6323
vn 0.7737 0.0413 0.6323
vn 0.9429 0.0361 0.3310
vn 0.9440 0.0360 -0.3280
vn 0.9994 0.0336 -0.0000
vn 0.4995 0.0463 -0.8651
vn 0.9429 0.0361 -0.3310
vn 0.9440 0.0360 0.3280
vn 0.7661 -0.1412 0.6270
vn 0.9359 -0.1345 0.3257
vn 0.9322 -0.1607 0.3242
vn 0.7650 -0.1527 0.6257
vn 0.9913 -0.1313 0.0000
vn 0.9864 -0.1643 0.0000
vn 0.9359 -0.1345 -0.3257
vn 0.9322 -0.1607 -0.3242
vn 0.7661 -0.1413 -0.6270
vn 0.7650 -0.1527 -0.6257
vn 0.9304 -0.1693 0.3252
vn 0.7635 -0.1564 0.6266
vn 0.9845 -0.1751 0.0000
vn 0.9304 -0.1693 -0.3252
vn 0.7635 -0.1564 -0.6266
vn 0.9313 -0.1605 0.3269
vn 0.7631 -0.1525 0.6280
vn 0.9865 -0.1640 0.0000
vn 0.9313 -0.1605 -0.3269
vn 0.7631 -0.1525 -0.6280
vn 0.9353 -0.1340 0.3276
vn 0.7649 -0.1409 0.6285
vn 0.9914 -0.1307 -0.0000
vn 0.9353 -0.1340 -0.3276
vn 0.7649 -0.1409 -0.6285
vn 0.7690 -0.1332 0.6253
vn 0.4947 -0.1446 -0.8569
vn 0.7690 -0.1332 -0.6253
vn 0.4949 -0.1421 -0.8572
vn 0.7638 -0.1335 -0.6314
vn 0.4948 -0.1444 -0.8569
vn 0.7638 -0.1335 0.6314
vn 0.9389 -0.1165 0.3239
vn 0.4945 -0.1481 -0.8565
vn 0.9365 -0.1167 -0.3307
vn 0.9941 -0.1087 -0.0000
vn 0.4944 -0.1492 -0.8563
vn 0.9941 -0.1088 -0.0000
vn 0.9389 -0.1165 -0.3239
vn 0.4945 -0.1480 -0.8565
vn 0.9365 -0.1167 0.3307
vn -0.0271 -0.9994 -0.0220
vn -0.0350 -0.9993 -0.0121
vn -0.0290 -0.9995 -0.0101
vn -0.0250 -0.9995 -0.0206
vn -0.0384 -0.9993 -0.0000
vn -0.0300 -0.9995 0.0000
vn -0.0350 -0.9993 0.0121
vn -0.0290 -0.9995 0.0101
vn -0.0271 -0.9994 0.0220
vn -0.0250 -0.9995 0.0206
vn -0.0275 -0.9996 -0.0098
vn -0.0243 -0.9995 -0.0203
vn -0.0281 -0.9996 0.0000
vn -0.0275 -0.9996 0.0098
vn -0.0243 -0.9995 0.0203
vn -0.0292 -0.9995 -0.0105
vn -0.0250 -0.9995 -0.0209
vn -0.0304 -0.9995 -0.0000
vn -0.0292 -0.9995 0.0105
vn -0.0250 -0.9995 0.0209
vn -0.0363 -0.9993 -0.0123
vn -0.0277 -0.9994 -0.0224
vn -0.0397 -0.9992 0.0000
vn -0.0363 -0.9993 0.0123
vn -0.0277 -0.9994 0.0224
vn -0.0299 -0.9993 -0.0228
vn -0.0171 -0.9994 0.0296
vn -0.0299 -0.9993 0.0228
vn -0.0174 -0.9994 0.0302
vn -0.0283 -0.9993 0.0239
vn -0.0172 -0.9994 0.0298
vn -0.0283 -0.9993 -0.0239
vn -0.0412 -0.9991 -0.0128
vn -0.0167 -0.9994 0.0289
vn -0.0398 -0.9991 0.0145
vn -0.0458 -0.9990 -0.0000
vn -0.0166 -0.9995 0.0287
vn -0.0457 -0.9990 0.0000
vn -0.0412 -0.9991 0.0128
vn -0.0167 -0.9994 0.0290
vn -0.0398 -0.9991 -0.0145
vn 0.3632 -0.8823 0.2994
vn 0.4631 -0.8712 0.1629
vn 0.4002 -0.9055 0.1412
vn 0.3413 -0.8964 0.2829
vn 0.5030 -0.8643 -0.0000
vn 0.4162 -0.9093 0.0000
vn 0.4631 -0.8712 -0.1629
vn 0.4002 -0.9055 -0.1412
vn 0.3632 -0.8823 -0.2994
vn 0.3413 -0.8964 -0.2829
vn 0.3832 -0.9136 0.1362
vn 0.3344 -0.9004 0.2783
vn 0.3946 -0.9189 0.0000
vn 0.3832 -0.9136 -0.1362
vn 0.3344 -0.9004 -0.2782
vn 0.4032 -0.9040 0.1423
vn 0.3426 -0.8958 0.2831
vn 0.4206 -0.9073 0.0000
vn 0.4032 -0.9040 -0.1423
vn 0.3426 -0.8958 -0.2831
vn 0.4760 -0.8646 0.1607
vn 0.3719 -0.8789 0.2986
vn 0.5144 -0.8575 -0.0000
vn 0.4760 -0.8646 -0.1607
vn 0.3719 -0.8789 -0.2987
vn 0.3922 -0.8678 0.3052
vn 0.2314 -0.8865 -0.4007
vn 0.3922 -0.8678 -0.3052
vn 0.2348 -0.8829 -0.4066
vn 0.2349 -0.8828 -0.4068
vn 0.3776 -0.8703 -0.3162
vn 0.2321 -0.8857 -0.4021
vn 0.3776 -0.8703 0.3162
vn 0.5223 -0.8359 0.1685
vn 0.2270 -0.8910 -0.3932
vn 0.5115 -0.8392 -0.1847
vn 0.5726 -0.8198 -0.0000
vn 0.2258 -0.8922 -0.3910
vn 0.5723 -0.8200 -0.0000
vn 0.5223 -0.8359 -0.1685
vn 0.2275 -0.8905 -0.3940
vn 0.5115 -0.8392 0.1847
vn 0.7186 -0.3647 0.5921
vn 0.8840 -0.3493 0.3106
vn 0.8616 -0.4078 0.3022
vn 0.7109 -0.3899 0.5853
vn 0.9399 -0.3415 0.0000
vn 0.9094 -0.4158 -0.0000
vn 0.8840 -0.3493 -0.3106
vn 0.8616 -0.4078 -0.3022
vn 0.7186 -0.3647 -0.5921
vn 0.7109 -0.3899 -0.5853
vn 0.8538 -0.4259 0.2993
vn 0.7085 -0.3981 0.5827
vn 0.8988 -0.4383 -0.0000
vn 0.8538 -0.4259 -0.2993
vn 0.7085 -0.3981 -0.5827
vn 0.8626 -0.4065 0.3013
vn 0.7121 -0.3895 0.5841
vn 0.9104 -0.4138 0.0000
vn 0.8626 -0.4065 -0.3013
vn 0.7121 -0.3895 -0.5841
vn 0.8867 -0.3458 0.3070
vn 0.7225 -0.3626 0.5886
vn 0.9412 -0.3379 0.0000
vn 0.8867 -0.3458 -0.3070
vn 0.7225 -0.3626 -0.5886
vn 0.7303 -0.3453 0.5895
vn 0.4641 -0.3719 -0.8039
vn 0.7303 -0.3453 -0.5894
vn 0.4653 -0.3663 -0.8058
vn 0.4653 -0.3662 -0.8059
vn 0.7219 -0.3467 -0.5989
vn 0.4642 -0.3713 -0.8041
vn 0.7219 -0.3467 0.5989
vn 0.9010 -0.3057 0.3078
vn 0.4625 -0.3798 -0.8011
vn 0.8969 -0.3069 -0.3184
vn 0.9579 -0.2872 0.0000
vn 0.4620 -0.3823 -0.8002
vn 0.9579 -0.2873 -0.0000
vn 0.9010 -0.3057 -0.3078
vn 0.4626 -0.3795 -0.8012
vn 0.8969 -0.3069 0.3184
vn 0.7622 0.1743 0.6234
vn 0.9314 0.1657 0.3241
vn 0.9254 0.1982 0.3231
vn 0.7594 0.1886 0.6227
vn 0.9868 0.1617 0.0000
vn 0.9793 0.2024 0.0000
vn 0.9314 0.1657 -0.3241
vn 0.9254 0.1982 -0.3231
vn 0.7622 0.1743 -0.6234
vn 0.7594 0.1886 -0.6227
vn 0.9231 0.2089 0.3227
vn 0.7584 0.1933 0.6225
vn 0.9764 0.2160 -0.0000
vn 0.9231 0.2089 -0.3227
vn 0.7584 0.1933 -0.6225
vn 0.9251 0.1985 0.3236
vn 0.7589 0.1887 0.6233
vn 0.9792 0.2030 -0.0000
vn 0.9251 0.1985 -0.3236
vn 0.7589 0.1887 -0.6233
vn 0.9306 0.1666 0.3260
vn 0.7605 0.1748 0.6253
vn 0.9867 0.1626 0.0000
vn 0.9306 0.1666 -0.3260
vn 0.7605 0.1748 -0.6253
vn 0.7607 0.1653 0.6278
vn 0.4920 0.1786 -0.8521
vn 0.7607 0.1653 -0.6278
vn 0.4922 0.1758 -0.8525
vn 0.7648 0.1649 -0.6229
vn 0.4919 0.1788 -0.8521
vn 0.7648 0.1649 0.6229
vn 0.9333 0.1447 0.3288
vn 0.4916 0.1830 -0.8514
vn 0.9352 0.1444 -0.3235
vn 0.9909 0.1349 -0.0000
vn 0.4914 0.1845 -0.8512
vn 0.9909 0.1348 0.0000
vn 0.9333 0.1447 -0.3288
vn 0.4915 0.1831 -0.8514
vn 0.9352 0.1444 0.3235
vn 0.4293 0.8346 0.3452
vn 0.5460 0.8171 0.1850
vn 0.4704 0.8667 0.1658
vn 0.3986 0.8561 0.3290
vn 0.5885 0.8085 -0.0000
vn 0.4912 0.8710 0.0000
vn 0.5460 0.8171 -0.1850
vn 0.4704 0.8667 -0.1658
vn 0.4293 0.8346 -0.3452
vn 0.3986 0.8561 -0.3290
vn 0.4489 0.8793 0.1593
vn 0.3898 0.8620 0.3240
vn 0.4632 0.8862 0.0000
vn 0.4489 0.8793 -0.1593
vn 0.3898 0.8620 -0.3240
vn 0.4673 0.8686 0.1648
vn 0.3971 0.8567 0.3291
vn 0.4867 0.8735 -0.0000
vn 0.4673 0.8686 -0.1648
vn 0.3971 0.8567 -0.3291
vn 0.5332 0.8249 0.1877
vn 0.4202 0.8387 0.3465
vn 0.5774 0.8165 0.0000
vn 0.5332 0.8249 -0.1877
vn 0.4202 0.8387 -0.3465
vn 0.4350 0.8236 0.3641
vn 0.2689 0.8430 -0.4658
vn 0.4350 0.8236 -0.3641
vn 0.2718 0.8394 -0.4708
vn 0.2717 0.8394 -0.4706
vn 0.4504 0.8205 -0.3519
vn 0.2682 0.8440 -0.4645
vn 0.4504 0.8205 0.3519
vn 0.5826 0.7851 0.2102
vn 0.2640 0.8492 -0.4573
vn 0.5934 0.7814 -0.1928
vn 0.6474 0.7621 -0.0000
vn 0.2622 0.8514 -0.4542
vn 0.6477 0.7619 0.0000
vn 0.5826 0.7851 -0.2102
vn 0.2636 0.8498 -0.4565
vn 0.5935 0.7814 0.1928
vn 0.0799 0.9948 0.0636
vn 0.1042 0.9940 0.0347
vn 0.0839 0.9960 0.0296
vn 0.0718 0.9956 0.0593
vn 0.1135 0.9935 -0.0000
vn 0.0872 0.9962 0.0000
vn 0.1042 0.9940 -0.0347
vn 0.0839 0.9960 -0.0296
vn 0.0799 0.9948 -0.0636
vn 0.0718 0.9956 -0.0593
vn 0.0788 0.9965 0.0281
vn 0.0697 0.9959 0.0582
vn 0.0807 0.9967 -0.0000
vn 0.0788 0.9965 -0.0281
vn 0.0697 0.9959 -0.0582
vn 0.0830 0.9961 0.0294
vn 0.0714 0.9957 0.0595
vn 0.0860 0.9963 -0.0000
vn 0.0830 0.9961 -0.0294
vn 0.0714 0.9957 -0.0595
vn 0.0999 0.9944 0.0353
vn 0.0772 0.9950 0.0638
vn 0.1096 0.9940 0.0000
vn 0.0999 0.9944 -0.0353
vn 0.0772 0.9950 -0.0638
vn 0.0814 0.9944 0.0681
vn 0.0492 0.9951 -0.0852
vn 0.0814 0.9944 -0.0681
vn 0.0499 0.9950 -0.0865
vn 0.0852 0.9942 -0.0657
vn 0.0490 0.9952 -0.0849
vn 0.0852 0.9942 0.0657
vn 0.1141 0.9926 0.0412
vn 0.0480 0.9954 -0.0831
vn 0.1174 0.9924 -0.0372
vn 0.1305 0.9914 -0.0000
vn 0.0475 0.9955 -0.0823
vn 0.1306 0.9914 0.0000
vn 0.1141 0.9926 -0.0412
vn 0.0478 0.9954 -0.0828
vn 0.1174 0.9924 0.0372
vn 0.4984 -0.7633 0.4112
vn 0.6279 -0.7462 0.2212
vn 0.5627 -0.8025 0.1984
vn 0.4754 -0.7868 0.3936
vn 0.6768 -0.7362 0.0000
vn 0.5875 -0.8092 0.0000
vn 0.6279 -0.7462 -0.2212
vn 0.5627 -0.8025 -0.1984
vn 0.4984 -0.7633 -0.4112
vn 0.4754 -0.7868 -0.3936
vn 0.5436 -0.8170 0.1925
vn 0.4681 -0.7939 0.3882
vn 0.5630 -0.8265 -0.0000
vn 0.5436 -0.8170 -0.1925
vn 0.4681 -0.7939 -0.3882
vn 0.5657 -0.8002 0.1990
vn 0.4771 -0.7860 0.3931
vn 0.5918 -0.8061 0.0000
vn 0.5657 -0.8002 -0.1990
vn 0.4771 -0.7860 -0.3931
vn 0.6393 -0.7376 0.2176
vn 0.5073 -0.7586 0.4089
vn 0.6863 -0.7274 0.0000
vn 0.6392 -0.7376 -0.2176
vn 0.5073 -0.7586 -0.4089
vn 0.5280 -0.7408 0.4152
vn 0.3189 -0.7701 -0.5524
vn 0.5280 -0.7408 -0.4152
vn 0.3224 -0.7643 -0.5585
vn 0.3225 -0.7642 -0.5585
vn 0.5125 -0.7442 -0.4285
vn 0.3196 -0.7690 -0.5536
vn 0.5125 -0.7442 0.4285
vn 0.6846 -0.6934 0.2249
vn 0.3143 -0.7777 -0.5445
vn 0.6746 -0.6972 -0.2428
vn 0.7423 -0.6701 0.0000
vn 0.3130 -0.7798 -0.5421
vn 0.7421 -0.6703 0.0000
vn 0.6846 -0.6934 -0.2249
vn 0.3148 -0.7770 -0.5452
vn 0.6746 -0.6971 0.2428
vn 0.7642 0.1586 0.6251
vn 0.9336 0.1508 0.3249
vn 0.9286 0.1805 0.3241
vn 0.7619 0.1716 0.6245
vn 0.9891 0.1471 0.0000
vn 0.9829 0.1844 -0.0000
vn 0.9336 0.1508 -0.3249
vn 0.9286 0.1805 -0.3241
vn 0.7642 0.1586 -0.6251
vn 0.7619 0.1716 -0.6245
vn 0.9267 0.1903 0.3239
vn 0.7609 0.1760 0.6245
vn 0.9804 0.1968 -0.0000
vn 0.9267 0.1903 -0.3239
vn 0.7609 0.1760 -0.6245
vn 0.9283 0.1808 0.3248
vn 0.7613 0.1717 0.6253
vn 0.9828 0.1849 0.0000
vn 0.9283 0.1808 -0.3248
vn 0.7613 0.1717 -0.6253
vn 0.9328 0.1515 0.3269
vn 0.7626 0.1590 0.6270
vn 0.9890 0.1479 0.0000
vn 0.9328 0.1515 -0.3268
vn 0.7626 0.1590 -0.6270
vn 0.7627 0.1503 0.6290
vn 0.4933 0.1626 -0.8545
vn 0.7627 0.1503 -0.6290
vn 0.4936 0.1600 -0.8549
vn 0.7663 0.1500 -0.6247
vn 0.4933 0.1627 -0.8545
vn 0.7663 0.1500 0.6247
vn 0.9351 0.1315 0.3291
vn 0.4930 0.1666 -0.8539
vn 0.9368 0.1313 -0.3244
vn 0.9925 0.1226 0.0000
vn 0.4929 0.1679 -0.8537
vn 0.9925 0.1225 0.0000
vn 0.9351 0.1315 -0.3291
vn 0.9368 0.1312 0.3244
vn 0.2473 0.9479 0.2007
vn 0.3210 0.9407 0.1098
vn 0.2641 0.9598 0.0954
vn 0.2248 0.9560 0.1887
vn 0.3495 0.9370 -0.0000
vn 0.2756 0.9613 -0.0000
vn 0.3210 0.9407 -0.1098
vn 0.2641 0.9598 -0.0954
vn 0.2473 0.9479 -0.2007
vn 0.2248 0.9560 -0.1887
vn 0.2500 0.9641 0.0891
vn 0.2198 0.9581 0.1834
vn 0.2566 0.9665 -0.0000
vn 0.2500 0.9641 -0.0891
vn 0.2198 0.9581 -0.1834
vn 0.2634 0.9604 0.0905
vn 0.2265 0.9563 0.1846
vn 0.2726 0.9621 -0.0000
vn 0.2634 0.9604 -0.0905
vn 0.2265 0.9563 -0.1846
vn 0.3121 0.9441 0.1063
vn 0.2439 0.9497 0.1963
vn 0.3401 0.9404 0.0000
vn 0.3121 0.9441 -0.1063
vn 0.2439 0.9497 -0.1963
vn 0.2521 0.9439 0.2131
vn 0.1543 0.9512 -0.2672
vn 0.2521 0.9439 -0.2131
vn 0.1563 0.9499 -0.2707
vn 0.1561 0.9500 -0.2704
vn 0.2664 0.9424 -0.2021
vn 0.1533 0.9518 -0.2656
vn 0.2664 0.9424 0.2021
vn 0.3489 0.9284 0.1278
vn 0.1508 0.9534 -0.2612
vn 0.3601 0.9262 -0.1119
vn 0.3959 0.9183 -0.0000
vn 0.1493 0.9544 -0.2586
vn 0.3969 0.9179 0.0000
vn 0.3489 0.9284 -0.1278
vn 0.1500 0.9539 -0.2598
vn 0.3601 0.9262 0.1119
vn 0.7723 -0.0438 0.6338
vn 0.9432 -0.0417 0.3296
vn 0.9429 -0.0500 0.3293
vn 0.7723 -0.0475 0.6335
vn 0.9992 -0.0407 -0.0000
vn 0.9987 -0.0512 0.0000
vn 0.9432 -0.0417 -0.3296
vn 0.9429 -0.0500 -0.3293
vn 0.7723 -0.0438 -0.6338
vn 0.7723 -0.0475 -0.6335
vn 0.9427 -0.0528 0.3293
vn 0.7722 -0.0487 0.6335
vn 0.9985 -0.0547 0.0000
vn 0.9427 -0.0528 -0.3293
vn 0.7722 -0.0487 -0.6335
vn 0.9429 -0.0500 0.3294
vn 0.9429 -0.0500 -0.3294
vn 0.9433 -0.0417 0.3293
vn 0.7725 -0.0438 0.6334
vn 0.9992 -0.0406 -0.0000
vn 0.9433 -0.0417 -0.3293
vn 0.7726 -0.0438 -0.6334
vn 0.7731 -0.0414 0.6330
vn 0.4995 -0.0449 -0.8652
vn 0.7731 -0.0414 -0.6330
vn 0.4995 -0.0442 -0.8652
vn 0.7719 -0.0414 -0.6343
vn 0.7719 -0.0414 0.6343
vn 0.9437 -0.0361 0.3288
vn 0.4995 -0.0460 -0.8651
vn 0.9432 -0.0361 -0.3303
vn 0.9994 -0.0337 -0.0000
vn 0.4995 -0.0464 -0.8651
vn 0.9437 -0.0361 -0.3288
vn 0.9432 -0.0361 0.3303
vn 0.2680 -0.9378 0.2207
vn 0.3439 -0.9312 0.1209
vn 0.2917 -0.9509 0.1029
vn 0.2499 -0.9458 0.2073
vn 0.3752 -0.9269 0.0000
vn 0.3028 -0.9530 -0.0000
vn 0.3439 -0.9312 -0.1209
vn 0.2917 -0.9509 -0.1029
vn 0.2680 -0.9378 -0.2207
vn 0.2499 -0.9458 -0.2073
vn 0.2781 -0.9554 0.0990
vn 0.2442 -0.9481 0.2036
vn 0.2856 -0.9584 -0.0000
vn 0.2781 -0.9554 -0.0990
vn 0.2442 -0.9481 -0.2036
vn 0.2942 -0.9501 0.1041
vn 0.2509 -0.9455 0.2076
vn 0.3064 -0.9519 0.0000
vn 0.2942 -0.9501 -0.1041
vn 0.2509 -0.9455 -0.2076
vn 0.3556 -0.9270 0.1195
vn 0.2754 -0.9357 0.2206
vn 0.3859 -0.9226 -0.0000
vn 0.3556 -0.9270 -0.1195
vn 0.2754 -0.9357 -0.2206
vn 0.2923 -0.9292 0.2262
vn 0.1703 -0.9402 -0.2949
vn 0.2923 -0.9292 -0.2262
vn 0.1731 -0.9381 -0.2999
vn 0.1732 -0.9381 -0.3000
vn 0.2802 -0.9308 -0.2347
vn 0.1710 -0.9397 -0.2961
vn 0.2802 -0.9308 0.2347
vn 0.3953 -0.9098 0.1263
vn 0.1667 -0.9428 -0.2887
vn 0.3857 -0.9120 -0.1394
vn 0.4362 -0.8999 0.0000
vn 0.1657 -0.9435 -0.2870
vn 0.4359 -0.9000 -0.0000
vn 0.3953 -0.9098 -0.1263
vn 0.1671 -0.9425 -0.2895
vn 0.3857 -0.9120 0.1394
vn 0.7557 -0.2057 0.6218
vn 0.9253 -0.1962 0.3244
vn 0.9178 -0.2332 0.3213
vn 0.7534 -0.2217 0.6191
vn 0.9815 -0.1915 -0.0000
vn 0.9712 -0.2383 0.0000
vn 0.9253 -0.1962 -0.3244
vn 0.9178 -0.2332 -0.3213
vn 0.7557 -0.2057 -0.6218
vn 0.7534 -0.2217 -0.6191
vn 0.9151 -0.2452 0.3200
vn 0.7527 -0.2271 0.6180
vn 0.9674 -0.2533 0.0000
vn 0.9151 -0.2452 -0.3200
vn 0.7527 -0.2271 -0.6180
vn 0.9182 -0.2327 0.3205
vn 0.7541 -0.2216 0.6182
vn 0.9714 -0.2376 0.0000
vn 0.9182 -0.2327 -0.3205
vn 0.7541 -0.2216 -0.6182
vn 0.9264 -0.1949 0.3221
vn 0.7579 -0.2049 0.6194
vn 0.9817 -0.1903 -0.0000
vn 0.9264 -0.1949 -0.3221
vn 0.7578 -0.2049 -0.6194
vn 0.7610 -0.1941 0.6191
vn 0.4888 -0.2103 -0.8467
vn 0.7610 -0.1941 -0.6191
vn 0.4892 -0.2068 -0.8473
vn 0.7563 -0.1946 -0.6247
vn 0.4888 -0.2101 -0.8467
vn 0.7563 -0.1946 0.6246
vn 0.9315 -0.1701 0.3216
vn 0.4883 -0.2153 -0.8457
vn 0.9293 -0.1705 -0.3277
vn 0.9873 -0.1590 0.0000
vn 0.4881 -0.2169 -0.8454
vn 0.9315 -0.1701 -0.3216
vn 0.4883 -0.2152 -0.8457
vn 0.9293 -0.1705 0.3277
vn 0.4593 0.8073 0.3706
vn 0.5824 0.7883 0.1984
vn 0.5068 0.8432 0.1792
vn 0.4285 0.8312 0.3543
vn 0.6270 0.7790 -0.0000
vn 0.5298 0.8481 -0.0000
vn 0.5824 0.7883 -0.1984
vn 0.5068 0.8432 -0.1792
vn 0.4593 0.8073 -0.3706
vn 0.4285 0.8312 -0.3543
vn 0.4851 0.8574 0.1720
vn 0.4199 0.8379 0.3488
vn 0.5012 0.8653 -0.0000
vn 0.4851 0.8574 -0.1720
vn 0.4199 0.8379 -0.3488
vn 0.5042 0.8453 0.1771
vn 0.4278 0.8319 0.3534
vn 0.5254 0.8509 -0.0000
vn 0.5042 0.8453 -0.1771
vn 0.4278 0.8319 -0.3534
vn 0.5707 0.7965 0.2000
vn 0.4512 0.8117 0.3709
vn 0.6166 0.7873 0.0000
vn 0.5706 0.7965 -0.2000
vn 0.4512 0.8117 -0.3709
vn 0.4650 0.7950 0.3897
vn 0.2887 0.8165 -0.5000
vn 0.4650 0.7949 -0.3897
vn 0.2915 0.8124 -0.5049
vn 0.2914 0.8126 -0.5048
vn 0.4814 0.7917 -0.3761
vn 0.2878 0.8177 -0.4985
vn 0.4814 0.7917 0.3761
vn 0.6189 0.7529 0.2236
vn 0.2837 0.8234 -0.4914
vn 0.6301 0.7490 -0.2049
vn 0.6854 0.7282 -0.0000
vn 0.2819 0.8259 -0.4883
vn 0.6857 0.7279 0.0000
vn 0.6190 0.7529 -0.2236
vn 0.2832 0.8242 -0.4905
vn 0.6301 0.7490 0.2049
vn 0.7311 -0.3604 0.5793
vn 0.8909 -0.3444 0.2960
vn 0.8679 -0.4029 0.2907
vn 0.7214 -0.3857 0.5751
vn 0.9417 -0.3366 -0.0000
vn 0.9118 -0.4105 -0.0000
vn 0.8909 -0.3444 -0.2960
vn 0.8679 -0.4029 -0.2907
vn 0.7311 -0.3604 -0.5793
vn 0.7214 -0.3857 -0.5751
vn 0.8560 -0.4211 0.3000
vn 0.7102 -0.3935 0.5838
vn 0.9013 -0.4333 -0.0000
vn 0.8560 -0.4211 -0.3000
vn 0.7102 -0.3935 -0.5838
vn 0.8612 -0.4018 0.3114
vn 0.7068 -0.3845 0.5937
vn 0.9124 -0.4093 -0.0000
vn 0.8612 -0.4018 -0.3114
vn 0.7068 -0.3845 -0.5937
vn 0.8848 -0.3419 0.3168
vn 0.7169 -0.3582 0.5981
vn 0.9426 -0.3341 -0.0000
vn 0.8848 -0.3419 -0.3168
vn 0.7169 -0.3582 -0.5981
vn 0.7403 -0.3406 0.5796
vn 0.4649 -0.3682 -0.8052
vn 0.7403 -0.3406 -0.5796
vn 0.4661 -0.3622 -0.8072
vn 0.4662 -0.3616 -0.8074
vn 0.7184 -0.3426 -0.6055
vn 0.4652 -0.3664 -0.8058
vn 0.7184 -0.3426 0.6055
vn 0.9063 -0.3010 0.2966
vn 0.4633 -0.3761 -0.8024
vn 0.8956 -0.3035 -0.3253
vn 0.9591 -0.2830 -0.0000
vn 0.4630 -0.3777 -0.8019
vn 0.9589 -0.2839 -0.0000
vn 0.9063 -0.3010 -0.2966
vn 0.4636 -0.3743 -0.8031
vn 0.8956 -0.3035 0.3253
vn 0.7732 0.0000 0.6342
vn 0.9441 0.0000 0.3298
vn 1.0000 0.0000 0.0000
vn 0.9441 -0.0000 -0.3298
vn 0.7732 0.0000 -0.6342
vn 0.7731 0.0000 0.6342
vn 0.5000 0.0000 -0.8660
vn 0.9441 -0.0000 0.3297
vn 0.4918 0.7754 0.3961
vn 0.6209 0.7550 0.2111
vn 0.5464 0.8152 0.1922
vn 0.4613 0.8017 0.3802
vn 0.6670 0.7450 -0.0000
vn 0.5713 0.8207 -0.0000
vn 0.6209 0.7550 -0.2111
vn 0.5464 0.8152 -0.1922
vn 0.4918 0.7754 -0.3962
vn 0.4613 0.8017 -0.3802
vn 0.5242 0.8311 0.1857
vn 0.4522 0.8092 0.3752
vn 0.5424 0.8401 -0.0000
vn 0.5242 0.8311 -0.1857
vn 0.4522 0.8092 -0.3752
vn 0.5432 0.8174 0.1916
vn 0.4596 0.8024 0.3806
vn 0.5669 0.8238 0.0000
vn 0.5432 0.8174 -0.1916
vn 0.4596 0.8024 -0.3806
vn 0.6091 0.7635 0.2146
vn 0.4827 0.7800 0.3983
vn 0.6572 0.7537 0.0000
vn 0.6091 0.7635 -0.2146
vn 0.4827 0.7800 -0.3983
vn 0.4971 0.7616 0.4157
vn 0.3095 0.7854 -0.5360
vn 0.4972 0.7616 -0.4157
vn 0.3123 0.7809 -0.5410
vn 0.3123 0.7810 -0.5409
vn 0.5127 0.7583 -0.4027
vn 0.3088 0.7866 -0.5348
vn 0.5127 0.7583 0.4027
vn 0.6567 0.7161 0.2364
vn 0.3046 0.7931 -0.5275
vn 0.6670 0.7123 -0.2186
vn 0.7240 0.6898 -0.0000
vn 0.3028 0.7958 -0.5245
vn 0.7242 0.6896 0.0000
vn 0.6567 0.7161 -0.2364
vn 0.3041 0.7937 -0.5268
vn 0.6670 0.7123 0.2186
vn 0.1949 0.9680 0.1578
vn 0.2539 0.9634 0.0864
vn 0.2070 0.9755 0.0746
vn 0.1764 0.9731 0.1479
vn 0.2767 0.9610 -0.0000
vn 0.2158 0.9764 0.0000
vn 0.2539 0.9634 -0.0864
vn 0.2070 0.9755 -0.0746
vn 0.1949 0.9680 -0.1578
vn 0.1764 0.9731 -0.1479
vn 0.1955 0.9782 0.0697
vn 0.1723 0.9745 0.1438
vn 0.2005 0.9797 -0.0000
vn 0.1955 0.9782 -0.0697
vn 0.1723 0.9745 -0.1438
vn 0.2061 0.9759 0.0711
vn 0.1775 0.9734 0.1451
vn 0.2133 0.9770 -0.0000
vn 0.2061 0.9759 -0.0711
vn 0.1775 0.9734 -0.1451
vn 0.2460 0.9656 0.0842
vn 0.1916 0.9692 0.1547
vn 0.2686 0.9632 -0.0000
vn 0.2460 0.9656 -0.0842
vn 0.1916 0.9692 -0.1547
vn 0.1988 0.9655 0.1679
vn 0.1213 0.9701 -0.2101
vn 0.1988 0.9655 -0.1679
vn 0.1229 0.9693 -0.2129
vn 0.1228 0.9694 -0.2126
vn 0.2101 0.9646 -0.1595
vn 0.1205 0.9705 -0.2087
vn 0.2101 0.9646 0.1595
vn 0.2769 0.9556 0.1013
vn 0.1184 0.9716 -0.2051
vn 0.2859 0.9541 -0.0889
vn 0.3154 0.9490 -0.0000
vn 0.1172 0.9721 -0.2030
vn 0.3161 0.9487 -0.0000
vn 0.2769 0.9556 -0.1013
vn 0.1178 0.9718 -0.2040
vn 0.2860 0.9541 0.0889
vn 0.0626 0.9967 0.0508
vn 0.0821 0.9962 0.0280
vn 0.0660 0.9975 0.0240
vn 0.0563 0.9973 0.0475
vn 0.0897 0.9960 -0.0000
vn 0.0688 0.9976 -0.0000
vn 0.0821 0.9962 -0.0280
vn 0.0660 0.9975 -0.0240
vn 0.0626 0.9967 -0.0508
vn 0.0563 0.9973 -0.0475
vn 0.0622 0.9978 0.0222
vn 0.0550 0.9974 0.0460
vn 0.0637 0.9980 0.0000
vn 0.0622 0.9978 -0.0222
vn 0.0550 0.9974 -0.0460
vn 0.0659 0.9976 0.0225
vn 0.0569 0.9973 0.0462
vn 0.0680 0.9977 0.0000
vn 0.0659 0.9976 -0.0225
vn 0.0569 0.9973 -0.0462
vn 0.0795 0.9965 0.0268
vn 0.0617 0.9969 0.0493
vn 0.0869 0.9962 0.0000
vn 0.0795 0.9965 -0.0268
vn 0.0617 0.9969 -0.0493
vn 0.0639 0.9965 0.0542
vn 0.0389 0.9970 -0.0674
vn 0.0639 0.9965 -0.0542
vn 0.0395 0.9969 -0.0683
vn 0.0394 0.9969 -0.0682
vn 0.0681 0.9964 -0.0511
vn 0.0386 0.9970 -0.0669
vn 0.0681 0.9964 0.0511
vn 0.0899 0.9954 0.0330
vn 0.0379 0.9971 -0.0657
vn 0.0934 0.9952 -0.0285
vn 0.1031 0.9947 -0.0000
vn 0.0375 0.9972 -0.0650
vn 0.1035 0.9946 0.0000
vn 0.0899 0.9954 -0.0330
vn 0.0377 0.9972 -0.0653
vn 0.0934 0.9952 0.0285
vn 0.3924 -0.8615 0.3221
vn 0.4987 -0.8490 0.1745
vn 0.4339 -0.8880 0.1523
vn 0.3696 -0.8776 0.3053
vn 0.5406 -0.8413 -0.0000
vn 0.4514 -0.8923 -0.0000
vn 0.4987 -0.8490 -0.1745
vn 0.4339 -0.8880 -0.1523
vn 0.3924 -0.8615 -0.3221
vn 0.3696 -0.8776 -0.3053
vn 0.4158 -0.8974 0.1477
vn 0.3620 -0.8822 0.3011
vn 0.4286 -0.9035 0.0000
vn 0.4158 -0.8974 -0.1477
vn 0.3620 -0.8822 -0.3011
vn 0.4364 -0.8863 0.1547
vn 0.3701 -0.8769 0.3066
vn 0.4557 -0.8901 -0.0000
vn 0.4364 -0.8863 -0.1547
vn 0.3701 -0.8769 -0.3066
vn 0.5110 -0.8419 0.1736
vn 0.4002 -0.8578 0.3226
vn 0.5518 -0.8340 0.0000
vn 0.5110 -0.8419 -0.1736
vn 0.4002 -0.8578 -0.3226
vn 0.4221 -0.8451 0.3280
vn 0.2497 -0.8663 -0.4325
vn 0.4221 -0.8451 -0.3280
vn 0.2533 -0.8622 -0.4387
vn 0.2534 -0.8621 -0.4388
vn 0.4060 -0.8480 -0.3406
vn 0.2506 -0.8653 -0.4340
vn 0.4060 -0.8480 0.3407
vn 0.5588 -0.8095 0.1801
vn 0.2452 -0.8715 -0.4247
vn 0.5473 -0.8132 -0.1981
vn 0.6109 -0.7917 0.0000
vn 0.2440 -0.8728 -0.4226
vn 0.6105 -0.7920 0.0000
vn 0.5587 -0.8096 -0.1801
vn 0.2458 -0.8708 -0.4258
vn 0.5473 -0.8131 0.1982
vn 0.7725 0.0459 0.6333
vn 0.9432 0.0436 0.3292
vn 0.9428 0.0524 0.3293
vn 0.7722 0.0497 0.6334
vn 0.9991 0.0426 -0.0000
vn 0.9986 0.0536 0.0000
vn 0.9432 0.0436 -0.3292
vn 0.9428 0.0524 -0.3293
vn 0.7725 0.0459 -0.6333
vn 0.7722 0.0497 -0.6334
vn 0.9426 0.0553 0.3293
vn 0.7721 0.0510 0.6334
vn 0.9984 0.0573 0.0000
vn 0.9426 0.0553 -0.3293
vn 0.7721 0.0510 -0.6334
vn 0.9427 0.0524 0.3294
vn 0.7721 0.0497 0.6335
vn 0.9428 0.0524 -0.3294
vn 0.7721 0.0497 -0.6335
vn 0.9431 0.0437 0.3296
vn 0.7722 0.0459 0.6338
vn 0.9431 0.0437 -0.3297
vn 0.7722 0.0459 -0.6338
vn 0.7719 0.0434 0.6343
vn 0.4994 0.0470 -0.8651
vn 0.7719 0.0434 -0.6343
vn 0.4994 0.0462 -0.8651
vn 0.7730 0.0433 -0.6330
vn 0.7730 0.0433 0.6329
vn 0.9431 0.0379 0.3302
vn 0.4994 0.0482 -0.8650
vn 0.9436 0.0378 -0.3288
vn 0.9994 0.0353 -0.0000
vn 0.4994 0.0486 -0.8650
vn 0.9431 0.0378 -0.3302
vn 0.9437 0.0378 0.3288
vn 0.2983 0.9234 0.2415
vn 0.3853 0.9134 0.1314
vn 0.3204 0.9403 0.1150
vn 0.2725 0.9348 0.2277
vn 0.4184 0.9083 0.0000
vn 0.3344 0.9424 0.0000
vn 0.3853 0.9134 -0.1314
vn 0.3204 0.9403 -0.1150
vn 0.2983 0.9234 -0.2415
vn 0.2725 0.9348 -0.2277
vn 0.3038 0.9466 0.1082
vn 0.2664 0.9379 0.2221
vn 0.3122 0.9500 0.0000
vn 0.3038 0.9466 -0.1082
vn 0.2664 0.9379 -0.2220
vn 0.3191 0.9413 0.1106
vn 0.2737 0.9353 0.2242
vn 0.3309 0.9437 0.0000
vn 0.3191 0.9412 -0.1106
vn 0.2737 0.9353 -0.2242
vn 0.3749 0.9180 0.1291
vn 0.2934 0.9259 0.2381
vn 0.4079 0.9130 -0.0000
vn 0.3749 0.9180 -0.1291
vn 0.2934 0.9259 -0.2381
vn 0.3037 0.9177 0.2561
vn 0.1863 0.9280 -0.3226
vn 0.3037 0.9177 -0.2561
vn 0.1886 0.9261 -0.3266
vn 0.1884 0.9263 -0.3263
vn 0.3191 0.9157 -0.2443
vn 0.1853 0.9288 -0.3209
vn 0.3191 0.9157 0.2442
vn 0.4171 0.8960 0.1522
vn 0.1822 0.9312 -0.3156
vn 0.4289 0.8932 -0.1351
vn 0.4709 0.8822 -0.0000
vn 0.1806 0.9325 -0.3128
vn 0.4717 0.8818 -0.0000
vn 0.4171 0.8960 -0.1522
vn 0.1815 0.9318 -0.3143
vn 0.4289 0.8932 0.1351
vn 0.5045 -0.7593 0.4109
vn 0.6338 -0.7418 0.2192
vn 0.5683 -0.7989 0.1972
vn 0.4811 -0.7831 0.3940
vn 0.6818 -0.7316 0.0000
vn 0.5926 -0.8055 0.0000
vn 0.6338 -0.7418 -0.2192
vn 0.5683 -0.7989 -0.1973
vn 0.5045 -0.7593 -0.4109
vn 0.4811 -0.7831 -0.3940
vn 0.5482 -0.8135 0.1942
vn 0.4718 -0.7901 0.3913
vn 0.5678 -0.8232 -0.0000
vn 0.5482 -0.8135 -0.1942
vn 0.4718 -0.7901 -0.3913
vn 0.5694 -0.7966 0.2030
vn 0.4791 -0.7821 0.3985
vn 0.5966 -0.8026 -0.0000
vn 0.5694 -0.7966 -0.2030
vn 0.4791 -0.7821 -0.3985
vn 0.6425 -0.7335 0.2216
vn 0.5090 -0.7546 0.4141
vn 0.6907 -0.7232 0.0000
vn 0.6425 -0.7335 -0.2216
vn 0.5090 -0.7546 -0.4141
vn 0.5338 -0.7364 0.4157
vn 0.3212 -0.7664 -0.5563
vn 0.5338 -0.7364 -0.4157
vn 0.3247 -0.7604 -0.5625
vn 0.3249 -0.7601 -0.5627
vn 0.5146 -0.7400 -0.4330
vn 0.3221 -0.7649 -0.5579
vn 0.5147 -0.7400 0.4330
vn 0.6899 -0.6885 0.2236
vn 0.3166 -0.7740 -0.5483
vn 0.6778 -0.6928 -0.2461
vn 0.7467 -0.6651 0.0000
vn 0.3154 -0.7759 -0.5463
vn 0.7461 -0.6658 0.0000
vn 0.6899 -0.6885 -0.2236
vn 0.3173 -0.7728 -0.5496
vn 0.6778 -0.6928 0.2461
vn 0.7610 -0.1753 0.6247
vn 0.9307 -0.1671 0.3253
vn 0.9252 -0.1991 0.3230
vn 0.7593 -0.1892 0.6227
vn 0.9866 -0.1631 -0.0000
vn 0.9791 -0.2035 -0.0000
vn 0.9307 -0.1671 -0.3253
vn 0.9252 -0.1991 -0.3230
vn 0.7610 -0.1753 -0.6247
vn 0.7592 -0.1892 -0.6227
vn 0.9230 -0.2095 0.3227
vn 0.7583 -0.1938 0.6224
vn 0.9763 -0.2166 -0.0000
vn 0.9230 -0.2095 -0.3227
vn 0.7583 -0.1938 -0.6224
vn 0.9251 -0.1987 0.3236
vn 0.7589 -0.1891 0.6231
vn 0.9792 -0.2030 -0.0000
vn 0.9251 -0.1987 -0.3236
vn 0.7589 -0.1891 -0.6231
vn 0.9311 -0.1662 0.3247
vn 0.7617 -0.1747 0.6239
vn 0.9868 -0.1622 -0.0000
vn 0.9311 -0.1662 -0.3247
vn 0.7617 -0.1747 -0.6239
vn 0.7651 -0.1654 0.6224
vn 0.4919 -0.1793 -0.8520
vn 0.7651 -0.1654 -0.6224
vn 0.4922 -0.1763 -0.8524
vn 0.4922 -0.1763 -0.8525
vn 0.7603 -0.1657 -0.6281
vn 0.4919 -0.1791 -0.8520
vn 0.7603 -0.1657 0.6281
vn 0.9353 -0.1448 0.3230
vn 0.4915 -0.1836 -0.8513
vn 0.9330 -0.1451 -0.3292
vn 0.9908 -0.1352 -0.0000
vn 0.4914 -0.1850 -0.8511
vn 0.9353 -0.1448 -0.3230
vn 0.4915 -0.1835 -0.8513
vn 0.9330 -0.1451 0.3292
vn 0.5732 0.6693 0.4728
vn 0.7195 0.6467 0.2532
vn 0.6545 0.7180 0.2368
vn 0.5464 0.7004 0.4591
vn 0.7720 0.6357 -0.0000
vn 0.6884 0.7253 0.0000
vn 0.7195 0.6467 -0.2532
vn 0.6545 0.7180 -0.2368
vn 0.5732 0.6693 -0.4728
vn 0.5464 0.7004 -0.4591
vn 0.6361 0.7382 0.2248
vn 0.5425 0.7101 0.4489
vn 0.6615 0.7500 0.0000
vn 0.6361 0.7382 -0.2248
vn 0.5425 0.7101 -0.4489
vn 0.6571 0.7203 0.2224
vn 0.5549 0.7020 0.4464
vn 0.6855 0.7281 -0.0000
vn 0.6571 0.7203 -0.2224
vn 0.5549 0.7020 -0.4464
vn 0.7172 0.6541 0.2406
vn 0.5775 0.6741 0.4605
vn 0.7658 0.6430 -0.0000
vn 0.7172 0.6541 -0.2406
vn 0.5775 0.6741 -0.4605
vn 0.5785 0.6523 0.4897
vn 0.3665 0.6803 -0.6347
vn 0.5785 0.6523 -0.4897
vn 0.3690 0.6749 -0.6391
vn 0.3687 0.6755 -0.6385
vn 0.6032 0.6483 -0.4646
vn 0.3653 0.6827 -0.6328
vn 0.6032 0.6483 0.4646
vn 0.7506 0.6009 0.2748
vn 0.3622 0.6894 -0.6273
vn 0.7649 0.5959 -0.2446
vn 0.8199 0.5725 -0.0000
vn 0.3603 0.6933 -0.6241
vn 0.8208 0.5712 -0.0000
vn 0.7506 0.6009 -0.2748
vn 0.3612 0.6915 -0.6256
vn 0.7649 0.5959 0.2446
vn 0.7732 0.0001 0.6342
vn 0.9441 0.0001 0.3298
vn 1.0000 0.0001 -0.0000
vn 0.9441 0.0001 -0.3298
vn 0.7732 0.0001 -0.6342
vn 0.9441 0.0001 0.3297
vn 0.5000 0.0001 -0.8660
vn 0.6322 -0.6004 0.4898
vn 0.7759 -0.5793 0.2498
vn 0.7224 -0.6495 0.2372
vn 0.6100 -0.6302 0.4803
vn 0.8228 -0.5683 -0.0000
vn 0.7532 -0.6578 -0.0000
vn 0.7759 -0.5792 -0.2498
vn 0.7224 -0.6495 -0.2372
vn 0.6321 -0.6004 -0.4898
vn 0.6100 -0.6302 -0.4803
vn 0.7008 -0.6692 0.2470
vn 0.5934 -0.6387 0.4898
vn 0.7312 -0.6822 -0.0000
vn 0.7008 -0.6692 -0.2470
vn 0.5934 -0.6387 -0.4898
vn 0.7155 -0.6475 0.2625
vn 0.5933 -0.6282 0.5033
vn 0.7551 -0.6556 -0.0000
vn 0.7155 -0.6475 -0.2625
vn 0.5933 -0.6282 -0.5033
vn 0.7713 -0.5736 0.2761
vn 0.6166 -0.5959 0.5145
vn 0.8267 -0.5626 -0.0000
vn 0.7713 -0.5736 -0.2761
vn 0.6166 -0.5959 -0.5145
vn 0.6537 -0.5736 0.4935
vn 0.3961 -0.6102 -0.6861
vn 0.6537 -0.5736 -0.4935
vn 0.3991 -0.6024 -0.6913
vn 0.3995 -0.6013 -0.6920
vn 0.6216 -0.5780 -0.5287
vn 0.3974 -0.6069 -0.6883
vn 0.6216 -0.5780 0.5287
vn 0.8153 -0.5206 0.2536
vn 0.3925 -0.6194 -0.6799
vn 0.7979 -0.5262 -0.2940
vn 0.8681 -0.4963 -0.0000
vn 0.3920 -0.6207 -0.6790
vn 0.8670 -0.4983 -0.0000
vn 0.8153 -0.5206 -0.2536
vn 0.3937 -0.6163 -0.6820
vn 0.7979 -0.5262 0.2940
vn 0.2982 0.9209 0.2510
vn 0.3885 0.9108 0.1398
vn 0.3230 0.9382 0.1240
vn 0.2722 0.9324 0.2380
vn 0.4246 0.9054 -0.0000
vn 0.3395 0.9406 0.0000
vn 0.3885 0.9108 -0.1398
vn 0.3230 0.9382 -0.1240
vn 0.2982 0.9209 -0.2510
vn 0.2722 0.9324 -0.2380
vn 0.3090 0.9447 0.1095
vn 0.2713 0.9359 0.2247
vn 0.3175 0.9483 0.0000
vn 0.3090 0.9447 -0.1095
vn 0.2713 0.9359 -0.2247
vn 0.3321 0.9386 0.0928
vn 0.2931 0.9334 0.2071
vn 0.3383 0.9410 0.0000
vn 0.3321 0.9386 -0.0928
vn 0.2931 0.9334 -0.2071
vn 0.4100 0.9088 0.0778
vn 0.3457 0.9197 0.1861
vn 0.4234 0.9059 0.0000
vn 0.4100 0.9088 -0.0778
vn 0.3457 0.9197 -0.1861
vn 0.3051 0.9151 0.2636
vn 0.1896 0.9253 -0.3284
vn 0.3051 0.9151 -0.2636
vn 0.1917 0.9235 -0.3321
vn 0.0795 0.9204 -0.3827
vn 0.3647 0.9090 -0.2017
vn 0.1840 0.9298 -0.3187
vn 0.4358 0.8910 0.1271
vn 0.4208 0.8931 0.1589
vn 0.1857 0.9285 -0.3216
vn 0.4682 0.8804 -0.0757
vn 0.4770 0.8789 -0.0000
vn 0.1834 0.9303 -0.3176
vn 0.4878 0.8729 -0.0148
vn 0.4208 0.8931 -0.1589
vn 0.1824 0.9311 -0.3159
vn 0.4825 0.8748 0.0434
vn 0.1627 -0.0057 -0.9867
vn -0.1864 -0.0055 -0.9825
vn -0.1865 -0.0066 -0.9824
vn 0.1627 -0.0062 -0.9867
vn -0.5000 -0.0053 -0.8660
vn -0.5000 -0.0067 -0.8660
vn -0.7576 -0.0055 -0.6527
vn -0.7576 -0.0066 -0.6527
vn -0.9358 -0.0057 -0.3524
vn -0.9358 -0.0062 -0.3525
vn -0.1865 -0.0069 -0.9824
vn 0.1627 -0.0064 -0.9867
vn -0.5000 -0.0072 -0.8660
vn -0.7576 -0.0069 -0.6527
vn -0.9358 -0.0064 -0.3525
vn -0.1865 -0.0055 -0.9824
vn 0.1626 -0.0057 -0.9867
vn -0.9358 -0.0057 -0.3525
vn 0.1626 -0.0054 -0.9867
vn -0.9358 -0.0054 -0.3526
vn -0.9359 -0.0054 -0.3523
vn 0.1628 -0.0054 -0.9866
vn -0.1866 -0.0047 -0.9824
vn -0.7577 -0.0047 -0.6526
vn -0.5000 -0.0044 -0.8660
vn -0.7575 -0.0047 -0.6528
vn -0.1864 -0.0047 -0.9825
vn -0.0024 0.9999 0.0158
vn 0.0035 0.9999 0.0168
vn 0.0025 0.9999 0.0136
vn -0.0024 0.9999 0.0143
vn 0.0089 0.9998 0.0154
vn 0.0068 0.9999 0.0118
vn 0.0128 0.9999 0.0114
vn 0.0105 0.9999 0.0090
vn 0.0148 0.9999 0.0058
vn 0.0136 0.9999 0.0051
vn 0.0023 0.9999 0.0128
vn -0.0024 0.9999 0.0140
vn 0.0063 0.9999 0.0109
vn 0.0099 0.9999 0.0084
vn 0.0133 0.9999 0.0049
vn 0.0025 0.9999 0.0135
vn -0.0025 0.9999 0.0143
vn 0.0067 0.9999 0.0116
vn 0.0104 0.9999 0.0089
vn 0.0136 0.9999 0.0050
vn 0.0030 0.9999 0.0163
vn -0.0026 0.9999 0.0154
vn 0.0086 0.9999 0.0148
vn 0.0126 0.9999 0.0107
vn 0.0146 0.9999 0.0054
vn -0.0028 0.9999 0.0163
vn 0.0156 0.9999 0.0057
vn 0.0155 0.9999 0.0064
vn -0.0022 0.9999 0.0167
vn 0.0034 0.9998 0.0187
vn 0.0142 0.9998 0.0130
vn 0.0102 0.9998 0.0177
vn 0.0145 0.9998 0.0122
vn 0.0041 0.9998 0.0188
vn 0.0409 0.9617 -0.2711
vn -0.0587 0.9561 -0.2870
vn -0.0443 0.9706 -0.2368
vn 0.0416 0.9678 -0.2483
vn -0.1510 0.9533 -0.2615
vn -0.1182 0.9717 -0.2047
vn -0.2192 0.9561 -0.1943
vn -0.1829 0.9706 -0.1568
vn -0.2552 0.9617 -0.1002
vn -0.2358 0.9678 -0.0881
vn -0.0410 0.9738 -0.2235
vn 0.0419 0.9694 -0.2420
vn -0.1098 0.9756 -0.1902
vn -0.1731 0.9738 -0.1473
vn -0.2305 0.9694 -0.0847
vn -0.0433 0.9711 -0.2347
vn 0.0427 0.9680 -0.2474
vn -0.1167 0.9724 -0.2021
vn -0.1816 0.9711 -0.1549
vn -0.2356 0.9680 -0.0867
vn -0.0518 0.9589 -0.2789
vn 0.0449 0.9630 -0.2656
vn -0.1463 0.9562 -0.2535
vn -0.2156 0.9589 -0.1843
vn -0.2525 0.9630 -0.0939
vn 0.0488 0.9587 -0.2802
vn -0.2671 0.9587 -0.0978
vn -0.2664 0.9577 -0.1089
vn 0.0389 0.9577 -0.2852
vn -0.0569 0.9468 -0.3167
vn -0.2411 0.9454 -0.2193
vn -0.1718 0.9391 -0.2976
vn -0.1719 0.9390 -0.2977
vn -0.2458 0.9468 -0.2076
vn -0.0694 0.9454 -0.3184
vn 0.1626 -0.1151 -0.9800
vn -0.1845 -0.1096 -0.9767
vn -0.1844 -0.1312 -0.9741
vn 0.1619 -0.1245 -0.9789
vn -0.4971 -0.1070 -0.8611
vn -0.4955 -0.1342 -0.8582
vn -0.7536 -0.1097 -0.6482
vn -0.7514 -0.1312 -0.6467
vn -0.9299 -0.1152 -0.3492
vn -0.9287 -0.1245 -0.3492
vn -0.1846 -0.1383 -0.9730
vn 0.1615 -0.1277 -0.9786
vn -0.4949 -0.1431 -0.8571
vn -0.7504 -0.1383 -0.6464
vn -0.9282 -0.1277 -0.3495
vn -0.1852 -0.1310 -0.9739
vn 0.1610 -0.1245 -0.9791
vn -0.4955 -0.1339 -0.8582
vn -0.7509 -0.1310 -0.6473
vn -0.9284 -0.1245 -0.3501
vn -0.1862 -0.1093 -0.9764
vn 0.1605 -0.1149 -0.9803
vn -0.4972 -0.1066 -0.8611
vn -0.7525 -0.1093 -0.6495
vn -0.9292 -0.1149 -0.3512
vn 0.1597 -0.1086 -0.9812
vn -0.9295 -0.1086 -0.3523
vn -0.9309 -0.1088 -0.3486
vn 0.1635 -0.1088 -0.9805
vn -0.1874 -0.0949 -0.9777
vn -0.7552 -0.0951 -0.6485
vn -0.4980 -0.0885 -0.8626
vn -0.4980 -0.0886 -0.8626
vn -0.7530 -0.0949 -0.6511
vn -0.1840 -0.0951 -0.9783
vn 0.0744 -0.8939 -0.4420
vn -0.0858 -0.8837 -0.4601
vn -0.0736 -0.9152 -0.3963
vn 0.0711 -0.9068 -0.4155
vn -0.2400 -0.8773 -0.4156
vn -0.1976 -0.9186 -0.3422
vn -0.3555 -0.8837 -0.3043
vn -0.3064 -0.9152 -0.2619
vn -0.4200 -0.8939 -0.1566
vn -0.3954 -0.9068 -0.1461
vn -0.0699 -0.9225 -0.3795
vn 0.0702 -0.9105 -0.4074
vn -0.1871 -0.9273 -0.3241
vn -0.2937 -0.9225 -0.2503
vn -0.3879 -0.9105 -0.1429
vn -0.0747 -0.9138 -0.3993
vn 0.0699 -0.9063 -0.4167
vn -0.1997 -0.9167 -0.3459
vn -0.3085 -0.9138 -0.2643
vn -0.3958 -0.9063 -0.1478
vn -0.0948 -0.8775 -0.4701
vn 0.0688 -0.8908 -0.4493
vn -0.2457 -0.8709 -0.4256
vn -0.3597 -0.8775 -0.3172
vn -0.4234 -0.8908 -0.1651
vn 0.0652 -0.8806 -0.4694
vn -0.4391 -0.8806 -0.1783
vn -0.4410 -0.8829 -0.1613
vn 0.0808 -0.8829 -0.4625
vn -0.1102 -0.8510 -0.5134
vn -0.3975 -0.8540 -0.3356
vn -0.2743 -0.8360 -0.4752
vn -0.2742 -0.8362 -0.4750
vn -0.3895 -0.8510 -0.3521
vn -0.0919 -0.8540 -0.5120
vn 0.1381 -0.5515 -0.8227
vn -0.1557 -0.5323 -0.8321
vn -0.1471 -0.6017 -0.7850
vn 0.1349 -0.5811 -0.8026
vn -0.4265 -0.5219 -0.7387
vn -0.3959 -0.6108 -0.6857
vn -0.6428 -0.5323 -0.5509
vn -0.6063 -0.6017 -0.5199
vn -0.7815 -0.5515 -0.2917
vn -0.7625 -0.5811 -0.2844
vn -0.1442 -0.6217 -0.7699
vn 0.1337 -0.5904 -0.7959
vn -0.3862 -0.6351 -0.6690
vn -0.5947 -0.6217 -0.5098
vn -0.7561 -0.5904 -0.2822
vn -0.1488 -0.5994 -0.7865
vn 0.1329 -0.5804 -0.8034
vn -0.3972 -0.6075 -0.6879
vn -0.6067 -0.5994 -0.5221
vn -0.7622 -0.5804 -0.2866
vn -0.1627 -0.5254 -0.8351
vn 0.1314 -0.5476 -0.8264
vn -0.4286 -0.5149 -0.7424
vn -0.6419 -0.5254 -0.5585
vn -0.7814 -0.5476 -0.2994
vn 0.1273 -0.5265 -0.8406
vn -0.7916 -0.5265 -0.3101
vn -0.7963 -0.5291 -0.2931
vn 0.1443 -0.5292 -0.8362
vn -0.1740 -0.4754 -0.8624
vn -0.6696 -0.4780 -0.5685
vn -0.4462 -0.4512 -0.7729
vn -0.4462 -0.4513 -0.7728
vn -0.6599 -0.4754 -0.5819
vn -0.1576 -0.4780 -0.8641
vn 0.1620 0.0567 -0.9852
vn -0.1865 0.0539 -0.9810
vn -0.1861 0.0647 -0.9804
vn 0.1623 0.0614 -0.9848
vn -0.4993 0.0526 -0.8648
vn -0.4989 0.0661 -0.8641
vn -0.7563 0.0539 -0.6520
vn -0.7560 0.0647 -0.6514
vn -0.9342 0.0567 -0.3523
vn -0.9340 0.0614 -0.3519
vn -0.1860 0.0683 -0.9802
vn 0.1624 0.0630 -0.9847
vn -0.4988 0.0707 -0.8639
vn -0.7559 0.0683 -0.6512
vn -0.9340 0.0630 -0.3517
vn -0.1860 0.0647 -0.9804
vn 0.1625 0.0614 -0.9848
vn -0.4989 0.0662 -0.8641
vn -0.7561 0.0647 -0.6513
vn -0.9341 0.0614 -0.3517
vn -0.1859 0.0540 -0.9811
vn 0.1628 0.0567 -0.9850
vn -0.7567 0.0540 -0.6515
vn -0.9344 0.0567 -0.3516
vn 0.1635 0.0536 -0.9851
vn -0.9349 0.0536 -0.3510
vn -0.9341 0.0535 -0.3530
vn 0.1613 0.0535 -0.9854
vn -0.1853 0.0467 -0.9816
vn -0.7561 0.0467 -0.6527
vn -0.4995 0.0435 -0.8652
vn -0.7574 0.0467 -0.6513
vn -0.1872 0.0467 -0.9812
vn 0.1241 0.6132 -0.7801
vn -0.1544 0.5904 -0.7922
vn -0.1380 0.6643 -0.7346
vn 0.1256 0.6459 -0.7530
vn -0.4075 0.5795 -0.7058
vn -0.3703 0.6720 -0.6413
vn -0.6089 0.5904 -0.5298
vn -0.5672 0.6643 -0.4868
vn -0.7376 0.6132 -0.2826
vn -0.7149 0.6459 -0.2678
vn -0.1335 0.6858 -0.7154
vn 0.1256 0.6558 -0.7445
vn -0.3578 0.6986 -0.6197
vn -0.5528 0.6858 -0.4734
vn -0.7075 0.6558 -0.2635
vn -0.1377 0.6668 -0.7324
vn 0.1261 0.6467 -0.7522
vn -0.3687 0.6754 -0.6386
vn -0.5655 0.6668 -0.4855
vn -0.7145 0.6467 -0.2669
vn -0.1481 0.5981 -0.7876
vn 0.1295 0.6176 -0.7757
vn -0.4047 0.5873 -0.7009
vn -0.6080 0.5981 -0.5221
vn -0.7365 0.6176 -0.2758
vn 0.1377 0.5952 -0.7917
vn -0.7545 0.5952 -0.2766
vn -0.7495 0.5921 -0.2961
vn 0.1183 0.5921 -0.7971
vn -0.1496 0.5429 -0.8264
vn -0.6299 0.5397 -0.5585
vn -0.4286 0.5149 -0.7424
vn -0.4287 0.5147 -0.7425
vn -0.6409 0.5429 -0.5427
vn -0.1687 0.5397 -0.8248
vn 0.1007 0.7660 -0.6348
vn -0.1281 0.7453 -0.6543
vn -0.1074 0.8069 -0.5809
vn 0.1021 0.7929 -0.6007
vn -0.3389 0.7352 -0.5870
vn -0.2914 0.8126 -0.5047
vn -0.5026 0.7453 -0.4381
vn -0.4493 0.8069 -0.3835
vn -0.6001 0.7660 -0.2302
vn -0.5713 0.7929 -0.2120
vn -0.1034 0.8232 -0.5582
vn 0.1008 0.8006 -0.5906
vn -0.2770 0.8325 -0.4797
vn -0.4317 0.8232 -0.3686
vn -0.5619 0.8006 -0.2080
vn -0.1094 0.8091 -0.5774
vn 0.1000 0.7938 -0.5999
vn -0.2893 0.8156 -0.5011
vn -0.4453 0.8091 -0.3834
vn -0.5695 0.7938 -0.2134
vn -0.1228 0.7537 -0.6456
vn 0.1033 0.7707 -0.6287
vn -0.3342 0.7437 -0.5789
vn -0.4977 0.7537 -0.4292
vn -0.5962 0.7707 -0.2249
vn 0.1145 0.7519 -0.6492
vn -0.6195 0.7519 -0.2254
vn -0.6150 0.7484 -0.2483
vn 0.0925 0.7484 -0.6567
vn -0.1243 0.7056 -0.6976
vn -0.5300 0.7015 -0.4764
vn -0.3671 0.6790 -0.6358
vn -0.3673 0.6785 -0.6362
vn -0.5419 0.7056 -0.4565
vn -0.1476 0.7015 -0.6972
vn 0.1350 0.5192 -0.8439
vn -0.1652 0.4976 -0.8515
vn -0.1523 0.5707 -0.8069
vn 0.1364 0.5516 -0.8229
vn -0.4366 0.4874 -0.7562
vn -0.4077 0.5789 -0.7062
vn -0.6549 0.4976 -0.5688
vn -0.6226 0.5707 -0.5354
vn -0.7984 0.5192 -0.3051
vn -0.7808 0.5516 -0.2933
vn -0.1484 0.5930 -0.7914
vn 0.1368 0.5617 -0.8160
vn -0.3975 0.6065 -0.6885
vn -0.6112 0.5930 -0.5242
vn -0.7751 0.5617 -0.2895
vn -0.1515 0.5729 -0.8055
vn 0.1376 0.5523 -0.8222
vn -0.4066 0.5820 -0.7042
vn -0.6218 0.5729 -0.5339
vn -0.7809 0.5523 -0.2919
vn -0.1594 0.5039 -0.8489
vn 0.1406 0.5229 -0.8407
vn -0.4348 0.4938 -0.7531
vn -0.6555 0.5039 -0.5625
vn -0.7984 0.5229 -0.2986
vn 0.1473 0.5008 -0.8529
vn -0.8123 0.5008 -0.2989
vn -0.8074 0.4983 -0.3158
vn 0.1302 0.4983 -0.8572
vn -0.1601 0.4507 -0.8782
vn -0.6707 0.4483 -0.5909
vn -0.4526 0.4249 -0.7840
vn -0.4527 0.4247 -0.7840
vn -0.6805 0.4507 -0.5777
vn -0.1764 0.4483 -0.8763
vn 0.1622 0.0448 -0.9857
vn -0.1866 0.0426 -0.9815
vn -0.1863 0.0512 -0.9812
vn 0.1624 0.0486 -0.9855
vn -0.4996 0.0416 -0.8653
vn -0.4993 0.0523 -0.8648
vn -0.7567 0.0426 -0.6523
vn -0.7566 0.0512 -0.6519
vn -0.9348 0.0448 -0.3524
vn -0.9347 0.0486 -0.3522
vn -0.1862 0.0540 -0.9810
vn 0.1625 0.0498 -0.9855
vn -0.4992 0.0559 -0.8647
vn -0.7565 0.0540 -0.6517
vn -0.9347 0.0498 -0.3520
vn -0.1861 0.0512 -0.9812
vn 0.1626 0.0486 -0.9855
vn -0.4993 0.0524 -0.8648
vn -0.7567 0.0512 -0.6518
vn -0.9348 0.0486 -0.3519
vn -0.1860 0.0427 -0.9816
vn 0.1628 0.0449 -0.9856
vn -0.7571 0.0427 -0.6519
vn -0.9350 0.0449 -0.3518
vn 0.1633 0.0424 -0.9857
vn -0.9353 0.0424 -0.3514
vn -0.9347 0.0423 -0.3529
vn 0.1617 0.0423 -0.9859
vn -0.1856 0.0370 -0.9819
vn -0.7566 0.0370 -0.6528
vn -0.4997 0.0344 -0.8655
vn -0.7575 0.0370 -0.6517
vn -0.1870 0.0369 -0.9817
vn 0.0923 -0.8265 -0.5553
vn -0.1081 -0.8120 -0.5735
vn -0.0947 -0.8581 -0.5046
vn 0.0888 -0.8456 -0.5264
vn -0.2978 -0.8032 -0.5159
vn -0.2523 -0.8634 -0.4370
vn -0.4426 -0.8120 -0.3804
vn -0.3897 -0.8581 -0.3344
vn -0.5270 -0.8265 -0.1977
vn -0.5003 -0.8456 -0.1863
vn -0.0897 -0.8695 -0.4858
vn 0.0887 -0.8512 -0.5173
vn -0.2403 -0.8769 -0.4163
vn -0.3759 -0.8695 -0.3206
vn -0.4923 -0.8512 -0.1819
vn -0.0944 -0.8562 -0.5080
vn 0.0891 -0.8449 -0.5275
vn -0.2545 -0.8608 -0.4408
vn -0.3927 -0.8562 -0.3358
vn -0.5014 -0.8449 -0.1866
vn -0.1156 -0.8041 -0.5831
vn 0.0878 -0.8223 -0.5623
vn -0.3032 -0.7952 -0.5252
vn -0.4472 -0.8041 -0.3917
vn -0.5308 -0.8223 -0.2051
vn 0.0818 -0.8075 -0.5842
vn -0.5468 -0.8075 -0.2212
vn -0.5501 -0.8106 -0.2006
vn 0.1013 -0.8106 -0.5767
vn -0.1337 -0.7667 -0.6280
vn -0.4874 -0.7705 -0.4109
vn -0.3328 -0.7464 -0.5764
vn -0.3326 -0.7467 -0.5761
vn -0.4770 -0.7667 -0.4298
vn -0.1122 -0.7705 -0.6275
vn 0.1147 0.6726 -0.7311
vn -0.1469 0.6498 -0.7458
vn -0.1284 0.7212 -0.6807
vn 0.1162 0.7041 -0.7005
vn -0.3846 0.6389 -0.6662
vn -0.3426 0.7283 -0.5935
vn -0.5724 0.6498 -0.5001
vn -0.5253 0.7212 -0.4516
vn -0.6905 0.6726 -0.2662
vn -0.6648 0.7041 -0.2496
vn -0.1229 0.7413 -0.6599
vn 0.1170 0.7133 -0.6910
vn -0.3290 0.7530 -0.5699
vn -0.5100 0.7413 -0.4363
vn -0.6569 0.7133 -0.2442
vn -0.1266 0.7237 -0.6784
vn 0.1185 0.7048 -0.6994
vn -0.3408 0.7318 -0.5902
vn -0.5242 0.7237 -0.4488
vn -0.6649 0.7048 -0.2471
vn -0.1381 0.6583 -0.7400
vn 0.1222 0.6773 -0.7255
vn -0.3810 0.6475 -0.6599
vn -0.5718 0.6583 -0.4896
vn -0.6894 0.6773 -0.2569
vn 0.1291 0.6556 -0.7440
vn -0.7089 0.6556 -0.2602
vn -0.7047 0.6523 -0.2792
vn 0.1105 0.6523 -0.7499
vn -0.1421 0.6039 -0.7843
vn -0.5978 0.6005 -0.5311
vn -0.4089 0.5756 -0.7081
vn -0.4089 0.5755 -0.7082
vn -0.6081 0.6039 -0.5152
vn -0.1610 0.6005 -0.7832
vn 0.0259 0.9850 -0.1707
vn -0.0371 0.9827 -0.1816
vn -0.0276 0.9886 -0.1483
vn 0.0263 0.9875 -0.1557
vn -0.0957 0.9815 -0.1658
vn -0.0740 0.9890 -0.1281
vn -0.1387 0.9827 -0.1229
vn -0.1146 0.9886 -0.0980
vn -0.1608 0.9850 -0.0630
vn -0.1480 0.9875 -0.0550
vn -0.0256 0.9899 -0.1397
vn 0.0263 0.9881 -0.1516
vn -0.0685 0.9906 -0.1187
vn -0.1082 0.9899 -0.0920
vn -0.1445 0.9881 -0.0530
vn -0.0273 0.9888 -0.1468
vn 0.0266 0.9875 -0.1551
vn -0.0730 0.9893 -0.1264
vn -0.1135 0.9888 -0.0971
vn -0.1477 0.9875 -0.0545
vn -0.0329 0.9839 -0.1759
vn 0.0280 0.9855 -0.1671
vn -0.0926 0.9827 -0.1603
vn -0.1359 0.9839 -0.1165
vn -0.1587 0.9855 -0.0593
vn 0.0310 0.9838 -0.1767
vn -0.1685 0.9838 -0.0615
vn -0.1681 0.9833 -0.0691
vn 0.0242 0.9833 -0.1801
vn -0.0360 0.9789 -0.2012
vn -0.1531 0.9783 -0.1399
vn -0.1097 0.9756 -0.1900
vn -0.1098 0.9756 -0.1901
vn -0.1563 0.9789 -0.1318
vn -0.0446 0.9783 -0.2025
vn 0.1395 0.5166 -0.8448
vn -0.1616 0.4952 -0.8536
vn -0.1489 0.5682 -0.8093
vn 0.1409 0.5489 -0.8240
vn -0.4372 0.4850 -0.7573
vn -0.4086 0.5764 -0.7077
vn -0.6584 0.4952 -0.5667
vn -0.6265 0.5682 -0.5336
vn -0.8013 0.5166 -0.3016
vn -0.7840 0.5489 -0.2900
vn -0.1486 0.5904 -0.7933
vn 0.1371 0.5591 -0.8177
vn -0.3985 0.6039 -0.6903
vn -0.6127 0.5904 -0.5254
vn -0.7767 0.5591 -0.2901
vn -0.1561 0.5702 -0.8065
vn 0.1331 0.5499 -0.8246
vn -0.4076 0.5792 -0.7060
vn -0.6204 0.5702 -0.5385
vn -0.7806 0.5499 -0.2971
vn -0.1650 0.5011 -0.8495
vn 0.1351 0.5204 -0.8432
vn -0.4356 0.4909 -0.7545
vn -0.6532 0.5011 -0.5676
vn -0.7978 0.5204 -0.3046
vn 0.1505 0.4984 -0.8538
vn -0.8147 0.4984 -0.2966
vn -0.8073 0.4956 -0.3205
vn 0.1261 0.4956 -0.8594
vn -0.1575 0.4485 -0.8798
vn -0.6691 0.4455 -0.5948
vn -0.4531 0.4227 -0.7849
vn -0.4533 0.4221 -0.7851
vn -0.6832 0.4485 -0.5763
vn -0.1805 0.4455 -0.8769
vn 0.1579 0.3007 -0.9406
vn -0.1759 0.2865 -0.9418
vn -0.1708 0.3391 -0.9251
vn 0.1589 0.3239 -0.9327
vn -0.4800 0.2798 -0.8314
vn -0.4692 0.3458 -0.8126
vn -0.7277 0.2865 -0.6232
vn -0.7158 0.3391 -0.6104
vn -0.8935 0.3007 -0.3335
vn -0.8872 0.3239 -0.3287
vn -0.1735 0.3562 -0.9182
vn 0.1543 0.3316 -0.9307
vn -0.4651 0.3672 -0.8055
vn -0.7084 0.3562 -0.6093
vn -0.8832 0.3316 -0.3317
vn -0.1797 0.3400 -0.9231
vn 0.1492 0.3245 -0.9341
vn -0.4689 0.3470 -0.8122
vn -0.7096 0.3400 -0.6172
vn -0.8835 0.3245 -0.3378
vn -0.1832 0.2887 -0.9397
vn 0.1500 0.3023 -0.9413
vn -0.4797 0.2820 -0.8309
vn -0.7222 0.2887 -0.6286
vn -0.8902 0.3023 -0.3408
vn 0.1640 0.2867 -0.9439
vn -0.8994 0.2867 -0.3299
vn -0.8928 0.2855 -0.3483
vn 0.1448 0.2855 -0.9474
vn -0.1728 0.2528 -0.9520
vn -0.7267 0.2514 -0.6393
vn -0.4859 0.2361 -0.8415
vn -0.4859 0.2358 -0.8416
vn -0.7380 0.2528 -0.6257
vn -0.1903 0.2514 -0.9490
vn 0.1635 0.0437 -0.9856
vn -0.1854 0.0416 -0.9818
vn -0.1852 0.0499 -0.9814
vn 0.1636 0.0474 -0.9854
vn -0.4996 0.0406 -0.8653
vn -0.4993 0.0511 -0.8649
vn -0.7576 0.0416 -0.6514
vn -0.7574 0.0499 -0.6511
vn -0.9353 0.0437 -0.3512
vn -0.9352 0.0474 -0.3510
vn -0.1862 0.0527 -0.9811
vn 0.1625 0.0486 -0.9855
vn -0.4993 0.0546 -0.8647
vn -0.7566 0.0527 -0.6518
vn -0.9347 0.0486 -0.3520
vn -0.1873 0.0500 -0.9810
vn 0.1613 0.0474 -0.9858
vn -0.7560 0.0500 -0.6527
vn -0.9344 0.0474 -0.3532
vn -0.1873 0.0416 -0.9814
vn 0.1614 0.0438 -0.9859
vn -0.7563 0.0416 -0.6529
vn -0.9345 0.0438 -0.3531
vn 0.1642 0.0413 -0.9856
vn -0.9356 0.0413 -0.3505
vn -0.9344 0.0413 -0.3539
vn 0.1607 0.0413 -0.9861
vn -0.1848 0.0361 -0.9821
vn -0.7560 0.0360 -0.6535
vn -0.4997 0.0336 -0.8655
vn -0.7581 0.0361 -0.6511
vn -0.1879 0.0360 -0.9815
vn 0.1599 -0.1412 -0.9770
vn -0.1859 -0.1345 -0.9733
vn -0.1854 -0.1607 -0.9694
vn 0.1594 -0.1527 -0.9753
vn -0.4957 -0.1313 -0.8585
vn -0.4932 -0.1643 -0.8543
vn -0.7500 -0.1345 -0.6476
vn -0.7469 -0.1607 -0.6453
vn -0.9260 -0.1413 -0.3500
vn -0.9244 -0.1527 -0.3497
vn -0.1836 -0.1693 -0.9683
vn 0.1609 -0.1564 -0.9745
vn -0.4923 -0.1751 -0.8526
vn -0.7468 -0.1693 -0.6431
vn -0.9244 -0.1564 -0.3479
vn -0.1826 -0.1605 -0.9700
vn 0.1624 -0.1525 -0.9749
vn -0.4932 -0.1640 -0.8543
vn -0.7488 -0.1605 -0.6431
vn -0.9254 -0.1525 -0.3468
vn -0.1839 -0.1340 -0.9738
vn 0.1618 -0.1409 -0.9767
vn -0.4957 -0.1307 -0.8586
vn -0.7513 -0.1340 -0.6462
vn -0.9268 -0.1409 -0.3482
vn 0.1570 -0.1332 -0.9786
vn -0.9260 -0.1332 -0.3533
vn -0.9288 -0.1335 -0.3458
vn 0.1649 -0.1335 -0.9772
vn -0.1889 -0.1165 -0.9751
vn -0.7546 -0.1167 -0.6457
vn -0.4970 -0.1087 -0.8609
vn -0.4970 -0.1088 -0.8609
vn -0.7500 -0.1165 -0.6511
vn -0.1818 -0.1167 -0.9764
vn -0.0055 -0.9994 0.0345
vn 0.0070 -0.9993 0.0364
vn 0.0058 -0.9995 0.0302
vn -0.0053 -0.9995 0.0319
vn 0.0192 -0.9993 0.0332
vn 0.0150 -0.9995 0.0260
vn 0.0280 -0.9993 0.0243
vn 0.0232 -0.9995 0.0201
vn 0.0326 -0.9994 0.0125
vn 0.0303 -0.9995 0.0114
vn 0.0052 -0.9996 0.0287
vn -0.0054 -0.9995 0.0312
vn 0.0141 -0.9996 0.0244
vn 0.0222 -0.9996 0.0189
vn 0.0297 -0.9995 0.0109
vn 0.0055 -0.9995 0.0305
vn -0.0056 -0.9995 0.0320
vn 0.0152 -0.9995 0.0263
vn 0.0237 -0.9995 0.0200
vn 0.0305 -0.9995 0.0112
vn 0.0075 -0.9993 0.0376
vn -0.0055 -0.9994 0.0352
vn 0.0198 -0.9992 0.0344
vn 0.0288 -0.9993 0.0253
vn 0.0332 -0.9994 0.0128
vn -0.0048 -0.9993 0.0373
vn 0.0347 -0.9993 0.0145
vn 0.0348 -0.9993 0.0126
vn -0.0065 -0.9993 0.0365
vn 0.0095 -0.9991 0.0421
vn 0.0325 -0.9991 0.0272
vn 0.0229 -0.9990 0.0396
vn 0.0228 -0.9990 0.0395
vn 0.0317 -0.9991 0.0293
vn 0.0073 -0.9991 0.0418
vn 0.0776 -0.8823 -0.4642
vn -0.0904 -0.8712 -0.4825
vn -0.0778 -0.9055 -0.4172
vn 0.0744 -0.8964 -0.4370
vn -0.2515 -0.8643 -0.4356
vn -0.2081 -0.9093 -0.3605
vn -0.3726 -0.8712 -0.3196
vn -0.3224 -0.9055 -0.2760
vn -0.4409 -0.8823 -0.1649
vn -0.4157 -0.8964 -0.1541
vn -0.0737 -0.9136 -0.3999
vn 0.0738 -0.9004 -0.4287
vn -0.1973 -0.9189 -0.3417
vn -0.3095 -0.9136 -0.2637
vn -0.4081 -0.9004 -0.1504
vn -0.0783 -0.9040 -0.4203
vn 0.0738 -0.8958 -0.4382
vn -0.2103 -0.9073 -0.3642
vn -0.3249 -0.9040 -0.2780
vn -0.4164 -0.8958 -0.1551
vn -0.0988 -0.8646 -0.4926
vn 0.0727 -0.8789 -0.4714
vn -0.2572 -0.8575 -0.4455
vn -0.3772 -0.8646 -0.3319
vn -0.4446 -0.8789 -0.1728
vn 0.0682 -0.8678 -0.4922
vn -0.4604 -0.8678 -0.1871
vn -0.4626 -0.8703 -0.1689
vn 0.0850 -0.8703 -0.4851
vn -0.1152 -0.8360 -0.5366
vn -0.4157 -0.8392 -0.3506
vn -0.2863 -0.8198 -0.4959
vn -0.2861 -0.8200 -0.4956
vn -0.4071 -0.8359 -0.3681
vn -0.0958 -0.8392 -0.5354
vn 0.1535 -0.3647 -0.9184
vn -0.1730 -0.3493 -0.9209
vn -0.1691 -0.4078 -0.8973
vn 0.1514 -0.3899 -0.9083
vn -0.4699 -0.3415 -0.8140
vn -0.4547 -0.4158 -0.7876
vn -0.7110 -0.3493 -0.6103
vn -0.6925 -0.4078 -0.5950
vn -0.8721 -0.3647 -0.3263
vn -0.8623 -0.3899 -0.3231
vn -0.1677 -0.4259 -0.8891
vn 0.1504 -0.3981 -0.9049
vn -0.4494 -0.4383 -0.7784
vn -0.6861 -0.4259 -0.5898
vn -0.8589 -0.3981 -0.3222
vn -0.1703 -0.4065 -0.8977
vn 0.1497 -0.3895 -0.9088
vn -0.4552 -0.4138 -0.7884
vn -0.6922 -0.4065 -0.5963
vn -0.8619 -0.3895 -0.3247
vn -0.1775 -0.3458 -0.9214
vn 0.1485 -0.3626 -0.9200
vn -0.4706 -0.3379 -0.8151
vn -0.7092 -0.3458 -0.6144
vn -0.8710 -0.3626 -0.3314
vn 0.1453 -0.3453 -0.9272
vn -0.8756 -0.3453 -0.3377
vn -0.8796 -0.3467 -0.3258
vn 0.1577 -0.3467 -0.9246
vn -0.1840 -0.3057 -0.9342
vn -0.7242 -0.3069 -0.6175
vn -0.4789 -0.2872 -0.8295
vn -0.4789 -0.2873 -0.8295
vn -0.7171 -0.3057 -0.6264
vn -0.1727 -0.3069 -0.9359
vn 0.1588 0.1743 -0.9718
vn -0.1850 0.1657 -0.9687
vn -0.1829 0.1982 -0.9630
vn 0.1595 0.1886 -0.9690
vn -0.4934 0.1617 -0.8546
vn -0.4896 0.2024 -0.8481
vn -0.7464 0.1657 -0.6445
vn -0.7425 0.1982 -0.6399
vn -0.9210 0.1743 -0.3484
vn -0.9190 0.1886 -0.3463
vn -0.1821 0.2090 -0.9608
vn 0.1599 0.1933 -0.9680
vn -0.4882 0.2160 -0.8456
vn -0.7411 0.2089 -0.6381
vn -0.9183 0.1933 -0.3455
vn -0.1823 0.1985 -0.9630
vn 0.1603 0.1887 -0.9689
vn -0.4896 0.2030 -0.8480
vn -0.7428 0.1985 -0.6394
vn -0.9192 0.1887 -0.3456
vn -0.1830 0.1666 -0.9689
vn 0.1613 0.1748 -0.9713
vn -0.4933 0.1626 -0.8545
vn -0.7476 0.1666 -0.6429
vn -0.9218 0.1748 -0.3460
vn 0.1633 0.1653 -0.9726
vn -0.9240 0.1653 -0.3449
vn -0.9218 0.1649 -0.3509
vn 0.1570 0.1649 -0.9737
vn -0.1819 0.1447 -0.9726
vn -0.7477 0.1444 -0.6481
vn -0.4954 0.1348 -0.8581
vn -0.7513 0.1447 -0.6439
vn -0.1875 0.1444 -0.9716
vn 0.0843 0.8346 -0.5444
vn -0.1128 0.8171 -0.5653
vn -0.0916 0.8667 -0.4903
vn 0.0856 0.8561 -0.5097
vn -0.2942 0.8085 -0.5096
vn -0.2456 0.8710 -0.4254
vn -0.4332 0.8171 -0.3803
vn -0.3788 0.8667 -0.3245
vn -0.5136 0.8346 -0.1992
vn -0.4842 0.8561 -0.1807
vn -0.0865 0.8793 -0.4684
vn 0.0857 0.8620 -0.4996
vn -0.2316 0.8862 -0.4012
vn -0.3624 0.8793 -0.3091
vn -0.4755 0.8620 -0.1756
vn -0.0909 0.8686 -0.4871
vn 0.0864 0.8567 -0.5085
vn -0.2434 0.8736 -0.4215
vn -0.3764 0.8686 -0.3223
vn -0.4836 0.8567 -0.1794
vn -0.1041 0.8249 -0.5557
vn 0.0900 0.8387 -0.5372
vn -0.2887 0.8165 -0.5000
vn -0.4292 0.8249 -0.3680
vn -0.5102 0.8387 -0.1907
vn 0.0978 0.8236 -0.5587
vn -0.5328 0.8236 -0.1947
vn -0.5300 0.8205 -0.2141
vn 0.0795 0.8205 -0.5660
vn -0.1093 0.7851 -0.6097
vn -0.4637 0.7814 -0.4175
vn -0.3237 0.7621 -0.5607
vn -0.3239 0.7619 -0.5609
vn -0.4733 0.7851 -0.3995
vn -0.1298 0.7814 -0.6103
vn 0.0152 0.9948 -0.1009
vn -0.0221 0.9940 -0.1075
vn -0.0163 0.9960 -0.0874
vn 0.0155 0.9956 -0.0919
vn -0.0568 0.9935 -0.0983
vn -0.0436 0.9962 -0.0755
vn -0.0821 0.9940 -0.0729
vn -0.0676 0.9960 -0.0579
vn -0.0950 0.9948 -0.0373
vn -0.0873 0.9956 -0.0326
vn -0.0151 0.9965 -0.0823
vn 0.0155 0.9959 -0.0894
vn -0.0404 0.9967 -0.0699
vn -0.0637 0.9965 -0.0542
vn -0.0852 0.9959 -0.0313
vn -0.0160 0.9961 -0.0866
vn 0.0158 0.9957 -0.0916
vn -0.0430 0.9963 -0.0745
vn -0.0670 0.9961 -0.0572
vn -0.0872 0.9957 -0.0321
vn -0.0194 0.9944 -0.1041
vn 0.0166 0.9950 -0.0987
vn -0.0548 0.9940 -0.0949
vn -0.0805 0.9944 -0.0689
vn -0.0938 0.9950 -0.0350
vn 0.0183 0.9944 -0.1045
vn -0.0997 0.9944 -0.0365
vn -0.0995 0.9942 -0.0409
vn 0.0143 0.9942 -0.1066
vn -0.0214 0.9926 -0.1194
vn -0.0909 0.9924 -0.0831
vn -0.0653 0.9914 -0.1130
vn -0.0653 0.9914 -0.1131
vn -0.0927 0.9926 -0.0783
vn -0.0265 0.9924 -0.1203
vn 0.1069 -0.7633 -0.6372
vn -0.1224 -0.7462 -0.6544
vn -0.1095 -0.8025 -0.5865
vn 0.1032 -0.7868 -0.6085
vn -0.3384 -0.7362 -0.5861
vn -0.2938 -0.8092 -0.5088
vn -0.5055 -0.7462 -0.4332
vn -0.4531 -0.8025 -0.3881
vn -0.6053 -0.7633 -0.2260
vn -0.5786 -0.7868 -0.2149
vn -0.1051 -0.8170 -0.5670
vn 0.1022 -0.7939 -0.5995
vn -0.2815 -0.8265 -0.4875
vn -0.4385 -0.8170 -0.3745
vn -0.5702 -0.7939 -0.2112
vn -0.1105 -0.8002 -0.5894
vn 0.1019 -0.7860 -0.6097
vn -0.2959 -0.8061 -0.5125
vn -0.4552 -0.8002 -0.3904
vn -0.5790 -0.7860 -0.2166
vn -0.1312 -0.7376 -0.6624
vn 0.1005 -0.7586 -0.6438
vn -0.3431 -0.7274 -0.5943
vn -0.5081 -0.7376 -0.4448
vn -0.6078 -0.7586 -0.2349
vn 0.0956 -0.7408 -0.6649
vn -0.6236 -0.7408 -0.2497
vn -0.6273 -0.7442 -0.2296
vn 0.1148 -0.7442 -0.6581
vn -0.1476 -0.6934 -0.7053
vn -0.5475 -0.6972 -0.4628
vn -0.3711 -0.6701 -0.6429
vn -0.3711 -0.6703 -0.6427
vn -0.5370 -0.6934 -0.4805
vn -0.1270 -0.6972 -0.7056
vn 0.1593 0.1586 -0.9744
vn -0.1854 0.1508 -0.9710
vn -0.1836 0.1805 -0.9663
vn 0.1599 0.1716 -0.9721
vn -0.4946 0.1471 -0.8566
vn -0.4914 0.1844 -0.8512
vn -0.7482 0.1508 -0.6461
vn -0.7450 0.1805 -0.6422
vn -0.9235 0.1586 -0.3493
vn -0.9218 0.1717 -0.3475
vn -0.1828 0.1903 -0.9645
vn 0.1604 0.1760 -0.9712
vn -0.4902 0.1968 -0.8491
vn -0.7439 0.1903 -0.6406
vn -0.9213 0.1760 -0.3467
vn -0.1829 0.1808 -0.9664
vn 0.1609 0.1717 -0.9719
vn -0.4914 0.1849 -0.8511
vn -0.7455 0.1808 -0.6416
vn -0.9222 0.1717 -0.3466
vn -0.1834 0.1515 -0.9713
vn 0.1617 0.1590 -0.9739
vn -0.4945 0.1479 -0.8565
vn -0.7495 0.1515 -0.6444
vn -0.9243 0.1590 -0.3469
vn 0.1634 0.1503 -0.9750
vn -0.9261 0.1503 -0.3460
vn -0.9242 0.1500 -0.3513
vn 0.1578 0.1500 -0.9760
vn -0.1826 0.1315 -0.9744
vn -0.7493 0.1313 -0.6491
vn -0.4962 0.1226 -0.8595
vn -0.4962 0.1225 -0.8595
vn -0.7525 0.1315 -0.6453
vn -0.1874 0.1312 -0.9735
vn 0.0502 0.9479 -0.3145
vn -0.0654 0.9407 -0.3329
vn -0.0494 0.9598 -0.2765
vn 0.0510 0.9560 -0.2890
vn -0.1747 0.9370 -0.3026
vn -0.1378 0.9613 -0.2387
vn -0.2556 0.9407 -0.2231
vn -0.2147 0.9598 -0.1810
vn -0.2975 0.9479 -0.1138
vn -0.2758 0.9560 -0.1003
vn -0.0478 0.9641 -0.2610
vn 0.0489 0.9581 -0.2821
vn -0.1283 0.9665 -0.2222
vn -0.2021 0.9641 -0.1719
vn -0.2687 0.9582 -0.0987
vn -0.0533 0.9604 -0.2733
vn 0.0466 0.9564 -0.2885
vn -0.1363 0.9621 -0.2361
vn -0.2100 0.9604 -0.1828
vn -0.2731 0.9563 -0.1039
vn -0.0640 0.9441 -0.3235
vn 0.0481 0.9497 -0.3094
vn -0.1700 0.9404 -0.2945
vn -0.2482 0.9441 -0.2172
vn -0.2920 0.9497 -0.1130
vn 0.0586 0.9439 -0.3249
vn -0.3106 0.9439 -0.1117
vn -0.3082 0.9424 -0.1296
vn 0.0419 0.9424 -0.3318
vn -0.0638 0.9284 -0.3661
vn -0.2770 0.9262 -0.2559
vn -0.1980 0.9183 -0.3429
vn -0.1984 0.9179 -0.3437
vn -0.2852 0.9284 -0.2383
vn -0.0831 0.9262 -0.3678
vn 0.1627 -0.0438 -0.9857
vn -0.1861 -0.0417 -0.9816
vn -0.1862 -0.0500 -0.9812
vn 0.1625 -0.0475 -0.9856
vn -0.4996 -0.0407 -0.8653
vn -0.4993 -0.0512 -0.8649
vn -0.7570 -0.0417 -0.6520
vn -0.7567 -0.0500 -0.6519
vn -0.9350 -0.0438 -0.3519
vn -0.9348 -0.0475 -0.3520
vn -0.1862 -0.0528 -0.9811
vn 0.1625 -0.0487 -0.9855
vn -0.4993 -0.0547 -0.8647
vn -0.7566 -0.0528 -0.6518
vn -0.9347 -0.0487 -0.3520
vn -0.9348 -0.0475 -0.3521
vn -0.1865 -0.0417 -0.9816
vn 0.1623 -0.0438 -0.9858
vn -0.4996 -0.0406 -0.8653
vn -0.7568 -0.0417 -0.6523
vn -0.9348 -0.0438 -0.3523
vn 0.1616 -0.0414 -0.9860
vn -0.9347 -0.0414 -0.3530
vn -0.9353 -0.0414 -0.3513
vn 0.1634 -0.0414 -0.9857
vn -0.1871 -0.0361 -0.9817
vn -0.7576 -0.0361 -0.6517
vn -0.4997 -0.0337 -0.8655
vn -0.7566 -0.0361 -0.6529
vn -0.1856 -0.0361 -0.9820
vn 0.0572 -0.9378 -0.3424
vn -0.0672 -0.9312 -0.3583
vn -0.0567 -0.9509 -0.3041
vn 0.0546 -0.9458 -0.3201
vn -0.1876 -0.9269 -0.3250
vn -0.1514 -0.9530 -0.2623
vn -0.2766 -0.9312 -0.2374
vn -0.2350 -0.9509 -0.2012
vn -0.3251 -0.9378 -0.1217
vn -0.3045 -0.9458 -0.1128
vn -0.0533 -0.9554 -0.2903
vn 0.0542 -0.9481 -0.3133
vn -0.1428 -0.9584 -0.2473
vn -0.2248 -0.9554 -0.1913
vn -0.2984 -0.9481 -0.1097
vn -0.0570 -0.9501 -0.3068
vn 0.0543 -0.9455 -0.3210
vn -0.1532 -0.9519 -0.2654
vn -0.2372 -0.9501 -0.2027
vn -0.3052 -0.9455 -0.1135
vn -0.0743 -0.9270 -0.3677
vn 0.0534 -0.9357 -0.3488
vn -0.1929 -0.9226 -0.3342
vn -0.2813 -0.9270 -0.2482
vn -0.3288 -0.9357 -0.1282
vn 0.0498 -0.9292 -0.3662
vn -0.3421 -0.9292 -0.1400
vn -0.3434 -0.9308 -0.1253
vn 0.0632 -0.9308 -0.3600
vn -0.0883 -0.9098 -0.4055
vn -0.3136 -0.9120 -0.2643
vn -0.2181 -0.8998 -0.3778
vn -0.2179 -0.9000 -0.3774
vn -0.3070 -0.9098 -0.2792
vn -0.0721 -0.9120 -0.4038
vn 0.1606 -0.2057 -0.9654
vn -0.1817 -0.1962 -0.9636
vn -0.1807 -0.2332 -0.9555
vn 0.1595 -0.2217 -0.9620
vn -0.4907 -0.1915 -0.8500
vn -0.4856 -0.2383 -0.8411
vn -0.7436 -0.1962 -0.6392
vn -0.7371 -0.2332 -0.6342
vn -0.9163 -0.2057 -0.3436
vn -0.9128 -0.2217 -0.3429
vn -0.1804 -0.2452 -0.9525
vn 0.1588 -0.2271 -0.9608
vn -0.4837 -0.2533 -0.8378
vn -0.7347 -0.2452 -0.6325
vn -0.9115 -0.2271 -0.3429
vn -0.1816 -0.2327 -0.9555
vn 0.1583 -0.2216 -0.9622
vn -0.4857 -0.2376 -0.8412
vn -0.7367 -0.2327 -0.6350
vn -0.9124 -0.2216 -0.3440
vn -0.1843 -0.1949 -0.9633
vn 0.1575 -0.2049 -0.9660
vn -0.4909 -0.1903 -0.8502
vn -0.7421 -0.1949 -0.6413
vn -0.9153 -0.2049 -0.3466
vn 0.1556 -0.1941 -0.9686
vn -0.9166 -0.1941 -0.3495
vn -0.9191 -0.1946 -0.3426
vn 0.1628 -0.1946 -0.9673
vn -0.1872 -0.1701 -0.9675
vn -0.7484 -0.1705 -0.6409
vn -0.4936 -0.1590 -0.8550
vn -0.7443 -0.1701 -0.6459
vn -0.1808 -0.1705 -0.9686
vn 0.0913 0.8073 -0.5830
vn -0.1194 0.7883 -0.6035
vn -0.0982 0.8432 -0.5285
vn 0.0926 0.8312 -0.5482
vn -0.3135 0.7790 -0.5430
vn -0.2649 0.8481 -0.4588
vn -0.4630 0.7883 -0.4052
vn -0.4086 0.8432 -0.3493
vn -0.5506 0.8073 -0.2125
vn -0.5211 0.8312 -0.1939
vn -0.0935 0.8574 -0.5061
vn 0.0921 0.8379 -0.5380
vn -0.2506 0.8653 -0.4340
vn -0.3915 0.8574 -0.3341
vn -0.5120 0.8379 -0.1893
vn -0.0987 0.8453 -0.5252
vn 0.0922 0.8319 -0.5472
vn -0.2627 0.8509 -0.4550
vn -0.4054 0.8453 -0.3481
vn -0.5200 0.8319 -0.1938
vn -0.1121 0.7965 -0.5942
vn 0.0956 0.8117 -0.5762
vn -0.3083 0.7873 -0.5340
vn -0.4585 0.7965 -0.3942
vn -0.5468 0.8117 -0.2053
vn 0.1050 0.7950 -0.5975
vn -0.5700 0.7949 -0.2078
vn -0.5664 0.7917 -0.2289
vn 0.0850 0.7917 -0.6050
vn -0.1158 0.7529 -0.6478
vn -0.4924 0.7490 -0.4432
vn -0.3427 0.7282 -0.5936
vn -0.3429 0.7279 -0.5939
vn -0.5032 0.7529 -0.4242
vn -0.1376 0.7490 -0.6481
vn 0.1362 -0.3604 -0.9228
vn -0.1891 -0.3444 -0.9196
vn -0.1822 -0.4029 -0.8969
vn 0.1373 -0.3857 -0.9123
vn -0.4708 -0.3366 -0.8155
vn -0.4559 -0.4105 -0.7897
vn -0.7018 -0.3444 -0.6236
vn -0.6857 -0.4029 -0.6062
vn -0.8673 -0.3604 -0.3435
vn -0.8588 -0.3857 -0.3372
vn -0.1682 -0.4211 -0.8913
vn 0.1505 -0.3935 -0.9069
vn -0.4506 -0.4333 -0.7805
vn -0.6878 -0.4211 -0.5913
vn -0.8607 -0.3935 -0.3231
vn -0.1609 -0.4018 -0.9015
vn 0.1608 -0.3845 -0.9090
vn -0.4562 -0.4093 -0.7901
vn -0.7003 -0.4018 -0.5901
vn -0.8676 -0.3845 -0.3152
vn -0.1681 -0.3419 -0.9246
vn 0.1595 -0.3582 -0.9199
vn -0.4713 -0.3341 -0.8163
vn -0.7167 -0.3419 -0.6079
vn -0.8764 -0.3582 -0.3219
vn 0.1318 -0.3406 -0.9309
vn -0.8721 -0.3406 -0.3513
vn -0.8835 -0.3426 -0.3194
vn 0.1652 -0.3426 -0.9249
vn -0.1963 -0.3010 -0.9332
vn -0.7295 -0.3035 -0.6130
vn -0.4796 -0.2830 -0.8306
vn -0.4794 -0.2839 -0.8304
vn -0.7100 -0.3010 -0.6366
vn -0.1661 -0.3035 -0.9383
vn 0.1627 0.0000 -0.9867
vn -0.1865 0.0000 -0.9825
vn -0.5000 0.0000 -0.8660
vn -0.7576 -0.0000 -0.6527
vn -0.9358 -0.0000 -0.3525
vn 0.0972 0.7754 -0.6240
vn -0.1276 0.7550 -0.6432
vn -0.1067 0.8152 -0.5693
vn 0.0986 0.8017 -0.5895
vn -0.3335 0.7450 -0.5777
vn -0.2857 0.8207 -0.4948
vn -0.4933 0.7550 -0.4321
vn -0.4396 0.8152 -0.3771
vn -0.5890 0.7754 -0.2278
vn -0.5599 0.8017 -0.2094
vn -0.1013 0.8311 -0.5468
vn 0.0989 0.8092 -0.5792
vn -0.2712 0.8401 -0.4698
vn -0.4229 0.8311 -0.3611
vn -0.5510 0.8092 -0.2040
vn -0.1057 0.8174 -0.5663
vn 0.0998 0.8024 -0.5883
vn -0.2835 0.8238 -0.4910
vn -0.4376 0.8174 -0.3746
vn -0.5594 0.8024 -0.2077
vn -0.1187 0.7635 -0.6348
vn 0.1036 0.7800 -0.6172
vn -0.3286 0.7537 -0.5691
vn -0.4904 0.7635 -0.4202
vn -0.5863 0.7800 -0.2189
vn 0.1114 0.7616 -0.6384
vn -0.6086 0.7616 -0.2227
vn -0.6051 0.7583 -0.2427
vn 0.0924 0.7583 -0.6454
vn -0.1236 0.7161 -0.6870
vn -0.5228 0.7123 -0.4683
vn -0.3620 0.6898 -0.6270
vn -0.3621 0.6896 -0.6272
vn -0.5331 0.7161 -0.4505
vn -0.1442 0.7123 -0.6869
vn 0.0392 0.9680 -0.2477
vn -0.0521 0.9634 -0.2631
vn -0.0388 0.9755 -0.2166
vn 0.0399 0.9731 -0.2268
vn -0.1384 0.9610 -0.2396
vn -0.1079 0.9764 -0.1869
vn -0.2018 0.9634 -0.1766
vn -0.1681 0.9755 -0.1419
vn -0.2341 0.9680 -0.0899
vn -0.2163 0.9731 -0.0788
vn -0.0374 0.9782 -0.2041
vn 0.0384 0.9745 -0.2211
vn -0.1002 0.9797 -0.1736
vn -0.1581 0.9782 -0.1344
vn -0.2107 0.9745 -0.0773
vn -0.0415 0.9759 -0.2141
vn 0.0369 0.9734 -0.2263
vn -0.1067 0.9770 -0.1848
vn -0.1647 0.9759 -0.1430
vn -0.2144 0.9734 -0.0812
vn -0.0501 0.9656 -0.2551
vn 0.0382 0.9692 -0.2433
vn -0.1343 0.9632 -0.2326
vn -0.1959 0.9656 -0.1710
vn -0.2298 0.9692 -0.0885
vn 0.0460 0.9655 -0.2561
vn -0.2448 0.9655 -0.0882
vn -0.2432 0.9646 -0.1022
vn 0.0331 0.9646 -0.2617
vn -0.0507 0.9556 -0.2904
vn -0.2199 0.9541 -0.2032
vn -0.1577 0.9490 -0.2731
vn -0.1581 0.9487 -0.2738
vn -0.2262 0.9556 -0.1891
vn -0.0660 0.9541 -0.2921
vn 0.0127 0.9967 -0.0796
vn -0.0168 0.9962 -0.0851
vn -0.0122 0.9975 -0.0692
vn 0.0130 0.9973 -0.0725
vn -0.0449 0.9960 -0.0777
vn -0.0344 0.9976 -0.0596
vn -0.0653 0.9962 -0.0571
vn -0.0538 0.9975 -0.0452
vn -0.0753 0.9967 -0.0288
vn -0.0693 0.9973 -0.0250
vn -0.0119 0.9978 -0.0650
vn 0.0123 0.9974 -0.0706
vn -0.0319 0.9980 -0.0552
vn -0.0503 0.9978 -0.0428
vn -0.0673 0.9974 -0.0247
vn -0.0135 0.9976 -0.0683
vn 0.0115 0.9973 -0.0724
vn -0.0340 0.9977 -0.0589
vn -0.0524 0.9976 -0.0458
vn -0.0684 0.9973 -0.0262
vn -0.0165 0.9965 -0.0822
vn 0.0119 0.9969 -0.0781
vn -0.0435 0.9962 -0.0753
vn -0.0629 0.9965 -0.0554
vn -0.0736 0.9969 -0.0288
vn 0.0149 0.9965 -0.0825
vn -0.0789 0.9965 -0.0283
vn -0.0783 0.9964 -0.0334
vn 0.0102 0.9964 -0.0845
vn -0.0163 0.9954 -0.0944
vn -0.0714 0.9952 -0.0666
vn -0.0516 0.9947 -0.0893
vn -0.0517 0.9946 -0.0896
vn -0.0736 0.9954 -0.0614
vn -0.0220 0.9952 -0.0951
vn 0.0828 -0.8615 -0.5009
vn -0.0983 -0.8490 -0.5192
vn -0.0851 -0.8880 -0.4519
vn 0.0796 -0.8776 -0.4728
vn -0.2703 -0.8413 -0.4682
vn -0.2257 -0.8923 -0.3909
vn -0.4005 -0.8490 -0.3447
vn -0.3488 -0.8880 -0.2996
vn -0.4752 -0.8615 -0.1788
vn -0.4492 -0.8776 -0.1675
vn -0.0800 -0.8974 -0.4339
vn 0.0798 -0.8822 -0.4640
vn -0.2143 -0.9035 -0.3712
vn -0.3358 -0.8974 -0.2862
vn -0.4417 -0.8822 -0.1629
vn -0.0842 -0.8863 -0.4553
vn 0.0805 -0.8769 -0.4738
vn -0.2278 -0.8901 -0.3947
vn -0.3522 -0.8863 -0.3006
vn -0.4506 -0.8769 -0.1672
vn -0.1052 -0.8419 -0.5293
vn 0.0793 -0.8578 -0.5079
vn -0.2759 -0.8340 -0.4779
vn -0.4058 -0.8419 -0.3557
vn -0.4795 -0.8578 -0.1853
vn 0.0730 -0.8451 -0.5295
vn -0.4951 -0.8451 -0.2015
vn -0.4980 -0.8480 -0.1813
vn 0.0920 -0.8480 -0.5220
vn -0.1234 -0.8096 -0.5739
vn -0.4452 -0.8132 -0.3749
vn -0.3055 -0.7917 -0.5291
vn -0.3052 -0.7920 -0.5287
vn -0.4353 -0.8096 -0.3938
vn -0.1021 -0.8131 -0.5731
vn 0.1622 0.0459 -0.9857
vn -0.1865 0.0436 -0.9815
vn -0.1862 0.0524 -0.9811
vn 0.1624 0.0497 -0.9855
vn -0.4996 0.0426 -0.8652
vn -0.4993 0.0536 -0.8648
vn -0.7567 0.0436 -0.6523
vn -0.7565 0.0524 -0.6519
vn -0.9347 0.0459 -0.3524
vn -0.9346 0.0497 -0.3521
vn -0.1862 0.0553 -0.9810
vn 0.1625 0.0510 -0.9854
vn -0.4992 0.0573 -0.8646
vn -0.7565 0.0553 -0.6517
vn -0.9346 0.0510 -0.3520
vn -0.1861 0.0524 -0.9811
vn 0.1626 0.0497 -0.9854
vn -0.7566 0.0524 -0.6518
vn -0.9347 0.0497 -0.3519
vn -0.1861 0.0437 -0.9816
vn 0.1628 0.0459 -0.9856
vn -0.4995 0.0426 -0.8652
vn -0.7570 0.0437 -0.6519
vn -0.9349 0.0459 -0.3518
vn 0.1634 0.0434 -0.9856
vn -0.9352 0.0434 -0.3513
vn -0.9346 0.0433 -0.3530
vn 0.1616 0.0433 -0.9859
vn -0.1856 0.0379 -0.9819
vn -0.7566 0.0378 -0.6528
vn -0.4997 0.0353 -0.8655
vn -0.7576 0.0379 -0.6517
vn -0.1871 0.0378 -0.9816
vn 0.0600 0.9234 -0.3791
vn -0.0789 0.9134 -0.3994
vn -0.0606 0.9403 -0.3350
vn 0.0610 0.9348 -0.3498
vn -0.2092 0.9083 -0.3623
vn -0.1672 0.9424 -0.2896
vn -0.3065 0.9134 -0.2680
vn -0.2598 0.9403 -0.2200
vn -0.3583 0.9234 -0.1376
vn -0.3334 0.9348 -0.1221
vn -0.0582 0.9466 -0.3172
vn 0.0591 0.9379 -0.3417
vn -0.1561 0.9500 -0.2704
vn -0.2456 0.9466 -0.2090
vn -0.3255 0.9379 -0.1197
vn -0.0638 0.9413 -0.3316
vn 0.0573 0.9353 -0.3491
vn -0.1654 0.9437 -0.2865
vn -0.2553 0.9412 -0.2211
vn -0.3310 0.9353 -0.1249
vn -0.0757 0.9180 -0.3892
vn 0.0595 0.9259 -0.3731
vn -0.2040 0.9130 -0.3533
vn -0.2992 0.9180 -0.2601
vn -0.3529 0.9259 -0.1350
vn 0.0700 0.9177 -0.3910
vn -0.3736 0.9177 -0.1350
vn -0.3711 0.9157 -0.1542
vn 0.0520 0.9157 -0.3985
vn -0.0767 0.8960 -0.4373
vn -0.3314 0.8932 -0.3039
vn -0.2354 0.8822 -0.4078
vn -0.2358 0.8818 -0.4085
vn -0.3404 0.8960 -0.2852
vn -0.0975 0.8932 -0.4389
vn 0.1036 -0.7593 -0.6424
vn -0.1271 -0.7418 -0.6585
vn -0.1133 -0.7989 -0.5908
vn 0.1007 -0.7831 -0.6137
vn -0.3409 -0.7316 -0.5904
vn -0.2963 -0.8055 -0.5132
vn -0.5067 -0.7418 -0.4393
vn -0.4549 -0.7989 -0.3935
vn -0.6082 -0.7593 -0.2315
vn -0.5818 -0.7831 -0.2196
vn -0.1059 -0.8135 -0.5718
vn 0.1030 -0.7901 -0.6042
vn -0.2839 -0.8232 -0.4917
vn -0.4423 -0.8135 -0.3776
vn -0.5748 -0.7901 -0.2129
vn -0.1089 -0.7966 -0.5946
vn 0.1055 -0.7821 -0.6141
vn -0.2983 -0.8026 -0.5166
vn -0.4605 -0.7966 -0.3916
vn -0.5846 -0.7821 -0.2157
vn -0.1293 -0.7335 -0.6672
vn 0.1042 -0.7546 -0.6479
vn -0.3453 -0.7232 -0.5981
vn -0.5132 -0.7335 -0.4456
vn -0.6132 -0.7546 -0.2338
vn 0.0931 -0.7364 -0.6701
vn -0.6269 -0.7364 -0.2544
vn -0.6323 -0.7400 -0.2292
vn 0.1177 -0.7400 -0.6622
vn -0.1513 -0.6885 -0.7093
vn -0.5520 -0.6928 -0.4639
vn -0.3734 -0.6651 -0.6467
vn -0.3731 -0.6658 -0.6462
vn -0.5386 -0.6885 -0.4856
vn -0.1257 -0.6928 -0.7100
vn 0.1605 -0.1753 -0.9713
vn -0.1836 -0.1671 -0.9687
vn -0.1829 -0.1991 -0.9628
vn 0.1596 -0.1892 -0.9689
vn -0.4933 -0.1631 -0.8544
vn -0.4895 -0.2036 -0.8479
vn -0.7471 -0.1671 -0.6434
vn -0.7423 -0.1991 -0.6398
vn -0.9215 -0.1753 -0.3467
vn -0.9189 -0.1892 -0.3462
vn -0.1821 -0.2095 -0.9607
vn 0.1599 -0.1938 -0.9679
vn -0.4881 -0.2166 -0.8455
vn -0.7410 -0.2095 -0.6380
vn -0.9182 -0.1938 -0.3455
vn -0.1823 -0.1987 -0.9630
vn 0.1602 -0.1891 -0.9688
vn -0.4896 -0.2030 -0.8480
vn -0.7428 -0.1987 -0.6393
vn -0.9191 -0.1891 -0.3457
vn -0.1843 -0.1662 -0.9687
vn 0.1595 -0.1747 -0.9716
vn -0.4934 -0.1622 -0.8546
vn -0.7468 -0.1662 -0.6440
vn -0.9212 -0.1747 -0.3477
vn 0.1565 -0.1654 -0.9737
vn -0.9215 -0.1654 -0.3514
vn -0.9241 -0.1657 -0.3444
vn 0.1638 -0.1657 -0.9725
vn -0.1879 -0.1448 -0.9715
vn -0.7516 -0.1451 -0.6435
vn -0.4954 -0.1352 -0.8581
vn -0.7473 -0.1448 -0.6485
vn -0.1814 -0.1451 -0.9726
vn 0.1228 0.6693 -0.7328
vn -0.1405 0.6467 -0.7497
vn -0.1221 0.7180 -0.6852
vn 0.1244 0.7004 -0.7028
vn -0.3860 0.6357 -0.6685
vn -0.3442 0.7253 -0.5962
vn -0.5790 0.6467 -0.4965
vn -0.5324 0.7180 -0.4484
vn -0.6960 0.6693 -0.2600
vn -0.6708 0.7004 -0.2437
vn -0.1233 0.7382 -0.6633
vn 0.1175 0.7101 -0.6942
vn -0.3307 0.7500 -0.5729
vn -0.5127 0.7382 -0.4384
vn -0.6600 0.7101 -0.2453
vn -0.1359 0.7203 -0.6802
vn 0.1091 0.7020 -0.7038
vn -0.3427 0.7281 -0.5936
vn -0.5211 0.7203 -0.4578
vn -0.6640 0.7020 -0.2574
vn -0.1503 0.6541 -0.7414
vn 0.1100 0.6741 -0.7304
vn -0.3829 0.6430 -0.6632
vn -0.5669 0.6541 -0.5008
vn -0.6876 0.6741 -0.2699
vn 0.1348 0.6523 -0.7459
vn -0.7134 0.6523 -0.2562
vn -0.7040 0.6483 -0.2901
vn 0.1008 0.6483 -0.7547
vn -0.1374 0.6009 -0.7874
vn -0.5942 0.5959 -0.5401
vn -0.4100 0.5725 -0.7101
vn -0.4104 0.5712 -0.7109
vn -0.6133 0.6009 -0.5127
vn -0.1707 0.5959 -0.7847
vn 0.1627 0.0001 -0.9867
vn -0.1865 0.0001 -0.9825
vn -0.5000 0.0001 -0.8660
vn -0.7576 0.0001 -0.6527
vn -0.9358 0.0001 -0.3525
vn 0.1081 -0.6004 -0.7923
vn -0.1717 -0.5792 -0.7969
vn -0.1558 -0.6495 -0.7443
vn 0.1109 -0.6302 -0.7684
vn -0.4114 -0.5683 -0.7126
vn -0.3766 -0.6578 -0.6523
vn -0.6043 -0.5792 -0.5471
vn -0.5667 -0.6495 -0.5071
vn -0.7402 -0.6004 -0.3026
vn -0.7209 -0.6302 -0.2882
vn -0.1365 -0.6692 -0.7305
vn 0.1275 -0.6387 -0.7588
vn -0.3656 -0.6822 -0.6332
vn -0.5644 -0.6692 -0.4834
vn -0.7209 -0.6387 -0.2690
vn -0.1304 -0.6475 -0.7509
vn 0.1392 -0.6282 -0.7655
vn -0.3776 -0.6556 -0.6539
vn -0.5850 -0.6475 -0.4884
vn -0.7325 -0.6282 -0.2622
vn -0.1466 -0.5736 -0.8059
vn 0.1373 -0.5959 -0.7912
vn -0.4134 -0.5626 -0.7159
vn -0.6247 -0.5736 -0.5299
vn -0.7539 -0.5959 -0.2767
vn 0.1005 -0.5736 -0.8129
vn -0.7543 -0.5736 -0.3194
vn -0.7687 -0.5780 -0.2740
vn 0.1471 -0.5780 -0.8027
vn -0.1880 -0.5206 -0.8328
vn -0.6535 -0.5262 -0.5440
vn -0.4341 -0.4963 -0.7518
vn -0.4335 -0.4983 -0.7508
vn -0.6273 -0.5206 -0.5793
vn -0.1444 -0.5262 -0.8380
vn 0.0682 0.9209 -0.3837
vn -0.0732 0.9108 -0.4063
vn -0.0541 0.9382 -0.3418
vn 0.0700 0.9324 -0.3547
vn -0.2123 0.9054 -0.3677
vn -0.1698 0.9406 -0.2940
vn -0.3153 0.9108 -0.2666
vn -0.2689 0.9382 -0.2177
vn -0.3664 0.9209 -0.1328
vn -0.3422 0.9324 -0.1167
vn -0.0597 0.9447 -0.3223
vn 0.0589 0.9359 -0.3473
vn -0.1587 0.9483 -0.2749
vn -0.2493 0.9447 -0.2129
vn -0.3303 0.9359 -0.1226
vn -0.0857 0.9386 -0.3341
vn 0.0328 0.9334 -0.3574
vn -0.1692 0.9410 -0.2930
vn -0.2465 0.9387 -0.2412
vn -0.3259 0.9334 -0.1503
vn -0.1377 0.9088 -0.3939
vn -0.0117 0.9197 -0.3924
vn -0.2117 0.9059 -0.3667
vn -0.2723 0.9088 -0.3162
vn -0.3340 0.9197 -0.2063
vn 0.0757 0.9151 -0.3960
vn -0.3808 0.9151 -0.1324
vn -0.3579 0.9094 -0.2118
vn -0.1067 0.8913 -0.4407
vn -0.0728 0.8931 -0.4439
vn -0.2992 0.8803 -0.3682
vn -0.2385 0.8789 -0.4131
vn -0.2550 0.8729 -0.4160
vn -0.3480 0.8931 -0.2850
vn -0.2005 0.8753 -0.4400
usemtl cristal_2
s 1
f 1603/1/1 1604/2/1 1609/3/1 1608/4/1
f 1604/2/1 1605/5/1 1610/6/1 1609/3/1
f 1605/5/1 1606/7/1 1611/8/1 1610/6/1
f 1606/7/1 1607/9/1 1612/10/1 1611/8/1
f 1608/4/1 1609/3/1 1614/11/1 1613/12/1
f 1609/3/1 1610/6/1 1615/13/1 1614/11/1
f 1610/6/1 1611/8/1 1616/14/1 1615/13/1
f 1611/8/1 1612/10/1 1617/15/1 1616/14/1
f 1613/12/1 1614/11/1 1619/16/1 1618/17/1
f 1614/11/1 1615/13/1 1620/18/1 1619/16/1
f 1615/13/1 1616/14/1 1621/19/1 1620/18/1
f 1616/14/1 1617/15/1 1622/20/1 1621/19/1
f 1618/17/1 1619/16/1 1624/21/1 1623/22/1
f 1619/16/1 1620/18/1 1625/23/1 1624/21/1
f 1620/18/1 1621/19/1 1626/24/1 1625/23/1
f 1621/19/1 1622/20/1 1627/25/1 1626/24/1
f 1/26/1 148/27/1 1603/1/1 167/28/1
f 153/29/1 1607/9/1 152/30/1 50/31/1
f 51/32/1 158/33/1 1627/25/1 157/34/1
f 163/35/1 1623/22/1 162/36/1 2/37/1
f 148/27/1 149/38/1 1604/2/1 1603/1/1
f 154/39/1 1612/10/1 1607/9/1 153/29/1
f 158/33/1 159/40/1 1626/24/1 1627/25/1
f 164/41/1 1618/17/1 1623/22/1 163/35/1
f 149/38/1 150/42/1 1605/5/1 1604/2/1
f 155/43/1 1617/15/1 1612/10/1 154/39/1
f 159/40/1 160/44/1 1625/23/1 1626/24/1
f 165/45/1 1613/12/1 1618/17/1 164/41/1
f 150/42/1 151/46/1 1606/7/1 1605/5/1
f 156/47/1 1622/20/1 1617/15/1 155/43/1
f 160/44/1 161/48/1 1624/21/1 1625/23/1
f 166/49/1 1608/4/1 1613/12/1 165/45/1
f 151/46/1 152/30/1 1607/9/1 1606/7/1
f 157/34/1 1627/25/1 1622/20/1 156/47/1
f 161/48/1 162/36/1 1623/22/1 1624/21/1
f 167/28/1 1603/1/1 1608/4/1 166/49/1
f 1628/50/2 1629/51/3 1634/52/4 1633/53/5
f 1629/51/3 1630/54/6 1635/55/7 1634/52/4
f 1630/54/6 1631/56/8 1636/57/9 1635/55/7
f 1631/56/8 1632/58/10 1637/59/11 1636/57/9
f 1633/53/5 1634/52/4 1639/60/12 1638/61/13
f 1634/52/4 1635/55/7 1640/62/14 1639/60/12
f 1635/55/7 1636/57/9 1641/63/15 1640/62/14
f 1636/57/9 1637/59/11 1642/64/16 1641/63/15
f 1638/61/13 1639/60/12 1644/65/4 1643/66/5
f 1639/60/12 1640/62/14 1645/67/7 1644/65/4
f 1640/62/14 1641/63/15 1646/68/9 1645/67/7
f 1641/63/15 1642/64/16 1647/69/11 1646/68/9
f 1643/66/5 1644/65/4 1649/70/3 1648/71/17
f 1644/65/4 1645/67/7 1650/72/6 1649/70/3
f 1645/67/7 1646/68/9 1651/73/18 1650/72/6
f 1646/68/9 1647/69/11 1652/74/19 1651/73/18
f 2/37/20 162/36/21 1628/50/2 182/75/22
f 168/76/23 1632/58/10 158/33/24 51/32/25
f 52/77/25 173/78/26 1652/74/19 172/79/23
f 178/80/22 1648/71/17 177/81/27 3/82/20
f 162/36/21 161/48/28 1629/51/3 1628/50/2
f 169/83/29 1637/59/11 1632/58/10 168/76/23
f 173/78/26 174/84/30 1651/73/18 1652/74/19
f 179/85/31 1643/66/5 1648/71/17 178/80/22
f 161/48/28 160/44/32 1630/54/6 1629/51/3
f 170/86/33 1642/64/16 1637/59/11 169/83/29
f 174/84/30 175/87/32 1650/72/6 1651/73/18
f 180/88/34 1638/61/13 1643/66/5 179/85/31
f 160/44/32 159/40/35 1631/56/8 1630/54/6
f 171/89/29 1647/69/11 1642/64/16 170/86/33
f 175/87/32 176/90/36 1649/70/3 1650/72/6
f 181/91/31 1633/53/5 1638/61/13 180/88/34
f 159/40/35 158/33/24 1632/58/10 1631/56/8
f 172/79/23 1652/74/19 1647/69/11 171/89/29
f 176/90/36 177/81/27 1648/71/17 1649/70/3
f 182/75/22 1628/50/2 1633/53/5 181/91/31
f 1653/92/37 1654/93/38 1659/94/39 1658/95/40
f 1654/93/38 1655/96/41 1660/97/42 1659/94/39
f 1655/96/41 1656/98/43 1661/99/44 1660/97/42
f 1656/98/43 1657/100/45 1662/101/46 1661/99/44
f 1658/95/40 1659/94/39 1664/102/47 1663/103/48
f 1659/94/39 1660/97/42 1665/104/49 1664/102/47
f 1660/97/42 1661/99/44 1666/105/50 1665/104/49
f 1661/99/44 1662/101/46 1667/106/51 1666/105/50
f 1663/103/48 1664/102/47 1669/107/52 1668/108/53
f 1664/102/47 1665/104/49 1670/109/54 1669/107/52
f 1665/104/49 1666/105/50 1671/110/55 1670/109/54
f 1666/105/50 1667/106/51 1672/111/56 1671/110/55
f 1668/108/53 1669/107/52 1674/112/57 1673/113/58
f 1669/107/52 1670/109/54 1675/114/59 1674/112/57
f 1670/109/54 1671/110/55 1676/115/60 1675/114/59
f 1671/110/55 1672/111/56 1677/116/61 1676/115/60
f 3/82/62 177/81/63 1653/92/37 197/117/64
f 183/118/65 1657/100/45 173/78/66 52/77/67
f 53/119/67 188/120/68 1677/116/61 187/121/69
f 193/122/70 1673/113/58 192/123/71 4/124/62
f 177/81/63 176/90/72 1654/93/38 1653/92/37
f 184/125/73 1662/101/46 1657/100/45 183/118/65
f 188/120/68 189/126/74 1676/115/60 1677/116/61
f 194/127/75 1668/108/53 1673/113/58 193/122/70
f 176/90/72 175/87/76 1655/96/41 1654/93/38
f 185/128/77 1667/106/51 1662/101/46 184/125/73
f 189/126/74 190/129/76 1675/114/59 1676/115/60
f 195/130/78 1663/103/48 1668/108/53 194/127/75
f 175/87/76 174/84/79 1656/98/43 1655/96/41
f 186/131/80 1672/111/56 1667/106/51 185/128/77
f 190/129/76 191/132/81 1674/112/57 1675/114/59
f 196/133/82 1658/95/40 1663/103/48 195/130/78
f 174/84/79 173/78/66 1657/100/45 1656/98/43
f 187/121/69 1677/116/61 1672/111/56 186/131/80
f 191/132/81 192/123/71 1673/113/58 1674/112/57
f 197/117/64 1653/92/37 1658/95/40 196/133/82
f 1678/134/83 1679/135/84 1684/136/85 1683/137/86
f 1679/135/84 1680/138/87 1685/139/88 1684/136/85
f 1680/138/87 1681/140/89 1686/141/90 1685/139/88
f 1681/140/89 1682/142/91 1687/143/92 1686/141/90
f 1683/137/86 1684/136/85 1689/144/93 1688/145/94
f 1684/136/85 1685/139/88 1690/146/95 1689/144/93
f 1685/139/88 1686/141/90 1691/147/96 1690/146/95
f 1686/141/90 1687/143/92 1692/148/97 1691/147/96
f 1688/145/94 1689/144/93 1694/149/98 1693/150/99
f 1689/144/93 1690/146/95 1695/151/100 1694/149/98
f 1690/146/95 1691/147/96 1696/152/101 1695/151/100
f 1691/147/96 1692/148/97 1697/153/102 1696/152/101
f 1693/150/99 1694/149/98 1699/154/103 1698/155/104
f 1694/149/98 1695/151/100 1700/156/105 1699/154/103
f 1695/151/100 1696/152/101 1701/157/106 1700/156/105
f 1696/152/101 1697/153/102 1702/158/107 1701/157/106
f 4/124/108 192/123/109 1678/134/83 212/159/110
f 198/160/111 1682/142/91 188/120/112 53/119/113
f 54/161/114 203/162/115 1702/158/107 202/163/116
f 208/164/117 1698/155/104 207/165/118 5/166/119
f 192/123/109 191/132/120 1679/135/84 1678/134/83
f 199/167/121 1687/143/92 1682/142/91 198/160/111
f 203/162/115 204/168/122 1701/157/106 1702/158/107
f 209/169/123 1693/150/99 1698/155/104 208/164/117
f 191/132/120 190/129/124 1680/138/87 1679/135/84
f 200/170/125 1692/148/97 1687/143/92 199/167/121
f 204/168/122 205/171/126 1700/156/105 1701/157/106
f 210/172/127 1688/145/94 1693/150/99 209/169/123
f 190/129/124 189/126/128 1681/140/89 1680/138/87
f 201/173/129 1697/153/102 1692/148/97 200/170/125
f 205/171/126 206/174/130 1699/154/103 1700/156/105
f 211/175/131 1683/137/86 1688/145/94 210/172/127
f 189/126/128 188/120/112 1682/142/91 1681/140/89
f 202/163/116 1702/158/107 1697/153/102 201/173/129
f 206/174/130 207/165/118 1698/155/104 1699/154/103
f 212/159/110 1678/134/83 1683/137/86 211/175/131
f 1703/176/132 1704/177/133 1709/178/134 1708/179/135
f 1704/177/133 1705/180/136 1710/181/137 1709/178/134
f 1705/180/136 1706/182/138 1711/183/139 1710/181/137
f 1706/182/138 1707/184/140 1712/185/141 1711/183/139
f 1708/179/135 1709/178/134 1714/186/142 1713/187/143
f 1709/178/134 1710/181/137 1715/188/144 1714/186/142
f 1710/181/137 1711/183/139 1716/189/145 1715/188/144
f 1711/183/139 1712/185/141 1717/190/146 1716/189/145
f 1713/187/143 1714/186/142 1719/191/147 1718/192/148
f 1714/186/142 1715/188/144 1720/193/149 1719/191/147
f 1715/188/144 1716/189/145 1721/194/150 1720/193/149
f 1716/189/145 1717/190/146 1722/195/151 1721/194/150
f 1718/192/148 1719/191/147 1724/196/152 1723/197/153
f 1719/191/147 1720/193/149 1725/198/154 1724/196/152
f 1720/193/149 1721/194/150 1726/199/155 1725/198/154
f 1721/194/150 1722/195/151 1727/200/156 1726/199/155
f 5/166/157 207/165/158 1703/176/132 227/201/159
f 213/202/160 1707/184/140 203/162/161 54/161/162
f 55/203/162 218/204/163 1727/200/156 217/205/164
f 223/206/165 1723/197/153 222/207/166 6/208/157
f 207/165/158 206/174/167 1704/177/133 1703/176/132
f 214/209/168 1712/185/141 1707/184/140 213/202/160
f 218/204/163 219/210/169 1726/199/155 1727/200/156
f 224/211/170 1718/192/148 1723/197/153 223/206/165
f 206/174/167 205/171/171 1705/180/136 1704/177/133
f 215/212/172 1717/190/146 1712/185/141 214/209/168
f 219/210/169 220/213/173 1725/198/154 1726/199/155
f 225/214/174 1713/187/143 1718/192/148 224/211/170
f 205/171/171 204/168/175 1706/182/138 1705/180/136
f 216/215/168 1722/195/151 1717/190/146 215/212/172
f 220/213/173 221/216/176 1724/196/152 1725/198/154
f 226/217/177 1708/179/135 1713/187/143 225/214/174
f 204/168/175 203/162/161 1707/184/140 1706/182/138
f 217/205/164 1727/200/156 1722/195/151 216/215/168
f 221/216/176 222/207/166 1723/197/153 1724/196/152
f 227/201/159 1703/176/132 1708/179/135 226/217/177
f 1728/218/178 1729/219/179 1734/220/180 1733/221/181
f 1729/219/179 1730/222/182 1735/223/183 1734/220/180
f 1730/222/182 1731/224/184 1736/225/185 1735/223/183
f 1731/224/184 1732/226/186 1737/227/187 1736/225/185
f 1733/221/181 1734/220/180 1739/228/188 1738/229/189
f 1734/220/180 1735/223/183 1740/230/190 1739/228/188
f 1735/223/183 1736/225/185 1741/231/191 1740/230/190
f 1736/225/185 1737/227/187 1742/232/192 1741/231/191
f 1738/229/189 1739/228/188 1744/233/193 1743/234/194
f 1739/228/188 1740/230/190 1745/235/195 1744/233/193
f 1740/230/190 1741/231/191 1746/236/196 1745/235/195
f 1741/231/191 1742/232/192 1747/237/197 1746/236/196
f 1743/234/194 1744/233/193 1749/238/198 1748/239/199
f 1744/233/193 1745/235/195 1750/240/200 1749/238/198
f 1745/235/195 1746/236/196 1751/241/201 1750/240/200
f 1746/236/196 1747/237/197 1752/242/202 1751/241/201
f 6/208/203 222/207/204 1728/218/178 242/243/205
f 228/244/206 1732/226/186 218/204/207 55/203/208
f 56/245/209 233/246/210 1752/242/202 232/247/211
f 238/248/212 1748/239/199 237/249/213 7/250/214
f 222/207/204 221/216/215 1729/219/179 1728/218/178
f 229/251/216 1737/227/187 1732/226/186 228/244/206
f 233/246/210 234/252/217 1751/241/201 1752/242/202
f 239/253/218 1743/234/194 1748/239/199 238/248/212
f 221/216/215 220/213/219 1730/222/182 1729/219/179
f 230/254/220 1742/232/192 1737/227/187 229/251/216
f 234/252/217 235/255/221 1750/240/200 1751/241/201
f 240/256/222 1738/229/189 1743/234/194 239/253/218
f 220/213/219 219/210/223 1731/224/184 1730/222/182
f 231/257/224 1747/237/197 1742/232/192 230/254/220
f 235/255/221 236/258/225 1749/238/198 1750/240/200
f 241/259/226 1733/221/181 1738/229/189 240/256/222
f 219/210/223 218/204/207 1732/226/186 1731/224/184
f 232/247/211 1752/242/202 1747/237/197 231/257/224
f 236/258/225 237/249/213 1748/239/199 1749/238/198
f 242/243/205 1728/218/178 1733/221/181 241/259/226
f 1753/260/227 1754/261/228 1759/262/229 1758/263/230
f 1754/261/228 1755/264/231 1760/265/232 1759/262/229
f 1755/264/231 1756/266/233 1761/267/234 1760/265/232
f 1756/266/233 1757/268/235 1762/269/236 1761/267/234
f 1758/263/230 1759/262/229 1764/270/237 1763/271/238
f 1759/262/229 1760/265/232 1765/272/239 1764/270/237
f 1760/265/232 1761/267/234 1766/273/240 1765/272/239
f 1761/267/234 1762/269/236 1767/274/241 1766/273/240
f 1763/271/238 1764/270/237 1769/275/242 1768/276/243
f 1764/270/237 1765/272/239 1770/277/244 1769/275/242
f 1765/272/239 1766/273/240 1771/278/245 1770/277/244
f 1766/273/240 1767/274/241 1772/279/246 1771/278/245
f 1768/276/243 1769/275/242 1774/280/247 1773/281/248
f 1769/275/242 1770/277/244 1775/282/249 1774/280/247
f 1770/277/244 1771/278/245 1776/283/250 1775/282/249
f 1771/278/245 1772/279/246 1777/284/251 1776/283/250
f 7/250/252 237/249/253 1753/260/227 257/285/254
f 243/286/255 1757/268/235 233/246/256 56/245/257
f 57/287/258 248/288/259 1777/284/251 247/289/260
f 253/290/261 1773/281/248 252/291/262 8/292/263
f 237/249/253 236/258/264 1754/261/228 1753/260/227
f 244/293/265 1762/269/236 1757/268/235 243/286/255
f 248/288/259 249/294/266 1776/283/250 1777/284/251
f 254/295/267 1768/276/243 1773/281/248 253/290/261
f 236/258/264 235/255/268 1755/264/231 1754/261/228
f 245/296/269 1767/274/241 1762/269/236 244/293/265
f 249/294/266 250/297/270 1775/282/249 1776/283/250
f 255/298/271 1763/271/238 1768/276/243 254/295/267
f 235/255/268 234/252/272 1756/266/233 1755/264/231
f 246/299/273 1772/279/246 1767/274/241 245/296/269
f 250/297/270 251/300/274 1774/280/247 1775/282/249
f 256/301/275 1758/263/230 1763/271/238 255/298/271
f 234/252/272 233/246/256 1757/268/235 1756/266/233
f 247/289/260 1777/284/251 1772/279/246 246/299/273
f 251/300/274 252/291/262 1773/281/248 1774/280/247
f 257/285/254 1753/260/227 1758/263/230 256/301/275
f 1778/302/276 1779/303/277 1784/304/278 1783/305/279
f 1779/303/277 1780/306/280 1785/307/281 1784/304/278
f 1780/306/280 1781/308/282 1786/309/283 1785/307/281
f 1781/308/282 1782/310/284 1787/311/285 1786/309/283
f 1783/305/279 1784/304/278 1789/312/286 1788/313/287
f 1784/304/278 1785/307/281 1790/314/288 1789/312/286
f 1785/307/281 1786/309/283 1791/315/289 1790/314/288
f 1786/309/283 1787/311/285 1792/316/290 1791/315/289
f 1788/313/287 1789/312/286 1794/317/291 1793/318/292
f 1789/312/286 1790/314/288 1795/319/293 1794/317/291
f 1790/314/288 1791/315/289 1796/320/294 1795/319/293
f 1791/315/289 1792/316/290 1797/321/295 1796/320/294
f 1793/318/292 1794/317/291 1799/322/296 1798/323/297
f 1794/317/291 1795/319/293 1800/324/298 1799/322/296
f 1795/319/293 1796/320/294 1801/325/299 1800/324/298
f 1796/320/294 1797/321/295 1802/326/300 1801/325/299
f 8/292/301 252/291/302 1778/302/276 272/327/303
f 258/328/304 1782/310/284 248/288/305 57/287/306
f 58/329/306 263/330/307 1802/326/300 262/331/304
f 268/332/303 1798/323/297 267/333/308 9/334/301
f 252/291/302 251/300/309 1779/303/277 1778/302/276
f 259/335/310 1787/311/285 1782/310/284 258/328/304
f 263/330/307 264/336/311 1801/325/299 1802/326/300
f 269/337/312 1793/318/292 1798/323/297 268/332/303
f 251/300/309 250/297/313 1780/306/280 1779/303/277
f 260/338/314 1792/316/290 1787/311/285 259/335/310
f 264/336/311 265/339/313 1800/324/298 1801/325/299
f 270/340/315 1788/313/287 1793/318/292 269/337/312
f 250/297/313 249/294/316 1781/308/282 1780/306/280
f 261/341/310 1797/321/295 1792/316/290 260/338/314
f 265/339/313 266/342/317 1799/322/296 1800/324/298
f 271/343/312 1783/305/279 1788/313/287 270/340/315
f 249/294/316 248/288/305 1782/310/284 1781/308/282
f 262/331/304 1802/326/300 1797/321/295 261/341/310
f 266/342/317 267/333/308 1798/323/297 1799/322/296
f 272/327/303 1778/302/276 1783/305/279 271/343/312
f 1803/344/318 1804/345/319 1809/346/320 1808/347/321
f 1804/345/319 1805/348/322 1810/349/323 1809/346/320
f 1805/348/322 1806/350/324 1811/351/325 1810/349/323
f 1806/350/324 1807/352/326 1812/353/327 1811/351/325
f 1808/347/321 1809/346/320 1814/354/328 1813/355/329
f 1809/346/320 1810/349/323 1815/356/330 1814/354/328
f 1810/349/323 1811/351/325 1816/357/331 1815/356/330
f 1811/351/325 1812/353/327 1817/358/332 1816/357/331
f 1813/355/329 1814/354/328 1819/359/333 1818/360/334
f 1814/354/328 1815/356/330 1820/361/335 1819/359/333
f 1815/356/330 1816/357/331 1821/362/336 1820/361/335
f 1816/357/331 1817/358/332 1822/363/337 1821/362/336
f 1818/360/334 1819/359/333 1824/364/338 1823/365/339
f 1819/359/333 1820/361/335 1825/366/340 1824/364/338
f 1820/361/335 1821/362/336 1826/367/341 1825/366/340
f 1821/362/336 1822/363/337 1827/368/342 1826/367/341
f 9/334/343 267/333/344 1803/344/318 287/369/345
f 273/370/346 1807/352/326 263/330/347 58/329/348
f 59/371/349 278/372/350 1827/368/342 277/373/351
f 283/374/352 1823/365/339 282/375/353 10/376/354
f 267/333/344 266/342/355 1804/345/319 1803/344/318
f 274/377/356 1812/353/327 1807/352/326 273/370/346
f 278/372/350 279/378/357 1826/367/341 1827/368/342
f 284/379/358 1818/360/334 1823/365/339 283/374/352
f 266/342/355 265/339/359 1805/348/322 1804/345/319
f 275/380/360 1817/358/332 1812/353/327 274/377/356
f 279/378/357 280/381/361 1825/366/340 1826/367/341
f 285/382/362 1813/355/329 1818/360/334 284/379/358
f 265/339/359 264/336/363 1806/350/324 1805/348/322
f 276/383/364 1822/363/337 1817/358/332 275/380/360
f 280/381/361 281/384/365 1824/364/338 1825/366/340
f 286/385/366 1808/347/321 1813/355/329 285/382/362
f 264/336/363 263/330/347 1807/352/326 1806/350/324
f 277/373/351 1827/368/342 1822/363/337 276/383/364
f 281/384/365 282/375/353 1823/365/339 1824/364/338
f 287/369/345 1803/344/318 1808/347/321 286/385/366
f 1828/386/367 1829/387/368 1834/388/369 1833/389/370
f 1829/387/368 1830/390/371 1835/391/372 1834/388/369
f 1830/390/371 1831/392/373 1836/393/374 1835/391/372
f 1831/392/373 1832/394/375 1837/395/376 1836/393/374
f 1833/389/370 1834/388/369 1839/396/377 1838/397/378
f 1834/388/369 1835/391/372 1840/398/379 1839/396/377
f 1835/391/372 1836/393/374 1841/399/380 1840/398/379
f 1836/393/374 1837/395/376 1842/400/381 1841/399/380
f 1838/397/378 1839/396/377 1844/401/382 1843/402/383
f 1839/396/377 1840/398/379 1845/403/384 1844/401/382
f 1840/398/379 1841/399/380 1846/404/385 1845/403/384
f 1841/399/380 1842/400/381 1847/405/386 1846/404/385
f 1843/402/383 1844/401/382 1849/406/387 1848/407/388
f 1844/401/382 1845/403/384 1850/408/389 1849/406/387
f 1845/403/384 1846/404/385 1851/409/390 1850/408/389
f 1846/404/385 1847/405/386 1852/410/391 1851/409/390
f 10/376/392 282/375/393 1828/386/367 302/411/394
f 288/412/395 1832/394/375 278/372/396 59/371/397
f 60/413/398 293/414/399 1852/410/391 292/415/400
f 298/416/401 1848/407/388 297/417/402 11/418/403
f 282/375/393 281/384/404 1829/387/368 1828/386/367
f 289/419/405 1837/395/376 1832/394/375 288/412/395
f 293/414/399 294/420/406 1851/409/390 1852/410/391
f 299/421/407 1843/402/383 1848/407/388 298/416/401
f 281/384/404 280/381/408 1830/390/371 1829/387/368
f 290/422/409 1842/400/381 1837/395/376 289/419/405
f 294/420/406 295/423/410 1850/408/389 1851/409/390
f 300/424/411 1838/397/378 1843/402/383 299/421/407
f 280/381/408 279/378/412 1831/392/373 1830/390/371
f 291/425/413 1847/405/386 1842/400/381 290/422/409
f 295/423/410 296/426/414 1849/406/387 1850/408/389
f 301/427/415 1833/389/370 1838/397/378 300/424/411
f 279/378/412 278/372/396 1832/394/375 1831/392/373
f 292/415/400 1852/410/391 1847/405/386 291/425/413
f 296/426/414 297/417/402 1848/407/388 1849/406/387
f 302/411/394 1828/386/367 1833/389/370 301/427/415
f 1853/428/416 1854/429/417 1859/430/418 1858/431/419
f 1854/429/417 1855/432/420 1860/433/421 1859/430/418
f 1855/432/420 1856/434/422 1861/435/423 1860/433/421
f 1856/434/422 1857/436/424 1862/437/425 1861/435/423
f 1858/431/419 1859/430/418 1864/438/426 1863/439/427
f 1859/430/418 1860/433/421 1865/440/428 1864/438/426
f 1860/433/421 1861/435/423 1866/441/429 1865/440/428
f 1861/435/423 1862/437/425 1867/442/430 1866/441/429
f 1863/439/427 1864/438/426 1869/443/431 1868/444/432
f 1864/438/426 1865/440/428 1870/445/433 1869/443/431
f 1865/440/428 1866/441/429 1871/446/434 1870/445/433
f 1866/441/429 1867/442/430 1872/447/435 1871/446/434
f 1868/444/432 1869/443/431 1874/448/436 1873/449/437
f 1869/443/431 1870/445/433 1875/450/438 1874/448/436
f 1870/445/433 1871/446/434 1876/451/439 1875/450/438
f 1871/446/434 1872/447/435 1877/452/440 1876/451/439
f 11/418/441 297/417/442 1853/428/416 317/453/443
f 303/454/444 1857/436/424 293/414/445 60/413/446
f 61/455/447 308/456/448 1877/452/440 307/457/449
f 313/458/450 1873/449/437 312/459/451 12/460/452
f 297/417/442 296/426/453 1854/429/417 1853/428/416
f 304/461/454 1862/437/425 1857/436/424 303/454/444
f 308/456/448 309/462/455 1876/451/439 1877/452/440
f 314/463/456 1868/444/432 1873/449/437 313/458/450
f 296/426/453 295/423/457 1855/432/420 1854/429/417
f 305/464/458 1867/442/430 1862/437/425 304/461/454
f 309/462/455 310/465/459 1875/450/438 1876/451/439
f 315/466/460 1863/439/427 1868/444/432 314/463/456
f 295/423/457 294/420/461 1856/434/422 1855/432/420
f 306/467/462 1872/447/435 1867/442/430 305/464/458
f 310/465/459 311/468/463 1874/448/436 1875/450/438
f 316/469/464 1858/431/419 1863/439/427 315/466/460
f 294/420/461 293/414/445 1857/436/424 1856/434/422
f 307/457/449 1877/452/440 1872/447/435 306/467/462
f 311/468/463 312/459/451 1873/449/437 1874/448/436
f 317/453/443 1853/428/416 1858/431/419 316/469/464
f 1878/470/465 1879/471/466 1884/472/467 1883/473/468
f 1879/471/466 1880/474/469 1885/475/470 1884/472/467
f 1880/474/469 1881/476/471 1886/477/472 1885/475/470
f 1881/476/471 1882/478/473 1887/479/474 1886/477/472
f 1883/473/468 1884/472/467 1889/480/475 1888/481/476
f 1884/472/467 1885/475/470 1890/482/477 1889/480/475
f 1885/475/470 1886/477/472 1891/483/478 1890/482/477
f 1886/477/472 1887/479/474 1892/484/479 1891/483/478
f 1888/481/476 1889/480/475 1894/485/480 1893/486/481
f 1889/480/475 1890/482/477 1895/487/482 1894/485/480
f 1890/482/477 1891/483/478 1896/488/483 1895/487/482
f 1891/483/478 1892/484/479 1897/489/484 1896/488/483
f 1893/486/481 1894/485/480 1899/490/485 1898/491/486
f 1894/485/480 1895/487/482 1900/492/469 1899/490/485
f 1895/487/482 1896/488/483 1901/493/487 1900/492/469
f 1896/488/483 1897/489/484 1902/494/488 1901/493/487
f 12/460/489 312/459/490 1878/470/465 332/495/491
f 318/496/492 1882/478/473 308/456/493 61/455/494
f 62/497/494 323/498/495 1902/494/488 322/499/496
f 328/500/497 1898/491/486 327/501/498 13/502/489
f 312/459/490 311/468/499 1879/471/466 1878/470/465
f 319/503/500 1887/479/474 1882/478/473 318/496/492
f 323/498/495 324/504/501 1901/493/487 1902/494/488
f 329/505/502 1893/486/481 1898/491/486 328/500/497
f 311/468/499 310/465/503 1880/474/469 1879/471/466
f 320/506/504 1892/484/479 1887/479/474 319/503/500
f 324/504/501 325/507/503 1900/492/469 1901/493/487
f 330/508/505 1888/481/476 1893/486/481 329/505/502
f 310/465/503 309/462/506 1881/476/471 1880/474/469
f 321/509/507 1897/489/484 1892/484/479 320/506/504
f 325/507/503 326/510/508 1899/490/485 1900/492/469
f 331/511/502 1883/473/468 1888/481/476 330/508/505
f 309/462/506 308/456/493 1882/478/473 1881/476/471
f 322/499/496 1902/494/488 1897/489/484 321/509/507
f 326/510/508 327/501/498 1898/491/486 1899/490/485
f 332/495/491 1878/470/465 1883/473/468 331/511/502
f 1903/512/509 1904/513/510 1909/514/511 1908/515/512
f 1904/513/510 1905/516/513 1910/517/514 1909/514/511
f 1905/516/513 1906/518/515 1911/519/516 1910/517/514
f 1906/518/515 1907/520/517 1912/521/518 1911/519/516
f 1908/515/512 1909/514/511 1914/522/519 1913/523/520
f 1909/514/511 1910/517/514 1915/524/521 1914/522/519
f 1910/517/514 1911/519/516 1916/525/522 1915/524/521
f 1911/519/516 1912/521/518 1917/526/523 1916/525/522
f 1913/523/520 1914/522/519 1919/527/524 1918/528/525
f 1914/522/519 1915/524/521 1920/529/526 1919/527/524
f 1915/524/521 1916/525/522 1921/530/527 1920/529/526
f 1916/525/522 1917/526/523 1922/531/528 1921/530/527
f 1918/528/525 1919/527/524 1924/532/529 1923/533/530
f 1919/527/524 1920/529/526 1925/534/531 1924/532/529
f 1920/529/526 1921/530/527 1926/535/532 1925/534/531
f 1921/530/527 1922/531/528 1927/536/533 1926/535/532
f 13/502/534 327/501/535 1903/512/509 347/537/536
f 333/538/537 1907/520/517 323/498/538 62/497/539
f 63/539/540 338/540/541 1927/536/533 337/541/542
f 343/542/543 1923/533/530 342/543/544 14/544/545
f 327/501/535 326/510/546 1904/513/510 1903/512/509
f 334/545/547 1912/521/518 1907/520/517 333/538/537
f 338/540/541 339/546/548 1926/535/532 1927/536/533
f 344/547/549 1918/528/525 1923/533/530 343/542/543
f 326/510/546 325/507/550 1905/516/513 1904/513/510
f 335/548/551 1917/526/523 1912/521/518 334/545/547
f 339/546/548 340/549/552 1925/534/531 1926/535/532
f 345/550/553 1913/523/520 1918/528/525 344/547/549
f 325/507/550 324/504/554 1906/518/515 1905/516/513
f 336/551/555 1922/531/528 1917/526/523 335/548/551
f 340/549/552 341/552/556 1924/532/529 1925/534/531
f 346/553/557 1908/515/512 1913/523/520 345/550/553
f 324/504/554 323/498/538 1907/520/517 1906/518/515
f 337/541/542 1927/536/533 1922/531/528 336/551/555
f 341/552/556 342/543/544 1923/533/530 1924/532/529
f 347/537/536 1903/512/509 1908/515/512 346/553/557
f 1928/554/558 1929/555/559 1934/556/560 1933/557/561
f 1929/555/559 1930/558/562 1935/559/563 1934/556/560
f 1930/558/562 1931/560/564 1936/561/565 1935/559/563
f 1931/560/564 1932/562/566 1937/563/567 1936/561/565
f 1933/557/561 1934/556/560 1939/564/568 1938/565/569
f 1934/556/560 1935/559/563 1940/566/570 1939/564/568
f 1935/559/563 1936/561/565 1941/567/571 1940/566/570
f 1936/561/565 1937/563/567 1942/568/572 1941/567/571
f 1938/565/569 1939/564/568 1944/569/573 1943/570/574
f 1939/564/568 1940/566/570 1945/571/575 1944/569/573
f 1940/566/570 1941/567/571 1946/572/576 1945/571/575
f 1941/567/571 1942/568/572 1947/573/577 1946/572/576
f 1943/570/574 1944/569/573 1949/574/578 1948/575/579
f 1944/569/573 1945/571/575 1950/576/580 1949/574/578
f 1945/571/575 1946/572/576 1951/577/581 1950/576/580
f 1946/572/576 1947/573/577 1952/578/582 1951/577/581
f 14/544/583 342/543/584 1928/554/558 362/579/585
f 348/580/586 1932/562/566 338/540/587 63/539/588
f 64/581/589 353/582/590 1952/578/582 352/583/591
f 358/584/592 1948/575/579 357/585/593 15/586/594
f 342/543/584 341/552/595 1929/555/559 1928/554/558
f 349/587/596 1937/563/567 1932/562/566 348/580/586
f 353/582/590 354/588/597 1951/577/581 1952/578/582
f 359/589/598 1943/570/574 1948/575/579 358/584/592
f 341/552/595 340/549/599 1930/558/562 1929/555/559
f 350/590/600 1942/568/572 1937/563/567 349/587/596
f 354/588/597 355/591/601 1950/576/580 1951/577/581
f 360/592/602 1938/565/569 1943/570/574 359/589/598
f 340/549/599 339/546/603 1931/560/564 1930/558/562
f 351/593/604 1947/573/577 1942/568/572 350/590/600
f 355/591/601 356/594/605 1949/574/578 1950/576/580
f 361/595/606 1933/557/561 1938/565/569 360/592/602
f 339/546/603 338/540/587 1932/562/566 1931/560/564
f 352/583/591 1952/578/582 1947/573/577 351/593/604
f 356/594/605 357/585/593 1948/575/579 1949/574/578
f 362/579/585 1928/554/558 1933/557/561 361/595/606
f 1953/596/607 1954/597/608 1959/598/609 1958/599/610
f 1954/597/608 1955/600/611 1960/601/612 1959/598/609
f 1955/600/611 1956/602/613 1961/603/614 1960/601/612
f 1956/602/613 1957/604/615 1962/605/616 1961/603/614
f 1958/599/610 1959/598/609 1964/606/617 1963/607/618
f 1959/598/609 1960/601/612 1965/608/619 1964/606/617
f 1960/601/612 1961/603/614 1966/609/620 1965/608/619
f 1961/603/614 1962/605/616 1967/610/621 1966/609/620
f 1963/607/618 1964/606/617 1969/611/622 1968/612/623
f 1964/606/617 1965/608/619 1970/613/624 1969/611/622
f 1965/608/619 1966/609/620 1971/614/625 1970/613/624
f 1966/609/620 1967/610/621 1972/615/626 1971/614/625
f 1968/612/623 1969/611/622 1974/616/627 1973/617/628
f 1969/611/622 1970/613/624 1975/618/629 1974/616/627
f 1970/613/624 1971/614/625 1976/619/630 1975/618/629
f 1971/614/625 1972/615/626 1977/620/631 1976/619/630
f 15/586/632 357/585/633 1953/596/607 377/621/634
f 363/622/635 1957/604/615 353/582/636 64/581/637
f 65/623/638 368/624/639 1977/620/631 367/625/640
f 373/626/641 1973/617/628 372/627/642 16/628/643
f 357/585/633 356/594/644 1954/597/608 1953/596/607
f 364/629/645 1962/605/616 1957/604/615 363/622/635
f 368/624/639 369/630/646 1976/619/630 1977/620/631
f 374/631/647 1968/612/623 1973/617/628 373/626/641
f 356/594/644 355/591/648 1955/600/611 1954/597/608
f 365/632/649 1967/610/621 1962/605/616 364/629/645
f 369/630/646 370/633/650 1975/618/629 1976/619/630
f 375/634/651 1963/607/618 1968/612/623 374/631/647
f 355/591/648 354/588/652 1956/602/613 1955/600/611
f 366/635/653 1972/615/626 1967/610/621 365/632/649
f 370/633/650 371/636/654 1974/616/627 1975/618/629
f 376/637/655 1958/599/610 1963/607/618 375/634/651
f 354/588/652 353/582/636 1957/604/615 1956/602/613
f 367/625/640 1977/620/631 1972/615/626 366/635/653
f 371/636/654 372/627/642 1973/617/628 1974/616/627
f 377/621/634 1953/596/607 1958/599/610 376/637/655
f 1978/638/656 1979/639/657 1984/640/658 1983/641/659
f 1979/639/657 1980/642/660 1985/643/661 1984/640/658
f 1980/642/660 1981/644/662 1986/645/663 1985/643/661
f 1981/644/662 1982/646/664 1987/647/665 1986/645/663
f 1983/641/659 1984/640/658 1989/648/666 1988/649/667
f 1984/640/658 1985/643/661 1990/650/668 1989/648/666
f 1985/643/661 1986/645/663 1991/651/669 1990/650/668
f 1986/645/663 1987/647/665 1992/652/670 1991/651/669
f 1988/649/667 1989/648/666 1994/653/671 1993/654/672
f 1989/648/666 1990/650/668 1995/655/673 1994/653/671
f 1990/650/668 1991/651/669 1996/656/674 1995/655/673
f 1991/651/669 1992/652/670 1997/657/675 1996/656/674
f 1993/654/672 1994/653/671 1999/658/676 1998/659/677
f 1994/653/671 1995/655/673 2000/660/678 1999/658/676
f 1995/655/673 1996/656/674 2001/661/679 2000/660/678
f 1996/656/674 1997/657/675 2002/662/680 2001/661/679
f 16/628/681 372/627/682 1978/638/656 392/663/683
f 378/664/684 1982/646/664 368/624/685 65/623/686
f 66/665/687 383/666/688 2002/662/680 382/667/689
f 388/668/690 1998/659/677 387/669/691 17/670/692
f 372/627/682 371/636/693 1979/639/657 1978/638/656
f 379/671/694 1987/647/665 1982/646/664 378/664/684
f 383/666/688 384/672/695 2001/661/679 2002/662/680
f 389/673/696 1993/654/672 1998/659/677 388/668/690
f 371/636/693 370/633/697 1980/642/660 1979/639/657
f 380/674/698 1992/652/670 1987/647/665 379/671/694
f 384/672/695 385/675/699 2000/660/678 2001/661/679
f 390/676/700 1988/649/667 1993/654/672 389/673/696
f 370/633/697 369/630/701 1981/644/662 1980/642/660
f 381/677/702 1997/657/675 1992/652/670 380/674/698
f 385/675/699 386/678/703 1999/658/676 2000/660/678
f 391/679/704 1983/641/659 1988/649/667 390/676/700
f 369/630/701 368/624/685 1982/646/664 1981/644/662
f 382/667/689 2002/662/680 1997/657/675 381/677/702
f 386/678/703 387/669/691 1998/659/677 1999/658/676
f 392/663/683 1978/638/656 1983/641/659 391/679/704
f 2003/680/705 2004/681/706 2009/682/707 2008/683/708
f 2004/681/706 2005/684/709 2010/685/710 2009/682/707
f 2005/684/709 2006/686/711 2011/687/712 2010/685/710
f 2006/686/711 2007/688/713 2012/689/714 2011/687/712
f 2008/683/708 2009/682/707 2014/690/715 2013/691/716
f 2009/682/707 2010/685/710 2015/692/717 2014/690/715
f 2010/685/710 2011/687/712 2016/693/718 2015/692/717
f 2011/687/712 2012/689/714 2017/694/719 2016/693/718
f 2013/691/716 2014/690/715 2019/695/720 2018/696/721
f 2014/690/715 2015/692/717 2020/697/722 2019/695/720
f 2015/692/717 2016/693/718 2021/698/723 2020/697/722
f 2016/693/718 2017/694/719 2022/699/724 2021/698/723
f 2018/696/721 2019/695/720 2024/700/725 2023/701/726
f 2019/695/720 2020/697/722 2025/702/727 2024/700/725
f 2020/697/722 2021/698/723 2026/703/728 2025/702/727
f 2021/698/723 2022/699/724 2027/704/729 2026/703/728
f 17/670/730 387/669/731 2003/680/705 407/705/732
f 393/706/733 2007/688/713 383/666/734 66/665/735
f 67/707/736 398/708/737 2027/704/729 397/709/738
f 403/710/739 2023/701/726 402/711/740 18/712/741
f 387/669/731 386/678/742 2004/681/706 2003/680/705
f 394/713/743 2012/689/714 2007/688/713 393/706/733
f 398/708/737 399/714/744 2026/703/728 2027/704/729
f 404/715/745 2018/696/721 2023/701/726 403/710/739
f 386/678/742 385/675/746 2005/684/709 2004/681/706
f 395/716/747 2017/694/719 2012/689/714 394/713/743
f 399/714/744 400/717/748 2025/702/727 2026/703/728
f 405/718/749 2013/691/716 2018/696/721 404/715/745
f 385/675/746 384/672/750 2006/686/711 2005/684/709
f 396/719/751 2022/699/724 2017/694/719 395/716/747
f 400/717/748 401/720/752 2024/700/725 2025/702/727
f 406/721/753 2008/683/708 2013/691/716 405/718/749
f 384/672/750 383/666/734 2007/688/713 2006/686/711
f 397/709/738 2027/704/729 2022/699/724 396/719/751
f 401/720/752 402/711/740 2023/701/726 2024/700/725
f 407/705/732 2003/680/705 2008/683/708 406/721/753
f 2028/722/754 2029/723/755 2034/724/756 2033/725/757
f 2029/723/755 2030/726/758 2035/727/759 2034/724/756
f 2030/726/758 2031/728/760 2036/729/761 2035/727/759
f 2031/728/760 2032/730/762 2037/731/763 2036/729/761
f 2033/725/757 2034/724/756 2039/732/764 2038/733/765
f 2034/724/756 2035/727/759 2040/734/766 2039/732/764
f 2035/727/759 2036/729/761 2041/735/767 2040/734/766
f 2036/729/761 2037/731/763 2042/736/768 2041/735/767
f 2038/733/765 2039/732/764 2044/737/769 2043/738/770
f 2039/732/764 2040/734/766 2045/739/759 2044/737/769
f 2040/734/766 2041/735/767 2046/740/771 2045/739/759
f 2041/735/767 2042/736/768 2047/741/772 2046/740/771
f 2043/738/770 2044/737/769 2049/742/773 2048/743/774
f 2044/737/769 2045/739/759 2050/744/758 2049/742/773
f 2045/739/759 2046/740/771 2051/745/775 2050/744/758
f 2046/740/771 2047/741/772 2052/746/776 2051/745/775
f 18/712/777 402/711/778 2028/722/754 422/747/779
f 408/748/780 2032/730/762 398/708/781 67/707/782
f 68/749/782 413/750/783 2052/746/776 412/751/780
f 418/752/779 2048/743/774 417/753/784 19/754/777
f 402/711/778 401/720/785 2029/723/755 2028/722/754
f 409/755/492 2037/731/763 2032/730/762 408/748/780
f 413/750/783 414/756/786 2051/745/775 2052/746/776
f 419/757/497 2043/738/770 2048/743/774 418/752/779
f 401/720/785 400/717/787 2030/726/758 2029/723/755
f 410/758/788 2042/736/768 2037/731/763 409/755/492
f 414/756/786 415/759/787 2050/744/758 2051/745/775
f 420/760/789 2038/733/765 2043/738/770 419/757/497
f 400/717/787 399/714/790 2031/728/760 2030/726/758
f 411/761/496 2047/741/772 2042/736/768 410/758/788
f 415/759/787 416/762/791 2049/742/773 2050/744/758
f 421/763/491 2033/725/757 2038/733/765 420/760/789
f 399/714/790 398/708/781 2032/730/762 2031/728/760
f 412/751/780 2052/746/776 2047/741/772 411/761/496
f 416/762/791 417/753/784 2048/743/774 2049/742/773
f 422/747/779 2028/722/754 2033/725/757 421/763/491
f 2053/764/792 2054/765/793 2059/766/794 2058/767/795
f 2054/765/793 2055/768/796 2060/769/797 2059/766/794
f 2055/768/796 2056/770/798 2061/771/799 2060/769/797
f 2056/770/798 2057/772/800 2062/773/801 2061/771/799
f 2058/767/795 2059/766/794 2064/774/802 2063/775/803
f 2059/766/794 2060/769/797 2065/776/804 2064/774/802
f 2060/769/797 2061/771/799 2066/777/805 2065/776/804
f 2061/771/799 2062/773/801 2067/778/806 2066/777/805
f 2063/775/803 2064/774/802 2069/779/807 2068/780/808
f 2064/774/802 2065/776/804 2070/781/809 2069/779/807
f 2065/776/804 2066/777/805 2071/782/810 2070/781/809
f 2066/777/805 2067/778/806 2072/783/811 2071/782/810
f 2068/780/808 2069/779/807 2074/784/812 2073/785/813
f 2069/779/807 2070/781/809 2075/786/814 2074/784/812
f 2070/781/809 2071/782/810 2076/787/815 2075/786/814
f 2071/782/810 2072/783/811 2077/788/816 2076/787/815
f 19/754/817 417/753/818 2053/764/792 437/789/819
f 423/790/820 2057/772/800 413/750/821 68/749/822
f 69/791/822 428/792/823 2077/788/816 427/793/824
f 433/794/825 2073/785/813 432/795/826 20/796/827
f 417/753/818 416/762/828 2054/765/793 2053/764/792
f 424/797/829 2062/773/801 2057/772/800 423/790/820
f 428/792/823 429/798/830 2076/787/815 2077/788/816
f 434/799/831 2068/780/808 2073/785/813 433/794/825
f 416/762/828 415/759/832 2055/768/796 2054/765/793
f 425/800/833 2067/778/806 2062/773/801 424/797/829
f 429/798/830 430/801/834 2075/786/814 2076/787/815
f 435/802/835 2063/775/803 2068/780/808 434/799/831
f 415/759/832 414/756/836 2056/770/798 2055/768/796
f 426/803/837 2072/783/811 2067/778/806 425/800/833
f 430/801/834 431/804/838 2074/784/812 2075/786/814
f 436/805/839 2058/767/795 2063/775/803 435/802/835
f 414/756/836 413/750/821 2057/772/800 2056/770/798
f 427/793/824 2077/788/816 2072/783/811 426/803/837
f 431/804/838 432/795/826 2073/785/813 2074/784/812
f 437/789/819 2053/764/792 2058/767/795 436/805/839
f 2078/806/840 2079/807/841 2084/808/842 2083/809/843
f 2079/807/841 2080/810/844 2085/811/845 2084/808/842
f 2080/810/844 2081/812/846 2086/813/847 2085/811/845
f 2081/812/846 2082/814/848 2087/815/849 2086/813/847
f 2083/809/843 2084/808/842 2089/816/850 2088/817/851
f 2084/808/842 2085/811/845 2090/818/852 2089/816/850
f 2085/811/845 2086/813/847 2091/819/853 2090/818/852
f 2086/813/847 2087/815/849 2092/820/854 2091/819/853
f 2088/817/851 2089/816/850 2094/821/855 2093/822/856
f 2089/816/850 2090/818/852 2095/823/857 2094/821/855
f 2090/818/852 2091/819/853 2096/824/858 2095/823/857
f 2091/819/853 2092/820/854 2097/825/859 2096/824/858
f 2093/822/856 2094/821/855 2099/826/860 2098/827/861
f 2094/821/855 2095/823/857 2100/828/862 2099/826/860
f 2095/823/857 2096/824/858 2101/829/863 2100/828/862
f 2096/824/858 2097/825/859 2102/830/864 2101/829/863
f 20/796/865 432/795/866 2078/806/840 452/831/867
f 438/832/868 2082/814/848 428/792/869 69/791/870
f 70/833/870 443/834/871 2102/830/864 442/835/872
f 448/836/873 2098/827/861 447/837/874 21/838/875
f 432/795/866 431/804/876 2079/807/841 2078/806/840
f 439/839/877 2087/815/849 2082/814/848 438/832/868
f 443/834/871 444/840/878 2101/829/863 2102/830/864
f 449/841/879 2093/822/856 2098/827/861 448/836/873
f 431/804/876 430/801/880 2080/810/844 2079/807/841
f 440/842/881 2092/820/854 2087/815/849 439/839/877
f 444/840/878 445/843/882 2100/828/862 2101/829/863
f 450/844/883 2088/817/851 2093/822/856 449/841/879
f 430/801/880 429/798/884 2081/812/846 2080/810/844
f 441/845/885 2097/825/859 2092/820/854 440/842/881
f 445/843/882 446/846/886 2099/826/860 2100/828/862
f 451/847/887 2083/809/843 2088/817/851 450/844/883
f 429/798/884 428/792/869 2082/814/848 2081/812/846
f 442/835/872 2102/830/864 2097/825/859 441/845/885
f 446/846/886 447/837/874 2098/827/861 2099/826/860
f 452/831/867 2078/806/840 2083/809/843 451/847/887
f 2103/848/888 2104/849/889 2109/850/890 2108/851/891
f 2104/849/889 2105/852/892 2110/853/893 2109/850/890
f 2105/852/892 2106/854/894 2111/855/895 2110/853/893
f 2106/854/894 2107/856/896 2112/857/897 2111/855/895
f 2108/851/891 2109/850/890 2114/858/898 2113/859/899
f 2109/850/890 2110/853/893 2115/860/900 2114/858/898
f 2110/853/893 2111/855/895 2116/861/901 2115/860/900
f 2111/855/895 2112/857/897 2117/862/902 2116/861/901
f 2113/859/899 2114/858/898 2119/863/903 2118/864/904
f 2114/858/898 2115/860/900 2120/865/905 2119/863/903
f 2115/860/900 2116/861/901 2121/866/906 2120/865/905
f 2116/861/901 2117/862/902 2122/867/907 2121/866/906
f 2118/864/904 2119/863/903 2124/868/908 2123/869/909
f 2119/863/903 2120/865/905 2125/870/910 2124/868/908
f 2120/865/905 2121/866/906 2126/871/911 2125/870/910
f 2121/866/906 2122/867/907 2127/872/912 2126/871/911
f 21/838/913 447/837/914 2103/848/888 467/873/915
f 453/874/916 2107/856/896 443/834/917 70/833/918
f 71/875/919 458/876/920 2127/872/912 457/877/921
f 463/878/922 2123/869/909 462/879/923 22/880/924
f 447/837/914 446/846/925 2104/849/889 2103/848/888
f 454/881/926 2112/857/897 2107/856/896 453/874/916
f 458/876/920 459/882/927 2126/871/911 2127/872/912
f 464/883/928 2118/864/904 2123/869/909 463/878/922
f 446/846/925 445/843/929 2105/852/892 2104/849/889
f 455/884/930 2117/862/902 2112/857/897 454/881/926
f 459/882/927 460/885/931 2125/870/910 2126/871/911
f 465/886/932 2113/859/899 2118/864/904 464/883/928
f 445/843/929 444/840/933 2106/854/894 2105/852/892
f 456/887/934 2122/867/907 2117/862/902 455/884/930
f 460/885/931 461/888/935 2124/868/908 2125/870/910
f 466/889/936 2108/851/891 2113/859/899 465/886/932
f 444/840/933 443/834/917 2107/856/896 2106/854/894
f 457/877/921 2127/872/912 2122/867/907 456/887/934
f 461/888/935 462/879/923 2123/869/909 2124/868/908
f 467/873/915 2103/848/888 2108/851/891 466/889/936
f 2128/890/937 2129/891/938 2134/892/939 2133/893/940
f 2129/891/938 2130/894/941 2135/895/942 2134/892/939
f 2130/894/941 2131/896/943 2136/897/944 2135/895/942
f 2131/896/943 2132/898/945 2137/899/946 2136/897/944
f 2133/893/940 2134/892/939 2139/900/947 2138/901/948
f 2134/892/939 2135/895/942 2140/902/949 2139/900/947
f 2135/895/942 2136/897/944 2141/903/950 2140/902/949
f 2136/897/944 2137/899/946 2142/904/951 2141/903/950
f 2138/901/948 2139/900/947 2144/905/952 2143/906/953
f 2139/900/947 2140/902/949 2145/907/954 2144/905/952
f 2140/902/949 2141/903/950 2146/908/955 2145/907/954
f 2141/903/950 2142/904/951 2147/909/956 2146/908/955
f 2143/906/953 2144/905/952 2149/910/957 2148/911/958
f 2144/905/952 2145/907/954 2150/912/959 2149/910/957
f 2145/907/954 2146/908/955 2151/913/960 2150/912/959
f 2146/908/955 2147/909/956 2152/914/961 2151/913/960
f 22/880/962 462/879/963 2128/890/937 482/915/964
f 468/916/965 2132/898/945 458/876/966 71/875/967
f 72/917/968 473/918/969 2152/914/961 472/919/970
f 478/920/971 2148/911/958 477/921/972 23/922/973
f 462/879/963 461/888/974 2129/891/938 2128/890/937
f 469/923/975 2137/899/946 2132/898/945 468/916/965
f 473/918/969 474/924/976 2151/913/960 2152/914/961
f 479/925/977 2143/906/953 2148/911/958 478/920/971
f 461/888/974 460/885/978 2130/894/941 2129/891/938
f 470/926/979 2142/904/951 2137/899/946 469/923/975
f 474/924/976 475/927/980 2150/912/959 2151/913/960
f 480/928/981 2138/901/948 2143/906/953 479/925/977
f 460/885/978 459/882/982 2131/896/943 2130/894/941
f 471/929/983 2147/909/956 2142/904/951 470/926/979
f 475/927/980 476/930/984 2149/910/957 2150/912/959
f 481/931/985 2133/893/940 2138/901/948 480/928/981
f 459/882/982 458/876/966 2132/898/945 2131/896/943
f 472/919/970 2152/914/961 2147/909/956 471/929/983
f 476/930/984 477/921/972 2148/911/958 2149/910/957
f 482/915/964 2128/890/937 2133/893/940 481/931/985
f 2153/932/986 2154/933/987 2159/934/988 2158/935/989
f 2154/933/987 2155/936/990 2160/937/991 2159/934/988
f 2155/936/990 2156/938/992 2161/939/993 2160/937/991
f 2156/938/992 2157/940/994 2162/941/995 2161/939/993
f 2158/935/989 2159/934/988 2164/942/996 2163/943/997
f 2159/934/988 2160/937/991 2165/944/998 2164/942/996
f 2160/937/991 2161/939/993 2166/945/999 2165/944/998
f 2161/939/993 2162/941/995 2167/946/1000 2166/945/999
f 2163/943/997 2164/942/996 2169/947/1001 2168/948/1002
f 2164/942/996 2165/944/998 2170/949/1003 2169/947/1001
f 2165/944/998 2166/945/999 2171/950/1004 2170/949/1003
f 2166/945/999 2167/946/1000 2172/951/1005 2171/950/1004
f 2168/948/1002 2169/947/1001 2174/952/1006 2173/953/1007
f 2169/947/1001 2170/949/1003 2175/954/1008 2174/952/1006
f 2170/949/1003 2171/950/1004 2176/955/1009 2175/954/1008
f 2171/950/1004 2172/951/1005 2177/956/1010 2176/955/1009
f 23/922/1011 477/921/1012 2153/932/986 497/957/1013
f 483/958/1014 2157/940/994 473/918/1015 72/917/1016
f 73/959/1016 488/960/1017 2177/956/1010 487/961/1018
f 493/962/1019 2173/953/1007 492/963/1020 24/964/1011
f 477/921/1012 476/930/1021 2154/933/987 2153/932/986
f 484/965/1022 2162/941/995 2157/940/994 483/958/1014
f 488/960/1017 489/966/1023 2176/955/1009 2177/956/1010
f 494/967/1024 2168/948/1002 2173/953/1007 493/962/1019
f 476/930/1021 475/927/1025 2155/936/990 2154/933/987
f 485/968/1026 2167/946/1000 2162/941/995 484/965/1022
f 489/966/1023 490/969/1027 2175/954/1008 2176/955/1009
f 495/970/1028 2163/943/997 2168/948/1002 494/967/1024
f 475/927/1025 474/924/1029 2156/938/992 2155/936/990
f 486/971/1030 2172/951/1005 2167/946/1000 485/968/1026
f 490/969/1027 491/972/1031 2174/952/1006 2175/954/1008
f 496/973/1032 2158/935/989 2163/943/997 495/970/1028
f 474/924/1029 473/918/1015 2157/940/994 2156/938/992
f 487/961/1018 2177/956/1010 2172/951/1005 486/971/1030
f 491/972/1031 492/963/1020 2173/953/1007 2174/952/1006
f 497/957/1013 2153/932/986 2158/935/989 496/973/1032
f 2178/974/1033 2179/975/1034 2184/976/1035 2183/977/1036
f 2179/975/1034 2180/978/1037 2185/979/1038 2184/976/1035
f 2180/978/1037 2181/980/1039 2186/981/1040 2185/979/1038
f 2181/980/1039 2182/982/1041 2187/983/1042 2186/981/1040
f 2183/977/1036 2184/976/1035 2189/984/1043 2188/985/1044
f 2184/976/1035 2185/979/1038 2190/986/1045 2189/984/1043
f 2185/979/1038 2186/981/1040 2191/987/1046 2190/986/1045
f 2186/981/1040 2187/983/1042 2192/988/1047 2191/987/1046
f 2188/985/1044 2189/984/1043 2194/989/1048 2193/990/1049
f 2189/984/1043 2190/986/1045 2195/991/1050 2194/989/1048
f 2190/986/1045 2191/987/1046 2196/992/1051 2195/991/1050
f 2191/987/1046 2192/988/1047 2197/993/1052 2196/992/1051
f 2193/990/1049 2194/989/1048 2199/994/1053 2198/995/1054
f 2194/989/1048 2195/991/1050 2200/996/1055 2199/994/1053
f 2195/991/1050 2196/992/1051 2201/997/1056 2200/996/1055
f 2196/992/1051 2197/993/1052 2202/998/1057 2201/997/1056
f 24/964/1058 492/963/1059 2178/974/1033 512/999/1060
f 498/1000/1061 2182/982/1041 488/960/1062 73/959/1063
f 74/1001/1064 503/1002/1065 2202/998/1057 502/1003/1066
f 508/1004/1067 2198/995/1054 507/1005/1068 25/1006/1069
f 492/963/1059 491/972/1070 2179/975/1034 2178/974/1033
f 499/1007/1071 2187/983/1042 2182/982/1041 498/1000/1061
f 503/1002/1065 504/1008/1072 2201/997/1056 2202/998/1057
f 509/1009/1073 2193/990/1049 2198/995/1054 508/1004/1067
f 491/972/1070 490/969/1074 2180/978/1037 2179/975/1034
f 500/1010/1075 2192/988/1047 2187/983/1042 499/1007/1071
f 504/1008/1072 505/1011/1076 2200/996/1055 2201/997/1056
f 510/1012/1077 2188/985/1044 2193/990/1049 509/1009/1073
f 490/969/1074 489/966/1078 2181/980/1039 2180/978/1037
f 501/1013/1079 2197/993/1052 2192/988/1047 500/1010/1075
f 505/1011/1076 506/1014/1080 2199/994/1053 2200/996/1055
f 511/1015/1081 2183/977/1036 2188/985/1044 510/1012/1077
f 489/966/1078 488/960/1062 2182/982/1041 2181/980/1039
f 502/1003/1066 2202/998/1057 2197/993/1052 501/1013/1079
f 506/1014/1080 507/1005/1068 2198/995/1054 2199/994/1053
f 512/999/1060 2178/974/1033 2183/977/1036 511/1015/1081
f 2203/1016/1082 2204/1017/1083 2209/1018/1084 2208/1019/1085
f 2204/1017/1083 2205/1020/1086 2210/1021/1087 2209/1018/1084
f 2205/1020/1086 2206/1022/1088 2211/1023/1089 2210/1021/1087
f 2206/1022/1088 2207/1024/1090 2212/1025/1091 2211/1023/1089
f 2208/1019/1085 2209/1018/1084 2214/1026/1092 2213/1027/1093
f 2209/1018/1084 2210/1021/1087 2215/1028/1094 2214/1026/1092
f 2210/1021/1087 2211/1023/1089 2216/1029/1095 2215/1028/1094
f 2211/1023/1089 2212/1025/1091 2217/1030/1096 2216/1029/1095
f 2213/1027/1093 2214/1026/1092 2219/1031/1097 2218/1032/1098
f 2214/1026/1092 2215/1028/1094 2220/1033/1099 2219/1031/1097
f 2215/1028/1094 2216/1029/1095 2221/1034/1100 2220/1033/1099
f 2216/1029/1095 2217/1030/1096 2222/1035/1101 2221/1034/1100
f 2218/1032/1098 2219/1031/1097 2224/1036/1102 2223/1037/1103
f 2219/1031/1097 2220/1033/1099 2225/1038/1104 2224/1036/1102
f 2220/1033/1099 2221/1034/1100 2226/1039/1105 2225/1038/1104
f 2221/1034/1100 2222/1035/1101 2227/1040/1106 2226/1039/1105
f 25/1006/1107 507/1005/1108 2203/1016/1082 527/1041/1109
f 513/1042/1110 2207/1024/1090 503/1002/1111 74/1001/1112
f 75/1043/1112 518/1044/1113 2227/1040/1106 517/1045/1114
f 523/1046/1115 2223/1037/1103 522/1047/1116 26/1048/1117
f 507/1005/1108 506/1014/1118 2204/1017/1083 2203/1016/1082
f 514/1049/1119 2212/1025/1091 2207/1024/1090 513/1042/1110
f 518/1044/1113 519/1050/1120 2226/1039/1105 2227/1040/1106
f 524/1051/1121 2218/1032/1098 2223/1037/1103 523/1046/1115
f 506/1014/1118 505/1011/1122 2205/1020/1086 2204/1017/1083
f 515/1052/1123 2217/1030/1096 2212/1025/1091 514/1049/1119
f 519/1050/1120 520/1053/1124 2225/1038/1104 2226/1039/1105
f 525/1054/1125 2213/1027/1093 2218/1032/1098 524/1051/1121
f 505/1011/1122 504/1008/1126 2206/1022/1088 2205/1020/1086
f 516/1055/1127 2222/1035/1101 2217/1030/1096 515/1052/1123
f 520/1053/1124 521/1056/1128 2224/1036/1102 2225/1038/1104
f 526/1057/1129 2208/1019/1085 2213/1027/1093 525/1054/1125
f 504/1008/1126 503/1002/1111 2207/1024/1090 2206/1022/1088
f 517/1045/1114 2227/1040/1106 2222/1035/1101 516/1055/1127
f 521/1056/1128 522/1047/1116 2223/1037/1103 2224/1036/1102
f 527/1041/1109 2203/1016/1082 2208/1019/1085 526/1057/1129
f 2228/1058/1130 2229/1059/1131 2234/1060/1132 2233/1061/1133
f 2229/1059/1131 2230/1062/1134 2235/1063/1135 2234/1060/1132
f 2230/1062/1134 2231/1064/1136 2236/1065/1137 2235/1063/1135
f 2231/1064/1136 2232/1066/1138 2237/1067/1139 2236/1065/1137
f 2233/1061/1133 2234/1060/1132 2239/1068/1140 2238/1069/1141
f 2234/1060/1132 2235/1063/1135 2240/1070/1142 2239/1068/1140
f 2235/1063/1135 2236/1065/1137 2241/1071/1143 2240/1070/1142
f 2236/1065/1137 2237/1067/1139 2242/1072/1144 2241/1071/1143
f 2238/1069/1141 2239/1068/1140 2244/1073/1145 2243/1074/1146
f 2239/1068/1140 2240/1070/1142 2245/1075/1147 2244/1073/1145
f 2240/1070/1142 2241/1071/1143 2246/1076/1148 2245/1075/1147
f 2241/1071/1143 2242/1072/1144 2247/1077/1149 2246/1076/1148
f 2243/1074/1146 2244/1073/1145 2249/1078/1150 2248/1079/1151
f 2244/1073/1145 2245/1075/1147 2250/1080/1152 2249/1078/1150
f 2245/1075/1147 2246/1076/1148 2251/1081/1153 2250/1080/1152
f 2246/1076/1148 2247/1077/1149 2252/1082/1154 2251/1081/1153
f 26/1048/1155 522/1047/1156 2228/1058/1130 542/1083/1157
f 528/1084/1158 2232/1066/1138 518/1044/1159 75/1043/1160
f 76/1085/1161 533/1086/1162 2252/1082/1154 532/1087/1163
f 538/1088/1164 2248/1079/1151 537/1089/1165 27/1090/1166
f 522/1047/1156 521/1056/1167 2229/1059/1131 2228/1058/1130
f 529/1091/1168 2237/1067/1139 2232/1066/1138 528/1084/1158
f 533/1086/1162 534/1092/1169 2251/1081/1153 2252/1082/1154
f 539/1093/1170 2243/1074/1146 2248/1079/1151 538/1088/1164
f 521/1056/1167 520/1053/1171 2230/1062/1134 2229/1059/1131
f 530/1094/1172 2242/1072/1144 2237/1067/1139 529/1091/1168
f 534/1092/1169 535/1095/1173 2250/1080/1152 2251/1081/1153
f 540/1096/1174 2238/1069/1141 2243/1074/1146 539/1093/1170
f 520/1053/1171 519/1050/1175 2231/1064/1136 2230/1062/1134
f 531/1097/1176 2247/1077/1149 2242/1072/1144 530/1094/1172
f 535/1095/1173 536/1098/1177 2249/1078/1150 2250/1080/1152
f 541/1099/1178 2233/1061/1133 2238/1069/1141 540/1096/1174
f 519/1050/1175 518/1044/1159 2232/1066/1138 2231/1064/1136
f 532/1087/1163 2252/1082/1154 2247/1077/1149 531/1097/1176
f 536/1098/1177 537/1089/1165 2248/1079/1151 2249/1078/1150
f 542/1083/1157 2228/1058/1130 2233/1061/1133 541/1099/1178
f 2253/1100/1179 2254/1101/1180 2259/1102/1181 2258/1103/1182
f 2254/1101/1180 2255/1104/1183 2260/1105/1184 2259/1102/1181
f 2255/1104/1183 2256/1106/1185 2261/1107/1186 2260/1105/1184
f 2256/1106/1185 2257/1108/1187 2262/1109/1188 2261/1107/1186
f 2258/1103/1182 2259/1102/1181 2264/1110/1189 2263/1111/1190
f 2259/1102/1181 2260/1105/1184 2265/1112/1191 2264/1110/1189
f 2260/1105/1184 2261/1107/1186 2266/1113/1192 2265/1112/1191
f 2261/1107/1186 2262/1109/1188 2267/1114/1193 2266/1113/1192
f 2263/1111/1190 2264/1110/1189 2269/1115/1194 2268/1116/1195
f 2264/1110/1189 2265/1112/1191 2270/1117/1196 2269/1115/1194
f 2265/1112/1191 2266/1113/1192 2271/1118/1197 2270/1117/1196
f 2266/1113/1192 2267/1114/1193 2272/1119/1198 2271/1118/1197
f 2268/1116/1195 2269/1115/1194 2274/1120/1199 2273/1121/1200
f 2269/1115/1194 2270/1117/1196 2275/1122/1201 2274/1120/1199
f 2270/1117/1196 2271/1118/1197 2276/1123/1202 2275/1122/1201
f 2271/1118/1197 2272/1119/1198 2277/1124/1203 2276/1123/1202
f 27/1090/1204 537/1089/1205 2253/1100/1179 557/1125/1206
f 543/1126/1207 2257/1108/1187 533/1086/1208 76/1085/1209
f 77/1127/1209 548/1128/1210 2277/1124/1203 547/1129/1211
f 553/1130/1212 2273/1121/1200 552/1131/1213 28/1132/1204
f 537/1089/1205 536/1098/1214 2254/1101/1180 2253/1100/1179
f 544/1133/1215 2262/1109/1188 2257/1108/1187 543/1126/1207
f 548/1128/1210 549/1134/1216 2276/1123/1202 2277/1124/1203
f 554/1135/1217 2268/1116/1195 2273/1121/1200 553/1130/1212
f 536/1098/1214 535/1095/1218 2255/1104/1183 2254/1101/1180
f 545/1136/1219 2267/1114/1193 2262/1109/1188 544/1133/1215
f 549/1134/1216 550/1137/1220 2275/1122/1201 2276/1123/1202
f 555/1138/1221 2263/1111/1190 2268/1116/1195 554/1135/1217
f 535/1095/1218 534/1092/1222 2256/1106/1185 2255/1104/1183
f 546/1139/1215 2272/1119/1198 2267/1114/1193 545/1136/1219
f 550/1137/1220 551/1140/1223 2274/1120/1199 2275/1122/1201
f 556/1141/1217 2258/1103/1182 2263/1111/1190 555/1138/1221
f 534/1092/1222 533/1086/1208 2257/1108/1187 2256/1106/1185
f 547/1129/1211 2277/1124/1203 2272/1119/1198 546/1139/1215
f 551/1140/1223 552/1131/1213 2273/1121/1200 2274/1120/1199
f 557/1125/1206 2253/1100/1179 2258/1103/1182 556/1141/1217
f 2278/1142/1224 2279/1143/1225 2284/1144/1226 2283/1145/1227
f 2279/1143/1225 2280/1146/1228 2285/1147/1229 2284/1144/1226
f 2280/1146/1228 2281/1148/1230 2286/1149/1231 2285/1147/1229
f 2281/1148/1230 2282/1150/1232 2287/1151/1233 2286/1149/1231
f 2283/1145/1227 2284/1144/1226 2289/1152/1234 2288/1153/1235
f 2284/1144/1226 2285/1147/1229 2290/1154/1236 2289/1152/1234
f 2285/1147/1229 2286/1149/1231 2291/1155/1237 2290/1154/1236
f 2286/1149/1231 2287/1151/1233 2292/1156/1238 2291/1155/1237
f 2288/1153/1235 2289/1152/1234 2294/1157/1239 2293/1158/1240
f 2289/1152/1234 2290/1154/1236 2295/1159/1241 2294/1157/1239
f 2290/1154/1236 2291/1155/1237 2296/1160/1242 2295/1159/1241
f 2291/1155/1237 2292/1156/1238 2297/1161/1243 2296/1160/1242
f 2293/1158/1240 2294/1157/1239 2299/1162/1244 2298/1163/1245
f 2294/1157/1239 2295/1159/1241 2300/1164/1246 2299/1162/1244
f 2295/1159/1241 2296/1160/1242 2301/1165/1247 2300/1164/1246
f 2296/1160/1242 2297/1161/1243 2302/1166/1248 2301/1165/1247
f 28/1132/1249 552/1131/1250 2278/1142/1224 572/1167/1251
f 558/1168/1252 2282/1150/1232 548/1128/1253 77/1127/1254
f 78/1169/1255 563/1170/1256 2302/1166/1248 562/1171/1257
f 568/1172/1258 2298/1163/1245 567/1173/1259 29/1174/1260
f 552/1131/1250 551/1140/1261 2279/1143/1225 2278/1142/1224
f 559/1175/1262 2287/1151/1233 2282/1150/1232 558/1168/1252
f 563/1170/1256 564/1176/1263 2301/1165/1247 2302/1166/1248
f 569/1177/1264 2293/1158/1240 2298/1163/1245 568/1172/1258
f 551/1140/1261 550/1137/1265 2280/1146/1228 2279/1143/1225
f 560/1178/1266 2292/1156/1238 2287/1151/1233 559/1175/1262
f 564/1176/1263 565/1179/1267 2300/1164/1246 2301/1165/1247
f 570/1180/1268 2288/1153/1235 2293/1158/1240 569/1177/1264
f 550/1137/1265 549/1134/1269 2281/1148/1230 2280/1146/1228
f 561/1181/1270 2297/1161/1243 2292/1156/1238 560/1178/1266
f 565/1179/1267 566/1182/1271 2299/1162/1244 2300/1164/1246
f 571/1183/1272 2283/1145/1227 2288/1153/1235 570/1180/1268
f 549/1134/1269 548/1128/1253 2282/1150/1232 2281/1148/1230
f 562/1171/1257 2302/1166/1248 2297/1161/1243 561/1181/1270
f 566/1182/1271 567/1173/1259 2298/1163/1245 2299/1162/1244
f 572/1167/1251 2278/1142/1224 2283/1145/1227 571/1183/1272
f 2303/1184/1273 2304/1185/1274 2309/1186/1275 2308/1187/1276
f 2304/1185/1274 2305/1188/1277 2310/1189/1278 2309/1186/1275
f 2305/1188/1277 2306/1190/1279 2311/1191/1280 2310/1189/1278
f 2306/1190/1279 2307/1192/1281 2312/1193/1282 2311/1191/1280
f 2308/1187/1276 2309/1186/1275 2314/1194/1283 2313/1195/1284
f 2309/1186/1275 2310/1189/1278 2315/1196/1285 2314/1194/1283
f 2310/1189/1278 2311/1191/1280 2316/1197/1286 2315/1196/1285
f 2311/1191/1280 2312/1193/1282 2317/1198/1287 2316/1197/1286
f 2313/1195/1284 2314/1194/1283 2319/1199/1275 2318/1200/1276
f 2314/1194/1283 2315/1196/1285 2320/1201/1278 2319/1199/1275
f 2315/1196/1285 2316/1197/1286 2321/1202/1280 2320/1201/1278
f 2316/1197/1286 2317/1198/1287 2322/1203/1282 2321/1202/1280
f 2318/1200/1276 2319/1199/1275 2324/1204/1288 2323/1205/1289
f 2319/1199/1275 2320/1201/1278 2325/1206/1290 2324/1204/1288
f 2320/1201/1278 2321/1202/1280 2326/1207/1291 2325/1206/1290
f 2321/1202/1280 2322/1203/1282 2327/1208/1292 2326/1207/1291
f 29/1174/1293 567/1173/1294 2303/1184/1273 587/1209/1295
f 573/1210/1296 2307/1192/1281 563/1170/1297 78/1169/1298
f 79/1211/1298 578/1212/1299 2327/1208/1292 577/1213/1296
f 583/1214/1295 2323/1205/1289 582/1215/1300 30/1216/1293
f 567/1173/1294 566/1182/1301 2304/1185/1274 2303/1184/1273
f 574/1217/1302 2312/1193/1282 2307/1192/1281 573/1210/1296
f 578/1212/1299 579/1218/1303 2326/1207/1291 2327/1208/1292
f 584/1219/1304 2318/1200/1276 2323/1205/1289 583/1214/1295
f 566/1182/1301 565/1179/1305 2305/1188/1277 2304/1185/1274
f 575/1220/1306 2317/1198/1287 2312/1193/1282 574/1217/1302
f 579/1218/1303 580/1221/1305 2325/1206/1290 2326/1207/1291
f 585/1222/1307 2313/1195/1284 2318/1200/1276 584/1219/1304
f 565/1179/1305 564/1176/1308 2306/1190/1279 2305/1188/1277
f 576/1223/1302 2322/1203/1282 2317/1198/1287 575/1220/1306
f 580/1221/1305 581/1224/1309 2324/1204/1288 2325/1206/1290
f 586/1225/1304 2308/1187/1276 2313/1195/1284 585/1222/1307
f 564/1176/1308 563/1170/1297 2307/1192/1281 2306/1190/1279
f 577/1213/1296 2327/1208/1292 2322/1203/1282 576/1223/1302
f 581/1224/1309 582/1215/1300 2323/1205/1289 2324/1204/1288
f 587/1209/1295 2303/1184/1273 2308/1187/1276 586/1225/1304
f 2328/1226/1310 2329/1227/1311 2334/1228/1312 2333/1229/1313
f 2329/1227/1311 2330/1230/1314 2335/1231/1315 2334/1228/1312
f 2330/1230/1314 2331/1232/1316 2336/1233/1317 2335/1231/1315
f 2331/1232/1316 2332/1234/1318 2337/1235/1319 2336/1233/1317
f 2333/1229/1313 2334/1228/1312 2339/1236/1320 2338/1237/1321
f 2334/1228/1312 2335/1231/1315 2340/1238/1322 2339/1236/1320
f 2335/1231/1315 2336/1233/1317 2341/1239/1323 2340/1238/1322
f 2336/1233/1317 2337/1235/1319 2342/1240/1324 2341/1239/1323
f 2338/1237/1321 2339/1236/1320 2344/1241/1325 2343/1242/1326
f 2339/1236/1320 2340/1238/1322 2345/1243/1327 2344/1241/1325
f 2340/1238/1322 2341/1239/1323 2346/1244/1328 2345/1243/1327
f 2341/1239/1323 2342/1240/1324 2347/1245/1329 2346/1244/1328
f 2343/1242/1326 2344/1241/1325 2349/1246/1330 2348/1247/1331
f 2344/1241/1325 2345/1243/1327 2350/1248/1332 2349/1246/1330
f 2345/1243/1327 2346/1244/1328 2351/1249/1333 2350/1248/1332
f 2346/1244/1328 2347/1245/1329 2352/1250/1334 2351/1249/1333
f 30/1216/1335 582/1215/1336 2328/1226/1310 602/1251/1337
f 588/1252/1338 2332/1234/1318 578/1212/1339 79/1211/1340
f 80/1253/1341 593/1254/1342 2352/1250/1334 592/1255/1343
f 598/1256/1344 2348/1247/1331 597/1257/1345 31/1258/1346
f 582/1215/1336 581/1224/1347 2329/1227/1311 2328/1226/1310
f 589/1259/1348 2337/1235/1319 2332/1234/1318 588/1252/1338
f 593/1254/1342 594/1260/1349 2351/1249/1333 2352/1250/1334
f 599/1261/1350 2343/1242/1326 2348/1247/1331 598/1256/1344
f 581/1224/1347 580/1221/1351 2330/1230/1314 2329/1227/1311
f 590/1262/1352 2342/1240/1324 2337/1235/1319 589/1259/1348
f 594/1260/1349 595/1263/1353 2350/1248/1332 2351/1249/1333
f 600/1264/1354 2338/1237/1321 2343/1242/1326 599/1261/1350
f 580/1221/1351 579/1218/1355 2331/1232/1316 2330/1230/1314
f 591/1265/1356 2347/1245/1329 2342/1240/1324 590/1262/1352
f 595/1263/1353 596/1266/1357 2349/1246/1330 2350/1248/1332
f 601/1267/1358 2333/1229/1313 2338/1237/1321 600/1264/1354
f 579/1218/1355 578/1212/1339 2332/1234/1318 2331/1232/1316
f 592/1255/1343 2352/1250/1334 2347/1245/1329 591/1265/1356
f 596/1266/1357 597/1257/1345 2348/1247/1331 2349/1246/1330
f 602/1251/1337 2328/1226/1310 2333/1229/1313 601/1267/1358
f 2353/1268/1359 2354/1269/1360 2359/1270/1361 2358/1271/1362
f 2354/1269/1360 2355/1272/1363 2360/1273/1364 2359/1270/1361
f 2355/1272/1363 2356/1274/1365 2361/1275/1366 2360/1273/1364
f 2356/1274/1365 2357/1276/1367 2362/1277/1368 2361/1275/1366
f 2358/1271/1362 2359/1270/1361 2364/1278/1369 2363/1279/1370
f 2359/1270/1361 2360/1273/1364 2365/1280/1371 2364/1278/1369
f 2360/1273/1364 2361/1275/1366 2366/1281/1372 2365/1280/1371
f 2361/1275/1366 2362/1277/1368 2367/1282/1373 2366/1281/1372
f 2363/1279/1370 2364/1278/1369 2369/1283/1374 2368/1284/1375
f 2364/1278/1369 2365/1280/1371 2370/1285/1376 2369/1283/1374
f 2365/1280/1371 2366/1281/1372 2371/1286/1377 2370/1285/1376
f 2366/1281/1372 2367/1282/1373 2372/1287/1378 2371/1286/1377
f 2368/1284/1375 2369/1283/1374 2374/1288/1379 2373/1289/1380
f 2369/1283/1374 2370/1285/1376 2375/1290/1381 2374/1288/1379
f 2370/1285/1376 2371/1286/1377 2376/1291/1382 2375/1290/1381
f 2371/1286/1377 2372/1287/1378 2377/1292/1383 2376/1291/1382
f 31/1258/1384 597/1257/1385 2353/1268/1359 617/1293/1386
f 603/1294/1387 2357/1276/1367 593/1254/1388 80/1253/1389
f 81/1295/1389 608/1296/1390 2377/1292/1383 607/1297/1391
f 613/1298/1392 2373/1289/1380 612/1299/1393 32/1300/1384
f 597/1257/1385 596/1266/1394 2354/1269/1360 2353/1268/1359
f 604/1301/1395 2362/1277/1368 2357/1276/1367 603/1294/1387
f 608/1296/1390 609/1302/1396 2376/1291/1382 2377/1292/1383
f 614/1303/1397 2368/1284/1375 2373/1289/1380 613/1298/1392
f 596/1266/1394 595/1263/1398 2355/1272/1363 2354/1269/1360
f 605/1304/1399 2367/1282/1373 2362/1277/1368 604/1301/1395
f 609/1302/1396 610/1305/1398 2375/1290/1381 2376/1291/1382
f 615/1306/1400 2363/1279/1370 2368/1284/1375 614/1303/1397
f 595/1263/1398 594/1260/1401 2356/1274/1365 2355/1272/1363
f 606/1307/1402 2372/1287/1378 2367/1282/1373 605/1304/1399
f 610/1305/1398 611/1308/1403 2374/1288/1379 2375/1290/1381
f 616/1309/1404 2358/1271/1362 2363/1279/1370 615/1306/1400
f 594/1260/1401 593/1254/1388 2357/1276/1367 2356/1274/1365
f 607/1297/1391 2377/1292/1383 2372/1287/1378 606/1307/1402
f 611/1308/1403 612/1299/1393 2373/1289/1380 2374/1288/1379
f 617/1293/1386 2353/1268/1359 2358/1271/1362 616/1309/1404
f 2378/1310/1405 2379/1311/1406 2384/1312/1407 2383/1313/1408
f 2379/1311/1406 2380/1314/1409 2385/1315/1410 2384/1312/1407
f 2380/1314/1409 2381/1316/1411 2386/1317/1412 2385/1315/1410
f 2381/1316/1411 2382/1318/1413 2387/1319/1414 2386/1317/1412
f 2383/1313/1408 2384/1312/1407 2389/1320/1415 2388/1321/1416
f 2384/1312/1407 2385/1315/1410 2390/1322/1417 2389/1320/1415
f 2385/1315/1410 2386/1317/1412 2391/1323/1418 2390/1322/1417
f 2386/1317/1412 2387/1319/1414 2392/1324/1419 2391/1323/1418
f 2388/1321/1416 2389/1320/1415 2394/1325/1420 2393/1326/1421
f 2389/1320/1415 2390/1322/1417 2395/1327/1422 2394/1325/1420
f 2390/1322/1417 2391/1323/1418 2396/1328/1423 2395/1327/1422
f 2391/1323/1418 2392/1324/1419 2397/1329/1424 2396/1328/1423
f 2393/1326/1421 2394/1325/1420 2399/1330/1425 2398/1331/1426
f 2394/1325/1420 2395/1327/1422 2400/1332/1427 2399/1330/1425
f 2395/1327/1422 2396/1328/1423 2401/1333/1428 2400/1332/1427
f 2396/1328/1423 2397/1329/1424 2402/1334/1429 2401/1333/1428
f 32/1300/1430 612/1299/1431 2378/1310/1405 632/1335/1432
f 618/1336/1433 2382/1318/1413 608/1296/1434 81/1295/1435
f 82/1337/1436 623/1338/1437 2402/1334/1429 622/1339/1438
f 628/1340/1439 2398/1331/1426 627/1341/1440 33/1342/1441
f 612/1299/1431 611/1308/1442 2379/1311/1406 2378/1310/1405
f 619/1343/1443 2387/1319/1414 2382/1318/1413 618/1336/1433
f 623/1338/1437 624/1344/1444 2401/1333/1428 2402/1334/1429
f 629/1345/1445 2393/1326/1421 2398/1331/1426 628/1340/1439
f 611/1308/1442 610/1305/1446 2380/1314/1409 2379/1311/1406
f 620/1346/1447 2392/1324/1419 2387/1319/1414 619/1343/1443
f 624/1344/1444 625/1347/1448 2400/1332/1427 2401/1333/1428
f 630/1348/1449 2388/1321/1416 2393/1326/1421 629/1345/1445
f 610/1305/1446 609/1302/1450 2381/1316/1411 2380/1314/1409
f 621/1349/1451 2397/1329/1424 2392/1324/1419 620/1346/1447
f 625/1347/1448 626/1350/1452 2399/1330/1425 2400/1332/1427
f 631/1351/1453 2383/1313/1408 2388/1321/1416 630/1348/1449
f 609/1302/1450 608/1296/1434 2382/1318/1413 2381/1316/1411
f 622/1339/1438 2402/1334/1429 2397/1329/1424 621/1349/1451
f 626/1350/1452 627/1341/1440 2398/1331/1426 2399/1330/1425
f 632/1335/1432 2378/1310/1405 2383/1313/1408 631/1351/1453
f 2403/1352/1454 2404/1353/1455 2409/1354/1456 2408/1355/1457
f 2404/1353/1455 2405/1356/1458 2410/1357/1459 2409/1354/1456
f 2405/1356/1458 2406/1358/1460 2411/1359/1461 2410/1357/1459
f 2406/1358/1460 2407/1360/1462 2412/1361/1463 2411/1359/1461
f 2408/1355/1457 2409/1354/1456 2414/1362/1464 2413/1363/1465
f 2409/1354/1456 2410/1357/1459 2415/1364/1466 2414/1362/1464
f 2410/1357/1459 2411/1359/1461 2416/1365/1467 2415/1364/1466
f 2411/1359/1461 2412/1361/1463 2417/1366/1468 2416/1365/1467
f 2413/1363/1465 2414/1362/1464 2419/1367/1469 2418/1368/1470
f 2414/1362/1464 2415/1364/1466 2420/1369/1471 2419/1367/1469
f 2415/1364/1466 2416/1365/1467 2421/1370/1472 2420/1369/1471
f 2416/1365/1467 2417/1366/1468 2422/1371/1473 2421/1370/1472
f 2418/1368/1470 2419/1367/1469 2424/1372/1474 2423/1373/1475
f 2419/1367/1469 2420/1369/1471 2425/1374/1476 2424/1372/1474
f 2420/1369/1471 2421/1370/1472 2426/1375/1477 2425/1374/1476
f 2421/1370/1472 2422/1371/1473 2427/1376/1478 2426/1375/1477
f 33/1342/1479 627/1341/1480 2403/1352/1454 647/1377/1481
f 633/1378/1482 2407/1360/1462 623/1338/1483 82/1337/1484
f 83/1379/1485 638/1380/1486 2427/1376/1478 637/1381/1487
f 643/1382/1488 2423/1373/1475 642/1383/1489 34/1384/1490
f 627/1341/1480 626/1350/1491 2404/1353/1455 2403/1352/1454
f 634/1385/1492 2412/1361/1463 2407/1360/1462 633/1378/1482
f 638/1380/1486 639/1386/1493 2426/1375/1477 2427/1376/1478
f 644/1387/1494 2418/1368/1470 2423/1373/1475 643/1382/1488
f 626/1350/1491 625/1347/1495 2405/1356/1458 2404/1353/1455
f 635/1388/1496 2417/1366/1468 2412/1361/1463 634/1385/1492
f 639/1386/1493 640/1389/1497 2425/1374/1476 2426/1375/1477
f 645/1390/1498 2413/1363/1465 2418/1368/1470 644/1387/1494
f 625/1347/1495 624/1344/1499 2406/1358/1460 2405/1356/1458
f 636/1391/1500 2422/1371/1473 2417/1366/1468 635/1388/1496
f 640/1389/1497 641/1392/1501 2424/1372/1474 2425/1374/1476
f 646/1393/1502 2408/1355/1457 2413/1363/1465 645/1390/1498
f 624/1344/1499 623/1338/1483 2407/1360/1462 2406/1358/1460
f 637/1381/1487 2427/1376/1478 2422/1371/1473 636/1391/1500
f 641/1392/1501 642/1383/1489 2423/1373/1475 2424/1372/1474
f 647/1377/1481 2403/1352/1454 2408/1355/1457 646/1393/1502
f 2428/1394/1503 2429/1395/1504 2434/1396/1504 2433/1397/1503
f 2429/1395/1504 2430/1398/1505 2435/1399/1505 2434/1396/1504
f 2430/1398/1505 2431/1400/1506 2436/1401/1506 2435/1399/1505
f 2431/1400/1506 2432/1402/1507 2437/1403/1507 2436/1401/1506
f 2433/1397/1503 2434/1396/1504 2439/1404/1504 2438/1405/1503
f 2434/1396/1504 2435/1399/1505 2440/1406/1505 2439/1404/1504
f 2435/1399/1505 2436/1401/1506 2441/1407/1506 2440/1406/1505
f 2436/1401/1506 2437/1403/1507 2442/1408/1507 2441/1407/1506
f 2438/1405/1503 2439/1404/1504 2444/1409/1504 2443/1410/1503
f 2439/1404/1504 2440/1406/1505 2445/1411/1505 2444/1409/1504
f 2440/1406/1505 2441/1407/1506 2446/1412/1506 2445/1411/1505
f 2441/1407/1506 2442/1408/1507 2447/1413/1507 2446/1412/1506
f 2443/1410/1503 2444/1409/1504 2449/1414/1504 2448/1415/1503
f 2444/1409/1504 2445/1411/1505 2450/1416/1505 2449/1414/1504
f 2445/1411/1505 2446/1412/1506 2451/1417/1506 2450/1416/1505
f 2446/1412/1506 2447/1413/1507 2452/1418/1507 2451/1417/1506
f 34/1384/1508 642/1383/1503 2428/1394/1503 662/1419/1508
f 648/1420/1509 2432/1402/1507 638/1380/1507 83/1379/1509
f 84/1421/1509 653/1422/1507 2452/1418/1507 652/1423/1509
f 658/1424/1508 2448/1415/1503 657/1425/1503 35/1426/1508
f 642/1383/1503 641/1392/1504 2429/1395/1504 2428/1394/1503
f 649/1427/1509 2437/1403/1507 2432/1402/1507 648/1420/1509
f 653/1422/1507 654/1428/1506 2451/1417/1506 2452/1418/1507
f 659/1429/1508 2443/1410/1503 2448/1415/1503 658/1424/1508
f 641/1392/1504 640/1389/1505 2430/1398/1505 2429/1395/1504
f 650/1430/1509 2442/1408/1507 2437/1403/1507 649/1427/1509
f 654/1428/1506 655/1431/1505 2450/1416/1505 2451/1417/1506
f 660/1432/1508 2438/1405/1503 2443/1410/1503 659/1429/1508
f 640/1389/1505 639/1386/1506 2431/1400/1506 2430/1398/1505
f 651/1433/1509 2447/1413/1507 2442/1408/1507 650/1430/1509
f 655/1431/1505 656/1434/1504 2449/1414/1504 2450/1416/1505
f 661/1435/1508 2433/1397/1503 2438/1405/1503 660/1432/1508
f 639/1386/1506 638/1380/1507 2432/1402/1507 2431/1400/1506
f 652/1423/1509 2452/1418/1507 2447/1413/1507 651/1433/1509
f 656/1434/1504 657/1425/1503 2448/1415/1503 2449/1414/1504
f 662/1419/1508 2428/1394/1503 2433/1397/1503 661/1435/1508
f 2453/1436/1510 2454/1437/1511 2459/1438/1512 2458/1439/1513
f 2454/1437/1511 2455/1440/1514 2460/1441/1515 2459/1438/1512
f 2455/1440/1514 2456/1442/1516 2461/1443/1517 2460/1441/1515
f 2456/1442/1516 2457/1444/1518 2462/1445/1519 2461/1443/1517
f 2458/1439/1513 2459/1438/1512 2464/1446/1520 2463/1447/1521
f 2459/1438/1512 2460/1441/1515 2465/1448/1522 2464/1446/1520
f 2460/1441/1515 2461/1443/1517 2466/1449/1523 2465/1448/1522
f 2461/1443/1517 2462/1445/1519 2467/1450/1524 2466/1449/1523
f 2463/1447/1521 2464/1446/1520 2469/1451/1525 2468/1452/1526
f 2464/1446/1520 2465/1448/1522 2470/1453/1527 2469/1451/1525
f 2465/1448/1522 2466/1449/1523 2471/1454/1528 2470/1453/1527
f 2466/1449/1523 2467/1450/1524 2472/1455/1529 2471/1454/1528
f 2468/1452/1526 2469/1451/1525 2474/1456/1530 2473/1457/1531
f 2469/1451/1525 2470/1453/1527 2475/1458/1532 2474/1456/1530
f 2470/1453/1527 2471/1454/1528 2476/1459/1533 2475/1458/1532
f 2471/1454/1528 2472/1455/1529 2477/1460/1534 2476/1459/1533
f 35/1426/1535 657/1425/1536 2453/1436/1510 677/1461/1537
f 663/1462/1538 2457/1444/1518 653/1422/1539 84/1421/1540
f 85/1463/1541 668/1464/1542 2477/1460/1534 667/1465/1543
f 673/1466/1544 2473/1457/1531 672/1467/1545 36/1468/1546
f 657/1425/1536 656/1434/1547 2454/1437/1511 2453/1436/1510
f 664/1469/1548 2462/1445/1519 2457/1444/1518 663/1462/1538
f 668/1464/1542 669/1470/1549 2476/1459/1533 2477/1460/1534
f 674/1471/1550 2468/1452/1526 2473/1457/1531 673/1466/1544
f 656/1434/1547 655/1431/1551 2455/1440/1514 2454/1437/1511
f 665/1472/1552 2467/1450/1524 2462/1445/1519 664/1469/1548
f 669/1470/1549 670/1473/1553 2475/1458/1532 2476/1459/1533
f 675/1474/1554 2463/1447/1521 2468/1452/1526 674/1471/1550
f 655/1431/1551 654/1428/1555 2456/1442/1516 2455/1440/1514
f 666/1475/1556 2472/1455/1529 2467/1450/1524 665/1472/1552
f 670/1473/1553 671/1476/1557 2474/1456/1530 2475/1458/1532
f 676/1477/1558 2458/1439/1513 2463/1447/1521 675/1474/1554
f 654/1428/1555 653/1422/1539 2457/1444/1518 2456/1442/1516
f 667/1465/1543 2477/1460/1534 2472/1455/1529 666/1475/1556
f 671/1476/1557 672/1467/1545 2473/1457/1531 2474/1456/1530
f 677/1461/1537 2453/1436/1510 2458/1439/1513 676/1477/1558
f 2478/1478/1559 2479/1479/1560 2484/1480/1561 2483/1481/1562
f 2479/1479/1560 2480/1482/1563 2485/1483/1564 2484/1480/1561
f 2480/1482/1563 2481/1484/1565 2486/1485/1566 2485/1483/1564
f 2481/1484/1565 2482/1486/1567 2487/1487/1568 2486/1485/1566
f 2483/1481/1562 2484/1480/1561 2489/1488/1569 2488/1489/1570
f 2484/1480/1561 2485/1483/1564 2490/1490/1571 2489/1488/1569
f 2485/1483/1564 2486/1485/1566 2491/1491/1572 2490/1490/1571
f 2486/1485/1566 2487/1487/1568 2492/1492/1573 2491/1491/1572
f 2488/1489/1570 2489/1488/1569 2494/1493/1574 2493/1494/1575
f 2489/1488/1569 2490/1490/1571 2495/1495/1576 2494/1493/1574
f 2490/1490/1571 2491/1491/1572 2496/1496/1577 2495/1495/1576
f 2491/1491/1572 2492/1492/1573 2497/1497/1578 2496/1496/1577
f 2493/1494/1575 2494/1493/1574 2499/1498/1579 2498/1499/1580
f 2494/1493/1574 2495/1495/1576 2500/1500/1581 2499/1498/1579
f 2495/1495/1576 2496/1496/1577 2501/1501/1582 2500/1500/1581
f 2496/1496/1577 2497/1497/1578 2502/1502/1583 2501/1501/1582
f 36/1468/1584 672/1467/1585 2478/1478/1559 692/1503/1586
f 678/1504/1587 2482/1486/1567 668/1464/1588 85/1463/1589
f 86/1505/1590 683/1506/1591 2502/1502/1583 682/1507/1592
f 688/1508/1593 2498/1499/1580 687/1509/1594 37/1510/1595
f 672/1467/1585 671/1476/1596 2479/1479/1560 2478/1478/1559
f 679/1511/1597 2487/1487/1568 2482/1486/1567 678/1504/1587
f 683/1506/1591 684/1512/1598 2501/1501/1582 2502/1502/1583
f 689/1513/1599 2493/1494/1575 2498/1499/1580 688/1508/1593
f 671/1476/1596 670/1473/1600 2480/1482/1563 2479/1479/1560
f 680/1514/1601 2492/1492/1573 2487/1487/1568 679/1511/1597
f 684/1512/1598 685/1515/1602 2500/1500/1581 2501/1501/1582
f 690/1516/1603 2488/1489/1570 2493/1494/1575 689/1513/1599
f 670/1473/1600 669/1470/1604 2481/1484/1565 2480/1482/1563
f 681/1517/1605 2497/1497/1578 2492/1492/1573 680/1514/1601
f 685/1515/1602 686/1518/1606 2499/1498/1579 2500/1500/1581
f 691/1519/1607 2483/1481/1562 2488/1489/1570 690/1516/1603
f 669/1470/1604 668/1464/1588 2482/1486/1567 2481/1484/1565
f 682/1507/1592 2502/1502/1583 2497/1497/1578 681/1517/1605
f 686/1518/1606 687/1509/1594 2498/1499/1580 2499/1498/1579
f 692/1503/1586 2478/1478/1559 2483/1481/1562 691/1519/1607
f 2503/1520/1608 2504/1521/1609 2509/1522/1610 2508/1523/1611
f 2504/1521/1609 2505/1524/1612 2510/1525/1613 2509/1522/1610
f 2505/1524/1612 2506/1526/1614 2511/1527/1615 2510/1525/1613
f 2506/1526/1614 2507/1528/1616 2512/1529/1617 2511/1527/1615
f 2508/1523/1611 2509/1522/1610 2514/1530/1618 2513/1531/1619
f 2509/1522/1610 2510/1525/1613 2515/1532/1620 2514/1530/1618
f 2510/1525/1613 2511/1527/1615 2516/1533/1621 2515/1532/1620
f 2511/1527/1615 2512/1529/1617 2517/1534/1622 2516/1533/1621
f 2513/1531/1619 2514/1530/1618 2519/1535/1623 2518/1536/1624
f 2514/1530/1618 2515/1532/1620 2520/1537/1625 2519/1535/1623
f 2515/1532/1620 2516/1533/1621 2521/1538/1626 2520/1537/1625
f 2516/1533/1621 2517/1534/1622 2522/1539/1627 2521/1538/1626
f 2518/1536/1624 2519/1535/1623 2524/1540/1628 2523/1541/1629
f 2519/1535/1623 2520/1537/1625 2525/1542/1630 2524/1540/1628
f 2520/1537/1625 2521/1538/1626 2526/1543/1631 2525/1542/1630
f 2521/1538/1626 2522/1539/1627 2527/1544/1632 2526/1543/1631
f 37/1510/1633 687/1509/1634 2503/1520/1608 707/1545/1635
f 693/1546/1636 2507/1528/1616 683/1506/1637 86/1505/1638
f 87/1547/1639 698/1548/1640 2527/1544/1632 697/1549/1641
f 703/1550/1642 2523/1541/1629 702/1551/1643 38/1552/1644
f 687/1509/1634 686/1518/1645 2504/1521/1609 2503/1520/1608
f 694/1553/1646 2512/1529/1617 2507/1528/1616 693/1546/1636
f 698/1548/1640 699/1554/1647 2526/1543/1631 2527/1544/1632
f 704/1555/1648 2518/1536/1624 2523/1541/1629 703/1550/1642
f 686/1518/1645 685/1515/1649 2505/1524/1612 2504/1521/1609
f 695/1556/1650 2517/1534/1622 2512/1529/1617 694/1553/1646
f 699/1554/1647 700/1557/1651 2525/1542/1630 2526/1543/1631
f 705/1558/1652 2513/1531/1619 2518/1536/1624 704/1555/1648
f 685/1515/1649 684/1512/1653 2506/1526/1614 2505/1524/1612
f 696/1559/1654 2522/1539/1627 2517/1534/1622 695/1556/1650
f 700/1557/1651 701/1560/1655 2524/1540/1628 2525/1542/1630
f 706/1561/1656 2508/1523/1611 2513/1531/1619 705/1558/1652
f 684/1512/1653 683/1506/1637 2507/1528/1616 2506/1526/1614
f 697/1549/1641 2527/1544/1632 2522/1539/1627 696/1559/1654
f 701/1560/1655 702/1551/1643 2523/1541/1629 2524/1540/1628
f 707/1545/1635 2503/1520/1608 2508/1523/1611 706/1561/1656
f 2528/1562/1657 2529/1563/1658 2534/1564/1659 2533/1565/1660
f 2529/1563/1658 2530/1566/1661 2535/1567/1662 2534/1564/1659
f 2530/1566/1661 2531/1568/1663 2536/1569/1664 2535/1567/1662
f 2531/1568/1663 2532/1570/1665 2537/1571/1666 2536/1569/1664
f 2533/1565/1660 2534/1564/1659 2539/1572/1667 2538/1573/1668
f 2534/1564/1659 2535/1567/1662 2540/1574/1669 2539/1572/1667
f 2535/1567/1662 2536/1569/1664 2541/1575/1670 2540/1574/1669
f 2536/1569/1664 2537/1571/1666 2542/1576/1671 2541/1575/1670
f 2538/1573/1668 2539/1572/1667 2544/1577/1672 2543/1578/1673
f 2539/1572/1667 2540/1574/1669 2545/1579/1674 2544/1577/1672
f 2540/1574/1669 2541/1575/1670 2546/1580/1675 2545/1579/1674
f 2541/1575/1670 2542/1576/1671 2547/1581/1676 2546/1580/1675
f 2543/1578/1673 2544/1577/1672 2549/1582/1677 2548/1583/1678
f 2544/1577/1672 2545/1579/1674 2550/1584/1679 2549/1582/1677
f 2545/1579/1674 2546/1580/1675 2551/1585/1680 2550/1584/1679
f 2546/1580/1675 2547/1581/1676 2552/1586/1681 2551/1585/1680
f 38/1552/1682 702/1551/1683 2528/1562/1657 722/1587/1684
f 708/1588/1685 2532/1570/1665 698/1548/1686 87/1547/1687
f 88/1589/1688 713/1590/1689 2552/1586/1681 712/1591/1690
f 718/1592/1691 2548/1583/1678 717/1593/1692 39/1594/1693
f 702/1551/1683 701/1560/1694 2529/1563/1658 2528/1562/1657
f 709/1595/1695 2537/1571/1666 2532/1570/1665 708/1588/1685
f 713/1590/1689 714/1596/1696 2551/1585/1680 2552/1586/1681
f 719/1597/1697 2543/1578/1673 2548/1583/1678 718/1592/1691
f 701/1560/1694 700/1557/1698 2530/1566/1661 2529/1563/1658
f 710/1598/1699 2542/1576/1671 2537/1571/1666 709/1595/1695
f 714/1596/1696 715/1599/1700 2550/1584/1679 2551/1585/1680
f 720/1600/1701 2538/1573/1668 2543/1578/1673 719/1597/1697
f 700/1557/1698 699/1554/1702 2531/1568/1663 2530/1566/1661
f 711/1601/1703 2547/1581/1676 2542/1576/1671 710/1598/1699
f 715/1599/1700 716/1602/1704 2549/1582/1677 2550/1584/1679
f 721/1603/1705 2533/1565/1660 2538/1573/1668 720/1600/1701
f 699/1554/1702 698/1548/1686 2532/1570/1665 2531/1568/1663
f 712/1591/1690 2552/1586/1681 2547/1581/1676 711/1601/1703
f 716/1602/1704 717/1593/1692 2548/1583/1678 2549/1582/1677
f 722/1587/1684 2528/1562/1657 2533/1565/1660 721/1603/1705
f 2553/1604/1706 2554/1605/1707 2559/1606/1708 2558/1607/1709
f 2554/1605/1707 2555/1608/1710 2560/1609/1711 2559/1606/1708
f 2555/1608/1710 2556/1610/1712 2561/1611/1713 2560/1609/1711
f 2556/1610/1712 2557/1612/1714 2562/1613/1715 2561/1611/1713
f 2558/1607/1709 2559/1606/1708 2564/1614/1716 2563/1615/1717
f 2559/1606/1708 2560/1609/1711 2565/1616/1718 2564/1614/1716
f 2560/1609/1711 2561/1611/1713 2566/1617/1719 2565/1616/1718
f 2561/1611/1713 2562/1613/1715 2567/1618/1720 2566/1617/1719
f 2563/1615/1717 2564/1614/1716 2569/1619/1721 2568/1620/1722
f 2564/1614/1716 2565/1616/1718 2570/1621/1711 2569/1619/1721
f 2565/1616/1718 2566/1617/1719 2571/1622/1723 2570/1621/1711
f 2566/1617/1719 2567/1618/1720 2572/1623/1724 2571/1622/1723
f 2568/1620/1722 2569/1619/1721 2574/1624/1725 2573/1625/1726
f 2569/1619/1721 2570/1621/1711 2575/1626/1727 2574/1624/1725
f 2570/1621/1711 2571/1622/1723 2576/1627/1728 2575/1626/1727
f 2571/1622/1723 2572/1623/1724 2577/1628/1729 2576/1627/1728
f 39/1594/789 717/1593/1730 2553/1604/1706 737/1629/1731
f 723/1630/1732 2557/1612/1714 713/1590/1733 88/1589/788
f 89/1631/1734 728/1632/1735 2577/1628/1729 727/1633/1732
f 733/1634/1731 2573/1625/1726 732/1635/1736 40/1636/789
f 717/1593/1730 716/1602/1737 2554/1605/1707 2553/1604/1706
f 724/1637/1738 2562/1613/1715 2557/1612/1714 723/1630/1732
f 728/1632/1735 729/1638/1739 2576/1627/1728 2577/1628/1729
f 734/1639/1740 2568/1620/1722 2573/1625/1726 733/1634/1731
f 716/1602/1737 715/1599/1741 2555/1608/1710 2554/1605/1707
f 725/1640/1742 2567/1618/1720 2562/1613/1715 724/1637/1738
f 729/1638/1739 730/1641/1741 2575/1626/1727 2576/1627/1728
f 735/1642/1743 2563/1615/1717 2568/1620/1722 734/1639/1740
f 715/1599/1741 714/1596/1744 2556/1610/1712 2555/1608/1710
f 726/1643/1738 2572/1623/1724 2567/1618/1720 725/1640/1742
f 730/1641/1741 731/1644/1745 2574/1624/1725 2575/1626/1727
f 736/1645/1740 2558/1607/1709 2563/1615/1717 735/1642/1743
f 714/1596/1744 713/1590/1733 2557/1612/1714 2556/1610/1712
f 727/1633/1732 2577/1628/1729 2572/1623/1724 726/1643/1738
f 731/1644/1745 732/1635/1736 2573/1625/1726 2574/1624/1725
f 737/1629/1731 2553/1604/1706 2558/1607/1709 736/1645/1740
f 2578/1646/1746 2579/1647/1747 2584/1648/1748 2583/1649/1749
f 2579/1647/1747 2580/1650/1750 2585/1651/1751 2584/1648/1748
f 2580/1650/1750 2581/1652/1752 2586/1653/1753 2585/1651/1751
f 2581/1652/1752 2582/1654/1754 2587/1655/1755 2586/1653/1753
f 2583/1649/1749 2584/1648/1748 2589/1656/1756 2588/1657/1757
f 2584/1648/1748 2585/1651/1751 2590/1658/1758 2589/1656/1756
f 2585/1651/1751 2586/1653/1753 2591/1659/1759 2590/1658/1758
f 2586/1653/1753 2587/1655/1755 2592/1660/1760 2591/1659/1759
f 2588/1657/1757 2589/1656/1756 2594/1661/1761 2593/1662/1762
f 2589/1656/1756 2590/1658/1758 2595/1663/1763 2594/1661/1761
f 2590/1658/1758 2591/1659/1759 2596/1664/1764 2595/1663/1763
f 2591/1659/1759 2592/1660/1760 2597/1665/1765 2596/1664/1764
f 2593/1662/1762 2594/1661/1761 2599/1666/1766 2598/1667/1767
f 2594/1661/1761 2595/1663/1763 2600/1668/1768 2599/1666/1766
f 2595/1663/1763 2596/1664/1764 2601/1669/1769 2600/1668/1768
f 2596/1664/1764 2597/1665/1765 2602/1670/1770 2601/1669/1769
f 40/1636/1771 732/1635/1772 2578/1646/1746 752/1671/1773
f 738/1672/1774 2582/1654/1754 728/1632/1775 89/1631/1776
f 90/1673/1777 743/1674/1778 2602/1670/1770 742/1675/1779
f 748/1676/1780 2598/1667/1767 747/1677/1781 41/1678/1782
f 732/1635/1772 731/1644/1783 2579/1647/1747 2578/1646/1746
f 739/1679/1784 2587/1655/1755 2582/1654/1754 738/1672/1774
f 743/1674/1778 744/1680/1785 2601/1669/1769 2602/1670/1770
f 749/1681/1786 2593/1662/1762 2598/1667/1767 748/1676/1780
f 731/1644/1783 730/1641/1787 2580/1650/1750 2579/1647/1747
f 740/1682/1788 2592/1660/1760 2587/1655/1755 739/1679/1784
f 744/1680/1785 745/1683/1789 2600/1668/1768 2601/1669/1769
f 750/1684/1790 2588/1657/1757 2593/1662/1762 749/1681/1786
f 730/1641/1787 729/1638/1791 2581/1652/1752 2580/1650/1750
f 741/1685/1792 2597/1665/1765 2592/1660/1760 740/1682/1788
f 745/1683/1789 746/1686/1793 2599/1666/1766 2600/1668/1768
f 751/1687/1794 2583/1649/1749 2588/1657/1757 750/1684/1790
f 729/1638/1791 728/1632/1775 2582/1654/1754 2581/1652/1752
f 742/1675/1779 2602/1670/1770 2597/1665/1765 741/1685/1792
f 746/1686/1793 747/1677/1781 2598/1667/1767 2599/1666/1766
f 752/1671/1773 2578/1646/1746 2583/1649/1749 751/1687/1794
f 2603/1688/1795 2604/1689/1796 2609/1690/1797 2608/1691/1798
f 2604/1689/1796 2605/1692/1799 2610/1693/1800 2609/1690/1797
f 2605/1692/1799 2606/1694/1801 2611/1695/1802 2610/1693/1800
f 2606/1694/1801 2607/1696/1803 2612/1697/1804 2611/1695/1802
f 2608/1691/1798 2609/1690/1797 2614/1698/1805 2613/1699/1806
f 2609/1690/1797 2610/1693/1800 2615/1700/1807 2614/1698/1805
f 2610/1693/1800 2611/1695/1802 2616/1701/1808 2615/1700/1807
f 2611/1695/1802 2612/1697/1804 2617/1702/1809 2616/1701/1808
f 2613/1699/1806 2614/1698/1805 2619/1703/1810 2618/1704/1811
f 2614/1698/1805 2615/1700/1807 2620/1705/1812 2619/1703/1810
f 2615/1700/1807 2616/1701/1808 2621/1706/1813 2620/1705/1812
f 2616/1701/1808 2617/1702/1809 2622/1707/1814 2621/1706/1813
f 2618/1704/1811 2619/1703/1810 2624/1708/1815 2623/1709/1816
f 2619/1703/1810 2620/1705/1812 2625/1710/1817 2624/1708/1815
f 2620/1705/1812 2621/1706/1813 2626/1711/1818 2625/1710/1817
f 2621/1706/1813 2622/1707/1814 2627/1712/1819 2626/1711/1818
f 41/1678/1820 747/1677/1821 2603/1688/1795 767/1713/1822
f 753/1714/1823 2607/1696/1803 743/1674/1824 90/1673/1825
f 91/1715/1826 758/1716/1827 2627/1712/1819 757/1717/1828
f 763/1718/1829 2623/1709/1816 762/1719/1830 42/1720/1831
f 747/1677/1821 746/1686/1832 2604/1689/1796 2603/1688/1795
f 754/1721/1833 2612/1697/1804 2607/1696/1803 753/1714/1823
f 758/1716/1827 759/1722/1834 2626/1711/1818 2627/1712/1819
f 764/1723/1835 2618/1704/1811 2623/1709/1816 763/1718/1829
f 746/1686/1832 745/1683/1836 2605/1692/1799 2604/1689/1796
f 755/1724/1837 2617/1702/1809 2612/1697/1804 754/1721/1833
f 759/1722/1834 760/1725/1838 2625/1710/1817 2626/1711/1818
f 765/1726/1839 2613/1699/1806 2618/1704/1811 764/1723/1835
f 745/1683/1836 744/1680/1840 2606/1694/1801 2605/1692/1799
f 756/1727/1841 2622/1707/1814 2617/1702/1809 755/1724/1837
f 760/1725/1838 761/1728/1842 2624/1708/1815 2625/1710/1817
f 766/1729/1843 2608/1691/1798 2613/1699/1806 765/1726/1839
f 744/1680/1840 743/1674/1824 2607/1696/1803 2606/1694/1801
f 757/1717/1828 2627/1712/1819 2622/1707/1814 756/1727/1841
f 761/1728/1842 762/1719/1830 2623/1709/1816 2624/1708/1815
f 767/1713/1822 2603/1688/1795 2608/1691/1798 766/1729/1843
f 2628/1730/1844 2629/1731/1845 2634/1732/1846 2633/1733/1847
f 2629/1731/1845 2630/1734/1848 2635/1735/1849 2634/1732/1846
f 2630/1734/1848 2631/1736/1850 2636/1737/1851 2635/1735/1849
f 2631/1736/1850 2632/1738/1852 2637/1739/1853 2636/1737/1851
f 2633/1733/1847 2634/1732/1846 2639/1740/1854 2638/1741/1855
f 2634/1732/1846 2635/1735/1849 2640/1742/1856 2639/1740/1854
f 2635/1735/1849 2636/1737/1851 2641/1743/1857 2640/1742/1856
f 2636/1737/1851 2637/1739/1853 2642/1744/1858 2641/1743/1857
f 2638/1741/1855 2639/1740/1854 2644/1745/1859 2643/1746/1860
f 2639/1740/1854 2640/1742/1856 2645/1747/1861 2644/1745/1859
f 2640/1742/1856 2641/1743/1857 2646/1748/1862 2645/1747/1861
f 2641/1743/1857 2642/1744/1858 2647/1749/1863 2646/1748/1862
f 2643/1746/1860 2644/1745/1859 2649/1750/1864 2648/1751/1865
f 2644/1745/1859 2645/1747/1861 2650/1752/1866 2649/1750/1864
f 2645/1747/1861 2646/1748/1862 2651/1753/1867 2650/1752/1866
f 2646/1748/1862 2647/1749/1863 2652/1754/1868 2651/1753/1867
f 42/1720/1869 762/1719/1870 2628/1730/1844 782/1755/1871
f 768/1756/1872 2632/1738/1852 758/1716/1873 91/1715/1874
f 92/1757/1874 773/1758/1875 2652/1754/1868 772/1759/1876
f 778/1760/1877 2648/1751/1865 777/1761/1878 43/1762/1869
f 762/1719/1870 761/1728/1879 2629/1731/1845 2628/1730/1844
f 769/1763/1880 2637/1739/1853 2632/1738/1852 768/1756/1872
f 773/1758/1875 774/1764/1881 2651/1753/1867 2652/1754/1868
f 779/1765/1882 2643/1746/1860 2648/1751/1865 778/1760/1877
f 761/1728/1879 760/1725/1883 2630/1734/1848 2629/1731/1845
f 770/1766/1884 2642/1744/1858 2637/1739/1853 769/1763/1880
f 774/1764/1881 775/1767/1883 2650/1752/1866 2651/1753/1867
f 780/1768/1885 2638/1741/1855 2643/1746/1860 779/1765/1882
f 760/1725/1883 759/1722/1886 2631/1736/1850 2630/1734/1848
f 771/1769/1887 2647/1749/1863 2642/1744/1858 770/1766/1884
f 775/1767/1883 776/1770/1888 2649/1750/1864 2650/1752/1866
f 781/1771/1889 2633/1733/1847 2638/1741/1855 780/1768/1885
f 759/1722/1886 758/1716/1873 2632/1738/1852 2631/1736/1850
f 772/1759/1876 2652/1754/1868 2647/1749/1863 771/1769/1887
f 776/1770/1888 777/1761/1878 2648/1751/1865 2649/1750/1864
f 782/1755/1871 2628/1730/1844 2633/1733/1847 781/1771/1889
f 2653/1772/1890 2654/1773/1891 2659/1774/1892 2658/1775/1893
f 2654/1773/1891 2655/1776/1894 2660/1777/1895 2659/1774/1892
f 2655/1776/1894 2656/1778/1896 2661/1779/1897 2660/1777/1895
f 2656/1778/1896 2657/1780/1898 2662/1781/1899 2661/1779/1897
f 2658/1775/1893 2659/1774/1892 2664/1782/1900 2663/1783/1901
f 2659/1774/1892 2660/1777/1895 2665/1784/1902 2664/1782/1900
f 2660/1777/1895 2661/1779/1897 2666/1785/1903 2665/1784/1902
f 2661/1779/1897 2662/1781/1899 2667/1786/1904 2666/1785/1903
f 2663/1783/1901 2664/1782/1900 2669/1787/1905 2668/1788/1906
f 2664/1782/1900 2665/1784/1902 2670/1789/1907 2669/1787/1905
f 2665/1784/1902 2666/1785/1903 2671/1790/1908 2670/1789/1907
f 2666/1785/1903 2667/1786/1904 2672/1791/1909 2671/1790/1908
f 2668/1788/1906 2669/1787/1905 2674/1792/1910 2673/1793/1911
f 2669/1787/1905 2670/1789/1907 2675/1794/1912 2674/1792/1910
f 2670/1789/1907 2671/1790/1908 2676/1795/1913 2675/1794/1912
f 2671/1790/1908 2672/1791/1909 2677/1796/1914 2676/1795/1913
f 43/1762/1915 777/1761/1916 2653/1772/1890 797/1797/1917
f 783/1798/1918 2657/1780/1898 773/1758/1919 92/1757/1920
f 93/1799/1921 788/1800/1922 2677/1796/1914 787/1801/1923
f 793/1802/1924 2673/1793/1911 792/1803/1925 44/1804/1926
f 777/1761/1916 776/1770/1927 2654/1773/1891 2653/1772/1890
f 784/1805/1928 2662/1781/1899 2657/1780/1898 783/1798/1918
f 788/1800/1922 789/1806/1929 2676/1795/1913 2677/1796/1914
f 794/1807/1930 2668/1788/1906 2673/1793/1911 793/1802/1924
f 776/1770/1927 775/1767/1931 2655/1776/1894 2654/1773/1891
f 785/1808/1932 2667/1786/1904 2662/1781/1899 784/1805/1928
f 789/1806/1929 790/1809/1933 2675/1794/1912 2676/1795/1913
f 795/1810/1934 2663/1783/1901 2668/1788/1906 794/1807/1930
f 775/1767/1931 774/1764/1935 2656/1778/1896 2655/1776/1894
f 786/1811/1936 2672/1791/1909 2667/1786/1904 785/1808/1932
f 790/1809/1933 791/1812/1937 2674/1792/1910 2675/1794/1912
f 796/1813/1938 2658/1775/1893 2663/1783/1901 795/1810/1934
f 774/1764/1935 773/1758/1919 2657/1780/1898 2656/1778/1896
f 787/1801/1923 2677/1796/1914 2672/1791/1909 786/1811/1936
f 791/1812/1937 792/1803/1925 2673/1793/1911 2674/1792/1910
f 797/1797/1917 2653/1772/1890 2658/1775/1893 796/1813/1938
f 2678/1814/1 2679/1815/1 2684/1816/1 2683/1817/1
f 2679/1815/1 2680/1818/1 2685/1819/1 2684/1816/1
f 2680/1818/1 2681/1820/1 2686/1821/1 2685/1819/1
f 2681/1820/1 2682/1822/1 2687/1823/1 2686/1821/1
f 2683/1817/1 2684/1816/1 2689/1824/1 2688/1825/1
f 2684/1816/1 2685/1819/1 2690/1826/1 2689/1824/1
f 2685/1819/1 2686/1821/1 2691/1827/1 2690/1826/1
f 2686/1821/1 2687/1823/1 2692/1828/1 2691/1827/1
f 2688/1825/1 2689/1824/1 2694/1829/1 2693/1830/1
f 2689/1824/1 2690/1826/1 2695/1831/1 2694/1829/1
f 2690/1826/1 2691/1827/1 2696/1832/1 2695/1831/1
f 2691/1827/1 2692/1828/1 2697/1833/1 2696/1832/1
f 2693/1830/1 2694/1829/1 2699/1834/1 2698/1835/1
f 2694/1829/1 2695/1831/1 2700/1836/1 2699/1834/1
f 2695/1831/1 2696/1832/1 2701/1837/1 2700/1836/1
f 2696/1832/1 2697/1833/1 2702/1838/1 2701/1837/1
f 44/1804/1 792/1803/1 2678/1814/1 812/1839/1
f 798/1840/1 2682/1822/1 788/1800/1 93/1799/1
f 94/1841/1 803/1842/1 2702/1838/1 802/1843/1
f 808/1844/1 2698/1835/1 807/1845/1 45/1846/1
f 792/1803/1 791/1812/1 2679/1815/1 2678/1814/1
f 799/1847/1 2687/1823/1 2682/1822/1 798/1840/1
f 803/1842/1 804/1848/1 2701/1837/1 2702/1838/1
f 809/1849/1 2693/1830/1 2698/1835/1 808/1844/1
f 791/1812/1 790/1809/1 2680/1818/1 2679/1815/1
f 800/1850/1 2692/1828/1 2687/1823/1 799/1847/1
f 804/1848/1 805/1851/1 2700/1836/1 2701/1837/1
f 810/1852/1 2688/1825/1 2693/1830/1 809/1849/1
f 790/1809/1 789/1806/1 2681/1820/1 2680/1818/1
f 801/1853/1 2697/1833/1 2692/1828/1 800/1850/1
f 805/1851/1 806/1854/1 2699/1834/1 2700/1836/1
f 811/1855/1 2683/1817/1 2688/1825/1 810/1852/1
f 789/1806/1 788/1800/1 2682/1822/1 2681/1820/1
f 802/1843/1 2702/1838/1 2697/1833/1 801/1853/1
f 806/1854/1 807/1845/1 2698/1835/1 2699/1834/1
f 812/1839/1 2678/1814/1 2683/1817/1 811/1855/1
f 2703/1856/1939 2704/1857/1940 2709/1858/1940 2708/1859/1939
f 2704/1857/1940 2705/1860/1941 2710/1861/1941 2709/1858/1940
f 2705/1860/1941 2706/1862/1942 2711/1863/1942 2710/1861/1941
f 2706/1862/1942 2707/1864/1943 2712/1865/1943 2711/1863/1942
f 2708/1859/1939 2709/1858/1940 2714/1866/1940 2713/1867/1939
f 2709/1858/1940 2710/1861/1941 2715/1868/1941 2714/1866/1940
f 2710/1861/1941 2711/1863/1942 2716/1869/1942 2715/1868/1941
f 2711/1863/1942 2712/1865/1943 2717/1870/1943 2716/1869/1942
f 2713/1867/1939 2714/1866/1940 2719/1871/1940 2718/1872/1939
f 2714/1866/1940 2715/1868/1941 2720/1873/1941 2719/1871/1940
f 2715/1868/1941 2716/1869/1942 2721/1874/1942 2720/1873/1941
f 2716/1869/1942 2717/1870/1943 2722/1875/1943 2721/1874/1942
f 2718/1872/1939 2719/1871/1940 2724/1876/1940 2723/1877/1939
f 2719/1871/1940 2720/1873/1941 2725/1878/1941 2724/1876/1940
f 2720/1873/1941 2721/1874/1942 2726/1879/1942 2725/1878/1941
f 2721/1874/1942 2722/1875/1943 2727/1880/1943 2726/1879/1942
f 45/1846/1944 807/1845/1939 2703/1856/1939 827/1881/1944
f 813/1882/1945 2707/1864/1943 803/1842/1943 94/1841/1945
f 95/1883/1945 818/1884/1943 2727/1880/1943 817/1885/1945
f 823/1886/1944 2723/1877/1939 822/1887/1939 46/1888/1944
f 807/1845/1939 806/1854/1940 2704/1857/1940 2703/1856/1939
f 814/1889/1945 2712/1865/1943 2707/1864/1943 813/1882/1945
f 818/1884/1943 819/1890/1942 2726/1879/1942 2727/1880/1943
f 824/1891/1944 2718/1872/1939 2723/1877/1939 823/1886/1944
f 806/1854/1940 805/1851/1505 2705/1860/1941 2704/1857/1940
f 815/1892/1945 2717/1870/1943 2712/1865/1943 814/1889/1945
f 819/1890/1942 820/1893/1505 2725/1878/1941 2726/1879/1942
f 825/1894/1944 2713/1867/1939 2718/1872/1939 824/1891/1944
f 805/1851/1505 804/1848/1942 2706/1862/1942 2705/1860/1941
f 816/1895/1945 2722/1875/1943 2717/1870/1943 815/1892/1945
f 820/1893/1505 821/1896/1940 2724/1876/1940 2725/1878/1941
f 826/1897/1944 2708/1859/1939 2713/1867/1939 825/1894/1944
f 804/1848/1942 803/1842/1943 2707/1864/1943 2706/1862/1942
f 817/1885/1945 2727/1880/1943 2722/1875/1943 816/1895/1945
f 821/1896/1940 822/1887/1939 2723/1877/1939 2724/1876/1940
f 827/1881/1944 2703/1856/1939 2708/1859/1939 826/1897/1944
f 2728/1898/1946 2729/1899/1946 2734/1900/1946 2733/1901/1946
f 2729/1899/1946 2730/1902/1946 2735/1903/1946 2734/1900/1946
f 2730/1902/1946 2731/1904/1946 2736/1905/1946 2735/1903/1946
f 2731/1904/1946 2732/1906/1946 2737/1907/1946 2736/1905/1946
f 2733/1901/1946 2734/1900/1946 2739/1908/1946 2738/1909/1946
f 2734/1900/1946 2735/1903/1946 2740/1910/1946 2739/1908/1946
f 2735/1903/1946 2736/1905/1946 2741/1911/1946 2740/1910/1946
f 2736/1905/1946 2737/1907/1946 2742/1912/1946 2741/1911/1946
f 2738/1909/1946 2739/1908/1946 2744/1913/1946 2743/1914/1946
f 2739/1908/1946 2740/1910/1946 2745/1915/1946 2744/1913/1946
f 2740/1910/1946 2741/1911/1946 2746/1916/1946 2745/1915/1946
f 2741/1911/1946 2742/1912/1946 2747/1917/1946 2746/1916/1946
f 2743/1914/1946 2744/1913/1946 2749/1918/1946 2748/1919/1946
f 2744/1913/1946 2745/1915/1946 2750/1920/1946 2749/1918/1946
f 2745/1915/1946 2746/1916/1946 2751/1921/1946 2750/1920/1946
f 2746/1916/1946 2747/1917/1946 2752/1922/1946 2751/1921/1946
f 46/1888/1946 822/1887/1946 2728/1898/1946 842/1923/1946
f 828/1924/1946 2732/1906/1946 818/1884/1946 95/1883/1946
f 96/1925/1946 833/1926/1946 2752/1922/1946 832/1927/1946
f 838/1928/1946 2748/1919/1946 837/1929/1946 47/1930/1946
f 822/1887/1946 821/1896/1946 2729/1899/1946 2728/1898/1946
f 829/1931/1946 2737/1907/1946 2732/1906/1946 828/1924/1946
f 833/1926/1946 834/1932/1946 2751/1921/1946 2752/1922/1946
f 839/1933/1946 2743/1914/1946 2748/1919/1946 838/1928/1946
f 821/1896/1946 820/1893/1946 2730/1902/1946 2729/1899/1946
f 830/1934/1946 2742/1912/1946 2737/1907/1946 829/1931/1946
f 834/1932/1946 835/1935/1946 2750/1920/1946 2751/1921/1946
f 840/1936/1946 2738/1909/1946 2743/1914/1946 839/1933/1946
f 820/1893/1946 819/1890/1946 2731/1904/1946 2730/1902/1946
f 831/1937/1946 2747/1917/1946 2742/1912/1946 830/1934/1946
f 835/1935/1946 836/1938/1946 2749/1918/1946 2750/1920/1946
f 841/1939/1946 2733/1901/1946 2738/1909/1946 840/1936/1946
f 819/1890/1946 818/1884/1946 2732/1906/1946 2731/1904/1946
f 832/1927/1946 2752/1922/1946 2747/1917/1946 831/1937/1946
f 836/1938/1946 837/1929/1946 2748/1919/1946 2749/1918/1946
f 842/1923/1946 2728/1898/1946 2733/1901/1946 841/1939/1946
f 2753/1940/1947 2754/1941/1948 2759/1942/1949 2758/1943/1950
f 2754/1941/1948 2755/1944/1951 2760/1945/1952 2759/1942/1949
f 2755/1944/1951 2756/1946/1953 2761/1947/1954 2760/1945/1952
f 2756/1946/1953 2757/1948/1955 2762/1949/1956 2761/1947/1954
f 2758/1943/1950 2759/1942/1949 2764/1950/1957 2763/1951/1958
f 2759/1942/1949 2760/1945/1952 2765/1952/1959 2764/1950/1957
f 2760/1945/1952 2761/1947/1954 2766/1953/1960 2765/1952/1959
f 2761/1947/1954 2762/1949/1956 2767/1954/1961 2766/1953/1960
f 2763/1951/1958 2764/1950/1957 2769/1955/1962 2768/1956/1963
f 2764/1950/1957 2765/1952/1959 2770/1957/1964 2769/1955/1962
f 2765/1952/1959 2766/1953/1960 2771/1958/1965 2770/1957/1964
f 2766/1953/1960 2767/1954/1961 2772/1959/1966 2771/1958/1965
f 2768/1956/1963 2769/1955/1962 2774/1960/1967 2773/1961/1968
f 2769/1955/1962 2770/1957/1964 2775/1962/1969 2774/1960/1967
f 2770/1957/1964 2771/1958/1965 2776/1963/1970 2775/1962/1969
f 2771/1958/1965 2772/1959/1966 2777/1964/1971 2776/1963/1970
f 47/1930/1972 837/1929/1973 2753/1940/1947 857/1965/1974
f 843/1966/1975 2757/1948/1955 833/1926/1976 96/1925/1977
f 97/1967/1978 848/1968/1979 2777/1964/1971 847/1969/1980
f 853/1970/1981 2773/1961/1968 852/1971/1982 48/1972/1983
f 837/1929/1973 836/1938/1984 2754/1941/1948 2753/1940/1947
f 844/1973/1985 2762/1949/1956 2757/1948/1955 843/1966/1975
f 848/1968/1979 849/1974/1986 2776/1963/1970 2777/1964/1971
f 854/1975/1987 2768/1956/1963 2773/1961/1968 853/1970/1981
f 836/1938/1984 835/1935/1988 2755/1944/1951 2754/1941/1948
f 845/1976/1989 2767/1954/1961 2762/1949/1956 844/1973/1985
f 849/1974/1986 850/1977/1990 2775/1962/1969 2776/1963/1970
f 855/1978/1991 2763/1951/1958 2768/1956/1963 854/1975/1987
f 835/1935/1988 834/1932/1992 2756/1946/1953 2755/1944/1951
f 846/1979/1993 2772/1959/1966 2767/1954/1961 845/1976/1989
f 850/1977/1990 851/1980/1994 2774/1960/1967 2775/1962/1969
f 856/1981/1995 2758/1943/1950 2763/1951/1958 855/1978/1991
f 834/1932/1992 833/1926/1976 2757/1948/1955 2756/1946/1953
f 847/1969/1980 2777/1964/1971 2772/1959/1966 846/1979/1993
f 851/1980/1994 852/1971/1982 2773/1961/1968 2774/1960/1967
f 857/1965/1974 2753/1940/1947 2758/1943/1950 856/1981/1995
f 2778/1982/1996 2779/1983/1997 2784/1984/1998 2783/1985/1999
f 2779/1983/1997 2780/1986/2000 2785/1987/2001 2784/1984/1998
f 2780/1986/2000 2781/1988/2002 2786/1989/2003 2785/1987/2001
f 2781/1988/2002 2782/1990/2004 2787/1991/2005 2786/1989/2003
f 2783/1985/1999 2784/1984/1998 2789/1992/2006 2788/1993/2007
f 2784/1984/1998 2785/1987/2001 2790/1994/2008 2789/1992/2006
f 2785/1987/2001 2786/1989/2003 2791/1995/2009 2790/1994/2008
f 2786/1989/2003 2787/1991/2005 2792/1996/2010 2791/1995/2009
f 2788/1993/2007 2789/1992/2006 2794/1997/2011 2793/1998/2012
f 2789/1992/2006 2790/1994/2008 2795/1999/2013 2794/1997/2011
f 2790/1994/2008 2791/1995/2009 2796/2000/2014 2795/1999/2013
f 2791/1995/2009 2792/1996/2010 2797/2001/2015 2796/2000/2014
f 2793/1998/2012 2794/1997/2011 2799/2002/2016 2798/2003/2017
f 2794/1997/2011 2795/1999/2013 2800/2004/2018 2799/2002/2016
f 2795/1999/2013 2796/2000/2014 2801/2005/2019 2800/2004/2018
f 2796/2000/2014 2797/2001/2015 2802/2006/2020 2801/2005/2019
f 48/1972/2021 852/1971/2022 2778/1982/1996 872/2007/2023
f 858/2008/2024 2782/1990/2004 848/1968/2025 97/1967/2026
f 98/2009/2027 863/2010/2028 2802/2006/2020 862/2011/2029
f 868/2012/2030 2798/2003/2017 867/2013/2031 49/2014/2032
f 852/1971/2022 851/1980/2033 2779/1983/1997 2778/1982/1996
f 859/2015/2034 2787/1991/2005 2782/1990/2004 858/2008/2024
f 863/2010/2028 864/2016/2035 2801/2005/2019 2802/2006/2020
f 869/2017/2036 2793/1998/2012 2798/2003/2017 868/2012/2030
f 851/1980/2033 850/1977/2037 2780/1986/2000 2779/1983/1997
f 860/2018/2038 2792/1996/2010 2787/1991/2005 859/2015/2034
f 864/2016/2035 865/2019/2039 2800/2004/2018 2801/2005/2019
f 870/2020/2040 2788/1993/2007 2793/1998/2012 869/2017/2036
f 850/1977/2037 849/1974/2041 2781/1988/2002 2780/1986/2000
f 861/2021/2042 2797/2001/2015 2792/1996/2010 860/2018/2038
f 865/2019/2039 866/2022/2043 2799/2002/2016 2800/2004/2018
f 871/2023/2044 2783/1985/1999 2788/1993/2007 870/2020/2040
f 849/1974/2041 848/1968/2025 2782/1990/2004 2781/1988/2002
f 862/2011/2029 2802/2006/2020 2797/2001/2015 861/2021/2042
f 866/2022/2043 867/2013/2031 2798/2003/2017 2799/2002/2016
f 872/2007/2023 2778/1982/1996 2783/1985/1999 871/2023/2044
f 2803/2024/1 2804/2025/1 2809/2026/1 2808/2027/1
f 2804/2025/1 2805/2028/1 2810/2029/1 2809/2026/1
f 2805/2028/1 2806/2030/1 2811/2031/1 2810/2029/1
f 2806/2030/1 2807/2032/1 2812/2033/1 2811/2031/1
f 2808/2027/1 2809/2026/1 2814/2034/1 2813/2035/1
f 2809/2026/1 2810/2029/1 2815/2036/1 2814/2034/1
f 2810/2029/1 2811/2031/1 2816/2037/1 2815/2036/1
f 2811/2031/1 2812/2033/1 2817/2038/1 2816/2037/1
f 2813/2035/1 2814/2034/1 2819/2039/1 2818/2040/1
f 2814/2034/1 2815/2036/1 2820/2041/1 2819/2039/1
f 2815/2036/1 2816/2037/1 2821/2042/1 2820/2041/1
f 2816/2037/1 2817/2038/1 2822/2043/1 2821/2042/1
f 2818/2040/1 2819/2039/1 2824/2044/1 2823/2045/1
f 2819/2039/1 2820/2041/1 2825/2046/1 2824/2044/1
f 2820/2041/1 2821/2042/1 2826/2047/1 2825/2046/1
f 2821/2042/1 2822/2043/1 2827/2048/1 2826/2047/1
f 50/31/1 873/2049/1 2803/2024/1 153/29/1
f 878/2050/1 2807/2032/1 877/2051/1 99/2052/1
f 100/2053/1 883/2054/1 2827/2048/1 882/2055/1
f 157/34/1 2823/2045/1 887/2056/1 51/32/1
f 873/2049/1 874/2057/1 2804/2025/1 2803/2024/1
f 879/2058/1 2812/2033/1 2807/2032/1 878/2050/1
f 883/2054/1 884/2059/1 2826/2047/1 2827/2048/1
f 156/47/1 2818/2040/1 2823/2045/1 157/34/1
f 874/2057/1 875/2060/1 2805/2028/1 2804/2025/1
f 880/2061/1 2817/2038/1 2812/2033/1 879/2058/1
f 884/2059/1 885/2062/1 2825/2046/1 2826/2047/1
f 155/43/1 2813/2035/1 2818/2040/1 156/47/1
f 875/2060/1 876/2063/1 2806/2030/1 2805/2028/1
f 881/2064/1 2822/2043/1 2817/2038/1 880/2061/1
f 885/2062/1 886/2065/1 2824/2044/1 2825/2046/1
f 154/39/1 2808/2027/1 2813/2035/1 155/43/1
f 876/2063/1 877/2051/1 2807/2032/1 2806/2030/1
f 882/2055/1 2827/2048/1 2822/2043/1 881/2064/1
f 886/2065/1 887/2056/1 2823/2045/1 2824/2044/1
f 153/29/1 2803/2024/1 2808/2027/1 154/39/1
f 2828/2066/2045 2829/2067/2046 2834/2068/2047 2833/2069/2048
f 2829/2067/2046 2830/2070/2049 2835/2071/2050 2834/2068/2047
f 2830/2070/2049 2831/2072/2051 2836/2073/2052 2835/2071/2050
f 2831/2072/2051 2832/2074/2053 2837/2075/2054 2836/2073/2052
f 2833/2069/2048 2834/2068/2047 2839/2076/2055 2838/2077/2056
f 2834/2068/2047 2835/2071/2050 2840/2078/2057 2839/2076/2055
f 2835/2071/2050 2836/2073/2052 2841/2079/2058 2840/2078/2057
f 2836/2073/2052 2837/2075/2054 2842/2080/2059 2841/2079/2058
f 2838/2077/2056 2839/2076/2055 2844/2081/2060 2843/2082/2048
f 2839/2076/2055 2840/2078/2057 2845/2083/2050 2844/2081/2060
f 2840/2078/2057 2841/2079/2058 2846/2084/2061 2845/2083/2050
f 2841/2079/2058 2842/2080/2059 2847/2085/2054 2846/2084/2061
f 2843/2082/2048 2844/2081/2060 2849/2086/2062 2848/2087/2063
f 2844/2081/2060 2845/2083/2050 2850/2088/2049 2849/2086/2062
f 2845/2083/2050 2846/2084/2061 2851/2089/2064 2850/2088/2049
f 2846/2084/2061 2847/2085/2054 2852/2090/2065 2851/2089/2064
f 51/32/25 887/2056/2066 2828/2066/2045 168/76/23
f 888/2091/2067 2832/2074/2053 883/2054/2068 100/2053/2069
f 101/2092/2069 893/2093/2070 2852/2090/2065 892/2094/2067
f 172/79/23 2848/2087/2063 897/2095/2071 52/77/25
f 887/2056/2066 886/2065/2072 2829/2067/2046 2828/2066/2045
f 889/2096/2073 2837/2075/2054 2832/2074/2053 888/2091/2067
f 893/2093/2070 894/2097/2074 2851/2089/2064 2852/2090/2065
f 171/89/29 2843/2082/2048 2848/2087/2063 172/79/23
f 886/2065/2072 885/2062/2075 2830/2070/2049 2829/2067/2046
f 890/2098/2076 2842/2080/2059 2837/2075/2054 889/2096/2073
f 894/2097/2074 895/2099/2075 2850/2088/2049 2851/2089/2064
f 170/86/33 2838/2077/2056 2843/2082/2048 171/89/29
f 885/2062/2075 884/2059/2077 2831/2072/2051 2830/2070/2049
f 891/2100/2073 2847/2085/2054 2842/2080/2059 890/2098/2076
f 895/2099/2075 896/2101/2078 2849/2086/2062 2850/2088/2049
f 169/83/29 2833/2069/2048 2838/2077/2056 170/86/33
f 884/2059/2077 883/2054/2068 2832/2074/2053 2831/2072/2051
f 892/2094/2067 2852/2090/2065 2847/2085/2054 891/2100/2073
f 896/2101/2078 897/2095/2071 2848/2087/2063 2849/2086/2062
f 168/76/23 2828/2066/2045 2833/2069/2048 169/83/29
f 2853/2102/2079 2854/2103/2080 2859/2104/2081 2858/2105/2082
f 2854/2103/2080 2855/2106/2083 2860/2107/2084 2859/2104/2081
f 2855/2106/2083 2856/2108/2085 2861/2109/2086 2860/2107/2084
f 2856/2108/2085 2857/2110/2087 2862/2111/2088 2861/2109/2086
f 2858/2105/2082 2859/2104/2081 2864/2112/2089 2863/2113/2090
f 2859/2104/2081 2860/2107/2084 2865/2114/2091 2864/2112/2089
f 2860/2107/2084 2861/2109/2086 2866/2115/2092 2865/2114/2091
f 2861/2109/2086 2862/2111/2088 2867/2116/2093 2866/2115/2092
f 2863/2113/2090 2864/2112/2089 2869/2117/2094 2868/2118/2095
f 2864/2112/2089 2865/2114/2091 2870/2119/2096 2869/2117/2094
f 2865/2114/2091 2866/2115/2092 2871/2120/2097 2870/2119/2096
f 2866/2115/2092 2867/2116/2093 2872/2121/2098 2871/2120/2097
f 2868/2118/2095 2869/2117/2094 2874/2122/2099 2873/2123/2100
f 2869/2117/2094 2870/2119/2096 2875/2124/2101 2874/2122/2099
f 2870/2119/2096 2871/2120/2097 2876/2125/2102 2875/2124/2101
f 2871/2120/2097 2872/2121/2098 2877/2126/2103 2876/2125/2102
f 52/77/67 897/2095/2104 2853/2102/2079 183/118/65
f 898/2127/2105 2857/2110/2087 893/2093/2106 101/2092/2107
f 102/2128/2107 903/2129/2108 2877/2126/2103 902/2130/2109
f 187/121/69 2873/2123/2100 907/2131/2110 53/119/67
f 897/2095/2104 896/2101/2111 2854/2103/2080 2853/2102/2079
f 899/2132/2112 2862/2111/2088 2857/2110/2087 898/2127/2105
f 903/2129/2108 904/2133/2113 2876/2125/2102 2877/2126/2103
f 186/131/80 2868/2118/2095 2873/2123/2100 187/121/69
f 896/2101/2111 895/2099/2114 2855/2106/2083 2854/2103/2080
f 900/2134/2115 2867/2116/2093 2862/2111/2088 899/2132/2112
f 904/2133/2113 905/2135/2114 2875/2124/2101 2876/2125/2102
f 185/128/77 2863/2113/2090 2868/2118/2095 186/131/80
f 895/2099/2114 894/2097/2116 2856/2108/2085 2855/2106/2083
f 901/2136/2117 2872/2121/2098 2867/2116/2093 900/2134/2115
f 905/2135/2114 906/2137/2118 2874/2122/2099 2875/2124/2101
f 184/125/73 2858/2105/2082 2863/2113/2090 185/128/77
f 894/2097/2116 893/2093/2106 2857/2110/2087 2856/2108/2085
f 902/2130/2109 2877/2126/2103 2872/2121/2098 901/2136/2117
f 906/2137/2118 907/2131/2110 2873/2123/2100 2874/2122/2099
f 183/118/65 2853/2102/2079 2858/2105/2082 184/125/73
f 2878/2138/2119 2879/2139/2120 2884/2140/2121 2883/2141/2122
f 2879/2139/2120 2880/2142/2123 2885/2143/2124 2884/2140/2121
f 2880/2142/2123 2881/2144/2125 2886/2145/2126 2885/2143/2124
f 2881/2144/2125 2882/2146/2127 2887/2147/2128 2886/2145/2126
f 2883/2141/2122 2884/2140/2121 2889/2148/2129 2888/2149/2130
f 2884/2140/2121 2885/2143/2124 2890/2150/2131 2889/2148/2129
f 2885/2143/2124 2886/2145/2126 2891/2151/2132 2890/2150/2131
f 2886/2145/2126 2887/2147/2128 2892/2152/2133 2891/2151/2132
f 2888/2149/2130 2889/2148/2129 2894/2153/2134 2893/2154/2135
f 2889/2148/2129 2890/2150/2131 2895/2155/2136 2894/2153/2134
f 2890/2150/2131 2891/2151/2132 2896/2156/2137 2895/2155/2136
f 2891/2151/2132 2892/2152/2133 2897/2157/2138 2896/2156/2137
f 2893/2154/2135 2894/2153/2134 2899/2158/2139 2898/2159/2140
f 2894/2153/2134 2895/2155/2136 2900/2160/2141 2899/2158/2139
f 2895/2155/2136 2896/2156/2137 2901/2161/2142 2900/2160/2141
f 2896/2156/2137 2897/2157/2138 2902/2162/2143 2901/2161/2142
f 53/119/113 907/2131/2144 2878/2138/2119 198/160/111
f 908/2163/2145 2882/2146/2127 903/2129/2146 102/2128/2147
f 103/2164/2148 913/2165/2149 2902/2162/2143 912/2166/2150
f 202/163/116 2898/2159/2140 917/2167/2151 54/161/114
f 907/2131/2144 906/2137/2152 2879/2139/2120 2878/2138/2119
f 909/2168/2153 2887/2147/2128 2882/2146/2127 908/2163/2145
f 913/2165/2149 914/2169/2154 2901/2161/2142 2902/2162/2143
f 201/173/129 2893/2154/2135 2898/2159/2140 202/163/116
f 906/2137/2152 905/2135/2155 2880/2142/2123 2879/2139/2120
f 910/2170/2156 2892/2152/2133 2887/2147/2128 909/2168/2153
f 914/2169/2154 915/2171/2157 2900/2160/2141 2901/2161/2142
f 200/170/125 2888/2149/2130 2893/2154/2135 201/173/129
f 905/2135/2155 904/2133/2158 2881/2144/2125 2880/2142/2123
f 911/2172/2159 2897/2157/2138 2892/2152/2133 910/2170/2156
f 915/2171/2157 916/2173/2160 2899/2158/2139 2900/2160/2141
f 199/167/121 2883/2141/2122 2888/2149/2130 200/170/125
f 904/2133/2158 903/2129/2146 2882/2146/2127 2881/2144/2125
f 912/2166/2150 2902/2162/2143 2897/2157/2138 911/2172/2159
f 916/2173/2160 917/2167/2151 2898/2159/2140 2899/2158/2139
f 198/160/111 2878/2138/2119 2883/2141/2122 199/167/121
f 2903/2174/2161 2904/2175/2162 2909/2176/2163 2908/2177/2164
f 2904/2175/2162 2905/2178/2165 2910/2179/2166 2909/2176/2163
f 2905/2178/2165 2906/2180/2167 2911/2181/2168 2910/2179/2166
f 2906/2180/2167 2907/2182/2169 2912/2183/2170 2911/2181/2168
f 2908/2177/2164 2909/2176/2163 2914/2184/2171 2913/2185/2172
f 2909/2176/2163 2910/2179/2166 2915/2186/2173 2914/2184/2171
f 2910/2179/2166 2911/2181/2168 2916/2187/2174 2915/2186/2173
f 2911/2181/2168 2912/2183/2170 2917/2188/2175 2916/2187/2174
f 2913/2185/2172 2914/2184/2171 2919/2189/2176 2918/2190/2177
f 2914/2184/2171 2915/2186/2173 2920/2191/2178 2919/2189/2176
f 2915/2186/2173 2916/2187/2174 2921/2192/2179 2920/2191/2178
f 2916/2187/2174 2917/2188/2175 2922/2193/2180 2921/2192/2179
f 2918/2190/2177 2919/2189/2176 2924/2194/2181 2923/2195/2182
f 2919/2189/2176 2920/2191/2178 2925/2196/2183 2924/2194/2181
f 2920/2191/2178 2921/2192/2179 2926/2197/2184 2925/2196/2183
f 2921/2192/2179 2922/2193/2180 2927/2198/2185 2926/2197/2184
f 54/161/162 917/2167/2186 2903/2174/2161 213/202/160
f 918/2199/2187 2907/2182/2169 913/2165/2188 103/2164/2189
f 104/2200/2189 923/2201/2190 2927/2198/2185 922/2202/2191
f 217/205/164 2923/2195/2182 927/2203/2192 55/203/162
f 917/2167/2186 916/2173/2193 2904/2175/2162 2903/2174/2161
f 919/2204/2194 2912/2183/2170 2907/2182/2169 918/2199/2187
f 923/2201/2190 924/2205/2195 2926/2197/2184 2927/2198/2185
f 216/215/168 2918/2190/2177 2923/2195/2182 217/205/164
f 916/2173/2193 915/2171/2196 2905/2178/2165 2904/2175/2162
f 920/2206/2197 2917/2188/2175 2912/2183/2170 919/2204/2194
f 924/2205/2195 925/2207/2198 2925/2196/2183 2926/2197/2184
f 215/212/172 2913/2185/2172 2918/2190/2177 216/215/168
f 915/2171/2196 914/2169/2199 2906/2180/2167 2905/2178/2165
f 921/2208/2194 2922/2193/2180 2917/2188/2175 920/2206/2197
f 925/2207/2198 926/2209/2200 2924/2194/2181 2925/2196/2183
f 214/209/168 2908/2177/2164 2913/2185/2172 215/212/172
f 914/2169/2199 913/2165/2188 2907/2182/2169 2906/2180/2167
f 922/2202/2191 2927/2198/2185 2922/2193/2180 921/2208/2194
f 926/2209/2200 927/2203/2192 2923/2195/2182 2924/2194/2181
f 213/202/160 2903/2174/2161 2908/2177/2164 214/209/168
f 2928/2210/2201 2929/2211/2202 2934/2212/2203 2933/2213/2204
f 2929/2211/2202 2930/2214/2205 2935/2215/2206 2934/2212/2203
f 2930/2214/2205 2931/2216/2207 2936/2217/2208 2935/2215/2206
f 2931/2216/2207 2932/2218/2209 2937/2219/2210 2936/2217/2208
f 2933/2213/2204 2934/2212/2203 2939/2220/2211 2938/2221/2212
f 2934/2212/2203 2935/2215/2206 2940/2222/2213 2939/2220/2211
f 2935/2215/2206 2936/2217/2208 2941/2223/2214 2940/2222/2213
f 2936/2217/2208 2937/2219/2210 2942/2224/2215 2941/2223/2214
f 2938/2221/2212 2939/2220/2211 2944/2225/2216 2943/2226/2217
f 2939/2220/2211 2940/2222/2213 2945/2227/2218 2944/2225/2216
f 2940/2222/2213 2941/2223/2214 2946/2228/2219 2945/2227/2218
f 2941/2223/2214 2942/2224/2215 2947/2229/2220 2946/2228/2219
f 2943/2226/2217 2944/2225/2216 2949/2230/2221 2948/2231/2222
f 2944/2225/2216 2945/2227/2218 2950/2232/2223 2949/2230/2221
f 2945/2227/2218 2946/2228/2219 2951/2233/2224 2950/2232/2223
f 2946/2228/2219 2947/2229/2220 2952/2234/2225 2951/2233/2224
f 55/203/208 927/2203/2226 2928/2210/2201 228/244/206
f 928/2235/2227 2932/2218/2209 923/2201/2228 104/2200/2229
f 105/2236/2230 933/2237/2231 2952/2234/2225 932/2238/2232
f 232/247/211 2948/2231/2222 937/2239/2233 56/245/209
f 927/2203/2226 926/2209/2234 2929/2211/2202 2928/2210/2201
f 929/2240/2235 2937/2219/2210 2932/2218/2209 928/2235/2227
f 933/2237/2231 934/2241/2236 2951/2233/2224 2952/2234/2225
f 231/257/224 2943/2226/2217 2948/2231/2222 232/247/211
f 926/2209/2234 925/2207/2237 2930/2214/2205 2929/2211/2202
f 930/2242/2238 2942/2224/2215 2937/2219/2210 929/2240/2235
f 934/2241/2236 935/2243/2239 2950/2232/2223 2951/2233/2224
f 230/254/220 2938/2221/2212 2943/2226/2217 231/257/224
f 925/2207/2237 924/2205/2240 2931/2216/2207 2930/2214/2205
f 931/2244/2241 2947/2229/2220 2942/2224/2215 930/2242/2238
f 935/2243/2239 936/2245/2242 2949/2230/2221 2950/2232/2223
f 229/251/216 2933/2213/2204 2938/2221/2212 230/254/220
f 924/2205/2240 923/2201/2228 2932/2218/2209 2931/2216/2207
f 932/2238/2232 2952/2234/2225 2947/2229/2220 931/2244/2241
f 936/2245/2242 937/2239/2233 2948/2231/2222 2949/2230/2221
f 228/244/206 2928/2210/2201 2933/2213/2204 229/251/216
f 2953/2246/2243 2954/2247/2244 2959/2248/2245 2958/2249/2246
f 2954/2247/2244 2955/2250/2247 2960/2251/2248 2959/2248/2245
f 2955/2250/2247 2956/2252/2249 2961/2253/2250 2960/2251/2248
f 2956/2252/2249 2957/2254/2251 2962/2255/2252 2961/2253/2250
f 2958/2249/2246 2959/2248/2245 2964/2256/2253 2963/2257/2254
f 2959/2248/2245 2960/2251/2248 2965/2258/2255 2964/2256/2253
f 2960/2251/2248 2961/2253/2250 2966/2259/2256 2965/2258/2255
f 2961/2253/2250 2962/2255/2252 2967/2260/2257 2966/2259/2256
f 2963/2257/2254 2964/2256/2253 2969/2261/2258 2968/2262/2259
f 2964/2256/2253 2965/2258/2255 2970/2263/2260 2969/2261/2258
f 2965/2258/2255 2966/2259/2256 2971/2264/2261 2970/2263/2260
f 2966/2259/2256 2967/2260/2257 2972/2265/2262 2971/2264/2261
f 2968/2262/2259 2969/2261/2258 2974/2266/2263 2973/2267/2264
f 2969/2261/2258 2970/2263/2260 2975/2268/2265 2974/2266/2263
f 2970/2263/2260 2971/2264/2261 2976/2269/2266 2975/2268/2265
f 2971/2264/2261 2972/2265/2262 2977/2270/2267 2976/2269/2266
f 56/245/257 937/2239/2268 2953/2246/2243 243/286/255
f 938/2271/2269 2957/2254/2251 933/2237/2270 105/2236/2271
f 106/2272/2272 943/2273/2273 2977/2270/2267 942/2274/2274
f 247/289/260 2973/2267/2264 947/2275/2275 57/287/258
f 937/2239/2268 936/2245/2276 2954/2247/2244 2953/2246/2243
f 939/2276/2277 2962/2255/2252 2957/2254/2251 938/2271/2269
f 943/2273/2273 944/2277/2278 2976/2269/2266 2977/2270/2267
f 246/299/273 2968/2262/2259 2973/2267/2264 247/289/260
f 936/2245/2276 935/2243/2279 2955/2250/2247 2954/2247/2244
f 940/2278/2280 2967/2260/2257 2962/2255/2252 939/2276/2277
f 944/2277/2278 945/2279/2281 2975/2268/2265 2976/2269/2266
f 245/296/269 2963/2257/2254 2968/2262/2259 246/299/273
f 935/2243/2279 934/2241/2282 2956/2252/2249 2955/2250/2247
f 941/2280/2283 2972/2265/2262 2967/2260/2257 940/2278/2280
f 945/2279/2281 946/2281/2284 2974/2266/2263 2975/2268/2265
f 244/293/265 2958/2249/2246 2963/2257/2254 245/296/269
f 934/2241/2282 933/2237/2270 2957/2254/2251 2956/2252/2249
f 942/2274/2274 2977/2270/2267 2972/2265/2262 941/2280/2283
f 946/2281/2284 947/2275/2275 2973/2267/2264 2974/2266/2263
f 243/286/255 2953/2246/2243 2958/2249/2246 244/293/265
f 2978/2282/2285 2979/2283/2286 2984/2284/2287 2983/2285/2288
f 2979/2283/2286 2980/2286/2289 2985/2287/2290 2984/2284/2287
f 2980/2286/2289 2981/2288/2291 2986/2289/2292 2985/2287/2290
f 2981/2288/2291 2982/2290/2293 2987/2291/2294 2986/2289/2292
f 2983/2285/2288 2984/2284/2287 2989/2292/2295 2988/2293/2296
f 2984/2284/2287 2985/2287/2290 2990/2294/2297 2989/2292/2295
f 2985/2287/2290 2986/2289/2292 2991/2295/2298 2990/2294/2297
f 2986/2289/2292 2987/2291/2294 2992/2296/2299 2991/2295/2298
f 2988/2293/2296 2989/2292/2295 2994/2297/2300 2993/2298/2301
f 2989/2292/2295 2990/2294/2297 2995/2299/2302 2994/2297/2300
f 2990/2294/2297 2991/2295/2298 2996/2300/2303 2995/2299/2302
f 2991/2295/2298 2992/2296/2299 2997/2301/2304 2996/2300/2303
f 2993/2298/2301 2994/2297/2300 2999/2302/2305 2998/2303/2306
f 2994/2297/2300 2995/2299/2302 3000/2304/2289 2999/2302/2305
f 2995/2299/2302 2996/2300/2303 3001/2305/2307 3000/2304/2289
f 2996/2300/2303 2997/2301/2304 3002/2306/2308 3001/2305/2307
f 57/287/306 947/2275/2309 2978/2282/2285 258/328/304
f 948/2307/2310 2982/2290/2293 943/2273/2311 106/2272/2312
f 107/2308/2312 953/2309/2313 3002/2306/2308 952/2310/2310
f 262/331/304 2998/2303/2306 957/2311/2314 58/329/306
f 947/2275/2309 946/2281/2315 2979/2283/2286 2978/2282/2285
f 949/2312/2316 2987/2291/2294 2982/2290/2293 948/2307/2310
f 953/2309/2313 954/2313/2317 3001/2305/2307 3002/2306/2308
f 261/341/310 2993/2298/2301 2998/2303/2306 262/331/304
f 946/2281/2315 945/2279/2318 2980/2286/2289 2979/2283/2286
f 950/2314/2319 2992/2296/2299 2987/2291/2294 949/2312/2316
f 954/2313/2317 955/2315/2318 3000/2304/2289 3001/2305/2307
f 260/338/314 2988/2293/2296 2993/2298/2301 261/341/310
f 945/2279/2318 944/2277/2320 2981/2288/2291 2980/2286/2289
f 951/2316/2316 2997/2301/2304 2992/2296/2299 950/2314/2319
f 955/2315/2318 956/2317/2321 2999/2302/2305 3000/2304/2289
f 259/335/310 2983/2285/2288 2988/2293/2296 260/338/314
f 944/2277/2320 943/2273/2311 2982/2290/2293 2981/2288/2291
f 952/2310/2310 3002/2306/2308 2997/2301/2304 951/2316/2316
f 956/2317/2321 957/2311/2314 2998/2303/2306 2999/2302/2305
f 258/328/304 2978/2282/2285 2983/2285/2288 259/335/310
f 3003/2318/2322 3004/2319/2323 3009/2320/2324 3008/2321/2325
f 3004/2319/2323 3005/2322/2326 3010/2323/2327 3009/2320/2324
f 3005/2322/2326 3006/2324/2328 3011/2325/2329 3010/2323/2327
f 3006/2324/2328 3007/2326/2330 3012/2327/2331 3011/2325/2329
f 3008/2321/2325 3009/2320/2324 3014/2328/2332 3013/2329/2333
f 3009/2320/2324 3010/2323/2327 3015/2330/2334 3014/2328/2332
f 3010/2323/2327 3011/2325/2329 3016/2331/2335 3015/2330/2334
f 3011/2325/2329 3012/2327/2331 3017/2332/2336 3016/2331/2335
f 3013/2329/2333 3014/2328/2332 3019/2333/2337 3018/2334/2338
f 3014/2328/2332 3015/2330/2334 3020/2335/2339 3019/2333/2337
f 3015/2330/2334 3016/2331/2335 3021/2336/2340 3020/2335/2339
f 3016/2331/2335 3017/2332/2336 3022/2337/2341 3021/2336/2340
f 3018/2334/2338 3019/2333/2337 3024/2338/2342 3023/2339/2343
f 3019/2333/2337 3020/2335/2339 3025/2340/2344 3024/2338/2342
f 3020/2335/2339 3021/2336/2340 3026/2341/2345 3025/2340/2344
f 3021/2336/2340 3022/2337/2341 3027/2342/2346 3026/2341/2345
f 58/329/348 957/2311/2347 3003/2318/2322 273/370/346
f 958/2343/2348 3007/2326/2330 953/2309/2349 107/2308/2350
f 108/2344/2351 963/2345/2352 3027/2342/2346 962/2346/2353
f 277/373/351 3023/2339/2343 967/2347/2354 59/371/349
f 957/2311/2347 956/2317/2355 3004/2319/2323 3003/2318/2322
f 959/2348/2356 3012/2327/2331 3007/2326/2330 958/2343/2348
f 963/2345/2352 964/2349/2357 3026/2341/2345 3027/2342/2346
f 276/383/364 3018/2334/2338 3023/2339/2343 277/373/351
f 956/2317/2355 955/2315/2358 3005/2322/2326 3004/2319/2323
f 960/2350/2359 3017/2332/2336 3012/2327/2331 959/2348/2356
f 964/2349/2357 965/2351/2360 3025/2340/2344 3026/2341/2345
f 275/380/360 3013/2329/2333 3018/2334/2338 276/383/364
f 955/2315/2358 954/2313/2361 3006/2324/2328 3005/2322/2326
f 961/2352/2362 3022/2337/2341 3017/2332/2336 960/2350/2359
f 965/2351/2360 966/2353/2363 3024/2338/2342 3025/2340/2344
f 274/377/356 3008/2321/2325 3013/2329/2333 275/380/360
f 954/2313/2361 953/2309/2349 3007/2326/2330 3006/2324/2328
f 962/2346/2353 3027/2342/2346 3022/2337/2341 961/2352/2362
f 966/2353/2363 967/2347/2354 3023/2339/2343 3024/2338/2342
f 273/370/346 3003/2318/2322 3008/2321/2325 274/377/356
f 3028/2354/2364 3029/2355/2365 3034/2356/2366 3033/2357/2367
f 3029/2355/2365 3030/2358/2368 3035/2359/2369 3034/2356/2366
f 3030/2358/2368 3031/2360/2370 3036/2361/2371 3035/2359/2369
f 3031/2360/2370 3032/2362/2372 3037/2363/2373 3036/2361/2371
f 3033/2357/2367 3034/2356/2366 3039/2364/2374 3038/2365/2375
f 3034/2356/2366 3035/2359/2369 3040/2366/2376 3039/2364/2374
f 3035/2359/2369 3036/2361/2371 3041/2367/2377 3040/2366/2376
f 3036/2361/2371 3037/2363/2373 3042/2368/2378 3041/2367/2377
f 3038/2365/2375 3039/2364/2374 3044/2369/2379 3043/2370/2380
f 3039/2364/2374 3040/2366/2376 3045/2371/2381 3044/2369/2379
f 3040/2366/2376 3041/2367/2377 3046/2372/2382 3045/2371/2381
f 3041/2367/2377 3042/2368/2378 3047/2373/2383 3046/2372/2382
f 3043/2370/2380 3044/2369/2379 3049/2374/2384 3048/2375/2385
f 3044/2369/2379 3045/2371/2381 3050/2376/2386 3049/2374/2384
f 3045/2371/2381 3046/2372/2382 3051/2377/2387 3050/2376/2386
f 3046/2372/2382 3047/2373/2383 3052/2378/2388 3051/2377/2387
f 59/371/397 967/2347/2389 3028/2354/2364 288/412/395
f 968/2379/2390 3032/2362/2372 963/2345/2391 108/2344/2392
f 109/2380/2393 973/2381/2394 3052/2378/2388 972/2382/2395
f 292/415/400 3048/2375/2385 977/2383/2396 60/413/398
f 967/2347/2389 966/2353/2397 3029/2355/2365 3028/2354/2364
f 969/2384/2398 3037/2363/2373 3032/2362/2372 968/2379/2390
f 973/2381/2394 974/2385/2399 3051/2377/2387 3052/2378/2388
f 291/425/413 3043/2370/2380 3048/2375/2385 292/415/400
f 966/2353/2397 965/2351/2400 3030/2358/2368 3029/2355/2365
f 970/2386/2401 3042/2368/2378 3037/2363/2373 969/2384/2398
f 974/2385/2399 975/2387/2402 3050/2376/2386 3051/2377/2387
f 290/422/409 3038/2365/2375 3043/2370/2380 291/425/413
f 965/2351/2400 964/2349/2403 3031/2360/2370 3030/2358/2368
f 971/2388/2404 3047/2373/2383 3042/2368/2378 970/2386/2401
f 975/2387/2402 976/2389/2405 3049/2374/2384 3050/2376/2386
f 289/419/405 3033/2357/2367 3038/2365/2375 290/422/409
f 964/2349/2403 963/2345/2391 3032/2362/2372 3031/2360/2370
f 972/2382/2395 3052/2378/2388 3047/2373/2383 971/2388/2404
f 976/2389/2405 977/2383/2396 3048/2375/2385 3049/2374/2384
f 288/412/395 3028/2354/2364 3033/2357/2367 289/419/405
f 3053/2390/2406 3054/2391/2407 3059/2392/2408 3058/2393/2409
f 3054/2391/2407 3055/2394/2410 3060/2395/2411 3059/2392/2408
f 3055/2394/2410 3056/2396/2412 3061/2397/2413 3060/2395/2411
f 3056/2396/2412 3057/2398/2414 3062/2399/2415 3061/2397/2413
f 3058/2393/2409 3059/2392/2408 3064/2400/2416 3063/2401/2417
f 3059/2392/2408 3060/2395/2411 3065/2402/2418 3064/2400/2416
f 3060/2395/2411 3061/2397/2413 3066/2403/2419 3065/2402/2418
f 3061/2397/2413 3062/2399/2415 3067/2404/2420 3066/2403/2419
f 3063/2401/2417 3064/2400/2416 3069/2405/2421 3068/2406/2422
f 3064/2400/2416 3065/2402/2418 3070/2407/2423 3069/2405/2421
f 3065/2402/2418 3066/2403/2419 3071/2408/2424 3070/2407/2423
f 3066/2403/2419 3067/2404/2420 3072/2409/2425 3071/2408/2424
f 3068/2406/2422 3069/2405/2421 3074/2410/2426 3073/2411/2427
f 3069/2405/2421 3070/2407/2423 3075/2412/2428 3074/2410/2426
f 3070/2407/2423 3071/2408/2424 3076/2413/2429 3075/2412/2428
f 3071/2408/2424 3072/2409/2425 3077/2414/2430 3076/2413/2429
f 60/413/446 977/2383/2431 3053/2390/2406 303/454/444
f 978/2415/2432 3057/2398/2414 973/2381/2433 109/2380/2434
f 110/2416/2435 983/2417/2436 3077/2414/2430 982/2418/2437
f 307/457/449 3073/2411/2427 987/2419/2438 61/455/447
f 977/2383/2431 976/2389/2439 3054/2391/2407 3053/2390/2406
f 979/2420/2440 3062/2399/2415 3057/2398/2414 978/2415/2432
f 983/2417/2436 984/2421/2441 3076/2413/2429 3077/2414/2430
f 306/467/462 3068/2406/2422 3073/2411/2427 307/457/449
f 976/2389/2439 975/2387/2442 3055/2394/2410 3054/2391/2407
f 980/2422/2443 3067/2404/2420 3062/2399/2415 979/2420/2440
f 984/2421/2441 985/2423/2444 3075/2412/2428 3076/2413/2429
f 305/464/458 3063/2401/2417 3068/2406/2422 306/467/462
f 975/2387/2442 974/2385/2445 3056/2396/2412 3055/2394/2410
f 981/2424/2446 3072/2409/2425 3067/2404/2420 980/2422/2443
f 985/2423/2444 986/2425/2447 3074/2410/2426 3075/2412/2428
f 304/461/454 3058/2393/2409 3063/2401/2417 305/464/458
f 974/2385/2445 973/2381/2433 3057/2398/2414 3056/2396/2412
f 982/2418/2437 3077/2414/2430 3072/2409/2425 981/2424/2446
f 986/2425/2447 987/2419/2438 3073/2411/2427 3074/2410/2426
f 303/454/444 3053/2390/2406 3058/2393/2409 304/461/454
f 3078/2426/2448 3079/2427/2449 3084/2428/2450 3083/2429/2451
f 3079/2427/2449 3080/2430/2452 3085/2431/2453 3084/2428/2450
f 3080/2430/2452 3081/2432/2454 3086/2433/2455 3085/2431/2453
f 3081/2432/2454 3082/2434/2456 3087/2435/2457 3086/2433/2455
f 3083/2429/2451 3084/2428/2450 3089/2436/2458 3088/2437/2459
f 3084/2428/2450 3085/2431/2453 3090/2438/2460 3089/2436/2458
f 3085/2431/2453 3086/2433/2455 3091/2439/2461 3090/2438/2460
f 3086/2433/2455 3087/2435/2457 3092/2440/2462 3091/2439/2461
f 3088/2437/2459 3089/2436/2458 3094/2441/2463 3093/2442/2464
f 3089/2436/2458 3090/2438/2460 3095/2443/2465 3094/2441/2463
f 3090/2438/2460 3091/2439/2461 3096/2444/2466 3095/2443/2465
f 3091/2439/2461 3092/2440/2462 3097/2445/2467 3096/2444/2466
f 3093/2442/2464 3094/2441/2463 3099/2446/2468 3098/2447/2469
f 3094/2441/2463 3095/2443/2465 3100/2448/2452 3099/2446/2468
f 3095/2443/2465 3096/2444/2466 3101/2449/2470 3100/2448/2452
f 3096/2444/2466 3097/2445/2467 3102/2450/2471 3101/2449/2470
f 61/455/494 987/2419/2472 3078/2426/2448 318/496/492
f 988/2451/2473 3082/2434/2456 983/2417/2474 110/2416/2475
f 111/2452/2475 993/2453/2476 3102/2450/2471 992/2454/2477
f 322/499/496 3098/2447/2469 997/2455/2478 62/497/494
f 987/2419/2472 986/2425/2479 3079/2427/2449 3078/2426/2448
f 989/2456/2480 3087/2435/2457 3082/2434/2456 988/2451/2473
f 993/2453/2476 994/2457/2481 3101/2449/2470 3102/2450/2471
f 321/509/507 3093/2442/2464 3098/2447/2469 322/499/496
f 986/2425/2479 985/2423/2482 3080/2430/2452 3079/2427/2449
f 990/2458/2483 3092/2440/2462 3087/2435/2457 989/2456/2480
f 994/2457/2481 995/2459/2482 3100/2448/2452 3101/2449/2470
f 320/506/504 3088/2437/2459 3093/2442/2464 321/509/507
f 985/2423/2482 984/2421/2484 3081/2432/2454 3080/2430/2452
f 991/2460/2480 3097/2445/2467 3092/2440/2462 990/2458/2483
f 995/2459/2482 996/2461/2485 3099/2446/2468 3100/2448/2452
f 319/503/500 3083/2429/2451 3088/2437/2459 320/506/504
f 984/2421/2484 983/2417/2474 3082/2434/2456 3081/2432/2454
f 992/2454/2477 3102/2450/2471 3097/2445/2467 991/2460/2480
f 996/2461/2485 997/2455/2478 3098/2447/2469 3099/2446/2468
f 318/496/492 3078/2426/2448 3083/2429/2451 319/503/500
f 3103/2462/2486 3104/2463/2487 3109/2464/2488 3108/2465/2489
f 3104/2463/2487 3105/2466/2490 3110/2467/2491 3109/2464/2488
f 3105/2466/2490 3106/2468/2492 3111/2469/2493 3110/2467/2491
f 3106/2468/2492 3107/2470/2494 3112/2471/2495 3111/2469/2493
f 3108/2465/2489 3109/2464/2488 3114/2472/2496 3113/2473/2497
f 3109/2464/2488 3110/2467/2491 3115/2474/2498 3114/2472/2496
f 3110/2467/2491 3111/2469/2493 3116/2475/2499 3115/2474/2498
f 3111/2469/2493 3112/2471/2495 3117/2476/2500 3116/2475/2499
f 3113/2473/2497 3114/2472/2496 3119/2477/2501 3118/2478/2502
f 3114/2472/2496 3115/2474/2498 3120/2479/2503 3119/2477/2501
f 3115/2474/2498 3116/2475/2499 3121/2480/2504 3120/2479/2503
f 3116/2475/2499 3117/2476/2500 3122/2481/2505 3121/2480/2504
f 3118/2478/2502 3119/2477/2501 3124/2482/2506 3123/2483/2507
f 3119/2477/2501 3120/2479/2503 3125/2484/2508 3124/2482/2506
f 3120/2479/2503 3121/2480/2504 3126/2485/2509 3125/2484/2508
f 3121/2480/2504 3122/2481/2505 3127/2486/2510 3126/2485/2509
f 62/497/539 997/2455/2511 3103/2462/2486 333/538/537
f 998/2487/2512 3107/2470/2494 993/2453/2513 111/2452/2514
f 112/2488/2515 1003/2489/2516 3127/2486/2510 1002/2490/2517
f 337/541/542 3123/2483/2507 1007/2491/2518 63/539/540
f 997/2455/2511 996/2461/2519 3104/2463/2487 3103/2462/2486
f 999/2492/2520 3112/2471/2495 3107/2470/2494 998/2487/2512
f 1003/2489/2516 1004/2493/2521 3126/2485/2509 3127/2486/2510
f 336/551/555 3118/2478/2502 3123/2483/2507 337/541/542
f 996/2461/2519 995/2459/2522 3105/2466/2490 3104/2463/2487
f 1000/2494/2523 3117/2476/2500 3112/2471/2495 999/2492/2520
f 1004/2493/2521 1005/2495/2524 3125/2484/2508 3126/2485/2509
f 335/548/551 3113/2473/2497 3118/2478/2502 336/551/555
f 995/2459/2522 994/2457/2525 3106/2468/2492 3105/2466/2490
f 1001/2496/2526 3122/2481/2505 3117/2476/2500 1000/2494/2523
f 1005/2495/2524 1006/2497/2527 3124/2482/2506 3125/2484/2508
f 334/545/547 3108/2465/2489 3113/2473/2497 335/548/551
f 994/2457/2525 993/2453/2513 3107/2470/2494 3106/2468/2492
f 1002/2490/2517 3127/2486/2510 3122/2481/2505 1001/2496/2526
f 1006/2497/2527 1007/2491/2518 3123/2483/2507 3124/2482/2506
f 333/538/537 3103/2462/2486 3108/2465/2489 334/545/547
f 3128/2498/2528 3129/2499/2529 3134/2500/2530 3133/2501/2531
f 3129/2499/2529 3130/2502/2532 3135/2503/2533 3134/2500/2530
f 3130/2502/2532 3131/2504/2534 3136/2505/2535 3135/2503/2533
f 3131/2504/2534 3132/2506/2536 3137/2507/2537 3136/2505/2535
f 3133/2501/2531 3134/2500/2530 3139/2508/2538 3138/2509/2539
f 3134/2500/2530 3135/2503/2533 3140/2510/2540 3139/2508/2538
f 3135/2503/2533 3136/2505/2535 3141/2511/2541 3140/2510/2540
f 3136/2505/2535 3137/2507/2537 3142/2512/2542 3141/2511/2541
f 3138/2509/2539 3139/2508/2538 3144/2513/2543 3143/2514/2544
f 3139/2508/2538 3140/2510/2540 3145/2515/2545 3144/2513/2543
f 3140/2510/2540 3141/2511/2541 3146/2516/2546 3145/2515/2545
f 3141/2511/2541 3142/2512/2542 3147/2517/2547 3146/2516/2546
f 3143/2514/2544 3144/2513/2543 3149/2518/2548 3148/2519/2549
f 3144/2513/2543 3145/2515/2545 3150/2520/2550 3149/2518/2548
f 3145/2515/2545 3146/2516/2546 3151/2521/2551 3150/2520/2550
f 3146/2516/2546 3147/2517/2547 3152/2522/2552 3151/2521/2551
f 63/539/588 1007/2491/2553 3128/2498/2528 348/580/586
f 1008/2523/2554 3132/2506/2536 1003/2489/2555 112/2488/2556
f 113/2524/2557 1013/2525/2558 3152/2522/2552 1012/2526/2559
f 352/583/591 3148/2519/2549 1017/2527/2560 64/581/589
f 1007/2491/2553 1006/2497/2561 3129/2499/2529 3128/2498/2528
f 1009/2528/2562 3137/2507/2537 3132/2506/2536 1008/2523/2554
f 1013/2525/2558 1014/2529/2563 3151/2521/2551 3152/2522/2552
f 351/593/604 3143/2514/2544 3148/2519/2549 352/583/591
f 1006/2497/2561 1005/2495/2564 3130/2502/2532 3129/2499/2529
f 1010/2530/2565 3142/2512/2542 3137/2507/2537 1009/2528/2562
f 1014/2529/2563 1015/2531/2566 3150/2520/2550 3151/2521/2551
f 350/590/600 3138/2509/2539 3143/2514/2544 351/593/604
f 1005/2495/2564 1004/2493/2567 3131/2504/2534 3130/2502/2532
f 1011/2532/2568 3147/2517/2547 3142/2512/2542 1010/2530/2565
f 1015/2531/2566 1016/2533/2569 3149/2518/2548 3150/2520/2550
f 349/587/596 3133/2501/2531 3138/2509/2539 350/590/600
f 1004/2493/2567 1003/2489/2555 3132/2506/2536 3131/2504/2534
f 1012/2526/2559 3152/2522/2552 3147/2517/2547 1011/2532/2568
f 1016/2533/2569 1017/2527/2560 3148/2519/2549 3149/2518/2548
f 348/580/586 3128/2498/2528 3133/2501/2531 349/587/596
f 3153/2534/2570 3154/2535/2571 3159/2536/2572 3158/2537/2573
f 3154/2535/2571 3155/2538/2574 3160/2539/2575 3159/2536/2572
f 3155/2538/2574 3156/2540/2576 3161/2541/2577 3160/2539/2575
f 3156/2540/2576 3157/2542/2578 3162/2543/2579 3161/2541/2577
f 3158/2537/2573 3159/2536/2572 3164/2544/2580 3163/2545/2581
f 3159/2536/2572 3160/2539/2575 3165/2546/2582 3164/2544/2580
f 3160/2539/2575 3161/2541/2577 3166/2547/2583 3165/2546/2582
f 3161/2541/2577 3162/2543/2579 3167/2548/2584 3166/2547/2583
f 3163/2545/2581 3164/2544/2580 3169/2549/2585 3168/2550/2586
f 3164/2544/2580 3165/2546/2582 3170/2551/2587 3169/2549/2585
f 3165/2546/2582 3166/2547/2583 3171/2552/2588 3170/2551/2587
f 3166/2547/2583 3167/2548/2584 3172/2553/2589 3171/2552/2588
f 3168/2550/2586 3169/2549/2585 3174/2554/2590 3173/2555/2591
f 3169/2549/2585 3170/2551/2587 3175/2556/2592 3174/2554/2590
f 3170/2551/2587 3171/2552/2588 3176/2557/2593 3175/2556/2592
f 3171/2552/2588 3172/2553/2589 3177/2558/2594 3176/2557/2593
f 64/581/637 1017/2527/2595 3153/2534/2570 363/622/635
f 1018/2559/2596 3157/2542/2578 1013/2525/2597 113/2524/2598
f 114/2560/2598 1023/2561/2599 3177/2558/2594 1022/2562/2600
f 367/625/640 3173/2555/2591 1027/2563/2601 65/623/638
f 1017/2527/2595 1016/2533/2602 3154/2535/2571 3153/2534/2570
f 1019/2564/2603 3162/2543/2579 3157/2542/2578 1018/2559/2596
f 1023/2561/2599 1024/2565/2604 3176/2557/2593 3177/2558/2594
f 366/635/653 3168/2550/2586 3173/2555/2591 367/625/640
f 1016/2533/2602 1015/2531/2605 3155/2538/2574 3154/2535/2571
f 1020/2566/2606 3167/2548/2584 3162/2543/2579 1019/2564/2603
f 1024/2565/2604 1025/2567/2607 3175/2556/2592 3176/2557/2593
f 365/632/649 3163/2545/2581 3168/2550/2586 366/635/653
f 1015/2531/2605 1014/2529/2608 3156/2540/2576 3155/2538/2574
f 1021/2568/2609 3172/2553/2589 3167/2548/2584 1020/2566/2606
f 1025/2567/2607 1026/2569/2610 3174/2554/2590 3175/2556/2592
f 364/629/645 3158/2537/2573 3163/2545/2581 365/632/649
f 1014/2529/2608 1013/2525/2597 3157/2542/2578 3156/2540/2576
f 1022/2562/2600 3177/2558/2594 3172/2553/2589 1021/2568/2609
f 1026/2569/2610 1027/2563/2601 3173/2555/2591 3174/2554/2590
f 363/622/635 3153/2534/2570 3158/2537/2573 364/629/645
f 3178/2570/2611 3179/2571/2612 3184/2572/2613 3183/2573/2614
f 3179/2571/2612 3180/2574/2615 3185/2575/2616 3184/2572/2613
f 3180/2574/2615 3181/2576/2617 3186/2577/2618 3185/2575/2616
f 3181/2576/2617 3182/2578/2619 3187/2579/2620 3186/2577/2618
f 3183/2573/2614 3184/2572/2613 3189/2580/2621 3188/2581/2622
f 3184/2572/2613 3185/2575/2616 3190/2582/2623 3189/2580/2621
f 3185/2575/2616 3186/2577/2618 3191/2583/2624 3190/2582/2623
f 3186/2577/2618 3187/2579/2620 3192/2584/2625 3191/2583/2624
f 3188/2581/2622 3189/2580/2621 3194/2585/2626 3193/2586/2627
f 3189/2580/2621 3190/2582/2623 3195/2587/2628 3194/2585/2626
f 3190/2582/2623 3191/2583/2624 3196/2588/2629 3195/2587/2628
f 3191/2583/2624 3192/2584/2625 3197/2589/2630 3196/2588/2629
f 3193/2586/2627 3194/2585/2626 3199/2590/2631 3198/2591/2632
f 3194/2585/2626 3195/2587/2628 3200/2592/2633 3199/2590/2631
f 3195/2587/2628 3196/2588/2629 3201/2593/2634 3200/2592/2633
f 3196/2588/2629 3197/2589/2630 3202/2594/2635 3201/2593/2634
f 65/623/686 1027/2563/2636 3178/2570/2611 378/664/684
f 1028/2595/2637 3182/2578/2619 1023/2561/2638 114/2560/2639
f 115/2596/2640 1033/2597/2641 3202/2594/2635 1032/2598/2642
f 382/667/689 3198/2591/2632 1037/2599/2643 66/665/687
f 1027/2563/2636 1026/2569/2644 3179/2571/2612 3178/2570/2611
f 1029/2600/2645 3187/2579/2620 3182/2578/2619 1028/2595/2637
f 1033/2597/2641 1034/2601/2646 3201/2593/2634 3202/2594/2635
f 381/677/702 3193/2586/2627 3198/2591/2632 382/667/689
f 1026/2569/2644 1025/2567/2647 3180/2574/2615 3179/2571/2612
f 1030/2602/2648 3192/2584/2625 3187/2579/2620 1029/2600/2645
f 1034/2601/2646 1035/2603/2649 3200/2592/2633 3201/2593/2634
f 380/674/698 3188/2581/2622 3193/2586/2627 381/677/702
f 1025/2567/2647 1024/2565/2650 3181/2576/2617 3180/2574/2615
f 1031/2604/2651 3197/2589/2630 3192/2584/2625 1030/2602/2648
f 1035/2603/2649 1036/2605/2652 3199/2590/2631 3200/2592/2633
f 379/671/694 3183/2573/2614 3188/2581/2622 380/674/698
f 1024/2565/2650 1023/2561/2638 3182/2578/2619 3181/2576/2617
f 1032/2598/2642 3202/2594/2635 3197/2589/2630 1031/2604/2651
f 1036/2605/2652 1037/2599/2643 3198/2591/2632 3199/2590/2631
f 378/664/684 3178/2570/2611 3183/2573/2614 379/671/694
f 3203/2606/2653 3204/2607/2654 3209/2608/2655 3208/2609/2656
f 3204/2607/2654 3205/2610/2657 3210/2611/2658 3209/2608/2655
f 3205/2610/2657 3206/2612/2659 3211/2613/2660 3210/2611/2658
f 3206/2612/2659 3207/2614/2661 3212/2615/2662 3211/2613/2660
f 3208/2609/2656 3209/2608/2655 3214/2616/2663 3213/2617/2664
f 3209/2608/2655 3210/2611/2658 3215/2618/2665 3214/2616/2663
f 3210/2611/2658 3211/2613/2660 3216/2619/2666 3215/2618/2665
f 3211/2613/2660 3212/2615/2662 3217/2620/2667 3216/2619/2666
f 3213/2617/2664 3214/2616/2663 3219/2621/2668 3218/2622/2669
f 3214/2616/2663 3215/2618/2665 3220/2623/2670 3219/2621/2668
f 3215/2618/2665 3216/2619/2666 3221/2624/2671 3220/2623/2670
f 3216/2619/2666 3217/2620/2667 3222/2625/2672 3221/2624/2671
f 3218/2622/2669 3219/2621/2668 3224/2626/2673 3223/2627/2674
f 3219/2621/2668 3220/2623/2670 3225/2628/2675 3224/2626/2673
f 3220/2623/2670 3221/2624/2671 3226/2629/2676 3225/2628/2675
f 3221/2624/2671 3222/2625/2672 3227/2630/2677 3226/2629/2676
f 66/665/735 1037/2599/2678 3203/2606/2653 393/706/733
f 1038/2631/2679 3207/2614/2661 1033/2597/2680 115/2596/2681
f 116/2632/2682 1043/2633/2683 3227/2630/2677 1042/2634/2684
f 397/709/738 3223/2627/2674 1047/2635/2685 67/707/736
f 1037/2599/2678 1036/2605/2686 3204/2607/2654 3203/2606/2653
f 1039/2636/2687 3212/2615/2662 3207/2614/2661 1038/2631/2679
f 1043/2633/2683 1044/2637/2688 3226/2629/2676 3227/2630/2677
f 396/719/751 3218/2622/2669 3223/2627/2674 397/709/738
f 1036/2605/2686 1035/2603/2689 3205/2610/2657 3204/2607/2654
f 1040/2638/2690 3217/2620/2667 3212/2615/2662 1039/2636/2687
f 1044/2637/2688 1045/2639/2691 3225/2628/2675 3226/2629/2676
f 395/716/747 3213/2617/2664 3218/2622/2669 396/719/751
f 1035/2603/2689 1034/2601/2692 3206/2612/2659 3205/2610/2657
f 1041/2640/2693 3222/2625/2672 3217/2620/2667 1040/2638/2690
f 1045/2639/2691 1046/2641/2694 3224/2626/2673 3225/2628/2675
f 394/713/743 3208/2609/2656 3213/2617/2664 395/716/747
f 1034/2601/2692 1033/2597/2680 3207/2614/2661 3206/2612/2659
f 1042/2634/2684 3227/2630/2677 3222/2625/2672 1041/2640/2693
f 1046/2641/2694 1047/2635/2685 3223/2627/2674 3224/2626/2673
f 393/706/733 3203/2606/2653 3208/2609/2656 394/713/743
f 3228/2642/2695 3229/2643/2696 3234/2644/2697 3233/2645/2698
f 3229/2643/2696 3230/2646/2699 3235/2647/2700 3234/2644/2697
f 3230/2646/2699 3231/2648/2701 3236/2649/2702 3235/2647/2700
f 3231/2648/2701 3232/2650/2703 3237/2651/2704 3236/2649/2702
f 3233/2645/2698 3234/2644/2697 3239/2652/2705 3238/2653/2706
f 3234/2644/2697 3235/2647/2700 3240/2654/2707 3239/2652/2705
f 3235/2647/2700 3236/2649/2702 3241/2655/2708 3240/2654/2707
f 3236/2649/2702 3237/2651/2704 3242/2656/2709 3241/2655/2708
f 3238/2653/2706 3239/2652/2705 3244/2657/2710 3243/2658/2711
f 3239/2652/2705 3240/2654/2707 3245/2659/2700 3244/2657/2710
f 3240/2654/2707 3241/2655/2708 3246/2660/2712 3245/2659/2700
f 3241/2655/2708 3242/2656/2709 3247/2661/2713 3246/2660/2712
f 3243/2658/2711 3244/2657/2710 3249/2662/2714 3248/2663/2715
f 3244/2657/2710 3245/2659/2700 3250/2664/2699 3249/2662/2714
f 3245/2659/2700 3246/2660/2712 3251/2665/2716 3250/2664/2699
f 3246/2660/2712 3247/2661/2713 3252/2666/2717 3251/2665/2716
f 67/707/782 1047/2635/2718 3228/2642/2695 408/748/780
f 1048/2667/2719 3232/2650/2703 1043/2633/2720 116/2632/2721
f 117/2668/2721 1053/2669/2722 3252/2666/2717 1052/2670/2719
f 412/751/780 3248/2663/2715 1057/2671/2723 68/749/782
f 1047/2635/2718 1046/2641/2724 3229/2643/2696 3228/2642/2695
f 1049/2672/2473 3237/2651/2704 3232/2650/2703 1048/2667/2719
f 1053/2669/2722 1054/2673/2725 3251/2665/2716 3252/2666/2717
f 411/761/496 3243/2658/2711 3248/2663/2715 412/751/780
f 1046/2641/2724 1045/2639/2726 3230/2646/2699 3229/2643/2696
f 1050/2674/2727 3242/2656/2709 3237/2651/2704 1049/2672/2473
f 1054/2673/2725 1055/2675/2726 3250/2664/2699 3251/2665/2716
f 410/758/788 3238/2653/2706 3243/2658/2711 411/761/496
f 1045/2639/2726 1044/2637/2728 3231/2648/2701 3230/2646/2699
f 1051/2676/2477 3247/2661/2713 3242/2656/2709 1050/2674/2727
f 1055/2675/2726 1056/2677/2729 3249/2662/2714 3250/2664/2699
f 409/755/492 3233/2645/2698 3238/2653/2706 410/758/788
f 1044/2637/2728 1043/2633/2720 3232/2650/2703 3231/2648/2701
f 1052/2670/2719 3252/2666/2717 3247/2661/2713 1051/2676/2477
f 1056/2677/2729 1057/2671/2723 3248/2663/2715 3249/2662/2714
f 408/748/780 3228/2642/2695 3233/2645/2698 409/755/492
f 3253/2678/2730 3254/2679/2731 3259/2680/2732 3258/2681/2733
f 3254/2679/2731 3255/2682/2734 3260/2683/2735 3259/2680/2732
f 3255/2682/2734 3256/2684/2736 3261/2685/2737 3260/2683/2735
f 3256/2684/2736 3257/2686/2738 3262/2687/2739 3261/2685/2737
f 3258/2681/2733 3259/2680/2732 3264/2688/2740 3263/2689/2741
f 3259/2680/2732 3260/2683/2735 3265/2690/2742 3264/2688/2740
f 3260/2683/2735 3261/2685/2737 3266/2691/2743 3265/2690/2742
f 3261/2685/2737 3262/2687/2739 3267/2692/2744 3266/2691/2743
f 3263/2689/2741 3264/2688/2740 3269/2693/2745 3268/2694/2746
f 3264/2688/2740 3265/2690/2742 3270/2695/2747 3269/2693/2745
f 3265/2690/2742 3266/2691/2743 3271/2696/2748 3270/2695/2747
f 3266/2691/2743 3267/2692/2744 3272/2697/2749 3271/2696/2748
f 3268/2694/2746 3269/2693/2745 3274/2698/2750 3273/2699/2751
f 3269/2693/2745 3270/2695/2747 3275/2700/2752 3274/2698/2750
f 3270/2695/2747 3271/2696/2748 3276/2701/2753 3275/2700/2752
f 3271/2696/2748 3272/2697/2749 3277/2702/2754 3276/2701/2753
f 68/749/822 1057/2671/2755 3253/2678/2730 423/790/820
f 1058/2703/2756 3257/2686/2738 1053/2669/2757 117/2668/2758
f 118/2704/2758 1063/2705/2759 3277/2702/2754 1062/2706/2760
f 427/793/824 3273/2699/2751 1067/2707/2761 69/791/822
f 1057/2671/2755 1056/2677/2762 3254/2679/2731 3253/2678/2730
f 1059/2708/2763 3262/2687/2739 3257/2686/2738 1058/2703/2756
f 1063/2705/2759 1064/2709/2764 3276/2701/2753 3277/2702/2754
f 426/803/837 3268/2694/2746 3273/2699/2751 427/793/824
f 1056/2677/2762 1055/2675/2765 3255/2682/2734 3254/2679/2731
f 1060/2710/2766 3267/2692/2744 3262/2687/2739 1059/2708/2763
f 1064/2709/2764 1065/2711/2767 3275/2700/2752 3276/2701/2753
f 425/800/833 3263/2689/2741 3268/2694/2746 426/803/837
f 1055/2675/2765 1054/2673/2768 3256/2684/2736 3255/2682/2734
f 1061/2712/2769 3272/2697/2749 3267/2692/2744 1060/2710/2766
f 1065/2711/2767 1066/2713/2770 3274/2698/2750 3275/2700/2752
f 424/797/829 3258/2681/2733 3263/2689/2741 425/800/833
f 1054/2673/2768 1053/2669/2757 3257/2686/2738 3256/2684/2736
f 1062/2706/2760 3277/2702/2754 3272/2697/2749 1061/2712/2769
f 1066/2713/2770 1067/2707/2761 3273/2699/2751 3274/2698/2750
f 423/790/820 3253/2678/2730 3258/2681/2733 424/797/829
f 3278/2714/2771 3279/2715/2772 3284/2716/2773 3283/2717/2774
f 3279/2715/2772 3280/2718/2775 3285/2719/2776 3284/2716/2773
f 3280/2718/2775 3281/2720/2777 3286/2721/2778 3285/2719/2776
f 3281/2720/2777 3282/2722/2779 3287/2723/2780 3286/2721/2778
f 3283/2717/2774 3284/2716/2773 3289/2724/2781 3288/2725/2782
f 3284/2716/2773 3285/2719/2776 3290/2726/2783 3289/2724/2781
f 3285/2719/2776 3286/2721/2778 3291/2727/2784 3290/2726/2783
f 3286/2721/2778 3287/2723/2780 3292/2728/2785 3291/2727/2784
f 3288/2725/2782 3289/2724/2781 3294/2729/2786 3293/2730/2787
f 3289/2724/2781 3290/2726/2783 3295/2731/2788 3294/2729/2786
f 3290/2726/2783 3291/2727/2784 3296/2732/2789 3295/2731/2788
f 3291/2727/2784 3292/2728/2785 3297/2733/2790 3296/2732/2789
f 3293/2730/2787 3294/2729/2786 3299/2734/2791 3298/2735/2792
f 3294/2729/2786 3295/2731/2788 3300/2736/2793 3299/2734/2791
f 3295/2731/2788 3296/2732/2789 3301/2737/2794 3300/2736/2793
f 3296/2732/2789 3297/2733/2790 3302/2738/2795 3301/2737/2794
f 69/791/870 1067/2707/2796 3278/2714/2771 438/832/868
f 1068/2739/2797 3282/2722/2779 1063/2705/2798 118/2704/2799
f 119/2740/2799 1073/2741/2800 3302/2738/2795 1072/2742/2801
f 442/835/872 3298/2735/2792 1077/2743/2802 70/833/870
f 1067/2707/2796 1066/2713/2803 3279/2715/2772 3278/2714/2771
f 1069/2744/2804 3287/2723/2780 3282/2722/2779 1068/2739/2797
f 1073/2741/2800 1074/2745/2805 3301/2737/2794 3302/2738/2795
f 441/845/885 3293/2730/2787 3298/2735/2792 442/835/872
f 1066/2713/2803 1065/2711/2806 3280/2718/2775 3279/2715/2772
f 1070/2746/2807 3292/2728/2785 3287/2723/2780 1069/2744/2804
f 1074/2745/2805 1075/2747/2808 3300/2736/2793 3301/2737/2794
f 440/842/881 3288/2725/2782 3293/2730/2787 441/845/885
f 1065/2711/2806 1064/2709/2809 3281/2720/2777 3280/2718/2775
f 1071/2748/2810 3297/2733/2790 3292/2728/2785 1070/2746/2807
f 1075/2747/2808 1076/2749/2811 3299/2734/2791 3300/2736/2793
f 439/839/877 3283/2717/2774 3288/2725/2782 440/842/881
f 1064/2709/2809 1063/2705/2798 3282/2722/2779 3281/2720/2777
f 1072/2742/2801 3302/2738/2795 3297/2733/2790 1071/2748/2810
f 1076/2749/2811 1077/2743/2802 3298/2735/2792 3299/2734/2791
f 438/832/868 3278/2714/2771 3283/2717/2774 439/839/877
f 3303/2750/2812 3304/2751/2813 3309/2752/2814 3308/2753/2815
f 3304/2751/2813 3305/2754/2816 3310/2755/2817 3309/2752/2814
f 3305/2754/2816 3306/2756/2818 3311/2757/2819 3310/2755/2817
f 3306/2756/2818 3307/2758/2820 3312/2759/2821 3311/2757/2819
f 3308/2753/2815 3309/2752/2814 3314/2760/2822 3313/2761/2823
f 3309/2752/2814 3310/2755/2817 3315/2762/2824 3314/2760/2822
f 3310/2755/2817 3311/2757/2819 3316/2763/2825 3315/2762/2824
f 3311/2757/2819 3312/2759/2821 3317/2764/2826 3316/2763/2825
f 3313/2761/2823 3314/2760/2822 3319/2765/2827 3318/2766/2828
f 3314/2760/2822 3315/2762/2824 3320/2767/2829 3319/2765/2827
f 3315/2762/2824 3316/2763/2825 3321/2768/2830 3320/2767/2829
f 3316/2763/2825 3317/2764/2826 3322/2769/2831 3321/2768/2830
f 3318/2766/2828 3319/2765/2827 3324/2770/2832 3323/2771/2833
f 3319/2765/2827 3320/2767/2829 3325/2772/2834 3324/2770/2832
f 3320/2767/2829 3321/2768/2830 3326/2773/2835 3325/2772/2834
f 3321/2768/2830 3322/2769/2831 3327/2774/2836 3326/2773/2835
f 70/833/918 1077/2743/2837 3303/2750/2812 453/874/916
f 1078/2775/2838 3307/2758/2820 1073/2741/2839 119/2740/2840
f 120/2776/2841 1083/2777/2842 3327/2774/2836 1082/2778/2843
f 457/877/921 3323/2771/2833 1087/2779/2844 71/875/919
f 1077/2743/2837 1076/2749/2845 3304/2751/2813 3303/2750/2812
f 1079/2780/2846 3312/2759/2821 3307/2758/2820 1078/2775/2838
f 1083/2777/2842 1084/2781/2847 3326/2773/2835 3327/2774/2836
f 456/887/934 3318/2766/2828 3323/2771/2833 457/877/921
f 1076/2749/2845 1075/2747/2848 3305/2754/2816 3304/2751/2813
f 1080/2782/2849 3317/2764/2826 3312/2759/2821 1079/2780/2846
f 1084/2781/2847 1085/2783/2850 3325/2772/2834 3326/2773/2835
f 455/884/930 3313/2761/2823 3318/2766/2828 456/887/934
f 1075/2747/2848 1074/2745/2851 3306/2756/2818 3305/2754/2816
f 1081/2784/2852 3322/2769/2831 3317/2764/2826 1080/2782/2849
f 1085/2783/2850 1086/2785/2853 3324/2770/2832 3325/2772/2834
f 454/881/926 3308/2753/2815 3313/2761/2823 455/884/930
f 1074/2745/2851 1073/2741/2839 3307/2758/2820 3306/2756/2818
f 1082/2778/2843 3327/2774/2836 3322/2769/2831 1081/2784/2852
f 1086/2785/2853 1087/2779/2844 3323/2771/2833 3324/2770/2832
f 453/874/916 3303/2750/2812 3308/2753/2815 454/881/926
f 3328/2786/2854 3329/2787/2855 3334/2788/2856 3333/2789/2857
f 3329/2787/2855 3330/2790/2858 3335/2791/2859 3334/2788/2856
f 3330/2790/2858 3331/2792/2860 3336/2793/2861 3335/2791/2859
f 3331/2792/2860 3332/2794/2862 3337/2795/2863 3336/2793/2861
f 3333/2789/2857 3334/2788/2856 3339/2796/2864 3338/2797/2865
f 3334/2788/2856 3335/2791/2859 3340/2798/2866 3339/2796/2864
f 3335/2791/2859 3336/2793/2861 3341/2799/2867 3340/2798/2866
f 3336/2793/2861 3337/2795/2863 3342/2800/2868 3341/2799/2867
f 3338/2797/2865 3339/2796/2864 3344/2801/2869 3343/2802/2870
f 3339/2796/2864 3340/2798/2866 3345/2803/2871 3344/2801/2869
f 3340/2798/2866 3341/2799/2867 3346/2804/2872 3345/2803/2871
f 3341/2799/2867 3342/2800/2868 3347/2805/2873 3346/2804/2872
f 3343/2802/2870 3344/2801/2869 3349/2806/2874 3348/2807/2875
f 3344/2801/2869 3345/2803/2871 3350/2808/2876 3349/2806/2874
f 3345/2803/2871 3346/2804/2872 3351/2809/2877 3350/2808/2876
f 3346/2804/2872 3347/2805/2873 3352/2810/2878 3351/2809/2877
f 71/875/967 1087/2779/2879 3328/2786/2854 468/916/965
f 1088/2811/2880 3332/2794/2862 1083/2777/2881 120/2776/2882
f 121/2812/2883 1093/2813/2884 3352/2810/2878 1092/2814/2885
f 472/919/970 3348/2807/2875 1097/2815/2886 72/917/968
f 1087/2779/2879 1086/2785/2887 3329/2787/2855 3328/2786/2854
f 1089/2816/2888 3337/2795/2863 3332/2794/2862 1088/2811/2880
f 1093/2813/2884 1094/2817/2889 3351/2809/2877 3352/2810/2878
f 471/929/983 3343/2802/2870 3348/2807/2875 472/919/970
f 1086/2785/2887 1085/2783/2890 3330/2790/2858 3329/2787/2855
f 1090/2818/2891 3342/2800/2868 3337/2795/2863 1089/2816/2888
f 1094/2817/2889 1095/2819/2892 3350/2808/2876 3351/2809/2877
f 470/926/979 3338/2797/2865 3343/2802/2870 471/929/983
f 1085/2783/2890 1084/2781/2893 3331/2792/2860 3330/2790/2858
f 1091/2820/2894 3347/2805/2873 3342/2800/2868 1090/2818/2891
f 1095/2819/2892 1096/2821/2895 3349/2806/2874 3350/2808/2876
f 469/923/975 3333/2789/2857 3338/2797/2865 470/926/979
f 1084/2781/2893 1083/2777/2881 3332/2794/2862 3331/2792/2860
f 1092/2814/2885 3352/2810/2878 3347/2805/2873 1091/2820/2894
f 1096/2821/2895 1097/2815/2886 3348/2807/2875 3349/2806/2874
f 468/916/965 3328/2786/2854 3333/2789/2857 469/923/975
f 3353/2822/2896 3354/2823/2897 3359/2824/2898 3358/2825/2899
f 3354/2823/2897 3355/2826/2900 3360/2827/2901 3359/2824/2898
f 3355/2826/2900 3356/2828/2902 3361/2829/2903 3360/2827/2901
f 3356/2828/2902 3357/2830/2904 3362/2831/2905 3361/2829/2903
f 3358/2825/2899 3359/2824/2898 3364/2832/2906 3363/2833/2907
f 3359/2824/2898 3360/2827/2901 3365/2834/2908 3364/2832/2906
f 3360/2827/2901 3361/2829/2903 3366/2835/2909 3365/2834/2908
f 3361/2829/2903 3362/2831/2905 3367/2836/2910 3366/2835/2909
f 3363/2833/2907 3364/2832/2906 3369/2837/2911 3368/2838/2912
f 3364/2832/2906 3365/2834/2908 3370/2839/2913 3369/2837/2911
f 3365/2834/2908 3366/2835/2909 3371/2840/2914 3370/2839/2913
f 3366/2835/2909 3367/2836/2910 3372/2841/2915 3371/2840/2914
f 3368/2838/2912 3369/2837/2911 3374/2842/2916 3373/2843/2917
f 3369/2837/2911 3370/2839/2913 3375/2844/2918 3374/2842/2916
f 3370/2839/2913 3371/2840/2914 3376/2845/2919 3375/2844/2918
f 3371/2840/2914 3372/2841/2915 3377/2846/2920 3376/2845/2919
f 72/917/1016 1097/2815/2921 3353/2822/2896 483/958/1014
f 1098/2847/2922 3357/2830/2904 1093/2813/2923 121/2812/2924
f 122/2848/2924 1103/2849/2925 3377/2846/2920 1102/2850/2926
f 487/961/1018 3373/2843/2917 1107/2851/2927 73/959/1016
f 1097/2815/2921 1096/2821/2928 3354/2823/2897 3353/2822/2896
f 1099/2852/2929 3362/2831/2905 3357/2830/2904 1098/2847/2922
f 1103/2849/2925 1104/2853/2930 3376/2845/2919 3377/2846/2920
f 486/971/1030 3368/2838/2912 3373/2843/2917 487/961/1018
f 1096/2821/2928 1095/2819/2931 3355/2826/2900 3354/2823/2897
f 1100/2854/2932 3367/2836/2910 3362/2831/2905 1099/2852/2929
f 1104/2853/2930 1105/2855/2933 3375/2844/2918 3376/2845/2919
f 485/968/1026 3363/2833/2907 3368/2838/2912 486/971/1030
f 1095/2819/2931 1094/2817/2934 3356/2828/2902 3355/2826/2900
f 1101/2856/2935 3372/2841/2915 3367/2836/2910 1100/2854/2932
f 1105/2855/2933 1106/2857/2936 3374/2842/2916 3375/2844/2918
f 484/965/1022 3358/2825/2899 3363/2833/2907 485/968/1026
f 1094/2817/2934 1093/2813/2923 3357/2830/2904 3356/2828/2902
f 1102/2850/2926 3377/2846/2920 3372/2841/2915 1101/2856/2935
f 1106/2857/2936 1107/2851/2927 3373/2843/2917 3374/2842/2916
f 483/958/1014 3353/2822/2896 3358/2825/2899 484/965/1022
f 3378/2858/2937 3379/2859/2938 3384/2860/2939 3383/2861/2940
f 3379/2859/2938 3380/2862/2941 3385/2863/2942 3384/2860/2939
f 3380/2862/2941 3381/2864/2943 3386/2865/2944 3385/2863/2942
f 3381/2864/2943 3382/2866/2945 3387/2867/2946 3386/2865/2944
f 3383/2861/2940 3384/2860/2939 3389/2868/2947 3388/2869/2948
f 3384/2860/2939 3385/2863/2942 3390/2870/2949 3389/2868/2947
f 3385/2863/2942 3386/2865/2944 3391/2871/2950 3390/2870/2949
f 3386/2865/2944 3387/2867/2946 3392/2872/2951 3391/2871/2950
f 3388/2869/2948 3389/2868/2947 3394/2873/2952 3393/2874/2953
f 3389/2868/2947 3390/2870/2949 3395/2875/2954 3394/2873/2952
f 3390/2870/2949 3391/2871/2950 3396/2876/2955 3395/2875/2954
f 3391/2871/2950 3392/2872/2951 3397/2877/2956 3396/2876/2955
f 3393/2874/2953 3394/2873/2952 3399/2878/2957 3398/2879/2958
f 3394/2873/2952 3395/2875/2954 3400/2880/2959 3399/2878/2957
f 3395/2875/2954 3396/2876/2955 3401/2881/2960 3400/2880/2959
f 3396/2876/2955 3397/2877/2956 3402/2882/2961 3401/2881/2960
f 73/959/1063 1107/2851/2962 3378/2858/2937 498/1000/1061
f 1108/2883/2963 3382/2866/2945 1103/2849/2964 122/2848/2965
f 123/2884/2966 1113/2885/2967 3402/2882/2961 1112/2886/2968
f 502/1003/1066 3398/2879/2958 1117/2887/2969 74/1001/1064
f 1107/2851/2962 1106/2857/2970 3379/2859/2938 3378/2858/2937
f 1109/2888/2971 3387/2867/2946 3382/2866/2945 1108/2883/2963
f 1113/2885/2967 1114/2889/2972 3401/2881/2960 3402/2882/2961
f 501/1013/1079 3393/2874/2953 3398/2879/2958 502/1003/1066
f 1106/2857/2970 1105/2855/2973 3380/2862/2941 3379/2859/2938
f 1110/2890/2974 3392/2872/2951 3387/2867/2946 1109/2888/2971
f 1114/2889/2972 1115/2891/2975 3400/2880/2959 3401/2881/2960
f 500/1010/1075 3388/2869/2948 3393/2874/2953 501/1013/1079
f 1105/2855/2973 1104/2853/2976 3381/2864/2943 3380/2862/2941
f 1111/2892/2977 3397/2877/2956 3392/2872/2951 1110/2890/2974
f 1115/2891/2975 1116/2893/2978 3399/2878/2957 3400/2880/2959
f 499/1007/1071 3383/2861/2940 3388/2869/2948 500/1010/1075
f 1104/2853/2976 1103/2849/2964 3382/2866/2945 3381/2864/2943
f 1112/2886/2968 3402/2882/2961 3397/2877/2956 1111/2892/2977
f 1116/2893/2978 1117/2887/2969 3398/2879/2958 3399/2878/2957
f 498/1000/1061 3378/2858/2937 3383/2861/2940 499/1007/1071
f 3403/2894/2979 3404/2895/2980 3409/2896/2981 3408/2897/2982
f 3404/2895/2980 3405/2898/2983 3410/2899/2984 3409/2896/2981
f 3405/2898/2983 3406/2900/2985 3411/2901/2986 3410/2899/2984
f 3406/2900/2985 3407/2902/2987 3412/2903/2988 3411/2901/2986
f 3408/2897/2982 3409/2896/2981 3414/2904/2989 3413/2905/2990
f 3409/2896/2981 3410/2899/2984 3415/2906/2991 3414/2904/2989
f 3410/2899/2984 3411/2901/2986 3416/2907/2992 3415/2906/2991
f 3411/2901/2986 3412/2903/2988 3417/2908/2993 3416/2907/2992
f 3413/2905/2990 3414/2904/2989 3419/2909/2994 3418/2910/2995
f 3414/2904/2989 3415/2906/2991 3420/2911/2996 3419/2909/2994
f 3415/2906/2991 3416/2907/2992 3421/2912/2997 3420/2911/2996
f 3416/2907/2992 3417/2908/2993 3422/2913/2998 3421/2912/2997
f 3418/2910/2995 3419/2909/2994 3424/2914/2999 3423/2915/3000
f 3419/2909/2994 3420/2911/2996 3425/2916/3001 3424/2914/2999
f 3420/2911/2996 3421/2912/2997 3426/2917/3002 3425/2916/3001
f 3421/2912/2997 3422/2913/2998 3427/2918/3003 3426/2917/3002
f 74/1001/1112 1117/2887/3004 3403/2894/2979 513/1042/1110
f 1118/2919/3005 3407/2902/2987 1113/2885/3006 123/2884/3007
f 124/2920/3007 1123/2921/3008 3427/2918/3003 1122/2922/3009
f 517/1045/1114 3423/2915/3000 1127/2923/3010 75/1043/1112
f 1117/2887/3004 1116/2893/3011 3404/2895/2980 3403/2894/2979
f 1119/2924/3012 3412/2903/2988 3407/2902/2987 1118/2919/3005
f 1123/2921/3008 1124/2925/3013 3426/2917/3002 3427/2918/3003
f 516/1055/1127 3418/2910/2995 3423/2915/3000 517/1045/1114
f 1116/2893/3011 1115/2891/3014 3405/2898/2983 3404/2895/2980
f 1120/2926/3015 3417/2908/2993 3412/2903/2988 1119/2924/3012
f 1124/2925/3013 1125/2927/3016 3425/2916/3001 3426/2917/3002
f 515/1052/1123 3413/2905/2990 3418/2910/2995 516/1055/1127
f 1115/2891/3014 1114/2889/3017 3406/2900/2985 3405/2898/2983
f 1121/2928/3018 3422/2913/2998 3417/2908/2993 1120/2926/3015
f 1125/2927/3016 1126/2929/3019 3424/2914/2999 3425/2916/3001
f 514/1049/1119 3408/2897/2982 3413/2905/2990 515/1052/1123
f 1114/2889/3017 1113/2885/3006 3407/2902/2987 3406/2900/2985
f 1122/2922/3009 3427/2918/3003 3422/2913/2998 1121/2928/3018
f 1126/2929/3019 1127/2923/3010 3423/2915/3000 3424/2914/2999
f 513/1042/1110 3403/2894/2979 3408/2897/2982 514/1049/1119
f 3428/2930/3020 3429/2931/3021 3434/2932/3022 3433/2933/3023
f 3429/2931/3021 3430/2934/3024 3435/2935/3025 3434/2932/3022
f 3430/2934/3024 3431/2936/3026 3436/2937/3027 3435/2935/3025
f 3431/2936/3026 3432/2938/3028 3437/2939/3029 3436/2937/3027
f 3433/2933/3023 3434/2932/3022 3439/2940/3030 3438/2941/3031
f 3434/2932/3022 3435/2935/3025 3440/2942/3032 3439/2940/3030
f 3435/2935/3025 3436/2937/3027 3441/2943/3033 3440/2942/3032
f 3436/2937/3027 3437/2939/3029 3442/2944/3034 3441/2943/3033
f 3438/2941/3031 3439/2940/3030 3444/2945/3035 3443/2946/3036
f 3439/2940/3030 3440/2942/3032 3445/2947/3037 3444/2945/3035
f 3440/2942/3032 3441/2943/3033 3446/2948/3038 3445/2947/3037
f 3441/2943/3033 3442/2944/3034 3447/2949/3039 3446/2948/3038
f 3443/2946/3036 3444/2945/3035 3449/2950/3040 3448/2951/3041
f 3444/2945/3035 3445/2947/3037 3450/2952/3042 3449/2950/3040
f 3445/2947/3037 3446/2948/3038 3451/2953/3043 3450/2952/3042
f 3446/2948/3038 3447/2949/3039 3452/2954/3044 3451/2953/3043
f 75/1043/1160 1127/2923/3045 3428/2930/3020 528/1084/1158
f 1128/2955/3046 3432/2938/3028 1123/2921/3047 124/2920/3048
f 125/2956/3049 1133/2957/3050 3452/2954/3044 1132/2958/3051
f 532/1087/1163 3448/2951/3041 1137/2959/3052 76/1085/1161
f 1127/2923/3045 1126/2929/3053 3429/2931/3021 3428/2930/3020
f 1129/2960/3054 3437/2939/3029 3432/2938/3028 1128/2955/3046
f 1133/2957/3050 1134/2961/3055 3451/2953/3043 3452/2954/3044
f 531/1097/1176 3443/2946/3036 3448/2951/3041 532/1087/1163
f 1126/2929/3053 1125/2927/3056 3430/2934/3024 3429/2931/3021
f 1130/2962/3057 3442/2944/3034 3437/2939/3029 1129/2960/3054
f 1134/2961/3055 1135/2963/3058 3450/2952/3042 3451/2953/3043
f 530/1094/1172 3438/2941/3031 3443/2946/3036 531/1097/1176
f 1125/2927/3056 1124/2925/3059 3431/2936/3026 3430/2934/3024
f 1131/2964/3060 3447/2949/3039 3442/2944/3034 1130/2962/3057
f 1135/2963/3058 1136/2965/3061 3449/2950/3040 3450/2952/3042
f 529/1091/1168 3433/2933/3023 3438/2941/3031 530/1094/1172
f 1124/2925/3059 1123/2921/3047 3432/2938/3028 3431/2936/3026
f 1132/2958/3051 3452/2954/3044 3447/2949/3039 1131/2964/3060
f 1136/2965/3061 1137/2959/3052 3448/2951/3041 3449/2950/3040
f 528/1084/1158 3428/2930/3020 3433/2933/3023 529/1091/1168
f 3453/2966/3062 3454/2967/3063 3459/2968/3064 3458/2969/3065
f 3454/2967/3063 3455/2970/3066 3460/2971/3067 3459/2968/3064
f 3455/2970/3066 3456/2972/3068 3461/2973/3069 3460/2971/3067
f 3456/2972/3068 3457/2974/3070 3462/2975/3071 3461/2973/3069
f 3458/2969/3065 3459/2968/3064 3464/2976/3072 3463/2977/3073
f 3459/2968/3064 3460/2971/3067 3465/2978/3074 3464/2976/3072
f 3460/2971/3067 3461/2973/3069 3466/2979/3075 3465/2978/3074
f 3461/2973/3069 3462/2975/3071 3467/2980/3076 3466/2979/3075
f 3463/2977/3073 3464/2976/3072 3469/2981/3077 3468/2982/3078
f 3464/2976/3072 3465/2978/3074 3470/2983/3079 3469/2981/3077
f 3465/2978/3074 3466/2979/3075 3471/2984/3080 3470/2983/3079
f 3466/2979/3075 3467/2980/3076 3472/2985/3081 3471/2984/3080
f 3468/2982/3078 3469/2981/3077 3474/2986/3082 3473/2987/3083
f 3469/2981/3077 3470/2983/3079 3475/2988/3084 3474/2986/3082
f 3470/2983/3079 3471/2984/3080 3476/2989/3085 3475/2988/3084
f 3471/2984/3080 3472/2985/3081 3477/2990/3086 3476/2989/3085
f 76/1085/1209 1137/2959/3087 3453/2966/3062 543/1126/1207
f 1138/2991/3088 3457/2974/3070 1133/2957/3089 125/2956/3090
f 126/2992/3090 1143/2993/3091 3477/2990/3086 1142/2994/3092
f 547/1129/1211 3473/2987/3083 1147/2995/3093 77/1127/1209
f 1137/2959/3087 1136/2965/3094 3454/2967/3063 3453/2966/3062
f 1139/2996/3095 3462/2975/3071 3457/2974/3070 1138/2991/3088
f 1143/2993/3091 1144/2997/3096 3476/2989/3085 3477/2990/3086
f 546/1139/1215 3468/2982/3078 3473/2987/3083 547/1129/1211
f 1136/2965/3094 1135/2963/3097 3455/2970/3066 3454/2967/3063
f 1140/2998/3098 3467/2980/3076 3462/2975/3071 1139/2996/3095
f 1144/2997/3096 1145/2999/3099 3475/2988/3084 3476/2989/3085
f 545/1136/1219 3463/2977/3073 3468/2982/3078 546/1139/1215
f 1135/2963/3097 1134/2961/3100 3456/2972/3068 3455/2970/3066
f 1141/3000/3095 3472/2985/3081 3467/2980/3076 1140/2998/3098
f 1145/2999/3099 1146/3001/3101 3474/2986/3082 3475/2988/3084
f 544/1133/1215 3458/2969/3065 3463/2977/3073 545/1136/1219
f 1134/2961/3100 1133/2957/3089 3457/2974/3070 3456/2972/3068
f 1142/2994/3092 3477/2990/3086 3472/2985/3081 1141/3000/3095
f 1146/3001/3101 1147/2995/3093 3473/2987/3083 3474/2986/3082
f 543/1126/1207 3453/2966/3062 3458/2969/3065 544/1133/1215
f 3478/3002/3102 3479/3003/3103 3484/3004/3104 3483/3005/3105
f 3479/3003/3103 3480/3006/3106 3485/3007/3107 3484/3004/3104
f 3480/3006/3106 3481/3008/3108 3486/3009/3109 3485/3007/3107
f 3481/3008/3108 3482/3010/3110 3487/3011/3111 3486/3009/3109
f 3483/3005/3105 3484/3004/3104 3489/3012/3112 3488/3013/3113
f 3484/3004/3104 3485/3007/3107 3490/3014/3114 3489/3012/3112
f 3485/3007/3107 3486/3009/3109 3491/3015/3115 3490/3014/3114
f 3486/3009/3109 3487/3011/3111 3492/3016/3116 3491/3015/3115
f 3488/3013/3113 3489/3012/3112 3494/3017/3117 3493/3018/3118
f 3489/3012/3112 3490/3014/3114 3495/3019/3119 3494/3017/3117
f 3490/3014/3114 3491/3015/3115 3496/3020/3120 3495/3019/3119
f 3491/3015/3115 3492/3016/3116 3497/3021/3121 3496/3020/3120
f 3493/3018/3118 3494/3017/3117 3499/3022/3122 3498/3023/3123
f 3494/3017/3117 3495/3019/3119 3500/3024/3124 3499/3022/3122
f 3495/3019/3119 3496/3020/3120 3501/3025/3125 3500/3024/3124
f 3496/3020/3120 3497/3021/3121 3502/3026/3126 3501/3025/3125
f 77/1127/1254 1147/2995/3127 3478/3002/3102 558/1168/1252
f 1148/3027/3128 3482/3010/3110 1143/2993/3129 126/2992/3130
f 127/3028/3131 1153/3029/3132 3502/3026/3126 1152/3030/3133
f 562/1171/1257 3498/3023/3123 1157/3031/3134 78/1169/1255
f 1147/2995/3127 1146/3001/3135 3479/3003/3103 3478/3002/3102
f 1149/3032/3136 3487/3011/3111 3482/3010/3110 1148/3027/3128
f 1153/3029/3132 1154/3033/3137 3501/3025/3125 3502/3026/3126
f 561/1181/1270 3493/3018/3118 3498/3023/3123 562/1171/1257
f 1146/3001/3135 1145/2999/3138 3480/3006/3106 3479/3003/3103
f 1150/3034/3139 3492/3016/3116 3487/3011/3111 1149/3032/3136
f 1154/3033/3137 1155/3035/3140 3500/3024/3124 3501/3025/3125
f 560/1178/1266 3488/3013/3113 3493/3018/3118 561/1181/1270
f 1145/2999/3138 1144/2997/3141 3481/3008/3108 3480/3006/3106
f 1151/3036/3142 3497/3021/3121 3492/3016/3116 1150/3034/3139
f 1155/3035/3140 1156/3037/3143 3499/3022/3122 3500/3024/3124
f 559/1175/1262 3483/3005/3105 3488/3013/3113 560/1178/1266
f 1144/2997/3141 1143/2993/3129 3482/3010/3110 3481/3008/3108
f 1152/3030/3133 3502/3026/3126 3497/3021/3121 1151/3036/3142
f 1156/3037/3143 1157/3031/3134 3498/3023/3123 3499/3022/3122
f 558/1168/1252 3478/3002/3102 3483/3005/3105 559/1175/1262
f 3503/3038/3144 3504/3039/3145 3509/3040/3146 3508/3041/3147
f 3504/3039/3145 3505/3042/3148 3510/3043/3149 3509/3040/3146
f 3505/3042/3148 3506/3044/3150 3511/3045/3151 3510/3043/3149
f 3506/3044/3150 3507/3046/3152 3512/3047/3153 3511/3045/3151
f 3508/3041/3147 3509/3040/3146 3514/3048/3154 3513/3049/3155
f 3509/3040/3146 3510/3043/3149 3515/3050/3156 3514/3048/3154
f 3510/3043/3149 3511/3045/3151 3516/3051/3157 3515/3050/3156
f 3511/3045/3151 3512/3047/3153 3517/3052/3158 3516/3051/3157
f 3513/3049/3155 3514/3048/3154 3519/3053/3159 3518/3054/3147
f 3514/3048/3154 3515/3050/3156 3520/3055/3149 3519/3053/3159
f 3515/3050/3156 3516/3051/3157 3521/3056/3160 3520/3055/3149
f 3516/3051/3157 3517/3052/3158 3522/3057/3153 3521/3056/3160
f 3518/3054/3147 3519/3053/3159 3524/3058/3161 3523/3059/3162
f 3519/3053/3159 3520/3055/3149 3525/3060/3163 3524/3058/3161
f 3520/3055/3149 3521/3056/3160 3526/3061/3164 3525/3060/3163
f 3521/3056/3160 3522/3057/3153 3527/3062/3165 3526/3061/3164
f 78/1169/1298 1157/3031/3166 3503/3038/3144 573/1210/1296
f 1158/3063/3167 3507/3046/3152 1153/3029/3168 127/3028/3169
f 128/3064/3169 1163/3065/3170 3527/3062/3165 1162/3066/3167
f 577/1213/1296 3523/3059/3162 1167/3067/3171 79/1211/1298
f 1157/3031/3166 1156/3037/3172 3504/3039/3145 3503/3038/3144
f 1159/3068/3173 3512/3047/3153 3507/3046/3152 1158/3063/3167
f 1163/3065/3170 1164/3069/3174 3526/3061/3164 3527/3062/3165
f 576/1223/1302 3518/3054/3147 3523/3059/3162 577/1213/1296
f 1156/3037/3172 1155/3035/3175 3505/3042/3148 3504/3039/3145
f 1160/3070/3176 3517/3052/3158 3512/3047/3153 1159/3068/3173
f 1164/3069/3174 1165/3071/3175 3525/3060/3163 3526/3061/3164
f 575/1220/1306 3513/3049/3155 3518/3054/3147 576/1223/1302
f 1155/3035/3175 1154/3033/3177 3506/3044/3150 3505/3042/3148
f 1161/3072/3173 3522/3057/3153 3517/3052/3158 1160/3070/3176
f 1165/3071/3175 1166/3073/3178 3524/3058/3161 3525/3060/3163
f 574/1217/1302 3508/3041/3147 3513/3049/3155 575/1220/1306
f 1154/3033/3177 1153/3029/3168 3507/3046/3152 3506/3044/3150
f 1162/3066/3167 3527/3062/3165 3522/3057/3153 1161/3072/3173
f 1166/3073/3178 1167/3067/3171 3523/3059/3162 3524/3058/3161
f 573/1210/1296 3503/3038/3144 3508/3041/3147 574/1217/1302
f 3528/3074/3179 3529/3075/3180 3534/3076/3181 3533/3077/3182
f 3529/3075/3180 3530/3078/3183 3535/3079/3184 3534/3076/3181
f 3530/3078/3183 3531/3080/3185 3536/3081/3186 3535/3079/3184
f 3531/3080/3185 3532/3082/3187 3537/3083/3188 3536/3081/3186
f 3533/3077/3182 3534/3076/3181 3539/3084/3189 3538/3085/3190
f 3534/3076/3181 3535/3079/3184 3540/3086/3191 3539/3084/3189
f 3535/3079/3184 3536/3081/3186 3541/3087/3192 3540/3086/3191
f 3536/3081/3186 3537/3083/3188 3542/3088/3193 3541/3087/3192
f 3538/3085/3190 3539/3084/3189 3544/3089/3194 3543/3090/3195
f 3539/3084/3189 3540/3086/3191 3545/3091/3196 3544/3089/3194
f 3540/3086/3191 3541/3087/3192 3546/3092/3197 3545/3091/3196
f 3541/3087/3192 3542/3088/3193 3547/3093/3198 3546/3092/3197
f 3543/3090/3195 3544/3089/3194 3549/3094/3199 3548/3095/3200
f 3544/3089/3194 3545/3091/3196 3550/3096/3201 3549/3094/3199
f 3545/3091/3196 3546/3092/3197 3551/3097/3202 3550/3096/3201
f 3546/3092/3197 3547/3093/3198 3552/3098/3203 3551/3097/3202
f 79/1211/1340 1167/3067/3204 3528/3074/3179 588/1252/1338
f 1168/3099/3205 3532/3082/3187 1163/3065/3206 128/3064/3207
f 129/3100/3208 1173/3101/3209 3552/3098/3203 1172/3102/3210
f 592/1255/1343 3548/3095/3200 1177/3103/3211 80/1253/1341
f 1167/3067/3204 1166/3073/3212 3529/3075/3180 3528/3074/3179
f 1169/3104/3213 3537/3083/3188 3532/3082/3187 1168/3099/3205
f 1173/3101/3209 1174/3105/3214 3551/3097/3202 3552/3098/3203
f 591/1265/1356 3543/3090/3195 3548/3095/3200 592/1255/1343
f 1166/3073/3212 1165/3071/3215 3530/3078/3183 3529/3075/3180
f 1170/3106/3216 3542/3088/3193 3537/3083/3188 1169/3104/3213
f 1174/3105/3214 1175/3107/3217 3550/3096/3201 3551/3097/3202
f 590/1262/1352 3538/3085/3190 3543/3090/3195 591/1265/1356
f 1165/3071/3215 1164/3069/3218 3531/3080/3185 3530/3078/3183
f 1171/3108/3219 3547/3093/3198 3542/3088/3193 1170/3106/3216
f 1175/3107/3217 1176/3109/3220 3549/3094/3199 3550/3096/3201
f 589/1259/1348 3533/3077/3182 3538/3085/3190 590/1262/1352
f 1164/3069/3218 1163/3065/3206 3532/3082/3187 3531/3080/3185
f 1172/3102/3210 3552/3098/3203 3547/3093/3198 1171/3108/3219
f 1176/3109/3220 1177/3103/3211 3548/3095/3200 3549/3094/3199
f 588/1252/1338 3528/3074/3179 3533/3077/3182 589/1259/1348
f 3553/3110/3221 3554/3111/3222 3559/3112/3223 3558/3113/3224
f 3554/3111/3222 3555/3114/3225 3560/3115/3226 3559/3112/3223
f 3555/3114/3225 3556/3116/3227 3561/3117/3228 3560/3115/3226
f 3556/3116/3227 3557/3118/3229 3562/3119/3230 3561/3117/3228
f 3558/3113/3224 3559/3112/3223 3564/3120/3231 3563/3121/3232
f 3559/3112/3223 3560/3115/3226 3565/3122/3233 3564/3120/3231
f 3560/3115/3226 3561/3117/3228 3566/3123/3234 3565/3122/3233
f 3561/3117/3228 3562/3119/3230 3567/3124/3235 3566/3123/3234
f 3563/3121/3232 3564/3120/3231 3569/3125/3236 3568/3126/3237
f 3564/3120/3231 3565/3122/3233 3570/3127/3238 3569/3125/3236
f 3565/3122/3233 3566/3123/3234 3571/3128/3239 3570/3127/3238
f 3566/3123/3234 3567/3124/3235 3572/3129/3240 3571/3128/3239
f 3568/3126/3237 3569/3125/3236 3574/3130/3241 3573/3131/3242
f 3569/3125/3236 3570/3127/3238 3575/3132/3243 3574/3130/3241
f 3570/3127/3238 3571/3128/3239 3576/3133/3244 3575/3132/3243
f 3571/3128/3239 3572/3129/3240 3577/3134/3245 3576/3133/3244
f 80/1253/1389 1177/3103/3246 3553/3110/3221 603/1294/1387
f 1178/3135/3247 3557/3118/3229 1173/3101/3248 129/3100/3249
f 130/3136/3249 1183/3137/3250 3577/3134/3245 1182/3138/3251
f 607/1297/1391 3573/3131/3242 1187/3139/3252 81/1295/1389
f 1177/3103/3246 1176/3109/3253 3554/3111/3222 3553/3110/3221
f 1179/3140/3254 3562/3119/3230 3557/3118/3229 1178/3135/3247
f 1183/3137/3250 1184/3141/3255 3576/3133/3244 3577/3134/3245
f 606/1307/1402 3568/3126/3237 3573/3131/3242 607/1297/1391
f 1176/3109/3253 1175/3107/3256 3555/3114/3225 3554/3111/3222
f 1180/3142/3257 3567/3124/3235 3562/3119/3230 1179/3140/3254
f 1184/3141/3255 1185/3143/3256 3575/3132/3243 3576/3133/3244
f 605/1304/1399 3563/3121/3232 3568/3126/3237 606/1307/1402
f 1175/3107/3256 1174/3105/3258 3556/3116/3227 3555/3114/3225
f 1181/3144/3259 3572/3129/3240 3567/3124/3235 1180/3142/3257
f 1185/3143/3256 1186/3145/3260 3574/3130/3241 3575/3132/3243
f 604/1301/1395 3558/3113/3224 3563/3121/3232 605/1304/1399
f 1174/3105/3258 1173/3101/3248 3557/3118/3229 3556/3116/3227
f 1182/3138/3251 3577/3134/3245 3572/3129/3240 1181/3144/3259
f 1186/3145/3260 1187/3139/3252 3573/3131/3242 3574/3130/3241
f 603/1294/1387 3553/3110/3221 3558/3113/3224 604/1301/1395
f 3578/3146/3261 3579/3147/3262 3584/3148/3263 3583/3149/3264
f 3579/3147/3262 3580/3150/3265 3585/3151/3266 3584/3148/3263
f 3580/3150/3265 3581/3152/3267 3586/3153/3268 3585/3151/3266
f 3581/3152/3267 3582/3154/3269 3587/3155/3270 3586/3153/3268
f 3583/3149/3264 3584/3148/3263 3589/3156/3271 3588/3157/3272
f 3584/3148/3263 3585/3151/3266 3590/3158/3273 3589/3156/3271
f 3585/3151/3266 3586/3153/3268 3591/3159/3274 3590/3158/3273
f 3586/3153/3268 3587/3155/3270 3592/3160/3275 3591/3159/3274
f 3588/3157/3272 3589/3156/3271 3594/3161/3276 3593/3162/3277
f 3589/3156/3271 3590/3158/3273 3595/3163/3278 3594/3161/3276
f 3590/3158/3273 3591/3159/3274 3596/3164/3279 3595/3163/3278
f 3591/3159/3274 3592/3160/3275 3597/3165/3280 3596/3164/3279
f 3593/3162/3277 3594/3161/3276 3599/3166/3281 3598/3167/3282
f 3594/3161/3276 3595/3163/3278 3600/3168/3283 3599/3166/3281
f 3595/3163/3278 3596/3164/3279 3601/3169/3284 3600/3168/3283
f 3596/3164/3279 3597/3165/3280 3602/3170/3285 3601/3169/3284
f 81/1295/1435 1187/3139/3286 3578/3146/3261 618/1336/1433
f 1188/3171/3287 3582/3154/3269 1183/3137/3288 130/3136/3289
f 131/3172/3290 1193/3173/3291 3602/3170/3285 1192/3174/3292
f 622/1339/1438 3598/3167/3282 1197/3175/3293 82/1337/1436
f 1187/3139/3286 1186/3145/3294 3579/3147/3262 3578/3146/3261
f 1189/3176/3295 3587/3155/3270 3582/3154/3269 1188/3171/3287
f 1193/3173/3291 1194/3177/3296 3601/3169/3284 3602/3170/3285
f 621/1349/1451 3593/3162/3277 3598/3167/3282 622/1339/1438
f 1186/3145/3294 1185/3143/3297 3580/3150/3265 3579/3147/3262
f 1190/3178/3298 3592/3160/3275 3587/3155/3270 1189/3176/3295
f 1194/3177/3296 1195/3179/3299 3600/3168/3283 3601/3169/3284
f 620/1346/1447 3588/3157/3272 3593/3162/3277 621/1349/1451
f 1185/3143/3297 1184/3141/3300 3581/3152/3267 3580/3150/3265
f 1191/3180/3301 3597/3165/3280 3592/3160/3275 1190/3178/3298
f 1195/3179/3299 1196/3181/3302 3599/3166/3281 3600/3168/3283
f 619/1343/1443 3583/3149/3264 3588/3157/3272 620/1346/1447
f 1184/3141/3300 1183/3137/3288 3582/3154/3269 3581/3152/3267
f 1192/3174/3292 3602/3170/3285 3597/3165/3280 1191/3180/3301
f 1196/3181/3302 1197/3175/3293 3598/3167/3282 3599/3166/3281
f 618/1336/1433 3578/3146/3261 3583/3149/3264 619/1343/1443
f 3603/3182/3303 3604/3183/3304 3609/3184/3305 3608/3185/3306
f 3604/3183/3304 3605/3186/3307 3610/3187/3308 3609/3184/3305
f 3605/3186/3307 3606/3188/3309 3611/3189/3310 3610/3187/3308
f 3606/3188/3309 3607/3190/3311 3612/3191/3312 3611/3189/3310
f 3608/3185/3306 3609/3184/3305 3614/3192/3313 3613/3193/3314
f 3609/3184/3305 3610/3187/3308 3615/3194/3315 3614/3192/3313
f 3610/3187/3308 3611/3189/3310 3616/3195/3316 3615/3194/3315
f 3611/3189/3310 3612/3191/3312 3617/3196/3317 3616/3195/3316
f 3613/3193/3314 3614/3192/3313 3619/3197/3318 3618/3198/3319
f 3614/3192/3313 3615/3194/3315 3620/3199/3320 3619/3197/3318
f 3615/3194/3315 3616/3195/3316 3621/3200/3321 3620/3199/3320
f 3616/3195/3316 3617/3196/3317 3622/3201/3322 3621/3200/3321
f 3618/3198/3319 3619/3197/3318 3624/3202/3323 3623/3203/3324
f 3619/3197/3318 3620/3199/3320 3625/3204/3325 3624/3202/3323
f 3620/3199/3320 3621/3200/3321 3626/3205/3326 3625/3204/3325
f 3621/3200/3321 3622/3201/3322 3627/3206/3327 3626/3205/3326
f 82/1337/1484 1197/3175/3328 3603/3182/3303 633/1378/1482
f 1198/3207/3329 3607/3190/3311 1193/3173/3330 131/3172/3331
f 132/3208/3332 1203/3209/3333 3627/3206/3327 1202/3210/3334
f 637/1381/1487 3623/3203/3324 1207/3211/3335 83/1379/1485
f 1197/3175/3328 1196/3181/3336 3604/3183/3304 3603/3182/3303
f 1199/3212/3337 3612/3191/3312 3607/3190/3311 1198/3207/3329
f 1203/3209/3333 1204/3213/3338 3626/3205/3326 3627/3206/3327
f 636/1391/1500 3618/3198/3319 3623/3203/3324 637/1381/1487
f 1196/3181/3336 1195/3179/3339 3605/3186/3307 3604/3183/3304
f 1200/3214/3340 3617/3196/3317 3612/3191/3312 1199/3212/3337
f 1204/3213/3338 1205/3215/3341 3625/3204/3325 3626/3205/3326
f 635/1388/1496 3613/3193/3314 3618/3198/3319 636/1391/1500
f 1195/3179/3339 1194/3177/3342 3606/3188/3309 3605/3186/3307
f 1201/3216/3343 3622/3201/3322 3617/3196/3317 1200/3214/3340
f 1205/3215/3341 1206/3217/3344 3624/3202/3323 3625/3204/3325
f 634/1385/1492 3608/3185/3306 3613/3193/3314 635/1388/1496
f 1194/3177/3342 1193/3173/3330 3607/3190/3311 3606/3188/3309
f 1202/3210/3334 3627/3206/3327 3622/3201/3322 1201/3216/3343
f 1206/3217/3344 1207/3211/3335 3623/3203/3324 3624/3202/3323
f 633/1378/1482 3603/3182/3303 3608/3185/3306 634/1385/1492
f 3628/3218/3345 3629/3219/3346 3634/3220/3346 3633/3221/3345
f 3629/3219/3346 3630/3222/3347 3635/3223/3347 3634/3220/3346
f 3630/3222/3347 3631/3224/3348 3636/3225/3348 3635/3223/3347
f 3631/3224/3348 3632/3226/3349 3637/3227/3349 3636/3225/3348
f 3633/3221/3345 3634/3220/3346 3639/3228/3346 3638/3229/3345
f 3634/3220/3346 3635/3223/3347 3640/3230/3347 3639/3228/3346
f 3635/3223/3347 3636/3225/3348 3641/3231/3348 3640/3230/3347
f 3636/3225/3348 3637/3227/3349 3642/3232/3349 3641/3231/3348
f 3638/3229/3345 3639/3228/3346 3644/3233/3346 3643/3234/3345
f 3639/3228/3346 3640/3230/3347 3645/3235/3347 3644/3233/3346
f 3640/3230/3347 3641/3231/3348 3646/3236/3348 3645/3235/3347
f 3641/3231/3348 3642/3232/3349 3647/3237/3349 3646/3236/3348
f 3643/3234/3345 3644/3233/3346 3649/3238/3346 3648/3239/3345
f 3644/3233/3346 3645/3235/3347 3650/3240/3347 3649/3238/3346
f 3645/3235/3347 3646/3236/3348 3651/3241/3348 3650/3240/3347
f 3646/3236/3348 3647/3237/3349 3652/3242/3349 3651/3241/3348
f 83/1379/1509 1207/3211/3350 3628/3218/3345 648/1420/1509
f 1208/3243/3351 3632/3226/3349 1203/3209/3349 132/3208/3351
f 133/3244/3351 1213/3245/3349 3652/3242/3349 1212/3246/3351
f 652/1423/1509 3648/3239/3345 1217/3247/3345 84/1421/1509
f 1207/3211/3350 1206/3217/3346 3629/3219/3346 3628/3218/3345
f 1209/3248/3351 3637/3227/3349 3632/3226/3349 1208/3243/3351
f 1213/3245/3349 1214/3249/3348 3651/3241/3348 3652/3242/3349
f 651/1433/1509 3643/3234/3345 3648/3239/3345 652/1423/1509
f 1206/3217/3346 1205/3215/3347 3630/3222/3347 3629/3219/3346
f 1210/3250/3351 3642/3232/3349 3637/3227/3349 1209/3248/3351
f 1214/3249/3348 1215/3251/3347 3650/3240/3347 3651/3241/3348
f 650/1430/1509 3638/3229/3345 3643/3234/3345 651/1433/1509
f 1205/3215/3347 1204/3213/3348 3631/3224/3348 3630/3222/3347
f 1211/3252/3351 3647/3237/3349 3642/3232/3349 1210/3250/3351
f 1215/3251/3347 1216/3253/3352 3649/3238/3346 3650/3240/3347
f 649/1427/1509 3633/3221/3345 3638/3229/3345 650/1430/1509
f 1204/3213/3348 1203/3209/3349 3632/3226/3349 3631/3224/3348
f 1212/3246/3351 3652/3242/3349 3647/3237/3349 1211/3252/3351
f 1216/3253/3352 1217/3247/3345 3648/3239/3345 3649/3238/3346
f 648/1420/1509 3628/3218/3345 3633/3221/3345 649/1427/1509
f 3653/3254/3353 3654/3255/3354 3659/3256/3355 3658/3257/3356
f 3654/3255/3354 3655/3258/3357 3660/3259/3358 3659/3256/3355
f 3655/3258/3357 3656/3260/3359 3661/3261/3360 3660/3259/3358
f 3656/3260/3359 3657/3262/3361 3662/3263/3362 3661/3261/3360
f 3658/3257/3356 3659/3256/3355 3664/3264/3363 3663/3265/3364
f 3659/3256/3355 3660/3259/3358 3665/3266/3365 3664/3264/3363
f 3660/3259/3358 3661/3261/3360 3666/3267/3366 3665/3266/3365
f 3661/3261/3360 3662/3263/3362 3667/3268/3367 3666/3267/3366
f 3663/3265/3364 3664/3264/3363 3669/3269/3368 3668/3270/3369
f 3664/3264/3363 3665/3266/3365 3670/3271/3370 3669/3269/3368
f 3665/3266/3365 3666/3267/3366 3671/3272/3371 3670/3271/3370
f 3666/3267/3366 3667/3268/3367 3672/3273/3372 3671/3272/3371
f 3668/3270/3369 3669/3269/3368 3674/3274/3373 3673/3275/3374
f 3669/3269/3368 3670/3271/3370 3675/3276/3375 3674/3274/3373
f 3670/3271/3370 3671/3272/3371 3676/3277/3376 3675/3276/3375
f 3671/3272/3371 3672/3273/3372 3677/3278/3377 3676/3277/3376
f 84/1421/1540 1217/3247/3378 3653/3254/3353 663/1462/1538
f 1218/3279/3379 3657/3262/3361 1213/3245/3380 133/3244/3381
f 134/3280/3382 1223/3281/3383 3677/3278/3377 1222/3282/3384
f 667/1465/1543 3673/3275/3374 1227/3283/3385 85/1463/1541
f 1217/3247/3378 1216/3253/3386 3654/3255/3354 3653/3254/3353
f 1219/3284/3387 3662/3263/3362 3657/3262/3361 1218/3279/3379
f 1223/3281/3383 1224/3285/3388 3676/3277/3376 3677/3278/3377
f 666/1475/1556 3668/3270/3369 3673/3275/3374 667/1465/1543
f 1216/3253/3386 1215/3251/3389 3655/3258/3357 3654/3255/3354
f 1220/3286/3390 3667/3268/3367 3662/3263/3362 1219/3284/3387
f 1224/3285/3388 1225/3287/3391 3675/3276/3375 3676/3277/3376
f 665/1472/1552 3663/3265/3364 3668/3270/3369 666/1475/1556
f 1215/3251/3389 1214/3249/3392 3656/3260/3359 3655/3258/3357
f 1221/3288/3393 3672/3273/3372 3667/3268/3367 1220/3286/3390
f 1225/3287/3391 1226/3289/3394 3674/3274/3373 3675/3276/3375
f 664/1469/1548 3658/3257/3356 3663/3265/3364 665/1472/1552
f 1214/3249/3392 1213/3245/3380 3657/3262/3361 3656/3260/3359
f 1222/3282/3384 3677/3278/3377 3672/3273/3372 1221/3288/3393
f 1226/3289/3394 1227/3283/3385 3673/3275/3374 3674/3274/3373
f 663/1462/1538 3653/3254/3353 3658/3257/3356 664/1469/1548
f 3678/3290/3395 3679/3291/3396 3684/3292/3397 3683/3293/3398
f 3679/3291/3396 3680/3294/3399 3685/3295/3400 3684/3292/3397
f 3680/3294/3399 3681/3296/3401 3686/3297/3402 3685/3295/3400
f 3681/3296/3401 3682/3298/3403 3687/3299/3404 3686/3297/3402
f 3683/3293/3398 3684/3292/3397 3689/3300/3405 3688/3301/3406
f 3684/3292/3397 3685/3295/3400 3690/3302/3407 3689/3300/3405
f 3685/3295/3400 3686/3297/3402 3691/3303/3408 3690/3302/3407
f 3686/3297/3402 3687/3299/3404 3692/3304/3409 3691/3303/3408
f 3688/3301/3406 3689/3300/3405 3694/3305/3410 3693/3306/3411
f 3689/3300/3405 3690/3302/3407 3695/3307/3412 3694/3305/3410
f 3690/3302/3407 3691/3303/3408 3696/3308/3413 3695/3307/3412
f 3691/3303/3408 3692/3304/3409 3697/3309/3414 3696/3308/3413
f 3693/3306/3411 3694/3305/3410 3699/3310/3415 3698/3311/3416
f 3694/3305/3410 3695/3307/3412 3700/3312/3417 3699/3310/3415
f 3695/3307/3412 3696/3308/3413 3701/3313/3418 3700/3312/3417
f 3696/3308/3413 3697/3309/3414 3702/3314/3419 3701/3313/3418
f 85/1463/1589 1227/3283/3420 3678/3290/3395 678/1504/1587
f 1228/3315/3421 3682/3298/3403 1223/3281/3422 134/3280/3423
f 135/3316/3424 1233/3317/3425 3702/3314/3419 1232/3318/3426
f 682/1507/1592 3698/3311/3416 1237/3319/3427 86/1505/1590
f 1227/3283/3420 1226/3289/3428 3679/3291/3396 3678/3290/3395
f 1229/3320/3429 3687/3299/3404 3682/3298/3403 1228/3315/3421
f 1233/3317/3425 1234/3321/3430 3701/3313/3418 3702/3314/3419
f 681/1517/1605 3693/3306/3411 3698/3311/3416 682/1507/1592
f 1226/3289/3428 1225/3287/3431 3680/3294/3399 3679/3291/3396
f 1230/3322/3432 3692/3304/3409 3687/3299/3404 1229/3320/3429
f 1234/3321/3430 1235/3323/3433 3700/3312/3417 3701/3313/3418
f 680/1514/1601 3688/3301/3406 3693/3306/3411 681/1517/1605
f 1225/3287/3431 1224/3285/3434 3681/3296/3401 3680/3294/3399
f 1231/3324/3435 3697/3309/3414 3692/3304/3409 1230/3322/3432
f 1235/3323/3433 1236/3325/3436 3699/3310/3415 3700/3312/3417
f 679/1511/1597 3683/3293/3398 3688/3301/3406 680/1514/1601
f 1224/3285/3434 1223/3281/3422 3682/3298/3403 3681/3296/3401
f 1232/3318/3426 3702/3314/3419 3697/3309/3414 1231/3324/3435
f 1236/3325/3436 1237/3319/3427 3698/3311/3416 3699/3310/3415
f 678/1504/1587 3678/3290/3395 3683/3293/3398 679/1511/1597
f 3703/3326/3437 3704/3327/3438 3709/3328/3439 3708/3329/3440
f 3704/3327/3438 3705/3330/3441 3710/3331/3442 3709/3328/3439
f 3705/3330/3441 3706/3332/3443 3711/3333/3444 3710/3331/3442
f 3706/3332/3443 3707/3334/3445 3712/3335/3446 3711/3333/3444
f 3708/3329/3440 3709/3328/3439 3714/3336/3447 3713/3337/3448
f 3709/3328/3439 3710/3331/3442 3715/3338/3449 3714/3336/3447
f 3710/3331/3442 3711/3333/3444 3716/3339/3450 3715/3338/3449
f 3711/3333/3444 3712/3335/3446 3717/3340/3451 3716/3339/3450
f 3713/3337/3448 3714/3336/3447 3719/3341/3452 3718/3342/3453
f 3714/3336/3447 3715/3338/3449 3720/3343/3454 3719/3341/3452
f 3715/3338/3449 3716/3339/3450 3721/3344/3455 3720/3343/3454
f 3716/3339/3450 3717/3340/3451 3722/3345/3456 3721/3344/3455
f 3718/3342/3453 3719/3341/3452 3724/3346/3457 3723/3347/3458
f 3719/3341/3452 3720/3343/3454 3725/3348/3459 3724/3346/3457
f 3720/3343/3454 3721/3344/3455 3726/3349/3460 3725/3348/3459
f 3721/3344/3455 3722/3345/3456 3727/3350/3461 3726/3349/3460
f 86/1505/1638 1237/3319/3462 3703/3326/3437 693/1546/1636
f 1238/3351/3463 3707/3334/3445 1233/3317/3464 135/3316/3465
f 136/3352/3466 1243/3353/3467 3727/3350/3461 1242/3354/3468
f 697/1549/1641 3723/3347/3458 1247/3355/3469 87/1547/1639
f 1237/3319/3462 1236/3325/3470 3704/3327/3438 3703/3326/3437
f 1239/3356/3471 3712/3335/3446 3707/3334/3445 1238/3351/3463
f 1243/3353/3467 1244/3357/3472 3726/3349/3460 3727/3350/3461
f 696/1559/1654 3718/3342/3453 3723/3347/3458 697/1549/1641
f 1236/3325/3470 1235/3323/3473 3705/3330/3441 3704/3327/3438
f 1240/3358/3474 3717/3340/3451 3712/3335/3446 1239/3356/3471
f 1244/3357/3472 1245/3359/3475 3725/3348/3459 3726/3349/3460
f 695/1556/1650 3713/3337/3448 3718/3342/3453 696/1559/1654
f 1235/3323/3473 1234/3321/3476 3706/3332/3443 3705/3330/3441
f 1241/3360/3477 3722/3345/3456 3717/3340/3451 1240/3358/3474
f 1245/3359/3475 1246/3361/3478 3724/3346/3457 3725/3348/3459
f 694/1553/1646 3708/3329/3440 3713/3337/3448 695/1556/1650
f 1234/3321/3476 1233/3317/3464 3707/3334/3445 3706/3332/3443
f 1242/3354/3468 3727/3350/3461 3722/3345/3456 1241/3360/3477
f 1246/3361/3478 1247/3355/3469 3723/3347/3458 3724/3346/3457
f 693/1546/1636 3703/3326/3437 3708/3329/3440 694/1553/1646
f 3728/3362/3479 3729/3363/3480 3734/3364/3481 3733/3365/3482
f 3729/3363/3480 3730/3366/3483 3735/3367/3484 3734/3364/3481
f 3730/3366/3483 3731/3368/3485 3736/3369/3486 3735/3367/3484
f 3731/3368/3485 3732/3370/3487 3737/3371/3488 3736/3369/3486
f 3733/3365/3482 3734/3364/3481 3739/3372/3489 3738/3373/3490
f 3734/3364/3481 3735/3367/3484 3740/3374/3491 3739/3372/3489
f 3735/3367/3484 3736/3369/3486 3741/3375/3492 3740/3374/3491
f 3736/3369/3486 3737/3371/3488 3742/3376/3493 3741/3375/3492
f 3738/3373/3490 3739/3372/3489 3744/3377/3494 3743/3378/3495
f 3739/3372/3489 3740/3374/3491 3745/3379/3496 3744/3377/3494
f 3740/3374/3491 3741/3375/3492 3746/3380/3497 3745/3379/3496
f 3741/3375/3492 3742/3376/3493 3747/3381/3498 3746/3380/3497
f 3743/3378/3495 3744/3377/3494 3749/3382/3499 3748/3383/3500
f 3744/3377/3494 3745/3379/3496 3750/3384/3501 3749/3382/3499
f 3745/3379/3496 3746/3380/3497 3751/3385/3502 3750/3384/3501
f 3746/3380/3497 3747/3381/3498 3752/3386/3503 3751/3385/3502
f 87/1547/1687 1247/3355/3504 3728/3362/3479 708/1588/1685
f 1248/3387/3505 3732/3370/3487 1243/3353/3506 136/3352/3507
f 137/3388/3508 1253/3389/3509 3752/3386/3503 1252/3390/3510
f 712/1591/1690 3748/3383/3500 1257/3391/3511 88/1589/1688
f 1247/3355/3504 1246/3361/3512 3729/3363/3480 3728/3362/3479
f 1249/3392/3513 3737/3371/3488 3732/3370/3487 1248/3387/3505
f 1253/3389/3509 1254/3393/3514 3751/3385/3502 3752/3386/3503
f 711/1601/1703 3743/3378/3495 3748/3383/3500 712/1591/1690
f 1246/3361/3512 1245/3359/3515 3730/3366/3483 3729/3363/3480
f 1250/3394/3516 3742/3376/3493 3737/3371/3488 1249/3392/3513
f 1254/3393/3514 1255/3395/3517 3750/3384/3501 3751/3385/3502
f 710/1598/1699 3738/3373/3490 3743/3378/3495 711/1601/1703
f 1245/3359/3515 1244/3357/3518 3731/3368/3485 3730/3366/3483
f 1251/3396/3519 3747/3381/3498 3742/3376/3493 1250/3394/3516
f 1255/3395/3517 1256/3397/3520 3749/3382/3499 3750/3384/3501
f 709/1595/1695 3733/3365/3482 3738/3373/3490 710/1598/1699
f 1244/3357/3518 1243/3353/3506 3732/3370/3487 3731/3368/3485
f 1252/3390/3510 3752/3386/3503 3747/3381/3498 1251/3396/3519
f 1256/3397/3520 1257/3391/3511 3748/3383/3500 3749/3382/3499
f 708/1588/1685 3728/3362/3479 3733/3365/3482 709/1595/1695
f 3753/3398/3521 3754/3399/3522 3759/3400/3523 3758/3401/3524
f 3754/3399/3522 3755/3402/3525 3760/3403/3526 3759/3400/3523
f 3755/3402/3525 3756/3404/3527 3761/3405/3528 3760/3403/3526
f 3756/3404/3527 3757/3406/3529 3762/3407/3530 3761/3405/3528
f 3758/3401/3524 3759/3400/3523 3764/3408/3531 3763/3409/3532
f 3759/3400/3523 3760/3403/3526 3765/3410/3533 3764/3408/3531
f 3760/3403/3526 3761/3405/3528 3766/3411/3534 3765/3410/3533
f 3761/3405/3528 3762/3407/3530 3767/3412/3535 3766/3411/3534
f 3763/3409/3532 3764/3408/3531 3769/3413/3536 3768/3414/3537
f 3764/3408/3531 3765/3410/3533 3770/3415/3526 3769/3413/3536
f 3765/3410/3533 3766/3411/3534 3771/3416/3538 3770/3415/3526
f 3766/3411/3534 3767/3412/3535 3772/3417/3539 3771/3416/3538
f 3768/3414/3537 3769/3413/3536 3774/3418/3540 3773/3419/3541
f 3769/3413/3536 3770/3415/3526 3775/3420/3525 3774/3418/3540
f 3770/3415/3526 3771/3416/3538 3776/3421/3542 3775/3420/3525
f 3771/3416/3538 3772/3417/3539 3777/3422/3543 3776/3421/3542
f 88/1589/788 1257/3391/3544 3753/3398/3521 723/1630/1732
f 1258/3423/3545 3757/3406/3529 1253/3389/3546 137/3388/2727
f 138/3424/3547 1263/3425/3548 3777/3422/3543 1262/3426/3545
f 727/1633/1732 3773/3419/3541 1267/3427/3549 89/1631/1734
f 1257/3391/3544 1256/3397/3550 3754/3399/3522 3753/3398/3521
f 1259/3428/3551 3762/3407/3530 3757/3406/3529 1258/3423/3545
f 1263/3425/3548 1264/3429/3552 3776/3421/3542 3777/3422/3543
f 726/1643/1738 3768/3414/3537 3773/3419/3541 727/1633/1732
f 1256/3397/3550 1255/3395/3553 3755/3402/3525 3754/3399/3522
f 1260/3430/3554 3767/3412/3535 3762/3407/3530 1259/3428/3551
f 1264/3429/3552 1265/3431/3553 3775/3420/3525 3776/3421/3542
f 725/1640/1742 3763/3409/3532 3768/3414/3537 726/1643/1738
f 1255/3395/3553 1254/3393/3555 3756/3404/3527 3755/3402/3525
f 1261/3432/3551 3772/3417/3539 3767/3412/3535 1260/3430/3554
f 1265/3431/3553 1266/3433/3556 3774/3418/3540 3775/3420/3525
f 724/1637/1738 3758/3401/3524 3763/3409/3532 725/1640/1742
f 1254/3393/3555 1253/3389/3546 3757/3406/3529 3756/3404/3527
f 1262/3426/3545 3777/3422/3543 3772/3417/3539 1261/3432/3551
f 1266/3433/3556 1267/3427/3549 3773/3419/3541 3774/3418/3540
f 723/1630/1732 3753/3398/3521 3758/3401/3524 724/1637/1738
f 3778/3434/3557 3779/3435/3558 3784/3436/3559 3783/3437/3560
f 3779/3435/3558 3780/3438/3561 3785/3439/3562 3784/3436/3559
f 3780/3438/3561 3781/3440/3563 3786/3441/3564 3785/3439/3562
f 3781/3440/3563 3782/3442/3565 3787/3443/3566 3786/3441/3564
f 3783/3437/3560 3784/3436/3559 3789/3444/3567 3788/3445/3568
f 3784/3436/3559 3785/3439/3562 3790/3446/3569 3789/3444/3567
f 3785/3439/3562 3786/3441/3564 3791/3447/3570 3790/3446/3569
f 3786/3441/3564 3787/3443/3566 3792/3448/3571 3791/3447/3570
f 3788/3445/3568 3789/3444/3567 3794/3449/3572 3793/3450/3573
f 3789/3444/3567 3790/3446/3569 3795/3451/3574 3794/3449/3572
f 3790/3446/3569 3791/3447/3570 3796/3452/3575 3795/3451/3574
f 3791/3447/3570 3792/3448/3571 3797/3453/3576 3796/3452/3575
f 3793/3450/3573 3794/3449/3572 3799/3454/3577 3798/3455/3578
f 3794/3449/3572 3795/3451/3574 3800/3456/3579 3799/3454/3577
f 3795/3451/3574 3796/3452/3575 3801/3457/3580 3800/3456/3579
f 3796/3452/3575 3797/3453/3576 3802/3458/3581 3801/3457/3580
f 89/1631/1776 1267/3427/3582 3778/3434/3557 738/1672/1774
f 1268/3459/3583 3782/3442/3565 1263/3425/3584 138/3424/3585
f 139/3460/3586 1273/3461/3587 3802/3458/3581 1272/3462/3588
f 742/1675/1779 3798/3455/3578 1277/3463/3589 90/1673/1777
f 1267/3427/3582 1266/3433/3590 3779/3435/3558 3778/3434/3557
f 1269/3464/3591 3787/3443/3566 3782/3442/3565 1268/3459/3583
f 1273/3461/3587 1274/3465/3592 3801/3457/3580 3802/3458/3581
f 741/1685/1792 3793/3450/3573 3798/3455/3578 742/1675/1779
f 1266/3433/3590 1265/3431/3593 3780/3438/3561 3779/3435/3558
f 1270/3466/3594 3792/3448/3571 3787/3443/3566 1269/3464/3591
f 1274/3465/3592 1275/3467/3595 3800/3456/3579 3801/3457/3580
f 740/1682/1788 3788/3445/3568 3793/3450/3573 741/1685/1792
f 1265/3431/3593 1264/3429/3596 3781/3440/3563 3780/3438/3561
f 1271/3468/3597 3797/3453/3576 3792/3448/3571 1270/3466/3594
f 1275/3467/3595 1276/3469/3598 3799/3454/3577 3800/3456/3579
f 739/1679/1784 3783/3437/3560 3788/3445/3568 740/1682/1788
f 1264/3429/3596 1263/3425/3584 3782/3442/3565 3781/3440/3563
f 1272/3462/3588 3802/3458/3581 3797/3453/3576 1271/3468/3597
f 1276/3469/3598 1277/3463/3589 3798/3455/3578 3799/3454/3577
f 738/1672/1774 3778/3434/3557 3783/3437/3560 739/1679/1784
f 3803/3470/3599 3804/3471/3600 3809/3472/3601 3808/3473/3602
f 3804/3471/3600 3805/3474/3603 3810/3475/3604 3809/3472/3601
f 3805/3474/3603 3806/3476/3605 3811/3477/3606 3810/3475/3604
f 3806/3476/3605 3807/3478/3607 3812/3479/3608 3811/3477/3606
f 3808/3473/3602 3809/3472/3601 3814/3480/3609 3813/3481/3610
f 3809/3472/3601 3810/3475/3604 3815/3482/3611 3814/3480/3609
f 3810/3475/3604 3811/3477/3606 3816/3483/3612 3815/3482/3611
f 3811/3477/3606 3812/3479/3608 3817/3484/3613 3816/3483/3612
f 3813/3481/3610 3814/3480/3609 3819/3485/3614 3818/3486/3615
f 3814/3480/3609 3815/3482/3611 3820/3487/3616 3819/3485/3614
f 3815/3482/3611 3816/3483/3612 3821/3488/3617 3820/3487/3616
f 3816/3483/3612 3817/3484/3613 3822/3489/3618 3821/3488/3617
f 3818/3486/3615 3819/3485/3614 3824/3490/3619 3823/3491/3620
f 3819/3485/3614 3820/3487/3616 3825/3492/3621 3824/3490/3619
f 3820/3487/3616 3821/3488/3617 3826/3493/3622 3825/3492/3621
f 3821/3488/3617 3822/3489/3618 3827/3494/3623 3826/3493/3622
f 90/1673/1825 1277/3463/3624 3803/3470/3599 753/1714/1823
f 1278/3495/3625 3807/3478/3607 1273/3461/3626 139/3460/3627
f 140/3496/3628 1283/3497/3629 3827/3494/3623 1282/3498/3630
f 757/1717/1828 3823/3491/3620 1287/3499/3631 91/1715/1826
f 1277/3463/3624 1276/3469/3632 3804/3471/3600 3803/3470/3599
f 1279/3500/3633 3812/3479/3608 3807/3478/3607 1278/3495/3625
f 1283/3497/3629 1284/3501/3634 3826/3493/3622 3827/3494/3623
f 756/1727/1841 3818/3486/3615 3823/3491/3620 757/1717/1828
f 1276/3469/3632 1275/3467/3635 3805/3474/3603 3804/3471/3600
f 1280/3502/3636 3817/3484/3613 3812/3479/3608 1279/3500/3633
f 1284/3501/3634 1285/3503/3637 3825/3492/3621 3826/3493/3622
f 755/1724/1837 3813/3481/3610 3818/3486/3615 756/1727/1841
f 1275/3467/3635 1274/3465/3638 3806/3476/3605 3805/3474/3603
f 1281/3504/3639 3822/3489/3618 3817/3484/3613 1280/3502/3636
f 1285/3503/3637 1286/3505/3640 3824/3490/3619 3825/3492/3621
f 754/1721/1833 3808/3473/3602 3813/3481/3610 755/1724/1837
f 1274/3465/3638 1273/3461/3626 3807/3478/3607 3806/3476/3605
f 1282/3498/3630 3827/3494/3623 3822/3489/3618 1281/3504/3639
f 1286/3505/3640 1287/3499/3631 3823/3491/3620 3824/3490/3619
f 753/1714/1823 3803/3470/3599 3808/3473/3602 754/1721/1833
f 3828/3506/3641 3829/3507/3642 3834/3508/3643 3833/3509/3644
f 3829/3507/3642 3830/3510/3645 3835/3511/3646 3834/3508/3643
f 3830/3510/3645 3831/3512/3647 3836/3513/3648 3835/3511/3646
f 3831/3512/3647 3832/3514/3649 3837/3515/3650 3836/3513/3648
f 3833/3509/3644 3834/3508/3643 3839/3516/3651 3838/3517/3652
f 3834/3508/3643 3835/3511/3646 3840/3518/3653 3839/3516/3651
f 3835/3511/3646 3836/3513/3648 3841/3519/3654 3840/3518/3653
f 3836/3513/3648 3837/3515/3650 3842/3520/3655 3841/3519/3654
f 3838/3517/3652 3839/3516/3651 3844/3521/3656 3843/3522/3657
f 3839/3516/3651 3840/3518/3653 3845/3523/3658 3844/3521/3656
f 3840/3518/3653 3841/3519/3654 3846/3524/3659 3845/3523/3658
f 3841/3519/3654 3842/3520/3655 3847/3525/3660 3846/3524/3659
f 3843/3522/3657 3844/3521/3656 3849/3526/3661 3848/3527/3662
f 3844/3521/3656 3845/3523/3658 3850/3528/3663 3849/3526/3661
f 3845/3523/3658 3846/3524/3659 3851/3529/3664 3850/3528/3663
f 3846/3524/3659 3847/3525/3660 3852/3530/3665 3851/3529/3664
f 91/1715/1874 1287/3499/3666 3828/3506/3641 768/1756/1872
f 1288/3531/3667 3832/3514/3649 1283/3497/3668 140/3496/3669
f 141/3532/3670 1293/3533/3671 3852/3530/3665 1292/3534/3672
f 772/1759/1876 3848/3527/3662 1297/3535/3673 92/1757/1874
f 1287/3499/3666 1286/3505/3674 3829/3507/3642 3828/3506/3641
f 1289/3536/3675 3837/3515/3650 3832/3514/3649 1288/3531/3667
f 1293/3533/3671 1294/3537/3676 3851/3529/3664 3852/3530/3665
f 771/1769/1887 3843/3522/3657 3848/3527/3662 772/1759/1876
f 1286/3505/3674 1285/3503/3677 3830/3510/3645 3829/3507/3642
f 1290/3538/3678 3842/3520/3655 3837/3515/3650 1289/3536/3675
f 1294/3537/3676 1295/3539/3677 3850/3528/3663 3851/3529/3664
f 770/1766/1884 3838/3517/3652 3843/3522/3657 771/1769/1887
f 1285/3503/3677 1284/3501/3679 3831/3512/3647 3830/3510/3645
f 1291/3540/3680 3847/3525/3660 3842/3520/3655 1290/3538/3678
f 1295/3539/3677 1296/3541/3681 3849/3526/3661 3850/3528/3663
f 769/1763/1880 3833/3509/3644 3838/3517/3652 770/1766/1884
f 1284/3501/3679 1283/3497/3668 3832/3514/3649 3831/3512/3647
f 1292/3534/3672 3852/3530/3665 3847/3525/3660 1291/3540/3680
f 1296/3541/3681 1297/3535/3673 3848/3527/3662 3849/3526/3661
f 768/1756/1872 3828/3506/3641 3833/3509/3644 769/1763/1880
f 3853/3542/3682 3854/3543/3683 3859/3544/3684 3858/3545/3685
f 3854/3543/3683 3855/3546/3686 3860/3547/3687 3859/3544/3684
f 3855/3546/3686 3856/3548/3688 3861/3549/3689 3860/3547/3687
f 3856/3548/3688 3857/3550/3690 3862/3551/3691 3861/3549/3689
f 3858/3545/3685 3859/3544/3684 3864/3552/3692 3863/3553/3693
f 3859/3544/3684 3860/3547/3687 3865/3554/3694 3864/3552/3692
f 3860/3547/3687 3861/3549/3689 3866/3555/3695 3865/3554/3694
f 3861/3549/3689 3862/3551/3691 3867/3556/3696 3866/3555/3695
f 3863/3553/3693 3864/3552/3692 3869/3557/3697 3868/3558/3698
f 3864/3552/3692 3865/3554/3694 3870/3559/3699 3869/3557/3697
f 3865/3554/3694 3866/3555/3695 3871/3560/3700 3870/3559/3699
f 3866/3555/3695 3867/3556/3696 3872/3561/3701 3871/3560/3700
f 3868/3558/3698 3869/3557/3697 3874/3562/3702 3873/3563/3703
f 3869/3557/3697 3870/3559/3699 3875/3564/3704 3874/3562/3702
f 3870/3559/3699 3871/3560/3700 3876/3565/3705 3875/3564/3704
f 3871/3560/3700 3872/3561/3701 3877/3566/3706 3876/3565/3705
f 92/1757/1920 1297/3535/3707 3853/3542/3682 783/1798/1918
f 1298/3567/3708 3857/3550/3690 1293/3533/3709 141/3532/3710
f 142/3568/3711 1303/3569/3712 3877/3566/3706 1302/3570/3713
f 787/1801/1923 3873/3563/3703 1307/3571/3714 93/1799/1921
f 1297/3535/3707 1296/3541/3715 3854/3543/3683 3853/3542/3682
f 1299/3572/3716 3862/3551/3691 3857/3550/3690 1298/3567/3708
f 1303/3569/3712 1304/3573/3717 3876/3565/3705 3877/3566/3706
f 786/1811/1936 3868/3558/3698 3873/3563/3703 787/1801/1923
f 1296/3541/3715 1295/3539/3718 3855/3546/3686 3854/3543/3683
f 1300/3574/3719 3867/3556/3696 3862/3551/3691 1299/3572/3716
f 1304/3573/3717 1305/3575/3720 3875/3564/3704 3876/3565/3705
f 785/1808/1932 3863/3553/3693 3868/3558/3698 786/1811/1936
f 1295/3539/3718 1294/3537/3721 3856/3548/3688 3855/3546/3686
f 1301/3576/3722 3872/3561/3701 3867/3556/3696 1300/3574/3719
f 1305/3575/3720 1306/3577/3723 3874/3562/3702 3875/3564/3704
f 784/1805/1928 3858/3545/3685 3863/3553/3693 785/1808/1932
f 1294/3537/3721 1293/3533/3709 3857/3550/3690 3856/3548/3688
f 1302/3570/3713 3877/3566/3706 3872/3561/3701 1301/3576/3722
f 1306/3577/3723 1307/3571/3714 3873/3563/3703 3874/3562/3702
f 783/1798/1918 3853/3542/3682 3858/3545/3685 784/1805/1928
f 3878/3578/1 3879/3579/1 3884/3580/1 3883/3581/1
f 3879/3579/1 3880/3582/1 3885/3583/1 3884/3580/1
f 3880/3582/1 3881/3584/1 3886/3585/1 3885/3583/1
f 3881/3584/1 3882/3586/1 3887/3587/1 3886/3585/1
f 3883/3581/1 3884/3580/1 3889/3588/1 3888/3589/1
f 3884/3580/1 3885/3583/1 3890/3590/1 3889/3588/1
f 3885/3583/1 3886/3585/1 3891/3591/1 3890/3590/1
f 3886/3585/1 3887/3587/1 3892/3592/1 3891/3591/1
f 3888/3589/1 3889/3588/1 3894/3593/1 3893/3594/1
f 3889/3588/1 3890/3590/1 3895/3595/1 3894/3593/1
f 3890/3590/1 3891/3591/1 3896/3596/1 3895/3595/1
f 3891/3591/1 3892/3592/1 3897/3597/1 3896/3596/1
f 3893/3594/1 3894/3593/1 3899/3598/1 3898/3599/1
f 3894/3593/1 3895/3595/1 3900/3600/1 3899/3598/1
f 3895/3595/1 3896/3596/1 3901/3601/1 3900/3600/1
f 3896/3596/1 3897/3597/1 3902/3602/1 3901/3601/1
f 93/1799/1 1307/3571/1 3878/3578/1 798/1840/1
f 1308/3603/1 3882/3586/1 1303/3569/1 142/3568/1
f 143/3604/1 1313/3605/1 3902/3602/1 1312/3606/1
f 802/1843/1 3898/3599/1 1317/3607/1 94/1841/1
f 1307/3571/1 1306/3577/1 3879/3579/1 3878/3578/1
f 1309/3608/1 3887/3587/1 3882/3586/1 1308/3603/1
f 1313/3605/1 1314/3609/1 3901/3601/1 3902/3602/1
f 801/1853/1 3893/3594/1 3898/3599/1 802/1843/1
f 1306/3577/1 1305/3575/1 3880/3582/1 3879/3579/1
f 1310/3610/1 3892/3592/1 3887/3587/1 1309/3608/1
f 1314/3609/1 1315/3611/1 3900/3600/1 3901/3601/1
f 800/1850/1 3888/3589/1 3893/3594/1 801/1853/1
f 1305/3575/1 1304/3573/1 3881/3584/1 3880/3582/1
f 1311/3612/1 3897/3597/1 3892/3592/1 1310/3610/1
f 1315/3611/1 1316/3613/1 3899/3598/1 3900/3600/1
f 799/1847/1 3883/3581/1 3888/3589/1 800/1850/1
f 1304/3573/1 1303/3569/1 3882/3586/1 3881/3584/1
f 1312/3606/1 3902/3602/1 3897/3597/1 1311/3612/1
f 1316/3613/1 1317/3607/1 3898/3599/1 3899/3598/1
f 798/1840/1 3878/3578/1 3883/3581/1 799/1847/1
f 3903/3614/3724 3904/3615/3725 3909/3616/3725 3908/3617/3724
f 3904/3615/3725 3905/3618/3726 3910/3619/3726 3909/3616/3725
f 3905/3618/3726 3906/3620/3727 3911/3621/3727 3910/3619/3726
f 3906/3620/3727 3907/3622/3728 3912/3623/3728 3911/3621/3727
f 3908/3617/3724 3909/3616/3725 3914/3624/3725 3913/3625/3724
f 3909/3616/3725 3910/3619/3726 3915/3626/3726 3914/3624/3725
f 3910/3619/3726 3911/3621/3727 3916/3627/3727 3915/3626/3726
f 3911/3621/3727 3912/3623/3728 3917/3628/3728 3916/3627/3727
f 3913/3625/3724 3914/3624/3725 3919/3629/3725 3918/3630/3724
f 3914/3624/3725 3915/3626/3726 3920/3631/3726 3919/3629/3725
f 3915/3626/3726 3916/3627/3727 3921/3632/3727 3920/3631/3726
f 3916/3627/3727 3917/3628/3728 3922/3633/3728 3921/3632/3727
f 3918/3630/3724 3919/3629/3725 3924/3634/3729 3923/3635/3724
f 3919/3629/3725 3920/3631/3726 3925/3636/3726 3924/3634/3729
f 3920/3631/3726 3921/3632/3727 3926/3637/3727 3925/3636/3726
f 3921/3632/3727 3922/3633/3728 3927/3638/3728 3926/3637/3727
f 94/1841/1945 1317/3607/3724 3903/3614/3724 813/1882/1945
f 1318/3639/3730 3907/3622/3728 1313/3605/3728 143/3604/3730
f 144/3640/3730 1323/3641/3728 3927/3638/3728 1322/3642/3730
f 817/1885/1945 3923/3635/3724 1327/3643/3724 95/1883/1945
f 1317/3607/3724 1316/3613/3725 3904/3615/3725 3903/3614/3724
f 1319/3644/3730 3912/3623/3728 3907/3622/3728 1318/3639/3730
f 1323/3641/3728 1324/3645/3727 3926/3637/3727 3927/3638/3728
f 816/1895/1945 3918/3630/3724 3923/3635/3724 817/1885/1945
f 1316/3613/3725 1315/3611/3347 3905/3618/3726 3904/3615/3725
f 1320/3646/3730 3917/3628/3728 3912/3623/3728 1319/3644/3730
f 1324/3645/3727 1325/3647/3347 3925/3636/3726 3926/3637/3727
f 815/1892/1945 3913/3625/3724 3918/3630/3724 816/1895/1945
f 1315/3611/3347 1314/3609/3727 3906/3620/3727 3905/3618/3726
f 1321/3648/3730 3922/3633/3728 3917/3628/3728 1320/3646/3730
f 1325/3647/3347 1326/3649/3352 3924/3634/3729 3925/3636/3726
f 814/1889/1945 3908/3617/3724 3913/3625/3724 815/1892/1945
f 1314/3609/3727 1313/3605/3728 3907/3622/3728 3906/3620/3727
f 1322/3642/3730 3927/3638/3728 3922/3633/3728 1321/3648/3730
f 1326/3649/3352 1327/3643/3724 3923/3635/3724 3924/3634/3729
f 813/1882/1945 3903/3614/3724 3908/3617/3724 814/1889/1945
f 3928/3650/1946 3929/3651/1946 3934/3652/1946 3933/3653/1946
f 3929/3651/1946 3930/3654/1946 3935/3655/1946 3934/3652/1946
f 3930/3654/1946 3931/3656/1946 3936/3657/1946 3935/3655/1946
f 3931/3656/1946 3932/3658/1946 3937/3659/1946 3936/3657/1946
f 3933/3653/1946 3934/3652/1946 3939/3660/1946 3938/3661/1946
f 3934/3652/1946 3935/3655/1946 3940/3662/1946 3939/3660/1946
f 3935/3655/1946 3936/3657/1946 3941/3663/1946 3940/3662/1946
f 3936/3657/1946 3937/3659/1946 3942/3664/1946 3941/3663/1946
f 3938/3661/1946 3939/3660/1946 3944/3665/1946 3943/3666/1946
f 3939/3660/1946 3940/3662/1946 3945/3667/1946 3944/3665/1946
f 3940/3662/1946 3941/3663/1946 3946/3668/1946 3945/3667/1946
f 3941/3663/1946 3942/3664/1946 3947/3669/1946 3946/3668/1946
f 3943/3666/1946 3944/3665/1946 3949/3670/1946 3948/3671/1946
f 3944/3665/1946 3945/3667/1946 3950/3672/1946 3949/3670/1946
f 3945/3667/1946 3946/3668/1946 3951/3673/1946 3950/3672/1946
f 3946/3668/1946 3947/3669/1946 3952/3674/1946 3951/3673/1946
f 95/1883/1946 1327/3643/1946 3928/3650/1946 828/1924/1946
f 1328/3675/1946 3932/3658/1946 1323/3641/1946 144/3640/1946
f 145/3676/1946 1333/3677/1946 3952/3674/1946 1332/3678/1946
f 832/1927/1946 3948/3671/1946 1337/3679/1946 96/1925/1946
f 1327/3643/1946 1326/3649/1946 3929/3651/1946 3928/3650/1946
f 1329/3680/1946 3937/3659/1946 3932/3658/1946 1328/3675/1946
f 1333/3677/1946 1334/3681/1946 3951/3673/1946 3952/3674/1946
f 831/1937/1946 3943/3666/1946 3948/3671/1946 832/1927/1946
f 1326/3649/1946 1325/3647/1946 3930/3654/1946 3929/3651/1946
f 1330/3682/1946 3942/3664/1946 3937/3659/1946 1329/3680/1946
f 1334/3681/1946 1335/3683/1946 3950/3672/1946 3951/3673/1946
f 830/1934/1946 3938/3661/1946 3943/3666/1946 831/1937/1946
f 1325/3647/1946 1324/3645/1946 3931/3656/1946 3930/3654/1946
f 1331/3684/1946 3947/3669/1946 3942/3664/1946 1330/3682/1946
f 1335/3683/1946 1336/3685/1946 3949/3670/1946 3950/3672/1946
f 829/1931/1946 3933/3653/1946 3938/3661/1946 830/1934/1946
f 1324/3645/1946 1323/3641/1946 3932/3658/1946 3931/3656/1946
f 1332/3678/1946 3952/3674/1946 3947/3669/1946 1331/3684/1946
f 1336/3685/1946 1337/3679/1946 3948/3671/1946 3949/3670/1946
f 828/1924/1946 3928/3650/1946 3933/3653/1946 829/1931/1946
f 3953/3686/3731 3954/3687/3732 3959/3688/3733 3958/3689/3734
f 3954/3687/3732 3955/3690/3735 3960/3691/3736 3959/3688/3733
f 3955/3690/3735 3956/3692/3737 3961/3693/3738 3960/3691/3736
f 3956/3692/3737 3957/3694/3739 3962/3695/3740 3961/3693/3738
f 3958/3689/3734 3959/3688/3733 3964/3696/3741 3963/3697/3742
f 3959/3688/3733 3960/3691/3736 3965/3698/3743 3964/3696/3741
f 3960/3691/3736 3961/3693/3738 3966/3699/3744 3965/3698/3743
f 3961/3693/3738 3962/3695/3740 3967/3700/3745 3966/3699/3744
f 3963/3697/3742 3964/3696/3741 3969/3701/3746 3968/3702/3747
f 3964/3696/3741 3965/3698/3743 3970/3703/3748 3969/3701/3746
f 3965/3698/3743 3966/3699/3744 3971/3704/3749 3970/3703/3748
f 3966/3699/3744 3967/3700/3745 3972/3705/3750 3971/3704/3749
f 3968/3702/3747 3969/3701/3746 3974/3706/3751 3973/3707/3752
f 3969/3701/3746 3970/3703/3748 3975/3708/3753 3974/3706/3751
f 3970/3703/3748 3971/3704/3749 3976/3709/3754 3975/3708/3753
f 3971/3704/3749 3972/3705/3750 3977/3710/3755 3976/3709/3754
f 96/1925/1977 1337/3679/3756 3953/3686/3731 843/1966/1975
f 1338/3711/3757 3957/3694/3739 1333/3677/3758 145/3676/3759
f 146/3712/3760 1343/3713/3761 3977/3710/3755 1342/3714/3762
f 847/1969/1980 3973/3707/3752 1347/3715/3763 97/1967/1978
f 1337/3679/3756 1336/3685/3764 3954/3687/3732 3953/3686/3731
f 1339/3716/3765 3962/3695/3740 3957/3694/3739 1338/3711/3757
f 1343/3713/3761 1344/3717/3766 3976/3709/3754 3977/3710/3755
f 846/1979/1993 3968/3702/3747 3973/3707/3752 847/1969/1980
f 1336/3685/3764 1335/3683/3767 3955/3690/3735 3954/3687/3732
f 1340/3718/3768 3967/3700/3745 3962/3695/3740 1339/3716/3765
f 1344/3717/3766 1345/3719/3769 3975/3708/3753 3976/3709/3754
f 845/1976/1989 3963/3697/3742 3968/3702/3747 846/1979/1993
f 1335/3683/3767 1334/3681/3770 3956/3692/3737 3955/3690/3735
f 1341/3720/3771 3972/3705/3750 3967/3700/3745 1340/3718/3768
f 1345/3719/3769 1346/3721/3772 3974/3706/3751 3975/3708/3753
f 844/1973/1985 3958/3689/3734 3963/3697/3742 845/1976/1989
f 1334/3681/3770 1333/3677/3758 3957/3694/3739 3956/3692/3737
f 1342/3714/3762 3977/3710/3755 3972/3705/3750 1341/3720/3771
f 1346/3721/3772 1347/3715/3763 3973/3707/3752 3974/3706/3751
f 843/1966/1975 3953/3686/3731 3958/3689/3734 844/1973/1985
f 3978/3722/3773 3979/3723/3774 3984/3724/3775 3983/3725/3776
f 3979/3723/3774 3980/3726/3777 3985/3727/3778 3984/3724/3775
f 3980/3726/3777 3981/3728/3779 3986/3729/3780 3985/3727/3778
f 3981/3728/3779 3982/3730/3781 3987/3731/3782 3986/3729/3780
f 3983/3725/3776 3984/3724/3775 3989/3732/3783 3988/3733/3784
f 3984/3724/3775 3985/3727/3778 3990/3734/3785 3989/3732/3783
f 3985/3727/3778 3986/3729/3780 3991/3735/3786 3990/3734/3785
f 3986/3729/3780 3987/3731/3782 3992/3736/3787 3991/3735/3786
f 3988/3733/3784 3989/3732/3783 3994/3737/3788 3993/3738/3789
f 3989/3732/3783 3990/3734/3785 3995/3739/3790 3994/3737/3788
f 3990/3734/3785 3991/3735/3786 3996/3740/3791 3995/3739/3790
f 3991/3735/3786 3992/3736/3787 3997/3741/3792 3996/3740/3791
f 3993/3738/3789 3994/3737/3788 3999/3742/3793 3998/3743/3794
f 3994/3737/3788 3995/3739/3790 4000/3744/3795 3999/3742/3793
f 3995/3739/3790 3996/3740/3791 4001/3745/3796 4000/3744/3795
f 3996/3740/3791 3997/3741/3792 4002/3746/3797 4001/3745/3796
f 97/1967/2026 1347/3715/3798 3978/3722/3773 858/2008/2024
f 1348/3747/3799 3982/3730/3781 1343/3713/3800 146/3712/3801
f 147/3748/3802 1353/3749/3803 4002/3746/3797 1352/3750/3804
f 862/2011/2029 3998/3743/3794 1357/3751/3805 98/2009/2027
f 1347/3715/3798 1346/3721/3806 3979/3723/3774 3978/3722/3773
f 1349/3752/3807 3987/3731/3782 3982/3730/3781 1348/3747/3799
f 1353/3749/3803 1354/3753/3808 4001/3745/3796 4002/3746/3797
f 861/2021/2042 3993/3738/3789 3998/3743/3794 862/2011/2029
f 1346/3721/3806 1345/3719/3809 3980/3726/3777 3979/3723/3774
f 1350/3754/3810 3992/3736/3787 3987/3731/3782 1349/3752/3807
f 1354/3753/3808 1355/3755/3811 4000/3744/3795 4001/3745/3796
f 860/2018/2038 3988/3733/3784 3993/3738/3789 861/2021/2042
f 1345/3719/3809 1344/3717/3812 3981/3728/3779 3980/3726/3777
f 1351/3756/3813 3997/3741/3792 3992/3736/3787 1350/3754/3810
f 1355/3755/3811 1356/3757/3814 3999/3742/3793 4000/3744/3795
f 859/2015/2034 3983/3725/3776 3988/3733/3784 860/2018/2038
f 1344/3717/3812 1343/3713/3800 3982/3730/3781 3981/3728/3779
f 1352/3750/3804 4002/3746/3797 3997/3741/3792 1351/3756/3813
f 1356/3757/3814 1357/3751/3805 3998/3743/3794 3999/3742/3793
f 858/2008/2024 3978/3722/3773 3983/3725/3776 859/2015/2034
f 4003/3758/1 4004/3759/1 4009/3760/1 4008/3761/1
f 4004/3759/1 4005/3762/1 4010/3763/1 4009/3760/1
f 4005/3762/1 4006/3764/1 4011/3765/1 4010/3763/1
f 4006/3764/1 4007/3766/1 4012/3767/1 4011/3765/1
f 4008/3761/1 4009/3760/1 4014/3768/1 4013/3769/1
f 4009/3760/1 4010/3763/1 4015/3770/1 4014/3768/1
f 4010/3763/1 4011/3765/1 4016/3771/1 4015/3770/1
f 4011/3765/1 4012/3767/1 4017/3772/1 4016/3771/1
f 4013/3769/1 4014/3768/1 4019/3773/1 4018/3774/1
f 4014/3768/1 4015/3770/1 4020/3775/1 4019/3773/1
f 4015/3770/1 4016/3771/1 4021/3776/1 4020/3775/1
f 4016/3771/1 4017/3772/1 4022/3777/1 4021/3776/1
f 4018/3774/1 4019/3773/1 4024/3778/1 4023/3779/1
f 4019/3773/1 4020/3775/1 4025/3780/1 4024/3778/1
f 4020/3775/1 4021/3776/1 4026/3781/1 4025/3780/1
f 4021/3776/1 4022/3777/1 4027/3782/1 4026/3781/1
f 99/2052/1 1358/3783/1 4003/3758/1 878/2050/1
f 167/3784/1 4007/3766/1 1362/3785/1 1/3786/1
f 2/3787/1 1363/3788/1 4027/3782/1 163/3789/1
f 882/2055/1 4023/3779/1 1367/3790/1 100/2053/1
f 1358/3783/1 1359/3791/1 4004/3759/1 4003/3758/1
f 166/3792/1 4012/3767/1 4007/3766/1 167/3784/1
f 1363/3788/1 1364/3793/1 4026/3781/1 4027/3782/1
f 881/2064/1 4018/3774/1 4023/3779/1 882/2055/1
f 1359/3791/1 1360/3794/1 4005/3762/1 4004/3759/1
f 165/3795/1 4017/3772/1 4012/3767/1 166/3792/1
f 1364/3793/1 1365/3796/1 4025/3780/1 4026/3781/1
f 880/2061/1 4013/3769/1 4018/3774/1 881/2064/1
f 1360/3794/1 1361/3797/1 4006/3764/1 4005/3762/1
f 164/3798/1 4022/3777/1 4017/3772/1 165/3795/1
f 1365/3796/1 1366/3799/1 4024/3778/1 4025/3780/1
f 879/2058/1 4008/3761/1 4013/3769/1 880/2061/1
f 1361/3797/1 1362/3785/1 4007/3766/1 4006/3764/1
f 163/3789/1 4027/3782/1 4022/3777/1 164/3798/1
f 1366/3799/1 1367/3790/1 4023/3779/1 4024/3778/1
f 878/2050/1 4003/3758/1 4008/3761/1 879/2058/1
f 4028/3800/3815 4029/3801/3816 4034/3802/3817 4033/3803/3818
f 4029/3801/3816 4030/3804/3819 4035/3805/3820 4034/3802/3817
f 4030/3804/3819 4031/3806/3821 4036/3807/3822 4035/3805/3820
f 4031/3806/3821 4032/3808/3823 4037/3809/3824 4036/3807/3822
f 4033/3803/3818 4034/3802/3817 4039/3810/3825 4038/3811/3826
f 4034/3802/3817 4035/3805/3820 4040/3812/3827 4039/3810/3825
f 4035/3805/3820 4036/3807/3822 4041/3813/3828 4040/3812/3827
f 4036/3807/3822 4037/3809/3824 4042/3814/3829 4041/3813/3828
f 4038/3811/3826 4039/3810/3825 4044/3815/3817 4043/3816/3818
f 4039/3810/3825 4040/3812/3827 4045/3817/3820 4044/3815/3817
f 4040/3812/3827 4041/3813/3828 4046/3818/3822 4045/3817/3820
f 4041/3813/3828 4042/3814/3829 4047/3819/3824 4046/3818/3822
f 4043/3816/3818 4044/3815/3817 4049/3820/3830 4048/3821/3831
f 4044/3815/3817 4045/3817/3820 4050/3822/3819 4049/3820/3830
f 4045/3817/3820 4046/3818/3822 4051/3823/3821 4050/3822/3819
f 4046/3818/3822 4047/3819/3824 4052/3824/3832 4051/3823/3821
f 100/2053/2069 1367/3790/3833 4028/3800/3815 888/2091/2067
f 182/3825/22 4032/3808/3823 1363/3788/3834 2/3787/20
f 3/3826/20 1368/3827/3835 4052/3824/3832 178/3828/22
f 892/2094/2067 4048/3821/3831 1372/3829/3836 101/2092/2069
f 1367/3790/3833 1366/3799/3837 4029/3801/3816 4028/3800/3815
f 181/3830/31 4037/3809/3824 4032/3808/3823 182/3825/22
f 1368/3827/3835 1369/3831/3838 4051/3823/3821 4052/3824/3832
f 891/2100/2073 4043/3816/3818 4048/3821/3831 892/2094/2067
f 1366/3799/3837 1365/3796/3839 4030/3804/3819 4029/3801/3816
f 180/3832/34 4042/3814/3829 4037/3809/3824 181/3830/31
f 1369/3831/3838 1370/3833/3839 4050/3822/3819 4051/3823/3821
f 890/2098/2076 4038/3811/3826 4043/3816/3818 891/2100/2073
f 1365/3796/3839 1364/3793/3840 4031/3806/3821 4030/3804/3819
f 179/3834/31 4047/3819/3824 4042/3814/3829 180/3832/34
f 1370/3833/3839 1371/3835/3841 4049/3820/3830 4050/3822/3819
f 889/2096/2073 4033/3803/3818 4038/3811/3826 890/2098/2076
f 1364/3793/3840 1363/3788/3834 4032/3808/3823 4031/3806/3821
f 178/3828/22 4052/3824/3832 4047/3819/3824 179/3834/31
f 1371/3835/3841 1372/3829/3836 4048/3821/3831 4049/3820/3830
f 888/2091/2067 4028/3800/3815 4033/3803/3818 889/2096/2073
f 4053/3836/3842 4054/3837/3843 4059/3838/3844 4058/3839/3845
f 4054/3837/3843 4055/3840/3846 4060/3841/3847 4059/3838/3844
f 4055/3840/3846 4056/3842/3848 4061/3843/3849 4060/3841/3847
f 4056/3842/3848 4057/3844/3850 4062/3845/3851 4061/3843/3849
f 4058/3839/3845 4059/3838/3844 4064/3846/3852 4063/3847/3853
f 4059/3838/3844 4060/3841/3847 4065/3848/3854 4064/3846/3852
f 4060/3841/3847 4061/3843/3849 4066/3849/3855 4065/3848/3854
f 4061/3843/3849 4062/3845/3851 4067/3850/3856 4066/3849/3855
f 4063/3847/3853 4064/3846/3852 4069/3851/3857 4068/3852/3858
f 4064/3846/3852 4065/3848/3854 4070/3853/3859 4069/3851/3857
f 4065/3848/3854 4066/3849/3855 4071/3854/3860 4070/3853/3859
f 4066/3849/3855 4067/3850/3856 4072/3855/3861 4071/3854/3860
f 4068/3852/3858 4069/3851/3857 4074/3856/3862 4073/3857/3863
f 4069/3851/3857 4070/3853/3859 4075/3858/3864 4074/3856/3862
f 4070/3853/3859 4071/3854/3860 4076/3859/3865 4075/3858/3864
f 4071/3854/3860 4072/3855/3861 4077/3860/3866 4076/3859/3865
f 101/2092/2107 1372/3829/3867 4053/3836/3842 898/2127/2105
f 197/3861/64 4057/3844/3850 1368/3827/3868 3/3826/62
f 4/3862/62 1373/3863/3869 4077/3860/3866 193/3864/70
f 902/2130/2109 4073/3857/3863 1377/3865/3870 102/2128/2107
f 1372/3829/3867 1371/3835/3871 4054/3837/3843 4053/3836/3842
f 196/3866/82 4062/3845/3851 4057/3844/3850 197/3861/64
f 1373/3863/3869 1374/3867/3872 4076/3859/3865 4077/3860/3866
f 901/2136/2117 4068/3852/3858 4073/3857/3863 902/2130/2109
f 1371/3835/3871 1370/3833/3873 4055/3840/3846 4054/3837/3843
f 195/3868/78 4067/3850/3856 4062/3845/3851 196/3866/82
f 1374/3867/3872 1375/3869/3873 4075/3858/3864 4076/3859/3865
f 900/2134/2115 4063/3847/3853 4068/3852/3858 901/2136/2117
f 1370/3833/3873 1369/3831/3874 4056/3842/3848 4055/3840/3846
f 194/3870/75 4072/3855/3861 4067/3850/3856 195/3868/78
f 1375/3869/3873 1376/3871/3875 4074/3856/3862 4075/3858/3864
f 899/2132/2112 4058/3839/3845 4063/3847/3853 900/2134/2115
f 1369/3831/3874 1368/3827/3868 4057/3844/3850 4056/3842/3848
f 193/3864/70 4077/3860/3866 4072/3855/3861 194/3870/75
f 1376/3871/3875 1377/3865/3870 4073/3857/3863 4074/3856/3862
f 898/2127/2105 4053/3836/3842 4058/3839/3845 899/2132/2112
f 4078/3872/3876 4079/3873/3877 4084/3874/3878 4083/3875/3879
f 4079/3873/3877 4080/3876/3880 4085/3877/3881 4084/3874/3878
f 4080/3876/3880 4081/3878/3882 4086/3879/3883 4085/3877/3881
f 4081/3878/3882 4082/3880/3884 4087/3881/3885 4086/3879/3883
f 4083/3875/3879 4084/3874/3878 4089/3882/3886 4088/3883/3887
f 4084/3874/3878 4085/3877/3881 4090/3884/3888 4089/3882/3886
f 4085/3877/3881 4086/3879/3883 4091/3885/3889 4090/3884/3888
f 4086/3879/3883 4087/3881/3885 4092/3886/3890 4091/3885/3889
f 4088/3883/3887 4089/3882/3886 4094/3887/3891 4093/3888/3892
f 4089/3882/3886 4090/3884/3888 4095/3889/3893 4094/3887/3891
f 4090/3884/3888 4091/3885/3889 4096/3890/3894 4095/3889/3893
f 4091/3885/3889 4092/3886/3890 4097/3891/3895 4096/3890/3894
f 4093/3888/3892 4094/3887/3891 4099/3892/3896 4098/3893/3897
f 4094/3887/3891 4095/3889/3893 4100/3894/3898 4099/3892/3896
f 4095/3889/3893 4096/3890/3894 4101/3895/3899 4100/3894/3898
f 4096/3890/3894 4097/3891/3895 4102/3896/3900 4101/3895/3899
f 102/2128/2147 1377/3865/3901 4078/3872/3876 908/2163/2145
f 212/3897/110 4082/3880/3884 1373/3863/3902 4/3862/108
f 5/3898/119 1378/3899/3903 4102/3896/3900 208/3900/117
f 912/2166/2150 4098/3893/3897 1382/3901/3904 103/2164/2148
f 1377/3865/3901 1376/3871/3905 4079/3873/3877 4078/3872/3876
f 211/3902/131 4087/3881/3885 4082/3880/3884 212/3897/110
f 1378/3899/3903 1379/3903/3906 4101/3895/3899 4102/3896/3900
f 911/2172/2159 4093/3888/3892 4098/3893/3897 912/2166/2150
f 1376/3871/3905 1375/3869/3907 4080/3876/3880 4079/3873/3877
f 210/3904/127 4092/3886/3890 4087/3881/3885 211/3902/131
f 1379/3903/3906 1380/3905/3908 4100/3894/3898 4101/3895/3899
f 910/2170/2156 4088/3883/3887 4093/3888/3892 911/2172/2159
f 1375/3869/3907 1374/3867/3909 4081/3878/3882 4080/3876/3880
f 209/3906/123 4097/3891/3895 4092/3886/3890 210/3904/127
f 1380/3905/3908 1381/3907/3910 4099/3892/3896 4100/3894/3898
f 909/2168/2153 4083/3875/3879 4088/3883/3887 910/2170/2156
f 1374/3867/3909 1373/3863/3902 4082/3880/3884 4081/3878/3882
f 208/3900/117 4102/3896/3900 4097/3891/3895 209/3906/123
f 1381/3907/3910 1382/3901/3904 4098/3893/3897 4099/3892/3896
f 908/2163/2145 4078/3872/3876 4083/3875/3879 909/2168/2153
f 4103/3908/3911 4104/3909/3912 4109/3910/3913 4108/3911/3914
f 4104/3909/3912 4105/3912/3915 4110/3913/3916 4109/3910/3913
f 4105/3912/3915 4106/3914/3917 4111/3915/3918 4110/3913/3916
f 4106/3914/3917 4107/3916/3919 4112/3917/3920 4111/3915/3918
f 4108/3911/3914 4109/3910/3913 4114/3918/3921 4113/3919/3922
f 4109/3910/3913 4110/3913/3916 4115/3920/3923 4114/3918/3921
f 4110/3913/3916 4111/3915/3918 4116/3921/3924 4115/3920/3923
f 4111/3915/3918 4112/3917/3920 4117/3922/3925 4116/3921/3924
f 4113/3919/3922 4114/3918/3921 4119/3923/3926 4118/3924/3927
f 4114/3918/3921 4115/3920/3923 4120/3925/3928 4119/3923/3926
f 4115/3920/3923 4116/3921/3924 4121/3926/3929 4120/3925/3928
f 4116/3921/3924 4117/3922/3925 4122/3927/3930 4121/3926/3929
f 4118/3924/3927 4119/3923/3926 4124/3928/3931 4123/3929/3932
f 4119/3923/3926 4120/3925/3928 4125/3930/3933 4124/3928/3931
f 4120/3925/3928 4121/3926/3929 4126/3931/3934 4125/3930/3933
f 4121/3926/3929 4122/3927/3930 4127/3932/3935 4126/3931/3934
f 103/2164/2189 1382/3901/3936 4103/3908/3911 918/2199/2187
f 227/3933/159 4107/3916/3919 1378/3899/3937 5/3898/157
f 6/3934/157 1383/3935/3938 4127/3932/3935 223/3936/165
f 922/2202/2191 4123/3929/3932 1387/3937/3939 104/2200/2189
f 1382/3901/3936 1381/3907/3940 4104/3909/3912 4103/3908/3911
f 226/3938/177 4112/3917/3920 4107/3916/3919 227/3933/159
f 1383/3935/3938 1384/3939/3941 4126/3931/3934 4127/3932/3935
f 921/2208/2194 4118/3924/3927 4123/3929/3932 922/2202/2191
f 1381/3907/3940 1380/3905/3942 4105/3912/3915 4104/3909/3912
f 225/3940/174 4117/3922/3925 4112/3917/3920 226/3938/177
f 1384/3939/3941 1385/3941/3943 4125/3930/3933 4126/3931/3934
f 920/2206/2197 4113/3919/3922 4118/3924/3927 921/2208/2194
f 1380/3905/3942 1379/3903/3944 4106/3914/3917 4105/3912/3915
f 224/3942/170 4122/3927/3930 4117/3922/3925 225/3940/174
f 1385/3941/3943 1386/3943/3945 4124/3928/3931 4125/3930/3933
f 919/2204/2194 4108/3911/3914 4113/3919/3922 920/2206/2197
f 1379/3903/3944 1378/3899/3937 4107/3916/3919 4106/3914/3917
f 223/3936/165 4127/3932/3935 4122/3927/3930 224/3942/170
f 1386/3943/3945 1387/3937/3939 4123/3929/3932 4124/3928/3931
f 918/2199/2187 4103/3908/3911 4108/3911/3914 919/2204/2194
f 4128/3944/3946 4129/3945/3947 4134/3946/3948 4133/3947/3949
f 4129/3945/3947 4130/3948/3950 4135/3949/3951 4134/3946/3948
f 4130/3948/3950 4131/3950/3952 4136/3951/3953 4135/3949/3951
f 4131/3950/3952 4132/3952/3954 4137/3953/3955 4136/3951/3953
f 4133/3947/3949 4134/3946/3948 4139/3954/3956 4138/3955/3957
f 4134/3946/3948 4135/3949/3951 4140/3956/3958 4139/3954/3956
f 4135/3949/3951 4136/3951/3953 4141/3957/3959 4140/3956/3958
f 4136/3951/3953 4137/3953/3955 4142/3958/3960 4141/3957/3959
f 4138/3955/3957 4139/3954/3956 4144/3959/3961 4143/3960/3962
f 4139/3954/3956 4140/3956/3958 4145/3961/3963 4144/3959/3961
f 4140/3956/3958 4141/3957/3959 4146/3962/3964 4145/3961/3963
f 4141/3957/3959 4142/3958/3960 4147/3963/3965 4146/3962/3964
f 4143/3960/3962 4144/3959/3961 4149/3964/3966 4148/3965/3967
f 4144/3959/3961 4145/3961/3963 4150/3966/3968 4149/3964/3966
f 4145/3961/3963 4146/3962/3964 4151/3967/3969 4150/3966/3968
f 4146/3962/3964 4147/3963/3965 4152/3968/3970 4151/3967/3969
f 104/2200/2229 1387/3937/3971 4128/3944/3946 928/2235/2227
f 242/3969/205 4132/3952/3954 1383/3935/3972 6/3934/203
f 7/3970/214 1388/3971/3973 4152/3968/3970 238/3972/212
f 932/2238/2232 4148/3965/3967 1392/3973/3974 105/2236/2230
f 1387/3937/3971 1386/3943/3975 4129/3945/3947 4128/3944/3946
f 241/3974/226 4137/3953/3955 4132/3952/3954 242/3969/205
f 1388/3971/3973 1389/3975/3976 4151/3967/3969 4152/3968/3970
f 931/2244/2241 4143/3960/3962 4148/3965/3967 932/2238/2232
f 1386/3943/3975 1385/3941/3977 4130/3948/3950 4129/3945/3947
f 240/3976/222 4142/3958/3960 4137/3953/3955 241/3974/226
f 1389/3975/3976 1390/3977/3978 4150/3966/3968 4151/3967/3969
f 930/2242/2238 4138/3955/3957 4143/3960/3962 931/2244/2241
f 1385/3941/3977 1384/3939/3979 4131/3950/3952 4130/3948/3950
f 239/3978/218 4147/3963/3965 4142/3958/3960 240/3976/222
f 1390/3977/3978 1391/3979/3980 4149/3964/3966 4150/3966/3968
f 929/2240/2235 4133/3947/3949 4138/3955/3957 930/2242/2238
f 1384/3939/3979 1383/3935/3972 4132/3952/3954 4131/3950/3952
f 238/3972/212 4152/3968/3970 4147/3963/3965 239/3978/218
f 1391/3979/3980 1392/3973/3974 4148/3965/3967 4149/3964/3966
f 928/2235/2227 4128/3944/3946 4133/3947/3949 929/2240/2235
f 4153/3980/3981 4154/3981/3982 4159/3982/3983 4158/3983/3984
f 4154/3981/3982 4155/3984/3985 4160/3985/3986 4159/3982/3983
f 4155/3984/3985 4156/3986/3987 4161/3987/3988 4160/3985/3986
f 4156/3986/3987 4157/3988/3989 4162/3989/3990 4161/3987/3988
f 4158/3983/3984 4159/3982/3983 4164/3990/3991 4163/3991/3992
f 4159/3982/3983 4160/3985/3986 4165/3992/3993 4164/3990/3991
f 4160/3985/3986 4161/3987/3988 4166/3993/3994 4165/3992/3993
f 4161/3987/3988 4162/3989/3990 4167/3994/3995 4166/3993/3994
f 4163/3991/3992 4164/3990/3991 4169/3995/3996 4168/3996/3997
f 4164/3990/3991 4165/3992/3993 4170/3997/3998 4169/3995/3996
f 4165/3992/3993 4166/3993/3994 4171/3998/3999 4170/3997/3998
f 4166/3993/3994 4167/3994/3995 4172/3999/4000 4171/3998/3999
f 4168/3996/3997 4169/3995/3996 4174/4000/4001 4173/4001/4002
f 4169/3995/3996 4170/3997/3998 4175/4002/4003 4174/4000/4001
f 4170/3997/3998 4171/3998/3999 4176/4003/4004 4175/4002/4003
f 4171/3998/3999 4172/3999/4000 4177/4004/4005 4176/4003/4004
f 105/2236/2271 1392/3973/4006 4153/3980/3981 938/2271/2269
f 257/4005/254 4157/3988/3989 1388/3971/4007 7/3970/252
f 8/4006/263 1393/4007/4008 4177/4004/4005 253/4008/261
f 942/2274/2274 4173/4001/4002 1397/4009/4009 106/2272/2272
f 1392/3973/4006 1391/3979/4010 4154/3981/3982 4153/3980/3981
f 256/4010/275 4162/3989/3990 4157/3988/3989 257/4005/254
f 1393/4007/4008 1394/4011/4011 4176/4003/4004 4177/4004/4005
f 941/2280/2283 4168/3996/3997 4173/4001/4002 942/2274/2274
f 1391/3979/4010 1390/3977/4012 4155/3984/3985 4154/3981/3982
f 255/4012/271 4167/3994/3995 4162/3989/3990 256/4010/275
f 1394/4011/4011 1395/4013/4013 4175/4002/4003 4176/4003/4004
f 940/2278/2280 4163/3991/3992 4168/3996/3997 941/2280/2283
f 1390/3977/4012 1389/3975/4014 4156/3986/3987 4155/3984/3985
f 254/4014/267 4172/3999/4000 4167/3994/3995 255/4012/271
f 1395/4013/4013 1396/4015/4015 4174/4000/4001 4175/4002/4003
f 939/2276/2277 4158/3983/3984 4163/3991/3992 940/2278/2280
f 1389/3975/4014 1388/3971/4007 4157/3988/3989 4156/3986/3987
f 253/4008/261 4177/4004/4005 4172/3999/4000 254/4014/267
f 1396/4015/4015 1397/4009/4009 4173/4001/4002 4174/4000/4001
f 938/2271/2269 4153/3980/3981 4158/3983/3984 939/2276/2277
f 4178/4016/4016 4179/4017/4017 4184/4018/4018 4183/4019/4019
f 4179/4017/4017 4180/4020/4020 4185/4021/4021 4184/4018/4018
f 4180/4020/4020 4181/4022/4022 4186/4023/4023 4185/4021/4021
f 4181/4022/4022 4182/4024/4024 4187/4025/4025 4186/4023/4023
f 4183/4019/4019 4184/4018/4018 4189/4026/4026 4188/4027/4027
f 4184/4018/4018 4185/4021/4021 4190/4028/4028 4189/4026/4026
f 4185/4021/4021 4186/4023/4023 4191/4029/4029 4190/4028/4028
f 4186/4023/4023 4187/4025/4025 4192/4030/4030 4191/4029/4029
f 4188/4027/4027 4189/4026/4026 4194/4031/4031 4193/4032/4032
f 4189/4026/4026 4190/4028/4028 4195/4033/4033 4194/4031/4031
f 4190/4028/4028 4191/4029/4029 4196/4034/4034 4195/4033/4033
f 4191/4029/4029 4192/4030/4030 4197/4035/4035 4196/4034/4034
f 4193/4032/4032 4194/4031/4031 4199/4036/4036 4198/4037/4037
f 4194/4031/4031 4195/4033/4033 4200/4038/4020 4199/4036/4036
f 4195/4033/4033 4196/4034/4034 4201/4039/4038 4200/4038/4020
f 4196/4034/4034 4197/4035/4035 4202/4040/4039 4201/4039/4038
f 106/2272/2312 1397/4009/4040 4178/4016/4016 948/2307/2310
f 272/4041/303 4182/4024/4024 1393/4007/4041 8/4006/301
f 9/4042/301 1398/4043/4042 4202/4040/4039 268/4044/303
f 952/2310/2310 4198/4037/4037 1402/4045/4043 107/2308/2312
f 1397/4009/4040 1396/4015/4044 4179/4017/4017 4178/4016/4016
f 271/4046/312 4187/4025/4025 4182/4024/4024 272/4041/303
f 1398/4043/4042 1399/4047/4045 4201/4039/4038 4202/4040/4039
f 951/2316/2316 4193/4032/4032 4198/4037/4037 952/2310/2310
f 1396/4015/4044 1395/4013/4046 4180/4020/4020 4179/4017/4017
f 270/4048/315 4192/4030/4030 4187/4025/4025 271/4046/312
f 1399/4047/4045 1400/4049/4046 4200/4038/4020 4201/4039/4038
f 950/2314/2319 4188/4027/4027 4193/4032/4032 951/2316/2316
f 1395/4013/4046 1394/4011/4047 4181/4022/4022 4180/4020/4020
f 269/4050/312 4197/4035/4035 4192/4030/4030 270/4048/315
f 1400/4049/4046 1401/4051/4048 4199/4036/4036 4200/4038/4020
f 949/2312/2316 4183/4019/4019 4188/4027/4027 950/2314/2319
f 1394/4011/4047 1393/4007/4041 4182/4024/4024 4181/4022/4022
f 268/4044/303 4202/4040/4039 4197/4035/4035 269/4050/312
f 1401/4051/4048 1402/4045/4043 4198/4037/4037 4199/4036/4036
f 948/2307/2310 4178/4016/4016 4183/4019/4019 949/2312/2316
f 4203/4052/4049 4204/4053/4050 4209/4054/4051 4208/4055/4052
f 4204/4053/4050 4205/4056/4053 4210/4057/4054 4209/4054/4051
f 4205/4056/4053 4206/4058/4055 4211/4059/4056 4210/4057/4054
f 4206/4058/4055 4207/4060/4057 4212/4061/4058 4211/4059/4056
f 4208/4055/4052 4209/4054/4051 4214/4062/4059 4213/4063/4060
f 4209/4054/4051 4210/4057/4054 4215/4064/4061 4214/4062/4059
f 4210/4057/4054 4211/4059/4056 4216/4065/4062 4215/4064/4061
f 4211/4059/4056 4212/4061/4058 4217/4066/4063 4216/4065/4062
f 4213/4063/4060 4214/4062/4059 4219/4067/4064 4218/4068/4065
f 4214/4062/4059 4215/4064/4061 4220/4069/4066 4219/4067/4064
f 4215/4064/4061 4216/4065/4062 4221/4070/4067 4220/4069/4066
f 4216/4065/4062 4217/4066/4063 4222/4071/4068 4221/4070/4067
f 4218/4068/4065 4219/4067/4064 4224/4072/4069 4223/4073/4070
f 4219/4067/4064 4220/4069/4066 4225/4074/4071 4224/4072/4069
f 4220/4069/4066 4221/4070/4067 4226/4075/4072 4225/4074/4071
f 4221/4070/4067 4222/4071/4068 4227/4076/4073 4226/4075/4072
f 107/2308/2350 1402/4045/4074 4203/4052/4049 958/2343/2348
f 287/4077/345 4207/4060/4057 1398/4043/4075 9/4042/343
f 10/4078/354 1403/4079/4076 4227/4076/4073 283/4080/352
f 962/2346/2353 4223/4073/4070 1407/4081/4077 108/2344/2351
f 1402/4045/4074 1401/4051/4078 4204/4053/4050 4203/4052/4049
f 286/4082/366 4212/4061/4058 4207/4060/4057 287/4077/345
f 1403/4079/4076 1404/4083/4079 4226/4075/4072 4227/4076/4073
f 961/2352/2362 4218/4068/4065 4223/4073/4070 962/2346/2353
f 1401/4051/4078 1400/4049/4080 4205/4056/4053 4204/4053/4050
f 285/4084/362 4217/4066/4063 4212/4061/4058 286/4082/366
f 1404/4083/4079 1405/4085/4081 4225/4074/4071 4226/4075/4072
f 960/2350/2359 4213/4063/4060 4218/4068/4065 961/2352/2362
f 1400/4049/4080 1399/4047/4082 4206/4058/4055 4205/4056/4053
f 284/4086/358 4222/4071/4068 4217/4066/4063 285/4084/362
f 1405/4085/4081 1406/4087/4083 4224/4072/4069 4225/4074/4071
f 959/2348/2356 4208/4055/4052 4213/4063/4060 960/2350/2359
f 1399/4047/4082 1398/4043/4075 4207/4060/4057 4206/4058/4055
f 283/4080/352 4227/4076/4073 4222/4071/4068 284/4086/358
f 1406/4087/4083 1407/4081/4077 4223/4073/4070 4224/4072/4069
f 958/2343/2348 4203/4052/4049 4208/4055/4052 959/2348/2356
f 4228/4088/4084 4229/4089/4085 4234/4090/4086 4233/4091/4087
f 4229/4089/4085 4230/4092/4088 4235/4093/4089 4234/4090/4086
f 4230/4092/4088 4231/4094/4090 4236/4095/4091 4235/4093/4089
f 4231/4094/4090 4232/4096/4092 4237/4097/4093 4236/4095/4091
f 4233/4091/4087 4234/4090/4086 4239/4098/4094 4238/4099/4095
f 4234/4090/4086 4235/4093/4089 4240/4100/4096 4239/4098/4094
f 4235/4093/4089 4236/4095/4091 4241/4101/4097 4240/4100/4096
f 4236/4095/4091 4237/4097/4093 4242/4102/4098 4241/4101/4097
f 4238/4099/4095 4239/4098/4094 4244/4103/4099 4243/4104/4100
f 4239/4098/4094 4240/4100/4096 4245/4105/4101 4244/4103/4099
f 4240/4100/4096 4241/4101/4097 4246/4106/4102 4245/4105/4101
f 4241/4101/4097 4242/4102/4098 4247/4107/4103 4246/4106/4102
f 4243/4104/4100 4244/4103/4099 4249/4108/4104 4248/4109/4105
f 4244/4103/4099 4245/4105/4101 4250/4110/4106 4249/4108/4104
f 4245/4105/4101 4246/4106/4102 4251/4111/4107 4250/4110/4106
f 4246/4106/4102 4247/4107/4103 4252/4112/4108 4251/4111/4107
f 108/2344/2392 1407/4081/4109 4228/4088/4084 968/2379/2390
f 302/4113/394 4232/4096/4092 1403/4079/4110 10/4078/392
f 11/4114/403 1408/4115/4111 4252/4112/4108 298/4116/401
f 972/2382/2395 4248/4109/4105 1412/4117/4112 109/2380/2393
f 1407/4081/4109 1406/4087/4113 4229/4089/4085 4228/4088/4084
f 301/4118/415 4237/4097/4093 4232/4096/4092 302/4113/394
f 1408/4115/4111 1409/4119/4114 4251/4111/4107 4252/4112/4108
f 971/2388/2404 4243/4104/4100 4248/4109/4105 972/2382/2395
f 1406/4087/4113 1405/4085/4115 4230/4092/4088 4229/4089/4085
f 300/4120/411 4242/4102/4098 4237/4097/4093 301/4118/415
f 1409/4119/4114 1410/4121/4116 4250/4110/4106 4251/4111/4107
f 970/2386/2401 4238/4099/4095 4243/4104/4100 971/2388/2404
f 1405/4085/4115 1404/4083/4117 4231/4094/4090 4230/4092/4088
f 299/4122/407 4247/4107/4103 4242/4102/4098 300/4120/411
f 1410/4121/4116 1411/4123/4118 4249/4108/4104 4250/4110/4106
f 969/2384/2398 4233/4091/4087 4238/4099/4095 970/2386/2401
f 1404/4083/4117 1403/4079/4110 4232/4096/4092 4231/4094/4090
f 298/4116/401 4252/4112/4108 4247/4107/4103 299/4122/407
f 1411/4123/4118 1412/4117/4112 4248/4109/4105 4249/4108/4104
f 968/2379/2390 4228/4088/4084 4233/4091/4087 969/2384/2398
f 4253/4124/4119 4254/4125/4120 4259/4126/4121 4258/4127/4122
f 4254/4125/4120 4255/4128/4123 4260/4129/4124 4259/4126/4121
f 4255/4128/4123 4256/4130/4125 4261/4131/4126 4260/4129/4124
f 4256/4130/4125 4257/4132/4127 4262/4133/4128 4261/4131/4126
f 4258/4127/4122 4259/4126/4121 4264/4134/4129 4263/4135/4130
f 4259/4126/4121 4260/4129/4124 4265/4136/4131 4264/4134/4129
f 4260/4129/4124 4261/4131/4126 4266/4137/4132 4265/4136/4131
f 4261/4131/4126 4262/4133/4128 4267/4138/4133 4266/4137/4132
f 4263/4135/4130 4264/4134/4129 4269/4139/4134 4268/4140/4135
f 4264/4134/4129 4265/4136/4131 4270/4141/4136 4269/4139/4134
f 4265/4136/4131 4266/4137/4132 4271/4142/4137 4270/4141/4136
f 4266/4137/4132 4267/4138/4133 4272/4143/4138 4271/4142/4137
f 4268/4140/4135 4269/4139/4134 4274/4144/4139 4273/4145/4140
f 4269/4139/4134 4270/4141/4136 4275/4146/4141 4274/4144/4139
f 4270/4141/4136 4271/4142/4137 4276/4147/4142 4275/4146/4141
f 4271/4142/4137 4272/4143/4138 4277/4148/4143 4276/4147/4142
f 109/2380/2434 1412/4117/4144 4253/4124/4119 978/2415/2432
f 317/4149/443 4257/4132/4127 1408/4115/4145 11/4114/441
f 12/4150/452 1413/4151/4146 4277/4148/4143 313/4152/450
f 982/2418/2437 4273/4145/4140 1417/4153/4147 110/2416/2435
f 1412/4117/4144 1411/4123/4148 4254/4125/4120 4253/4124/4119
f 316/4154/464 4262/4133/4128 4257/4132/4127 317/4149/443
f 1413/4151/4146 1414/4155/4149 4276/4147/4142 4277/4148/4143
f 981/2424/2446 4268/4140/4135 4273/4145/4140 982/2418/2437
f 1411/4123/4148 1410/4121/4150 4255/4128/4123 4254/4125/4120
f 315/4156/460 4267/4138/4133 4262/4133/4128 316/4154/464
f 1414/4155/4149 1415/4157/4151 4275/4146/4141 4276/4147/4142
f 980/2422/2443 4263/4135/4130 4268/4140/4135 981/2424/2446
f 1410/4121/4150 1409/4119/4152 4256/4130/4125 4255/4128/4123
f 314/4158/456 4272/4143/4138 4267/4138/4133 315/4156/460
f 1415/4157/4151 1416/4159/4153 4274/4144/4139 4275/4146/4141
f 979/2420/2440 4258/4127/4122 4263/4135/4130 980/2422/2443
f 1409/4119/4152 1408/4115/4145 4257/4132/4127 4256/4130/4125
f 313/4152/450 4277/4148/4143 4272/4143/4138 314/4158/456
f 1416/4159/4153 1417/4153/4147 4273/4145/4140 4274/4144/4139
f 978/2415/2432 4253/4124/4119 4258/4127/4122 979/2420/2440
f 4278/4160/4154 4279/4161/4155 4284/4162/4156 4283/4163/4157
f 4279/4161/4155 4280/4164/4158 4285/4165/4159 4284/4162/4156
f 4280/4164/4158 4281/4166/4160 4286/4167/4161 4285/4165/4159
f 4281/4166/4160 4282/4168/4162 4287/4169/4163 4286/4167/4161
f 4283/4163/4157 4284/4162/4156 4289/4170/4164 4288/4171/4165
f 4284/4162/4156 4285/4165/4159 4290/4172/4166 4289/4170/4164
f 4285/4165/4159 4286/4167/4161 4291/4173/4167 4290/4172/4166
f 4286/4167/4161 4287/4169/4163 4292/4174/4168 4291/4173/4167
f 4288/4171/4165 4289/4170/4164 4294/4175/4169 4293/4176/4170
f 4289/4170/4164 4290/4172/4166 4295/4177/4171 4294/4175/4169
f 4290/4172/4166 4291/4173/4167 4296/4178/4172 4295/4177/4171
f 4291/4173/4167 4292/4174/4168 4297/4179/4173 4296/4178/4172
f 4293/4176/4170 4294/4175/4169 4299/4180/4174 4298/4181/4175
f 4294/4175/4169 4295/4177/4171 4300/4182/4158 4299/4180/4174
f 4295/4177/4171 4296/4178/4172 4301/4183/4176 4300/4182/4158
f 4296/4178/4172 4297/4179/4173 4302/4184/4177 4301/4183/4176
f 110/2416/2475 1417/4153/4178 4278/4160/4154 988/2451/2473
f 332/4185/491 4282/4168/4162 1413/4151/4179 12/4150/489
f 13/4186/489 1418/4187/4180 4302/4184/4177 328/4188/497
f 992/2454/2477 4298/4181/4175 1422/4189/4181 111/2452/2475
f 1417/4153/4178 1416/4159/4182 4279/4161/4155 4278/4160/4154
f 331/4190/502 4287/4169/4163 4282/4168/4162 332/4185/491
f 1418/4187/4180 1419/4191/4183 4301/4183/4176 4302/4184/4177
f 991/2460/2480 4293/4176/4170 4298/4181/4175 992/2454/2477
f 1416/4159/4182 1415/4157/4184 4280/4164/4158 4279/4161/4155
f 330/4192/505 4292/4174/4168 4287/4169/4163 331/4190/502
f 1419/4191/4183 1420/4193/4184 4300/4182/4158 4301/4183/4176
f 990/2458/2483 4288/4171/4165 4293/4176/4170 991/2460/2480
f 1415/4157/4184 1414/4155/4185 4281/4166/4160 4280/4164/4158
f 329/4194/502 4297/4179/4173 4292/4174/4168 330/4192/505
f 1420/4193/4184 1421/4195/4186 4299/4180/4174 4300/4182/4158
f 989/2456/2480 4283/4163/4157 4288/4171/4165 990/2458/2483
f 1414/4155/4185 1413/4151/4179 4282/4168/4162 4281/4166/4160
f 328/4188/497 4302/4184/4177 4297/4179/4173 329/4194/502
f 1421/4195/4186 1422/4189/4181 4298/4181/4175 4299/4180/4174
f 988/2451/2473 4278/4160/4154 4283/4163/4157 989/2456/2480
f 4303/4196/4187 4304/4197/4188 4309/4198/4189 4308/4199/4190
f 4304/4197/4188 4305/4200/4191 4310/4201/4192 4309/4198/4189
f 4305/4200/4191 4306/4202/4193 4311/4203/4194 4310/4201/4192
f 4306/4202/4193 4307/4204/4195 4312/4205/4196 4311/4203/4194
f 4308/4199/4190 4309/4198/4189 4314/4206/4197 4313/4207/4198
f 4309/4198/4189 4310/4201/4192 4315/4208/4199 4314/4206/4197
f 4310/4201/4192 4311/4203/4194 4316/4209/4200 4315/4208/4199
f 4311/4203/4194 4312/4205/4196 4317/4210/4201 4316/4209/4200
f 4313/4207/4198 4314/4206/4197 4319/4211/4202 4318/4212/4203
f 4314/4206/4197 4315/4208/4199 4320/4213/4204 4319/4211/4202
f 4315/4208/4199 4316/4209/4200 4321/4214/4205 4320/4213/4204
f 4316/4209/4200 4317/4210/4201 4322/4215/4206 4321/4214/4205
f 4318/4212/4203 4319/4211/4202 4324/4216/4207 4323/4217/4208
f 4319/4211/4202 4320/4213/4204 4325/4218/4209 4324/4216/4207
f 4320/4213/4204 4321/4214/4205 4326/4219/4210 4325/4218/4209
f 4321/4214/4205 4322/4215/4206 4327/4220/4211 4326/4219/4210
f 111/2452/2514 1422/4189/4212 4303/4196/4187 998/2487/2512
f 347/4221/536 4307/4204/4195 1418/4187/4213 13/4186/534
f 14/4222/545 1423/4223/4214 4327/4220/4211 343/4224/543
f 1002/2490/2517 4323/4217/4208 1427/4225/4215 112/2488/2515
f 1422/4189/4212 1421/4195/4216 4304/4197/4188 4303/4196/4187
f 346/4226/557 4312/4205/4196 4307/4204/4195 347/4221/536
f 1423/4223/4214 1424/4227/4217 4326/4219/4210 4327/4220/4211
f 1001/2496/2526 4318/4212/4203 4323/4217/4208 1002/2490/2517
f 1421/4195/4216 1420/4193/4218 4305/4200/4191 4304/4197/4188
f 345/4228/553 4317/4210/4201 4312/4205/4196 346/4226/557
f 1424/4227/4217 1425/4229/4219 4325/4218/4209 4326/4219/4210
f 1000/2494/2523 4313/4207/4198 4318/4212/4203 1001/2496/2526
f 1420/4193/4218 1419/4191/4220 4306/4202/4193 4305/4200/4191
f 344/4230/549 4322/4215/4206 4317/4210/4201 345/4228/553
f 1425/4229/4219 1426/4231/4221 4324/4216/4207 4325/4218/4209
f 999/2492/2520 4308/4199/4190 4313/4207/4198 1000/2494/2523
f 1419/4191/4220 1418/4187/4213 4307/4204/4195 4306/4202/4193
f 343/4224/543 4327/4220/4211 4322/4215/4206 344/4230/549
f 1426/4231/4221 1427/4225/4215 4323/4217/4208 4324/4216/4207
f 998/2487/2512 4303/4196/4187 4308/4199/4190 999/2492/2520
f 4328/4232/4222 4329/4233/4223 4334/4234/4224 4333/4235/4225
f 4329/4233/4223 4330/4236/4226 4335/4237/4227 4334/4234/4224
f 4330/4236/4226 4331/4238/4228 4336/4239/4229 4335/4237/4227
f 4331/4238/4228 4332/4240/4230 4337/4241/4231 4336/4239/4229
f 4333/4235/4225 4334/4234/4224 4339/4242/4232 4338/4243/4233
f 4334/4234/4224 4335/4237/4227 4340/4244/4234 4339/4242/4232
f 4335/4237/4227 4336/4239/4229 4341/4245/4235 4340/4244/4234
f 4336/4239/4229 4337/4241/4231 4342/4246/4236 4341/4245/4235
f 4338/4243/4233 4339/4242/4232 4344/4247/4237 4343/4248/4238
f 4339/4242/4232 4340/4244/4234 4345/4249/4239 4344/4247/4237
f 4340/4244/4234 4341/4245/4235 4346/4250/4240 4345/4249/4239
f 4341/4245/4235 4342/4246/4236 4347/4251/4241 4346/4250/4240
f 4343/4248/4238 4344/4247/4237 4349/4252/4242 4348/4253/4243
f 4344/4247/4237 4345/4249/4239 4350/4254/4244 4349/4252/4242
f 4345/4249/4239 4346/4250/4240 4351/4255/4245 4350/4254/4244
f 4346/4250/4240 4347/4251/4241 4352/4256/4246 4351/4255/4245
f 112/2488/2556 1427/4225/4247 4328/4232/4222 1008/2523/2554
f 362/4257/585 4332/4240/4230 1423/4223/4248 14/4222/583
f 15/4258/594 1428/4259/4249 4352/4256/4246 358/4260/592
f 1012/2526/2559 4348/4253/4243 1432/4261/4250 113/2524/2557
f 1427/4225/4247 1426/4231/4251 4329/4233/4223 4328/4232/4222
f 361/4262/606 4337/4241/4231 4332/4240/4230 362/4257/585
f 1428/4259/4249 1429/4263/4252 4351/4255/4245 4352/4256/4246
f 1011/2532/2568 4343/4248/4238 4348/4253/4243 1012/2526/2559
f 1426/4231/4251 1425/4229/4253 4330/4236/4226 4329/4233/4223
f 360/4264/602 4342/4246/4236 4337/4241/4231 361/4262/606
f 1429/4263/4252 1430/4265/4254 4350/4254/4244 4351/4255/4245
f 1010/2530/2565 4338/4243/4233 4343/4248/4238 1011/2532/2568
f 1425/4229/4253 1424/4227/4255 4331/4238/4228 4330/4236/4226
f 359/4266/598 4347/4251/4241 4342/4246/4236 360/4264/602
f 1430/4265/4254 1431/4267/4256 4349/4252/4242 4350/4254/4244
f 1009/2528/2562 4333/4235/4225 4338/4243/4233 1010/2530/2565
f 1424/4227/4255 1423/4223/4248 4332/4240/4230 4331/4238/4228
f 358/4260/592 4352/4256/4246 4347/4251/4241 359/4266/598
f 1431/4267/4256 1432/4261/4250 4348/4253/4243 4349/4252/4242
f 1008/2523/2554 4328/4232/4222 4333/4235/4225 1009/2528/2562
f 4353/4268/4257 4354/4269/4258 4359/4270/4259 4358/4271/4260
f 4354/4269/4258 4355/4272/4261 4360/4273/4262 4359/4270/4259
f 4355/4272/4261 4356/4274/4263 4361/4275/4264 4360/4273/4262
f 4356/4274/4263 4357/4276/4265 4362/4277/4266 4361/4275/4264
f 4358/4271/4260 4359/4270/4259 4364/4278/4267 4363/4279/4268
f 4359/4270/4259 4360/4273/4262 4365/4280/4269 4364/4278/4267
f 4360/4273/4262 4361/4275/4264 4366/4281/4270 4365/4280/4269
f 4361/4275/4264 4362/4277/4266 4367/4282/4271 4366/4281/4270
f 4363/4279/4268 4364/4278/4267 4369/4283/4272 4368/4284/4273
f 4364/4278/4267 4365/4280/4269 4370/4285/4274 4369/4283/4272
f 4365/4280/4269 4366/4281/4270 4371/4286/4275 4370/4285/4274
f 4366/4281/4270 4367/4282/4271 4372/4287/4276 4371/4286/4275
f 4368/4284/4273 4369/4283/4272 4374/4288/4277 4373/4289/4278
f 4369/4283/4272 4370/4285/4274 4375/4290/4279 4374/4288/4277
f 4370/4285/4274 4371/4286/4275 4376/4291/4280 4375/4290/4279
f 4371/4286/4275 4372/4287/4276 4377/4292/4281 4376/4291/4280
f 113/2524/2598 1432/4261/4282 4353/4268/4257 1018/2559/2596
f 377/4293/634 4357/4276/4265 1428/4259/4283 15/4258/632
f 16/4294/643 1433/4295/4284 4377/4292/4281 373/4296/641
f 1022/2562/2600 4373/4289/4278 1437/4297/4285 114/2560/2598
f 1432/4261/4282 1431/4267/4286 4354/4269/4258 4353/4268/4257
f 376/4298/655 4362/4277/4266 4357/4276/4265 377/4293/634
f 1433/4295/4284 1434/4299/4287 4376/4291/4280 4377/4292/4281
f 1021/2568/2609 4368/4284/4273 4373/4289/4278 1022/2562/2600
f 1431/4267/4286 1430/4265/4288 4355/4272/4261 4354/4269/4258
f 375/4300/651 4367/4282/4271 4362/4277/4266 376/4298/655
f 1434/4299/4287 1435/4301/4289 4375/4290/4279 4376/4291/4280
f 1020/2566/2606 4363/4279/4268 4368/4284/4273 1021/2568/2609
f 1430/4265/4288 1429/4263/4290 4356/4274/4263 4355/4272/4261
f 374/4302/647 4372/4287/4276 4367/4282/4271 375/4300/651
f 1435/4301/4289 1436/4303/4291 4374/4288/4277 4375/4290/4279
f 1019/2564/2603 4358/4271/4260 4363/4279/4268 1020/2566/2606
f 1429/4263/4290 1428/4259/4283 4357/4276/4265 4356/4274/4263
f 373/4296/641 4377/4292/4281 4372/4287/4276 374/4302/647
f 1436/4303/4291 1437/4297/4285 4373/4289/4278 4374/4288/4277
f 1018/2559/2596 4353/4268/4257 4358/4271/4260 1019/2564/2603
f 4378/4304/4292 4379/4305/4293 4384/4306/4294 4383/4307/4295
f 4379/4305/4293 4380/4308/4296 4385/4309/4297 4384/4306/4294
f 4380/4308/4296 4381/4310/4298 4386/4311/4299 4385/4309/4297
f 4381/4310/4298 4382/4312/4300 4387/4313/4301 4386/4311/4299
f 4383/4307/4295 4384/4306/4294 4389/4314/4302 4388/4315/4303
f 4384/4306/4294 4385/4309/4297 4390/4316/4304 4389/4314/4302
f 4385/4309/4297 4386/4311/4299 4391/4317/4305 4390/4316/4304
f 4386/4311/4299 4387/4313/4301 4392/4318/4306 4391/4317/4305
f 4388/4315/4303 4389/4314/4302 4394/4319/4307 4393/4320/4308
f 4389/4314/4302 4390/4316/4304 4395/4321/4309 4394/4319/4307
f 4390/4316/4304 4391/4317/4305 4396/4322/4310 4395/4321/4309
f 4391/4317/4305 4392/4318/4306 4397/4323/4311 4396/4322/4310
f 4393/4320/4308 4394/4319/4307 4399/4324/4312 4398/4325/4313
f 4394/4319/4307 4395/4321/4309 4400/4326/4314 4399/4324/4312
f 4395/4321/4309 4396/4322/4310 4401/4327/4315 4400/4326/4314
f 4396/4322/4310 4397/4323/4311 4402/4328/4316 4401/4327/4315
f 114/2560/2639 1437/4297/4317 4378/4304/4292 1028/2595/2637
f 392/4329/683 4382/4312/4300 1433/4295/4318 16/4294/681
f 17/4330/692 1438/4331/4319 4402/4328/4316 388/4332/690
f 1032/2598/2642 4398/4325/4313 1442/4333/4320 115/2596/2640
f 1437/4297/4317 1436/4303/4321 4379/4305/4293 4378/4304/4292
f 391/4334/704 4387/4313/4301 4382/4312/4300 392/4329/683
f 1438/4331/4319 1439/4335/4322 4401/4327/4315 4402/4328/4316
f 1031/2604/2651 4393/4320/4308 4398/4325/4313 1032/2598/2642
f 1436/4303/4321 1435/4301/4323 4380/4308/4296 4379/4305/4293
f 390/4336/700 4392/4318/4306 4387/4313/4301 391/4334/704
f 1439/4335/4322 1440/4337/4324 4400/4326/4314 4401/4327/4315
f 1030/2602/2648 4388/4315/4303 4393/4320/4308 1031/2604/2651
f 1435/4301/4323 1434/4299/4325 4381/4310/4298 4380/4308/4296
f 389/4338/696 4397/4323/4311 4392/4318/4306 390/4336/700
f 1440/4337/4324 1441/4339/4326 4399/4324/4312 4400/4326/4314
f 1029/2600/2645 4383/4307/4295 4388/4315/4303 1030/2602/2648
f 1434/4299/4325 1433/4295/4318 4382/4312/4300 4381/4310/4298
f 388/4332/690 4402/4328/4316 4397/4323/4311 389/4338/696
f 1441/4339/4326 1442/4333/4320 4398/4325/4313 4399/4324/4312
f 1028/2595/2637 4378/4304/4292 4383/4307/4295 1029/2600/2645
f 4403/4340/4327 4404/4341/4328 4409/4342/4329 4408/4343/4330
f 4404/4341/4328 4405/4344/4331 4410/4345/4332 4409/4342/4329
f 4405/4344/4331 4406/4346/4333 4411/4347/4334 4410/4345/4332
f 4406/4346/4333 4407/4348/4335 4412/4349/4336 4411/4347/4334
f 4408/4343/4330 4409/4342/4329 4414/4350/4337 4413/4351/4338
f 4409/4342/4329 4410/4345/4332 4415/4352/4339 4414/4350/4337
f 4410/4345/4332 4411/4347/4334 4416/4353/4340 4415/4352/4339
f 4411/4347/4334 4412/4349/4336 4417/4354/4341 4416/4353/4340
f 4413/4351/4338 4414/4350/4337 4419/4355/4342 4418/4356/4343
f 4414/4350/4337 4415/4352/4339 4420/4357/4344 4419/4355/4342
f 4415/4352/4339 4416/4353/4340 4421/4358/4345 4420/4357/4344
f 4416/4353/4340 4417/4354/4341 4422/4359/4346 4421/4358/4345
f 4418/4356/4343 4419/4355/4342 4424/4360/4347 4423/4361/4348
f 4419/4355/4342 4420/4357/4344 4425/4362/4349 4424/4360/4347
f 4420/4357/4344 4421/4358/4345 4426/4363/4350 4425/4362/4349
f 4421/4358/4345 4422/4359/4346 4427/4364/4351 4426/4363/4350
f 115/2596/2681 1442/4333/4352 4403/4340/4327 1038/2631/2679
f 407/4365/732 4407/4348/4335 1438/4331/4353 17/4330/730
f 18/4366/741 1443/4367/4354 4427/4364/4351 403/4368/739
f 1042/2634/2684 4423/4361/4348 1447/4369/4355 116/2632/2682
f 1442/4333/4352 1441/4339/4356 4404/4341/4328 4403/4340/4327
f 406/4370/753 4412/4349/4336 4407/4348/4335 407/4365/732
f 1443/4367/4354 1444/4371/4357 4426/4363/4350 4427/4364/4351
f 1041/2640/2693 4418/4356/4343 4423/4361/4348 1042/2634/2684
f 1441/4339/4356 1440/4337/4358 4405/4344/4331 4404/4341/4328
f 405/4372/749 4417/4354/4341 4412/4349/4336 406/4370/753
f 1444/4371/4357 1445/4373/4359 4425/4362/4349 4426/4363/4350
f 1040/2638/2690 4413/4351/4338 4418/4356/4343 1041/2640/2693
f 1440/4337/4358 1439/4335/4360 4406/4346/4333 4405/4344/4331
f 404/4374/745 4422/4359/4346 4417/4354/4341 405/4372/749
f 1445/4373/4359 1446/4375/4361 4424/4360/4347 4425/4362/4349
f 1039/2636/2687 4408/4343/4330 4413/4351/4338 1040/2638/2690
f 1439/4335/4360 1438/4331/4353 4407/4348/4335 4406/4346/4333
f 403/4368/739 4427/4364/4351 4422/4359/4346 404/4374/745
f 1446/4375/4361 1447/4369/4355 4423/4361/4348 4424/4360/4347
f 1038/2631/2679 4403/4340/4327 4408/4343/4330 1039/2636/2687
f 4428/4376/4362 4429/4377/4363 4434/4378/4364 4433/4379/4365
f 4429/4377/4363 4430/4380/4366 4435/4381/4367 4434/4378/4364
f 4430/4380/4366 4431/4382/4368 4436/4383/4369 4435/4381/4367
f 4431/4382/4368 4432/4384/4370 4437/4385/4371 4436/4383/4369
f 4433/4379/4365 4434/4378/4364 4439/4386/4372 4438/4387/4373
f 4434/4378/4364 4435/4381/4367 4440/4388/4374 4439/4386/4372
f 4435/4381/4367 4436/4383/4369 4441/4389/4375 4440/4388/4374
f 4436/4383/4369 4437/4385/4371 4442/4390/4376 4441/4389/4375
f 4438/4387/4373 4439/4386/4372 4444/4391/4377 4443/4392/4378
f 4439/4386/4372 4440/4388/4374 4445/4393/4367 4444/4391/4377
f 4440/4388/4374 4441/4389/4375 4446/4394/4379 4445/4393/4367
f 4441/4389/4375 4442/4390/4376 4447/4395/4380 4446/4394/4379
f 4443/4392/4378 4444/4391/4377 4449/4396/4381 4448/4397/4382
f 4444/4391/4377 4445/4393/4367 4450/4398/4366 4449/4396/4381
f 4445/4393/4367 4446/4394/4379 4451/4399/4383 4450/4398/4366
f 4446/4394/4379 4447/4395/4380 4452/4400/4384 4451/4399/4383
f 116/2632/2721 1447/4369/4385 4428/4376/4362 1048/2667/2719
f 422/4401/779 4432/4384/4370 1443/4367/4386 18/4366/777
f 19/4402/777 1448/4403/4387 4452/4400/4384 418/4404/779
f 1052/2670/2719 4448/4397/4382 1452/4405/4388 117/2668/2721
f 1447/4369/4385 1446/4375/4389 4429/4377/4363 4428/4376/4362
f 421/4406/491 4437/4385/4371 4432/4384/4370 422/4401/779
f 1448/4403/4387 1449/4407/4390 4451/4399/4383 4452/4400/4384
f 1051/2676/2477 4443/4392/4378 4448/4397/4382 1052/2670/2719
f 1446/4375/4389 1445/4373/4391 4430/4380/4366 4429/4377/4363
f 420/4408/789 4442/4390/4376 4437/4385/4371 421/4406/491
f 1449/4407/4390 1450/4409/4391 4450/4398/4366 4451/4399/4383
f 1050/2674/2727 4438/4387/4373 4443/4392/4378 1051/2676/2477
f 1445/4373/4391 1444/4371/4392 4431/4382/4368 4430/4380/4366
f 419/4410/497 4447/4395/4380 4442/4390/4376 420/4408/789
f 1450/4409/4391 1451/4411/4393 4449/4396/4381 4450/4398/4366
f 1049/2672/2473 4433/4379/4365 4438/4387/4373 1050/2674/2727
f 1444/4371/4392 1443/4367/4386 4432/4384/4370 4431/4382/4368
f 418/4404/779 4452/4400/4384 4447/4395/4380 419/4410/497
f 1451/4411/4393 1452/4405/4388 4448/4397/4382 4449/4396/4381
f 1048/2667/2719 4428/4376/4362 4433/4379/4365 1049/2672/2473
f 4453/4412/4394 4454/4413/4395 4459/4414/4396 4458/4415/4397
f 4454/4413/4395 4455/4416/4398 4460/4417/4399 4459/4414/4396
f 4455/4416/4398 4456/4418/4400 4461/4419/4401 4460/4417/4399
f 4456/4418/4400 4457/4420/4402 4462/4421/4403 4461/4419/4401
f 4458/4415/4397 4459/4414/4396 4464/4422/4404 4463/4423/4405
f 4459/4414/4396 4460/4417/4399 4465/4424/4406 4464/4422/4404
f 4460/4417/4399 4461/4419/4401 4466/4425/4407 4465/4424/4406
f 4461/4419/4401 4462/4421/4403 4467/4426/4408 4466/4425/4407
f 4463/4423/4405 4464/4422/4404 4469/4427/4409 4468/4428/4410
f 4464/4422/4404 4465/4424/4406 4470/4429/4411 4469/4427/4409
f 4465/4424/4406 4466/4425/4407 4471/4430/4412 4470/4429/4411
f 4466/4425/4407 4467/4426/4408 4472/4431/4413 4471/4430/4412
f 4468/4428/4410 4469/4427/4409 4474/4432/4414 4473/4433/4415
f 4469/4427/4409 4470/4429/4411 4475/4434/4416 4474/4432/4414
f 4470/4429/4411 4471/4430/4412 4476/4435/4417 4475/4434/4416
f 4471/4430/4412 4472/4431/4413 4477/4436/4418 4476/4435/4417
f 117/2668/2758 1452/4405/4419 4453/4412/4394 1058/2703/2756
f 437/4437/819 4457/4420/4402 1448/4403/4420 19/4402/817
f 20/4438/827 1453/4439/4421 4477/4436/4418 433/4440/825
f 1062/2706/2760 4473/4433/4415 1457/4441/4422 118/2704/2758
f 1452/4405/4419 1451/4411/4423 4454/4413/4395 4453/4412/4394
f 436/4442/839 4462/4421/4403 4457/4420/4402 437/4437/819
f 1453/4439/4421 1454/4443/4424 4476/4435/4417 4477/4436/4418
f 1061/2712/2769 4468/4428/4410 4473/4433/4415 1062/2706/2760
f 1451/4411/4423 1450/4409/4425 4455/4416/4398 4454/4413/4395
f 435/4444/835 4467/4426/4408 4462/4421/4403 436/4442/839
f 1454/4443/4424 1455/4445/4426 4475/4434/4416 4476/4435/4417
f 1060/2710/2766 4463/4423/4405 4468/4428/4410 1061/2712/2769
f 1450/4409/4425 1449/4407/4427 4456/4418/4400 4455/4416/4398
f 434/4446/831 4472/4431/4413 4467/4426/4408 435/4444/835
f 1455/4445/4426 1456/4447/4428 4474/4432/4414 4475/4434/4416
f 1059/2708/2763 4458/4415/4397 4463/4423/4405 1060/2710/2766
f 1449/4407/4427 1448/4403/4420 4457/4420/4402 4456/4418/4400
f 433/4440/825 4477/4436/4418 4472/4431/4413 434/4446/831
f 1456/4447/4428 1457/4441/4422 4473/4433/4415 4474/4432/4414
f 1058/2703/2756 4453/4412/4394 4458/4415/4397 1059/2708/2763
f 4478/4448/4429 4479/4449/4430 4484/4450/4431 4483/4451/4432
f 4479/4449/4430 4480/4452/4433 4485/4453/4434 4484/4450/4431
f 4480/4452/4433 4481/4454/4435 4486/4455/4436 4485/4453/4434
f 4481/4454/4435 4482/4456/4437 4487/4457/4438 4486/4455/4436
f 4483/4451/4432 4484/4450/4431 4489/4458/4439 4488/4459/4440
f 4484/4450/4431 4485/4453/4434 4490/4460/4441 4489/4458/4439
f 4485/4453/4434 4486/4455/4436 4491/4461/4442 4490/4460/4441
f 4486/4455/4436 4487/4457/4438 4492/4462/4443 4491/4461/4442
f 4488/4459/4440 4489/4458/4439 4494/4463/4444 4493/4464/4445
f 4489/4458/4439 4490/4460/4441 4495/4465/4446 4494/4463/4444
f 4490/4460/4441 4491/4461/4442 4496/4466/4447 4495/4465/4446
f 4491/4461/4442 4492/4462/4443 4497/4467/4448 4496/4466/4447
f 4493/4464/4445 4494/4463/4444 4499/4468/4449 4498/4469/4450
f 4494/4463/4444 4495/4465/4446 4500/4470/4451 4499/4468/4449
f 4495/4465/4446 4496/4466/4447 4501/4471/4452 4500/4470/4451
f 4496/4466/4447 4497/4467/4448 4502/4472/4453 4501/4471/4452
f 118/2704/2799 1457/4441/4454 4478/4448/4429 1068/2739/2797
f 452/4473/867 4482/4456/4437 1453/4439/4455 20/4438/865
f 21/4474/875 1458/4475/4456 4502/4472/4453 448/4476/873
f 1072/2742/2801 4498/4469/4450 1462/4477/4457 119/2740/2799
f 1457/4441/4454 1456/4447/4458 4479/4449/4430 4478/4448/4429
f 451/4478/887 4487/4457/4438 4482/4456/4437 452/4473/867
f 1458/4475/4456 1459/4479/4459 4501/4471/4452 4502/4472/4453
f 1071/2748/2810 4493/4464/4445 4498/4469/4450 1072/2742/2801
f 1456/4447/4458 1455/4445/4460 4480/4452/4433 4479/4449/4430
f 450/4480/883 4492/4462/4443 4487/4457/4438 451/4478/887
f 1459/4479/4459 1460/4481/4461 4500/4470/4451 4501/4471/4452
f 1070/2746/2807 4488/4459/4440 4493/4464/4445 1071/2748/2810
f 1455/4445/4460 1454/4443/4462 4481/4454/4435 4480/4452/4433
f 449/4482/879 4497/4467/4448 4492/4462/4443 450/4480/883
f 1460/4481/4461 1461/4483/4463 4499/4468/4449 4500/4470/4451
f 1069/2744/2804 4483/4451/4432 4488/4459/4440 1070/2746/2807
f 1454/4443/4462 1453/4439/4455 4482/4456/4437 4481/4454/4435
f 448/4476/873 4502/4472/4453 4497/4467/4448 449/4482/879
f 1461/4483/4463 1462/4477/4457 4498/4469/4450 4499/4468/4449
f 1068/2739/2797 4478/4448/4429 4483/4451/4432 1069/2744/2804
f 4503/4484/4464 4504/4485/4465 4509/4486/4466 4508/4487/4467
f 4504/4485/4465 4505/4488/4468 4510/4489/4469 4509/4486/4466
f 4505/4488/4468 4506/4490/4470 4511/4491/4471 4510/4489/4469
f 4506/4490/4470 4507/4492/4472 4512/4493/4473 4511/4491/4471
f 4508/4487/4467 4509/4486/4466 4514/4494/4474 4513/4495/4475
f 4509/4486/4466 4510/4489/4469 4515/4496/4476 4514/4494/4474
f 4510/4489/4469 4511/4491/4471 4516/4497/4477 4515/4496/4476
f 4511/4491/4471 4512/4493/4473 4517/4498/4478 4516/4497/4477
f 4513/4495/4475 4514/4494/4474 4519/4499/4479 4518/4500/4480
f 4514/4494/4474 4515/4496/4476 4520/4501/4481 4519/4499/4479
f 4515/4496/4476 4516/4497/4477 4521/4502/4482 4520/4501/4481
f 4516/4497/4477 4517/4498/4478 4522/4503/4483 4521/4502/4482
f 4518/4500/4480 4519/4499/4479 4524/4504/4484 4523/4505/4485
f 4519/4499/4479 4520/4501/4481 4525/4506/4486 4524/4504/4484
f 4520/4501/4481 4521/4502/4482 4526/4507/4487 4525/4506/4486
f 4521/4502/4482 4522/4503/4483 4527/4508/4488 4526/4507/4487
f 119/2740/2840 1462/4477/4489 4503/4484/4464 1078/2775/2838
f 467/4509/915 4507/4492/4472 1458/4475/4490 21/4474/913
f 22/4510/924 1463/4511/4491 4527/4508/4488 463/4512/922
f 1082/2778/2843 4523/4505/4485 1467/4513/4492 120/2776/2841
f 1462/4477/4489 1461/4483/4493 4504/4485/4465 4503/4484/4464
f 466/4514/936 4512/4493/4473 4507/4492/4472 467/4509/915
f 1463/4511/4491 1464/4515/4494 4526/4507/4487 4527/4508/4488
f 1081/2784/2852 4518/4500/4480 4523/4505/4485 1082/2778/2843
f 1461/4483/4493 1460/4481/4495 4505/4488/4468 4504/4485/4465
f 465/4516/932 4517/4498/4478 4512/4493/4473 466/4514/936
f 1464/4515/4494 1465/4517/4496 4525/4506/4486 4526/4507/4487
f 1080/2782/2849 4513/4495/4475 4518/4500/4480 1081/2784/2852
f 1460/4481/4495 1459/4479/4497 4506/4490/4470 4505/4488/4468
f 464/4518/928 4522/4503/4483 4517/4498/4478 465/4516/932
f 1465/4517/4496 1466/4519/4498 4524/4504/4484 4525/4506/4486
f 1079/2780/2846 4508/4487/4467 4513/4495/4475 1080/2782/2849
f 1459/4479/4497 1458/4475/4490 4507/4492/4472 4506/4490/4470
f 463/4512/922 4527/4508/4488 4522/4503/4483 464/4518/928
f 1466/4519/4498 1467/4513/4492 4523/4505/4485 4524/4504/4484
f 1078/2775/2838 4503/4484/4464 4508/4487/4467 1079/2780/2846
f 4528/4520/4499 4529/4521/4500 4534/4522/4501 4533/4523/4502
f 4529/4521/4500 4530/4524/4503 4535/4525/4504 4534/4522/4501
f 4530/4524/4503 4531/4526/4505 4536/4527/4506 4535/4525/4504
f 4531/4526/4505 4532/4528/4507 4537/4529/4508 4536/4527/4506
f 4533/4523/4502 4534/4522/4501 4539/4530/4509 4538/4531/4510
f 4534/4522/4501 4535/4525/4504 4540/4532/4511 4539/4530/4509
f 4535/4525/4504 4536/4527/4506 4541/4533/4512 4540/4532/4511
f 4536/4527/4506 4537/4529/4508 4542/4534/4513 4541/4533/4512
f 4538/4531/4510 4539/4530/4509 4544/4535/4514 4543/4536/4515
f 4539/4530/4509 4540/4532/4511 4545/4537/4516 4544/4535/4514
f 4540/4532/4511 4541/4533/4512 4546/4538/4517 4545/4537/4516
f 4541/4533/4512 4542/4534/4513 4547/4539/4518 4546/4538/4517
f 4543/4536/4515 4544/4535/4514 4549/4540/4519 4548/4541/4520
f 4544/4535/4514 4545/4537/4516 4550/4542/4521 4549/4540/4519
f 4545/4537/4516 4546/4538/4517 4551/4543/4522 4550/4542/4521
f 4546/4538/4517 4547/4539/4518 4552/4544/4523 4551/4543/4522
f 120/2776/2882 1467/4513/4524 4528/4520/4499 1088/2811/2880
f 482/4545/964 4532/4528/4507 1463/4511/4525 22/4510/962
f 23/4546/973 1468/4547/4526 4552/4544/4523 478/4548/971
f 1092/2814/2885 4548/4541/4520 1472/4549/4527 121/2812/2883
f 1467/4513/4524 1466/4519/4528 4529/4521/4500 4528/4520/4499
f 481/4550/985 4537/4529/4508 4532/4528/4507 482/4545/964
f 1468/4547/4526 1469/4551/4529 4551/4543/4522 4552/4544/4523
f 1091/2820/2894 4543/4536/4515 4548/4541/4520 1092/2814/2885
f 1466/4519/4528 1465/4517/4530 4530/4524/4503 4529/4521/4500
f 480/4552/981 4542/4534/4513 4537/4529/4508 481/4550/985
f 1469/4551/4529 1470/4553/4531 4550/4542/4521 4551/4543/4522
f 1090/2818/2891 4538/4531/4510 4543/4536/4515 1091/2820/2894
f 1465/4517/4530 1464/4515/4532 4531/4526/4505 4530/4524/4503
f 479/4554/977 4547/4539/4518 4542/4534/4513 480/4552/981
f 1470/4553/4531 1471/4555/4533 4549/4540/4519 4550/4542/4521
f 1089/2816/2888 4533/4523/4502 4538/4531/4510 1090/2818/2891
f 1464/4515/4532 1463/4511/4525 4532/4528/4507 4531/4526/4505
f 478/4548/971 4552/4544/4523 4547/4539/4518 479/4554/977
f 1471/4555/4533 1472/4549/4527 4548/4541/4520 4549/4540/4519
f 1088/2811/2880 4528/4520/4499 4533/4523/4502 1089/2816/2888
f 4553/4556/4534 4554/4557/4535 4559/4558/4536 4558/4559/4537
f 4554/4557/4535 4555/4560/4538 4560/4561/4539 4559/4558/4536
f 4555/4560/4538 4556/4562/4540 4561/4563/4541 4560/4561/4539
f 4556/4562/4540 4557/4564/4542 4562/4565/4543 4561/4563/4541
f 4558/4559/4537 4559/4558/4536 4564/4566/4544 4563/4567/4545
f 4559/4558/4536 4560/4561/4539 4565/4568/4546 4564/4566/4544
f 4560/4561/4539 4561/4563/4541 4566/4569/4547 4565/4568/4546
f 4561/4563/4541 4562/4565/4543 4567/4570/4548 4566/4569/4547
f 4563/4567/4545 4564/4566/4544 4569/4571/4549 4568/4572/4550
f 4564/4566/4544 4565/4568/4546 4570/4573/4551 4569/4571/4549
f 4565/4568/4546 4566/4569/4547 4571/4574/4552 4570/4573/4551
f 4566/4569/4547 4567/4570/4548 4572/4575/4553 4571/4574/4552
f 4568/4572/4550 4569/4571/4549 4574/4576/4554 4573/4577/4555
f 4569/4571/4549 4570/4573/4551 4575/4578/4556 4574/4576/4554
f 4570/4573/4551 4571/4574/4552 4576/4579/4557 4575/4578/4556
f 4571/4574/4552 4572/4575/4553 4577/4580/4558 4576/4579/4557
f 121/2812/2924 1472/4549/4559 4553/4556/4534 1098/2847/2922
f 497/4581/1013 4557/4564/4542 1468/4547/4560 23/4546/1011
f 24/4582/1011 1473/4583/4561 4577/4580/4558 493/4584/1019
f 1102/2850/2926 4573/4577/4555 1477/4585/4562 122/2848/2924
f 1472/4549/4559 1471/4555/4563 4554/4557/4535 4553/4556/4534
f 496/4586/1032 4562/4565/4543 4557/4564/4542 497/4581/1013
f 1473/4583/4561 1474/4587/4564 4576/4579/4557 4577/4580/4558
f 1101/2856/2935 4568/4572/4550 4573/4577/4555 1102/2850/2926
f 1471/4555/4563 1470/4553/4565 4555/4560/4538 4554/4557/4535
f 495/4588/1028 4567/4570/4548 4562/4565/4543 496/4586/1032
f 1474/4587/4564 1475/4589/4565 4575/4578/4556 4576/4579/4557
f 1100/2854/2932 4563/4567/4545 4568/4572/4550 1101/2856/2935
f 1470/4553/4565 1469/4551/4566 4556/4562/4540 4555/4560/4538
f 494/4590/1024 4572/4575/4553 4567/4570/4548 495/4588/1028
f 1475/4589/4565 1476/4591/4567 4574/4576/4554 4575/4578/4556
f 1099/2852/2929 4558/4559/4537 4563/4567/4545 1100/2854/2932
f 1469/4551/4566 1468/4547/4560 4557/4564/4542 4556/4562/4540
f 493/4584/1019 4577/4580/4558 4572/4575/4553 494/4590/1024
f 1476/4591/4567 1477/4585/4562 4573/4577/4555 4574/4576/4554
f 1098/2847/2922 4553/4556/4534 4558/4559/4537 1099/2852/2929
f 4578/4592/4568 4579/4593/4569 4584/4594/4570 4583/4595/4571
f 4579/4593/4569 4580/4596/4572 4585/4597/4573 4584/4594/4570
f 4580/4596/4572 4581/4598/4574 4586/4599/4575 4585/4597/4573
f 4581/4598/4574 4582/4600/4576 4587/4601/4577 4586/4599/4575
f 4583/4595/4571 4584/4594/4570 4589/4602/4578 4588/4603/4579
f 4584/4594/4570 4585/4597/4573 4590/4604/4580 4589/4602/4578
f 4585/4597/4573 4586/4599/4575 4591/4605/4581 4590/4604/4580
f 4586/4599/4575 4587/4601/4577 4592/4606/4582 4591/4605/4581
f 4588/4603/4579 4589/4602/4578 4594/4607/4583 4593/4608/4584
f 4589/4602/4578 4590/4604/4580 4595/4609/4585 4594/4607/4583
f 4590/4604/4580 4591/4605/4581 4596/4610/4586 4595/4609/4585
f 4591/4605/4581 4592/4606/4582 4597/4611/4587 4596/4610/4586
f 4593/4608/4584 4594/4607/4583 4599/4612/4588 4598/4613/4589
f 4594/4607/4583 4595/4609/4585 4600/4614/4590 4599/4612/4588
f 4595/4609/4585 4596/4610/4586 4601/4615/4591 4600/4614/4590
f 4596/4610/4586 4597/4611/4587 4602/4616/4592 4601/4615/4591
f 122/2848/2965 1477/4585/4593 4578/4592/4568 1108/2883/2963
f 512/4617/1060 4582/4600/4576 1473/4583/4594 24/4582/1058
f 25/4618/1069 1478/4619/4595 4602/4616/4592 508/4620/1067
f 1112/2886/2968 4598/4613/4589 1482/4621/4596 123/2884/2966
f 1477/4585/4593 1476/4591/4597 4579/4593/4569 4578/4592/4568
f 511/4622/1081 4587/4601/4577 4582/4600/4576 512/4617/1060
f 1478/4619/4595 1479/4623/4598 4601/4615/4591 4602/4616/4592
f 1111/2892/2977 4593/4608/4584 4598/4613/4589 1112/2886/2968
f 1476/4591/4597 1475/4589/4599 4580/4596/4572 4579/4593/4569
f 510/4624/1077 4592/4606/4582 4587/4601/4577 511/4622/1081
f 1479/4623/4598 1480/4625/4600 4600/4614/4590 4601/4615/4591
f 1110/2890/2974 4588/4603/4579 4593/4608/4584 1111/2892/2977
f 1475/4589/4599 1474/4587/4601 4581/4598/4574 4580/4596/4572
f 509/4626/1073 4597/4611/4587 4592/4606/4582 510/4624/1077
f 1480/4625/4600 1481/4627/4602 4599/4612/4588 4600/4614/4590
f 1109/2888/2971 4583/4595/4571 4588/4603/4579 1110/2890/2974
f 1474/4587/4601 1473/4583/4594 4582/4600/4576 4581/4598/4574
f 508/4620/1067 4602/4616/4592 4597/4611/4587 509/4626/1073
f 1481/4627/4602 1482/4621/4596 4598/4613/4589 4599/4612/4588
f 1108/2883/2963 4578/4592/4568 4583/4595/4571 1109/2888/2971
f 4603/4628/4603 4604/4629/4604 4609/4630/4605 4608/4631/4606
f 4604/4629/4604 4605/4632/4607 4610/4633/4608 4609/4630/4605
f 4605/4632/4607 4606/4634/4609 4611/4635/4610 4610/4633/4608
f 4606/4634/4609 4607/4636/4611 4612/4637/4612 4611/4635/4610
f 4608/4631/4606 4609/4630/4605 4614/4638/4613 4613/4639/4614
f 4609/4630/4605 4610/4633/4608 4615/4640/4615 4614/4638/4613
f 4610/4633/4608 4611/4635/4610 4616/4641/4616 4615/4640/4615
f 4611/4635/4610 4612/4637/4612 4617/4642/4617 4616/4641/4616
f 4613/4639/4614 4614/4638/4613 4619/4643/4618 4618/4644/4619
f 4614/4638/4613 4615/4640/4615 4620/4645/4620 4619/4643/4618
f 4615/4640/4615 4616/4641/4616 4621/4646/4621 4620/4645/4620
f 4616/4641/4616 4617/4642/4617 4622/4647/4622 4621/4646/4621
f 4618/4644/4619 4619/4643/4618 4624/4648/4623 4623/4649/4624
f 4619/4643/4618 4620/4645/4620 4625/4650/4625 4624/4648/4623
f 4620/4645/4620 4621/4646/4621 4626/4651/4626 4625/4650/4625
f 4621/4646/4621 4622/4647/4622 4627/4652/4627 4626/4651/4626
f 123/2884/3007 1482/4621/4628 4603/4628/4603 1118/2919/3005
f 527/4653/1109 4607/4636/4611 1478/4619/4629 25/4618/1107
f 26/4654/1117 1483/4655/4630 4627/4652/4627 523/4656/1115
f 1122/2922/3009 4623/4649/4624 1487/4657/4631 124/2920/3007
f 1482/4621/4628 1481/4627/4632 4604/4629/4604 4603/4628/4603
f 526/4658/1129 4612/4637/4612 4607/4636/4611 527/4653/1109
f 1483/4655/4630 1484/4659/4633 4626/4651/4626 4627/4652/4627
f 1121/2928/3018 4618/4644/4619 4623/4649/4624 1122/2922/3009
f 1481/4627/4632 1480/4625/4634 4605/4632/4607 4604/4629/4604
f 525/4660/1125 4617/4642/4617 4612/4637/4612 526/4658/1129
f 1484/4659/4633 1485/4661/4635 4625/4650/4625 4626/4651/4626
f 1120/2926/3015 4613/4639/4614 4618/4644/4619 1121/2928/3018
f 1480/4625/4634 1479/4623/4636 4606/4634/4609 4605/4632/4607
f 524/4662/1121 4622/4647/4622 4617/4642/4617 525/4660/1125
f 1485/4661/4635 1486/4663/4637 4624/4648/4623 4625/4650/4625
f 1119/2924/3012 4608/4631/4606 4613/4639/4614 1120/2926/3015
f 1479/4623/4636 1478/4619/4629 4607/4636/4611 4606/4634/4609
f 523/4656/1115 4627/4652/4627 4622/4647/4622 524/4662/1121
f 1486/4663/4637 1487/4657/4631 4623/4649/4624 4624/4648/4623
f 1118/2919/3005 4603/4628/4603 4608/4631/4606 1119/2924/3012
f 4628/4664/4638 4629/4665/4639 4634/4666/4640 4633/4667/4641
f 4629/4665/4639 4630/4668/4642 4635/4669/4643 4634/4666/4640
f 4630/4668/4642 4631/4670/4644 4636/4671/4645 4635/4669/4643
f 4631/4670/4644 4632/4672/4646 4637/4673/4647 4636/4671/4645
f 4633/4667/4641 4634/4666/4640 4639/4674/4648 4638/4675/4649
f 4634/4666/4640 4635/4669/4643 4640/4676/4650 4639/4674/4648
f 4635/4669/4643 4636/4671/4645 4641/4677/4651 4640/4676/4650
f 4636/4671/4645 4637/4673/4647 4642/4678/4652 4641/4677/4651
f 4638/4675/4649 4639/4674/4648 4644/4679/4653 4643/4680/4654
f 4639/4674/4648 4640/4676/4650 4645/4681/4655 4644/4679/4653
f 4640/4676/4650 4641/4677/4651 4646/4682/4656 4645/4681/4655
f 4641/4677/4651 4642/4678/4652 4647/4683/4657 4646/4682/4656
f 4643/4680/4654 4644/4679/4653 4649/4684/4658 4648/4685/4659
f 4644/4679/4653 4645/4681/4655 4650/4686/4660 4649/4684/4658
f 4645/4681/4655 4646/4682/4656 4651/4687/4661 4650/4686/4660
f 4646/4682/4656 4647/4683/4657 4652/4688/4662 4651/4687/4661
f 124/2920/3048 1487/4657/4663 4628/4664/4638 1128/2955/3046
f 542/4689/1157 4632/4672/4646 1483/4655/4664 26/4654/1155
f 27/4690/1166 1488/4691/4665 4652/4688/4662 538/4692/1164
f 1132/2958/3051 4648/4685/4659 1492/4693/4666 125/2956/3049
f 1487/4657/4663 1486/4663/4667 4629/4665/4639 4628/4664/4638
f 541/4694/1178 4637/4673/4647 4632/4672/4646 542/4689/1157
f 1488/4691/4665 1489/4695/4668 4651/4687/4661 4652/4688/4662
f 1131/2964/3060 4643/4680/4654 4648/4685/4659 1132/2958/3051
f 1486/4663/4667 1485/4661/4669 4630/4668/4642 4629/4665/4639
f 540/4696/1174 4642/4678/4652 4637/4673/4647 541/4694/1178
f 1489/4695/4668 1490/4697/4670 4650/4686/4660 4651/4687/4661
f 1130/2962/3057 4638/4675/4649 4643/4680/4654 1131/2964/3060
f 1485/4661/4669 1484/4659/4671 4631/4670/4644 4630/4668/4642
f 539/4698/1170 4647/4683/4657 4642/4678/4652 540/4696/1174
f 1490/4697/4670 1491/4699/4672 4649/4684/4658 4650/4686/4660
f 1129/2960/3054 4633/4667/4641 4638/4675/4649 1130/2962/3057
f 1484/4659/4671 1483/4655/4664 4632/4672/4646 4631/4670/4644
f 538/4692/1164 4652/4688/4662 4647/4683/4657 539/4698/1170
f 1491/4699/4672 1492/4693/4666 4648/4685/4659 4649/4684/4658
f 1128/2955/3046 4628/4664/4638 4633/4667/4641 1129/2960/3054
f 4653/4700/4673 4654/4701/4674 4659/4702/4675 4658/4703/4676
f 4654/4701/4674 4655/4704/4677 4660/4705/4678 4659/4702/4675
f 4655/4704/4677 4656/4706/4679 4661/4707/4680 4660/4705/4678
f 4656/4706/4679 4657/4708/4681 4662/4709/4682 4661/4707/4680
f 4658/4703/4676 4659/4702/4675 4664/4710/4683 4663/4711/4684
f 4659/4702/4675 4660/4705/4678 4665/4712/4685 4664/4710/4683
f 4660/4705/4678 4661/4707/4680 4666/4713/4686 4665/4712/4685
f 4661/4707/4680 4662/4709/4682 4667/4714/4687 4666/4713/4686
f 4663/4711/4684 4664/4710/4683 4669/4715/4688 4668/4716/4689
f 4664/4710/4683 4665/4712/4685 4670/4717/4690 4669/4715/4688
f 4665/4712/4685 4666/4713/4686 4671/4718/4691 4670/4717/4690
f 4666/4713/4686 4667/4714/4687 4672/4719/4692 4671/4718/4691
f 4668/4716/4689 4669/4715/4688 4674/4720/4693 4673/4721/4694
f 4669/4715/4688 4670/4717/4690 4675/4722/4695 4674/4720/4693
f 4670/4717/4690 4671/4718/4691 4676/4723/4696 4675/4722/4695
f 4671/4718/4691 4672/4719/4692 4677/4724/4697 4676/4723/4696
f 125/2956/3090 1492/4693/4698 4653/4700/4673 1138/2991/3088
f 557/4725/1206 4657/4708/4681 1488/4691/4699 27/4690/1204
f 28/4726/1204 1493/4727/4700 4677/4724/4697 553/4728/1212
f 1142/2994/3092 4673/4721/4694 1497/4729/4701 126/2992/3090
f 1492/4693/4698 1491/4699/4702 4654/4701/4674 4653/4700/4673
f 556/4730/1217 4662/4709/4682 4657/4708/4681 557/4725/1206
f 1493/4727/4700 1494/4731/4703 4676/4723/4696 4677/4724/4697
f 1141/3000/3095 4668/4716/4689 4673/4721/4694 1142/2994/3092
f 1491/4699/4702 1490/4697/4704 4655/4704/4677 4654/4701/4674
f 555/4732/1221 4667/4714/4687 4662/4709/4682 556/4730/1217
f 1494/4731/4703 1495/4733/4705 4675/4722/4695 4676/4723/4696
f 1140/2998/3098 4663/4711/4684 4668/4716/4689 1141/3000/3095
f 1490/4697/4704 1489/4695/4706 4656/4706/4679 4655/4704/4677
f 554/4734/1217 4672/4719/4692 4667/4714/4687 555/4732/1221
f 1495/4733/4705 1496/4735/4707 4674/4720/4693 4675/4722/4695
f 1139/2996/3095 4658/4703/4676 4663/4711/4684 1140/2998/3098
f 1489/4695/4706 1488/4691/4699 4657/4708/4681 4656/4706/4679
f 553/4728/1212 4677/4724/4697 4672/4719/4692 554/4734/1217
f 1496/4735/4707 1497/4729/4701 4673/4721/4694 4674/4720/4693
f 1138/2991/3088 4653/4700/4673 4658/4703/4676 1139/2996/3095
f 4678/4736/4708 4679/4737/4709 4684/4738/4710 4683/4739/4711
f 4679/4737/4709 4680/4740/4712 4685/4741/4713 4684/4738/4710
f 4680/4740/4712 4681/4742/4714 4686/4743/4715 4685/4741/4713
f 4681/4742/4714 4682/4744/4716 4687/4745/4717 4686/4743/4715
f 4683/4739/4711 4684/4738/4710 4689/4746/4718 4688/4747/4719
f 4684/4738/4710 4685/4741/4713 4690/4748/4720 4689/4746/4718
f 4685/4741/4713 4686/4743/4715 4691/4749/4721 4690/4748/4720
f 4686/4743/4715 4687/4745/4717 4692/4750/4722 4691/4749/4721
f 4688/4747/4719 4689/4746/4718 4694/4751/4723 4693/4752/4724
f 4689/4746/4718 4690/4748/4720 4695/4753/4725 4694/4751/4723
f 4690/4748/4720 4691/4749/4721 4696/4754/4726 4695/4753/4725
f 4691/4749/4721 4692/4750/4722 4697/4755/4727 4696/4754/4726
f 4693/4752/4724 4694/4751/4723 4699/4756/4728 4698/4757/4729
f 4694/4751/4723 4695/4753/4725 4700/4758/4730 4699/4756/4728
f 4695/4753/4725 4696/4754/4726 4701/4759/4731 4700/4758/4730
f 4696/4754/4726 4697/4755/4727 4702/4760/4732 4701/4759/4731
f 126/2992/3130 1497/4729/4733 4678/4736/4708 1148/3027/3128
f 572/4761/1251 4682/4744/4716 1493/4727/4734 28/4726/1249
f 29/4762/1260 1498/4763/4735 4702/4760/4732 568/4764/1258
f 1152/3030/3133 4698/4757/4729 1502/4765/4736 127/3028/3131
f 1497/4729/4733 1496/4735/4737 4679/4737/4709 4678/4736/4708
f 571/4766/1272 4687/4745/4717 4682/4744/4716 572/4761/1251
f 1498/4763/4735 1499/4767/4738 4701/4759/4731 4702/4760/4732
f 1151/3036/3142 4693/4752/4724 4698/4757/4729 1152/3030/3133
f 1496/4735/4737 1495/4733/4739 4680/4740/4712 4679/4737/4709
f 570/4768/1268 4692/4750/4722 4687/4745/4717 571/4766/1272
f 1499/4767/4738 1500/4769/4740 4700/4758/4730 4701/4759/4731
f 1150/3034/3139 4688/4747/4719 4693/4752/4724 1151/3036/3142
f 1495/4733/4739 1494/4731/4741 4681/4742/4714 4680/4740/4712
f 569/4770/1264 4697/4755/4727 4692/4750/4722 570/4768/1268
f 1500/4769/4740 1501/4771/4742 4699/4756/4728 4700/4758/4730
f 1149/3032/3136 4683/4739/4711 4688/4747/4719 1150/3034/3139
f 1494/4731/4741 1493/4727/4734 4682/4744/4716 4681/4742/4714
f 568/4764/1258 4702/4760/4732 4697/4755/4727 569/4770/1264
f 1501/4771/4742 1502/4765/4736 4698/4757/4729 4699/4756/4728
f 1148/3027/3128 4678/4736/4708 4683/4739/4711 1149/3032/3136
f 4703/4772/4743 4704/4773/4744 4709/4774/4745 4708/4775/4746
f 4704/4773/4744 4705/4776/4747 4710/4777/4748 4709/4774/4745
f 4705/4776/4747 4706/4778/4749 4711/4779/4750 4710/4777/4748
f 4706/4778/4749 4707/4780/4751 4712/4781/4752 4711/4779/4750
f 4708/4775/4746 4709/4774/4745 4714/4782/4753 4713/4783/4754
f 4709/4774/4745 4710/4777/4748 4715/4784/4755 4714/4782/4753
f 4710/4777/4748 4711/4779/4750 4716/4785/4756 4715/4784/4755
f 4711/4779/4750 4712/4781/4752 4717/4786/4757 4716/4785/4756
f 4713/4783/4754 4714/4782/4753 4719/4787/4745 4718/4788/4746
f 4714/4782/4753 4715/4784/4755 4720/4789/4748 4719/4787/4745
f 4715/4784/4755 4716/4785/4756 4721/4790/4750 4720/4789/4748
f 4716/4785/4756 4717/4786/4757 4722/4791/4758 4721/4790/4750
f 4718/4788/4746 4719/4787/4745 4724/4792/4759 4723/4793/4760
f 4719/4787/4745 4720/4789/4748 4725/4794/4761 4724/4792/4759
f 4720/4789/4748 4721/4790/4750 4726/4795/4762 4725/4794/4761
f 4721/4790/4750 4722/4791/4758 4727/4796/4763 4726/4795/4762
f 127/3028/3169 1502/4765/4764 4703/4772/4743 1158/3063/3167
f 587/4797/1295 4707/4780/4751 1498/4763/4765 29/4762/1293
f 30/4798/1293 1503/4799/4766 4727/4796/4763 583/4800/1295
f 1162/3066/3167 4723/4793/4760 1507/4801/4767 128/3064/3169
f 1502/4765/4764 1501/4771/4768 4704/4773/4744 4703/4772/4743
f 586/4802/1304 4712/4781/4752 4707/4780/4751 587/4797/1295
f 1503/4799/4766 1504/4803/4769 4726/4795/4762 4727/4796/4763
f 1161/3072/3173 4718/4788/4746 4723/4793/4760 1162/3066/3167
f 1501/4771/4768 1500/4769/4770 4705/4776/4747 4704/4773/4744
f 585/4804/1307 4717/4786/4757 4712/4781/4752 586/4802/1304
f 1504/4803/4769 1505/4805/4770 4725/4794/4761 4726/4795/4762
f 1160/3070/3176 4713/4783/4754 4718/4788/4746 1161/3072/3173
f 1500/4769/4770 1499/4767/4771 4706/4778/4749 4705/4776/4747
f 584/4806/1304 4722/4791/4758 4717/4786/4757 585/4804/1307
f 1505/4805/4770 1506/4807/4772 4724/4792/4759 4725/4794/4761
f 1159/3068/3173 4708/4775/4746 4713/4783/4754 1160/3070/3176
f 1499/4767/4771 1498/4763/4765 4707/4780/4751 4706/4778/4749
f 583/4800/1295 4727/4796/4763 4722/4791/4758 584/4806/1304
f 1506/4807/4772 1507/4801/4767 4723/4793/4760 4724/4792/4759
f 1158/3063/3167 4703/4772/4743 4708/4775/4746 1159/3068/3173
f 4728/4808/4773 4729/4809/4774 4734/4810/4775 4733/4811/4776
f 4729/4809/4774 4730/4812/4777 4735/4813/4778 4734/4810/4775
f 4730/4812/4777 4731/4814/4779 4736/4815/4780 4735/4813/4778
f 4731/4814/4779 4732/4816/4781 4737/4817/4782 4736/4815/4780
f 4733/4811/4776 4734/4810/4775 4739/4818/4783 4738/4819/4784
f 4734/4810/4775 4735/4813/4778 4740/4820/4785 4739/4818/4783
f 4735/4813/4778 4736/4815/4780 4741/4821/4786 4740/4820/4785
f 4736/4815/4780 4737/4817/4782 4742/4822/4787 4741/4821/4786
f 4738/4819/4784 4739/4818/4783 4744/4823/4788 4743/4824/4789
f 4739/4818/4783 4740/4820/4785 4745/4825/4790 4744/4823/4788
f 4740/4820/4785 4741/4821/4786 4746/4826/4791 4745/4825/4790
f 4741/4821/4786 4742/4822/4787 4747/4827/4792 4746/4826/4791
f 4743/4824/4789 4744/4823/4788 4749/4828/4793 4748/4829/4794
f 4744/4823/4788 4745/4825/4790 4750/4830/4795 4749/4828/4793
f 4745/4825/4790 4746/4826/4791 4751/4831/4796 4750/4830/4795
f 4746/4826/4791 4747/4827/4792 4752/4832/4797 4751/4831/4796
f 128/3064/3207 1507/4801/4798 4728/4808/4773 1168/3099/3205
f 602/4833/1337 4732/4816/4781 1503/4799/4799 30/4798/1335
f 31/4834/1346 1508/4835/4800 4752/4832/4797 598/4836/1344
f 1172/3102/3210 4748/4829/4794 1512/4837/4801 129/3100/3208
f 1507/4801/4798 1506/4807/4802 4729/4809/4774 4728/4808/4773
f 601/4838/1358 4737/4817/4782 4732/4816/4781 602/4833/1337
f 1508/4835/4800 1509/4839/4803 4751/4831/4796 4752/4832/4797
f 1171/3108/3219 4743/4824/4789 4748/4829/4794 1172/3102/3210
f 1506/4807/4802 1505/4805/4804 4730/4812/4777 4729/4809/4774
f 600/4840/1354 4742/4822/4787 4737/4817/4782 601/4838/1358
f 1509/4839/4803 1510/4841/4805 4750/4830/4795 4751/4831/4796
f 1170/3106/3216 4738/4819/4784 4743/4824/4789 1171/3108/3219
f 1505/4805/4804 1504/4803/4806 4731/4814/4779 4730/4812/4777
f 599/4842/1350 4747/4827/4792 4742/4822/4787 600/4840/1354
f 1510/4841/4805 1511/4843/4807 4749/4828/4793 4750/4830/4795
f 1169/3104/3213 4733/4811/4776 4738/4819/4784 1170/3106/3216
f 1504/4803/4806 1503/4799/4799 4732/4816/4781 4731/4814/4779
f 598/4836/1344 4752/4832/4797 4747/4827/4792 599/4842/1350
f 1511/4843/4807 1512/4837/4801 4748/4829/4794 4749/4828/4793
f 1168/3099/3205 4728/4808/4773 4733/4811/4776 1169/3104/3213
f 4753/4844/4808 4754/4845/4809 4759/4846/4810 4758/4847/4811
f 4754/4845/4809 4755/4848/4812 4760/4849/4813 4759/4846/4810
f 4755/4848/4812 4756/4850/4814 4761/4851/4815 4760/4849/4813
f 4756/4850/4814 4757/4852/4816 4762/4853/4817 4761/4851/4815
f 4758/4847/4811 4759/4846/4810 4764/4854/4818 4763/4855/4819
f 4759/4846/4810 4760/4849/4813 4765/4856/4820 4764/4854/4818
f 4760/4849/4813 4761/4851/4815 4766/4857/4821 4765/4856/4820
f 4761/4851/4815 4762/4853/4817 4767/4858/4822 4766/4857/4821
f 4763/4855/4819 4764/4854/4818 4769/4859/4823 4768/4860/4824
f 4764/4854/4818 4765/4856/4820 4770/4861/4825 4769/4859/4823
f 4765/4856/4820 4766/4857/4821 4771/4862/4826 4770/4861/4825
f 4766/4857/4821 4767/4858/4822 4772/4863/4827 4771/4862/4826
f 4768/4860/4824 4769/4859/4823 4774/4864/4828 4773/4865/4829
f 4769/4859/4823 4770/4861/4825 4775/4866/4830 4774/4864/4828
f 4770/4861/4825 4771/4862/4826 4776/4867/4831 4775/4866/4830
f 4771/4862/4826 4772/4863/4827 4777/4868/4832 4776/4867/4831
f 129/3100/3249 1512/4837/4833 4753/4844/4808 1178/3135/3247
f 617/4869/1386 4757/4852/4816 1508/4835/4834 31/4834/1384
f 32/4870/1384 1513/4871/4835 4777/4868/4832 613/4872/1392
f 1182/3138/3251 4773/4865/4829 1517/4873/4836 130/3136/3249
f 1512/4837/4833 1511/4843/4837 4754/4845/4809 4753/4844/4808
f 616/4874/1404 4762/4853/4817 4757/4852/4816 617/4869/1386
f 1513/4871/4835 1514/4875/4838 4776/4867/4831 4777/4868/4832
f 1181/3144/3259 4768/4860/4824 4773/4865/4829 1182/3138/3251
f 1511/4843/4837 1510/4841/4839 4755/4848/4812 4754/4845/4809
f 615/4876/1400 4767/4858/4822 4762/4853/4817 616/4874/1404
f 1514/4875/4838 1515/4877/4839 4775/4866/4830 4776/4867/4831
f 1180/3142/3257 4763/4855/4819 4768/4860/4824 1181/3144/3259
f 1510/4841/4839 1509/4839/4840 4756/4850/4814 4755/4848/4812
f 614/4878/1397 4772/4863/4827 4767/4858/4822 615/4876/1400
f 1515/4877/4839 1516/4879/4841 4774/4864/4828 4775/4866/4830
f 1179/3140/3254 4758/4847/4811 4763/4855/4819 1180/3142/3257
f 1509/4839/4840 1508/4835/4834 4757/4852/4816 4756/4850/4814
f 613/4872/1392 4777/4868/4832 4772/4863/4827 614/4878/1397
f 1516/4879/4841 1517/4873/4836 4773/4865/4829 4774/4864/4828
f 1178/3135/3247 4753/4844/4808 4758/4847/4811 1179/3140/3254
f 4778/4880/4842 4779/4881/4843 4784/4882/4844 4783/4883/4845
f 4779/4881/4843 4780/4884/4846 4785/4885/4847 4784/4882/4844
f 4780/4884/4846 4781/4886/4848 4786/4887/4849 4785/4885/4847
f 4781/4886/4848 4782/4888/4850 4787/4889/4851 4786/4887/4849
f 4783/4883/4845 4784/4882/4844 4789/4890/4852 4788/4891/4853
f 4784/4882/4844 4785/4885/4847 4790/4892/4854 4789/4890/4852
f 4785/4885/4847 4786/4887/4849 4791/4893/4855 4790/4892/4854
f 4786/4887/4849 4787/4889/4851 4792/4894/4856 4791/4893/4855
f 4788/4891/4853 4789/4890/4852 4794/4895/4857 4793/4896/4858
f 4789/4890/4852 4790/4892/4854 4795/4897/4859 4794/4895/4857
f 4790/4892/4854 4791/4893/4855 4796/4898/4860 4795/4897/4859
f 4791/4893/4855 4792/4894/4856 4797/4899/4861 4796/4898/4860
f 4793/4896/4858 4794/4895/4857 4799/4900/4862 4798/4901/4863
f 4794/4895/4857 4795/4897/4859 4800/4902/4864 4799/4900/4862
f 4795/4897/4859 4796/4898/4860 4801/4903/4865 4800/4902/4864
f 4796/4898/4860 4797/4899/4861 4802/4904/4866 4801/4903/4865
f 130/3136/3289 1517/4873/4867 4778/4880/4842 1188/3171/3287
f 632/4905/1432 4782/4888/4850 1513/4871/4868 32/4870/1430
f 33/4906/1441 1518/4907/4869 4802/4904/4866 628/4908/1439
f 1192/3174/3292 4798/4901/4863 1522/4909/4870 131/3172/3290
f 1517/4873/4867 1516/4879/4871 4779/4881/4843 4778/4880/4842
f 631/4910/1453 4787/4889/4851 4782/4888/4850 632/4905/1432
f 1518/4907/4869 1519/4911/4872 4801/4903/4865 4802/4904/4866
f 1191/3180/3301 4793/4896/4858 4798/4901/4863 1192/3174/3292
f 1516/4879/4871 1515/4877/4873 4780/4884/4846 4779/4881/4843
f 630/4912/1449 4792/4894/4856 4787/4889/4851 631/4910/1453
f 1519/4911/4872 1520/4913/4874 4800/4902/4864 4801/4903/4865
f 1190/3178/3298 4788/4891/4853 4793/4896/4858 1191/3180/3301
f 1515/4877/4873 1514/4875/4875 4781/4886/4848 4780/4884/4846
f 629/4914/1445 4797/4899/4861 4792/4894/4856 630/4912/1449
f 1520/4913/4874 1521/4915/4876 4799/4900/4862 4800/4902/4864
f 1189/3176/3295 4783/4883/4845 4788/4891/4853 1190/3178/3298
f 1514/4875/4875 1513/4871/4868 4782/4888/4850 4781/4886/4848
f 628/4908/1439 4802/4904/4866 4797/4899/4861 629/4914/1445
f 1521/4915/4876 1522/4909/4870 4798/4901/4863 4799/4900/4862
f 1188/3171/3287 4778/4880/4842 4783/4883/4845 1189/3176/3295
f 4803/4916/4877 4804/4917/4878 4809/4918/4879 4808/4919/4880
f 4804/4917/4878 4805/4920/4881 4810/4921/4882 4809/4918/4879
f 4805/4920/4881 4806/4922/4883 4811/4923/4884 4810/4921/4882
f 4806/4922/4883 4807/4924/4885 4812/4925/4886 4811/4923/4884
f 4808/4919/4880 4809/4918/4879 4814/4926/4887 4813/4927/4888
f 4809/4918/4879 4810/4921/4882 4815/4928/4889 4814/4926/4887
f 4810/4921/4882 4811/4923/4884 4816/4929/4890 4815/4928/4889
f 4811/4923/4884 4812/4925/4886 4817/4930/4891 4816/4929/4890
f 4813/4927/4888 4814/4926/4887 4819/4931/4892 4818/4932/4893
f 4814/4926/4887 4815/4928/4889 4820/4933/4894 4819/4931/4892
f 4815/4928/4889 4816/4929/4890 4821/4934/4895 4820/4933/4894
f 4816/4929/4890 4817/4930/4891 4822/4935/4896 4821/4934/4895
f 4818/4932/4893 4819/4931/4892 4824/4936/4897 4823/4937/4898
f 4819/4931/4892 4820/4933/4894 4825/4938/4899 4824/4936/4897
f 4820/4933/4894 4821/4934/4895 4826/4939/4900 4825/4938/4899
f 4821/4934/4895 4822/4935/4896 4827/4940/4901 4826/4939/4900
f 131/3172/3331 1522/4909/4902 4803/4916/4877 1198/3207/3329
f 647/4941/1481 4807/4924/4885 1518/4907/4903 33/4906/1479
f 34/4942/1490 1523/4943/4904 4827/4940/4901 643/4944/1488
f 1202/3210/3334 4823/4937/4898 1527/4945/4905 132/3208/3332
f 1522/4909/4902 1521/4915/4906 4804/4917/4878 4803/4916/4877
f 646/4946/1502 4812/4925/4886 4807/4924/4885 647/4941/1481
f 1523/4943/4904 1524/4947/4907 4826/4939/4900 4827/4940/4901
f 1201/3216/3343 4818/4932/4893 4823/4937/4898 1202/3210/3334
f 1521/4915/4906 1520/4913/4908 4805/4920/4881 4804/4917/4878
f 645/4948/1498 4817/4930/4891 4812/4925/4886 646/4946/1502
f 1524/4947/4907 1525/4949/4909 4825/4938/4899 4826/4939/4900
f 1200/3214/3340 4813/4927/4888 4818/4932/4893 1201/3216/3343
f 1520/4913/4908 1519/4911/4910 4806/4922/4883 4805/4920/4881
f 644/4950/1494 4822/4935/4896 4817/4930/4891 645/4948/1498
f 1525/4949/4909 1526/4951/4911 4824/4936/4897 4825/4938/4899
f 1199/3212/3337 4808/4919/4880 4813/4927/4888 1200/3214/3340
f 1519/4911/4910 1518/4907/4903 4807/4924/4885 4806/4922/4883
f 643/4944/1488 4827/4940/4901 4822/4935/4896 644/4950/1494
f 1526/4951/4911 1527/4945/4905 4823/4937/4898 4824/4936/4897
f 1198/3207/3329 4803/4916/4877 4808/4919/4880 1199/3212/3337
f 4828/4952/4912 4829/4953/4913 4834/4954/4913 4833/4955/4912
f 4829/4953/4913 4830/4956/4914 4835/4957/4914 4834/4954/4913
f 4830/4956/4914 4831/4958/4915 4836/4959/4915 4835/4957/4914
f 4831/4958/4915 4832/4960/4916 4837/4961/4916 4836/4959/4915
f 4833/4955/4912 4834/4954/4913 4839/4962/4913 4838/4963/4912
f 4834/4954/4913 4835/4957/4914 4840/4964/4914 4839/4962/4913
f 4835/4957/4914 4836/4959/4915 4841/4965/4915 4840/4964/4914
f 4836/4959/4915 4837/4961/4916 4842/4966/4916 4841/4965/4915
f 4838/4963/4912 4839/4962/4913 4844/4967/4913 4843/4968/4912
f 4839/4962/4913 4840/4964/4914 4845/4969/4914 4844/4967/4913
f 4840/4964/4914 4841/4965/4915 4846/4970/4915 4845/4969/4914
f 4841/4965/4915 4842/4966/4916 4847/4971/4916 4846/4970/4915
f 4843/4968/4912 4844/4967/4913 4849/4972/4913 4848/4973/4912
f 4844/4967/4913 4845/4969/4914 4850/4974/4914 4849/4972/4913
f 4845/4969/4914 4846/4970/4915 4851/4975/4915 4850/4974/4914
f 4846/4970/4915 4847/4971/4916 4852/4976/4916 4851/4975/4915
f 132/3208/3351 1527/4945/4912 4828/4952/4912 1208/3243/3351
f 662/4977/1508 4832/4960/4916 1523/4943/4916 34/4942/1508
f 35/4978/1508 1528/4979/4916 4852/4976/4916 658/4980/1508
f 1212/3246/3351 4848/4973/4912 1532/4981/4912 133/3244/3351
f 1527/4945/4912 1526/4951/4913 4829/4953/4913 4828/4952/4912
f 661/4982/1508 4837/4961/4916 4832/4960/4916 662/4977/1508
f 1528/4979/4916 1529/4983/4915 4851/4975/4915 4852/4976/4916
f 1211/3252/3351 4843/4968/4912 4848/4973/4912 1212/3246/3351
f 1526/4951/4913 1525/4949/4914 4830/4956/4914 4829/4953/4913
f 660/4984/1508 4842/4966/4916 4837/4961/4916 661/4982/1508
f 1529/4983/4915 1530/4985/4914 4850/4974/4914 4851/4975/4915
f 1210/3250/3351 4838/4963/4912 4843/4968/4912 1211/3252/3351
f 1525/4949/4914 1524/4947/4915 4831/4958/4915 4830/4956/4914
f 659/4986/1508 4847/4971/4916 4842/4966/4916 660/4984/1508
f 1530/4985/4914 1531/4987/4913 4849/4972/4913 4850/4974/4914
f 1209/3248/3351 4833/4955/4912 4838/4963/4912 1210/3250/3351
f 1524/4947/4915 1523/4943/4916 4832/4960/4916 4831/4958/4915
f 658/4980/1508 4852/4976/4916 4847/4971/4916 659/4986/1508
f 1531/4987/4913 1532/4981/4912 4848/4973/4912 4849/4972/4913
f 1208/3243/3351 4828/4952/4912 4833/4955/4912 1209/3248/3351
f 4853/4988/4917 4854/4989/4918 4859/4990/4919 4858/4991/4920
f 4854/4989/4918 4855/4992/4921 4860/4993/4922 4859/4990/4919
f 4855/4992/4921 4856/4994/4923 4861/4995/4924 4860/4993/4922
f 4856/4994/4923 4857/4996/4925 4862/4997/4926 4861/4995/4924
f 4858/4991/4920 4859/4990/4919 4864/4998/4927 4863/4999/4928
f 4859/4990/4919 4860/4993/4922 4865/5000/4929 4864/4998/4927
f 4860/4993/4922 4861/4995/4924 4866/5001/4930 4865/5000/4929
f 4861/4995/4924 4862/4997/4926 4867/5002/4931 4866/5001/4930
f 4863/4999/4928 4864/4998/4927 4869/5003/4932 4868/5004/4933
f 4864/4998/4927 4865/5000/4929 4870/5005/4934 4869/5003/4932
f 4865/5000/4929 4866/5001/4930 4871/5006/4935 4870/5005/4934
f 4866/5001/4930 4867/5002/4931 4872/5007/4936 4871/5006/4935
f 4868/5004/4933 4869/5003/4932 4874/5008/4937 4873/5009/4938
f 4869/5003/4932 4870/5005/4934 4875/5010/4939 4874/5008/4937
f 4870/5005/4934 4871/5006/4935 4876/5011/4940 4875/5010/4939
f 4871/5006/4935 4872/5007/4936 4877/5012/4941 4876/5011/4940
f 133/3244/3381 1532/4981/4942 4853/4988/4917 1218/3279/3379
f 677/5013/1537 4857/4996/4925 1528/4979/4943 35/4978/1535
f 36/5014/1546 1533/5015/4944 4877/5012/4941 673/5016/1544
f 1222/3282/3384 4873/5009/4938 1537/5017/4945 134/3280/3382
f 1532/4981/4942 1531/4987/4946 4854/4989/4918 4853/4988/4917
f 676/5018/1558 4862/4997/4926 4857/4996/4925 677/5013/1537
f 1533/5015/4944 1534/5019/4947 4876/5011/4940 4877/5012/4941
f 1221/3288/3393 4868/5004/4933 4873/5009/4938 1222/3282/3384
f 1531/4987/4946 1530/4985/4948 4855/4992/4921 4854/4989/4918
f 675/5020/1554 4867/5002/4931 4862/4997/4926 676/5018/1558
f 1534/5019/4947 1535/5021/4949 4875/5010/4939 4876/5011/4940
f 1220/3286/3390 4863/4999/4928 4868/5004/4933 1221/3288/3393
f 1530/4985/4948 1529/4983/4950 4856/4994/4923 4855/4992/4921
f 674/5022/1550 4872/5007/4936 4867/5002/4931 675/5020/1554
f 1535/5021/4949 1536/5023/4951 4874/5008/4937 4875/5010/4939
f 1219/3284/3387 4858/4991/4920 4863/4999/4928 1220/3286/3390
f 1529/4983/4950 1528/4979/4943 4857/4996/4925 4856/4994/4923
f 673/5016/1544 4877/5012/4941 4872/5007/4936 674/5022/1550
f 1536/5023/4951 1537/5017/4945 4873/5009/4938 4874/5008/4937
f 1218/3279/3379 4853/4988/4917 4858/4991/4920 1219/3284/3387
f 4878/5024/4952 4879/5025/4953 4884/5026/4954 4883/5027/4955
f 4879/5025/4953 4880/5028/4956 4885/5029/4957 4884/5026/4954
f 4880/5028/4956 4881/5030/4958 4886/5031/4959 4885/5029/4957
f 4881/5030/4958 4882/5032/4960 4887/5033/4961 4886/5031/4959
f 4883/5027/4955 4884/5026/4954 4889/5034/4962 4888/5035/4963
f 4884/5026/4954 4885/5029/4957 4890/5036/4964 4889/5034/4962
f 4885/5029/4957 4886/5031/4959 4891/5037/4965 4890/5036/4964
f 4886/5031/4959 4887/5033/4961 4892/5038/4966 4891/5037/4965
f 4888/5035/4963 4889/5034/4962 4894/5039/4967 4893/5040/4968
f 4889/5034/4962 4890/5036/4964 4895/5041/4969 4894/5039/4967
f 4890/5036/4964 4891/5037/4965 4896/5042/4970 4895/5041/4969
f 4891/5037/4965 4892/5038/4966 4897/5043/4971 4896/5042/4970
f 4893/5040/4968 4894/5039/4967 4899/5044/4972 4898/5045/4973
f 4894/5039/4967 4895/5041/4969 4900/5046/4974 4899/5044/4972
f 4895/5041/4969 4896/5042/4970 4901/5047/4975 4900/5046/4974
f 4896/5042/4970 4897/5043/4971 4902/5048/4976 4901/5047/4975
f 134/3280/3423 1537/5017/4977 4878/5024/4952 1228/3315/3421
f 692/5049/1586 4882/5032/4960 1533/5015/4978 36/5014/1584
f 37/5050/1595 1538/5051/4979 4902/5048/4976 688/5052/1593
f 1232/3318/3426 4898/5045/4973 1542/5053/4980 135/3316/3424
f 1537/5017/4977 1536/5023/4981 4879/5025/4953 4878/5024/4952
f 691/5054/1607 4887/5033/4961 4882/5032/4960 692/5049/1586
f 1538/5051/4979 1539/5055/4982 4901/5047/4975 4902/5048/4976
f 1231/3324/3435 4893/5040/4968 4898/5045/4973 1232/3318/3426
f 1536/5023/4981 1535/5021/4983 4880/5028/4956 4879/5025/4953
f 690/5056/1603 4892/5038/4966 4887/5033/4961 691/5054/1607
f 1539/5055/4982 1540/5057/4984 4900/5046/4974 4901/5047/4975
f 1230/3322/3432 4888/5035/4963 4893/5040/4968 1231/3324/3435
f 1535/5021/4983 1534/5019/4985 4881/5030/4958 4880/5028/4956
f 689/5058/1599 4897/5043/4971 4892/5038/4966 690/5056/1603
f 1540/5057/4984 1541/5059/4986 4899/5044/4972 4900/5046/4974
f 1229/3320/3429 4883/5027/4955 4888/5035/4963 1230/3322/3432
f 1534/5019/4985 1533/5015/4978 4882/5032/4960 4881/5030/4958
f 688/5052/1593 4902/5048/4976 4897/5043/4971 689/5058/1599
f 1541/5059/4986 1542/5053/4980 4898/5045/4973 4899/5044/4972
f 1228/3315/3421 4878/5024/4952 4883/5027/4955 1229/3320/3429
f 4903/5060/4987 4904/5061/4988 4909/5062/4989 4908/5063/4990
f 4904/5061/4988 4905/5064/4991 4910/5065/4992 4909/5062/4989
f 4905/5064/4991 4906/5066/4993 4911/5067/4994 4910/5065/4992
f 4906/5066/4993 4907/5068/4995 4912/5069/4996 4911/5067/4994
f 4908/5063/4990 4909/5062/4989 4914/5070/4997 4913/5071/4998
f 4909/5062/4989 4910/5065/4992 4915/5072/4999 4914/5070/4997
f 4910/5065/4992 4911/5067/4994 4916/5073/5000 4915/5072/4999
f 4911/5067/4994 4912/5069/4996 4917/5074/5001 4916/5073/5000
f 4913/5071/4998 4914/5070/4997 4919/5075/5002 4918/5076/5003
f 4914/5070/4997 4915/5072/4999 4920/5077/5004 4919/5075/5002
f 4915/5072/4999 4916/5073/5000 4921/5078/5005 4920/5077/5004
f 4916/5073/5000 4917/5074/5001 4922/5079/5006 4921/5078/5005
f 4918/5076/5003 4919/5075/5002 4924/5080/5007 4923/5081/5008
f 4919/5075/5002 4920/5077/5004 4925/5082/5009 4924/5080/5007
f 4920/5077/5004 4921/5078/5005 4926/5083/5010 4925/5082/5009
f 4921/5078/5005 4922/5079/5006 4927/5084/5011 4926/5083/5010
f 135/3316/3465 1542/5053/5012 4903/5060/4987 1238/3351/3463
f 707/5085/1635 4907/5068/4995 1538/5051/5013 37/5050/1633
f 38/5086/1644 1543/5087/5014 4927/5084/5011 703/5088/1642
f 1242/3354/3468 4923/5081/5008 1547/5089/5015 136/3352/3466
f 1542/5053/5012 1541/5059/5016 4904/5061/4988 4903/5060/4987
f 706/5090/1656 4912/5069/4996 4907/5068/4995 707/5085/1635
f 1543/5087/5014 1544/5091/5017 4926/5083/5010 4927/5084/5011
f 1241/3360/3477 4918/5076/5003 4923/5081/5008 1242/3354/3468
f 1541/5059/5016 1540/5057/5018 4905/5064/4991 4904/5061/4988
f 705/5092/1652 4917/5074/5001 4912/5069/4996 706/5090/1656
f 1544/5091/5017 1545/5093/5019 4925/5082/5009 4926/5083/5010
f 1240/3358/3474 4913/5071/4998 4918/5076/5003 1241/3360/3477
f 1540/5057/5018 1539/5055/5020 4906/5066/4993 4905/5064/4991
f 704/5094/1648 4922/5079/5006 4917/5074/5001 705/5092/1652
f 1545/5093/5019 1546/5095/5021 4924/5080/5007 4925/5082/5009
f 1239/3356/3471 4908/5063/4990 4913/5071/4998 1240/3358/3474
f 1539/5055/5020 1538/5051/5013 4907/5068/4995 4906/5066/4993
f 703/5088/1642 4927/5084/5011 4922/5079/5006 704/5094/1648
f 1546/5095/5021 1547/5089/5015 4923/5081/5008 4924/5080/5007
f 1238/3351/3463 4903/5060/4987 4908/5063/4990 1239/3356/3471
f 4928/5096/5022 4929/5097/5023 4934/5098/5024 4933/5099/5025
f 4929/5097/5023 4930/5100/5026 4935/5101/5027 4934/5098/5024
f 4930/5100/5026 4931/5102/5028 4936/5103/5029 4935/5101/5027
f 4931/5102/5028 4932/5104/5030 4937/5105/5031 4936/5103/5029
f 4933/5099/5025 4934/5098/5024 4939/5106/5032 4938/5107/5033
f 4934/5098/5024 4935/5101/5027 4940/5108/5034 4939/5106/5032
f 4935/5101/5027 4936/5103/5029 4941/5109/5035 4940/5108/5034
f 4936/5103/5029 4937/5105/5031 4942/5110/5036 4941/5109/5035
f 4938/5107/5033 4939/5106/5032 4944/5111/5037 4943/5112/5038
f 4939/5106/5032 4940/5108/5034 4945/5113/5039 4944/5111/5037
f 4940/5108/5034 4941/5109/5035 4946/5114/5040 4945/5113/5039
f 4941/5109/5035 4942/5110/5036 4947/5115/5041 4946/5114/5040
f 4943/5112/5038 4944/5111/5037 4949/5116/5042 4948/5117/5043
f 4944/5111/5037 4945/5113/5039 4950/5118/5044 4949/5116/5042
f 4945/5113/5039 4946/5114/5040 4951/5119/5045 4950/5118/5044
f 4946/5114/5040 4947/5115/5041 4952/5120/5046 4951/5119/5045
f 136/3352/3507 1547/5089/5047 4928/5096/5022 1248/3387/3505
f 722/5121/1684 4932/5104/5030 1543/5087/5048 38/5086/1682
f 39/5122/1693 1548/5123/5049 4952/5120/5046 718/5124/1691
f 1252/3390/3510 4948/5117/5043 1552/5125/5050 137/3388/3508
f 1547/5089/5047 1546/5095/5051 4929/5097/5023 4928/5096/5022
f 721/5126/1705 4937/5105/5031 4932/5104/5030 722/5121/1684
f 1548/5123/5049 1549/5127/5052 4951/5119/5045 4952/5120/5046
f 1251/3396/3519 4943/5112/5038 4948/5117/5043 1252/3390/3510
f 1546/5095/5051 1545/5093/5053 4930/5100/5026 4929/5097/5023
f 720/5128/1701 4942/5110/5036 4937/5105/5031 721/5126/1705
f 1549/5127/5052 1550/5129/5054 4950/5118/5044 4951/5119/5045
f 1250/3394/3516 4938/5107/5033 4943/5112/5038 1251/3396/3519
f 1545/5093/5053 1544/5091/5055 4931/5102/5028 4930/5100/5026
f 719/5130/1697 4947/5115/5041 4942/5110/5036 720/5128/1701
f 1550/5129/5054 1551/5131/5056 4949/5116/5042 4950/5118/5044
f 1249/3392/3513 4933/5099/5025 4938/5107/5033 1250/3394/3516
f 1544/5091/5055 1543/5087/5048 4932/5104/5030 4931/5102/5028
f 718/5124/1691 4952/5120/5046 4947/5115/5041 719/5130/1697
f 1551/5131/5056 1552/5125/5050 4948/5117/5043 4949/5116/5042
f 1248/3387/3505 4928/5096/5022 4933/5099/5025 1249/3392/3513
f 4953/5132/5057 4954/5133/5058 4959/5134/5059 4958/5135/5060
f 4954/5133/5058 4955/5136/5061 4960/5137/5062 4959/5134/5059
f 4955/5136/5061 4956/5138/5063 4961/5139/5064 4960/5137/5062
f 4956/5138/5063 4957/5140/5065 4962/5141/5066 4961/5139/5064
f 4958/5135/5060 4959/5134/5059 4964/5142/5067 4963/5143/5068
f 4959/5134/5059 4960/5137/5062 4965/5144/5069 4964/5142/5067
f 4960/5137/5062 4961/5139/5064 4966/5145/5070 4965/5144/5069
f 4961/5139/5064 4962/5141/5066 4967/5146/5071 4966/5145/5070
f 4963/5143/5068 4964/5142/5067 4969/5147/5072 4968/5148/5073
f 4964/5142/5067 4965/5144/5069 4970/5149/5062 4969/5147/5072
f 4965/5144/5069 4966/5145/5070 4971/5150/5074 4970/5149/5062
f 4966/5145/5070 4967/5146/5071 4972/5151/5075 4971/5150/5074
f 4968/5148/5073 4969/5147/5072 4974/5152/5076 4973/5153/5077
f 4969/5147/5072 4970/5149/5062 4975/5154/5078 4974/5152/5076
f 4970/5149/5062 4971/5150/5074 4976/5155/5079 4975/5154/5078
f 4971/5150/5074 4972/5151/5075 4977/5156/5080 4976/5155/5079
f 137/3388/2727 1552/5125/5081 4953/5132/5057 1258/3423/3545
f 737/5157/1731 4957/5140/5065 1548/5123/5082 39/5122/789
f 40/5158/789 1553/5159/5083 4977/5156/5080 733/5160/1731
f 1262/3426/3545 4973/5153/5077 1557/5161/5084 138/3424/3547
f 1552/5125/5081 1551/5131/5085 4954/5133/5058 4953/5132/5057
f 736/5162/1740 4962/5141/5066 4957/5140/5065 737/5157/1731
f 1553/5159/5083 1554/5163/5086 4976/5155/5079 4977/5156/5080
f 1261/3432/3551 4968/5148/5073 4973/5153/5077 1262/3426/3545
f 1551/5131/5085 1550/5129/5087 4955/5136/5061 4954/5133/5058
f 735/5164/1743 4967/5146/5071 4962/5141/5066 736/5162/1740
f 1554/5163/5086 1555/5165/5087 4975/5154/5078 4976/5155/5079
f 1260/3430/3554 4963/5143/5068 4968/5148/5073 1261/3432/3551
f 1550/5129/5087 1549/5127/5088 4956/5138/5063 4955/5136/5061
f 734/5166/1740 4972/5151/5075 4967/5146/5071 735/5164/1743
f 1555/5165/5087 1556/5167/5089 4974/5152/5076 4975/5154/5078
f 1259/3428/3551 4958/5135/5060 4963/5143/5068 1260/3430/3554
f 1549/5127/5088 1548/5123/5082 4957/5140/5065 4956/5138/5063
f 733/5160/1731 4977/5156/5080 4972/5151/5075 734/5166/1740
f 1556/5167/5089 1557/5161/5084 4973/5153/5077 4974/5152/5076
f 1258/3423/3545 4953/5132/5057 4958/5135/5060 1259/3428/3551
f 4978/5168/5090 4979/5169/5091 4984/5170/5092 4983/5171/5093
f 4979/5169/5091 4980/5172/5094 4985/5173/5095 4984/5170/5092
f 4980/5172/5094 4981/5174/5096 4986/5175/5097 4985/5173/5095
f 4981/5174/5096 4982/5176/5098 4987/5177/5099 4986/5175/5097
f 4983/5171/5093 4984/5170/5092 4989/5178/5100 4988/5179/5101
f 4984/5170/5092 4985/5173/5095 4990/5180/5102 4989/5178/5100
f 4985/5173/5095 4986/5175/5097 4991/5181/5103 4990/5180/5102
f 4986/5175/5097 4987/5177/5099 4992/5182/5104 4991/5181/5103
f 4988/5179/5101 4989/5178/5100 4994/5183/5105 4993/5184/5106
f 4989/5178/5100 4990/5180/5102 4995/5185/5107 4994/5183/5105
f 4990/5180/5102 4991/5181/5103 4996/5186/5108 4995/5185/5107
f 4991/5181/5103 4992/5182/5104 4997/5187/5109 4996/5186/5108
f 4993/5184/5106 4994/5183/5105 4999/5188/5110 4998/5189/5111
f 4994/5183/5105 4995/5185/5107 5000/5190/5112 4999/5188/5110
f 4995/5185/5107 4996/5186/5108 5001/5191/5113 5000/5190/5112
f 4996/5186/5108 4997/5187/5109 5002/5192/5114 5001/5191/5113
f 138/3424/3585 1557/5161/5115 4978/5168/5090 1268/3459/3583
f 752/5193/1773 4982/5176/5098 1553/5159/5116 40/5158/1771
f 41/5194/1782 1558/5195/5117 5002/5192/5114 748/5196/1780
f 1272/3462/3588 4998/5189/5111 1562/5197/5118 139/3460/3586
f 1557/5161/5115 1556/5167/5119 4979/5169/5091 4978/5168/5090
f 751/5198/1794 4987/5177/5099 4982/5176/5098 752/5193/1773
f 1558/5195/5117 1559/5199/5120 5001/5191/5113 5002/5192/5114
f 1271/3468/3597 4993/5184/5106 4998/5189/5111 1272/3462/3588
f 1556/5167/5119 1555/5165/5121 4980/5172/5094 4979/5169/5091
f 750/5200/1790 4992/5182/5104 4987/5177/5099 751/5198/1794
f 1559/5199/5120 1560/5201/5122 5000/5190/5112 5001/5191/5113
f 1270/3466/3594 4988/5179/5101 4993/5184/5106 1271/3468/3597
f 1555/5165/5121 1554/5163/5123 4981/5174/5096 4980/5172/5094
f 749/5202/1786 4997/5187/5109 4992/5182/5104 750/5200/1790
f 1560/5201/5122 1561/5203/5124 4999/5188/5110 5000/5190/5112
f 1269/3464/3591 4983/5171/5093 4988/5179/5101 1270/3466/3594
f 1554/5163/5123 1553/5159/5116 4982/5176/5098 4981/5174/5096
f 748/5196/1780 5002/5192/5114 4997/5187/5109 749/5202/1786
f 1561/5203/5124 1562/5197/5118 4998/5189/5111 4999/5188/5110
f 1268/3459/3583 4978/5168/5090 4983/5171/5093 1269/3464/3591
f 5003/5204/5125 5004/5205/5126 5009/5206/5127 5008/5207/5128
f 5004/5205/5126 5005/5208/5129 5010/5209/5130 5009/5206/5127
f 5005/5208/5129 5006/5210/5131 5011/5211/5132 5010/5209/5130
f 5006/5210/5131 5007/5212/5133 5012/5213/5134 5011/5211/5132
f 5008/5207/5128 5009/5206/5127 5014/5214/5135 5013/5215/5136
f 5009/5206/5127 5010/5209/5130 5015/5216/5137 5014/5214/5135
f 5010/5209/5130 5011/5211/5132 5016/5217/5138 5015/5216/5137
f 5011/5211/5132 5012/5213/5134 5017/5218/5139 5016/5217/5138
f 5013/5215/5136 5014/5214/5135 5019/5219/5140 5018/5220/5141
f 5014/5214/5135 5015/5216/5137 5020/5221/5142 5019/5219/5140
f 5015/5216/5137 5016/5217/5138 5021/5222/5143 5020/5221/5142
f 5016/5217/5138 5017/5218/5139 5022/5223/5144 5021/5222/5143
f 5018/5220/5141 5019/5219/5140 5024/5224/5145 5023/5225/5146
f 5019/5219/5140 5020/5221/5142 5025/5226/5147 5024/5224/5145
f 5020/5221/5142 5021/5222/5143 5026/5227/5148 5025/5226/5147
f 5021/5222/5143 5022/5223/5144 5027/5228/5149 5026/5227/5148
f 139/3460/3627 1562/5197/5150 5003/5204/5125 1278/3495/3625
f 767/5229/1822 5007/5212/5133 1558/5195/5151 41/5194/1820
f 42/5230/1831 1563/5231/5152 5027/5228/5149 763/5232/1829
f 1282/3498/3630 5023/5225/5146 1567/5233/5153 140/3496/3628
f 1562/5197/5150 1561/5203/5154 5004/5205/5126 5003/5204/5125
f 766/5234/1843 5012/5213/5134 5007/5212/5133 767/5229/1822
f 1563/5231/5152 1564/5235/5155 5026/5227/5148 5027/5228/5149
f 1281/3504/3639 5018/5220/5141 5023/5225/5146 1282/3498/3630
f 1561/5203/5154 1560/5201/5156 5005/5208/5129 5004/5205/5126
f 765/5236/1839 5017/5218/5139 5012/5213/5134 766/5234/1843
f 1564/5235/5155 1565/5237/5157 5025/5226/5147 5026/5227/5148
f 1280/3502/3636 5013/5215/5136 5018/5220/5141 1281/3504/3639
f 1560/5201/5156 1559/5199/5158 5006/5210/5131 5005/5208/5129
f 764/5238/1835 5022/5223/5144 5017/5218/5139 765/5236/1839
f 1565/5237/5157 1566/5239/5159 5024/5224/5145 5025/5226/5147
f 1279/3500/3633 5008/5207/5128 5013/5215/5136 1280/3502/3636
f 1559/5199/5158 1558/5195/5151 5007/5212/5133 5006/5210/5131
f 763/5232/1829 5027/5228/5149 5022/5223/5144 764/5238/1835
f 1566/5239/5159 1567/5233/5153 5023/5225/5146 5024/5224/5145
f 1278/3495/3625 5003/5204/5125 5008/5207/5128 1279/3500/3633
f 5028/5240/5160 5029/5241/5161 5034/5242/5162 5033/5243/5163
f 5029/5241/5161 5030/5244/5164 5035/5245/5165 5034/5242/5162
f 5030/5244/5164 5031/5246/5166 5036/5247/5167 5035/5245/5165
f 5031/5246/5166 5032/5248/5168 5037/5249/5169 5036/5247/5167
f 5033/5243/5163 5034/5242/5162 5039/5250/5170 5038/5251/5171
f 5034/5242/5162 5035/5245/5165 5040/5252/5172 5039/5250/5170
f 5035/5245/5165 5036/5247/5167 5041/5253/5173 5040/5252/5172
f 5036/5247/5167 5037/5249/5169 5042/5254/5174 5041/5253/5173
f 5038/5251/5171 5039/5250/5170 5044/5255/5175 5043/5256/5176
f 5039/5250/5170 5040/5252/5172 5045/5257/5177 5044/5255/5175
f 5040/5252/5172 5041/5253/5173 5046/5258/5178 5045/5257/5177
f 5041/5253/5173 5042/5254/5174 5047/5259/5179 5046/5258/5178
f 5043/5256/5176 5044/5255/5175 5049/5260/5180 5048/5261/5181
f 5044/5255/5175 5045/5257/5177 5050/5262/5182 5049/5260/5180
f 5045/5257/5177 5046/5258/5178 5051/5263/5183 5050/5262/5182
f 5046/5258/5178 5047/5259/5179 5052/5264/5184 5051/5263/5183
f 140/3496/3669 1567/5233/5185 5028/5240/5160 1288/3531/3667
f 782/5265/1871 5032/5248/5168 1563/5231/5186 42/5230/1869
f 43/5266/1869 1568/5267/5187 5052/5264/5184 778/5268/1877
f 1292/3534/3672 5048/5261/5181 1572/5269/5188 141/3532/3670
f 1567/5233/5185 1566/5239/5189 5029/5241/5161 5028/5240/5160
f 781/5270/1889 5037/5249/5169 5032/5248/5168 782/5265/1871
f 1568/5267/5187 1569/5271/5190 5051/5263/5183 5052/5264/5184
f 1291/3540/3680 5043/5256/5176 5048/5261/5181 1292/3534/3672
f 1566/5239/5189 1565/5237/5191 5030/5244/5164 5029/5241/5161
f 780/5272/1885 5042/5254/5174 5037/5249/5169 781/5270/1889
f 1569/5271/5190 1570/5273/5191 5050/5262/5182 5051/5263/5183
f 1290/3538/3678 5038/5251/5171 5043/5256/5176 1291/3540/3680
f 1565/5237/5191 1564/5235/5192 5031/5246/5166 5030/5244/5164
f 779/5274/1882 5047/5259/5179 5042/5254/5174 780/5272/1885
f 1570/5273/5191 1571/5275/5193 5049/5260/5180 5050/5262/5182
f 1289/3536/3675 5033/5243/5163 5038/5251/5171 1290/3538/3678
f 1564/5235/5192 1563/5231/5186 5032/5248/5168 5031/5246/5166
f 778/5268/1877 5052/5264/5184 5047/5259/5179 779/5274/1882
f 1571/5275/5193 1572/5269/5188 5048/5261/5181 5049/5260/5180
f 1288/3531/3667 5028/5240/5160 5033/5243/5163 1289/3536/3675
f 5053/5276/5194 5054/5277/5195 5059/5278/5196 5058/5279/5197
f 5054/5277/5195 5055/5280/5198 5060/5281/5199 5059/5278/5196
f 5055/5280/5198 5056/5282/5200 5061/5283/5201 5060/5281/5199
f 5056/5282/5200 5057/5284/5202 5062/5285/5203 5061/5283/5201
f 5058/5279/5197 5059/5278/5196 5064/5286/5204 5063/5287/5205
f 5059/5278/5196 5060/5281/5199 5065/5288/5206 5064/5286/5204
f 5060/5281/5199 5061/5283/5201 5066/5289/5207 5065/5288/5206
f 5061/5283/5201 5062/5285/5203 5067/5290/5208 5066/5289/5207
f 5063/5287/5205 5064/5286/5204 5069/5291/5209 5068/5292/5210
f 5064/5286/5204 5065/5288/5206 5070/5293/5211 5069/5291/5209
f 5065/5288/5206 5066/5289/5207 5071/5294/5212 5070/5293/5211
f 5066/5289/5207 5067/5290/5208 5072/5295/5213 5071/5294/5212
f 5068/5292/5210 5069/5291/5209 5074/5296/5214 5073/5297/5215
f 5069/5291/5209 5070/5293/5211 5075/5298/5216 5074/5296/5214
f 5070/5293/5211 5071/5294/5212 5076/5299/5217 5075/5298/5216
f 5071/5294/5212 5072/5295/5213 5077/5300/5218 5076/5299/5217
f 141/3532/3710 1572/5269/5219 5053/5276/5194 1298/3567/3708
f 797/5301/1917 5057/5284/5202 1568/5267/5220 43/5266/1915
f 44/5302/1926 1573/5303/5221 5077/5300/5218 793/5304/1924
f 1302/3570/3713 5073/5297/5215 1577/5305/5222 142/3568/3711
f 1572/5269/5219 1571/5275/5223 5054/5277/5195 5053/5276/5194
f 796/5306/1938 5062/5285/5203 5057/5284/5202 797/5301/1917
f 1573/5303/5221 1574/5307/5224 5076/5299/5217 5077/5300/5218
f 1301/3576/3722 5068/5292/5210 5073/5297/5215 1302/3570/3713
f 1571/5275/5223 1570/5273/5225 5055/5280/5198 5054/5277/5195
f 795/5308/1934 5067/5290/5208 5062/5285/5203 796/5306/1938
f 1574/5307/5224 1575/5309/5226 5075/5298/5216 5076/5299/5217
f 1300/3574/3719 5063/5287/5205 5068/5292/5210 1301/3576/3722
f 1570/5273/5225 1569/5271/5227 5056/5282/5200 5055/5280/5198
f 794/5310/1930 5072/5295/5213 5067/5290/5208 795/5308/1934
f 1575/5309/5226 1576/5311/5228 5074/5296/5214 5075/5298/5216
f 1299/3572/3716 5058/5279/5197 5063/5287/5205 1300/3574/3719
f 1569/5271/5227 1568/5267/5220 5057/5284/5202 5056/5282/5200
f 793/5304/1924 5077/5300/5218 5072/5295/5213 794/5310/1930
f 1576/5311/5228 1577/5305/5222 5073/5297/5215 5074/5296/5214
f 1298/3567/3708 5053/5276/5194 5058/5279/5197 1299/3572/3716
f 5078/5312/1 5079/5313/1 5084/5314/1 5083/5315/1
f 5079/5313/1 5080/5316/1 5085/5317/1 5084/5314/1
f 5080/5316/1 5081/5318/1 5086/5319/1 5085/5317/1
f 5081/5318/1 5082/5320/1 5087/5321/1 5086/5319/1
f 5083/5315/1 5084/5314/1 5089/5322/1 5088/5323/1
f 5084/5314/1 5085/5317/1 5090/5324/1 5089/5322/1
f 5085/5317/1 5086/5319/1 5091/5325/1 5090/5324/1
f 5086/5319/1 5087/5321/1 5092/5326/1 5091/5325/1
f 5088/5323/1 5089/5322/1 5094/5327/1 5093/5328/1
f 5089/5322/1 5090/5324/1 5095/5329/1 5094/5327/1
f 5090/5324/1 5091/5325/1 5096/5330/1 5095/5329/1
f 5091/5325/1 5092/5326/1 5097/5331/1 5096/5330/1
f 5093/5328/1 5094/5327/1 5099/5332/1 5098/5333/1
f 5094/5327/1 5095/5329/1 5100/5334/1 5099/5332/1
f 5095/5329/1 5096/5330/1 5101/5335/1 5100/5334/1
f 5096/5330/1 5097/5331/1 5102/5336/1 5101/5335/1
f 142/3568/1 1577/5305/1 5078/5312/1 1308/3603/1
f 812/5337/1 5082/5320/1 1573/5303/1 44/5302/1
f 45/5338/1 1578/5339/1 5102/5336/1 808/5340/1
f 1312/3606/1 5098/5333/1 1582/5341/1 143/3604/1
f 1577/5305/1 1576/5311/1 5079/5313/1 5078/5312/1
f 811/5342/1 5087/5321/1 5082/5320/1 812/5337/1
f 1578/5339/1 1579/5343/1 5101/5335/1 5102/5336/1
f 1311/3612/1 5093/5328/1 5098/5333/1 1312/3606/1
f 1576/5311/1 1575/5309/1 5080/5316/1 5079/5313/1
f 810/5344/1 5092/5326/1 5087/5321/1 811/5342/1
f 1579/5343/1 1580/5345/1 5100/5334/1 5101/5335/1
f 1310/3610/1 5088/5323/1 5093/5328/1 1311/3612/1
f 1575/5309/1 1574/5307/1 5081/5318/1 5080/5316/1
f 809/5346/1 5097/5331/1 5092/5326/1 810/5344/1
f 1580/5345/1 1581/5347/1 5099/5332/1 5100/5334/1
f 1309/3608/1 5083/5315/1 5088/5323/1 1310/3610/1
f 1574/5307/1 1573/5303/1 5082/5320/1 5081/5318/1
f 808/5340/1 5102/5336/1 5097/5331/1 809/5346/1
f 1581/5347/1 1582/5341/1 5098/5333/1 5099/5332/1
f 1308/3603/1 5078/5312/1 5083/5315/1 1309/3608/1
f 5103/5348/5229 5104/5349/5230 5109/5350/5230 5108/5351/5229
f 5104/5349/5230 5105/5352/5231 5110/5353/5231 5109/5350/5230
f 5105/5352/5231 5106/5354/5232 5111/5355/5232 5110/5353/5231
f 5106/5354/5232 5107/5356/5233 5112/5357/5233 5111/5355/5232
f 5108/5351/5229 5109/5350/5230 5114/5358/5230 5113/5359/5229
f 5109/5350/5230 5110/5353/5231 5115/5360/5231 5114/5358/5230
f 5110/5353/5231 5111/5355/5232 5116/5361/5232 5115/5360/5231
f 5111/5355/5232 5112/5357/5233 5117/5362/5233 5116/5361/5232
f 5113/5359/5229 5114/5358/5230 5119/5363/5230 5118/5364/5229
f 5114/5358/5230 5115/5360/5231 5120/5365/5231 5119/5363/5230
f 5115/5360/5231 5116/5361/5232 5121/5366/5232 5120/5365/5231
f 5116/5361/5232 5117/5362/5233 5122/5367/5233 5121/5366/5232
f 5118/5364/5229 5119/5363/5230 5124/5368/5230 5123/5369/5229
f 5119/5363/5230 5120/5365/5231 5125/5370/5231 5124/5368/5230
f 5120/5365/5231 5121/5366/5232 5126/5371/5232 5125/5370/5231
f 5121/5366/5232 5122/5367/5233 5127/5372/5233 5126/5371/5232
f 143/3604/3730 1582/5341/5229 5103/5348/5229 1318/3639/3730
f 827/5373/1944 5107/5356/5233 1578/5339/5233 45/5338/1944
f 46/5374/1944 1583/5375/5233 5127/5372/5233 823/5376/1944
f 1322/3642/3730 5123/5369/5229 1587/5377/5229 144/3640/3730
f 1582/5341/5229 1581/5347/5230 5104/5349/5230 5103/5348/5229
f 826/5378/1944 5112/5357/5233 5107/5356/5233 827/5373/1944
f 1583/5375/5233 1584/5379/5232 5126/5371/5232 5127/5372/5233
f 1321/3648/3730 5118/5364/5229 5123/5369/5229 1322/3642/3730
f 1581/5347/5230 1580/5345/4914 5105/5352/5231 5104/5349/5230
f 825/5380/1944 5117/5362/5233 5112/5357/5233 826/5378/1944
f 1584/5379/5232 1585/5381/4914 5125/5370/5231 5126/5371/5232
f 1320/3646/3730 5113/5359/5229 5118/5364/5229 1321/3648/3730
f 1580/5345/4914 1579/5343/5232 5106/5354/5232 5105/5352/5231
f 824/5382/1944 5122/5367/5233 5117/5362/5233 825/5380/1944
f 1585/5381/4914 1586/5383/5230 5124/5368/5230 5125/5370/5231
f 1319/3644/3730 5108/5351/5229 5113/5359/5229 1320/3646/3730
f 1579/5343/5232 1578/5339/5233 5107/5356/5233 5106/5354/5232
f 823/5376/1944 5127/5372/5233 5122/5367/5233 824/5382/1944
f 1586/5383/5230 1587/5377/5229 5123/5369/5229 5124/5368/5230
f 1318/3639/3730 5103/5348/5229 5108/5351/5229 1319/3644/3730
f 5128/5384/1946 5129/5385/1946 5134/5386/1946 5133/5387/1946
f 5129/5385/1946 5130/5388/1946 5135/5389/1946 5134/5386/1946
f 5130/5388/1946 5131/5390/1946 5136/5391/1946 5135/5389/1946
f 5131/5390/1946 5132/5392/1946 5137/5393/1946 5136/5391/1946
f 5133/5387/1946 5134/5386/1946 5139/5394/1946 5138/5395/1946
f 5134/5386/1946 5135/5389/1946 5140/5396/1946 5139/5394/1946
f 5135/5389/1946 5136/5391/1946 5141/5397/1946 5140/5396/1946
f 5136/5391/1946 5137/5393/1946 5142/5398/1946 5141/5397/1946
f 5138/5395/1946 5139/5394/1946 5144/5399/1946 5143/5400/1946
f 5139/5394/1946 5140/5396/1946 5145/5401/1946 5144/5399/1946
f 5140/5396/1946 5141/5397/1946 5146/5402/1946 5145/5401/1946
f 5141/5397/1946 5142/5398/1946 5147/5403/1946 5146/5402/1946
f 5143/5400/1946 5144/5399/1946 5149/5404/1946 5148/5405/1946
f 5144/5399/1946 5145/5401/1946 5150/5406/1946 5149/5404/1946
f 5145/5401/1946 5146/5402/1946 5151/5407/1946 5150/5406/1946
f 5146/5402/1946 5147/5403/1946 5152/5408/1946 5151/5407/1946
f 144/3640/1946 1587/5377/1946 5128/5384/1946 1328/3675/1946
f 842/5409/1946 5132/5392/1946 1583/5375/1946 46/5374/1946
f 47/5410/1946 1588/5411/1946 5152/5408/1946 838/5412/1946
f 1332/3678/1946 5148/5405/1946 1592/5413/1946 145/3676/1946
f 1587/5377/1946 1586/5383/1946 5129/5385/1946 5128/5384/1946
f 841/5414/1946 5137/5393/1946 5132/5392/1946 842/5409/1946
f 1588/5411/1946 1589/5415/1946 5151/5407/1946 5152/5408/1946
f 1331/3684/1946 5143/5400/1946 5148/5405/1946 1332/3678/1946
f 1586/5383/1946 1585/5381/1946 5130/5388/1946 5129/5385/1946
f 840/5416/1946 5142/5398/1946 5137/5393/1946 841/5414/1946
f 1589/5415/1946 1590/5417/1946 5150/5406/1946 5151/5407/1946
f 1330/3682/1946 5138/5395/1946 5143/5400/1946 1331/3684/1946
f 1585/5381/1946 1584/5379/1946 5131/5390/1946 5130/5388/1946
f 839/5418/1946 5147/5403/1946 5142/5398/1946 840/5416/1946
f 1590/5417/1946 1591/5419/1946 5149/5404/1946 5150/5406/1946
f 1329/3680/1946 5133/5387/1946 5138/5395/1946 1330/3682/1946
f 1584/5379/1946 1583/5375/1946 5132/5392/1946 5131/5390/1946
f 838/5412/1946 5152/5408/1946 5147/5403/1946 839/5418/1946
f 1591/5419/1946 1592/5413/1946 5148/5405/1946 5149/5404/1946
f 1328/3675/1946 5128/5384/1946 5133/5387/1946 1329/3680/1946
f 5153/5420/5234 5154/5421/5235 5159/5422/5236 5158/5423/5237
f 5154/5421/5235 5155/5424/5238 5160/5425/5239 5159/5422/5236
f 5155/5424/5238 5156/5426/5240 5161/5427/5241 5160/5425/5239
f 5156/5426/5240 5157/5428/5242 5162/5429/5243 5161/5427/5241
f 5158/5423/5237 5159/5422/5236 5164/5430/5244 5163/5431/5245
f 5159/5422/5236 5160/5425/5239 5165/5432/5246 5164/5430/5244
f 5160/5425/5239 5161/5427/5241 5166/5433/5247 5165/5432/5246
f 5161/5427/5241 5162/5429/5243 5167/5434/5248 5166/5433/5247
f 5163/5431/5245 5164/5430/5244 5169/5435/5249 5168/5436/5250
f 5164/5430/5244 5165/5432/5246 5170/5437/5251 5169/5435/5249
f 5165/5432/5246 5166/5433/5247 5171/5438/5252 5170/5437/5251
f 5166/5433/5247 5167/5434/5248 5172/5439/5253 5171/5438/5252
f 5168/5436/5250 5169/5435/5249 5174/5440/5254 5173/5441/5255
f 5169/5435/5249 5170/5437/5251 5175/5442/5256 5174/5440/5254
f 5170/5437/5251 5171/5438/5252 5176/5443/5257 5175/5442/5256
f 5171/5438/5252 5172/5439/5253 5177/5444/5258 5176/5443/5257
f 145/3676/3759 1592/5413/5259 5153/5420/5234 1338/3711/3757
f 857/5445/1974 5157/5428/5242 1588/5411/5260 47/5410/1972
f 48/5446/1983 1593/5447/5261 5177/5444/5258 853/5448/1981
f 1342/3714/3762 5173/5441/5255 1597/5449/5262 146/3712/3760
f 1592/5413/5259 1591/5419/5263 5154/5421/5235 5153/5420/5234
f 856/5450/1995 5162/5429/5243 5157/5428/5242 857/5445/1974
f 1593/5447/5261 1594/5451/5264 5176/5443/5257 5177/5444/5258
f 1341/3720/3771 5168/5436/5250 5173/5441/5255 1342/3714/3762
f 1591/5419/5263 1590/5417/5265 5155/5424/5238 5154/5421/5235
f 855/5452/1991 5167/5434/5248 5162/5429/5243 856/5450/1995
f 1594/5451/5264 1595/5453/5266 5175/5442/5256 5176/5443/5257
f 1340/3718/3768 5163/5431/5245 5168/5436/5250 1341/3720/3771
f 1590/5417/5265 1589/5415/5267 5156/5426/5240 5155/5424/5238
f 854/5454/1987 5172/5439/5253 5167/5434/5248 855/5452/1991
f 1595/5453/5266 1596/5455/5268 5174/5440/5254 5175/5442/5256
f 1339/3716/3765 5158/5423/5237 5163/5431/5245 1340/3718/3768
f 1589/5415/5267 1588/5411/5260 5157/5428/5242 5156/5426/5240
f 853/5448/1981 5177/5444/5258 5172/5439/5253 854/5454/1987
f 1596/5455/5268 1597/5449/5262 5173/5441/5255 5174/5440/5254
f 1338/3711/3757 5153/5420/5234 5158/5423/5237 1339/3716/3765
f 5178/5456/5269 5179/5457/5270 5184/5458/5271 5183/5459/5272
f 5179/5457/5270 5180/5460/5273 5185/5461/5274 5184/5458/5271
f 5180/5460/5273 5181/5462/5275 5186/5463/5276 5185/5461/5274
f 5181/5462/5275 5182/5464/5277 5187/5465/5278 5186/5463/5276
f 5183/5459/5272 5184/5458/5271 5189/5466/5279 5188/5467/5280
f 5184/5458/5271 5185/5461/5274 5190/5468/5281 5189/5466/5279
f 5185/5461/5274 5186/5463/5276 5191/5469/5282 5190/5468/5281
f 5186/5463/5276 5187/5465/5278 5192/5470/5283 5191/5469/5282
f 5188/5467/5280 5189/5466/5279 5194/5471/5284 5193/5472/5285
f 5189/5466/5279 5190/5468/5281 5195/5473/5286 5194/5471/5284
f 5190/5468/5281 5191/5469/5282 5196/5474/5287 5195/5473/5286
f 5191/5469/5282 5192/5470/5283 5197/5475/5288 5196/5474/5287
f 5193/5472/5285 5194/5471/5284 5199/5476/5289 5198/5477/5290
f 5194/5471/5284 5195/5473/5286 5200/5478/5291 5199/5476/5289
f 5195/5473/5286 5196/5474/5287 5201/5479/5292 5200/5478/5291
f 5196/5474/5287 5197/5475/5288 5202/5480/5293 5201/5479/5292
f 146/3712/3801 1597/5449/5294 5178/5456/5269 1348/3747/3799
f 872/5481/2023 5182/5464/5277 1593/5447/5295 48/5446/2021
f 49/5482/2032 1598/5483/5296 5202/5480/5293 868/5484/2030
f 1352/3750/3804 5198/5477/5290 1602/5485/5297 147/3748/3802
f 1597/5449/5294 1596/5455/5298 5179/5457/5270 5178/5456/5269
f 871/5486/2044 5187/5465/5278 5182/5464/5277 872/5481/2023
f 1598/5483/5296 1599/5487/5299 5201/5479/5292 5202/5480/5293
f 1351/3756/3813 5193/5472/5285 5198/5477/5290 1352/3750/3804
f 1596/5455/5298 1595/5453/5300 5180/5460/5273 5179/5457/5270
f 870/5488/2040 5192/5470/5283 5187/5465/5278 871/5486/2044
f 1599/5487/5299 1600/5489/5301 5200/5478/5291 5201/5479/5292
f 1350/3754/3810 5188/5467/5280 5193/5472/5285 1351/3756/3813
f 1595/5453/5300 1594/5451/5302 5181/5462/5275 5180/5460/5273
f 869/5490/2036 5197/5475/5288 5192/5470/5283 870/5488/2040
f 1600/5489/5301 1601/5491/5303 5199/5476/5289 5200/5478/5291
f 1349/3752/3807 5183/5459/5272 5188/5467/5280 1350/3754/3810
f 1594/5451/5302 1593/5447/5295 5182/5464/5277 5181/5462/5275
f 868/5484/2030 5202/5480/5293 5197/5475/5288 869/5490/2036
f 1601/5491/5303 1602/5485/5297 5198/5477/5290 5199/5476/5289
f 1348/3747/3799 5178/5456/5269 5183/5459/5272 1349/3752/3807
