# Blender v3.0.1 OBJ File: 'tablero.blend'
# www.blender.org
mtllib torre.mtl
o Line013_Malla.007
v 0.099934 0.155686 -0.042269
v 0.108502 0.155686 -0.000808
v 0.099738 0.182176 -0.042186
v 0.108290 0.182176 -0.000806
v 0.090760 0.182176 -0.038389
v 0.098542 0.182176 -0.000734
v 0.083929 0.184719 -0.035499
v 0.091125 0.184719 -0.000679
v 0.084319 0.189170 -0.035664
v 0.091548 0.189170 -0.000682
v 0.090174 0.193832 -0.038141
v 0.097906 0.193832 -0.000729
v 0.097591 0.199978 -0.041278
v 0.105959 0.199978 -0.000789
v 0.098372 0.211210 -0.041608
v 0.106807 0.211210 -0.000795
v 0.095249 0.226045 -0.040287
v 0.103416 0.226045 -0.000770
v 0.085100 0.238548 -0.035994
v 0.092396 0.238548 -0.000688
v 0.074169 0.249145 -0.031371
v 0.080529 0.249145 -0.000600
v 0.072413 0.256774 -0.030628
v 0.078621 0.256774 -0.000585
v 0.074169 0.263768 -0.031371
v 0.080529 0.263768 -0.000600
v 0.083343 0.269278 -0.035251
v 0.090489 0.269278 -0.000674
v 0.083929 0.273092 -0.035499
v 0.091125 0.273092 -0.000679
v 0.078659 0.277119 -0.033270
v 0.085403 0.277119 -0.000636
v 0.068509 0.279874 -0.028977
v 0.074383 0.279874 -0.000554
v 0.055718 0.307488 -0.023567
v 0.060495 0.307488 -0.000451
v 0.047129 0.339912 -0.019935
v 0.051170 0.339912 -0.000381
v 0.041859 0.378059 -0.017706
v 0.045448 0.378059 -0.000339
v 0.041524 0.427012 -0.017564
v 0.045084 0.427012 -0.000336
v 0.048746 0.426588 -0.020618
v 0.052925 0.426588 -0.000394
v 0.049917 0.435277 -0.021114
v 0.054197 0.435277 -0.000404
v 0.054601 0.440363 -0.023095
v 0.059283 0.440363 -0.000442
v 0.060067 0.441634 -0.025406
v 0.065217 0.441634 -0.000486
v 0.060652 0.445025 -0.025654
v 0.065852 0.445025 -0.000490
v 0.056748 0.448628 -0.024003
v 0.061614 0.448628 -0.000459
v 0.052845 0.448628 -0.022352
v 0.057376 0.448628 -0.000427
v 0.053430 0.453290 -0.022600
v 0.058011 0.453290 -0.000432
v 0.059481 0.454986 -0.025159
v 0.064581 0.454986 -0.000481
v 0.061433 0.454350 -0.025984
v 0.066700 0.454350 -0.000497
v 0.071820 0.524328 -0.030378
v 0.043603 0.524328 -0.011442
v 0.037190 0.456384 -0.009970
v 0.038174 0.456384 0.005022
v -0.001422 0.456394 0.000214
v -0.001396 0.456394 -0.000346
v 0.076151 0.155686 -0.077294
v 0.076002 0.182176 -0.077143
v 0.069161 0.182176 -0.070199
v 0.063955 0.184719 -0.064915
v 0.064252 0.189170 -0.065217
v 0.068714 0.193832 -0.069746
v 0.074366 0.199978 -0.075483
v 0.074961 0.211210 -0.076087
v 0.072582 0.226045 -0.073671
v 0.064847 0.238548 -0.065821
v 0.056518 0.249145 -0.057367
v 0.055180 0.256774 -0.056008
v 0.056518 0.263768 -0.057367
v 0.063509 0.269278 -0.064462
v 0.063955 0.273092 -0.064915
v 0.059939 0.277119 -0.060839
v 0.052205 0.279874 -0.052989
v 0.042458 0.307488 -0.043096
v 0.035913 0.339912 -0.036453
v 0.031897 0.378059 -0.032377
v 0.031642 0.427012 -0.032118
v 0.037145 0.426588 -0.037703
v 0.038037 0.435277 -0.038609
v 0.041607 0.440363 -0.042232
v 0.045772 0.441634 -0.046459
v 0.046218 0.445025 -0.046912
v 0.043243 0.448628 -0.043893
v 0.040268 0.448628 -0.040874
v 0.040715 0.453290 -0.041327
v 0.045325 0.454986 -0.046006
v 0.046813 0.454350 -0.047516
v 0.054728 0.524328 -0.055550
v 0.035906 0.524328 -0.027257
v 0.030544 0.456384 -0.023443
v -0.001232 0.456394 0.000741
v 0.040775 0.155686 -0.100553
v 0.040696 0.182176 -0.100357
v 0.037032 0.182176 -0.091322
v 0.034245 0.184719 -0.084449
v 0.034404 0.189170 -0.084842
v 0.036793 0.193832 -0.090733
v 0.039820 0.199978 -0.098196
v 0.040138 0.211210 -0.098982
v 0.038864 0.226045 -0.095840
v 0.034723 0.238548 -0.085627
v 0.030263 0.249145 -0.074629
v 0.029546 0.256774 -0.072862
v 0.030263 0.263768 -0.074629
v 0.034006 0.269278 -0.083860
v 0.034245 0.273092 -0.084449
v 0.032094 0.277119 -0.079146
v 0.027953 0.279874 -0.068934
v 0.022734 0.307488 -0.056063
v 0.019230 0.339912 -0.047422
v 0.017079 0.378059 -0.042119
v 0.016942 0.427012 -0.041782
v 0.019889 0.426588 -0.049049
v 0.020367 0.435277 -0.050227
v 0.022278 0.440363 -0.054940
v 0.024508 0.441634 -0.060439
v 0.024747 0.445025 -0.061028
v 0.023154 0.448628 -0.057101
v 0.021562 0.448628 -0.053173
v 0.021801 0.453290 -0.053762
v 0.024269 0.454986 -0.059850
v 0.025066 0.454350 -0.061814
v 0.029304 0.524328 -0.072266
v 0.019248 0.456384 -0.033348
v -0.000854 0.456394 0.001156
v -0.000808 0.155686 -0.108503
v -0.000807 0.182176 -0.108291
v -0.000734 0.182176 -0.098543
v -0.000679 0.184719 -0.091126
v -0.000682 0.189170 -0.091550
v -0.000730 0.193832 -0.097907
v -0.000790 0.199978 -0.105960
v -0.000796 0.211210 -0.106808
v -0.000771 0.226045 -0.103417
v -0.000689 0.238548 -0.092397
v -0.000600 0.249145 -0.080530
v -0.000586 0.256774 -0.078622
v -0.000600 0.263768 -0.080530
v -0.000674 0.269278 -0.090490
v -0.000679 0.273092 -0.091126
v -0.000637 0.277119 -0.085404
v -0.000555 0.279874 -0.074384
v -0.000451 0.307488 -0.060496
v -0.000382 0.339912 -0.051172
v -0.000339 0.378059 -0.045450
v -0.000336 0.427012 -0.045086
v -0.000395 0.426588 -0.052927
v -0.000404 0.435277 -0.054198
v -0.000442 0.440363 -0.059284
v -0.000486 0.441634 -0.065218
v -0.000491 0.445025 -0.065854
v -0.000460 0.448628 -0.061615
v -0.000428 0.448628 -0.057377
v -0.000433 0.453290 -0.058013
v -0.000482 0.454986 -0.064582
v -0.000497 0.454350 -0.066701
v 0.005021 0.456384 -0.038175
v -0.000347 0.456394 0.001395
v -0.042269 0.155686 -0.099935
v -0.042187 0.182176 -0.099740
v -0.038389 0.182176 -0.090761
v -0.035500 0.184719 -0.083930
v -0.035665 0.189170 -0.084320
v -0.038141 0.193832 -0.090176
v -0.041279 0.199978 -0.097593
v -0.041609 0.211210 -0.098373
v -0.040288 0.226045 -0.095250
v -0.035995 0.238548 -0.085101
v -0.031372 0.249145 -0.074170
v -0.030629 0.256774 -0.072414
v -0.031372 0.263768 -0.074170
v -0.035252 0.269278 -0.083344
v -0.035500 0.273092 -0.083930
v -0.033271 0.277119 -0.078660
v -0.028978 0.279874 -0.068510
v -0.023568 0.307488 -0.055719
v -0.019935 0.339912 -0.047131
v -0.017706 0.378059 -0.041861
v -0.017564 0.427012 -0.041525
v -0.020619 0.426588 -0.048747
v -0.021114 0.435277 -0.049918
v -0.023096 0.440363 -0.054603
v -0.025407 0.441634 -0.060068
v -0.025655 0.445025 -0.060653
v -0.024004 0.448628 -0.056750
v -0.022353 0.448628 -0.052846
v -0.022600 0.453290 -0.053431
v -0.025159 0.454986 -0.059482
v -0.025985 0.454350 -0.061434
v -0.030378 0.524328 -0.071821
v -0.011442 0.524328 -0.043604
v -0.009970 0.456384 -0.037191
v 0.000213 0.456394 0.001421
v -0.077295 0.155686 -0.076152
v -0.077144 0.182176 -0.076004
v -0.070200 0.182176 -0.069162
v -0.064916 0.184719 -0.063956
v -0.065218 0.189170 -0.064254
v -0.069747 0.193832 -0.068716
v -0.075483 0.199978 -0.074368
v -0.076087 0.211210 -0.074962
v -0.073672 0.226045 -0.072583
v -0.065822 0.238548 -0.064849
v -0.057368 0.249145 -0.056519
v -0.056009 0.256774 -0.055181
v -0.057368 0.263768 -0.056519
v -0.064463 0.269278 -0.063510
v -0.064916 0.273092 -0.063956
v -0.060840 0.277119 -0.059940
v -0.052990 0.279874 -0.052206
v -0.043096 0.307488 -0.042459
v -0.036454 0.339912 -0.035914
v -0.032378 0.378059 -0.031899
v -0.032118 0.427012 -0.031643
v -0.037704 0.426588 -0.037146
v -0.038610 0.435277 -0.038039
v -0.042233 0.440363 -0.041608
v -0.046460 0.441634 -0.045773
v -0.046913 0.445025 -0.046219
v -0.043894 0.448628 -0.043244
v -0.040874 0.448628 -0.040270
v -0.041327 0.453290 -0.040716
v -0.046007 0.454986 -0.045327
v -0.047517 0.454350 -0.046814
v -0.055551 0.524328 -0.054729
v -0.027258 0.524328 -0.035907
v -0.023444 0.456384 -0.030545
v 0.000741 0.456394 0.001231
v -0.100554 0.155686 -0.040776
v -0.100357 0.182176 -0.040697
v -0.091323 0.182176 -0.037033
v -0.084449 0.184719 -0.034246
v -0.084842 0.189170 -0.034405
v -0.090734 0.193832 -0.036794
v -0.098197 0.199978 -0.039821
v -0.098982 0.211210 -0.040139
v -0.095840 0.226045 -0.038865
v -0.085628 0.238548 -0.034724
v -0.074630 0.249145 -0.030264
v -0.072862 0.256774 -0.029547
v -0.074630 0.263768 -0.030264
v -0.083860 0.269278 -0.034007
v -0.084449 0.273092 -0.034246
v -0.079147 0.277119 -0.032096
v -0.068934 0.279874 -0.027954
v -0.056064 0.307488 -0.022735
v -0.047423 0.339912 -0.019231
v -0.042120 0.378059 -0.017080
v -0.041783 0.427012 -0.016944
v -0.049049 0.426588 -0.019890
v -0.050227 0.435277 -0.020368
v -0.054941 0.440363 -0.022280
v -0.060440 0.441634 -0.024509
v -0.061029 0.445025 -0.024748
v -0.057101 0.448628 -0.023156
v -0.053173 0.448628 -0.021563
v -0.053763 0.453290 -0.021802
v -0.059851 0.454986 -0.024271
v -0.061815 0.454350 -0.025067
v -0.072266 0.524328 -0.029305
v -0.033348 0.456384 -0.019249
v 0.001155 0.456394 0.000853
v -0.108504 0.155686 0.000807
v -0.108292 0.182176 0.000806
v -0.098544 0.182176 0.000733
v -0.091126 0.184719 0.000678
v -0.091550 0.189170 0.000681
v -0.097908 0.193832 0.000728
v -0.105961 0.199978 0.000788
v -0.106808 0.211210 0.000795
v -0.103418 0.226045 0.000769
v -0.092398 0.238548 0.000687
v -0.080530 0.249145 0.000599
v -0.078623 0.256774 0.000585
v -0.080530 0.263768 0.000599
v -0.090491 0.269278 0.000673
v -0.091126 0.273092 0.000678
v -0.085405 0.277119 0.000635
v -0.074385 0.279874 0.000553
v -0.060497 0.307488 0.000450
v -0.051172 0.339912 0.000381
v -0.045450 0.378059 0.000338
v -0.045086 0.427012 0.000335
v -0.052927 0.426588 0.000394
v -0.054199 0.435277 0.000403
v -0.059285 0.440363 0.000441
v -0.065218 0.441634 0.000485
v -0.065854 0.445025 0.000490
v -0.061616 0.448628 0.000458
v -0.057377 0.448628 0.000427
v -0.058013 0.453290 0.000432
v -0.064583 0.454986 0.000480
v -0.066702 0.454350 0.000496
v -0.038176 0.456384 -0.005022
v 0.001394 0.456394 0.000346
v -0.099935 0.155686 0.042268
v -0.099740 0.182176 0.042185
v -0.090762 0.182176 0.038388
v -0.083930 0.184719 0.035499
v -0.084321 0.189170 0.035664
v -0.090176 0.193832 0.038140
v -0.097593 0.199978 0.041277
v -0.098374 0.211210 0.041608
v -0.095251 0.226045 0.040287
v -0.085101 0.238548 0.035994
v -0.074171 0.249145 0.031371
v -0.072414 0.256774 0.030628
v -0.074171 0.263768 0.031371
v -0.083345 0.269278 0.035251
v -0.083930 0.273092 0.035499
v -0.078660 0.277119 0.033270
v -0.068511 0.279874 0.028977
v -0.055719 0.307488 0.023566
v -0.047131 0.339912 0.019934
v -0.041861 0.378059 0.017705
v -0.041526 0.427012 0.017563
v -0.048748 0.426588 0.020618
v -0.049919 0.435277 0.021113
v -0.054603 0.440363 0.023094
v -0.060068 0.441634 0.025406
v -0.060654 0.445025 0.025654
v -0.056750 0.448628 0.024002
v -0.052846 0.448628 0.022351
v -0.053432 0.453290 0.022599
v -0.059483 0.454986 0.025158
v -0.061435 0.454350 0.025984
v -0.071822 0.524328 0.030377
v -0.043605 0.524328 0.011441
v -0.037192 0.456384 0.009969
v 0.001420 0.456394 -0.000214
v -0.076153 0.155686 0.077294
v -0.076004 0.182176 0.077143
v -0.069162 0.182176 0.070199
v -0.063957 0.184719 0.064915
v -0.064254 0.189170 0.065217
v -0.068716 0.193832 0.069746
v -0.074368 0.199978 0.075482
v -0.074963 0.211210 0.076086
v -0.072583 0.226045 0.073671
v -0.064849 0.238548 0.065821
v -0.056520 0.249145 0.057366
v -0.055181 0.256774 0.056008
v -0.056520 0.263768 0.057366
v -0.063511 0.269278 0.064462
v -0.063957 0.273092 0.064915
v -0.059941 0.277119 0.060839
v -0.052207 0.279874 0.052988
v -0.042459 0.307488 0.043095
v -0.035915 0.339912 0.036453
v -0.031899 0.378059 0.032376
v -0.031644 0.427012 0.032117
v -0.037147 0.426588 0.037703
v -0.038039 0.435277 0.038609
v -0.041609 0.440363 0.042232
v -0.045773 0.441634 0.046459
v -0.046220 0.445025 0.046912
v -0.043245 0.448628 0.043892
v -0.040270 0.448628 0.040873
v -0.040716 0.453290 0.041326
v -0.045327 0.454986 0.046006
v -0.046815 0.454350 0.047516
v -0.054730 0.524328 0.055550
v -0.035907 0.524328 0.027257
v -0.030546 0.456384 0.023443
v 0.001230 0.456394 -0.000742
v -0.040777 0.155686 0.100552
v -0.040697 0.182176 0.100356
v -0.037034 0.182176 0.091322
v -0.034246 0.184719 0.084448
v -0.034406 0.189170 0.084841
v -0.036795 0.193832 0.090733
v -0.039821 0.199978 0.098196
v -0.040140 0.211210 0.098981
v -0.038866 0.226045 0.095839
v -0.034724 0.238548 0.085627
v -0.030264 0.249145 0.074629
v -0.029548 0.256774 0.072861
v -0.030264 0.263768 0.074629
v -0.034008 0.269278 0.083859
v -0.034246 0.273092 0.084448
v -0.032096 0.277119 0.079146
v -0.027955 0.279874 0.068933
v -0.022736 0.307488 0.056063
v -0.019231 0.339912 0.047422
v -0.017081 0.378059 0.042119
v -0.016944 0.427012 0.041781
v -0.019891 0.426588 0.049048
v -0.020369 0.435277 0.050226
v -0.022280 0.440363 0.054940
v -0.024510 0.441634 0.060439
v -0.024749 0.445025 0.061028
v -0.023156 0.448628 0.057100
v -0.021563 0.448628 0.053172
v -0.021802 0.453290 0.053761
v -0.024271 0.454986 0.059850
v -0.025068 0.454350 0.061813
v -0.029306 0.524328 0.072265
v -0.019249 0.456384 0.033347
v 0.000853 0.456394 -0.001157
v 0.000807 0.155686 0.108503
v 0.000805 0.182176 0.108291
v 0.000733 0.182176 0.098542
v 0.000677 0.184719 0.091125
v 0.000680 0.189170 0.091549
v 0.000728 0.193832 0.097907
v 0.000788 0.199978 0.105960
v 0.000794 0.211210 0.106807
v 0.000769 0.226045 0.103417
v 0.000687 0.238548 0.092397
v 0.000598 0.249145 0.080529
v 0.000584 0.256774 0.078622
v 0.000598 0.263768 0.080529
v 0.000673 0.269278 0.090489
v 0.000677 0.273092 0.091125
v 0.000635 0.277119 0.085403
v 0.000553 0.279874 0.074384
v 0.000449 0.307488 0.060495
v 0.000380 0.339912 0.051171
v 0.000337 0.378059 0.045449
v 0.000335 0.427012 0.045085
v 0.000393 0.426588 0.052926
v 0.000403 0.435277 0.054197
v 0.000440 0.440363 0.059284
v 0.000485 0.441634 0.065217
v 0.000489 0.445025 0.065853
v 0.000458 0.448628 0.061615
v 0.000426 0.448628 0.057376
v 0.000431 0.453290 0.058012
v 0.000480 0.454986 0.064582
v 0.000496 0.454350 0.066701
v -0.005023 0.456384 0.038175
v 0.000345 0.456394 -0.001395
v 0.042267 0.155686 0.099934
v 0.042185 0.182176 0.099739
v 0.038387 0.182176 0.090761
v 0.035498 0.184719 0.083929
v 0.035663 0.189170 0.084319
v 0.038140 0.193832 0.090175
v 0.041277 0.199978 0.097592
v 0.041607 0.211210 0.098373
v 0.040286 0.226045 0.095250
v 0.035993 0.238548 0.085100
v 0.031370 0.249145 0.074170
v 0.030627 0.256774 0.072413
v 0.031370 0.263768 0.074170
v 0.035250 0.269278 0.083344
v 0.035498 0.273092 0.083929
v 0.033269 0.277119 0.078659
v 0.028976 0.279874 0.068510
v 0.023566 0.307488 0.055718
v 0.019933 0.339912 0.047130
v 0.017704 0.378059 0.041860
v 0.017563 0.427012 0.041525
v 0.020617 0.426588 0.048746
v 0.021112 0.435277 0.049918
v 0.023094 0.440363 0.054602
v 0.025405 0.441634 0.060067
v 0.025653 0.445025 0.060653
v 0.024002 0.448628 0.056749
v 0.022351 0.448628 0.052845
v 0.022598 0.453290 0.053431
v 0.025158 0.454986 0.059482
v 0.025983 0.454350 0.061433
v 0.030377 0.524328 0.071821
v 0.011440 0.524328 0.043604
v 0.009969 0.456384 0.037191
v -0.000215 0.456394 -0.001421
v 0.077293 0.155686 0.076152
v 0.077142 0.182176 0.076003
v 0.070198 0.182176 0.069161
v 0.064914 0.184719 0.063956
v 0.065216 0.189170 0.064253
v 0.069745 0.193832 0.068715
v 0.075482 0.199978 0.074367
v 0.076086 0.211210 0.074962
v 0.073670 0.226045 0.072582
v 0.065820 0.238548 0.064848
v 0.057366 0.249145 0.056519
v 0.056007 0.256774 0.055180
v 0.057366 0.263768 0.056519
v 0.064461 0.269278 0.063509
v 0.064914 0.273092 0.063956
v 0.060838 0.277119 0.059940
v 0.052988 0.279874 0.052206
v 0.043094 0.307488 0.042458
v 0.036452 0.339912 0.035914
v 0.032376 0.378059 0.031898
v 0.032116 0.427012 0.031642
v 0.037702 0.426588 0.037146
v 0.038608 0.435277 0.038038
v 0.042231 0.440363 0.041608
v 0.046458 0.441634 0.045772
v 0.046911 0.445025 0.046218
v 0.043892 0.448628 0.043244
v 0.040872 0.448628 0.040269
v 0.041325 0.453290 0.040715
v 0.046005 0.454986 0.045326
v 0.047515 0.454350 0.046813
v 0.055549 0.524328 0.054729
v 0.027256 0.524328 0.035906
v 0.023442 0.456384 0.030545
v -0.000743 0.456394 -0.001231
v 0.100552 0.155686 0.040776
v 0.100355 0.182176 0.040696
v 0.091321 0.182176 0.037033
v 0.084448 0.184719 0.034245
v 0.084840 0.189170 0.034405
v 0.090732 0.193832 0.036794
v 0.098195 0.199978 0.039820
v 0.098981 0.211210 0.040139
v 0.095838 0.226045 0.038864
v 0.085626 0.238548 0.034723
v 0.074628 0.249145 0.030263
v 0.072860 0.256774 0.029546
v 0.074628 0.263768 0.030263
v 0.083858 0.269278 0.034006
v 0.084448 0.273092 0.034245
v 0.079145 0.277119 0.032095
v 0.068933 0.279874 0.027954
v 0.056062 0.307488 0.022734
v 0.047421 0.339912 0.019230
v 0.042118 0.378059 0.017080
v 0.041781 0.427012 0.016943
v 0.049047 0.426588 0.019890
v 0.050226 0.435277 0.020368
v 0.054939 0.440363 0.022279
v 0.060438 0.441634 0.024509
v 0.061027 0.445025 0.024748
v 0.057099 0.448628 0.023155
v 0.053172 0.448628 0.021562
v 0.053761 0.453290 0.021801
v 0.059849 0.454986 0.024270
v 0.061813 0.454350 0.025066
v 0.072264 0.524328 0.029305
v 0.033347 0.456384 0.019248
v -0.001157 0.456394 -0.000854
v 0.000535 0.487040 0.071969
v 0.007575 0.487040 0.040269
v 0.002004 0.487040 0.071666
v -0.005516 0.487040 0.041102
v -0.013018 0.487040 0.038512
v -0.020826 0.487040 0.035863
v -0.022206 0.487040 0.034640
v -0.027047 0.487040 0.066696
v -0.027806 0.487040 0.066197
v 0.002711 0.487040 0.040562
v -0.028553 0.511899 0.070409
v -0.022936 0.524328 0.038752
v -0.028896 0.524328 0.072343
v 0.000896 0.524328 0.077913
v 0.006935 0.524328 0.043876
v -0.071970 0.487040 0.000535
v -0.041103 0.487040 -0.005516
v -0.038513 0.487040 -0.013018
v -0.071721 0.487040 0.001744
v -0.040286 0.487040 0.007307
v -0.040563 0.487040 0.002711
v -0.066050 0.487040 -0.028031
v -0.066697 0.487040 -0.027047
v -0.035864 0.487040 -0.020825
v -0.034436 0.487040 -0.022436
v -0.038550 0.524328 -0.023164
v -0.072299 0.524328 -0.029136
v -0.071503 0.519214 -0.028996
v -0.077968 0.524328 0.000638
v -0.043893 0.524328 0.006668
v -0.002714 0.487034 -0.040562
v 0.027841 0.487034 -0.066173
v 0.027045 0.487034 -0.066696
v 0.005515 0.487034 -0.041102
v 0.013015 0.487034 -0.038513
v 0.020824 0.487034 -0.035863
v 0.022245 0.487034 -0.034603
v -0.000537 0.487034 -0.071969
v -0.001963 0.487034 -0.071674
v -0.007530 0.487034 -0.040272
v -0.000856 0.524328 -0.077923
v -0.006890 0.524328 -0.043879
v 0.028623 0.513081 -0.070586
v 0.022974 0.524328 -0.038717
v 0.028933 0.524328 -0.072337
v 0.066030 0.487040 0.028058
v 0.066695 0.487040 0.027046
v 0.035862 0.487040 0.020825
v 0.034419 0.487040 0.022454
v 0.040286 0.487040 -0.007286
v 0.040562 0.487040 -0.002712
v 0.071969 0.487040 -0.000536
v 0.071726 0.487040 -0.001712
v 0.041102 0.487040 0.005515
v 0.038512 0.487040 0.013017
v 0.077973 0.524328 -0.000604
v 0.043892 0.524328 -0.006646
v 0.038532 0.524328 0.023183
v 0.072291 0.524328 0.029168
v 0.071645 0.520183 0.029054
vt 0.191504 0.000122
vt 0.153924 0.062500
vt 0.191504 0.062500
vt 0.216457 0.062500
vt 0.205333 0.000000
vt 0.205333 0.062500
vt 0.222798 0.000000
vt 0.216457 0.062211
vt 0.222798 0.062500
vt 0.233983 0.000000
vt 0.222798 0.058442
vt 0.233983 0.062500
vt 0.248353 0.000000
vt 0.233983 0.057750
vt 0.248353 0.062500
vt 0.264332 0.000000
vt 0.248353 0.062004
vt 0.264332 0.062500
vt 0.285919 0.001984
vt 0.285919 0.062500
vt 0.309562 0.006660
vt 0.309562 0.062500
vt 0.332132 0.008028
vt 0.332132 0.062500
vt 0.343288 0.062500
vt 0.332132 0.000000
vt 0.353571 0.000000
vt 0.343288 0.061020
vt 0.353571 0.062500
vt 0.369718 0.000000
vt 0.353571 0.055621
vt 0.369718 0.062500
vt 0.375205 0.000000
vt 0.369718 0.062064
vt 0.375205 0.062500
vt 0.385130 0.003924
vt 0.385130 0.062500
vt 0.401244 0.062500
vt 0.385130 0.000000
vt 0.445091 0.011669
vt 0.445091 0.062500
vt 0.492952 0.009633
vt 0.492952 0.062500
vt 0.547672 0.006989
vt 0.547672 0.062500
vt 0.617117 0.000501
vt 0.617117 0.062500
vt 0.628257 0.062500
vt 0.617117 0.000000
vt 0.617117 0.053241
vt 0.640714 0.000000
vt 0.628256 0.061034
vt 0.640714 0.062500
vt 0.650918 0.062500
vt 0.640714 0.057138
vt 0.659526 0.062500
vt 0.650918 0.000000
vt 0.650918 0.056814
vt 0.664420 0.062500
vt 0.659526 0.000000
vt 0.659526 0.061897
vt 0.672312 0.004023
vt 0.672312 0.062500
vt 0.809231 -0.052985
vt 0.828724 0.004299
vt 0.833818 0.000000
vt 0.684999 0.000000
vt 0.678324 0.061815
vt 0.684999 0.062500
vt 0.694624 0.062500
vt 0.684999 0.056142
vt 0.697763 0.062500
vt 0.694624 0.000000
vt 0.694624 0.060514
vt 0.943353 0.000000
vt 1.000000 0.062500
vt 1.000000 0.000000
vt 0.943353 0.062500
vt -0.153924 0.062500
vt -0.130490 -0.052985
vt -0.153924 0.000000
vt 0.191504 0.062622
vt 0.153924 0.125000
vt 0.191504 0.125000
vt 0.216457 0.125000
vt 0.205333 0.125000
vt 0.216457 0.124711
vt 0.222798 0.125000
vt 0.222798 0.120942
vt 0.233983 0.125000
vt 0.233983 0.120250
vt 0.248353 0.125000
vt 0.248353 0.124504
vt 0.264332 0.125000
vt 0.285919 0.064484
vt 0.285919 0.125000
vt 0.309562 0.125000
vt 0.332132 0.125000
vt 0.343288 0.063980
vt 0.343288 0.125000
vt 0.343288 0.123520
vt 0.353571 0.125000
vt 0.353571 0.118121
vt 0.369718 0.125000
vt 0.369718 0.124564
vt 0.375205 0.125000
vt 0.385130 0.125000
vt 0.401244 0.125000
vt 0.445091 0.074169
vt 0.445091 0.125000
vt 0.492952 0.072133
vt 0.492952 0.125000
vt 0.547672 0.069489
vt 0.547672 0.125000
vt 0.617117 0.063001
vt 0.617117 0.125000
vt 0.628257 0.125000
vt 0.617117 0.115741
vt 0.640714 0.125000
vt 0.628257 0.123534
vt 0.640714 0.119638
vt 0.650918 0.125000
vt 0.659526 0.125000
vt 0.650918 0.119313
vt 0.659526 0.124397
vt 0.664420 0.125000
vt 0.672312 0.125000
vt 0.684999 0.125000
vt 0.678324 0.062500
vt 0.678324 0.124315
vt 0.694624 0.125000
vt 0.684999 0.118642
vt 0.694624 0.123014
vt 0.697763 0.125000
vt 0.798313 0.062500
vt 0.697763 0.115961
vt 0.798313 0.125000
vt 0.846519 0.062500
vt 0.943353 0.125000
vt 0.846519 0.125000
vt 1.000000 0.125000
vt 0.191504 0.187500
vt 0.153924 0.187500
vt 0.216457 0.187500
vt 0.205333 0.187500
vt 0.216457 0.187211
vt 0.222798 0.187500
vt 0.222798 0.183442
vt 0.233983 0.187500
vt 0.248353 0.187500
vt 0.233983 0.182750
vt 0.248353 0.187004
vt 0.264332 0.187500
vt 0.285919 0.126984
vt 0.285919 0.187500
vt 0.309562 0.187500
vt 0.332132 0.187500
vt 0.343288 0.126480
vt 0.343288 0.187500
vt 0.343288 0.186020
vt 0.353571 0.187500
vt 0.353571 0.180621
vt 0.369718 0.187500
vt 0.369718 0.187064
vt 0.375205 0.187500
vt 0.385130 0.128924
vt 0.385130 0.187500
vt 0.401244 0.133065
vt 0.401244 0.187500
vt 0.445091 0.187500
vt 0.492952 0.134633
vt 0.492952 0.187500
vt 0.547672 0.131989
vt 0.547672 0.187500
vt 0.617117 0.125501
vt 0.617117 0.187500
vt 0.628257 0.187500
vt 0.617117 0.178241
vt 0.640714 0.187500
vt 0.628257 0.186034
vt 0.650918 0.187500
vt 0.640714 0.182138
vt 0.659526 0.187500
vt 0.650918 0.181813
vt 0.659526 0.186897
vt 0.664420 0.187500
vt 0.672311 0.129023
vt 0.672312 0.187500
vt 0.678324 0.186815
vt 0.684999 0.187500
vt 0.694624 0.187500
vt 0.684999 0.181142
vt 0.694624 0.185514
vt 0.697763 0.187500
vt 0.943353 0.187500
vt 1.000000 0.187500
vt 0.191504 0.187622
vt 0.153924 0.250000
vt 0.191504 0.250000
vt 0.317321 0.387305
vt 0.258107 0.365485
vt 0.314570 0.400888
vt 0.216457 0.250000
vt 0.205333 0.250000
vt 0.216457 0.249711
vt 0.222798 0.250000
vt 0.233983 0.250000
vt 0.222798 0.245942
vt 0.233983 0.245250
vt 0.248353 0.250000
vt 0.264332 0.250000
vt 0.248353 0.249504
vt 0.285919 0.189484
vt 0.285919 0.250000
vt 0.309562 0.194160
vt 0.309562 0.250000
vt 0.332132 0.195528
vt 0.332132 0.250000
vt 0.343288 0.188980
vt 0.343288 0.250000
vt 0.343288 0.248520
vt 0.353571 0.250000
vt 0.369718 0.250000
vt 0.353571 0.243121
vt 0.369718 0.249564
vt 0.375205 0.250000
vt 0.385130 0.250000
vt 0.401244 0.250000
vt 0.445091 0.199169
vt 0.445091 0.250000
vt 0.492952 0.197133
vt 0.492952 0.250000
vt 0.547672 0.194489
vt 0.547672 0.250000
vt 0.617117 0.188001
vt 0.617117 0.250000
vt 0.628257 0.250000
vt 0.617117 0.240741
vt 0.628257 0.248534
vt 0.640714 0.250000
vt 0.650918 0.250000
vt 0.640714 0.244638
vt 0.650917 0.244314
vt 0.659526 0.250000
vt 0.664420 0.250000
vt 0.659526 0.249397
vt 0.672312 0.250000
vt 0.678324 0.249315
vt 0.684999 0.250000
vt 0.694624 0.250000
vt 0.684999 0.243642
vt 0.697763 0.250000
vt 0.694624 0.248014
vt 1.000000 0.250000
vt 0.943353 0.250000
vt 0.191504 0.250122
vt 0.153924 0.312500
vt 0.191504 0.312500
vt 0.216457 0.254704
vt 0.205333 0.312500
vt 0.216457 0.312500
vt 0.216457 0.312211
vt 0.222798 0.312500
vt 0.222798 0.308442
vt 0.233983 0.312500
vt 0.248353 0.312500
vt 0.233983 0.307750
vt 0.248353 0.312004
vt 0.264332 0.312500
vt 0.285919 0.251984
vt 0.285919 0.312500
vt 0.309562 0.256660
vt 0.309562 0.312500
vt 0.332132 0.312500
vt 0.343288 0.251480
vt 0.343288 0.312500
vt 0.343288 0.311020
vt 0.353571 0.312500
vt 0.353571 0.305621
vt 0.369718 0.312500
vt 0.375205 0.312500
vt 0.369718 0.312064
vt 0.385130 0.253924
vt 0.385130 0.312500
vt 0.401244 0.258065
vt 0.401244 0.312500
vt 0.445091 0.261669
vt 0.445091 0.312500
vt 0.492952 0.259633
vt 0.492952 0.312500
vt 0.547672 0.312500
vt 0.617117 0.250501
vt 0.617117 0.312500
vt 0.628257 0.312500
vt 0.617117 0.303241
vt 0.628257 0.311034
vt 0.640714 0.312500
vt 0.650918 0.312500
vt 0.640714 0.307138
vt 0.659526 0.312500
vt 0.650918 0.306814
vt 0.659526 0.311897
vt 0.664420 0.312500
vt 0.672312 0.254023
vt 0.672312 0.312500
vt 0.678324 0.311815
vt 0.684999 0.312500
vt 0.694624 0.312500
vt 0.684999 0.306142
vt 0.697763 0.312500
vt 0.694624 0.310514
vt 1.000000 0.312500
vt 0.943353 0.312500
vt 0.191504 0.312622
vt 0.153924 0.375000
vt 0.191504 0.375000
vt 0.216457 0.375000
vt 0.205333 0.375000
vt 0.216457 0.374711
vt 0.222798 0.375000
vt 0.222798 0.370942
vt 0.233983 0.375000
vt 0.233983 0.370250
vt 0.248353 0.375000
vt 0.264332 0.375000
vt 0.248353 0.374504
vt 0.285919 0.375000
vt 0.309562 0.319160
vt 0.309562 0.375000
vt 0.332132 0.375000
vt 0.343288 0.313980
vt 0.343288 0.375000
vt 0.343288 0.373520
vt 0.353571 0.375000
vt 0.369718 0.375000
vt 0.353571 0.368121
vt 0.369718 0.374564
vt 0.375205 0.375000
vt 0.385130 0.375000
vt 0.401244 0.375000
vt 0.445091 0.324169
vt 0.445091 0.375000
vt 0.492952 0.322133
vt 0.492952 0.375000
vt 0.547672 0.319489
vt 0.547672 0.375000
vt 0.617117 0.313001
vt 0.617117 0.375000
vt 0.628257 0.375000
vt 0.617117 0.365741
vt 0.640714 0.375000
vt 0.628257 0.373534
vt 0.640714 0.369638
vt 0.650918 0.375000
vt 0.650918 0.369314
vt 0.659526 0.375000
vt 0.664420 0.375000
vt 0.659526 0.374397
vt 0.672312 0.316523
vt 0.672312 0.375000
vt 0.678324 0.374315
vt 0.684999 0.375000
vt 0.684999 0.368642
vt 0.694624 0.375000
vt 0.694624 0.373014
vt 0.697763 0.375000
vt 0.798313 0.312500
vt 0.697763 0.365961
vt 0.798313 0.375000
vt 0.846519 0.312500
vt 0.943353 0.375000
vt 0.846519 0.375000
vt 1.000000 0.375000
vt 0.191504 0.375122
vt 0.153924 0.437500
vt 0.191504 0.437500
vt 0.216457 0.437500
vt 0.205333 0.437500
vt 0.222798 0.437500
vt 0.216457 0.437211
vt 0.222798 0.433442
vt 0.233983 0.437500
vt 0.233983 0.432750
vt 0.248353 0.437500
vt 0.248353 0.437004
vt 0.264332 0.437500
vt 0.285919 0.376984
vt 0.285919 0.437500
vt 0.309562 0.437500
vt 0.332132 0.437500
vt 0.343288 0.437500
vt 0.353571 0.437500
vt 0.343288 0.436020
vt 0.353571 0.430621
vt 0.369718 0.437500
vt 0.375205 0.437500
vt 0.369718 0.437064
vt 0.385130 0.378924
vt 0.385130 0.437500
vt 0.401244 0.437500
vt 0.445091 0.386669
vt 0.445091 0.437500
vt 0.492952 0.384633
vt 0.492952 0.437500
vt 0.547672 0.381989
vt 0.547672 0.437500
vt 0.617117 0.375501
vt 0.617117 0.437500
vt 0.617117 0.428241
vt 0.628257 0.437500
vt 0.628257 0.436034
vt 0.640714 0.437500
vt 0.650918 0.437500
vt 0.640714 0.432138
vt 0.659526 0.437500
vt 0.650918 0.431814
vt 0.664420 0.437500
vt 0.659526 0.436897
vt 0.672311 0.379023
vt 0.672312 0.437500
vt 0.678324 0.436815
vt 0.684999 0.437500
vt 0.694624 0.437500
vt 0.684999 0.431142
vt 0.697763 0.437500
vt 0.694624 0.435514
vt 0.943353 0.437500
vt 1.000000 0.437500
vt 0.191504 0.500000
vt 0.153924 0.500000
vt 0.216457 0.442204
vt 0.205333 0.500000
vt 0.216457 0.500000
vt 0.216457 0.499711
vt 0.222798 0.500000
vt 0.233983 0.500000
vt 0.222798 0.495942
vt 0.233983 0.495250
vt 0.248353 0.500000
vt 0.248353 0.499504
vt 0.264332 0.500000
vt 0.285919 0.500000
vt 0.309562 0.444160
vt 0.309562 0.500000
vt 0.332132 0.500000
vt 0.343288 0.438980
vt 0.343288 0.500000
vt 0.353571 0.500000
vt 0.343288 0.498520
vt 0.369718 0.500000
vt 0.353571 0.493121
vt 0.369718 0.499564
vt 0.375205 0.500000
vt 0.385130 0.500000
vt 0.401244 0.445565
vt 0.401244 0.500000
vt 0.445091 0.449169
vt 0.445091 0.500000
vt 0.492952 0.447133
vt 0.492952 0.500000
vt 0.547672 0.444489
vt 0.547672 0.500000
vt 0.617117 0.500000
vt 0.628257 0.500000
vt 0.617117 0.490741
vt 0.640714 0.500000
vt 0.628257 0.498534
vt 0.650918 0.500000
vt 0.640714 0.494638
vt 0.650918 0.494313
vt 0.659526 0.500000
vt 0.659526 0.499397
vt 0.664420 0.500000
vt 0.672312 0.500000
vt 0.684999 0.500000
vt 0.678324 0.437500
vt 0.678324 0.499315
vt 0.684999 0.493642
vt 0.694624 0.500000
vt 0.694624 0.498014
vt 0.697763 0.500000
vt 1.000000 0.500000
vt 0.943353 0.500000
vt 0.191504 0.562500
vt 0.153924 0.562500
vt 0.216457 0.562500
vt 0.205333 0.562500
vt 0.222798 0.562500
vt 0.216457 0.562211
vt 0.233983 0.562500
vt 0.222798 0.558442
vt 0.233983 0.557750
vt 0.248353 0.562500
vt 0.264332 0.562500
vt 0.248353 0.562004
vt 0.285919 0.501984
vt 0.285919 0.562500
vt 0.309562 0.562500
vt 0.332132 0.508027
vt 0.332132 0.562500
vt 0.343288 0.501480
vt 0.343288 0.562500
vt 0.353571 0.562500
vt 0.343288 0.561020
vt 0.353571 0.555621
vt 0.369718 0.562500
vt 0.375205 0.562500
vt 0.369718 0.562064
vt 0.385130 0.503924
vt 0.385130 0.562500
vt 0.401244 0.562500
vt 0.445092 0.511669
vt 0.445091 0.562500
vt 0.492952 0.509633
vt 0.492952 0.562500
vt 0.547672 0.506989
vt 0.547672 0.562500
vt 0.617117 0.562500
vt 0.628257 0.562500
vt 0.617117 0.553241
vt 0.640714 0.562500
vt 0.628257 0.561034
vt 0.650918 0.562500
vt 0.640714 0.557138
vt 0.659526 0.562500
vt 0.650917 0.556813
vt 0.659526 0.561897
vt 0.664420 0.562500
vt 0.672312 0.562500
vt 0.678324 0.561815
vt 0.684999 0.562500
vt 0.694624 0.562500
vt 0.684999 0.556142
vt 0.694624 0.560514
vt 0.697763 0.562500
vt 1.000000 0.562500
vt 0.943353 0.562500
vt 0.191504 0.562622
vt 0.153924 0.625000
vt 0.191504 0.625000
vt 0.216457 0.567204
vt 0.205333 0.625000
vt 0.216457 0.625000
vt 0.222798 0.625000
vt 0.216457 0.624711
vt 0.222798 0.620942
vt 0.233983 0.625000
vt 0.233983 0.620250
vt 0.248353 0.625000
vt 0.248353 0.624504
vt 0.264332 0.625000
vt 0.285919 0.564484
vt 0.285919 0.625000
vt 0.309562 0.625000
vt 0.332132 0.570528
vt 0.332132 0.625000
vt 0.343288 0.625000
vt 0.343288 0.623520
vt 0.353571 0.625000
vt 0.353571 0.618121
vt 0.369718 0.625000
vt 0.369718 0.624564
vt 0.375205 0.625000
vt 0.385130 0.625000
vt 0.401244 0.570565
vt 0.401244 0.625000
vt 0.445091 0.574169
vt 0.445091 0.625000
vt 0.492952 0.572133
vt 0.492952 0.625000
vt 0.547672 0.569489
vt 0.547672 0.625000
vt 0.617117 0.563001
vt 0.617117 0.625000
vt 0.617117 0.615741
vt 0.628257 0.625000
vt 0.628257 0.623534
vt 0.640714 0.625000
vt 0.640714 0.619638
vt 0.650918 0.625000
vt 0.659526 0.625000
vt 0.650917 0.619314
vt 0.664420 0.625000
vt 0.659526 0.624397
vt 0.672311 0.566523
vt 0.672312 0.625000
vt 0.678324 0.624315
vt 0.684999 0.625000
vt 0.684999 0.618642
vt 0.694624 0.625000
vt 0.697763 0.625000
vt 0.694624 0.623014
vt 0.798313 0.625000
vt 0.697763 0.615961
vt 0.846519 0.562500
vt 0.943353 0.625000
vt 0.846519 0.625000
vt 1.000000 0.625000
vt 0.191504 0.625122
vt 0.153924 0.687500
vt 0.191504 0.687500
vt 0.265940 0.792589
vt 0.214892 0.750000
vt 0.258107 0.802985
vt 0.216457 0.629704
vt 0.205333 0.687500
vt 0.216457 0.687500
vt 0.222798 0.687500
vt 0.216457 0.687211
vt 0.222798 0.683442
vt 0.233983 0.687500
vt 0.233983 0.682750
vt 0.248353 0.687500
vt 0.248353 0.687004
vt 0.264332 0.687500
vt 0.285919 0.626984
vt 0.285919 0.687500
vt 0.309562 0.631660
vt 0.309562 0.687500
vt 0.332132 0.687500
vt 0.343288 0.626480
vt 0.343288 0.687500
vt 0.343288 0.686020
vt 0.353571 0.687500
vt 0.369718 0.687500
vt 0.353571 0.680621
vt 0.375205 0.687500
vt 0.369718 0.687064
vt 0.385130 0.687500
vt 0.401244 0.687500
vt 0.445091 0.636669
vt 0.445091 0.687500
vt 0.492952 0.634633
vt 0.492952 0.687500
vt 0.547672 0.631989
vt 0.547672 0.687500
vt 0.617117 0.625501
vt 0.617117 0.687500
vt 0.617117 0.678241
vt 0.628257 0.687500
vt 0.640714 0.687500
vt 0.628257 0.686034
vt 0.650918 0.687500
vt 0.640714 0.682138
vt 0.650918 0.681814
vt 0.659526 0.687500
vt 0.659526 0.686897
vt 0.664420 0.687500
vt 0.672312 0.629023
vt 0.672312 0.687500
vt 0.678324 0.686815
vt 0.684999 0.687500
vt 0.694624 0.687500
vt 0.684999 0.681142
vt 0.697763 0.687500
vt 0.694624 0.685514
vt 0.744734 0.680819
vt 0.697763 0.678461
vt 0.744734 0.682683
vt 0.943353 0.687500
vt 1.000000 0.687500
vt 0.191504 0.687622
vt 0.153924 0.750000
vt 0.191504 0.750000
vt 0.216457 0.750000
vt 0.205333 0.750000
vt 0.222798 0.750000
vt 0.216457 0.749711
vt 0.222798 0.745942
vt 0.233983 0.750000
vt 0.248353 0.750000
vt 0.233983 0.745250
vt 0.248353 0.749504
vt 0.264332 0.750000
vt 0.285919 0.689484
vt 0.285919 0.750000
vt 0.309562 0.694160
vt 0.309562 0.750000
vt 0.332132 0.750000
vt 0.343288 0.688980
vt 0.343288 0.750000
vt 0.343288 0.748520
vt 0.353571 0.750000
vt 0.353571 0.743121
vt 0.369718 0.750000
vt 0.375205 0.750000
vt 0.369718 0.749564
vt 0.385130 0.691424
vt 0.385130 0.750000
vt 0.401244 0.695565
vt 0.401244 0.750000
vt 0.445091 0.699169
vt 0.445091 0.750000
vt 0.492952 0.697133
vt 0.492952 0.750000
vt 0.547672 0.750000
vt 0.617117 0.688001
vt 0.617117 0.750000
vt 0.628257 0.750000
vt 0.617117 0.740741
vt 0.640714 0.750000
vt 0.628257 0.748534
vt 0.640714 0.744638
vt 0.650918 0.750000
vt 0.659526 0.750000
vt 0.650917 0.744313
vt 0.659526 0.749397
vt 0.664420 0.750000
vt 0.672312 0.691523
vt 0.672312 0.750000
vt 0.684999 0.750000
vt 0.678324 0.687500
vt 0.678324 0.749315
vt 0.694624 0.750000
vt 0.684999 0.743642
vt 0.694624 0.748014
vt 0.697763 0.750000
vt 1.000000 0.750000
vt 0.943353 0.750000
vt 0.191504 0.750122
vt 0.153924 0.812500
vt 0.191504 0.812500
vt 0.216457 0.812500
vt 0.205333 0.812500
vt 0.222798 0.812500
vt 0.216457 0.812211
vt 0.222798 0.808442
vt 0.233983 0.812500
vt 0.233983 0.807750
vt 0.248353 0.812500
vt 0.248353 0.812004
vt 0.264332 0.812500
vt 0.285919 0.751984
vt 0.285919 0.812500
vt 0.309562 0.812500
vt 0.332132 0.758027
vt 0.332132 0.812500
vt 0.343288 0.751480
vt 0.343288 0.812500
vt 0.343288 0.811020
vt 0.353571 0.812500
vt 0.369718 0.812500
vt 0.353571 0.805621
vt 0.375205 0.812500
vt 0.369718 0.812064
vt 0.385130 0.753924
vt 0.385130 0.812500
vt 0.401244 0.812500
vt 0.445091 0.761669
vt 0.445091 0.812500
vt 0.492952 0.759633
vt 0.492952 0.812500
vt 0.547672 0.756989
vt 0.547672 0.812500
vt 0.617117 0.750501
vt 0.617117 0.812500
vt 0.628257 0.812500
vt 0.617117 0.803241
vt 0.628256 0.811034
vt 0.640714 0.812500
vt 0.650918 0.812500
vt 0.640714 0.807138
vt 0.659526 0.812500
vt 0.650917 0.806813
vt 0.664420 0.812500
vt 0.659526 0.811897
vt 0.672312 0.812500
vt 0.678324 0.811815
vt 0.684999 0.812500
vt 0.694624 0.812500
vt 0.684999 0.806142
vt 0.697763 0.812500
vt 0.694624 0.810514
vt 1.000000 0.812500
vt 0.943353 0.812500
vt 0.191504 0.875000
vt 0.153924 0.875000
vt 0.216457 0.875000
vt 0.205333 0.875000
vt 0.216457 0.874711
vt 0.222798 0.875000
vt 0.222798 0.870942
vt 0.233983 0.875000
vt 0.248353 0.875000
vt 0.233983 0.870250
vt 0.248353 0.874504
vt 0.264332 0.875000
vt 0.285919 0.814484
vt 0.285919 0.875000
vt 0.309562 0.875000
vt 0.332132 0.820527
vt 0.332132 0.875000
vt 0.343288 0.875000
vt 0.343288 0.873520
vt 0.353571 0.875000
vt 0.369718 0.875000
vt 0.353571 0.868121
vt 0.369718 0.874564
vt 0.375205 0.875000
vt 0.385130 0.816424
vt 0.385130 0.875000
vt 0.401244 0.875000
vt 0.445091 0.824169
vt 0.445091 0.875000
vt 0.492952 0.822133
vt 0.492952 0.875000
vt 0.547672 0.819489
vt 0.547672 0.875000
vt 0.617117 0.813001
vt 0.617117 0.875000
vt 0.617117 0.865741
vt 0.628257 0.875000
vt 0.628257 0.873534
vt 0.640714 0.875000
vt 0.650918 0.875000
vt 0.640714 0.869638
vt 0.659526 0.875000
vt 0.650918 0.869314
vt 0.659526 0.874397
vt 0.664420 0.875000
vt 0.672312 0.816523
vt 0.672312 0.875000
vt 0.678324 0.874315
vt 0.684999 0.875000
vt 0.694624 0.875000
vt 0.684999 0.868642
vt 0.694624 0.873014
vt 0.697763 0.875000
vt 0.798313 0.875000
vt 0.697763 0.865961
vt 0.846519 0.812500
vt 0.943353 0.875000
vt 0.846519 0.875000
vt 1.000000 0.875000
vt 0.191504 0.875122
vt 0.153924 0.937500
vt 0.191504 0.937500
vt 0.216457 0.879704
vt 0.205333 0.937500
vt 0.216457 0.937500
vt 0.216457 0.937211
vt 0.222798 0.937500
vt 0.222798 0.933442
vt 0.233983 0.937500
vt 0.233983 0.932750
vt 0.248353 0.937500
vt 0.248353 0.937004
vt 0.264332 0.937500
vt 0.285919 0.937500
vt 0.309562 0.937500
vt 0.332132 0.937500
vt 0.343288 0.876480
vt 0.343288 0.937500
vt 0.343288 0.936020
vt 0.353571 0.937500
vt 0.353571 0.930621
vt 0.369718 0.937500
vt 0.369718 0.937064
vt 0.375205 0.937500
vt 0.385130 0.937500
vt 0.401244 0.883064
vt 0.401244 0.937500
vt 0.445091 0.886669
vt 0.445091 0.937500
vt 0.492952 0.884633
vt 0.492952 0.937500
vt 0.547672 0.881989
vt 0.547672 0.937500
vt 0.617117 0.875501
vt 0.617117 0.937500
vt 0.628257 0.937500
vt 0.617117 0.928241
vt 0.640714 0.937500
vt 0.628257 0.936034
vt 0.640714 0.932138
vt 0.650918 0.937500
vt 0.650918 0.931814
vt 0.659526 0.937500
vt 0.659526 0.936897
vt 0.664420 0.937500
vt 0.672312 0.937500
vt 0.678324 0.936815
vt 0.684999 0.937500
vt 0.694624 0.937500
vt 0.684999 0.931142
vt 0.694624 0.935514
vt 0.697763 0.937500
vt 0.943353 0.937500
vt 1.000000 0.937500
vt 0.191504 0.937622
vt 0.153924 1.000000
vt 0.191504 1.000000
vt 0.216457 1.000000
vt 0.205333 1.000000
vt 0.216457 0.999711
vt 0.222798 1.000000
vt 0.222798 0.995942
vt 0.233983 1.000000
vt 0.233983 0.995250
vt 0.248353 1.000000
vt 0.248353 0.999504
vt 0.264332 1.000000
vt 0.285919 0.939484
vt 0.285919 1.000000
vt 0.309562 0.944160
vt 0.309562 1.000000
vt 0.332132 0.945528
vt 0.332132 1.000000
vt 0.343288 1.000000
vt 0.343288 0.998520
vt 0.353571 1.000000
vt 0.353571 0.993121
vt 0.369718 1.000000
vt 0.369718 0.999564
vt 0.375205 1.000000
vt 0.385130 0.941424
vt 0.385130 1.000000
vt 0.401244 1.000000
vt 0.445092 0.949169
vt 0.445091 1.000000
vt 0.492952 0.947133
vt 0.492952 1.000000
vt 0.547672 0.944489
vt 0.547672 1.000000
vt 0.617117 0.938001
vt 0.617117 1.000000
vt 0.628257 1.000000
vt 0.617117 0.990741
vt 0.628257 0.998534
vt 0.640714 1.000000
vt 0.650918 1.000000
vt 0.640714 0.994638
vt 0.659526 1.000000
vt 0.650918 0.994314
vt 0.664420 1.000000
vt 0.659526 0.999397
vt 0.672312 0.941523
vt 0.672312 1.000000
vt 0.678324 0.999315
vt 0.684999 1.000000
vt 0.694624 1.000000
vt 0.684999 0.993642
vt 0.697763 1.000000
vt 0.694624 0.998014
vt 1.000000 1.000000
vt 0.943353 1.000000
vt 0.744734 0.682563
vt 0.899662 0.721801
vt 0.899662 0.750000
vt 0.899662 0.687500
vt 0.899662 0.784301
vt 0.899662 0.680947
vt 0.798313 0.688356
vt 0.798313 0.687500
vt 0.780454 0.687500
vt 0.899662 0.801617
vt 0.744734 0.753082
vt 0.697763 0.803461
vt 0.027512 0.664785
vt 0.320826 0.115844
vt 0.000000 0.658608
vt 0.349119 0.000000
vt 0.859134 0.997996
vt 0.925329 0.000000
vt 0.154922 0.997996
vt 0.658608 0.000000
vt 0.079449 0.000000
vt 0.899662 0.471801
vt 0.899662 0.500000
vt 0.899662 0.534301
vt 0.744734 0.437500
vt 0.697763 0.490961
vt 0.744734 0.495183
vt 0.899662 0.437500
vt 0.744734 0.430265
vt 0.697763 0.428461
vt 0.744734 0.432683
vt 0.790965 0.437500
vt 0.798313 0.437853
vt 0.798313 0.437500
vt 0.899662 0.429852
vt 0.961912 0.052295
vt 0.981860 -0.001563
vt 0.981270 -0.002213
vt 0.744734 0.502534
vt 0.697763 0.553461
vt 0.899662 0.550658
vt 0.832854 0.997996
vt 0.349900 -0.000000
vt 0.241478 0.997996
vt 0.337707 0.035685
vt 0.857112 0.329459
vt 0.345255 0.000000
vt 0.177483 0.997996
vt 0.654745 0.000000
vt 0.106084 -0.000000
vt 0.899670 0.284306
vt 0.899670 0.250000
vt 0.899670 0.221806
vt 0.899670 0.187500
vt 0.744727 0.187500
vt 0.697763 0.240961
vt 0.744727 0.245183
vt 0.966141 0.185650
vt 1.014822 0.238641
vt 1.014923 0.238370
vt 0.744727 0.252993
vt 0.697763 0.303461
vt 0.899670 0.301448
vt 0.744727 0.180728
vt 0.697763 0.178461
vt 0.744727 0.182683
vt 0.798313 0.188276
vt 0.798313 0.187500
vt 0.782152 0.187500
vt 0.899670 0.180752
vt 0.167149 0.998142
vt 0.659864 0.000000
vt 0.093325 -0.000000
vt 0.971149 0.333811
vt 0.677607 0.870703
vt 1.000000 0.340136
vt 0.347444 -0.000000
vt 0.846251 0.998142
vt 0.910989 -0.000000
vt 0.899662 0.971801
vt 0.899662 1.000000
vt 0.899662 0.937500
vt 0.899662 0.034301
vt 0.899662 -0.000000
vt 0.744734 0.995183
vt 0.697763 0.990961
vt 0.869012 0.138244
vt 0.849113 0.192217
vt 0.849647 0.192806
vt 0.899662 0.050581
vt 0.744734 0.002466
vt 0.697763 0.000000
vt 0.697763 0.053461
vt 0.864864 0.004989
vt 0.816152 -0.047987
vt 0.816070 -0.047768
vt 0.744734 0.930196
vt 0.697763 0.928461
vt 0.744734 0.932683
vt 0.899662 0.929766
vt 0.792357 0.937500
vt 0.798313 0.937786
vt 0.798313 0.937500
vt 0.812200 0.997996
vt 0.310367 0.000000
vt 0.197721 0.997996
vt 0.701485 0.963296
vt 0.162092 0.669832
vt 0.693398 1.000000
vt 0.197600 0.997997
vt 0.693398 0.000000
vt 0.123443 -0.000000
vt 0.153924 0.000000
vt 0.216457 0.004704
vt 0.216457 0.000000
vt 0.285919 0.000000
vt 0.309562 0.000000
vt 0.343288 0.001480
vt 0.343288 0.000000
vt 0.401244 0.008065
vt 0.401244 0.000000
vt 0.445091 0.000000
vt 0.492952 0.000000
vt 0.547672 0.000000
vt 0.628257 0.000000
vt 0.664420 0.000000
vt 0.847126 0.062500
vt 0.841114 0.062500
vt 0.847126 0.125000
vt 0.841114 0.120701
vt 0.833818 0.177985
vt 0.828724 0.170041
vt 0.809231 0.213388
vt 0.805825 0.203009
vt 0.777105 0.225820
vt 0.775909 0.214586
vt 0.742332 0.213388
vt 0.743529 0.203009
vt 0.710207 0.177985
vt 0.713613 0.170041
vt 0.685618 0.125000
vt 0.690716 0.120701
vt 0.672312 0.000000
vt 0.678324 0.004299
vt 0.685619 -0.052985
vt 0.690716 -0.045041
vt 0.710207 -0.088388
vt 0.713613 -0.078009
vt 0.742333 -0.100820
vt 0.743529 -0.089586
vt 0.777105 -0.088388
vt 0.775910 -0.078009
vt 0.805825 -0.045041
vt 0.678324 0.000000
vt 0.030617 -0.088388
vt 0.130490 0.000000
vt 0.087191 -0.052985
vt -0.030617 -0.100820
vt 0.130490 0.177985
vt 0.087191 0.213388
vt 0.030617 0.225820
vt -0.030617 0.213388
vt -0.087191 0.177985
vt -0.087191 -0.088388
vt -0.130490 0.125000
vt 0.216457 0.067204
vt 0.309562 0.069160
vt 0.332132 0.070528
vt 0.385130 0.066424
vt 0.401244 0.070565
vt 0.672312 0.066523
vt 0.191504 0.125122
vt 0.216457 0.129704
vt 0.309562 0.131660
vt 0.332132 0.133028
vt 0.445091 0.136669
vt 0.678324 0.125000
vt 0.463639 0.355089
vt 0.475363 0.365485
vt 0.484921 0.306874
vt 0.314570 0.086680
vt 0.372934 0.112695
vt 0.375685 0.099112
vt 0.317320 0.101382
vt 0.258107 0.099112
vt 0.265940 0.112695
vt 0.214892 0.134515
vt 0.226616 0.144911
vt 0.205333 0.193126
vt 0.214892 0.312500
vt 0.226616 0.306874
vt 0.265940 0.355089
vt 0.432148 0.400888
vt 0.424314 0.387305
vt 0.375685 0.413321
vt 0.372934 0.398618
vt 0.216457 0.192204
vt 0.385130 0.191424
vt 0.401244 0.195565
vt 0.672312 0.191523
vt 0.678324 0.187500
vt 0.332132 0.258028
vt 0.547672 0.256989
vt 0.678324 0.250000
vt 0.216457 0.317204
vt 0.285919 0.314484
vt 0.332132 0.320528
vt 0.385130 0.316424
vt 0.401244 0.320565
vt 0.678324 0.312500
vt 0.216457 0.379704
vt 0.309562 0.381660
vt 0.332132 0.383028
vt 0.343288 0.376480
vt 0.401244 0.383065
vt 0.678324 0.375000
vt 0.191504 0.437622
vt 0.285919 0.439484
vt 0.332132 0.445527
vt 0.385130 0.441424
vt 0.617117 0.438001
vt 0.672312 0.441523
vt 0.191504 0.500122
vt 0.216457 0.504704
vt 0.309562 0.506660
vt 0.401244 0.508065
vt 0.617117 0.500501
vt 0.672312 0.504023
vt 0.678324 0.500000
vt 0.309562 0.569160
vt 0.343288 0.563980
vt 0.385130 0.566424
vt 0.678324 0.562500
vt 0.798313 0.562500
vt 0.372934 0.836118
vt 0.314570 0.838388
vt 0.375685 0.850821
vt 0.317320 0.824805
vt 0.226616 0.744374
vt 0.332132 0.633028
vt 0.385130 0.628924
vt 0.401244 0.633065
vt 0.678324 0.625000
vt 0.780454 0.685895
vt 0.216457 0.692204
vt 0.332132 0.695527
vt 0.547672 0.694489
vt 0.216457 0.754704
vt 0.309562 0.756660
vt 0.401244 0.758064
vt 0.672312 0.754023
vt 0.678324 0.750000
vt 0.191504 0.812622
vt 0.216457 0.817204
vt 0.309562 0.819160
vt 0.343288 0.813980
vt 0.401244 0.820565
vt 0.678324 0.812500
vt 0.798313 0.812500
vt 0.285919 0.876984
vt 0.309562 0.881660
vt 0.332132 0.883027
vt 0.385130 0.878924
vt 0.672312 0.879023
vt 0.678324 0.875000
vt 0.216457 0.942204
vt 0.343288 0.938980
vt 0.401244 0.945565
vt 0.678324 0.937500
vt 0.744734 0.750000
vt 0.846519 0.686586
vt 0.846519 0.796463
vt 0.798313 0.750663
vt 0.051892 0.096287
vt 0.000000 0.079449
vt 0.843651 0.096956
vt 1.000000 0.650881
vt 1.000000 0.074671
vt 0.579473 0.135422
vt 0.954014 0.661424
vt 0.234456 0.997997
vt 0.735899 0.665352
vt 0.771403 0.997997
vt 0.790965 0.436839
vt 0.846519 0.435499
vt 1.032660 0.128154
vt 0.983407 0.137301
vt 1.032660 0.190532
vt 0.984454 0.128154
vt 0.977809 0.089505
vt 1.014822 0.060656
vt 0.798313 0.500122
vt 0.744734 0.500000
vt 0.846519 0.545510
vt 0.895450 -0.000000
vt 0.875380 0.060545
vt 0.893915 -0.000000
vt 0.875417 0.852294
vt 0.349900 1.000000
vt 0.895450 1.000000
vt 0.838815 0.588087
vt 0.341668 0.962179
vt 0.749370 0.861138
vt 0.763185 0.997996
vt 0.938794 0.265177
vt 0.912218 0.184670
vt 0.892609 0.239921
vt 0.919132 0.189791
vt 0.945248 0.195163
vt 0.981860 0.264810
vt 0.798313 0.250576
vt 0.744727 0.250000
vt 0.846519 0.296296
vt 0.782152 0.186047
vt 0.846519 0.186396
vt 0.739061 0.697119
vt 0.770480 0.998142
vt 0.946573 0.889738
vt 1.000000 0.906675
vt 0.154785 0.889362
vt -0.000000 0.347444
vt -0.000000 0.910989
vt 0.419014 0.851651
vt 0.044661 0.337416
vt 0.235308 0.998142
vt 0.744734 0.937500
vt 0.847572 0.053309
vt 0.798313 0.000049
vt 0.853164 0.101149
vt 0.816151 0.129998
vt 0.846519 0.045430
vt 0.744734 0.000000
vt 0.892179 -0.074523
vt 0.918684 0.005931
vt 0.938300 -0.049302
vt 0.911841 0.000863
vt 0.885726 -0.004509
vt 0.849113 -0.074156
vt 0.792357 0.936965
vt 0.846519 0.935408
vt 0.877232 0.000000
vt 0.142952 0.938760
vt 0.123443 1.000000
vt 0.143393 0.147004
vt 0.689633 0.000000
vt 0.122768 0.000000
vt 0.181256 0.411191
vt 0.697930 0.036796
vt 0.794643 0.887061
vt 0.806276 0.997997
vn 0.9999 0.0080 -0.0074
vn 0.9210 0.0080 -0.3895
vn 0.2987 0.9459 -0.1263
vn 0.3243 0.9459 -0.0024
vn 0.9955 -0.0948 -0.0074
vn 0.9169 -0.0948 -0.3878
vn 0.5913 -0.8064 -0.0044
vn 0.5446 -0.8064 -0.2304
vn 0.6067 -0.7950 -0.0045
vn 0.5587 -0.7950 -0.2363
vn 0.9971 -0.0753 -0.0074
vn 0.9184 -0.0753 -0.3884
vn 0.9748 0.2228 -0.0073
vn 0.8979 0.2228 -0.3798
vn 0.7502 0.6612 -0.0056
vn 0.6909 0.6612 -0.2922
vn 0.6660 0.7459 -0.0050
vn 0.6134 0.7459 -0.2594
vn 0.8935 0.2425 -0.3779
vn 0.9701 0.2425 -0.0072
vn 0.9647 -0.2631 -0.0072
vn 0.8886 -0.2631 -0.3758
vn 0.4840 -0.8750 -0.0036
vn 0.4458 -0.8750 -0.1886
vn 0.9864 -0.1644 -0.0073
vn 0.9085 -0.1644 -0.3842
vn 0.5755 0.8178 -0.0043
vn 0.5300 0.8178 -0.2242
vn 0.2234 0.9701 -0.0945
vn 0.2425 0.9701 -0.0018
vn 0.8933 0.4493 -0.0066
vn 0.8228 0.4493 -0.3480
vn 0.9610 0.2764 -0.0072
vn 0.8851 0.2764 -0.3744
vn 0.9889 0.1483 -0.0074
vn 0.9108 0.1483 -0.3852
vn 0.9999 0.0074 -0.0074
vn 0.9210 0.0074 -0.3895
vn -0.0497 -0.9985 0.0210
vn -0.0540 -0.9985 0.0004
vn 0.9894 -0.1448 -0.0074
vn 0.9113 -0.1448 -0.3854
vn 0.6512 -0.7071 -0.2755
vn 0.7071 -0.7071 -0.0053
vn 0.1930 -0.9778 -0.0816
vn 0.2095 -0.9778 -0.0016
vn 0.9052 -0.1843 -0.3829
vn 0.9828 -0.1843 -0.0073
vn 0.6476 0.7619 -0.0048
vn 0.5965 0.7619 -0.2523
vn 0.0000 1.0000 0.0000
vn 0.9908 -0.1351 -0.0074
vn 0.9126 -0.1351 -0.3860
vn 0.2301 -0.9683 -0.0973
vn 0.2499 -0.9683 -0.0019
vn -0.2647 -0.9578 0.1119
vn -0.2874 -0.9578 0.0021
vn 0.0002 1.0000 0.0000
vn -0.0002 -1.0000 0.0001
vn 0.0002 1.0000 -0.0001
vn -0.0000 -1.0000 0.0000
vn 0.7018 0.0080 -0.7123
vn 0.2276 0.9459 -0.2310
vn 0.6987 -0.0948 -0.7091
vn 0.4150 -0.8064 -0.4213
vn 0.4258 -0.7950 -0.4322
vn 0.6998 -0.0753 -0.7103
vn 0.6842 0.2228 -0.6944
vn 0.5265 0.6612 -0.5344
vn 0.4674 0.7459 -0.4744
vn 0.6809 0.2425 -0.6911
vn 0.6771 -0.2631 -0.6872
vn 0.3397 -0.8750 -0.3448
vn 0.6923 -0.1644 -0.7027
vn 0.4039 0.8178 -0.4100
vn 0.1702 0.9701 -0.1728
vn 0.6270 0.4493 -0.6364
vn 0.6745 0.2764 -0.6846
vn 0.6941 0.1483 -0.7045
vn 0.7018 0.0074 -0.7123
vn -0.0379 -0.9985 0.0385
vn 0.6944 -0.1448 -0.7048
vn 0.4963 -0.7071 -0.5037
vn 0.1471 -0.9778 -0.1493
vn 0.6898 -0.1843 -0.7001
vn 0.4545 0.7619 -0.4614
vn 0.6954 -0.1351 -0.7058
vn 0.1754 -0.9683 -0.1780
vn -0.2017 -0.9578 0.2047
vn 0.9093 -0.1591 -0.3846
vn 0.6929 -0.1591 -0.7033
vn -0.9627 0.0969 0.2526
vn -0.7896 0.0958 0.6061
vn -0.9615 0.0958 0.2577
vn -0.7928 0.0969 0.6018
vn -0.0002 -1.0000 0.0002
vn 0.0002 1.0000 -0.0002
vn 0.3758 0.0080 -0.9267
vn 0.1219 0.9459 -0.3006
vn 0.3741 -0.0948 -0.9225
vn 0.2222 -0.8064 -0.5480
vn 0.2280 -0.7950 -0.5622
vn 0.3747 -0.0753 -0.9241
vn 0.3663 0.2228 -0.9034
vn 0.2819 0.6612 -0.6952
vn 0.2503 0.7459 -0.6172
vn 0.3646 0.2425 -0.8990
vn 0.3626 -0.2631 -0.8940
vn 0.1819 -0.8750 -0.4486
vn 0.3707 -0.1644 -0.9141
vn 0.2163 0.8178 -0.5333
vn 0.0911 0.9701 -0.2248
vn 0.3357 0.4493 -0.8279
vn 0.3612 0.2764 -0.8906
vn 0.3716 0.1483 -0.9164
vn 0.3758 0.0074 -0.9267
vn -0.0203 -0.9985 0.0500
vn 0.3718 -0.1448 -0.9169
vn 0.2657 -0.7071 -0.6553
vn 0.0787 -0.9778 -0.1942
vn 0.3694 -0.1843 -0.9108
vn 0.2434 0.7619 -0.6002
vn 0.3724 -0.1351 -0.9182
vn 0.0939 -0.9683 -0.2316
vn -0.1080 -0.9578 0.2663
vn -0.4976 0.0958 0.8621
vn -0.0001 -1.0000 0.0002
vn 0.0001 1.0000 -0.0002
vn -0.0074 0.0080 -0.9999
vn -0.0024 0.9459 -0.3243
vn -0.0074 -0.0948 -0.9955
vn -0.0044 -0.8064 -0.5913
vn -0.0045 -0.7950 -0.6067
vn -0.0045 -0.7949 -0.6067
vn -0.0074 -0.0753 -0.9971
vn -0.0073 0.2228 -0.9748
vn -0.0056 0.6612 -0.7502
vn -0.0050 0.7459 -0.6660
vn -0.0072 0.2425 -0.9701
vn -0.0072 -0.2631 -0.9647
vn -0.0036 -0.8750 -0.4841
vn -0.0073 -0.1644 -0.9864
vn -0.0043 0.8178 -0.5755
vn -0.0018 0.9701 -0.2425
vn -0.0066 0.4493 -0.8933
vn -0.0072 0.2764 -0.9610
vn -0.0074 0.1483 -0.9889
vn -0.0074 0.0074 -0.9999
vn 0.0004 -0.9985 0.0540
vn -0.0074 -0.1448 -0.9894
vn -0.0053 -0.7071 -0.7071
vn -0.0016 -0.9778 -0.2095
vn -0.0073 -0.1843 -0.9828
vn -0.0048 0.7619 -0.6476
vn -0.0074 -0.1351 -0.9908
vn -0.0019 -0.9683 -0.2499
vn 0.0021 -0.9578 0.2874
vn 0.0000 1.0000 -0.0002
vn -0.3895 0.0080 -0.9210
vn -0.1263 0.9459 -0.2987
vn -0.3878 -0.0948 -0.9169
vn -0.2304 -0.8064 -0.5446
vn -0.2363 -0.7950 -0.5587
vn -0.3884 -0.0753 -0.9184
vn -0.3798 0.2228 -0.8979
vn -0.2922 0.6612 -0.6909
vn -0.2594 0.7459 -0.6134
vn -0.3779 0.2425 -0.8935
vn -0.3758 -0.2631 -0.8886
vn -0.1886 -0.8750 -0.4458
vn -0.3842 -0.1644 -0.9085
vn -0.2242 0.8178 -0.5300
vn -0.0945 0.9701 -0.2234
vn -0.3480 0.4493 -0.8228
vn -0.3744 0.2764 -0.8851
vn -0.3852 0.1483 -0.9108
vn -0.3895 0.0074 -0.9210
vn 0.0210 -0.9985 0.0497
vn -0.3854 -0.1448 -0.9113
vn -0.2755 -0.7071 -0.6512
vn -0.0816 -0.9778 -0.1930
vn -0.3829 -0.1843 -0.9052
vn -0.2523 0.7619 -0.5965
vn -0.3860 -0.1351 -0.9126
vn -0.0973 -0.9683 -0.2301
vn 0.1119 -0.9578 0.2647
vn 0.0000 -1.0000 0.0002
vn -0.0001 1.0000 -0.0002
vn -0.7123 0.0080 -0.7018
vn -0.2310 0.9459 -0.2276
vn -0.7091 -0.0948 -0.6987
vn -0.4213 -0.8064 -0.4150
vn -0.4322 -0.7950 -0.4258
vn -0.7103 -0.0753 -0.6998
vn -0.6944 0.2228 -0.6842
vn -0.5344 0.6612 -0.5265
vn -0.4744 0.7459 -0.4674
vn -0.6911 0.2425 -0.6809
vn -0.6872 -0.2631 -0.6771
vn -0.3448 -0.8750 -0.3397
vn -0.7027 -0.1644 -0.6923
vn -0.4100 0.8178 -0.4039
vn -0.1728 0.9701 -0.1702
vn -0.6364 0.4493 -0.6270
vn -0.6846 0.2764 -0.6745
vn -0.7045 0.1483 -0.6941
vn -0.7123 0.0074 -0.7018
vn 0.0384 -0.9985 0.0379
vn -0.7048 -0.1448 -0.6944
vn -0.5037 -0.7071 -0.4963
vn -0.1493 -0.9778 -0.1471
vn -0.7002 -0.1843 -0.6898
vn -0.4614 0.7619 -0.4545
vn -0.4613 0.7619 -0.4545
vn -0.7058 -0.1351 -0.6954
vn -0.1780 -0.9683 -0.1754
vn 0.2047 -0.9578 0.2017
vn -0.3846 -0.1591 -0.9093
vn -0.7033 -0.1591 -0.6929
vn 0.2526 0.0969 0.9627
vn 0.6061 0.0958 0.7896
vn 0.2577 0.0958 0.9615
vn 0.6018 0.0969 0.7928
vn 0.0001 -1.0000 0.0002
vn -0.9267 0.0080 -0.3758
vn -0.3006 0.9459 -0.1219
vn -0.9225 -0.0948 -0.3741
vn -0.5480 -0.8064 -0.2222
vn -0.5622 -0.7950 -0.2280
vn -0.9241 -0.0753 -0.3747
vn -0.9034 0.2228 -0.3663
vn -0.6952 0.6612 -0.2819
vn -0.6172 0.7459 -0.2503
vn -0.8990 0.2425 -0.3646
vn -0.8940 -0.2631 -0.3626
vn -0.4486 -0.8750 -0.1819
vn -0.9141 -0.1644 -0.3707
vn -0.5333 0.8178 -0.2163
vn -0.2248 0.9701 -0.0911
vn -0.8279 0.4493 -0.3357
vn -0.8906 0.2764 -0.3612
vn -0.9164 0.1483 -0.3716
vn -0.9267 0.0074 -0.3758
vn 0.0500 -0.9985 0.0203
vn -0.9169 -0.1448 -0.3718
vn -0.6553 -0.7071 -0.2657
vn -0.1942 -0.9778 -0.0787
vn -0.9108 -0.1843 -0.3694
vn -0.6002 0.7619 -0.2434
vn -0.9182 -0.1351 -0.3724
vn -0.2316 -0.9683 -0.0939
vn 0.2663 -0.9578 0.1080
vn 0.8621 0.0958 0.4976
vn 0.0002 -1.0000 0.0001
vn -0.0002 1.0000 -0.0001
vn -0.9999 0.0080 0.0074
vn -0.3243 0.9459 0.0024
vn -0.9955 -0.0948 0.0074
vn -0.5913 -0.8064 0.0044
vn -0.6067 -0.7950 0.0045
vn -0.9971 -0.0753 0.0074
vn -0.9748 0.2228 0.0073
vn -0.7502 0.6612 0.0056
vn -0.6660 0.7459 0.0050
vn -0.9701 0.2425 0.0072
vn -0.9647 -0.2631 0.0072
vn -0.4840 -0.8750 0.0036
vn -0.9864 -0.1644 0.0073
vn -0.5755 0.8178 0.0043
vn -0.2425 0.9701 0.0018
vn -0.8933 0.4493 0.0066
vn -0.9610 0.2764 0.0072
vn -0.9889 0.1483 0.0074
vn -0.9999 0.0074 0.0074
vn 0.0540 -0.9985 -0.0004
vn -0.9894 -0.1448 0.0074
vn -0.7071 -0.7071 0.0053
vn -0.2095 -0.9778 0.0016
vn -0.9828 -0.1843 0.0073
vn -0.6476 0.7619 0.0048
vn -0.9908 -0.1351 0.0074
vn -0.2499 -0.9683 0.0019
vn 0.2874 -0.9578 -0.0021
vn 0.0002 -1.0000 -0.0001
vn -0.0002 1.0000 -0.0000
vn -0.9210 0.0080 0.3895
vn -0.2987 0.9459 0.1263
vn -0.9169 -0.0948 0.3878
vn -0.5446 -0.8064 0.2304
vn -0.5587 -0.7950 0.2363
vn -0.9184 -0.0753 0.3884
vn -0.8979 0.2228 0.3798
vn -0.6909 0.6612 0.2922
vn -0.6134 0.7459 0.2594
vn -0.8935 0.2425 0.3779
vn -0.8886 -0.2631 0.3758
vn -0.4458 -0.8750 0.1886
vn -0.9085 -0.1644 0.3842
vn -0.5300 0.8178 0.2242
vn -0.2234 0.9701 0.0945
vn -0.8228 0.4493 0.3480
vn -0.8851 0.2764 0.3744
vn -0.9108 0.1483 0.3852
vn -0.9210 0.0074 0.3895
vn 0.0497 -0.9985 -0.0210
vn -0.9113 -0.1448 0.3854
vn -0.6512 -0.7071 0.2755
vn -0.1930 -0.9778 0.0816
vn -0.9052 -0.1843 0.3829
vn -0.5965 0.7619 0.2523
vn -0.9126 -0.1351 0.3860
vn -0.2301 -0.9683 0.0973
vn 0.2646 -0.9578 -0.1119
vn -0.0002 1.0000 0.0001
vn -0.7018 0.0080 0.7123
vn -0.2276 0.9459 0.2310
vn -0.6987 -0.0948 0.7091
vn -0.4150 -0.8064 0.4213
vn -0.4258 -0.7950 0.4322
vn -0.6998 -0.0753 0.7103
vn -0.6842 0.2228 0.6944
vn -0.5265 0.6612 0.5344
vn -0.4674 0.7459 0.4744
vn -0.6809 0.2425 0.6911
vn -0.6771 -0.2631 0.6872
vn -0.3397 -0.8750 0.3448
vn -0.6923 -0.1644 0.7027
vn -0.4039 0.8178 0.4100
vn -0.1702 0.9701 0.1728
vn -0.6270 0.4493 0.6364
vn -0.6745 0.2764 0.6846
vn -0.6941 0.1483 0.7045
vn -0.7018 0.0074 0.7123
vn 0.0379 -0.9985 -0.0384
vn -0.6944 -0.1448 0.7048
vn -0.4963 -0.7071 0.5037
vn -0.1471 -0.9778 0.1493
vn -0.6898 -0.1843 0.7001
vn -0.4545 0.7619 0.4614
vn -0.6954 -0.1351 0.7058
vn -0.1754 -0.9683 0.1780
vn 0.2017 -0.9578 -0.2047
vn -0.6929 -0.1591 0.7033
vn -0.9093 -0.1591 0.3846
vn 0.9627 0.0969 -0.2526
vn 0.7896 0.0958 -0.6061
vn 0.9615 0.0958 -0.2577
vn 0.7928 0.0969 -0.6018
vn -0.0002 1.0000 0.0002
vn -0.3758 0.0080 0.9267
vn -0.1219 0.9459 0.3006
vn -0.3741 -0.0948 0.9225
vn -0.2222 -0.8064 0.5480
vn -0.2280 -0.7950 0.5622
vn -0.3747 -0.0753 0.9241
vn -0.3663 0.2228 0.9034
vn -0.2819 0.6612 0.6952
vn -0.2503 0.7459 0.6172
vn -0.3646 0.2425 0.8990
vn -0.3626 -0.2631 0.8940
vn -0.1819 -0.8750 0.4486
vn -0.3707 -0.1644 0.9141
vn -0.2163 0.8178 0.5333
vn -0.0911 0.9701 0.2248
vn -0.3357 0.4493 0.8279
vn -0.3612 0.2764 0.8906
vn -0.3716 0.1483 0.9164
vn -0.3758 0.0074 0.9267
vn 0.0203 -0.9985 -0.0500
vn -0.3718 -0.1448 0.9169
vn -0.2657 -0.7071 0.6553
vn -0.0787 -0.9778 0.1942
vn -0.3694 -0.1843 0.9108
vn -0.2434 0.7619 0.6002
vn -0.3724 -0.1351 0.9182
vn -0.0939 -0.9683 0.2316
vn 0.1080 -0.9578 -0.2663
vn -0.5426 -0.1561 0.8253
vn -0.3710 -0.1591 0.9149
vn 0.4976 0.0958 -0.8621
vn 0.0001 -1.0000 -0.0002
vn -0.0001 1.0000 0.0002
vn 0.0074 0.0080 0.9999
vn 0.0024 0.9459 0.3243
vn 0.0074 -0.0948 0.9955
vn 0.0044 -0.8064 0.5913
vn 0.0045 -0.7950 0.6067
vn 0.0074 -0.0753 0.9971
vn 0.0073 0.2228 0.9748
vn 0.0056 0.6612 0.7502
vn 0.0050 0.7459 0.6660
vn 0.0072 0.2425 0.9701
vn 0.0072 -0.2631 0.9647
vn 0.0036 -0.8750 0.4840
vn 0.0073 -0.1644 0.9864
vn 0.0043 0.8178 0.5755
vn 0.0018 0.9701 0.2425
vn 0.0066 0.4493 0.8933
vn 0.0072 0.2764 0.9610
vn 0.0074 0.1483 0.9889
vn 0.0074 0.0074 0.9999
vn -0.0004 -0.9985 -0.0540
vn 0.0074 -0.1448 0.9894
vn 0.0053 -0.7071 0.7071
vn 0.0016 -0.9778 0.2095
vn 0.0073 -0.1843 0.9828
vn 0.0048 0.7619 0.6476
vn 0.0074 -0.1351 0.9908
vn 0.0019 -0.9683 0.2499
vn -0.0021 -0.9578 -0.2873
vn -0.0000 1.0000 0.0002
vn 0.3895 0.0080 0.9210
vn 0.1263 0.9459 0.2987
vn 0.3878 -0.0948 0.9169
vn 0.2304 -0.8064 0.5446
vn 0.2363 -0.7950 0.5588
vn 0.3884 -0.0753 0.9184
vn 0.3798 0.2228 0.8979
vn 0.2922 0.6612 0.6909
vn 0.2594 0.7459 0.6134
vn 0.3779 0.2425 0.8935
vn 0.3758 -0.2631 0.8886
vn 0.1886 -0.8750 0.4458
vn 0.3843 -0.1644 0.9085
vn 0.2242 0.8178 0.5300
vn 0.0945 0.9701 0.2234
vn 0.3480 0.4493 0.8228
vn 0.3744 0.2764 0.8851
vn 0.3852 0.1483 0.9108
vn 0.3895 0.0074 0.9210
vn -0.0210 -0.9985 -0.0497
vn 0.3854 -0.1448 0.9113
vn 0.2755 -0.7071 0.6512
vn 0.2755 -0.7071 0.6513
vn 0.0816 -0.9778 0.1930
vn 0.3829 -0.1843 0.9052
vn 0.2523 0.7619 0.5965
vn 0.3860 -0.1351 0.9126
vn 0.0973 -0.9683 0.2301
vn -0.1119 -0.9578 -0.2647
vn -0.0000 -1.0000 -0.0002
vn 0.0001 1.0000 0.0002
vn 0.7123 0.0080 0.7018
vn 0.2310 0.9459 0.2276
vn 0.7091 -0.0948 0.6987
vn 0.4213 -0.8064 0.4150
vn 0.4322 -0.7950 0.4258
vn 0.7103 -0.0753 0.6998
vn 0.6944 0.2228 0.6842
vn 0.5344 0.6612 0.5265
vn 0.4744 0.7459 0.4674
vn 0.6911 0.2425 0.6809
vn 0.6872 -0.2631 0.6771
vn 0.3448 -0.8750 0.3397
vn 0.7027 -0.1644 0.6923
vn 0.4100 0.8178 0.4039
vn 0.1728 0.9701 0.1702
vn 0.6364 0.4493 0.6270
vn 0.6846 0.2764 0.6745
vn 0.7045 0.1483 0.6941
vn 0.7123 0.0074 0.7018
vn -0.0384 -0.9985 -0.0379
vn 0.7048 -0.1448 0.6944
vn 0.5037 -0.7071 0.4963
vn 0.1493 -0.9778 0.1471
vn 0.7002 -0.1843 0.6898
vn 0.4614 0.7619 0.4545
vn 0.7058 -0.1351 0.6954
vn 0.1780 -0.9683 0.1754
vn -0.2047 -0.9578 -0.2017
vn 0.7033 -0.1591 0.6929
vn 0.3846 -0.1591 0.9093
vn -0.2526 0.0969 -0.9627
vn -0.6061 0.0958 -0.7896
vn -0.2577 0.0958 -0.9615
vn -0.6018 0.0969 -0.7928
vn -0.0001 -1.0000 -0.0002
vn 0.9267 0.0080 0.3758
vn 0.3006 0.9459 0.1219
vn 0.9225 -0.0948 0.3741
vn 0.5480 -0.8064 0.2222
vn 0.5622 -0.7950 0.2280
vn 0.9241 -0.0753 0.3747
vn 0.9034 0.2228 0.3663
vn 0.6952 0.6612 0.2819
vn 0.6172 0.7459 0.2503
vn 0.8990 0.2425 0.3646
vn 0.8940 -0.2631 0.3626
vn 0.4486 -0.8750 0.1819
vn 0.9141 -0.1644 0.3707
vn 0.5333 0.8178 0.2163
vn 0.2248 0.9701 0.0911
vn 0.8279 0.4493 0.3357
vn 0.8906 0.2764 0.3612
vn 0.9164 0.1483 0.3716
vn 0.9267 0.0074 0.3758
vn -0.0500 -0.9985 -0.0203
vn 0.9169 -0.1448 0.3718
vn 0.6553 -0.7071 0.2657
vn 0.1942 -0.9778 0.0787
vn 0.9108 -0.1843 0.3694
vn 0.6002 0.7619 0.2434
vn 0.9182 -0.1351 0.3724
vn 0.2316 -0.9683 0.0939
vn -0.2663 -0.9578 -0.1080
vn -0.8621 0.0958 -0.4976
vn -0.0002 -1.0000 -0.0001
vn 0.0002 1.0000 0.0001
vn 0.0073 -0.1591 0.9872
vn 0.3220 0.0944 -0.9420
vn 0.1328 0.0963 -0.9864
vn 0.1298 0.0958 -0.9869
vn 0.5002 0.0963 -0.8605
vn -0.0630 0.0944 -0.9935
vn 0.6602 0.0951 -0.7450
vn -0.1855 -0.1561 0.9702
vn -0.5393 -0.1563 0.8275
vn -0.0599 0.0951 -0.9937
vn 0.1999 -0.1561 0.9673
vn -0.9846 -0.0000 -0.1747
vn 0.9846 0.0000 0.1747
vn 0.9420 0.0944 0.3220
vn 0.9864 0.0963 0.1328
vn 0.9869 0.0958 0.1298
vn 0.9935 0.0944 -0.0630
vn -0.9149 -0.1591 -0.3710
vn -0.9872 -0.1591 0.0073
vn 0.8605 0.0963 0.5002
vn -0.8253 -0.1561 -0.5426
vn -0.8275 -0.1563 -0.5393
vn -0.9702 -0.1561 -0.1855
vn 0.7450 0.0951 0.6602
vn -0.9673 -0.1561 0.1999
vn 0.9937 0.0951 -0.0599
vn 0.1743 0.0000 -0.9847
vn -0.1743 -0.0000 0.9847
vn 0.0630 0.0944 0.9935
vn -0.1298 0.0958 0.9869
vn -0.1328 0.0963 0.9864
vn -0.3220 0.0944 0.9420
vn -0.5002 0.0963 0.8605
vn 0.3710 -0.1591 -0.9149
vn -0.0073 -0.1591 -0.9872
vn -0.0074 -0.1591 -0.9872
vn 0.0000 1.0000 0.0003
vn -0.1999 -0.1561 -0.9673
vn 0.0599 0.0951 0.9937
vn 0.5426 -0.1561 -0.8253
vn 0.1855 -0.1561 -0.9702
vn 0.5393 -0.1563 -0.8275
vn -0.6602 0.0951 0.7450
vn -0.9847 -0.0000 -0.1745
vn 0.9847 0.0000 0.1745
vn -0.9420 0.0944 -0.3220
vn -0.9864 0.0963 -0.1328
vn -0.9869 0.0958 -0.1298
vn -0.8605 0.0963 -0.5002
vn -0.9935 0.0944 0.0630
vn 0.9872 -0.1591 -0.0074
vn 0.9149 -0.1591 0.3710
vn 0.9872 -0.1591 -0.0073
vn -0.9937 0.0951 0.0599
vn 0.9673 -0.1561 -0.1999
vn 0.0000 1.0000 -0.0001
vn 0.8253 -0.1561 0.5426
vn -0.7450 0.0951 -0.6602
vn 0.8275 -0.1563 0.5393
vn 0.9702 -0.1561 0.1854
vn -0.1746 -0.0000 0.9846
vn 0.1746 0.0000 -0.9846
usemtl cristal_2
s 1
f 4/1/1 1/2/2 3/3/2
f 7/4/3 6/5/4 5/6/3
f 10/7/5 7/8/6 9/9/6
f 12/10/7 9/11/8 11/12/8
f 14/13/9 11/14/10 13/15/10
f 16/16/11 13/17/12 15/18/12
f 18/19/13 15/18/14 17/20/14
f 20/21/15 17/20/16 19/22/16
f 22/23/17 19/22/18 21/24/18
f 23/25/19 22/26/20 21/24/19
f 26/27/21 23/28/22 25/29/22
f 28/30/23 25/31/24 27/32/24
f 30/33/25 27/34/26 29/35/26
f 32/36/27 29/35/28 31/37/28
f 33/38/29 32/39/30 31/37/29
f 36/40/31 33/38/32 35/41/32
f 38/42/33 35/41/34 37/43/34
f 40/44/35 37/43/36 39/45/36
f 42/46/37 39/45/38 41/47/38
f 43/48/39 42/49/40 41/50/39
f 46/51/41 43/52/42 45/53/42
f 47/54/43 46/51/44 45/55/43
f 49/56/45 48/57/46 47/58/45
f 51/59/47 50/60/48 49/61/47
f 54/62/49 51/59/50 53/63/50
f 404/64/51 370/65/51 369/66/51
f 58/67/52 55/68/53 57/69/53
f 59/70/54 58/67/55 57/71/54
f 61/72/56 60/73/57 59/74/56
f 66/75/58 67/76/59 68/77/59
f 66/75/58 65/78/60 67/76/59
f 308/79/61 378/80/61 343/81/61
f 3/82/2 69/83/62 70/84/62
f 72/85/63 5/6/3 71/86/63
f 9/9/6 72/87/64 73/88/64
f 11/12/8 73/89/65 74/90/65
f 13/15/10 74/91/66 75/92/66
f 15/18/12 75/93/67 76/94/67
f 17/95/14 76/94/68 77/96/68
f 78/97/69 17/20/16 77/96/69
f 79/98/70 19/22/18 78/97/70
f 23/99/19 79/98/71 80/100/71
f 25/29/22 80/101/72 81/102/72
f 27/32/24 81/103/73 82/104/73
f 29/35/26 82/105/74 83/106/74
f 84/107/75 29/35/28 83/106/75
f 85/108/76 31/37/29 84/107/76
f 35/109/32 85/108/77 86/110/77
f 37/111/34 86/110/78 87/112/78
f 39/113/36 87/112/79 88/114/79
f 41/115/38 88/114/80 89/116/80
f 90/117/81 41/47/39 89/118/81
f 91/119/82 43/48/42 90/120/82
f 47/54/43 91/121/83 92/122/83
f 93/123/84 47/54/45 92/124/84
f 51/59/47 93/125/85 94/126/85
f 95/127/86 51/59/50 94/126/86
f 97/128/87 55/129/53 96/130/87
f 98/131/88 57/69/54 97/132/88
f 61/72/56 98/133/89 99/134/89
f 63/135/90 99/136/91 100/137/91
f 64/138/92 102/139/93 65/78/94
f 64/138/92 101/140/95 102/139/93
f 65/78/60 103/141/96 67/76/59
f 65/78/60 102/139/97 103/141/96
f 105/142/98 69/83/62 104/143/98
f 107/144/99 71/86/63 106/145/99
f 73/88/64 107/146/100 108/147/100
f 74/90/65 108/148/101 109/149/101
f 110/150/102 74/90/66 109/151/102
f 76/94/67 110/152/103 111/153/103
f 77/154/68 111/153/104 112/155/104
f 113/156/105 77/96/69 112/155/105
f 114/157/106 78/97/70 113/156/106
f 80/158/71 114/157/107 115/159/107
f 81/102/72 115/160/108 116/161/108
f 82/104/73 116/162/109 117/163/109
f 83/106/74 117/164/110 118/165/110
f 84/166/75 118/165/111 119/167/111
f 85/168/76 119/167/112 120/169/112
f 121/170/113 85/108/77 120/169/113
f 87/171/78 121/170/114 122/172/114
f 88/173/79 122/172/115 123/174/115
f 89/175/80 123/174/116 124/176/116
f 125/177/117 89/116/81 124/178/117
f 126/179/118 90/117/82 125/180/118
f 127/181/119 91/119/83 126/182/119
f 128/183/120 92/122/84 127/184/120
f 94/126/85 128/185/121 129/186/121
f 95/187/86 129/186/122 130/188/122
f 97/128/87 131/189/123 132/190/123
f 133/191/124 97/128/88 132/192/124
f 99/134/89 133/193/125 134/194/125
f 101/140/95 136/195/126 102/139/93
f 102/139/97 137/196/127 103/141/96
f 102/139/97 136/195/128 137/196/127
f 105/197/98 138/198/129 139/199/129
f 243/200/51 207/201/51 242/202/51
f 141/203/130 106/145/99 140/204/130
f 108/147/100 141/205/131 142/206/131
f 143/207/132 108/147/101 142/208/132
f 110/150/102 143/209/133 144/210/134
f 145/211/135 110/150/103 144/212/135
f 112/213/104 145/211/136 146/214/136
f 113/215/105 146/214/137 147/216/137
f 114/217/106 147/216/138 148/218/138
f 115/219/107 148/218/139 149/220/139
f 116/161/108 149/221/140 150/222/140
f 151/223/141 116/161/109 150/224/141
f 118/165/110 151/225/142 152/226/142
f 153/227/143 118/165/111 152/226/143
f 154/228/144 119/167/112 153/227/144
f 121/229/113 154/228/145 155/230/145
f 122/231/114 155/230/146 156/232/146
f 123/233/115 156/232/147 157/234/147
f 124/235/116 157/234/148 158/236/148
f 159/237/149 124/176/117 158/238/149
f 126/179/118 159/239/150 160/240/150
f 161/241/151 126/179/119 160/242/151
f 128/183/120 161/243/152 162/244/152
f 163/245/153 128/183/121 162/246/153
f 164/247/154 129/186/122 163/245/154
f 132/190/123 165/248/155 166/249/155
f 167/250/156 132/190/124 166/251/156
f 168/252/157 133/191/125 167/253/157
f 136/195/128 170/254/127 137/196/127
f 136/195/128 169/255/158 170/254/127
f 139/256/129 171/257/159 172/258/159
f 141/259/130 173/260/160 174/261/160
f 142/206/131 174/262/161 175/263/161
f 143/207/132 175/264/162 176/265/162
f 177/266/163 143/207/133 176/267/163
f 145/211/135 177/268/164 178/269/164
f 146/270/136 178/269/165 179/271/165
f 147/272/137 179/271/166 180/273/166
f 181/274/167 147/216/138 180/273/167
f 149/275/139 181/274/168 182/276/168
f 150/222/140 182/277/169 183/278/169
f 151/223/141 183/279/170 184/280/170
f 185/281/171 151/223/142 184/282/171
f 153/283/143 185/281/172 186/284/172
f 154/285/144 186/284/173 187/286/173
f 155/287/145 187/286/174 188/288/174
f 156/289/146 188/288/175 189/290/175
f 190/291/176 156/232/147 189/290/176
f 158/292/148 190/291/177 191/293/177
f 192/294/178 158/236/149 191/295/178
f 160/240/150 192/296/179 193/297/179
f 194/298/180 160/240/151 193/299/180
f 195/300/181 161/241/152 194/301/181
f 163/245/153 195/302/182 196/303/182
f 164/304/154 196/303/183 197/305/183
f 166/249/155 198/306/184 199/307/184
f 200/308/185 166/249/156 199/309/185
f 201/310/186 167/250/157 200/311/186
f 169/255/158 205/312/187 170/254/127
f 169/255/158 204/313/188 205/312/187
f 172/314/159 206/315/189 207/316/189
f 209/317/190 173/260/160 208/318/190
f 175/263/161 209/319/191 210/320/191
f 176/265/162 210/321/192 211/322/192
f 177/266/163 211/323/193 212/324/193
f 213/325/194 177/266/164 212/326/194
f 214/327/195 178/269/165 213/325/195
f 180/328/166 214/327/196 215/329/196
f 216/330/197 180/273/167 215/329/197
f 182/331/168 216/330/198 217/332/198
f 183/278/169 217/333/199 218/334/199
f 219/335/200 183/278/170 218/336/200
f 185/281/171 219/337/201 220/338/201
f 221/339/202 185/281/172 220/338/202
f 222/340/203 186/284/173 221/339/203
f 188/341/174 222/340/204 223/342/204
f 189/343/175 223/342/205 224/344/205
f 190/345/176 224/344/206 225/346/206
f 191/347/177 225/346/207 226/348/207
f 227/349/208 191/293/178 226/350/208
f 228/351/209 192/294/179 227/352/209
f 194/298/180 228/353/210 229/354/210
f 195/300/181 229/355/211 230/356/211
f 231/357/212 195/300/182 230/358/212
f 197/359/183 231/357/213 232/360/214
f 199/307/184 233/361/215 234/362/215
f 200/308/185 234/363/216 235/364/216
f 201/310/186 235/365/217 236/366/217
f 202/367/218 236/368/219 237/369/219
f 203/370/220 239/371/221 204/313/222
f 203/370/220 238/372/223 239/371/221
f 204/313/188 240/373/224 205/312/187
f 204/313/188 239/371/188 240/373/224
f 207/374/189 241/375/225 242/376/225
f 244/377/226 208/318/190 243/378/226
f 245/379/227 209/317/191 244/380/227
f 211/322/192 245/381/228 246/382/228
f 212/324/193 246/383/229 247/384/229
f 213/325/194 247/385/230 248/386/230
f 214/387/195 248/386/231 249/388/231
f 250/389/232 214/327/196 249/388/232
f 251/390/233 215/329/197 250/389/233
f 252/391/234 216/330/198 251/390/234
f 253/392/235 217/332/199 252/393/235
f 219/335/200 253/394/236 254/395/236
f 255/396/237 219/335/201 254/397/237
f 221/398/202 255/396/238 256/399/238
f 257/400/239 221/339/203 256/399/239
f 223/401/204 257/400/240 258/402/240
f 224/403/205 258/402/241 259/404/241
f 225/405/206 259/404/242 260/406/242
f 226/407/207 260/406/243 261/408/243
f 227/349/208 261/409/244 262/410/244
f 228/351/209 262/411/245 263/412/245
f 264/413/246 228/351/210 263/414/246
f 265/415/247 229/354/211 264/416/247
f 266/417/248 230/356/212 265/418/248
f 232/419/214 266/417/249 267/420/249
f 234/362/215 268/421/250 269/422/250
f 270/423/251 234/362/216 269/424/251
f 271/425/252 235/364/217 270/426/252
f 238/372/223 273/427/253 239/371/221
f 239/371/188 274/428/254 240/373/224
f 239/371/188 273/427/255 274/428/254
f 276/429/256 241/375/225 275/430/256
f 244/431/226 277/432/257 278/433/257
f 245/379/227 278/434/258 279/435/258
f 280/436/259 245/379/228 279/437/259
f 247/384/229 280/438/260 281/439/260
f 248/386/230 281/440/261 282/441/261
f 283/442/262 248/386/231 282/441/262
f 250/443/232 283/442/263 284/444/263
f 285/445/264 250/389/233 284/444/264
f 252/446/234 285/445/265 286/447/265
f 287/448/266 252/391/235 286/449/266
f 288/450/267 253/392/236 287/451/267
f 255/396/237 288/452/268 289/453/268
f 290/454/269 255/396/238 289/453/269
f 257/455/239 290/454/270 291/456/270
f 258/457/240 291/456/271 292/458/271
f 259/459/241 292/458/272 293/460/272
f 260/461/242 293/460/273 294/462/273
f 295/463/274 260/406/243 294/462/274
f 296/464/275 261/408/244 295/465/275
f 297/466/276 262/410/245 296/467/276
f 298/468/277 263/412/246 297/469/277
f 265/415/247 298/470/278 299/471/278
f 266/417/248 299/472/279 300/473/279
f 301/474/280 266/417/249 300/473/280
f 303/475/281 268/476/250 302/477/281
f 270/423/251 303/478/282 304/479/282
f 271/425/252 304/480/283 305/481/283
f 273/427/255 307/482/284 274/428/254
f 273/427/255 306/483/285 307/482/284
f 309/484/286 275/430/256 308/485/286
f 311/486/287 277/432/257 310/487/287
f 312/488/288 278/433/258 311/489/288
f 313/490/289 279/435/259 312/491/289
f 281/439/260 313/492/290 314/493/290
f 315/494/291 281/439/261 314/495/291
f 283/496/262 315/494/292 316/497/292
f 317/498/293 283/442/263 316/497/293
f 285/499/264 317/498/294 318/500/294
f 286/501/265 318/500/295 319/502/295
f 320/503/296 286/447/266 319/504/296
f 288/450/267 320/505/297 321/506/297
f 322/507/298 288/450/268 321/508/298
f 290/509/269 322/507/299 323/510/299
f 324/511/300 290/454/270 323/510/300
f 292/512/271 324/511/301 325/513/301
f 293/514/272 325/513/302 326/515/302
f 294/516/273 326/515/303 327/517/303
f 328/518/304 294/462/274 327/517/304
f 329/519/305 295/463/275 328/520/305
f 330/521/306 296/464/276 329/522/306
f 331/523/307 297/466/277 330/524/307
f 332/525/308 298/468/278 331/526/308
f 300/473/279 332/527/309 333/528/309
f 334/529/310 300/473/280 333/528/310
f 303/475/281 335/530/311 336/531/311
f 337/532/312 303/475/282 336/533/312
f 305/481/283 337/534/313 338/535/313
f 306/483/285 342/536/284 307/482/284
f 306/483/285 341/537/314 342/536/284
f 309/538/286 343/539/315 344/540/315
f 311/541/287 345/542/316 346/543/316
f 347/544/317 311/486/288 346/545/317
f 313/490/289 347/546/318 348/547/318
f 314/493/290 348/548/319 349/549/319
f 315/494/291 349/550/320 350/551/320
f 316/552/292 350/551/321 351/553/321
f 352/554/322 316/497/293 351/553/322
f 318/555/294 352/554/323 353/556/323
f 354/557/324 318/500/295 353/556/324
f 320/503/296 354/558/325 355/559/325
f 321/506/297 355/560/326 356/561/326
f 322/507/298 356/562/327 357/563/327
f 358/564/328 322/507/299 357/563/328
f 324/565/300 358/564/329 359/566/329
f 325/567/301 359/566/330 360/568/330
f 326/569/302 360/568/331 361/570/331
f 327/571/303 361/570/332 362/572/332
f 328/573/304 362/572/333 363/574/333
f 329/519/305 363/575/334 364/576/334
f 330/521/306 364/577/335 365/578/335
f 331/523/307 365/579/336 366/580/336
f 367/581/337 331/523/308 366/582/337
f 368/583/338 332/525/309 367/584/338
f 334/585/310 368/583/339 369/586/339
f 336/531/311 370/587/340 371/588/340
f 337/532/312 371/589/341 372/590/341
f 373/591/342 337/532/313 372/592/342
f 374/593/343 338/535/344 373/594/343
f 340/595/345 376/596/346 341/537/347
f 340/595/345 375/597/348 376/596/346
f 341/537/314 377/598/284 342/536/284
f 341/537/314 376/596/349 377/598/284
f 344/599/315 378/600/350 379/601/350
f 447/602/51 413/603/51 446/604/51
f 346/605/316 380/606/351 381/607/351
f 382/608/352 346/543/317 381/609/352
f 348/547/318 382/610/353 383/611/353
f 349/549/319 383/612/354 384/613/354
f 350/551/320 384/614/355 385/615/355
f 351/616/321 385/615/356 386/617/356
f 352/618/322 386/617/357 387/619/357
f 388/620/358 352/554/323 387/619/358
f 354/621/324 388/620/359 389/622/359
f 355/559/325 389/623/360 390/624/360
f 391/625/361 355/559/326 390/626/361
f 392/627/362 356/561/327 391/628/362
f 393/629/363 357/563/328 392/627/363
f 394/630/364 358/564/329 393/629/364
f 360/631/330 394/630/365 395/632/365
f 361/633/331 395/632/366 396/634/366
f 362/635/332 396/634/367 397/636/367
f 363/637/333 397/636/368 398/638/368
f 364/576/334 398/639/369 399/640/369
f 400/641/370 364/576/335 399/642/370
f 401/643/371 365/578/336 400/644/371
f 367/581/337 401/645/372 402/646/372
f 368/583/338 402/647/373 403/648/373
f 369/649/339 403/648/374 404/650/374
f 371/588/340 405/651/375 406/652/375
f 407/653/376 371/588/341 406/654/376
f 408/655/377 372/590/342 407/656/377
f 557/657/378 408/658/379 556/659/379
f 375/597/348 410/660/380 376/596/346
f 376/596/349 411/661/381 377/598/284
f 376/596/349 410/660/382 411/661/381
f 379/662/350 412/663/383 413/664/383
f 415/665/384 380/606/351 414/666/384
f 416/667/385 381/607/352 415/668/385
f 383/611/353 416/669/386 417/670/386
f 418/671/387 383/611/354 417/672/387
f 385/615/355 418/673/388 419/674/388
f 386/675/356 419/674/389 420/676/389
f 387/677/357 420/676/390 421/678/390
f 422/679/391 387/619/358 421/678/391
f 389/680/359 422/679/392 423/681/392
f 390/624/360 423/682/393 424/683/393
f 391/625/361 424/684/394 425/685/394
f 426/686/395 391/625/362 425/687/395
f 393/688/363 426/686/396 427/689/396
f 394/690/364 427/689/397 428/691/397
f 395/692/365 428/691/398 429/693/398
f 396/694/366 429/693/399 430/695/399
f 431/696/400 396/634/367 430/695/400
f 398/697/368 431/696/401 432/698/401
f 433/699/402 398/638/369 432/700/402
f 434/701/403 399/640/370 433/702/403
f 401/643/371 434/703/404 435/704/404
f 436/705/405 401/643/372 435/706/405
f 403/648/373 436/707/406 437/708/406
f 404/709/374 437/708/407 438/710/407
f 440/711/408 405/712/375 439/713/408
f 441/714/409 406/652/376 440/715/409
f 408/655/377 441/716/410 442/717/410
f 410/660/382 444/718/381 411/661/381
f 410/660/382 443/719/411 444/718/381
f 413/720/383 445/721/412 446/722/412
f 448/723/413 414/666/384 447/724/413
f 449/725/414 415/665/385 448/726/414
f 417/670/386 449/727/415 450/728/415
f 418/671/387 450/729/416 451/730/416
f 419/674/388 451/731/417 452/732/417
f 420/733/389 452/732/418 453/734/418
f 454/735/419 420/676/390 453/734/419
f 422/736/391 454/735/420 455/737/420
f 423/738/392 455/737/421 456/739/421
f 424/683/393 456/740/422 457/741/422
f 458/742/423 424/683/394 457/743/423
f 459/744/424 425/685/395 458/745/424
f 427/746/396 459/744/425 460/747/425
f 461/748/426 427/689/397 460/747/426
f 429/749/398 461/748/427 462/750/427
f 430/751/399 462/750/428 463/752/428
f 431/753/400 463/752/429 464/754/429
f 432/755/401 464/754/430 465/756/430
f 466/757/431 432/698/402 465/758/431
f 434/701/403 466/759/432 467/760/432
f 468/761/433 434/701/404 467/762/434
f 469/763/435 435/704/405 468/764/435
f 470/765/436 436/705/406 469/766/436
f 471/767/437 437/708/407 470/765/437
f 440/711/408 472/768/438 473/769/438
f 474/770/439 440/711/409 473/771/439
f 475/772/440 441/714/410 474/773/440
f 443/719/411 479/774/441 444/718/381
f 443/719/411 478/775/442 479/774/441
f 481/776/443 445/721/412 480/777/443
f 483/778/444 447/724/413 482/779/444
f 449/725/414 483/780/445 484/781/445
f 450/728/415 484/782/446 485/783/446
f 486/784/447 450/728/416 485/785/447
f 452/732/417 486/786/448 487/787/448
f 453/788/418 487/787/449 488/789/449
f 489/790/450 453/734/419 488/789/450
f 455/791/420 489/790/451 490/792/451
f 491/793/452 455/737/421 490/792/452
f 457/741/422 491/794/453 492/795/453
f 493/796/454 457/741/423 492/797/454
f 459/744/424 493/798/455 494/799/455
f 460/800/425 494/799/456 495/801/456
f 496/802/457 460/747/426 495/801/457
f 462/803/427 496/802/458 497/804/458
f 463/805/428 497/804/459 498/806/459
f 464/807/429 498/806/460 499/808/460
f 465/809/430 499/808/461 500/810/461
f 466/757/431 500/811/462 501/812/462
f 467/760/432 501/813/463 502/814/463
f 503/815/464 467/760/434 502/816/464
f 504/817/465 468/761/435 503/818/465
f 470/765/436 504/819/466 505/820/466
f 471/821/437 505/820/467 506/822/467
f 473/769/438 507/823/468 508/824/468
f 509/825/469 473/769/439 508/826/469
f 475/772/440 509/827/470 510/828/470
f 511/829/471 475/772/472 510/830/471
f 477/831/473 513/832/474 478/775/475
f 477/831/473 512/833/476 513/832/474
f 478/775/442 514/834/477 479/774/441
f 478/775/442 513/832/442 514/834/477
f 481/835/443 515/836/478 516/837/478
f 483/838/444 517/839/479 518/840/479
f 484/781/445 518/841/480 519/842/480
f 485/783/446 519/843/481 520/844/481
f 486/784/447 520/845/482 521/846/482
f 487/787/448 521/847/483 522/848/483
f 523/849/484 487/787/449 522/848/484
f 524/850/485 488/789/450 523/849/485
f 525/851/486 489/790/451 524/850/486
f 491/852/452 525/851/487 526/853/487
f 492/795/453 526/854/488 527/855/488
f 493/796/454 527/856/489 528/857/489
f 494/799/455 528/858/490 529/859/490
f 530/860/491 494/799/456 529/859/491
f 496/861/457 530/860/492 531/862/492
f 497/863/458 531/862/493 532/864/493
f 498/865/459 532/864/494 533/866/494
f 499/867/460 533/866/495 534/868/495
f 500/869/461 534/868/496 535/870/496
f 536/871/497 500/810/462 535/872/497
f 537/873/498 501/812/463 536/874/498
f 503/815/464 537/875/499 538/876/499
f 504/817/465 538/877/500 539/878/500
f 505/820/466 539/879/501 540/880/501
f 541/881/502 505/820/467 540/880/502
f 508/824/468 542/882/503 543/883/503
f 544/884/504 508/824/469 543/885/504
f 510/828/470 544/886/505 545/887/505
f 512/833/476 547/888/506 513/832/474
f 513/832/442 548/889/507 514/834/477
f 513/832/442 547/888/508 548/889/507
f 516/890/478 2/891/1 4/892/1
f 8/893/4 517/839/479 6/894/4
f 519/842/480 8/895/5 10/896/5
f 520/844/481 10/897/7 12/898/7
f 521/846/482 12/899/9 14/900/9
f 522/848/483 14/901/11 16/902/11
f 523/903/484 16/902/13 18/904/13
f 524/905/485 18/904/15 20/906/15
f 525/907/486 20/906/17 22/908/17
f 24/909/20 525/851/487 22/908/20
f 527/855/488 24/910/21 26/911/21
f 528/857/489 26/912/23 28/913/23
f 529/859/490 28/914/25 30/915/25
f 530/916/491 30/915/27 32/917/27
f 34/918/30 530/860/492 32/917/30
f 532/919/493 34/918/31 36/920/31
f 533/921/494 36/920/33 38/922/33
f 534/923/495 38/922/35 40/924/35
f 535/925/496 40/924/37 42/926/37
f 44/927/40 535/870/497 42/928/40
f 537/873/498 44/929/41 46/930/41
f 48/931/44 537/873/499 46/932/44
f 50/933/46 538/876/500 48/934/46
f 52/935/48 539/878/501 50/936/48
f 541/937/502 52/935/49 54/938/49
f 543/883/503 56/939/52 58/940/52
f 60/941/55 543/883/504 58/942/55
f 62/943/57 544/884/505 60/944/57
f 547/888/508 68/945/59 548/889/507
f 547/888/508 66/946/58 68/945/59
f 442/717/509 556/947/379 408/655/379
f 553/948/510 552/949/511 443/719/512
f 553/948/510 410/660/380 554/950/513
f 558/951/514 443/719/512 552/949/511
f 410/660/380 555/952/515 554/950/513
f 561/953/516 409/954/379 559/955/517
f 550/956/518 477/831/473 478/775/475
f 551/957/519 442/717/509 475/958/472
f 556/959/51 553/960/51 557/961/51
f 551/962/520 563/963/520 550/964/520
f 560/965/521 557/966/521 555/967/521
f 566/968/522 565/969/523 306/483/524
f 569/970/525 306/483/524 565/969/523
f 571/971/526 305/972/527 564/973/527
f 566/968/522 273/427/253 572/974/528
f 570/975/529 271/976/526 571/977/526
f 576/978/530 575/979/531 272/980/526
f 273/427/253 573/981/532 572/974/528
f 560/982/51 409/983/51 561/984/51
f 567/985/533 305/481/527 338/986/344
f 568/987/534 340/595/345 341/537/347
f 578/988/535 567/989/535 577/990/535
f 571/991/51 566/992/51 570/993/51
f 574/994/536 570/995/536 573/996/536
f 579/997/537 169/255/538 582/998/539
f 583/999/540 582/998/539 169/255/538
f 583/999/540 136/195/126 584/1000/541
f 581/1001/542 168/1002/543 586/1003/544
f 574/1004/51 272/1005/411 575/1006/545
f 587/1007/546 168/252/543 201/1008/218
f 588/1009/547 203/370/220 204/313/222
f 580/1010/548 134/1011/542 581/1012/542
f 593/1013/549 135/1014/542 591/1015/550
f 136/195/126 585/1016/551 584/1000/541
f 592/1017/552 580/1018/552 585/1019/552
f 581/1020/51 583/1021/51 580/1022/51
f 587/1023/553 590/1024/553 588/1025/553
f 603/1026/554 602/1027/555 66/946/556
f 603/1026/554 547/888/506 596/1028/557
f 599/1029/558 66/75/556 602/1030/555
f 600/1031/559 545/887/560 62/1032/561
f 592/1033/51 135/1034/51 593/1035/51
f 598/1036/562 64/138/92 65/78/94
f 601/1037/563 62/1038/561 61/1039/90
f 606/1040/51 546/1041/564 607/1042/564
f 594/1043/565 545/1044/560 595/1045/560
f 547/888/506 597/1046/566 596/1028/557
f 608/1047/567 607/1048/568 546/1049/560
f 605/1050/569 601/1051/569 604/1052/569
f 595/1053/51 603/1054/51 594/1055/51
f 606/1056/570 594/1057/570 597/1058/570
f 1/2/2 4/1/1 2/1059/1
f 6/5/4 7/4/3 8/1060/4
f 7/8/6 10/7/5 8/1061/5
f 9/11/8 12/10/7 10/7/7
f 11/14/10 14/13/9 12/10/9
f 13/17/12 16/16/11 14/13/11
f 15/18/14 18/19/13 16/16/13
f 17/20/16 20/21/15 18/1062/15
f 19/22/18 22/23/17 20/1063/17
f 22/26/20 23/25/19 24/1064/20
f 23/28/22 26/27/21 24/1065/21
f 25/31/24 28/30/23 26/27/23
f 27/34/26 30/33/25 28/30/25
f 29/35/28 32/36/27 30/33/27
f 32/39/30 33/38/29 34/1066/30
f 33/38/32 36/40/31 34/1067/31
f 35/41/34 38/42/33 36/1068/33
f 37/43/36 40/44/35 38/1069/35
f 39/45/38 42/46/37 40/1070/37
f 42/49/40 43/48/39 44/1071/40
f 43/52/42 46/51/41 44/1071/41
f 46/51/44 47/54/43 48/57/44
f 48/57/46 49/56/45 50/60/46
f 50/60/48 51/59/47 52/1072/48
f 51/59/50 54/62/49 52/1072/49
f 370/65/51 334/1073/51 369/66/51
f 335/1074/51 334/1073/51 370/65/51
f 335/1074/51 301/1075/51 334/1073/51
f 302/1076/51 301/1075/51 335/1074/51
f 302/1076/51 267/1077/51 301/1075/51
f 268/1078/51 267/1077/51 302/1076/51
f 268/1078/51 232/1079/51 267/1077/51
f 233/1080/51 232/1079/51 268/1078/51
f 233/1080/51 197/1081/51 232/1079/51
f 198/1082/51 197/1081/51 233/1080/51
f 198/1082/51 164/1083/51 197/1081/51
f 165/1084/51 164/1083/51 198/1082/51
f 165/1084/51 130/1085/51 164/1083/51
f 131/1086/51 130/1085/51 165/1084/51
f 131/1086/51 95/1087/51 130/1085/51
f 96/1088/51 95/1087/51 131/1086/51
f 96/1088/51 53/63/51 95/1087/51
f 55/129/51 53/63/51 96/1088/51
f 55/129/51 54/1089/51 53/63/51
f 56/1090/51 54/1089/51 55/129/51
f 56/1090/51 541/1091/51 54/1089/51
f 542/1092/51 541/1091/51 56/1090/51
f 542/1092/51 506/1093/51 541/1091/51
f 507/1094/51 506/1093/51 542/1092/51
f 507/1094/51 471/1095/51 506/1093/51
f 472/1096/51 471/1095/51 507/1094/51
f 472/1096/51 438/1097/51 471/1095/51
f 439/1098/51 438/1097/51 472/1096/51
f 439/1098/51 404/64/51 438/1097/51
f 405/1099/51 404/64/51 439/1098/51
f 370/65/51 404/64/51 405/1099/51
f 55/68/53 58/67/52 56/1100/52
f 58/67/55 59/70/54 60/73/55
f 60/73/57 61/72/56 62/1038/57
f 480/1101/61 2/1102/61 515/1103/61
f 480/1101/61 1/2/61 2/1102/61
f 445/1104/61 1/2/61 480/1101/61
f 445/1104/61 69/83/61 1/2/61
f 445/1104/61 104/1105/61 69/83/61
f 445/1104/61 138/1106/61 104/1105/61
f 445/1104/61 171/1107/61 138/1106/61
f 445/1104/61 206/1108/61 171/1107/61
f 445/1104/61 241/1109/61 206/1108/61
f 412/1110/61 241/1109/61 445/1104/61
f 412/1110/61 275/1111/61 241/1109/61
f 412/1110/61 308/79/61 275/1111/61
f 378/80/61 308/79/61 412/1110/61
f 69/83/62 3/82/2 1/2/2
f 5/6/3 72/85/63 7/1112/3
f 72/87/64 9/9/6 7/4/6
f 73/89/65 11/12/8 9/9/8
f 74/91/66 13/15/10 11/12/10
f 75/93/67 15/18/12 13/15/12
f 76/94/68 17/95/14 15/18/14
f 17/20/16 78/97/69 19/1113/16
f 19/22/18 79/98/70 21/1114/18
f 79/98/71 23/99/19 21/24/19
f 80/101/72 25/29/22 23/25/22
f 81/103/73 27/32/24 25/29/24
f 82/105/74 29/35/26 27/32/26
f 29/35/28 84/107/75 31/1115/28
f 31/37/29 85/108/76 33/1116/29
f 85/108/77 35/109/32 33/38/32
f 86/110/78 37/111/34 35/41/34
f 87/112/79 39/113/36 37/43/36
f 88/114/80 41/115/38 39/45/38
f 41/47/39 90/117/81 43/48/39
f 43/48/42 91/119/82 45/53/42
f 91/121/83 47/54/43 45/53/43
f 47/54/45 93/123/84 49/56/45
f 93/125/85 51/59/47 49/56/47
f 51/59/50 95/127/86 53/1117/50
f 55/129/53 97/128/87 57/69/53
f 57/69/54 98/131/88 59/70/54
f 98/133/89 61/72/56 59/70/56
f 99/136/91 63/135/90 61/72/90
f 69/83/62 105/142/98 70/1118/62
f 71/86/63 107/144/99 72/1119/63
f 107/146/100 73/88/64 72/85/64
f 108/148/101 74/90/65 73/88/65
f 74/90/66 110/150/102 75/92/66
f 110/152/103 76/94/67 75/92/67
f 111/153/104 77/154/68 76/94/68
f 77/96/69 113/156/105 78/1120/69
f 78/97/70 114/157/106 79/1121/70
f 114/157/107 80/158/71 79/98/71
f 115/160/108 81/102/72 80/100/72
f 116/162/109 82/104/73 81/102/73
f 117/164/110 83/106/74 82/104/74
f 118/165/111 84/166/75 83/106/75
f 119/167/112 85/168/76 84/107/76
f 85/108/77 121/170/113 86/1122/77
f 121/170/114 87/171/78 86/110/78
f 122/172/115 88/173/79 87/112/79
f 123/174/116 89/175/80 88/114/80
f 89/116/81 125/177/117 90/117/81
f 90/117/82 126/179/118 91/119/82
f 91/119/83 127/181/119 92/122/83
f 92/122/84 128/183/120 93/123/84
f 128/185/121 94/126/85 93/123/85
f 129/186/122 95/187/86 94/126/86
f 131/189/123 97/128/87 96/1123/87
f 97/128/88 133/191/124 98/131/88
f 133/193/125 99/134/89 98/131/89
f 138/198/129 105/197/98 104/143/98
f 345/1124/51 344/1125/51 380/1126/51
f 4/1127/51 517/1128/51 516/1129/51
f 4/1127/51 6/1130/51 517/1128/51
f 3/1131/51 6/1130/51 4/1127/51
f 3/1131/51 5/1132/51 6/1130/51
f 70/1133/51 5/1132/51 3/1131/51
f 70/1133/51 71/1134/51 5/1132/51
f 105/142/51 71/1134/51 70/1133/51
f 105/142/51 106/1135/51 71/1134/51
f 139/199/51 106/1135/51 105/142/51
f 139/199/51 140/204/51 106/1135/51
f 172/1136/51 140/204/51 139/199/51
f 172/1136/51 173/1137/51 140/204/51
f 207/201/51 173/1137/51 172/1136/51
f 207/201/51 208/1138/51 173/1137/51
f 345/1124/51 309/1139/51 344/1125/51
f 310/1140/51 309/1139/51 345/1124/51
f 310/1140/51 276/1141/51 309/1139/51
f 277/1142/51 276/1141/51 310/1140/51
f 277/1142/51 242/202/51 276/1141/51
f 243/200/51 242/202/51 277/1142/51
f 207/201/51 243/200/51 208/1138/51
f 106/145/99 141/203/130 107/1143/99
f 141/205/131 108/147/100 107/144/100
f 108/147/101 143/207/132 109/149/101
f 143/209/133 110/150/102 109/149/102
f 110/150/103 145/211/135 111/153/103
f 145/211/136 112/213/104 111/153/104
f 146/214/137 113/215/105 112/155/105
f 147/216/138 114/217/106 113/156/106
f 148/218/139 115/219/107 114/157/107
f 149/221/140 116/161/108 115/159/108
f 116/161/109 151/223/141 117/163/109
f 151/225/142 118/165/110 117/163/110
f 118/165/111 153/227/143 119/1144/111
f 119/167/112 154/228/144 120/1145/112
f 154/228/145 121/229/113 120/169/113
f 155/230/146 122/231/114 121/170/114
f 156/232/147 123/233/115 122/172/115
f 157/234/148 124/235/116 123/174/116
f 124/176/117 159/237/149 125/177/117
f 159/239/150 126/179/118 125/177/118
f 126/179/119 161/241/151 127/181/119
f 161/243/152 128/183/120 127/181/120
f 128/183/121 163/245/153 129/186/121
f 129/186/122 164/247/154 130/1146/122
f 165/248/155 132/190/123 131/1147/123
f 132/190/124 167/250/156 133/191/124
f 133/191/125 168/252/157 134/194/125
f 171/257/159 139/256/129 138/198/129
f 173/260/160 141/259/130 140/204/130
f 174/262/161 142/206/131 141/203/131
f 175/264/162 143/207/132 142/206/132
f 143/207/133 177/266/163 144/210/134
f 177/268/164 145/211/135 144/210/135
f 178/269/165 146/270/136 145/211/136
f 179/271/166 147/272/137 146/214/137
f 147/216/138 181/274/167 148/1148/138
f 181/274/168 149/275/139 148/218/139
f 182/277/169 150/222/140 149/220/140
f 183/279/170 151/223/141 150/222/141
f 151/223/142 185/281/171 152/226/142
f 185/281/172 153/283/143 152/226/143
f 186/284/173 154/285/144 153/227/144
f 187/286/174 155/287/145 154/228/145
f 188/288/175 156/289/146 155/230/146
f 156/232/147 190/291/176 157/1149/147
f 190/291/177 158/292/148 157/234/148
f 158/236/149 192/294/178 159/237/149
f 192/296/179 160/240/150 159/237/150
f 160/240/151 194/298/180 161/241/151
f 161/241/152 195/300/181 162/244/152
f 195/302/182 163/245/153 162/244/153
f 196/303/183 164/304/154 163/245/154
f 198/306/184 166/249/155 165/1150/155
f 166/249/156 200/308/185 167/250/156
f 167/250/157 201/310/186 168/252/157
f 206/315/189 172/314/159 171/257/159
f 173/260/160 209/317/190 174/1151/160
f 209/319/191 175/263/161 174/261/161
f 210/321/192 176/265/162 175/263/162
f 211/323/193 177/266/163 176/265/163
f 177/266/164 213/325/194 178/269/164
f 178/269/165 214/327/195 179/1152/165
f 214/327/196 180/328/166 179/271/166
f 180/273/167 216/330/197 181/1153/167
f 216/330/198 182/331/168 181/274/168
f 217/333/199 183/278/169 182/276/169
f 183/278/170 219/335/200 184/280/170
f 219/337/201 185/281/171 184/280/171
f 185/281/172 221/339/202 186/1154/172
f 186/284/173 222/340/203 187/1155/173
f 222/340/204 188/341/174 187/286/174
f 223/342/205 189/343/175 188/288/175
f 224/344/206 190/345/176 189/290/176
f 225/346/207 191/347/177 190/291/177
f 191/293/178 227/349/208 192/294/178
f 192/294/179 228/351/209 193/297/179
f 228/353/210 194/298/180 193/297/180
f 229/355/211 195/300/181 194/298/181
f 195/300/182 231/357/212 196/303/182
f 231/357/213 197/359/183 196/303/183
f 233/361/215 199/307/184 198/1156/184
f 234/363/216 200/308/185 199/307/185
f 235/365/217 201/310/186 200/308/186
f 236/368/219 202/367/218 201/310/218
f 241/375/225 207/374/189 206/315/189
f 208/318/190 244/377/226 209/1157/190
f 209/317/191 245/379/227 210/320/191
f 245/381/228 211/322/192 210/320/192
f 246/383/229 212/324/193 211/322/193
f 247/385/230 213/325/194 212/324/194
f 248/386/231 214/387/195 213/325/195
f 214/327/196 250/389/232 215/1158/196
f 215/329/197 251/390/233 216/1159/197
f 216/330/198 252/391/234 217/1160/198
f 217/332/199 253/392/235 218/334/199
f 253/394/236 219/335/200 218/334/200
f 219/335/201 255/396/237 220/338/201
f 255/396/238 221/398/202 220/338/202
f 221/339/203 257/400/239 222/1161/203
f 257/400/240 223/401/204 222/340/204
f 258/402/241 224/403/205 223/342/205
f 259/404/242 225/405/206 224/344/206
f 260/406/243 226/407/207 225/346/207
f 261/409/244 227/349/208 226/348/208
f 262/411/245 228/351/209 227/349/209
f 228/351/210 264/413/246 229/354/210
f 229/354/211 265/415/247 230/356/211
f 230/356/212 266/417/248 231/357/212
f 266/417/249 232/419/214 231/357/213
f 268/421/250 234/362/215 233/1162/215
f 234/362/216 270/423/251 235/364/216
f 235/364/217 271/425/252 236/366/217
f 241/375/225 276/429/256 242/1163/225
f 277/432/257 244/431/226 243/378/226
f 278/434/258 245/379/227 244/377/227
f 245/379/228 280/436/259 246/382/228
f 280/438/260 247/384/229 246/382/229
f 281/440/261 248/386/230 247/384/230
f 248/386/231 283/442/262 249/1164/231
f 283/442/263 250/443/232 249/388/232
f 250/389/233 285/445/264 251/1165/233
f 285/445/265 252/446/234 251/390/234
f 252/391/235 287/448/266 253/392/235
f 253/392/236 288/450/267 254/395/236
f 288/452/268 255/396/237 254/395/237
f 255/396/238 290/454/269 256/1166/238
f 290/454/270 257/455/239 256/399/239
f 291/456/271 258/457/240 257/400/240
f 292/458/272 259/459/241 258/402/241
f 293/460/273 260/461/242 259/404/242
f 260/406/243 295/463/274 261/1167/243
f 261/408/244 296/464/275 262/410/244
f 262/410/245 297/466/276 263/412/245
f 263/412/246 298/468/277 264/413/246
f 298/470/278 265/415/247 264/413/247
f 299/472/279 266/417/248 265/415/248
f 266/417/249 301/474/280 267/1168/249
f 268/476/250 303/475/281 269/422/250
f 303/478/282 270/423/251 269/422/251
f 304/480/283 271/425/252 270/423/252
f 275/430/256 309/484/286 276/1169/256
f 277/432/257 311/486/287 278/1170/257
f 278/433/258 312/488/288 279/435/258
f 279/435/259 313/490/289 280/436/259
f 313/492/290 281/439/260 280/436/260
f 281/439/261 315/494/291 282/441/261
f 315/494/292 283/496/262 282/441/262
f 283/442/263 317/498/293 284/1171/263
f 317/498/294 285/499/264 284/444/264
f 318/500/295 286/501/265 285/445/265
f 286/447/266 320/503/296 287/448/266
f 320/505/297 288/450/267 287/448/267
f 288/450/268 322/507/298 289/453/268
f 322/507/299 290/509/269 289/453/269
f 290/454/270 324/511/300 291/1172/270
f 324/511/301 292/512/271 291/456/271
f 325/513/302 293/514/272 292/458/272
f 326/515/303 294/516/273 293/460/273
f 294/462/274 328/518/304 295/1173/274
f 295/463/275 329/519/305 296/464/275
f 296/464/276 330/521/306 297/466/276
f 297/466/277 331/523/307 298/468/277
f 298/468/278 332/525/308 299/471/278
f 332/527/309 300/473/279 299/471/279
f 300/473/280 334/529/310 301/1174/280
f 335/530/311 303/475/281 302/1175/281
f 303/475/282 337/532/312 304/479/282
f 337/534/313 305/481/283 304/479/283
f 343/539/315 309/538/286 308/485/286
f 345/542/316 311/541/287 310/487/287
f 311/486/288 347/544/317 312/488/288
f 347/546/318 313/490/289 312/488/289
f 348/548/319 314/493/290 313/490/290
f 349/550/320 315/494/291 314/493/291
f 350/551/321 316/552/292 315/494/292
f 316/497/293 352/554/322 317/1176/293
f 352/554/323 318/555/294 317/498/294
f 318/500/295 354/557/324 319/1177/295
f 354/558/325 320/503/296 319/502/296
f 355/560/326 321/506/297 320/503/297
f 356/562/327 322/507/298 321/506/298
f 322/507/299 358/564/328 323/1178/299
f 358/564/329 324/565/300 323/510/300
f 359/566/330 325/567/301 324/511/301
f 360/568/331 326/569/302 325/513/302
f 361/570/332 327/571/303 326/515/303
f 362/572/333 328/573/304 327/517/304
f 363/575/334 329/519/305 328/518/305
f 364/577/335 330/521/306 329/519/306
f 365/579/336 331/523/307 330/521/307
f 331/523/308 367/581/337 332/525/308
f 332/525/309 368/583/338 333/528/309
f 368/583/339 334/585/310 333/528/310
f 370/587/340 336/531/311 335/1179/311
f 371/589/341 337/532/312 336/531/312
f 337/532/313 373/591/342 338/535/313
f 338/535/344 374/593/343 339/1180/344
f 378/600/350 344/599/315 343/539/315
f 379/601/51 380/606/51 344/540/51
f 517/1181/51 481/1182/51 516/1183/51
f 482/1184/51 481/1182/51 517/1181/51
f 413/603/51 380/606/51 379/601/51
f 413/603/51 414/1185/51 380/606/51
f 482/1184/51 446/604/51 481/1182/51
f 447/602/51 446/604/51 482/1184/51
f 413/603/51 447/602/51 414/1185/51
f 380/606/351 346/605/316 345/542/316
f 346/543/317 382/608/352 347/544/317
f 382/610/353 348/547/318 347/544/318
f 383/612/354 349/549/319 348/547/319
f 384/614/355 350/551/320 349/549/320
f 385/615/356 351/616/321 350/551/321
f 386/617/357 352/618/322 351/553/322
f 352/554/323 388/620/358 353/1186/323
f 388/620/359 354/621/324 353/556/324
f 389/623/360 355/559/325 354/557/325
f 355/559/326 391/625/361 356/561/326
f 356/561/327 392/627/362 357/563/327
f 357/563/328 393/629/363 358/1187/328
f 358/564/329 394/630/364 359/1188/329
f 394/630/365 360/631/330 359/566/330
f 395/632/366 361/633/331 360/568/331
f 396/634/367 362/635/332 361/570/332
f 397/636/368 363/637/333 362/572/333
f 398/639/369 364/576/334 363/574/334
f 364/576/335 400/641/370 365/578/335
f 365/578/336 401/643/371 366/580/336
f 401/645/372 367/581/337 366/580/337
f 402/647/373 368/583/338 367/581/338
f 403/648/374 369/649/339 368/583/339
f 405/651/375 371/588/340 370/1189/340
f 371/588/341 407/653/376 372/590/341
f 372/590/342 408/655/377 373/591/342
f 374/593/343 559/1190/517 409/954/379
f 373/591/343 559/1190/517 374/593/343
f 373/591/343 557/657/378 559/1190/517
f 408/658/379 557/657/378 373/591/343
f 412/663/383 379/662/350 378/600/350
f 380/606/351 415/665/384 381/1191/351
f 381/607/352 416/667/385 382/608/352
f 416/669/386 383/611/353 382/608/353
f 383/611/354 418/671/387 384/613/354
f 418/673/388 385/615/355 384/613/355
f 419/674/389 386/675/356 385/615/356
f 420/676/390 387/677/357 386/617/357
f 387/619/358 422/679/391 388/1192/358
f 422/679/392 389/680/359 388/620/359
f 423/682/393 390/624/360 389/622/360
f 424/684/394 391/625/361 390/624/361
f 391/625/362 426/686/395 392/627/362
f 426/686/396 393/688/363 392/627/363
f 427/689/397 394/690/364 393/629/364
f 428/691/398 395/692/365 394/630/365
f 429/693/399 396/694/366 395/632/366
f 396/634/367 431/696/400 397/1193/367
f 431/696/401 398/697/368 397/636/368
f 398/638/369 433/699/402 399/640/369
f 399/640/370 434/701/403 400/641/370
f 434/703/404 401/643/371 400/641/371
f 401/643/372 436/705/405 402/646/372
f 436/707/406 403/648/373 402/646/373
f 437/708/407 404/709/374 403/648/374
f 405/712/375 440/711/408 406/652/375
f 406/652/376 441/714/409 407/653/376
f 441/716/410 408/655/377 407/653/377
f 445/721/412 413/720/383 412/663/383
f 414/666/384 448/723/413 415/1194/384
f 415/665/385 449/725/414 416/667/385
f 449/727/415 417/670/386 416/667/386
f 450/729/416 418/671/387 417/670/387
f 451/731/417 419/674/388 418/671/388
f 452/732/418 420/733/389 419/674/389
f 420/676/390 454/735/419 421/1195/390
f 454/735/420 422/736/391 421/678/391
f 455/737/421 423/738/392 422/679/392
f 456/740/422 424/683/393 423/681/393
f 424/683/394 458/742/423 425/685/394
f 425/685/395 459/744/424 426/686/395
f 459/744/425 427/746/396 426/686/396
f 427/689/397 461/748/426 428/1196/397
f 461/748/427 429/749/398 428/691/398
f 462/750/428 430/751/399 429/693/399
f 463/752/429 431/753/400 430/695/400
f 464/754/430 432/755/401 431/696/401
f 432/698/402 466/757/431 433/699/402
f 466/759/432 434/701/403 433/699/403
f 434/701/404 468/761/433 435/704/404
f 435/704/405 469/763/435 436/705/405
f 436/705/406 470/765/436 437/708/406
f 437/708/407 471/767/437 438/1197/407
f 472/768/438 440/711/408 439/1198/408
f 440/711/409 474/770/439 441/714/409
f 441/714/410 475/772/440 442/717/410
f 445/721/412 481/776/443 446/1199/412
f 447/724/413 483/778/444 448/1200/413
f 483/780/445 449/725/414 448/723/414
f 484/782/446 450/728/415 449/725/415
f 450/728/416 486/784/447 451/730/416
f 486/786/448 452/732/417 451/730/417
f 487/787/449 453/788/418 452/732/418
f 453/734/419 489/790/450 454/1201/419
f 489/790/451 455/791/420 454/735/420
f 455/737/421 491/793/452 456/1202/421
f 491/794/453 457/741/422 456/739/422
f 457/741/423 493/796/454 458/742/423
f 493/798/455 459/744/424 458/742/424
f 494/799/456 460/800/425 459/744/425
f 460/747/426 496/802/457 461/1203/426
f 496/802/458 462/803/427 461/748/427
f 497/804/459 463/805/428 462/750/428
f 498/806/460 464/807/429 463/752/429
f 499/808/461 465/809/430 464/754/430
f 500/811/462 466/757/431 465/756/431
f 501/813/463 467/760/432 466/757/432
f 467/760/434 503/815/464 468/761/433
f 468/761/435 504/817/465 469/763/435
f 504/819/466 470/765/436 469/763/436
f 505/820/467 471/821/437 470/765/437
f 507/823/468 473/769/438 472/1204/438
f 473/769/439 509/825/469 474/770/439
f 509/827/470 475/772/440 474/770/440
f 475/772/472 511/829/471 476/1205/472
f 515/836/478 481/835/443 480/777/443
f 517/839/479 483/838/444 482/779/444
f 518/841/480 484/781/445 483/778/445
f 519/843/481 485/783/446 484/781/446
f 520/845/482 486/784/447 485/783/447
f 521/847/483 487/787/448 486/784/448
f 487/787/449 523/849/484 488/1206/449
f 488/789/450 524/850/485 489/1207/450
f 489/790/451 525/851/486 490/1208/451
f 525/851/487 491/852/452 490/792/452
f 526/854/488 492/795/453 491/793/453
f 527/856/489 493/796/454 492/795/454
f 528/858/490 494/799/455 493/796/455
f 494/799/456 530/860/491 495/1209/456
f 530/860/492 496/861/457 495/801/457
f 531/862/493 497/863/458 496/802/458
f 532/864/494 498/865/459 497/804/459
f 533/866/495 499/867/460 498/806/460
f 534/868/496 500/869/461 499/808/461
f 500/810/462 536/871/497 501/812/462
f 501/812/463 537/873/498 502/814/463
f 537/875/499 503/815/464 502/814/464
f 538/877/500 504/817/465 503/815/465
f 539/879/501 505/820/466 504/817/466
f 505/820/467 541/881/502 506/1210/467
f 542/882/503 508/824/468 507/1211/468
f 508/824/469 544/884/504 509/825/469
f 544/886/505 510/828/470 509/825/470
f 2/891/1 516/890/478 515/836/478
f 517/839/479 8/893/4 518/1212/479
f 8/895/5 519/842/480 518/840/480
f 10/897/7 520/844/481 519/842/481
f 12/899/9 521/846/482 520/844/482
f 14/901/11 522/848/483 521/846/483
f 16/902/13 523/903/484 522/848/484
f 18/904/15 524/905/485 523/849/485
f 20/906/17 525/907/486 524/850/486
f 525/851/487 24/909/20 526/1213/487
f 24/910/21 527/855/488 526/853/488
f 26/912/23 528/857/489 527/855/489
f 28/914/25 529/859/490 528/857/490
f 30/915/27 530/916/491 529/859/491
f 530/860/492 34/918/30 531/1214/492
f 34/918/31 532/919/493 531/862/493
f 36/920/33 533/921/494 532/864/494
f 38/922/35 534/923/495 533/866/495
f 40/924/37 535/925/496 534/868/496
f 535/870/497 44/927/40 536/871/497
f 44/929/41 537/873/498 536/871/498
f 537/873/499 48/931/44 538/876/499
f 538/876/500 50/933/46 539/878/500
f 539/878/501 52/935/48 540/880/501
f 52/935/49 541/937/502 540/880/502
f 56/939/52 543/883/503 542/1215/503
f 543/883/504 60/941/55 544/884/504
f 544/884/505 62/943/57 545/887/505
f 556/947/379 442/717/509 549/1216/509
f 410/660/380 553/948/510 443/719/512
f 443/719/512 558/951/514 478/775/475
f 555/952/515 375/597/348 560/1217/515
f 555/952/515 410/660/380 375/597/348
f 550/956/518 478/775/475 558/951/514
f 477/831/473 550/956/518 563/1218/518
f 551/957/519 476/1205/472 562/1219/519
f 551/957/519 475/958/472 476/1205/472
f 442/717/509 551/957/519 549/1216/509
f 557/961/51 554/1220/51 555/1221/51
f 558/1222/51 551/1223/51 550/1224/51
f 557/961/51 553/960/51 554/1220/51
f 552/1225/51 551/1223/51 558/1222/51
f 552/1225/51 549/1226/51 551/1223/51
f 552/1225/51 556/959/51 549/1226/51
f 553/960/51 556/959/51 552/1225/51
f 563/963/520 551/962/520 562/1227/520
f 559/1228/521 560/965/521 561/1229/521
f 557/966/521 560/965/521 559/1228/521
f 306/483/524 569/970/525 341/537/347
f 305/972/527 571/971/526 271/425/526
f 273/427/253 566/968/522 306/483/524
f 237/369/219 576/1230/530 272/980/526
f 236/366/219 576/1230/530 237/369/219
f 236/366/219 570/975/529 576/1230/530
f 271/976/526 570/975/529 236/366/219
f 573/981/532 238/372/223 574/1231/532
f 573/981/532 273/427/253 238/372/223
f 339/1232/51 578/1233/51 577/1234/51
f 339/1232/51 340/1235/51 578/1233/51
f 339/1232/51 375/1236/51 340/1235/51
f 374/1237/51 375/1236/51 339/1232/51
f 374/1237/51 560/982/51 375/1236/51
f 409/983/51 560/982/51 374/1237/51
f 567/985/533 339/1180/344 577/1238/533
f 567/985/533 338/986/344 339/1180/344
f 305/481/527 567/985/533 564/1239/527
f 568/987/534 341/537/347 569/970/525
f 340/595/345 568/987/534 578/1240/534
f 567/989/535 578/988/535 568/1241/535
f 570/993/51 572/1242/51 573/1243/51
f 569/1244/51 567/1245/51 568/1246/51
f 570/993/51 566/992/51 572/1242/51
f 565/1247/51 567/1245/51 569/1244/51
f 565/1247/51 564/1248/51 567/1245/51
f 565/1247/51 571/991/51 564/1248/51
f 566/992/51 571/991/51 565/1247/51
f 576/1249/536 574/994/536 575/1250/536
f 570/995/536 574/994/536 576/1249/536
f 169/255/538 579/997/537 204/313/222
f 136/195/126 583/999/540 169/255/538
f 168/1002/543 581/1001/542 134/194/542
f 202/1251/51 590/1252/51 589/1253/51
f 202/1251/51 203/1254/51 590/1252/51
f 202/1251/51 238/1255/51 203/1254/51
f 237/1256/51 238/1255/51 202/1251/51
f 237/1256/51 574/1004/51 238/1255/51
f 272/1005/411 574/1004/51 237/1256/51
f 587/1007/546 202/367/218 589/1257/546
f 587/1007/546 201/1008/218 202/367/218
f 168/252/543 587/1007/546 586/1258/544
f 588/1009/547 204/313/222 579/997/537
f 203/370/220 588/1009/547 590/1259/547
f 100/137/91 591/1260/550 135/1014/542
f 99/134/91 591/1260/550 100/137/91
f 99/134/91 580/1010/548 591/1260/550
f 134/1011/542 580/1010/548 99/134/91
f 585/1016/551 101/140/95 592/1261/551
f 585/1016/551 136/195/126 101/140/95
f 591/1262/552 592/1017/552 593/1263/552
f 580/1018/552 592/1017/552 591/1262/552
f 580/1022/51 584/1264/51 585/1265/51
f 579/1266/51 587/1267/51 588/1268/51
f 580/1022/51 583/1021/51 584/1264/51
f 582/1269/51 587/1267/51 579/1266/51
f 582/1269/51 586/1270/51 587/1267/51
f 582/1269/51 581/1020/51 586/1270/51
f 583/1021/51 581/1020/51 582/1269/51
f 590/1024/553 587/1023/553 589/1271/553
f 547/888/506 603/1026/554 66/946/556
f 66/75/556 599/1029/558 65/78/94
f 545/887/560 600/1031/559 595/1272/560
f 63/135/51 605/1273/51 604/1274/51
f 63/135/51 64/138/51 605/1273/51
f 63/135/51 101/1275/51 64/138/51
f 100/1276/51 101/1275/51 63/135/51
f 100/1276/51 592/1033/51 101/1275/51
f 135/1034/51 592/1033/51 100/1276/51
f 598/1036/562 65/78/94 599/1029/558
f 64/138/92 598/1036/562 605/1277/562
f 601/1037/563 63/135/90 604/1274/563
f 601/1037/563 61/1039/90 63/135/90
f 62/1038/561 601/1037/563 600/1278/559
f 476/1279/51 563/1280/51 562/1281/51
f 476/1279/51 477/1282/51 563/1280/51
f 476/1279/51 512/1283/51 477/1282/51
f 511/1284/51 512/1283/51 476/1279/51
f 511/1284/51 606/1040/51 512/1283/51
f 546/1041/564 606/1040/51 511/1284/51
f 511/829/471 608/1285/567 546/1049/560
f 510/828/471 608/1285/567 511/829/471
f 510/828/471 594/1043/565 608/1285/567
f 545/1044/560 594/1043/565 510/828/471
f 597/1046/566 512/833/476 606/1286/566
f 597/1046/566 547/888/506 512/833/476
f 601/1051/569 605/1050/569 598/1287/569
f 594/1055/51 596/1288/51 597/1289/51
f 599/1290/51 601/1291/51 598/1292/51
f 594/1055/51 603/1054/51 596/1288/51
f 602/1293/51 601/1291/51 599/1290/51
f 602/1293/51 600/1294/51 601/1291/51
f 602/1293/51 595/1053/51 600/1294/51
f 603/1054/51 595/1053/51 602/1293/51
f 608/1295/570 606/1056/570 607/1296/570
f 594/1057/570 606/1056/570 608/1295/570
